% program   : RTKPOST-QT ver.2.4.3 Emlid b28
% inp file  : /media/renato/OPERATION/Research/In preparation/ION ITM 2021/data/darw3470.14o
% inp file  : /media/renato/OPERATION/Research/In preparation/ION ITM 2021/data/brdc3470.14n
% obs start : 2014/12/13 00:00:00.0 GPST (week1822 518400.0s)
% obs end   : 2014/12/13 23:59:30.0 GPST (week1822 604770.0s)
%
% (lat/lon/height=WGS84/ellipsoidal,Q=1:fix,2:float,3:sbas,4:dgps,5:single,6:ppp,ns=# of satellites)
%  GPST                  latitude(deg) longitude(deg)  height(m)   Q  ns   sdn(m)   sde(m)   sdu(m)  sdne(m)  sdeu(m)  sdun(m) age(s)  ratio
2014/12/13 00:00:00.000  -12.843706386  131.132734036   121.6423   5   9   4.0733   3.9181   8.4796  -1.5303   1.7278  -3.3846   0.00    0.0
2014/12/13 00:00:30.000  -12.843705599  131.132734797   121.7263   5   9   4.0776   3.9212   8.4863  -1.5455   1.7646  -3.3939   0.00    0.0
2014/12/13 00:01:00.000  -12.843706045  131.132735693   122.2045   5   9   4.0818   3.9243   8.4932  -1.5606   1.8006  -3.4029   0.00    0.0
2014/12/13 00:01:30.000  -12.843706381  131.132734848   122.0776   5   9   4.0857   3.9276   8.5002  -1.5755   1.8359  -3.4116   0.00    0.0
2014/12/13 00:02:00.000  -12.843707074  131.132732584   121.5448   5   9   4.0896   3.9309   8.5074  -1.5903   1.8706  -3.4199   0.00    0.0
2014/12/13 00:02:30.000  -12.843707562  131.132731998   121.2439   5   9   4.0932   3.9344   8.5147  -1.6049   1.9046  -3.4279   0.00    0.0
2014/12/13 00:03:00.000  -12.843706577  131.132733723   121.5332   5   9   4.0967   3.9379   8.5221  -1.6194   1.9380  -3.4355   0.00    0.0
2014/12/13 00:03:30.000  -12.843706213  131.132733826   121.8242   5   9   4.1001   3.9415   8.5298  -1.6337   1.9708  -3.4427   0.00    0.0
2014/12/13 00:04:00.000  -12.843706510  131.132733132   122.0229   5   9   4.1032   3.9451   8.5375  -1.6479   2.0031  -3.4497   0.00    0.0
2014/12/13 00:04:30.000  -12.843708119  131.132730831   121.9054   5   9   4.1062   3.9489   8.5454  -1.6619   2.0348  -3.4562   0.00    0.0
2014/12/13 00:05:00.000  -12.843708327  131.132731568   122.0813   5   9   4.1091   3.9527   8.5535  -1.6757   2.0661  -3.4625   0.00    0.0
2014/12/13 00:05:30.000  -12.843707636  131.132732436   122.0171   5   9   4.1117   3.9566   8.5617  -1.6893   2.0968  -3.4683   0.00    0.0
2014/12/13 00:06:00.000  -12.843706805  131.132732767   121.7802   5   9   4.1142   3.9606   8.5701  -1.7028   2.1271  -3.4739   0.00    0.0
2014/12/13 00:06:30.000  -12.843706004  131.132734024   121.7682   5   9   4.1165   3.9647   8.5786  -1.7161   2.1569  -3.4790   0.00    0.0
2014/12/13 00:07:00.000  -12.843704773  131.132734248   121.7148   5   9   4.1186   3.9688   8.5873  -1.7292   2.1863  -3.4838   0.00    0.0
2014/12/13 00:07:30.000  -12.843704238  131.132733865   121.5572   5   9   4.1205   3.9730   8.5961  -1.7422   2.2153  -3.4883   0.00    0.0
2014/12/13 00:08:00.000  -12.843704819  131.132732879   121.6222   5   9   4.1223   3.9773   8.6051  -1.7549   2.2439  -3.4924   0.00    0.0
2014/12/13 00:08:30.000  -12.843706165  131.132732924   121.7541   5   9   4.1238   3.9816   8.6143  -1.7675   2.2721  -3.4962   0.00    0.0
2014/12/13 00:09:00.000  -12.843707449  131.132733798   121.8328   5   9   4.1252   3.9860   8.6236  -1.7799   2.2999  -3.4996   0.00    0.0
2014/12/13 00:09:30.000  -12.843708031  131.132733596   121.7139   5   9   4.1264   3.9905   8.6331  -1.7920   2.3274  -3.5026   0.00    0.0
2014/12/13 00:10:00.000  -12.843707340  131.132733294   121.5658   5   9   4.1274   3.9951   8.6428  -1.8040   2.3545  -3.5053   0.00    0.0
2014/12/13 00:10:30.000  -12.843706747  131.132733319   121.5893   5   9   4.1282   3.9997   8.6526  -1.8158   2.3812  -3.5077   0.00    0.0
2014/12/13 00:11:00.000  -12.843706200  131.132733190   121.9734   5   9   4.1288   4.0043   8.6627  -1.8274   2.4076  -3.5097   0.00    0.0
2014/12/13 00:11:30.000  -12.843705851  131.132733197   122.1355   5   9   4.1292   4.0091   8.6729  -1.8388   2.4337  -3.5113   0.00    0.0
2014/12/13 00:12:00.000  -12.843705433  131.132733326   121.7319   5   9   4.1295   4.0139   8.6833  -1.8500   2.4595  -3.5126   0.00    0.0
2014/12/13 00:12:30.000  -12.843705367  131.132734411   121.7268   5   9   4.1295   4.0187   8.6938  -1.8609   2.4850  -3.5135   0.00    0.0
2014/12/13 00:13:00.000  -12.843704843  131.132734661   121.9409   5   9   4.1294   4.0237   8.7046  -1.8717   2.5101  -3.5141   0.00    0.0
2014/12/13 00:13:30.000  -12.843705110  131.132733356   121.7566   5   9   4.1291   4.0286   8.7155  -1.8822   2.5350  -3.5143   0.00    0.0
2014/12/13 00:14:00.000  -12.843705275  131.132732925   121.8219   5   9   4.1285   4.0337   8.7267  -1.8926   2.5596  -3.5142   0.00    0.0
2014/12/13 00:14:30.000  -12.843705286  131.132732276   121.6128   5   9   4.1278   4.0387   8.7380  -1.9027   2.5839  -3.5137   0.00    0.0
2014/12/13 00:15:00.000  -12.843704891  131.132732717   121.4712   5   9   4.1269   4.0439   8.7496  -1.9126   2.6080  -3.5129   0.00    0.0
2014/12/13 00:15:30.000  -12.843704290  131.132732975   121.3822   5   9   4.1259   4.0491   8.7614  -1.9223   2.6318  -3.5117   0.00    0.0
2014/12/13 00:16:00.000  -12.843703626  131.132733400   121.4988   5   9   4.1246   4.0543   8.7733  -1.9318   2.6553  -3.5102   0.00    0.0
2014/12/13 00:16:30.000  -12.843702822  131.132733645   121.3883   5   9   4.1231   4.0596   8.7855  -1.9411   2.6786  -3.5083   0.00    0.0
2014/12/13 00:17:00.000  -12.843702769  131.132732548   121.3325   5   9   4.1215   4.0649   8.7979  -1.9501   2.7016  -3.5060   0.00    0.0
2014/12/13 00:17:30.000  -12.843702855  131.132732607   121.6432   5   9   4.1197   4.0703   8.8106  -1.9589   2.7245  -3.5034   0.00    0.0
2014/12/13 00:18:00.000  -12.843702973  131.132732358   121.5442   5   9   4.1177   4.0757   8.8234  -1.9675   2.7470  -3.5005   0.00    0.0
2014/12/13 00:18:30.000  -12.843703518  131.132732750   121.6898   5   9   4.1155   4.0811   8.8365  -1.9759   2.7694  -3.4972   0.00    0.0
2014/12/13 00:19:00.000  -12.843704895  131.132732614   121.8530   5   9   4.1132   4.0866   8.8498  -1.9840   2.7916  -3.4936   0.00    0.0
2014/12/13 00:19:30.000  -12.843706429  131.132733054   122.1762   5   9   4.1107   4.0921   8.8634  -1.9920   2.8135  -3.4896   0.00    0.0
2014/12/13 00:20:00.000  -12.843705637  131.132731681   122.0184   5   9   4.1080   4.0977   8.8772  -1.9997   2.8352  -3.4852   0.00    0.0
2014/12/13 00:20:30.000  -12.843705125  131.132731619   122.1260   5   9   4.1051   4.1033   8.8913  -2.0071   2.8568  -3.4805   0.00    0.0
2014/12/13 00:21:00.000  -12.843704661  131.132731888   121.8621   5   9   4.1021   4.1089   8.9056  -2.0144   2.8781  -3.4755   0.00    0.0
2014/12/13 00:21:30.000  -12.843704644  131.132732635   121.8008   5   9   4.0989   4.1146   8.9202  -2.0214   2.8993  -3.4701   0.00    0.0
2014/12/13 00:22:00.000  -12.843704539  131.132732551   121.6566   5   9   4.0955   4.1203   8.9351  -2.0281   2.9202  -3.4644   0.00    0.0
2014/12/13 00:22:30.000  -12.843704191  131.132732997   121.8387   5   9   4.0920   4.1260   8.9502  -2.0347   2.9410  -3.4584   0.00    0.0
2014/12/13 00:23:00.000  -12.843703311  131.132733835   122.0056   5   9   4.0883   4.1318   8.9656  -2.0410   2.9616  -3.4519   0.00    0.0
2014/12/13 00:23:30.000  -12.843703520  131.132733086   122.2054   5   9   4.0845   4.1376   8.9813  -2.0471   2.9821  -3.4452   0.00    0.0
2014/12/13 00:24:00.000  -12.843704502  131.132733014   122.2966   5   9   4.0805   4.1434   8.9973  -2.0530   3.0024  -3.4381   0.00    0.0
2014/12/13 00:24:30.000  -12.843704773  131.132733348   122.4758   5   9   4.0764   4.1492   9.0136  -2.0586   3.0225  -3.4306   0.00    0.0
2014/12/13 00:25:00.000  -12.843704745  131.132732998   122.4384   5   9   4.0721   4.1551   9.0302  -2.0640   3.0425  -3.4229   0.00    0.0
2014/12/13 00:25:30.000  -12.843704829  131.132732972   122.2689   5   9   4.0677   4.1610   9.0471  -2.0692   3.0624  -3.4147   0.00    0.0
2014/12/13 00:26:00.000  -12.843705319  131.132732267   121.9667   5   9   4.0632   4.1669   9.0643  -2.0741   3.0821  -3.4063   0.00    0.0
2014/12/13 00:26:30.000  -12.843704534  131.132732536   122.0793   5   9   4.0585   4.1728   9.0818  -2.0788   3.1016  -3.3974   0.00    0.0
2014/12/13 00:27:00.000  -12.843704605  131.132732192   122.1756   5   9   4.0537   4.1788   9.0996  -2.0833   3.1210  -3.3883   0.00    0.0
2014/12/13 00:27:30.000  -12.843705454  131.132731421   122.2010   5   9   4.0487   4.1847   9.1178  -2.0875   3.1404  -3.3788   0.00    0.0
2014/12/13 00:28:00.000  -12.843705083  131.132732716   122.3361   5   9   4.0437   4.1907   9.1363  -2.0915   3.1595  -3.3689   0.00    0.0
2014/12/13 00:28:30.000  -12.843704579  131.132733979   122.5364   5   9   4.0385   4.1967   9.1551  -2.0953   3.1786  -3.3587   0.00    0.0
2014/12/13 00:29:00.000  -12.843704176  131.132732251   122.1114   5   9   4.0332   4.2027   9.1743  -2.0989   3.1975  -3.3481   0.00    0.0
2014/12/13 00:29:30.000  -12.843704178  131.132731142   121.9739   5   9   4.0278   4.2087   9.1939  -2.1022   3.2164  -3.3372   0.00    0.0
2014/12/13 00:30:00.000  -12.843705996  131.132731282   122.1018   5   9   4.0222   4.2148   9.2138  -2.1053   3.2351  -3.3260   0.00    0.0
2014/12/13 00:30:30.000  -12.843706797  131.132732169   122.0467   5   9   4.0166   4.2208   9.2340  -2.1081   3.2538  -3.3144   0.00    0.0
2014/12/13 00:31:00.000  -12.843706887  131.132733005   122.0651   5   9   4.0109   4.2269   9.2547  -2.1108   3.2723  -3.3024   0.00    0.0
2014/12/13 00:31:30.000  -12.843706556  131.132733833   122.3602   5   9   4.0051   4.2330   9.2757  -2.1132   3.2907  -3.2901   0.00    0.0
2014/12/13 00:32:00.000  -12.843706434  131.132733588   122.3175   5   9   3.9991   4.2390   9.2970  -2.1154   3.3091  -3.2775   0.00    0.0
2014/12/13 00:32:30.000  -12.843707320  131.132733027   122.2085   5   9   3.9931   4.2451   9.3188  -2.1173   3.3274  -3.2644   0.00    0.0
2014/12/13 00:33:00.000  -12.843706641  131.132733202   122.3299   5   9   3.9870   4.2512   9.3410  -2.1191   3.3456  -3.2510   0.00    0.0
2014/12/13 00:33:30.000  -12.843706827  131.132733745   122.5853   5   9   3.9809   4.2573   9.3635  -2.1206   3.3637  -3.2373   0.00    0.0
2014/12/13 00:34:00.000  -12.843706135  131.132732517   122.4878   5   9   3.9746   4.2634   9.3865  -2.1218   3.3818  -3.2231   0.00    0.0
2014/12/13 00:34:30.000  -12.843705588  131.132732478   122.6053   5   9   3.9683   4.2695   9.4098  -2.1229   3.3998  -3.2086   0.00    0.0
2014/12/13 00:35:00.000  -12.843705186  131.132732733   122.8059   5   9   3.9619   4.2756   9.4336  -2.1237   3.4177  -3.1938   0.00    0.0
2014/12/13 00:35:30.000  -12.843706795  131.132732534   122.9153   5   9   3.9555   4.2818   9.4578  -2.1243   3.4356  -3.1785   0.00    0.0
2014/12/13 00:36:00.000  -12.843706851  131.132732541   122.5896   5   9   3.9490   4.2879   9.4824  -2.1247   3.4534  -3.1628   0.00    0.0
2014/12/13 00:36:30.000  -12.843706638  131.132733813   122.6530   5   9   3.9424   4.2940   9.5074  -2.1248   3.4712  -3.1468   0.00    0.0
2014/12/13 00:37:00.000  -12.843705724  131.132733499   122.6238   5   9   3.9358   4.3001   9.5329  -2.1248   3.4889  -3.1303   0.00    0.0
2014/12/13 00:37:30.000  -12.843705696  131.132732016   122.7199   5   9   3.9292   4.3063   9.5588  -2.1245   3.5065  -3.1135   0.00    0.0
2014/12/13 00:38:00.000  -12.843705610  131.132731549   123.0084   5   9   3.9225   4.3124   9.5851  -2.1240   3.5242  -3.0962   0.00    0.0
2014/12/13 00:38:30.000  -12.843705994  131.132731517   123.0857   5   9   3.9157   4.3185   9.6119  -2.1232   3.5418  -3.0786   0.00    0.0
2014/12/13 00:39:00.000  -12.843706005  131.132732502   123.0480   5   9   3.9090   4.3246   9.6391  -2.1223   3.5593  -3.0605   0.00    0.0
2014/12/13 00:39:30.000  -12.843706317  131.132734216   123.0451   5   9   3.9022   4.3308   9.6668  -2.1211   3.5768  -3.0419   0.00    0.0
2014/12/13 00:40:00.000  -12.843706147  131.132734446   122.8741   5   9   3.8954   4.3369   9.6949  -2.1197   3.5943  -3.0230   0.00    0.0
2014/12/13 00:40:30.000  -12.843706465  131.132733868   122.8577   5   9   3.8885   4.3430   9.7235  -2.1180   3.6118  -3.0036   0.00    0.0
2014/12/13 00:41:00.000  -12.843705943  131.132733850   122.7815   5   9   3.8817   4.3491   9.7525  -2.1162   3.6292  -2.9837   0.00    0.0
2014/12/13 00:41:30.000  -12.843704885  131.132733428   122.6546   5   9   3.8748   4.3552   9.7820  -2.1141   3.6466  -2.9633   0.00    0.0
2014/12/13 00:42:00.000  -12.843704886  131.132733416   122.7090   5   9   3.8679   4.3613   9.8120  -2.1118   3.6640  -2.9425   0.00    0.0
2014/12/13 00:42:30.000  -12.843705536  131.132733149   122.9365   5   9   3.8610   4.3674   9.8424  -2.1093   3.6814  -2.9211   0.00    0.0
2014/12/13 00:43:00.000  -12.843706149  131.132733156   123.0215   5   9   3.8542   4.3735   9.8733  -2.1066   3.6987  -2.8993   0.00    0.0
2014/12/13 00:43:30.000  -12.843705826  131.132735400   123.2135   5   9   3.8473   4.3796   9.9047  -2.1036   3.7161  -2.8770   0.00    0.0
2014/12/13 00:44:00.000  -12.843705201  131.132736142   123.4446   5   9   3.8404   4.3857   9.9365  -2.1005   3.7334  -2.8541   0.00    0.0
2014/12/13 00:44:30.000  -12.843704895  131.132735537   123.5330   5   9   3.8336   4.3918   9.9689  -2.0971   3.7507  -2.8306   0.00    0.0
2014/12/13 00:45:00.000  -12.843705936  131.132734351   123.3563   5   9   3.8267   4.3978  10.0017  -2.0934   3.7680  -2.8066   0.00    0.0
2014/12/13 00:45:30.000  -12.843707100  131.132735257   123.4553   5   9   3.8199   4.4039  10.0349  -2.0896   3.7853  -2.7820   0.00    0.0
2014/12/13 00:46:00.000  -12.843706653  131.132734865   123.7580   5   9   3.8131   4.4099  10.0686  -2.0855   3.8026  -2.7568   0.00    0.0
2014/12/13 00:46:30.000  -12.843707129  131.132734394   123.6964   5   9   3.8064   4.4160  10.1029  -2.0813   3.8199  -2.7310   0.00    0.0
2014/12/13 00:47:00.000  -12.843706674  131.132734457   123.4941   5   9   3.7997   4.4220  10.1375  -2.0767   3.8371  -2.7045   0.00    0.0
2014/12/13 00:47:30.000  -12.843706393  131.132735047   123.5645   5   9   3.7930   4.4280  10.1727  -2.0720   3.8544  -2.6774   0.00    0.0
2014/12/13 00:48:00.000  -12.843705093  131.132734082   123.3329   5   9   3.7863   4.4340  10.2083  -2.0670   3.8716  -2.6495   0.00    0.0
2014/12/13 00:48:30.000  -12.843704843  131.132733169   123.2514   5   9   3.7798   4.4400  10.2443  -2.0619   3.8888  -2.6210   0.00    0.0
2014/12/13 00:49:00.000  -12.843704834  131.132733090   123.6140   5   9   3.7732   4.4460  10.2809  -2.0565   3.9060  -2.5917   0.00    0.0
2014/12/13 00:49:30.000  -12.843705042  131.132733162   123.7305   5   9   3.7667   4.4520  10.3178  -2.0508   3.9232  -2.5616   0.00    0.0
2014/12/13 00:50:00.000  -12.843705428  131.132733922   123.7648   5   9   3.7603   4.4579  10.3553  -2.0449   3.9404  -2.5307   0.00    0.0
2014/12/13 00:50:30.000  -12.843705053  131.132733945   123.8190   5   9   3.7540   4.4638  10.3931  -2.0389   3.9576  -2.4990   0.00    0.0
2014/12/13 00:51:00.000  -12.843704361  131.132734825   123.6998   5   9   3.7477   4.4698  10.4314  -2.0325   3.9748  -2.4664   0.00    0.0
2014/12/13 00:51:30.000  -12.843701492  131.132736706   122.0984   5   8   3.9170   4.5640  11.5388  -1.7517   3.4061  -3.3973   0.00    0.0
2014/12/13 00:52:00.000  -12.843701453  131.132736588   122.0720   5   8   3.9086   4.5672  11.5885  -1.7504   3.4311  -3.3723   0.00    0.0
2014/12/13 00:52:30.000  -12.843701762  131.132736726   122.3433   5   8   3.9003   4.5704  11.6389  -1.7487   3.4561  -3.3468   0.00    0.0
2014/12/13 00:53:00.000  -12.843701480  131.132737118   122.2661   5   8   3.8921   4.5737  11.6899  -1.7468   3.4810  -3.3207   0.00    0.0
2014/12/13 00:53:30.000  -12.843701398  131.132737360   122.2584   5   8   3.8840   4.5770  11.7416  -1.7446   3.5059  -3.2940   0.00    0.0
2014/12/13 00:54:00.000  -12.843701613  131.132737137   122.1863   5   8   3.8759   4.5803  11.7939  -1.7421   3.5306  -3.2666   0.00    0.0
2014/12/13 00:54:30.000  -12.843701543  131.132737895   122.2195   5   8   3.8679   4.5836  11.8468  -1.7393   3.5552  -3.2386   0.00    0.0
2014/12/13 00:55:00.000  -12.843701491  131.132736808   121.9878   5   8   3.8600   4.5869  11.9004  -1.7362   3.5797  -3.2098   0.00    0.0
2014/12/13 00:55:30.000  -12.843701128  131.132736313   122.1997   5   8   3.8522   4.5903  11.9546  -1.7328   3.6042  -3.1804   0.00    0.0
2014/12/13 00:56:00.000  -12.843701764  131.132736835   122.4457   5   8   3.8445   4.5937  12.0094  -1.7291   3.6285  -3.1502   0.00    0.0
2014/12/13 00:56:30.000  -12.843701994  131.132738311   122.7544   5   8   3.8369   4.5971  12.0647  -1.7251   3.6527  -3.1193   0.00    0.0
2014/12/13 00:57:00.000  -12.843701507  131.132738290   122.6844   5   8   3.8294   4.6005  12.1206  -1.7208   3.6768  -3.0875   0.00    0.0
2014/12/13 00:57:30.000  -12.843701074  131.132738825   122.9006   5   8   3.8220   4.6040  12.1771  -1.7161   3.7008  -3.0549   0.00    0.0
2014/12/13 00:58:00.000  -12.843701231  131.132738102   122.8659   5   8   3.8147   4.6074  12.2340  -1.7112   3.7247  -3.0213   0.00    0.0
2014/12/13 00:58:30.000  -12.843701906  131.132738121   122.9297   5   8   3.8075   4.6109  12.2915  -1.7060   3.7485  -2.9869   0.00    0.0
2014/12/13 00:59:00.000  -12.843702053  131.132738230   122.7195   5   8   3.8005   4.6144  12.3494  -1.7005   3.7722  -2.9515   0.00    0.0
2014/12/13 00:59:30.000  -12.843702372  131.132737480   122.5832   5   8   3.7936   4.6179  12.4078  -1.6946   3.7957  -2.9151   0.00    0.0
2014/12/13 01:00:00.000  -12.843708541  131.132741787   122.5865   5   8   3.6577   4.5504  12.4614  -1.4437   3.8308  -2.9100   0.00    0.0
2014/12/13 01:00:30.000  -12.843708068  131.132742434   122.5672   5   8   3.6512   4.5542  12.5202  -1.4366   3.8537  -2.8719   0.00    0.0
2014/12/13 01:01:00.000  -12.843707502  131.132743020   122.8181   5   8   3.6448   4.5580  12.5792  -1.4292   3.8764  -2.8327   0.00    0.0
2014/12/13 01:01:30.000  -12.843707412  131.132743075   122.8669   5   8   3.6386   4.5618  12.6386  -1.4215   3.8990  -2.7922   0.00    0.0
2014/12/13 01:02:00.000  -12.843706967  131.132742281   122.6434   5   8   3.6326   4.5656  12.6982  -1.4134   3.9214  -2.7505   0.00    0.0
2014/12/13 01:02:30.000  -12.843707375  131.132742378   122.7855   5   8   3.6267   4.5694  12.7580  -1.4050   3.9436  -2.7075   0.00    0.0
2014/12/13 01:03:00.000  -12.843707949  131.132742659   122.7897   5   8   3.6210   4.5732  12.8180  -1.3962   3.9656  -2.6630   0.00    0.0
2014/12/13 01:03:30.000  -12.843707826  131.132742586   122.8896   5   8   3.6155   4.5770  12.8781  -1.3870   3.9875  -2.6171   0.00    0.0
2014/12/13 01:04:00.000  -12.843707886  131.132742459   123.2726   5   8   3.6101   4.5808  12.9383  -1.3775   4.0091  -2.5696   0.00    0.0
2014/12/13 01:04:30.000  -12.843707296  131.132740759   123.0454   5   8   3.6049   4.5847  12.9986  -1.3675   4.0305  -2.5205   0.00    0.0
2014/12/13 01:05:00.000  -12.843707147  131.132740840   123.0039   5   8   3.6000   4.5885  13.0588  -1.3572   4.0516  -2.4696   0.00    0.0
2014/12/13 01:05:30.000  -12.843706675  131.132741935   123.2265   5   8   3.5951   4.5923  13.1190  -1.3466   4.0725  -2.4168   0.00    0.0
2014/12/13 01:06:00.000  -12.843706462  131.132741498   123.2944   5   8   3.5905   4.5961  13.1790  -1.3355   4.0931  -2.3621   0.00    0.0
2014/12/13 01:06:30.000  -12.843706742  131.132740892   123.3651   5   8   3.5861   4.5998  13.2388  -1.3240   4.1134  -2.3052   0.00    0.0
2014/12/13 01:07:00.000  -12.843707417  131.132741808   123.4991   5   8   3.5819   4.6036  13.2984  -1.3121   4.1334  -2.2460   0.00    0.0
2014/12/13 01:07:30.000  -12.843707694  131.132741870   123.5758   5   8   3.5778   4.6074  13.3577  -1.2998   4.1530  -2.1843   0.00    0.0
2014/12/13 01:08:00.000  -12.843707649  131.132742461   123.3910   5   8   3.5740   4.6111  13.4167  -1.2871   4.1723  -2.1199   0.00    0.0
2014/12/13 01:08:30.000  -12.843707751  131.132741459   123.1254   5   8   3.5704   4.6148  13.4752  -1.2739   4.1913  -2.0526   0.00    0.0
2014/12/13 01:09:00.000  -12.843707994  131.132740890   123.1116   5   8   3.5670   4.6185  13.5331  -1.2604   4.2098  -1.9821   0.00    0.0
2014/12/13 01:09:30.000  -12.843706880  131.132740854   123.2096   5   8   3.5639   4.6222  13.5905  -1.2463   4.2279  -1.9080   0.00    0.0
2014/12/13 01:10:00.000  -12.843706581  131.132741982   123.3800   5   8   3.5609   4.6258  13.6473  -1.2318   4.2456  -1.8299   0.00    0.0
2014/12/13 01:10:30.000  -12.843707113  131.132741993   123.7215   5   8   3.5582   4.6294  13.7032  -1.2169   4.2628  -1.7473   0.00    0.0
2014/12/13 01:11:00.000  -12.843708424  131.132742082   123.1293   5   9   3.4934   4.3511  11.3415  -1.5803   2.4331  -2.8129   0.00    0.0
2014/12/13 01:11:30.000  -12.843708314  131.132742262   123.1380   5   9   3.4884   4.3528  11.3805  -1.5765   2.4399  -2.7832   0.00    0.0
2014/12/13 01:12:00.000  -12.843707836  131.132741470   123.5264   5   9   3.4836   4.3545  11.4192  -1.5726   2.4463  -2.7527   0.00    0.0
2014/12/13 01:12:30.000  -12.843708013  131.132741485   123.5746   5   9   3.4789   4.3562  11.4573  -1.5686   2.4523  -2.7216   0.00    0.0
2014/12/13 01:13:00.000  -12.843708417  131.132741090   123.5398   5   9   3.4743   4.3578  11.4950  -1.5645   2.4579  -2.6898   0.00    0.0
2014/12/13 01:13:30.000  -12.843708300  131.132741057   123.4099   5   9   3.4699   4.3595  11.5322  -1.5603   2.4631  -2.6572   0.00    0.0
2014/12/13 01:14:00.000  -12.843708003  131.132741558   123.3757   5   9   3.4657   4.3612  11.5687  -1.5559   2.4679  -2.6239   0.00    0.0
2014/12/13 01:14:30.000  -12.843707558  131.132741820   123.1742   5   9   3.4616   4.3628  11.6047  -1.5514   2.4722  -2.5899   0.00    0.0
2014/12/13 01:15:00.000  -12.843707785  131.132741944   123.3797   5   9   3.4577   4.3644  11.6400  -1.5468   2.4761  -2.5550   0.00    0.0
2014/12/13 01:15:30.000  -12.843708117  131.132741425   123.2203   5   9   3.4540   4.3661  11.6746  -1.5421   2.4796  -2.5193   0.00    0.0
2014/12/13 01:16:00.000  -12.843708118  131.132740983   123.4258   5   9   3.4504   4.3677  11.7085  -1.5373   2.4827  -2.4828   0.00    0.0
2014/12/13 01:16:30.000  -12.843707885  131.132741915   123.8235   5   9   3.4470   4.3693  11.7416  -1.5324   2.4853  -2.4454   0.00    0.0
2014/12/13 01:17:00.000  -12.843708225  131.132742272   123.8639   5   9   3.4437   4.3709  11.7739  -1.5274   2.4875  -2.4070   0.00    0.0
2014/12/13 01:17:30.000  -12.843707704  131.132741588   123.8459   5   9   3.4407   4.3725  11.8052  -1.5223   2.4893  -2.3678   0.00    0.0
2014/12/13 01:18:00.000  -12.843707197  131.132741874   123.7307   5   9   3.4378   4.3741  11.8357  -1.5171   2.4905  -2.3276   0.00    0.0
2014/12/13 01:18:30.000  -12.843707091  131.132741639   123.3625   5   9   3.4350   4.3756  11.8652  -1.5118   2.4914  -2.2863   0.00    0.0
2014/12/13 01:19:00.000  -12.843707582  131.132740430   123.6793   5   9   3.4325   4.3772  11.8937  -1.5064   2.4918  -2.2440   0.00    0.0
2014/12/13 01:19:30.000  -12.843707988  131.132741163   123.9129   5   9   3.4301   4.3788  11.9211  -1.5009   2.4917  -2.2007   0.00    0.0
2014/12/13 01:20:00.000  -12.843706960  131.132741627   123.8263   5   9   3.4279   4.3803  11.9475  -1.4954   2.4911  -2.1562   0.00    0.0
2014/12/13 01:20:30.000  -12.843707241  131.132742418   123.7378   5   9   3.4259   4.3818  11.9727  -1.4897   2.4901  -2.1105   0.00    0.0
2014/12/13 01:21:00.000  -12.843706396  131.132741958   123.8824   5   9   3.4241   4.3834  11.9967  -1.4840   2.4887  -2.0636   0.00    0.0
2014/12/13 01:21:30.000  -12.843706294  131.132742103   123.8061   5   9   3.4224   4.3849  12.0196  -1.4782   2.4867  -2.0153   0.00    0.0
2014/12/13 01:22:00.000  -12.843707188  131.132742395   123.8649   5   9   3.4210   4.3864  12.0412  -1.4723   2.4843  -1.9657   0.00    0.0
2014/12/13 01:22:30.000  -12.843707483  131.132742348   124.1792   5   9   3.4197   4.3879  12.0615  -1.4664   2.4815  -1.9147   0.00    0.0
2014/12/13 01:23:00.000  -12.843707665  131.132741832   124.4813   5   9   3.4186   4.3894  12.0804  -1.4604   2.4782  -1.8621   0.00    0.0
2014/12/13 01:23:30.000  -12.843708255  131.132741349   124.2671   5   9   3.4177   4.3909  12.0981  -1.4543   2.4744  -1.8079   0.00    0.0
2014/12/13 01:24:00.000  -12.843708502  131.132742349   124.0749   5   9   3.4169   4.3924  12.1143  -1.4481   2.4702  -1.7519   0.00    0.0
2014/12/13 01:24:30.000  -12.843708120  131.132743416   124.0114   5   9   3.4164   4.3939  12.1291  -1.4419   2.4655  -1.6940   0.00    0.0
2014/12/13 01:25:00.000  -12.843707760  131.132744108   124.3545   5   9   3.4160   4.3954  12.1425  -1.4356   2.4604  -1.6340   0.00    0.0
2014/12/13 01:25:30.000  -12.843707496  131.132742961   124.6016   5   9   3.4159   4.3969  12.1544  -1.4293   2.4548  -1.5718   0.00    0.0
2014/12/13 01:26:00.000  -12.843706944  131.132743399   124.5385   5   9   3.4159   4.3984  12.1648  -1.4229   2.4488  -1.5071   0.00    0.0
2014/12/13 01:26:30.000  -12.843706142  131.132742536   124.2272   5   9   3.4161   4.3998  12.1737  -1.4165   2.4424  -1.4396   0.00    0.0
2014/12/13 01:27:00.000  -12.843706225  131.132743479   124.1441   5   9   3.4165   4.4013  12.1811  -1.4100   2.4355  -1.3690   0.00    0.0
2014/12/13 01:27:30.000  -12.843705966  131.132743201   124.1088   5   9   3.4170   4.4028  12.1869  -1.4034   2.4283  -1.2947   0.00    0.0
2014/12/13 01:28:00.000  -12.843706469  131.132742198   124.2070   5   9   3.4178   4.4043  12.1911  -1.3968   2.4206  -1.2163   0.00    0.0
2014/12/13 01:28:30.000  -12.843706899  131.132742071   124.2261   5   9   3.4187   4.4058  12.1938  -1.3902   2.4125  -1.1328   0.00    0.0
2014/12/13 01:29:00.000  -12.843707043  131.132741916   124.1105   5   9   3.4199   4.4073  12.1949  -1.3835   2.4041  -1.0431   0.00    0.0
2014/12/13 01:29:30.000  -12.843706960  131.132741120   124.2286   5   9   3.4212   4.4088  12.1944  -1.3768   2.3953  -0.9455   0.00    0.0
2014/12/13 01:30:00.000  -12.843706827  131.132741188   124.6787   5   9   3.4227   4.4103  12.1923  -1.3700   2.3861  -0.8374   0.00    0.0
2014/12/13 01:30:30.000  -12.843706045  131.132741448   124.7132   5   9   3.4244   4.4118  12.1886  -1.3632   2.3766  -0.7141   0.00    0.0
2014/12/13 01:31:00.000  -12.843705549  131.132741524   124.3258   5   9   3.4262   4.4133  12.1834  -1.3564   2.3668  -0.5657   0.00    0.0
2014/12/13 01:31:30.000  -12.843705379  131.132741796   124.6133   5   9   3.4283   4.4149  12.1765  -1.3495   2.3566  -0.3631   0.00    0.0
2014/12/13 01:32:00.000  -12.843705362  131.132742074   124.6146   5   9   3.4305   4.4164  12.1681  -1.3425   2.3462   0.2336   0.00    0.0
2014/12/13 01:32:30.000  -12.843705165  131.132742194   124.7498   5   9   3.4329   4.4179  12.1581  -1.3356   2.3354   0.4890   0.00    0.0
2014/12/13 01:33:00.000  -12.843705376  131.132742299   124.9247   5   9   3.4354   4.4195  12.1465  -1.3286   2.3244   0.6494   0.00    0.0
2014/12/13 01:33:30.000  -12.843706218  131.132741765   125.0688   5   9   3.4382   4.4211  12.1334  -1.3215   2.3131   0.7761   0.00    0.0
2014/12/13 01:34:00.000  -12.843707237  131.132741941   125.1175   5   9   3.4411   4.4227  12.1188  -1.3145   2.3016   0.8835   0.00    0.0
2014/12/13 01:34:30.000  -12.843707284  131.132742149   125.2845   5   9   3.4442   4.4242  12.1027  -1.3073   2.2899   0.9781   0.00    0.0
2014/12/13 01:35:00.000  -12.843708108  131.132743087   125.2913   5   9   3.4475   4.4259  12.0851  -1.3002   2.2780   1.0632   0.00    0.0
2014/12/13 01:35:30.000  -12.843708465  131.132742385   125.2233   5   9   3.4509   4.4275  12.0660  -1.2930   2.2660   1.1409   0.00    0.0
2014/12/13 01:36:00.000  -12.843708310  131.132741280   125.6842   5   9   3.4545   4.4291  12.0456  -1.2857   2.2537   1.2126   0.00    0.0
2014/12/13 01:36:30.000  -12.843708646  131.132742044   125.8992   5   9   3.4583   4.4308  12.0237  -1.2784   2.2413   1.2793   0.00    0.0
2014/12/13 01:37:00.000  -12.843708392  131.132742110   126.0597   5   9   3.4622   4.4325  12.0005  -1.2711   2.2289   1.3417   0.00    0.0
2014/12/13 01:37:30.000  -12.843708339  131.132741288   125.8280   5   9   3.4663   4.4342  11.9759  -1.2637   2.2163   1.4003   0.00    0.0
2014/12/13 01:38:00.000  -12.843708925  131.132740737   125.7039   5   9   3.4706   4.4359  11.9501  -1.2563   2.2036   1.4557   0.00    0.0
2014/12/13 01:38:30.000  -12.843709031  131.132741184   125.7229   5   9   3.4750   4.4376  11.9230  -1.2488   2.1909   1.5080   0.00    0.0
2014/12/13 01:39:00.000  -12.843709130  131.132741675   125.9835   5   9   3.4795   4.4394  11.8947  -1.2412   2.1781   1.5578   0.00    0.0
2014/12/13 01:39:30.000  -12.843708948  131.132742255   125.7322   5   9   3.4843   4.4411  11.8652  -1.2336   2.1654   1.6050   0.00    0.0
2014/12/13 01:40:00.000  -12.843707977  131.132740935   125.5174   5   9   3.4892   4.4429  11.8346  -1.2260   2.1526   1.6501   0.00    0.0
2014/12/13 01:40:30.000  -12.843707617  131.132740691   125.4362   5   9   3.4942   4.4448  11.8028  -1.2182   2.1399   1.6931   0.00    0.0
2014/12/13 01:41:00.000  -12.843707586  131.132742087   125.5842   5   9   3.4994   4.4466  11.7700  -1.2104   2.1273   1.7342   0.00    0.0
2014/12/13 01:41:30.000  -12.843707465  131.132742210   125.7951   5   9   3.5047   4.4485  11.7362  -1.2026   2.1147   1.7735   0.00    0.0
2014/12/13 01:42:00.000  -12.843707729  131.132741429   125.5918   5   9   3.5102   4.4504  11.7015  -1.1946   2.1022   1.8112   0.00    0.0
2014/12/13 01:42:30.000  -12.843708308  131.132741695   125.4363   5   9   3.5159   4.4523  11.6658  -1.1866   2.0898   1.8473   0.00    0.0
2014/12/13 01:43:00.000  -12.843709118  131.132740983   125.4544   5   9   3.5216   4.4542  11.6292  -1.1785   2.0775   1.8820   0.00    0.0
2014/12/13 01:43:30.000  -12.843709009  131.132740988   125.8034   5   9   3.5276   4.4562  11.5918  -1.1703   2.0654   1.9152   0.00    0.0
2014/12/13 01:44:00.000  -12.843708067  131.132741831   125.7628   5   9   3.5337   4.4582  11.5536  -1.1620   2.0535   1.9472   0.00    0.0
2014/12/13 01:44:30.000  -12.843708171  131.132742233   125.5710   5   9   3.5399   4.4602  11.5147  -1.1536   2.0418   1.9779   0.00    0.0
2014/12/13 01:45:00.000  -12.843707949  131.132742249   125.7467   5   9   3.5462   4.4623  11.4751  -1.1451   2.0303   2.0075   0.00    0.0
2014/12/13 01:45:30.000  -12.843708695  131.132741898   125.9290   5   9   3.5527   4.4643  11.4348  -1.1365   2.0190   2.0360   0.00    0.0
2014/12/13 01:46:00.000  -12.843709409  131.132741579   125.9588   5   9   3.5594   4.4664  11.3939  -1.1277   2.0080   2.0634   0.00    0.0
2014/12/13 01:46:30.000  -12.843709770  131.132740954   126.2655   5   9   3.5662   4.4686  11.3524  -1.1189   1.9972   2.0899   0.00    0.0
2014/12/13 01:47:00.000  -12.843710188  131.132740798   126.1922   5   9   3.5731   4.4707  11.3105  -1.1099   1.9867   2.1153   0.00    0.0
2014/12/13 01:47:30.000  -12.843709670  131.132740159   126.5508   5   9   3.5801   4.4729  11.2680  -1.1007   1.9765   2.1399   0.00    0.0
2014/12/13 01:48:00.000  -12.843709472  131.132739949   126.4503   5   9   3.5873   4.4751  11.2251  -1.0914   1.9667   2.1637   0.00    0.0
2014/12/13 01:48:30.000  -12.843709485  131.132739948   126.2756   5   9   3.5947   4.4774  11.1818  -1.0820   1.9571   2.1866   0.00    0.0
2014/12/13 01:49:00.000  -12.843709238  131.132741471   126.0623   5   9   3.6022   4.4797  11.1382  -1.0724   1.9479   2.2087   0.00    0.0
2014/12/13 01:49:30.000  -12.843708342  131.132742880   125.9949   5   9   3.6098   4.4820  11.0943  -1.0626   1.9391   2.2301   0.00    0.0
2014/12/13 01:50:00.000  -12.843708055  131.132742991   125.6810   5   9   3.6175   4.4843  11.0500  -1.0527   1.9306   2.2508   0.00    0.0
2014/12/13 01:50:30.000  -12.843708455  131.132742974   125.8143   5   9   3.6254   4.4867  11.0056  -1.0425   1.9226   2.2708   0.00    0.0
2014/12/13 01:51:00.000  -12.843709090  131.132743237   125.7259   5   9   3.6334   4.4891  10.9610  -1.0322   1.9149   2.2902   0.00    0.0
2014/12/13 01:51:30.000  -12.843709878  131.132744001   126.0450   5   9   3.6416   4.4915  10.9162  -1.0216   1.9076   2.3090   0.00    0.0
2014/12/13 01:52:00.000  -12.843710311  131.132742771   126.2094   5   9   3.6498   4.4940  10.8712  -1.0109   1.9008   2.3273   0.00    0.0
2014/12/13 01:52:30.000  -12.843709772  131.132741460   126.3694   5   9   3.6583   4.4965  10.8262  -0.9999   1.8943   2.3449   0.00    0.0
2014/12/13 01:53:00.000  -12.843708866  131.132741432   126.2495   5   9   3.6668   4.4990  10.7811  -0.9886   1.8883   2.3621   0.00    0.0
2014/12/13 01:53:30.000  -12.843708052  131.132742064   125.8302   5   9   3.6755   4.5016  10.7360  -0.9771   1.8828   2.3788   0.00    0.0
2014/12/13 01:54:00.000  -12.843708636  131.132743145   125.5872   5   9   3.6843   4.5042  10.6909  -0.9653   1.8777   2.3950   0.00    0.0
2014/12/13 01:54:30.000  -12.843709511  131.132742788   125.9357   5   9   3.6933   4.5068  10.6459  -0.9533   1.8731   2.4108   0.00    0.0
2014/12/13 01:55:00.000  -12.843710035  131.132742899   126.4725   5   9   3.7024   4.5095  10.6009  -0.9409   1.8689   2.4261   0.00    0.0
2014/12/13 01:55:30.000  -12.843710628  131.132742889   126.6601   5   9   3.7116   4.5122  10.5560  -0.9282   1.8652   2.4411   0.00    0.0
2014/12/13 01:56:00.000  -12.843710723  131.132742359   126.5521   5   9   3.7209   4.5150  10.5112  -0.9152   1.8619   2.4557   0.00    0.0
2014/12/13 01:56:30.000  -12.843710500  131.132742540   126.6851   5   9   3.7304   4.5177  10.4666  -0.9018   1.8592   2.4699   0.00    0.0
2014/12/13 01:57:00.000  -12.843710121  131.132741920   126.3351   5   9   3.7401   4.5205  10.4222  -0.8881   1.8569   2.4839   0.00    0.0
2014/12/13 01:57:30.000  -12.843710335  131.132741529   126.1483   5   9   3.7498   4.5234  10.3779  -0.8739   1.8551   2.4975   0.00    0.0
2014/12/13 01:58:00.000  -12.843710241  131.132740502   126.1671   5   9   3.7597   4.5263  10.3339  -0.8593   1.8538   2.5108   0.00    0.0
2014/12/13 01:58:30.000  -12.843709731  131.132739688   126.4542   5   9   3.7698   4.5292  10.2901  -0.8443   1.8529   2.5239   0.00    0.0
2014/12/13 01:59:00.000  -12.843710258  131.132740628   126.6263   5   9   3.7799   4.5321  10.2465  -0.8288   1.8526   2.5367   0.00    0.0
2014/12/13 01:59:30.000  -12.843710023  131.132740872   126.5479   5   9   3.7902   4.5351  10.2033  -0.8128   1.8527   2.5493   0.00    0.0
2014/12/13 02:00:00.000  -12.843706027  131.132738378   125.8054   5   9   3.8432   4.5473  10.1844  -0.8935   1.9070   2.4825   0.00    0.0
2014/12/13 02:00:30.000  -12.843707064  131.132738708   125.7802   5   9   3.8535   4.5501  10.1417  -0.8769   1.9072   2.4955   0.00    0.0
2014/12/13 02:01:00.000  -12.843707422  131.132738768   125.9100   5   9   3.8640   4.5530  10.0993  -0.8597   1.9079   2.5083   0.00    0.0
2014/12/13 02:01:30.000  -12.843706587  131.132737700   125.8165   5   9   3.8745   4.5559  10.0573  -0.8420   1.9091   2.5210   0.00    0.0
2014/12/13 02:02:00.000  -12.843706776  131.132738064   125.8823   5   9   3.8853   4.5589  10.0156  -0.8237   1.9107   2.5335   0.00    0.0
2014/12/13 02:02:30.000  -12.843707664  131.132738257   125.9757   5   9   3.8961   4.5619   9.9743  -0.8047   1.9128   2.5458   0.00    0.0
2014/12/13 02:03:00.000  -12.843707854  131.132739202   126.1607   5   9   3.9071   4.5650   9.9334  -0.7851   1.9153   2.5580   0.00    0.0
2014/12/13 02:03:30.000  -12.843708108  131.132740058   125.7954   5   9   3.9182   4.5681   9.8928  -0.7646   1.9183   2.5701   0.00    0.0
2014/12/13 02:04:00.000  -12.843708901  131.132740850   125.8398   5   9   3.9295   4.5712   9.8527  -0.7433   1.9218   2.5821   0.00    0.0
2014/12/13 02:04:30.000  -12.843708905  131.132740220   125.8903   5   9   3.9410   4.5744   9.8130  -0.7211   1.9257   2.5940   0.00    0.0
2014/12/13 02:05:00.000  -12.843709069  131.132739851   126.1616   5   9   3.9525   4.5777   9.7738  -0.6979   1.9301   2.6058   0.00    0.0
2014/12/13 02:05:30.000  -12.843708623  131.132739523   126.4736   5   9   3.9642   4.5810   9.7350  -0.6735   1.9348   2.6176   0.00    0.0
2014/12/13 02:06:00.000  -12.843708729  131.132739901   126.2030   5   9   3.9761   4.5843   9.6966  -0.6479   1.9401   2.6293   0.00    0.0
2014/12/13 02:06:30.000  -12.843709390  131.132739546   126.2460   5   9   3.9881   4.5877   9.6587  -0.6208   1.9457   2.6409   0.00    0.0
2014/12/13 02:07:00.000  -12.843709443  131.132738971   126.2545   5   9   4.0002   4.5911   9.6213  -0.5921   1.9518   2.6525   0.00    0.0
2014/12/13 02:07:30.000  -12.843708990  131.132738315   126.2416   5   9   4.0125   4.5946   9.5844  -0.5615   1.9583   2.6641   0.00    0.0
2014/12/13 02:08:00.000  -12.843709169  131.132739133   126.1948   5   9   4.0249   4.5982   9.5479  -0.5286   1.9653   2.6756   0.00    0.0
2014/12/13 02:08:30.000  -12.843708908  131.132741038   126.1133   5   9   4.0375   4.6017   9.5120  -0.4930   1.9726   2.6872   0.00    0.0
2014/12/13 02:09:00.000  -12.843709073  131.132741482   126.4703   5   9   4.0502   4.6054   9.4765  -0.4541   1.9803   2.6987   0.00    0.0
2014/12/13 02:09:30.000  -12.843709771  131.132741010   126.5263   5   9   4.0630   4.6091   9.4415  -0.4109   1.9885   2.7103   0.00    0.0
2014/12/13 02:10:00.000  -12.843709819  131.132739608   126.4756   5   9   4.0760   4.6128   9.4071  -0.3618   1.9970   2.7219   0.00    0.0
2014/12/13 02:10:30.000  -12.843709953  131.132740094   126.4439   5   9   4.0892   4.6166   9.3731  -0.3040   2.0059   2.7335   0.00    0.0
2014/12/13 02:11:00.000  -12.843710650  131.132740256   126.5518   5   9   4.1024   4.6205   9.3397  -0.2309   2.0152   2.7451   0.00    0.0
2014/12/13 02:11:30.000  -12.843710568  131.132740411   126.3542   5   9   4.1158   4.6244   9.3068  -0.1169   2.0249   2.7568   0.00    0.0
2014/12/13 02:12:00.000  -12.843709676  131.132737367   126.5247   5   8   4.1513   5.1785  10.2820  -0.9810  -2.4838   3.0911   0.00    0.0
2014/12/13 02:12:30.000  -12.843709614  131.132738096   126.4360   5   8   4.1640   5.1796  10.2368  -0.9479  -2.4523   3.0927   0.00    0.0
2014/12/13 02:13:00.000  -12.843710798  131.132737944   126.3458   5   8   4.1769   5.1807  10.1923  -0.9133  -2.4202   3.0946   0.00    0.0
2014/12/13 02:13:30.000  -12.843711150  131.132736191   126.4580   5   8   4.1900   5.1819  10.1486  -0.8770  -2.3877   3.0967   0.00    0.0
2014/12/13 02:14:00.000  -12.843711345  131.132736590   126.4125   5   8   4.2032   5.1832  10.1055  -0.8387  -2.3547   3.0989   0.00    0.0
2014/12/13 02:14:30.000  -12.843711702  131.132737426   126.3842   5   8   4.2165   5.1845  10.0632  -0.7981  -2.3211   3.1014   0.00    0.0
2014/12/13 02:15:00.000  -12.843711772  131.132737987   126.4527   5   8   4.2301   5.1859  10.0216  -0.7548  -2.2870   3.1041   0.00    0.0
2014/12/13 02:15:30.000  -12.843711858  131.132740267   126.1917   5   8   4.2438   5.1874   9.9807  -0.7085  -2.2523   3.1070   0.00    0.0
2014/12/13 02:16:00.000  -12.843703779  131.132750464   123.5288   5   7   4.5636   5.6556  11.2591   1.8064  -4.1000   0.9932   0.00    0.0
2014/12/13 02:16:30.000  -12.843704293  131.132749514   123.6752   5   7   4.5791   5.6502  11.2019   1.8217  -4.0563   1.0250   0.00    0.0
2014/12/13 02:17:00.000  -12.843705074  131.132748920   123.6628   5   7   4.5947   5.6450  11.1456   1.8372  -4.0126   1.0566   0.00    0.0
2014/12/13 02:17:30.000  -12.843705975  131.132748861   123.7051   5   7   4.6104   5.6399  11.0902   1.8527  -3.9688   1.0879   0.00    0.0
2014/12/13 02:18:00.000  -12.843705615  131.132748955   123.4917   5   7   4.6262   5.6350  11.0358   1.8682  -3.9249   1.1190   0.00    0.0
2014/12/13 02:18:30.000  -12.843705628  131.132748149   123.3928   5   7   4.6422   5.6303  10.9823   1.8838  -3.8809   1.1499   0.00    0.0
2014/12/13 02:19:00.000  -12.843707246  131.132749021   123.5821   5   7   4.6583   5.6257  10.9298   1.8994  -3.8368   1.1806   0.00    0.0
2014/12/13 02:19:30.000  -12.843707553  131.132749833   123.5484   5   7   4.6745   5.6213  10.8781   1.9152  -3.7925   1.2111   0.00    0.0
2014/12/13 02:20:00.000  -12.843707826  131.132749180   123.4049   5   7   4.6908   5.6171  10.8274   1.9309  -3.7481   1.2415   0.00    0.0
2014/12/13 02:20:30.000  -12.843707671  131.132746918   123.6272   5   7   4.7073   5.6130  10.7776   1.9468  -3.7036   1.2718   0.00    0.0
2014/12/13 02:21:00.000  -12.843707882  131.132747060   123.9020   5   7   4.7239   5.6092  10.7287   1.9627  -3.6588   1.3019   0.00    0.0
2014/12/13 02:21:30.000  -12.843706707  131.132747746   123.8564   5   7   4.7405   5.6054  10.6807   1.9787  -3.6139   1.3320   0.00    0.0
2014/12/13 02:22:00.000  -12.843707120  131.132748191   123.6628   5   7   4.7573   5.6019  10.6336   1.9948  -3.5688   1.3619   0.00    0.0
2014/12/13 02:22:30.000  -12.843708174  131.132748335   123.8194   5   7   4.7742   5.5985  10.5874   2.0109  -3.5234   1.3918   0.00    0.0
2014/12/13 02:23:00.000  -12.843708422  131.132748000   123.6556   5   7   4.7913   5.5953  10.5420   2.0271  -3.4778   1.4216   0.00    0.0
2014/12/13 02:23:30.000  -12.843708861  131.132747243   123.5322   5   7   4.8084   5.5923  10.4976   2.0434  -3.4319   1.4514   0.00    0.0
2014/12/13 02:24:00.000  -12.843709722  131.132746896   123.8391   5   7   4.8256   5.5895  10.4540   2.0598  -3.3857   1.4811   0.00    0.0
2014/12/13 02:24:30.000  -12.843710720  131.132748170   123.9383   5   7   4.8429   5.5868  10.4113   2.0762  -3.3392   1.5108   0.00    0.0
2014/12/13 02:25:00.000  -12.843710279  131.132749070   123.9856   5   7   4.8603   5.5843  10.3695   2.0928  -3.2923   1.5404   0.00    0.0
2014/12/13 02:25:30.000  -12.843709414  131.132748452   124.1541   5   7   4.8779   5.5820  10.3286   2.1094  -3.2451   1.5700   0.00    0.0
2014/12/13 02:26:00.000  -12.843709968  131.132748768   124.6956   5   7   4.8955   5.5799  10.2885   2.1261  -3.1975   1.5996   0.00    0.0
2014/12/13 02:26:30.000  -12.843710359  131.132748493   124.9047   5   7   4.9131   5.5779  10.2492   2.1429  -3.1494   1.6292   0.00    0.0
2014/12/13 02:27:00.000  -12.843710362  131.132747669   124.7916   5   7   4.9309   5.5761  10.2108   2.1598  -3.1009   1.6587   0.00    0.0
2014/12/13 02:27:30.000  -12.843711579  131.132748290   124.6444   5   7   4.9488   5.5746  10.1732   2.1768  -3.0518   1.6883   0.00    0.0
2014/12/13 02:28:00.000  -12.843712678  131.132748172   124.5601   5   7   4.9667   5.5731  10.1365   2.1939  -3.0022   1.7178   0.00    0.0
2014/12/13 02:28:30.000  -12.843711479  131.132747393   124.4034   5   7   4.9847   5.5719  10.1005   2.2111  -2.9521   1.7473   0.00    0.0
2014/12/13 02:29:00.000  -12.843711338  131.132747956   124.6383   5   7   5.0028   5.5709  10.0654   2.2284  -2.9013   1.7769   0.00    0.0
2014/12/13 02:29:30.000  -12.843710491  131.132748891   124.4758   5   7   5.0210   5.5700  10.0311   2.2458  -2.8498   1.8064   0.00    0.0
2014/12/13 02:30:00.000  -12.843710588  131.132749492   124.3659   5   7   5.0392   5.5693   9.9976   2.2633  -2.7977   1.8359   0.00    0.0
2014/12/13 02:30:30.000  -12.843716040  131.132746871   125.4774   5   8   4.5545   5.4135   9.2476   1.5266  -1.6384   3.4121   0.00    0.0
2014/12/13 02:31:00.000  -12.843717068  131.132746361   125.7015   5   8   4.5680   5.4129   9.2293   1.5460  -1.5618   3.4231   0.00    0.0
2014/12/13 02:31:30.000  -12.843717208  131.132745578   125.6564   5   8   4.5816   5.4124   9.2115   1.5654  -1.4812   3.4343   0.00    0.0
2014/12/13 02:32:00.000  -12.843716372  131.132745338   125.4590   5   8   4.5951   5.4121   9.1943   1.5847  -1.3959   3.4457   0.00    0.0
2014/12/13 02:32:30.000  -12.843716764  131.132746769   125.5677   5   8   4.6088   5.4119   9.1777   1.6040  -1.3051   3.4573   0.00    0.0
2014/12/13 02:33:00.000  -12.843716691  131.132747101   125.7152   5   8   4.6224   5.4119   9.1617   1.6232  -1.2073   3.4691   0.00    0.0
2014/12/13 02:33:30.000  -12.843716834  131.132746308   125.9281   5   8   4.6360   5.4120   9.1464   1.6425  -1.1009   3.4810   0.00    0.0
2014/12/13 02:34:00.000  -12.843717374  131.132746427   125.9213   5   8   4.6497   5.4123   9.1316   1.6617  -0.9828   3.4931   0.00    0.0
2014/12/13 02:34:30.000  -12.843717565  131.132745313   125.8454   5   8   4.6633   5.4127   9.1174   1.6809  -0.8482   3.5054   0.00    0.0
2014/12/13 02:35:00.000  -12.843717317  131.132745091   125.8444   5   8   4.6770   5.4133   9.1038   1.7000  -0.6875   3.5179   0.00    0.0
2014/12/13 02:35:30.000  -12.843717250  131.132745565   125.9036   5   8   4.6907   5.4141   9.0908   1.7192  -0.4749   3.5305   0.00    0.0
2014/12/13 02:36:00.000  -12.843717860  131.132746203   125.8951   5   8   4.7043   5.4150   9.0783   1.7383   0.1484   3.5432   0.00    0.0
2014/12/13 02:36:30.000  -12.843719361  131.132746055   125.9771   5   8   4.7180   5.4161   9.0665   1.7575   0.5197   3.5561   0.00    0.0
2014/12/13 02:37:00.000  -12.843719481  131.132746238   125.9000   5   8   4.7316   5.4173   9.0552   1.7766   0.7202   3.5691   0.00    0.0
2014/12/13 02:37:30.000  -12.843718260  131.132745338   125.8119   5   8   4.7453   5.4188   9.0445   1.7957   0.8763   3.5823   0.00    0.0
2014/12/13 02:38:00.000  -12.843718635  131.132744658   125.6379   5   8   4.7589   5.4203   9.0344   1.8149   1.0089   3.5956   0.00    0.0
2014/12/13 02:38:30.000  -12.843720017  131.132745005   125.5562   5   8   4.7724   5.4221   9.0248   1.8340   1.1262   3.6090   0.00    0.0
2014/12/13 02:39:00.000  -12.843720843  131.132745596   125.7476   5   8   4.7860   5.4240   9.0158   1.8531   1.2327   3.6226   0.00    0.0
2014/12/13 02:39:30.000  -12.843721302  131.132746244   125.8695   5   8   4.7995   5.4260   9.0074   1.8723   1.3310   3.6362   0.00    0.0
2014/12/13 02:40:00.000  -12.843721719  131.132745171   125.7585   5   8   4.8130   5.4283   8.9995   1.8914   1.4229   3.6500   0.00    0.0
2014/12/13 02:40:30.000  -12.843721954  131.132744578   125.5862   5   8   4.8265   5.4307   8.9922   1.9105   1.5094   3.6638   0.00    0.0
2014/12/13 02:41:00.000  -12.843721437  131.132745318   125.6139   5   8   4.8399   5.4333   8.9854   1.9297   1.5915   3.6778   0.00    0.0
2014/12/13 02:41:30.000  -12.843721710  131.132746031   126.0204   5   7   5.3446   5.4368   9.4581   2.0005   1.5867   2.6415   0.00    0.0
2014/12/13 02:42:00.000  -12.843722679  131.132746281   126.3035   5   7   5.3555   5.4397   9.4515   2.0191   1.6658   2.6644   0.00    0.0
2014/12/13 02:42:30.000  -12.843722993  131.132746670   126.1606   5   7   5.3664   5.4429   9.4455   2.0376   1.7417   2.6872   0.00    0.0
2014/12/13 02:43:00.000  -12.843721528  131.132746573   126.1057   5   7   5.3771   5.4461   9.4401   2.0561   1.8148   2.7100   0.00    0.0
2014/12/13 02:43:30.000  -12.843722604  131.132746279   126.3721   5   7   5.3876   5.4496   9.4352   2.0745   1.8854   2.7328   0.00    0.0
2014/12/13 02:44:00.000  -12.843722500  131.132746573   126.3449   5   7   5.3981   5.4533   9.4308   2.0929   1.9539   2.7556   0.00    0.0
2014/12/13 02:44:30.000  -12.843720963  131.132747008   126.1873   5   7   5.4084   5.4571   9.4271   2.1113   2.0204   2.7784   0.00    0.0
2014/12/13 02:45:00.000  -12.843720620  131.132746371   125.9358   5   7   5.4186   5.4611   9.4239   2.1297   2.0851   2.8011   0.00    0.0
2014/12/13 02:45:30.000  -12.843722453  131.132746594   126.0982   5   7   5.4286   5.4653   9.4212   2.1480   2.1482   2.8238   0.00    0.0
2014/12/13 02:46:00.000  -12.843722015  131.132746041   126.1476   5   7   5.4384   5.4696   9.4191   2.1663   2.2099   2.8464   0.00    0.0
2014/12/13 02:46:30.000  -12.843723355  131.132746374   125.9194   5   7   5.4482   5.4742   9.4176   2.1846   2.2703   2.8690   0.00    0.0
2014/12/13 02:47:00.000  -12.843724322  131.132745848   125.9467   5   7   5.4577   5.4790   9.4167   2.2028   2.3295   2.8915   0.00    0.0
2014/12/13 02:47:30.000  -12.843724263  131.132745633   125.8311   5   7   5.4671   5.4839   9.4164   2.2210   2.3876   2.9139   0.00    0.0
2014/12/13 02:48:00.000  -12.843725061  131.132745410   125.8923   5   7   5.4763   5.4890   9.4166   2.2391   2.4446   2.9363   0.00    0.0
2014/12/13 02:48:30.000  -12.843724857  131.132745254   126.0670   5   7   5.4854   5.4943   9.4176   2.2573   2.5007   2.9587   0.00    0.0
2014/12/13 02:49:00.000  -12.843723415  131.132745642   126.1709   5   7   5.4943   5.4999   9.4192   2.2753   2.5559   2.9811   0.00    0.0
2014/12/13 02:49:30.000  -12.843722986  131.132746361   126.0542   5   7   5.5031   5.5056   9.4215   2.2934   2.6103   3.0035   0.00    0.0
2014/12/13 02:50:00.000  -12.843723564  131.132745672   126.1502   5   7   5.5116   5.5115   9.4243   2.3114   2.6640   3.0257   0.00    0.0
2014/12/13 02:50:30.000  -12.843723289  131.132745428   126.1136   5   7   5.5200   5.5176   9.4275   2.3294   2.7170   3.0477   0.00    0.0
2014/12/13 02:51:00.000  -12.843723525  131.132745914   126.1863   5   7   5.5281   5.5239   9.4312   2.3473   2.7693   3.0696   0.00    0.0
2014/12/13 02:51:30.000  -12.843724412  131.132746545   126.2224   5   7   5.5361   5.5303   9.4355   2.3652   2.8211   3.0912   0.00    0.0
2014/12/13 02:52:00.000  -12.843725513  131.132746842   126.0424   5   7   5.5439   5.5370   9.4402   2.3831   2.8723   3.1127   0.00    0.0
2014/12/13 02:52:30.000  -12.843726627  131.132746779   125.7581   5   8   5.0487   4.9758   8.2085   0.3469  -1.6972  -0.9829   0.00    0.0
2014/12/13 02:53:00.000  -12.843727999  131.132746087   125.8300   5   8   5.0500   4.9721   8.2087   0.3398  -1.6501  -0.9636   0.00    0.0
2014/12/13 02:53:30.000  -12.843728419  131.132744156   125.8390   5   8   5.0512   4.9685   8.2092   0.3324  -1.6016  -0.9442   0.00    0.0
2014/12/13 02:54:00.000  -12.843728991  131.132743776   125.7703   5   8   5.0523   4.9649   8.2100   0.3245  -1.5516  -0.9248   0.00    0.0
2014/12/13 02:54:30.000  -12.843729422  131.132744235   125.6343   5   8   5.0531   4.9614   8.2112   0.3164  -1.4999  -0.9055   0.00    0.0
2014/12/13 02:55:00.000  -12.843728799  131.132744543   125.6111   5   8   5.0538   4.9580   8.2127   0.3078  -1.4463  -0.8863   0.00    0.0
2014/12/13 02:55:30.000  -12.843728366  131.132744848   125.6865   5   8   5.0543   4.9546   8.2146   0.2988  -1.3906  -0.8671   0.00    0.0
2014/12/13 02:56:00.000  -12.843727505  131.132745705   125.9712   5   8   5.0546   4.9513   8.2169   0.2893  -1.3325  -0.8480   0.00    0.0
2014/12/13 02:56:30.000  -12.843727677  131.132744820   126.1225   5   8   5.0547   4.9480   8.2195   0.2794  -1.2717  -0.8291   0.00    0.0
2014/12/13 02:57:00.000  -12.843727681  131.132744529   125.9618   5   8   5.0547   4.9449   8.2225   0.2689  -1.2078  -0.8103   0.00    0.0
2014/12/13 02:57:30.000  -12.843727363  131.132744298   125.9533   5   8   5.0545   4.9418   8.2258   0.2578  -1.1403  -0.7917   0.00    0.0
2014/12/13 02:58:00.000  -12.843728710  131.132744647   125.7680   5   8   5.0541   4.9387   8.2295   0.2460  -1.0684  -0.7734   0.00    0.0
2014/12/13 02:58:30.000  -12.843729766  131.132743953   125.7488   5   8   5.0535   4.9357   8.2335   0.2334  -0.9911  -0.7552   0.00    0.0
2014/12/13 02:59:00.000  -12.843730263  131.132744385   125.9619   5   8   5.0528   4.9328   8.2379   0.2199  -0.9072  -0.7374   0.00    0.0
2014/12/13 02:59:30.000  -12.843730054  131.132744955   125.9765   5   8   5.0519   4.9300   8.2427   0.2053  -0.8146  -0.7199   0.00    0.0
2014/12/13 03:00:00.000  -12.843730098  131.132744963   125.8982   5   8   5.0509   4.9272   8.2479   0.1894  -0.7097  -0.7028   0.00    0.0
2014/12/13 03:00:30.000  -12.843730895  131.132745047   125.9504   5   8   5.0497   4.9245   8.2534   0.1717  -0.5862  -0.6861   0.00    0.0
2014/12/13 03:01:00.000  -12.843731465  131.132745860   126.1586   5   8   5.0483   4.9219   8.2593   0.1518  -0.4280  -0.6699   0.00    0.0
2014/12/13 03:01:30.000  -12.843729723  131.132746285   126.2572   5   8   5.0468   4.9194   8.2655   0.1285  -0.1499  -0.6542   0.00    0.0
2014/12/13 03:02:00.000  -12.843727976  131.132746951   126.2571   5   8   5.0451   4.9169   8.2721   0.0994   0.3724  -0.6390   0.00    0.0
2014/12/13 03:02:30.000  -12.843728173  131.132747439   126.2742   5   8   5.0433   4.9144   8.2791   0.0565   0.5478  -0.6245   0.00    0.0
2014/12/13 03:03:00.000  -12.843729722  131.132746944   126.1959   5   8   5.0413   4.9121   8.2864  -0.0599   0.6797  -0.6107   0.00    0.0
2014/12/13 03:03:30.000  -12.843729374  131.132747035   126.0189   5   8   5.0392   4.9098   8.2942  -0.1022   0.7901  -0.5977   0.00    0.0
2014/12/13 03:04:00.000  -12.843729060  131.132746754   125.9104   5   8   5.0369   4.9076   8.3022  -0.1319   0.8871  -0.5855   0.00    0.0
2014/12/13 03:04:30.000  -12.843730026  131.132745978   125.7652   5   8   5.0345   4.9055   8.3107  -0.1562   0.9748  -0.5742   0.00    0.0
2014/12/13 03:05:00.000  -12.843731101  131.132745899   126.0311   5   8   5.0319   4.9034   8.3195  -0.1775   1.0554  -0.5639   0.00    0.0
2014/12/13 03:05:30.000  -12.843731243  131.132746196   126.2145   5   8   5.0292   4.9014   8.3288  -0.1967   1.1305  -0.5547   0.00    0.0
2014/12/13 03:06:00.000  -12.843731702  131.132745880   126.2525   5   8   5.0264   4.8995   8.3383  -0.2144   1.2011  -0.5465   0.00    0.0
2014/12/13 03:06:30.000  -12.843731703  131.132746754   126.2892   5   8   5.0234   4.8976   8.3483  -0.2309   1.2681  -0.5395   0.00    0.0
2014/12/13 03:07:00.000  -12.843731193  131.132747712   126.2399   5   8   5.0203   4.8958   8.3586  -0.2465   1.3318  -0.5338   0.00    0.0
2014/12/13 03:07:30.000  -12.843731944  131.132747186   126.4468   5   8   5.0171   4.8941   8.3694  -0.2613   1.3929  -0.5294   0.00    0.0
2014/12/13 03:08:00.000  -12.843731419  131.132747259   126.5112   5   8   5.0138   4.8925   8.3805  -0.2755   1.4516  -0.5263   0.00    0.0
2014/12/13 03:08:30.000  -12.843729949  131.132746270   126.5752   5   8   5.0103   4.8909   8.3919  -0.2892   1.5083  -0.5246   0.00    0.0
2014/12/13 03:09:00.000  -12.843730326  131.132746351   126.5455   5   8   5.0068   4.8894   8.4038  -0.3024   1.5631  -0.5243   0.00    0.0
2014/12/13 03:09:30.000  -12.843730077  131.132746119   126.3813   5   8   5.0031   4.8880   8.4160  -0.3152   1.6162  -0.5254   0.00    0.0
2014/12/13 03:10:00.000  -12.843731199  131.132746848   126.3283   5   8   4.9993   4.8867   8.4286  -0.3276   1.6679  -0.5279   0.00    0.0
2014/12/13 03:10:30.000  -12.843730327  131.132747963   126.3396   5   8   4.9955   4.8854   8.4417  -0.3397   1.7182  -0.5318   0.00    0.0
2014/12/13 03:11:00.000  -12.843729717  131.132749462   126.3897   5   8   4.9915   4.8842   8.4550  -0.3516   1.7673  -0.5372   0.00    0.0
2014/12/13 03:11:30.000  -12.843729125  131.132749864   126.5058   5   8   4.9874   4.8831   8.4688  -0.3632   1.8153  -0.5438   0.00    0.0
2014/12/13 03:12:00.000  -12.843731315  131.132750170   126.5009   5   8   4.9833   4.8821   8.4830  -0.3746   1.8623  -0.5518   0.00    0.0
2014/12/13 03:12:30.000  -12.843732489  131.132749143   126.7159   5   8   4.9791   4.8811   8.4975  -0.3858   1.9084  -0.5611   0.00    0.0
2014/12/13 03:13:00.000  -12.843732411  131.132749200   126.7486   5   8   4.9748   4.8802   8.5125  -0.3968   1.9535  -0.5716   0.00    0.0
2014/12/13 03:13:30.000  -12.843732364  131.132750994   126.8478   5   8   4.9704   4.8794   8.5278  -0.4077   1.9979  -0.5832   0.00    0.0
2014/12/13 03:14:00.000  -12.843731247  131.132749486   126.9963   5   8   4.9659   4.8786   8.5435  -0.4184   2.0415  -0.5959   0.00    0.0
2014/12/13 03:14:30.000  -12.843731881  131.132749096   127.0536   5   8   4.9614   4.8780   8.5597  -0.4290   2.0844  -0.6097   0.00    0.0
2014/12/13 03:15:00.000  -12.843731414  131.132748784   126.7928   5   8   4.9568   4.8774   8.5762  -0.4395   2.1267  -0.6244   0.00    0.0
2014/12/13 03:15:30.000  -12.843731522  131.132749323   126.5606   5   8   4.9522   4.8769   8.5931  -0.4499   2.1684  -0.6400   0.00    0.0
2014/12/13 03:16:00.000  -12.843732110  131.132749602   126.4798   5   8   4.9475   4.8765   8.6104  -0.4602   2.2096  -0.6565   0.00    0.0
2014/12/13 03:16:30.000  -12.843731742  131.132748294   126.3152   5   8   4.9427   4.8761   8.6281  -0.4704   2.2502  -0.6738   0.00    0.0
2014/12/13 03:17:00.000  -12.843732291  131.132748477   126.3233   5   8   4.9379   4.8758   8.6462  -0.4805   2.2903  -0.6917   0.00    0.0
2014/12/13 03:17:30.000  -12.843732925  131.132748922   126.4503   5   8   4.9331   4.8756   8.6647  -0.4905   2.3299  -0.7104   0.00    0.0
2014/12/13 03:18:00.000  -12.843732699  131.132748761   126.3208   5   8   4.9283   4.8755   8.6836  -0.5005   2.3691  -0.7297   0.00    0.0
2014/12/13 03:18:30.000  -12.843733239  131.132749402   126.3268   5   8   4.9234   4.8755   8.7029  -0.5105   2.4080  -0.7496   0.00    0.0
2014/12/13 03:19:00.000  -12.843732641  131.132749589   126.2260   5   8   4.9185   4.8755   8.7226  -0.5204   2.4464  -0.7700   0.00    0.0
2014/12/13 03:19:30.000  -12.843732236  131.132750374   126.4064   5   8   4.9135   4.8757   8.7427  -0.5302   2.4845  -0.7909   0.00    0.0
2014/12/13 03:20:00.000  -12.843731795  131.132750430   126.5101   5   8   4.9086   4.8759   8.7632  -0.5400   2.5222  -0.8123   0.00    0.0
2014/12/13 03:20:30.000  -12.843731265  131.132751102   126.5316   5   8   4.9036   4.8761   8.7841  -0.5498   2.5596  -0.8341   0.00    0.0
2014/12/13 03:21:00.000  -12.843732440  131.132751060   126.6874   5   8   4.8986   4.8765   8.8055  -0.5595   2.5968  -0.8564   0.00    0.0
2014/12/13 03:21:30.000  -12.843733205  131.132751089   126.7027   5   8   4.8936   4.8770   8.8272  -0.5692   2.6336  -0.8789   0.00    0.0
2014/12/13 03:22:00.000  -12.843733020  131.132750412   126.5712   5   8   4.8887   4.8775   8.8494  -0.5789   2.6702  -0.9019   0.00    0.0
2014/12/13 03:22:30.000  -12.843733136  131.132751104   126.6995   5   8   4.8837   4.8781   8.8719  -0.5886   2.7065  -0.9251   0.00    0.0
2014/12/13 03:23:00.000  -12.843733616  131.132750946   126.6119   5   8   4.8787   4.8788   8.8949  -0.5983   2.7426  -0.9487   0.00    0.0
2014/12/13 03:23:30.000  -12.843733915  131.132750945   126.6807   5   8   4.8738   4.8796   8.9183  -0.6079   2.7785  -0.9725   0.00    0.0
2014/12/13 03:24:00.000  -12.843733695  131.132751629   126.5579   5   8   4.8689   4.8804   8.9421  -0.6175   2.8141  -0.9966   0.00    0.0
2014/12/13 03:24:30.000  -12.843734138  131.132752218   126.6878   5   8   4.8640   4.8814   8.9663  -0.6272   2.8496  -1.0209   0.00    0.0
2014/12/13 03:25:00.000  -12.843734017  131.132753062   126.8722   5   8   4.8591   4.8824   8.9909  -0.6368   2.8849  -1.0455   0.00    0.0
2014/12/13 03:25:30.000  -12.843733078  131.132751798   126.8472   5   8   4.8542   4.8835   9.0160  -0.6464   2.9200  -1.0702   0.00    0.0
2014/12/13 03:26:00.000  -12.843733172  131.132750528   126.7846   5   8   4.8494   4.8847   9.0414  -0.6560   2.9549  -1.0952   0.00    0.0
2014/12/13 03:26:30.000  -12.843733835  131.132749954   126.7078   5   8   4.8447   4.8860   9.0673  -0.6656   2.9897  -1.1203   0.00    0.0
2014/12/13 03:27:00.000  -12.843733274  131.132750190   126.6267   5   8   4.8399   4.8873   9.0936  -0.6752   3.0243  -1.1457   0.00    0.0
2014/12/13 03:27:30.000  -12.843734133  131.132751634   126.6708   5   8   4.8352   4.8888   9.1203  -0.6848   3.0588  -1.1711   0.00    0.0
2014/12/13 03:28:00.000  -12.843738319  131.132753507   127.5793   5   9   4.4089   4.8467   8.5115   0.8964   2.7175   2.2766   0.00    0.0
2014/12/13 03:28:30.000  -12.843738117  131.132753825   127.6822   5   9   4.4043   4.8478   8.5359   0.8928   2.7525   2.2680   0.00    0.0
2014/12/13 03:29:00.000  -12.843738473  131.132754410   127.7619   5   9   4.3997   4.8490   8.5607   0.8890   2.7874   2.2591   0.00    0.0
2014/12/13 03:29:30.000  -12.843738321  131.132754389   127.9196   5   9   4.3951   4.8503   8.5859   0.8852   2.8220   2.2498   0.00    0.0
2014/12/13 03:30:00.000  -12.843738552  131.132755222   127.9804   5   9   4.3906   4.8517   8.6115   0.8812   2.8566   2.2403   0.00    0.0
2014/12/13 03:30:30.000  -12.843738378  131.132756035   128.0516   5   9   4.3862   4.8531   8.6375   0.8771   2.8909   2.2304   0.00    0.0
2014/12/13 03:31:00.000  -12.843738371  131.132755494   128.0912   5   9   4.3818   4.8547   8.6639   0.8729   2.9252   2.2202   0.00    0.0
2014/12/13 03:31:30.000  -12.843739279  131.132755207   127.9372   5   9   4.3774   4.8563   8.6908   0.8686   2.9593   2.2097   0.00    0.0
2014/12/13 03:32:00.000  -12.843740433  131.132755126   127.9323   5   9   4.3731   4.8580   8.7180   0.8641   2.9933   2.1988   0.00    0.0
2014/12/13 03:32:30.000  -12.843740232  131.132756301   127.9827   5   9   4.3689   4.8598   8.7457   0.8595   3.0272   2.1876   0.00    0.0
2014/12/13 03:33:00.000  -12.843739935  131.132756478   127.9041   5   9   4.3647   4.8617   8.7737   0.8547   3.0610   2.1761   0.00    0.0
2014/12/13 03:33:30.000  -12.843739322  131.132756196   127.9213   5   9   4.3606   4.8637   8.8022   0.8498   3.0947   2.1642   0.00    0.0
2014/12/13 03:34:00.000  -12.843739738  131.132755659   127.8526   5   9   4.3566   4.8658   8.8311   0.8448   3.1284   2.1519   0.00    0.0
2014/12/13 03:34:30.000  -12.843740248  131.132755636   127.7738   5   9   4.3526   4.8679   8.8605   0.8395   3.1619   2.1393   0.00    0.0
2014/12/13 03:35:00.000  -12.843740912  131.132755263   127.6022   5   9   4.3487   4.8701   8.8902   0.8342   3.1954   2.1263   0.00    0.0
2014/12/13 03:35:30.000  -12.843741279  131.132754899   127.7191   5   9   4.3449   4.8725   8.9204   0.8287   3.2288   2.1129   0.00    0.0
2014/12/13 03:36:00.000  -12.843740739  131.132754710   128.0633   5   9   4.3411   4.8749   8.9510   0.8230   3.2622   2.0991   0.00    0.0
2014/12/13 03:36:30.000  -12.843741231  131.132754897   127.9685   5   9   4.3375   4.8774   8.9821   0.8171   3.2955   2.0849   0.00    0.0
2014/12/13 03:37:00.000  -12.843742988  131.132755591   127.8156   5   9   4.3339   4.8800   9.0135   0.8111   3.3287   2.0702   0.00    0.0
2014/12/13 03:37:30.000  -12.843732128  131.132751456   130.2336   5   8   4.9281   5.0077  10.1445  -1.4027   2.4893   3.8765   0.00    0.0
2014/12/13 03:38:00.000  -12.843732050  131.132752411   130.2240   5   8   4.9194   5.0089  10.1762  -1.3960   2.5387   3.8632   0.00    0.0
2014/12/13 03:38:30.000  -12.843731010  131.132752695   130.3691   5   8   4.9109   5.0102  10.2084  -1.3894   2.5875   3.8497   0.00    0.0
2014/12/13 03:39:00.000  -12.843730993  131.132751176   130.3119   5   8   4.9025   5.0116  10.2411  -1.3829   2.6358   3.8360   0.00    0.0
2014/12/13 03:39:30.000  -12.843731405  131.132750860   130.3606   5   8   4.8942   5.0131  10.2742  -1.3765   2.6836   3.8222   0.00    0.0
2014/12/13 03:40:00.000  -12.843731534  131.132750938   130.1657   5   8   4.8860   5.0147  10.3078  -1.3702   2.7309   3.8082   0.00    0.0
2014/12/13 03:40:30.000  -12.843731863  131.132750558   130.3381   5   8   4.8780   5.0164  10.3418  -1.3640   2.7779   3.7940   0.00    0.0
2014/12/13 03:41:00.000  -12.843731182  131.132747557   129.4124   5   7   5.1102   5.5350  11.7278  -2.3365   4.5543   2.4134   0.00    0.0
2014/12/13 03:41:30.000  -12.843731848  131.132749504   129.6170   5   7   5.1012   5.5381  11.7900  -2.3315   4.6022   2.3751   0.00    0.0
2014/12/13 03:42:00.000  -12.843731886  131.132750686   129.9492   5   7   5.0923   5.5415  11.8531  -2.3267   4.6502   2.3355   0.00    0.0
2014/12/13 03:42:30.000  -12.843732087  131.132751192   129.9619   5   7   5.0837   5.5451  11.9172  -2.3223   4.6983   2.2946   0.00    0.0
2014/12/13 03:43:00.000  -12.843733117  131.132750163   129.7841   5   7   5.0753   5.5488  11.9822  -2.3181   4.7467   2.2522   0.00    0.0
2014/12/13 03:43:30.000  -12.843732711  131.132748948   129.9928   5   7   5.0672   5.5528  12.0482  -2.3143   4.7952   2.2083   0.00    0.0
2014/12/13 03:44:00.000  -12.843732555  131.132748635   130.1236   5   7   5.0592   5.5570  12.1152  -2.3107   4.8439   2.1627   0.00    0.0
2014/12/13 03:44:30.000  -12.843731752  131.132748314   130.1805   5   7   5.0515   5.5614  12.1831  -2.3075   4.8928   2.1153   0.00    0.0
2014/12/13 03:45:00.000  -12.843731999  131.132749140   130.5593   5   7   5.0440   5.5660  12.2521  -2.3046   4.9418   2.0660   0.00    0.0
2014/12/13 03:45:30.000  -12.843731949  131.132749506   130.7628   5   7   5.0368   5.5708  12.3220  -2.3020   4.9911   2.0146   0.00    0.0
2014/12/13 03:46:00.000  -12.843732948  131.132749139   130.7952   5   7   5.0298   5.5757  12.3930  -2.2996   5.0405   1.9610   0.00    0.0
2014/12/13 03:46:30.000  -12.843733552  131.132748617   130.9317   5   7   5.0230   5.5809  12.4650  -2.2976   5.0902   1.9048   0.00    0.0
2014/12/13 03:47:00.000  -12.843733623  131.132748791   130.9932   5   7   5.0164   5.5863  12.5380  -2.2960   5.1400   1.8459   0.00    0.0
2014/12/13 03:47:30.000  -12.843732469  131.132745583   129.9720   5   8   5.0098   4.6065  10.1988  -2.3340   1.8484   1.6600   0.00    0.0
2014/12/13 03:48:00.000  -12.843731207  131.132744991   130.0887   5   8   5.0037   4.6051  10.2386  -2.3350   1.9021   1.5818   0.00    0.0
2014/12/13 03:48:30.000  -12.843730976  131.132745509   129.8310   5   8   4.9978   4.6038  10.2790  -2.3361   1.9549   1.4986   0.00    0.0
2014/12/13 03:49:00.000  -12.843731330  131.132745790   129.8949   5   8   4.9922   4.6026  10.3201  -2.3375   2.0067   1.4093   0.00    0.0
2014/12/13 03:49:30.000  -12.843732258  131.132746105   130.1543   5   8   4.9869   4.6015  10.3617  -2.3390   2.0577   1.3129   0.00    0.0
2014/12/13 03:50:00.000  -12.843733221  131.132746218   130.1825   5   8   4.9818   4.6005  10.4041  -2.3407   2.1079   1.2074   0.00    0.0
2014/12/13 03:50:30.000  -12.843734768  131.132746062   130.0036   5   8   4.9769   4.5997  10.4470  -2.3426   2.1574   1.0903   0.00    0.0
2014/12/13 03:51:00.000  -12.843735084  131.132746697   130.1923   5   8   4.9723   4.5989  10.4906  -2.3447   2.2062   0.9572   0.00    0.0
2014/12/13 03:51:30.000  -12.843734416  131.132746901   130.5395   5   8   4.9679   4.5982  10.5349  -2.3470   2.2544   0.8002   0.00    0.0
2014/12/13 03:52:00.000  -12.843732886  131.132745902   130.3334   5   8   4.9638   4.5976  10.5798  -2.3495   2.3020   0.6008   0.00    0.0
2014/12/13 03:52:30.000  -12.843732820  131.132745782   130.2510   5   8   4.9600   4.5972  10.6253  -2.3521   2.3491   0.2792   0.00    0.0
2014/12/13 03:53:00.000  -12.843732997  131.132746474   130.5396   5   8   4.9564   4.5968  10.6715  -2.3550   2.3957  -0.4569   0.00    0.0
2014/12/13 03:53:30.000  -12.843733495  131.132748028   130.7434   5   8   4.9531   4.5965  10.7184  -2.3580   2.4418  -0.7065   0.00    0.0
2014/12/13 03:54:00.000  -12.843733009  131.132748060   130.8179   5   8   4.9500   4.5964  10.7660  -2.3612   2.4875  -0.8908   0.00    0.0
2014/12/13 03:54:30.000  -12.843732961  131.132747169   130.6569   5   8   4.9473   4.5963  10.8142  -2.3646   2.5328  -1.0448   0.00    0.0
2014/12/13 03:55:00.000  -12.843732985  131.132747634   130.8593   5   8   4.9447   4.5964  10.8631  -2.3681   2.5777  -1.1806   0.00    0.0
2014/12/13 03:55:30.000  -12.843732976  131.132748021   131.3173   5   8   4.9425   4.5965  10.9127  -2.3719   2.6222  -1.3039   0.00    0.0
2014/12/13 03:56:00.000  -12.843733085  131.132748540   131.5626   5   8   4.9405   4.5967  10.9630  -2.3758   2.6664  -1.4179   0.00    0.0
2014/12/13 03:56:30.000  -12.843732577  131.132748081   131.3816   5   8   4.9388   4.5970  11.0139  -2.3799   2.7102  -1.5248   0.00    0.0
2014/12/13 03:57:00.000  -12.843732906  131.132746878   131.1128   5   8   4.9373   4.5975  11.0656  -2.3842   2.7537  -1.6260   0.00    0.0
2014/12/13 03:57:30.000  -12.843733482  131.132746759   131.0728   5   8   4.9361   4.5980  11.1179  -2.3887   2.7970  -1.7226   0.00    0.0
2014/12/13 03:58:00.000  -12.843734587  131.132746675   131.3890   5   8   4.9352   4.5986  11.1709  -2.3933   2.8399  -1.8153   0.00    0.0
2014/12/13 03:58:30.000  -12.843735062  131.132746760   131.5290   5   8   4.9346   4.5993  11.2247  -2.3981   2.8826  -1.9046   0.00    0.0
2014/12/13 03:59:00.000  -12.843735230  131.132746739   131.8084   5   8   4.9342   4.6001  11.2791  -2.4031   2.9250  -1.9911   0.00    0.0
2014/12/13 03:59:30.000  -12.843734266  131.132746566   131.8193   5   8   4.9341   4.6010  11.3342  -2.4082   2.9672  -2.0752   0.00    0.0
2014/12/13 04:00:00.000  -12.843734048  131.132747397   132.0358   5   8   4.9343   4.6019  11.3900  -2.4135   3.0091  -2.1571   0.00    0.0
2014/12/13 04:00:30.000  -12.843733248  131.132747498   131.7919   5   8   4.9347   4.6030  11.4464  -2.4190   3.0508  -2.2370   0.00    0.0
2014/12/13 04:01:00.000  -12.843733379  131.132746975   131.7115   5   8   4.9354   4.6041  11.5036  -2.4246   3.0922  -2.3153   0.00    0.0
2014/12/13 04:01:30.000  -12.843734462  131.132746256   131.6177   5   8   4.9364   4.6054  11.5615  -2.4304   3.1334  -2.3920   0.00    0.0
2014/12/13 04:02:00.000  -12.843735507  131.132744508   131.4744   5   8   4.9377   4.6067  11.6200  -2.4363   3.1744  -2.4674   0.00    0.0
2014/12/13 04:02:30.000  -12.843737131  131.132744743   131.5392   5   8   4.9393   4.6081  11.6792  -2.4424   3.2152  -2.5416   0.00    0.0
2014/12/13 04:03:00.000  -12.843737558  131.132744888   131.6776   5   8   4.9411   4.6095  11.7392  -2.4486   3.2558  -2.6147   0.00    0.0
2014/12/13 04:03:30.000  -12.843738639  131.132745030   131.8793   5   8   4.9432   4.6111  11.7997  -2.4550   3.2961  -2.6867   0.00    0.0
2014/12/13 04:04:00.000  -12.843738908  131.132745812   132.1285   5   8   4.9456   4.6127  11.8610  -2.4615   3.3363  -2.7578   0.00    0.0
2014/12/13 04:04:30.000  -12.843738476  131.132746811   132.2571   5   8   4.9482   4.6144  11.9229  -2.4681   3.3762  -2.8281   0.00    0.0
2014/12/13 04:05:00.000  -12.843737389  131.132746340   132.3888   5   8   4.9511   4.6161  11.9855  -2.4749   3.4159  -2.8976   0.00    0.0
2014/12/13 04:05:30.000  -12.843735922  131.132746596   132.3902   5   8   4.9543   4.6179  12.0487  -2.4818   3.4554  -2.9665   0.00    0.0
2014/12/13 04:06:00.000  -12.843735784  131.132746803   132.1492   5   8   4.9578   4.6198  12.1126  -2.4888   3.4947  -3.0346   0.00    0.0
2014/12/13 04:06:30.000  -12.843736817  131.132746362   132.2617   5   8   4.9615   4.6218  12.1771  -2.4959   3.5338  -3.1021   0.00    0.0
2014/12/13 04:07:00.000  -12.843737877  131.132747053   132.5870   5   8   4.9655   4.6238  12.2422  -2.5032   3.5726  -3.1691   0.00    0.0
2014/12/13 04:07:30.000  -12.843738167  131.132747063   133.1387   5   8   4.9698   4.6258  12.3079  -2.5105   3.6112  -3.2356   0.00    0.0
2014/12/13 04:08:00.000  -12.843739789  131.132746820   133.2251   5   8   4.9743   4.6279  12.3743  -2.5179   3.6496  -3.3015   0.00    0.0
2014/12/13 04:08:30.000  -12.843740460  131.132747183   133.3044   5   8   4.9791   4.6301  12.4412  -2.5255   3.6877  -3.3670   0.00    0.0
2014/12/13 04:09:00.000  -12.843740206  131.132747608   133.6372   5   8   4.9841   4.6323  12.5087  -2.5331   3.7256  -3.4321   0.00    0.0
2014/12/13 04:09:30.000  -12.843739962  131.132746906   133.7018   5   8   4.9895   4.6345  12.5767  -2.5408   3.7632  -3.4967   0.00    0.0
2014/12/13 04:10:00.000  -12.843740264  131.132745973   133.5426   5   8   4.9950   4.6368  12.6453  -2.5485   3.8006  -3.5609   0.00    0.0
2014/12/13 04:10:30.000  -12.843741060  131.132744371   133.4302   5   8   5.0009   4.6391  12.7144  -2.5564   3.8377  -3.6248   0.00    0.0
2014/12/13 04:11:00.000  -12.843742019  131.132744576   133.5894   5   8   5.0069   4.6415  12.7841  -2.5642   3.8744  -3.6883   0.00    0.0
2014/12/13 04:11:30.000  -12.843742196  131.132745862   133.9473   5   8   5.0132   4.6438  12.8541  -2.5722   3.9109  -3.7514   0.00    0.0
2014/12/13 04:12:00.000  -12.843742798  131.132746119   134.3010   5   8   5.0198   4.6462  12.9247  -2.5801   3.9471  -3.8142   0.00    0.0
2014/12/13 04:12:30.000  -12.843742466  131.132745283   133.9265   5   8   5.0266   4.6486  12.9957  -2.5881   3.9830  -3.8766   0.00    0.0
2014/12/13 04:13:00.000  -12.843742242  131.132745404   134.2590   5   8   5.0336   4.6511  13.0670  -2.5961   4.0185  -3.9387   0.00    0.0
2014/12/13 04:13:30.000  -12.843742722  131.132745327   134.3137   5   9   4.8769   4.5522  12.0931  -2.8308   3.3869  -4.7492   0.00    0.0
2014/12/13 04:14:00.000  -12.843744113  131.132744871   134.3865   5   9   4.8842   4.5546  12.1753  -2.8386   3.4295  -4.8008   0.00    0.0
2014/12/13 04:14:30.000  -12.843744448  131.132746004   134.5434   5   9   4.8916   4.5570  12.2582  -2.8463   3.4718  -4.8523   0.00    0.0
2014/12/13 04:15:00.000  -12.843745118  131.132745550   134.3285   5   9   4.8992   4.5595  12.3418  -2.8541   3.5137  -4.9038   0.00    0.0
2014/12/13 04:15:30.000  -12.843745017  131.132745610   134.4328   5   9   4.9069   4.5620  12.4260  -2.8619   3.5553  -4.9552   0.00    0.0
2014/12/13 04:16:00.000  -12.843744970  131.132744312   134.3436   5   9   4.9147   4.5646  12.5109  -2.8696   3.5966  -5.0066   0.00    0.0
2014/12/13 04:16:30.000  -12.843745334  131.132744592   134.8358   5   9   4.9226   4.5672  12.5964  -2.8773   3.6374  -5.0578   0.00    0.0
2014/12/13 04:17:00.000  -12.843745045  131.132744981   135.2027   5   9   4.9306   4.5697  12.6824  -2.8850   3.6779  -5.1088   0.00    0.0
2014/12/13 04:17:30.000  -12.843745174  131.132746134   135.1548   5   9   4.9386   4.5723  12.7690  -2.8926   3.7180  -5.1597   0.00    0.0
2014/12/13 04:18:00.000  -12.843745590  131.132745372   135.0536   5   9   4.9468   4.5749  12.8560  -2.9001   3.7576  -5.2105   0.00    0.0
2014/12/13 04:18:30.000  -12.843746607  131.132744989   135.3790   5   9   4.9550   4.5775  12.9435  -2.9076   3.7968  -5.2610   0.00    0.0
2014/12/13 04:19:00.000  -12.843747379  131.132745974   135.7629   5   9   4.9632   4.5801  13.0313  -2.9150   3.8355  -5.3112   0.00    0.0
2014/12/13 04:19:30.000  -12.843748838  131.132747287   136.2745   5   9   4.9715   4.5827  13.1195  -2.9223   3.8738  -5.3612   0.00    0.0
2014/12/13 04:20:00.000  -12.843749624  131.132746912   136.5258   5   9   4.9798   4.5853  13.2080  -2.9294   3.9115  -5.4110   0.00    0.0
2014/12/13 04:20:30.000  -12.843751082  131.132747604   137.0970   5   9   4.9881   4.5878  13.2967  -2.9364   3.9487  -5.4603   0.00    0.0
2014/12/13 04:21:00.000  -12.843752077  131.132747098   137.1787   5   9   4.9964   4.5904  13.3855  -2.9433   3.9853  -5.5093   0.00    0.0
2014/12/13 04:21:30.000  -12.843751956  131.132746521   137.1321   5   9   5.0046   4.5928  13.4745  -2.9500   4.0214  -5.5580   0.00    0.0
2014/12/13 04:22:00.000  -12.843752668  131.132746820   137.3410   5   9   5.0128   4.5953  13.5635  -2.9566   4.0569  -5.6061   0.00    0.0
2014/12/13 04:22:30.000  -12.843751995  131.132745284   137.0651   5   9   5.0210   4.5977  13.6524  -2.9629   4.0917  -5.6538   0.00    0.0
2014/12/13 04:23:00.000  -12.843751525  131.132744262   137.0405   5   9   5.0291   4.6001  13.7412  -2.9690   4.1258  -5.7010   0.00    0.0
2014/12/13 04:23:30.000  -12.843752188  131.132743943   137.3145   5   9   5.0370   4.6024  13.8299  -2.9750   4.1593  -5.7476   0.00    0.0
2014/12/13 04:24:00.000  -12.843753516  131.132744464   137.6259   5   9   5.0449   4.6046  13.9183  -2.9806   4.1920  -5.7936   0.00    0.0
2014/12/13 04:24:30.000  -12.843753992  131.132744483   138.0734   5   9   5.0527   4.6068  14.0064  -2.9860   4.2239  -5.8390   0.00    0.0
2014/12/13 04:25:00.000  -12.843754983  131.132744446   138.3336   5   9   5.0603   4.6089  14.0940  -2.9912   4.2550  -5.8837   0.00    0.0
2014/12/13 04:25:30.000  -12.843756068  131.132744743   138.8616   5   9   5.0677   4.6109  14.1811  -2.9960   4.2854  -5.9276   0.00    0.0
2014/12/13 04:26:00.000  -12.843756537  131.132745564   139.3864   5   9   5.0749   4.6128  14.2676  -3.0006   4.3148  -5.9707   0.00    0.0
2014/12/13 04:26:30.000  -12.843756858  131.132746697   139.7488   5   9   5.0820   4.6147  14.3534  -3.0048   4.3433  -6.0130   0.00    0.0
2014/12/13 04:27:00.000  -12.843757577  131.132748486   140.0935   5   9   5.0888   4.6164  14.4384  -3.0086   4.3709  -6.0545   0.00    0.0
2014/12/13 04:27:30.000  -12.843758719  131.132748756   140.3179   5   9   5.0953   4.6180  14.5226  -3.0121   4.3976  -6.0949   0.00    0.0
2014/12/13 04:28:00.000  -12.843759041  131.132748036   140.5927   5   9   5.1016   4.6196  14.6057  -3.0153   4.4232  -6.1344   0.00    0.0
2014/12/13 04:28:30.000  -12.843759556  131.132747663   140.6099   5   9   5.1077   4.6210  14.6877  -3.0180   4.4477  -6.1729   0.00    0.0
2014/12/13 04:29:00.000  -12.843759961  131.132747460   140.4098   5   9   5.1134   4.6222  14.7685  -3.0203   4.4712  -6.2102   0.00    0.0
2014/12/13 04:29:30.000  -12.843760968  131.132747696   140.7897   5   9   5.1187   4.6234  14.8481  -3.0222   4.4935  -6.2464   0.00    0.0
2014/12/13 04:30:00.000  -12.843750743  131.132755406   134.7103   5   8   5.4308   4.7693  17.5584  -2.6538   3.0979  -7.4901   0.00    0.0
2014/12/13 04:30:30.000  -12.843750720  131.132755429   134.5561   5   8   5.4479   4.7656  17.7071  -2.6530   3.1253  -7.5610   0.00    0.0
2014/12/13 04:31:00.000  -12.843750464  131.132756242   134.4047   5   8   5.4648   4.7619  17.8555  -2.6518   3.1512  -7.6311   0.00    0.0
2014/12/13 04:31:30.000  -12.843752138  131.132757136   134.7401   5   8   5.4815   4.7583  18.0033  -2.6503   3.1753  -7.7004   0.00    0.0
2014/12/13 04:32:00.000  -12.843752771  131.132757545   135.0472   5   8   5.4979   4.7547  18.1504  -2.6483   3.1977  -7.7688   0.00    0.0
2014/12/13 04:32:30.000  -12.843753020  131.132756402   135.2894   5   8   5.5140   4.7510  18.2965  -2.6458   3.2183  -7.8361   0.00    0.0
2014/12/13 04:33:00.000  -12.843752720  131.132755342   134.9520   5   8   5.5298   4.7474  18.4415  -2.6429   3.2371  -7.9022   0.00    0.0
2014/12/13 04:33:30.000  -12.843751906  131.132754494   134.9167   5   8   5.5452   4.7438  18.5850  -2.6395   3.2540  -7.9670   0.00    0.0
2014/12/13 04:34:00.000  -12.843752609  131.132755000   135.3768   5   8   5.5602   4.7402  18.7269  -2.6356   3.2689  -8.0305   0.00    0.0
2014/12/13 04:34:30.000  -12.843753290  131.132755702   135.6204   5   8   5.5747   4.7365  18.8670  -2.6311   3.2818  -8.0925   0.00    0.0
2014/12/13 04:35:00.000  -12.843753560  131.132755834   135.6614   5   8   5.5887   4.7329  19.0049  -2.6261   3.2926  -8.1528   0.00    0.0
2014/12/13 04:35:30.000  -12.843754176  131.132755534   135.6999   5   8   5.6021   4.7293  19.1404  -2.6204   3.3012  -8.2114   0.00    0.0
2014/12/13 04:36:00.000  -12.843754936  131.132756090   135.8918   5   8   5.6149   4.7256  19.2732  -2.6142   3.3076  -8.2682   0.00    0.0
2014/12/13 04:36:30.000  -12.843755928  131.132756852   136.4335   5   8   5.6271   4.7220  19.4032  -2.6073   3.3118  -8.3229   0.00    0.0
2014/12/13 04:37:00.000  -12.843757924  131.132757295   136.7896   5   8   5.6385   4.7184  19.5299  -2.5998   3.3136  -8.3756   0.00    0.0
2014/12/13 04:37:30.000  -12.843757619  131.132757420   136.5721   5   8   5.6492   4.7147  19.6532  -2.5916   3.3130  -8.4259   0.00    0.0
2014/12/13 04:38:00.000  -12.843759225  131.132758462   137.0280   5   8   5.6591   4.7111  19.7728  -2.5827   3.3100  -8.4740   0.00    0.0
2014/12/13 04:38:30.000  -12.843759139  131.132758175   137.0117   5   8   5.6681   4.7075  19.8883  -2.5731   3.3044  -8.5195   0.00    0.0
2014/12/13 04:39:00.000  -12.843760585  131.132757872   136.9111   5   8   5.6763   4.7039  19.9995  -2.5627   3.2963  -8.5624   0.00    0.0
2014/12/13 04:39:30.000  -12.843761455  131.132758368   137.4133   5   8   5.6835   4.7003  20.1062  -2.5516   3.2855  -8.6026   0.00    0.0
2014/12/13 04:40:00.000  -12.843762080  131.132759001   137.5807   5   8   5.6898   4.6967  20.2080  -2.5398   3.2721  -8.6399   0.00    0.0
2014/12/13 04:40:30.000  -12.843761296  131.132758022   137.6162   5   8   5.6950   4.6932  20.3048  -2.5273   3.2558  -8.6742   0.00    0.0
2014/12/13 04:41:00.000  -12.843760681  131.132756778   137.7351   5   8   5.6992   4.6897  20.3962  -2.5139   3.2368  -8.7055   0.00    0.0
2014/12/13 04:41:30.000  -12.843760563  131.132757535   138.4936   5   8   5.7024   4.6862  20.4821  -2.4998   3.2150  -8.7337   0.00    0.0
2014/12/13 04:42:00.000  -12.843760884  131.132757408   138.6808   5   8   5.7044   4.6827  20.5622  -2.4849   3.1902  -8.7585   0.00    0.0
2014/12/13 04:42:30.000  -12.843761406  131.132756792   138.2183   5   8   5.7053   4.6793  20.6362  -2.4693   3.1626  -8.7800   0.00    0.0
2014/12/13 04:43:00.000  -12.843761200  131.132757555   137.9444   5   8   5.7050   4.6760  20.7041  -2.4529   3.1319  -8.7981   0.00    0.0
2014/12/13 04:43:30.000  -12.843762357  131.132757846   137.9628   5   8   5.7036   4.6727  20.7655  -2.4357   3.0983  -8.8127   0.00    0.0
2014/12/13 04:44:00.000  -12.843762726  131.132757793   137.9073   5   8   5.7010   4.6694  20.8203  -2.4178   3.0616  -8.8237   0.00    0.0
2014/12/13 04:44:30.000  -12.843762715  131.132757962   138.1785   5   8   5.6972   4.6663  20.8685  -2.3991   3.0218  -8.8311   0.00    0.0
2014/12/13 04:45:00.000  -12.843764086  131.132758820   138.8529   5   8   5.6922   4.6632  20.9098  -2.3797   2.9790  -8.8348   0.00    0.0
2014/12/13 04:45:30.000  -12.843764563  131.132758420   139.1974   5   8   5.6860   4.6602  20.9442  -2.3596   2.9330  -8.8349   0.00    0.0
2014/12/13 04:46:00.000  -12.843764499  131.132757564   139.1285   5   8   5.6786   4.6573  20.9715  -2.3388   2.8838  -8.8313   0.00    0.0
2014/12/13 04:46:30.000  -12.843765262  131.132757265   138.9885   5   8   5.6700   4.6544  20.9918  -2.3173   2.8314  -8.8239   0.00    0.0
2014/12/13 04:47:00.000  -12.843765177  131.132757498   139.0100   5   8   5.6603   4.6517  21.0049  -2.2952   2.7758  -8.8129   0.00    0.0
2014/12/13 04:47:30.000  -12.843764649  131.132757136   138.9120   5   8   5.6494   4.6492  21.0109  -2.2725   2.7170  -8.7982   0.00    0.0
2014/12/13 04:48:00.000  -12.843763841  131.132757101   138.6512   5   8   5.6373   4.6467  21.0098  -2.2492   2.6548  -8.7798   0.00    0.0
2014/12/13 04:48:30.000  -12.843763107  131.132757211   138.6404   5   8   5.6242   4.6444  21.0016  -2.2253   2.5893  -8.7578   0.00    0.0
2014/12/13 04:49:00.000  -12.843763177  131.132758139   138.7087   5   8   5.6099   4.6422  20.9864  -2.2009   2.5203  -8.7322   0.00    0.0
2014/12/13 04:49:30.000  -12.843764190  131.132758940   138.4998   5   8   5.5947   4.6401  20.9642  -2.1761   2.4478  -8.7031   0.00    0.0
2014/12/13 04:50:00.000  -12.843764126  131.132758993   137.9382   5   8   5.5784   4.6382  20.9352  -2.1507   2.3717  -8.6706   0.00    0.0
2014/12/13 04:50:30.000  -12.843763926  131.132758488   137.8859   5   8   5.5611   4.6364  20.8995  -2.1250   2.2918  -8.6347   0.00    0.0
2014/12/13 04:51:00.000  -12.843763229  131.132759053   138.0129   5   8   5.5430   4.6348  20.8571  -2.0989   2.2080  -8.5955   0.00    0.0
2014/12/13 04:51:30.000  -12.843762398  131.132759380   137.7537   5   8   5.5240   4.6334  20.8084  -2.0724   2.1200  -8.5531   0.00    0.0
2014/12/13 04:52:00.000  -12.843762519  131.132759229   137.2608   5   8   5.5041   4.6321  20.7534  -2.0457   2.0277  -8.5077   0.00    0.0
2014/12/13 04:52:30.000  -12.843762610  131.132759594   137.0686   5   8   5.4835   4.6310  20.6924  -2.0187   1.9305  -8.4592   0.00    0.0
2014/12/13 04:53:00.000  -12.843763723  131.132760754   137.5550   5   8   5.4622   4.6300  20.6256  -1.9915   1.8280  -8.4080   0.00    0.0
2014/12/13 04:53:30.000  -12.843764597  131.132759154   137.7496   5   8   5.4402   4.6293  20.5531  -1.9641   1.7196  -8.3540   0.00    0.0
2014/12/13 04:54:00.000  -12.843765189  131.132759287   137.7172   5   8   5.4176   4.6287  20.4752  -1.9365   1.6043  -8.2973   0.00    0.0
2014/12/13 04:54:30.000  -12.843765693  131.132758916   137.8225   5   8   5.3945   4.6283  20.3922  -1.9089   1.4809  -8.2382   0.00    0.0
2014/12/13 04:55:00.000  -12.843765807  131.132758779   137.7484   5   8   5.3709   4.6281  20.3043  -1.8812   1.3473  -8.1768   0.00    0.0
2014/12/13 04:55:30.000  -12.843764407  131.132758996   137.5578   5   8   5.3468   4.6280  20.2117  -1.8534   1.2005  -8.1131   0.00    0.0
2014/12/13 04:56:00.000  -12.843763341  131.132759477   137.0666   5   8   5.3224   4.6281  20.1148  -1.8257   1.0354  -8.0473   0.00    0.0
2014/12/13 04:56:30.000  -12.843763225  131.132760161   136.5807   5   8   5.2976   4.6285  20.0137  -1.7980   0.8416  -7.9796   0.00    0.0
2014/12/13 04:57:00.000  -12.843763465  131.132760128   136.2136   5   8   5.2726   4.6290  19.9087  -1.7704   0.5920  -7.9100   0.00    0.0
2014/12/13 04:57:30.000  -12.843764971  131.132759084   136.2355   5   8   5.2474   4.6296  19.8001  -1.7429  -0.0278  -7.8387   0.00    0.0
2014/12/13 04:58:00.000  -12.843765574  131.132759177   136.3992   5   8   5.2220   4.6305  19.6882  -1.7155  -0.5872  -7.7659   0.00    0.0
2014/12/13 04:58:30.000  -12.843765409  131.132759923   136.4803   5   8   5.1965   4.6315  19.5731  -1.6883  -0.8254  -7.6917   0.00    0.0
2014/12/13 04:59:00.000  -12.843763997  131.132758731   135.7933   5   8   5.1709   4.6327  19.4552  -1.6612  -1.0048  -7.6161   0.00    0.0
2014/12/13 04:59:30.000  -12.843763753  131.132758649   135.5843   5   8   5.1454   4.6341  19.3347  -1.6344  -1.1530  -7.5393   0.00    0.0
2014/12/13 05:00:00.000  -12.843763579  131.132759722   135.7500   5   8   5.1198   4.6356  19.2118  -1.6078  -1.2809  -7.4615   0.00    0.0
2014/12/13 05:00:30.000  -12.843764307  131.132760057   136.1548   5   8   5.0943   4.6373  19.0868  -1.5815  -1.3938  -7.3826   0.00    0.0
2014/12/13 05:01:00.000  -12.843765033  131.132760385   136.3324   5   8   5.0690   4.6392  18.9599  -1.5554  -1.4952  -7.3030   0.00    0.0
2014/12/13 05:01:30.000  -12.843765326  131.132760434   136.2978   5   8   5.0438   4.6412  18.8313  -1.5296  -1.5871  -7.2226   0.00    0.0
2014/12/13 05:02:00.000  -12.843764059  131.132760737   136.0801   5   8   5.0187   4.6434  18.7013  -1.5041  -1.6711  -7.1415   0.00    0.0
2014/12/13 05:02:30.000  -12.843763538  131.132760778   136.0966   5   8   4.9939   4.6458  18.5700  -1.4789  -1.7483  -7.0599   0.00    0.0
2014/12/13 05:03:00.000  -12.843756064  131.132745086   144.0503   5   7   5.0968   5.2693  22.1428  -2.2192  -5.8089  -5.8994   0.00    0.0
2014/12/13 05:03:30.000  -12.843755740  131.132743963   144.7738   5   7   5.0715   5.2739  22.0762  -2.2002  -5.8516  -5.8019   0.00    0.0
2014/12/13 05:04:00.000  -12.843754932  131.132744548   144.3088   5   7   5.0467   5.2785  22.0057  -2.1822  -5.8917  -5.7031   0.00    0.0
2014/12/13 05:04:30.000  -12.843754635  131.132744230   144.3920   5   7   5.0226   5.2833  21.9313  -2.1653  -5.9291  -5.6029   0.00    0.0
2014/12/13 05:05:00.000  -12.843754525  131.132743845   144.6302   5   7   4.9990   5.2882  21.8532  -2.1493  -5.9640  -5.5015   0.00    0.0
2014/12/13 05:05:30.000  -12.843755264  131.132743816   143.9769   5   7   4.9761   5.2931  21.7716  -2.1343  -5.9963  -5.3988   0.00    0.0
2014/12/13 05:06:00.000  -12.843754046  131.132743502   143.4474   5   7   4.9538   5.2981  21.6865  -2.1202  -6.0261  -5.2950   0.00    0.0
2014/12/13 05:06:30.000  -12.843753235  131.132743269   142.8139   5   7   4.9321   5.3032  21.5983  -2.1071  -6.0535  -5.1901   0.00    0.0
2014/12/13 05:07:00.000  -12.843753428  131.132743926   142.4154   5   7   4.9110   5.3083  21.5069  -2.0948  -6.0785  -5.0840   0.00    0.0
2014/12/13 05:07:30.000  -12.843753475  131.132743212   143.1692   5   7   4.8905   5.3134  21.4126  -2.0833  -6.1012  -4.9769   0.00    0.0
2014/12/13 05:08:00.000  -12.843753233  131.132743474   142.7531   5   7   4.8707   5.3186  21.3154  -2.0727  -6.1217  -4.8687   0.00    0.0
2014/12/13 05:08:30.000  -12.843752486  131.132743977   142.0376   5   7   4.8515   5.3237  21.2157  -2.0629  -6.1399  -4.7594   0.00    0.0
2014/12/13 05:09:00.000  -12.843751112  131.132744233   141.8360   5   7   4.8329   5.3289  21.1134  -2.0537  -6.1561  -4.6492   0.00    0.0
2014/12/13 05:09:30.000  -12.843750627  131.132744104   142.0097   5   7   4.8150   5.3340  21.0088  -2.0453  -6.1701  -4.5379   0.00    0.0
2014/12/13 05:10:00.000  -12.843751414  131.132744002   142.1851   5   7   4.7977   5.3391  20.9020  -2.0375  -6.1821  -4.4256   0.00    0.0
2014/12/13 05:10:30.000  -12.843751768  131.132743928   142.1522   5   7   4.7810   5.3442  20.7931  -2.0303  -6.1922  -4.3123   0.00    0.0
2014/12/13 05:11:00.000  -12.843751741  131.132743589   140.9513   5   7   4.7649   5.3493  20.6824  -2.0237  -6.2004  -4.1979   0.00    0.0
2014/12/13 05:11:30.000  -12.843751328  131.132744292   140.1017   5   7   4.7494   5.3543  20.5699  -2.0177  -6.2067  -4.0825   0.00    0.0
2014/12/13 05:12:00.000  -12.843750796  131.132745736   139.6124   5   7   4.7345   5.3593  20.4558  -2.0121  -6.2113  -3.9659   0.00    0.0
2014/12/13 05:12:30.000  -12.843750034  131.132746797   138.8600   5   7   4.7202   5.3643  20.3402  -2.0070  -6.2141  -3.8482   0.00    0.0
2014/12/13 05:13:00.000  -12.843748596  131.132747318   138.8862   5   7   4.7065   5.3692  20.2233  -2.0023  -6.2153  -3.7292   0.00    0.0
2014/12/13 05:13:30.000  -12.843746530  131.132747736   138.2439   5   7   4.6934   5.3740  20.1052  -1.9980  -6.2149  -3.6089   0.00    0.0
2014/12/13 05:14:00.000  -12.843746303  131.132747569   137.3288   5   7   4.6808   5.3789  19.9860  -1.9941  -6.2129  -3.4871   0.00    0.0
2014/12/13 05:14:30.000  -12.843745267  131.132747983   137.1290   5   7   4.6688   5.3836  19.8658  -1.9904  -6.2095  -3.3637   0.00    0.0
2014/12/13 05:15:00.000  -12.843744459  131.132748814   136.5595   5   7   4.6573   5.3883  19.7449  -1.9871  -6.2046  -3.2385   0.00    0.0
2014/12/13 05:15:30.000  -12.843743813  131.132749423   135.6286   5   7   4.6464   5.3930  19.6232  -1.9839  -6.1984  -3.1114   0.00    0.0
2014/12/13 05:16:00.000  -12.843743043  131.132750998   135.2150   5   7   4.6360   5.3976  19.5009  -1.9810  -6.1908  -2.9821   0.00    0.0
2014/12/13 05:16:30.000  -12.843742469  131.132751699   134.9645   5   7   4.6262   5.4022  19.3781  -1.9783  -6.1820  -2.8502   0.00    0.0
2014/12/13 05:17:00.000  -12.843741805  131.132752166   134.6723   5   7   4.6168   5.4067  19.2550  -1.9758  -6.1719  -2.7155   0.00    0.0
2014/12/13 05:17:30.000  -12.843741389  131.132752341   134.0211   5   7   4.6079   5.4112  19.1315  -1.9733  -6.1607  -2.5773   0.00    0.0
2014/12/13 05:18:00.000  -12.843741911  131.132751949   133.3570   5   7   4.5995   5.4157  19.0079  -1.9710  -6.1483  -2.4352   0.00    0.0
2014/12/13 05:18:30.000  -12.843742397  131.132753085   133.1593   5   7   4.5916   5.4201  18.8842  -1.9687  -6.1349  -2.2883   0.00    0.0
2014/12/13 05:19:00.000  -12.843741901  131.132753773   132.8315   5   7   4.5841   5.4245  18.7605  -1.9665  -6.1205  -2.1356   0.00    0.0
2014/12/13 05:19:30.000  -12.843742620  131.132753832   132.4098   5   7   4.5771   5.4288  18.6368  -1.9644  -6.1051  -1.9757   0.00    0.0
2014/12/13 05:20:00.000  -12.843742097  131.132754674   132.2185   5   7   4.5705   5.4331  18.5133  -1.9622  -6.0887  -1.8067   0.00    0.0
2014/12/13 05:20:30.000  -12.843742192  131.132753000   132.3890   5   7   4.5644   5.4374  18.3901  -1.9601  -6.0715  -1.6255   0.00    0.0
2014/12/13 05:21:00.000  -12.843741394  131.132753201   132.2677   5   7   4.5587   5.4417  18.2672  -1.9579  -6.0534  -1.4275   0.00    0.0
2014/12/13 05:21:30.000  -12.843741944  131.132753854   132.2841   5   7   4.5533   5.4459  18.1446  -1.9556  -6.0345  -1.2044   0.00    0.0
2014/12/13 05:22:00.000  -12.843741191  131.132754444   132.0949   5   7   4.5484   5.4502  18.0225  -1.9533  -6.0148  -0.9381   0.00    0.0
2014/12/13 05:22:30.000  -12.843740838  131.132754670   132.2765   5   7   4.5439   5.4544  17.9009  -1.9510  -5.9944  -0.5710   0.00    0.0
2014/12/13 05:23:00.000  -12.843741005  131.132755123   132.1819   5   7   4.5397   5.4586  17.7798  -1.9485  -5.9732   0.4602   0.00    0.0
2014/12/13 05:23:30.000  -12.843741546  131.132755374   131.6639   5   7   4.5359   5.4628  17.6593  -1.9459  -5.9514   0.8566   0.00    0.0
2014/12/13 05:24:00.000  -12.843741404  131.132756448   131.1937   5   7   4.5324   5.4671  17.5395  -1.9432  -5.9290   1.1137   0.00    0.0
2014/12/13 05:24:30.000  -12.843738975  131.132759578   129.4365   5   6   5.2469   6.1915  27.0584   1.9778  -9.7410  -7.2877   0.00    0.0
2014/12/13 05:25:00.000  -12.843739980  131.132759842   129.2718   5   6   5.2148   6.1815  26.6604   1.9169  -9.6327  -7.0931   0.00    0.0
2014/12/13 05:25:30.000  -12.843740693  131.132759172   129.1127   5   6   5.1845   6.1717  26.2725   1.8571  -9.5260  -6.9030   0.00    0.0
2014/12/13 05:26:00.000  -12.843741198  131.132759108   129.3157   5   6   5.1560   6.1623  25.8943   1.7982  -9.4211  -6.7173   0.00    0.0
2014/12/13 05:26:30.000  -12.843741502  131.132758737   129.5113   5   6   5.1292   6.1531  25.5258   1.7404  -9.3179  -6.5356   0.00    0.0
2014/12/13 05:27:00.000  -12.843742690  131.132759097   129.2963   5   6   5.1040   6.1442  25.1667   1.6836  -9.2164  -6.3580   0.00    0.0
2014/12/13 05:27:30.000  -12.843743917  131.132758495   129.8222   5   6   5.0803   6.1356  24.8167   1.6278  -9.1166  -6.1842   0.00    0.0
2014/12/13 05:28:00.000  -12.843743693  131.132758816   130.4087   5   6   5.0581   6.1274  24.4756   1.5731  -9.0185  -6.0141   0.00    0.0
2014/12/13 05:28:30.000  -12.843742978  131.132758988   130.5456   5   6   5.0373   6.1194  24.1432   1.5193  -8.9220  -5.8475   0.00    0.0
2014/12/13 05:29:00.000  -12.843742569  131.132758982   129.9814   5   6   5.0178   6.1118  23.8191   1.4665  -8.8271  -5.6844   0.00    0.0
2014/12/13 05:29:30.000  -12.843742724  131.132757734   130.2173   5   6   4.9996   6.1045  23.5033   1.4147  -8.7338  -5.5244   0.00    0.0
2014/12/13 05:30:00.000  -12.843742259  131.132758156   130.5977   5   6   4.9825   6.0975  23.1954   1.3640  -8.6421  -5.3676   0.00    0.0
2014/12/13 05:30:30.000  -12.843743316  131.132758560   130.6493   5   6   4.9666   6.0908  22.8953   1.3142  -8.5519  -5.2136   0.00    0.0
2014/12/13 05:31:00.000  -12.843743829  131.132759540   130.2588   5   6   4.9518   6.0845  22.6027   1.2654  -8.4632  -5.0625   0.00    0.0
2014/12/13 05:31:30.000  -12.843744547  131.132759868   130.0201   5   6   4.9380   6.0785  22.3174   1.2176  -8.3760  -4.9140   0.00    0.0
2014/12/13 05:32:00.000  -12.843744606  131.132759150   130.3177   5   6   4.9252   6.0728  22.0392   1.1708  -8.2902  -4.7680   0.00    0.0
2014/12/13 05:32:30.000  -12.843744585  131.132759765   130.2637   5   6   4.9133   6.0675  21.7678   1.1250  -8.2059  -4.6244   0.00    0.0
2014/12/13 05:33:00.000  -12.843744470  131.132760615   130.2452   5   6   4.9022   6.0625  21.5032   1.0803  -8.1229  -4.4830   0.00    0.0
2014/12/13 05:33:30.000  -12.843744040  131.132760762   130.5198   5   6   4.8921   6.0578  21.2451   1.0367  -8.0413  -4.3436   0.00    0.0
2014/12/13 05:34:00.000  -12.843744434  131.132760828   130.7763   5   6   4.8827   6.0534  20.9933   0.9941  -7.9609  -4.2062   0.00    0.0
2014/12/13 05:34:30.000  -12.843744915  131.132760670   130.4222   5   6   4.8741   6.0494  20.7476   0.9527  -7.8819  -4.0705   0.00    0.0
2014/12/13 05:35:00.000  -12.843745282  131.132760295   130.0195   5   6   4.8662   6.0457  20.5078   0.9124  -7.8041  -3.9364   0.00    0.0
2014/12/13 05:35:30.000  -12.843744939  131.132760376   129.9697   5   6   4.8590   6.0423  20.2738   0.8734  -7.7275  -3.8037   0.00    0.0
2014/12/13 05:36:00.000  -12.843745018  131.132759602   130.5164   5   6   4.8525   6.0392  20.0455   0.8357  -7.6521  -3.6724   0.00    0.0
2014/12/13 05:36:30.000  -12.843745364  131.132760448   130.7926   5   6   4.8466   6.0365  19.8225   0.7993  -7.5779  -3.5421   0.00    0.0
2014/12/13 05:37:00.000  -12.843745872  131.132759344   131.0138   5   6   4.8413   6.0340  19.6049   0.7644  -7.5048  -3.4127   0.00    0.0
2014/12/13 05:37:30.000  -12.843746785  131.132759589   131.1228   5   6   4.8366   6.0319  19.3924   0.7310  -7.4327  -3.2841   0.00    0.0
2014/12/13 05:38:00.000  -12.843747278  131.132760415   131.0466   5   6   4.8324   6.0301  19.1848   0.6992  -7.3617  -3.1560   0.00    0.0
2014/12/13 05:38:30.000  -12.843747210  131.132760443   131.1575   5   6   4.8288   6.0286  18.9822   0.6693  -7.2918  -3.0282   0.00    0.0
2014/12/13 05:39:00.000  -12.843747697  131.132760142   130.9286   5   6   4.8257   6.0275  18.7842   0.6413  -7.2228  -2.9004   0.00    0.0
2014/12/13 05:39:30.000  -12.843747140  131.132759684   130.9232   5   6   4.8230   6.0266  18.5908   0.6154  -7.1548  -2.7724   0.00    0.0
2014/12/13 05:40:00.000  -12.843747712  131.132760816   130.6960   5   6   4.8209   6.0260  18.4018   0.5918  -7.0877  -2.6438   0.00    0.0
2014/12/13 05:40:30.000  -12.843748110  131.132761743   130.7744   5   6   4.8191   6.0258  18.2171   0.5707  -7.0216  -2.5142   0.00    0.0
2014/12/13 05:41:00.000  -12.843748709  131.132761540   130.7572   5   6   4.8178   6.0258  18.0367   0.5522  -6.9563  -2.3833   0.00    0.0
2014/12/13 05:41:30.000  -12.843748956  131.132761736   130.5626   5   6   4.8169   6.0262  17.8603   0.5365  -6.8919  -2.2504   0.00    0.0
2014/12/13 05:42:00.000  -12.843748275  131.132761599   130.5245   5   6   4.8164   6.0268  17.6879   0.5239  -6.8283  -2.1150   0.00    0.0
2014/12/13 05:42:30.000  -12.843748055  131.132762182   130.6903   5   6   4.8163   6.0278  17.5193   0.5143  -6.7655  -1.9763   0.00    0.0
2014/12/13 05:43:00.000  -12.843747478  131.132762543   130.6615   5   6   4.8165   6.0290  17.3545   0.5080  -6.7034  -1.8331   0.00    0.0
2014/12/13 05:43:30.000  -12.843747566  131.132761881   130.7241   5   6   4.8171   6.0306  17.1934   0.5050  -6.6422  -1.6840   0.00    0.0
2014/12/13 05:44:00.000  -12.843751484  131.132764975   133.1142   5   7   4.7088   5.9641  15.5511   1.0858  -7.0439   2.1825   0.00    0.0
2014/12/13 05:44:30.000  -12.843751714  131.132765305   132.9112   5   7   4.7130   5.9594  15.4526   1.1018  -6.9990   2.2348   0.00    0.0
2014/12/13 05:45:00.000  -12.843752238  131.132764392   132.7497   5   7   4.7174   5.9549  15.3550   1.1184  -6.9540   2.2844   0.00    0.0
2014/12/13 05:45:30.000  -12.843752374  131.132764178   132.6581   5   7   4.7219   5.9504  15.2584   1.1357  -6.9090   2.3314   0.00    0.0
2014/12/13 05:46:00.000  -12.843753462  131.132765613   132.2562   5   7   4.7267   5.9459  15.1627   1.1534  -6.8641   2.3762   0.00    0.0
2014/12/13 05:46:30.000  -12.843754079  131.132766173   131.9547   5   7   4.7316   5.9415  15.0680   1.1718  -6.8192   2.4187   0.00    0.0
2014/12/13 05:47:00.000  -12.843752711  131.132765767   132.1019   5   7   4.7368   5.9372  14.9743   1.1906  -6.7743   2.4593   0.00    0.0
2014/12/13 05:47:30.000  -12.843752595  131.132765325   131.9466   5   7   4.7421   5.9330  14.8816   1.2099  -6.7294   2.4980   0.00    0.0
2014/12/13 05:48:00.000  -12.843752801  131.132766184   131.7953   5   7   4.7476   5.9288  14.7899   1.2296  -6.6847   2.5349   0.00    0.0
2014/12/13 05:48:30.000  -12.843752858  131.132765658   131.3892   5   7   4.7532   5.9247  14.6993   1.2498  -6.6399   2.5702   0.00    0.0
2014/12/13 05:49:00.000  -12.843752264  131.132766238   131.1984   5   7   4.7591   5.9208  14.6097   1.2704  -6.5953   2.6039   0.00    0.0
2014/12/13 05:49:30.000  -12.843752227  131.132766982   131.1506   5   7   4.7651   5.9169  14.5211   1.2913  -6.5507   2.6362   0.00    0.0
2014/12/13 05:50:00.000  -12.843752287  131.132767478   131.0506   5   7   4.7712   5.9131  14.4335   1.3126  -6.5062   2.6671   0.00    0.0
2014/12/13 05:50:30.000  -12.843752880  131.132766759   131.0713   5   7   4.7775   5.9094  14.3470   1.3342  -6.4618   2.6967   0.00    0.0
2014/12/13 05:51:00.000  -12.843754591  131.132767256   130.8799   5   7   4.7840   5.9059  14.2615   1.3561  -6.4175   2.7251   0.00    0.0
2014/12/13 05:51:30.000  -12.843755777  131.132766801   131.1888   5   7   4.7907   5.9025  14.1771   1.3783  -6.3733   2.7523   0.00    0.0
2014/12/13 05:52:00.000  -12.843755973  131.132766598   131.3532   5   7   4.7974   5.8991  14.0938   1.4008  -6.3292   2.7784   0.00    0.0
2014/12/13 05:52:30.000  -12.843755995  131.132766637   131.0947   5   7   4.8044   5.8959  14.0114   1.4235  -6.2852   2.8035   0.00    0.0
2014/12/13 05:53:00.000  -12.843755217  131.132767807   130.8274   5   7   4.8114   5.8929  13.9302   1.4465  -6.2413   2.8276   0.00    0.0
2014/12/13 05:53:30.000  -12.843754570  131.132768603   130.6050   5   7   4.8187   5.8899  13.8500   1.4697  -6.1975   2.8508   0.00    0.0
2014/12/13 05:54:00.000  -12.843754770  131.132768240   130.3594   5   7   4.8260   5.8871  13.7708   1.4931  -6.1539   2.8731   0.00    0.0
2014/12/13 05:54:30.000  -12.843753533  131.132767423   130.4549   5   7   4.8335   5.8844  13.6926   1.5167  -6.1103   2.8945   0.00    0.0
2014/12/13 05:55:00.000  -12.843752925  131.132767204   130.4190   5   7   4.8412   5.8819  13.6155   1.5405  -6.0669   2.9151   0.00    0.0
2014/12/13 05:55:30.000  -12.843753308  131.132765979   130.2545   5   7   4.8489   5.8795  13.5395   1.5644  -6.0237   2.9350   0.00    0.0
2014/12/13 05:56:00.000  -12.843753126  131.132767096   130.1607   5   7   4.8568   5.8772  13.4644   1.5885  -5.9805   2.9541   0.00    0.0
2014/12/13 05:56:30.000  -12.843753086  131.132766633   130.1895   5   7   4.8649   5.8751  13.3904   1.6128  -5.9375   2.9725   0.00    0.0
2014/12/13 05:57:00.000  -12.843753480  131.132766616   129.9292   5   7   4.8730   5.8732  13.3174   1.6371  -5.8946   2.9903   0.00    0.0
2014/12/13 05:57:30.000  -12.843753423  131.132767260   129.8304   5   7   4.8813   5.8713  13.2454   1.6616  -5.8518   3.0074   0.00    0.0
2014/12/13 05:58:00.000  -12.843754390  131.132766505   129.7799   5   7   4.8897   5.8697  13.1745   1.6863  -5.8091   3.0239   0.00    0.0
2014/12/13 05:58:30.000  -12.843753756  131.132767531   129.6300   5   7   4.8982   5.8681  13.1045   1.7110  -5.7666   3.0398   0.00    0.0
2014/12/13 05:59:00.000  -12.843753131  131.132768221   129.7015   5   7   4.9068   5.8668  13.0355   1.7358  -5.7242   3.0552   0.00    0.0
2014/12/13 05:59:30.000  -12.843752948  131.132769451   129.6103   5   7   4.9156   5.8656  12.9676   1.7607  -5.6819   3.0700   0.00    0.0
2014/12/13 06:00:00.000  -12.843752408  131.132770384   129.1976   5   7   4.9640   5.8776  12.9594   1.8531  -5.6824   2.9567   0.00    0.0
2014/12/13 06:00:30.000  -12.843753008  131.132769820   128.8547   5   7   4.9727   5.8767  12.8927   1.8772  -5.6404   2.9724   0.00    0.0
2014/12/13 06:01:00.000  -12.843753184  131.132769081   128.9686   5   7   4.9815   5.8761  12.8270   1.9015  -5.5985   2.9876   0.00    0.0
2014/12/13 06:01:30.000  -12.843752746  131.132768983   128.9920   5   7   4.9904   5.8755  12.7623   1.9258  -5.5568   3.0023   0.00    0.0
2014/12/13 06:02:00.000  -12.843751888  131.132770758   128.6854   5   7   4.9994   5.8752  12.6986   1.9503  -5.5151   3.0166   0.00    0.0
2014/12/13 06:02:30.000  -12.843749897  131.132771925   128.2757   5   7   5.0086   5.8750  12.6357   1.9748  -5.4736   3.0303   0.00    0.0
2014/12/13 06:03:00.000  -12.843749418  131.132771862   127.9835   5   7   5.0178   5.8749  12.5739   1.9993  -5.4321   3.0436   0.00    0.0
2014/12/13 06:03:30.000  -12.843750325  131.132770456   127.8855   5   7   5.0271   5.8750  12.5129   2.0239  -5.3908   3.0565   0.00    0.0
2014/12/13 06:04:00.000  -12.843751997  131.132770478   127.7452   5   7   5.0365   5.8753  12.4529   2.0486  -5.3496   3.0689   0.00    0.0
2014/12/13 06:04:30.000  -12.843751591  131.132770595   127.6945   5   7   5.0461   5.8757  12.3938   2.0733  -5.3084   3.0810   0.00    0.0
2014/12/13 06:05:00.000  -12.843749320  131.132770938   127.6112   5   7   5.0556   5.8763  12.3356   2.0981  -5.2674   3.0927   0.00    0.0
2014/12/13 06:05:30.000  -12.843748375  131.132770512   127.6697   5   7   5.0653   5.8771  12.2783   2.1229  -5.2264   3.1040   0.00    0.0
2014/12/13 06:06:00.000  -12.843748922  131.132771491   127.5439   5   7   5.0751   5.8781  12.2218   2.1478  -5.1855   3.1150   0.00    0.0
2014/12/13 06:06:30.000  -12.843749527  131.132770020   127.6892   5   7   5.0849   5.8792  12.1663   2.1727  -5.1447   3.1256   0.00    0.0
2014/12/13 06:07:00.000  -12.843749995  131.132769375   127.6425   5   7   5.0948   5.8804  12.1117   2.1976  -5.1040   3.1359   0.00    0.0
2014/12/13 06:07:30.000  -12.843750175  131.132769794   127.4860   5   7   5.1048   5.8819  12.0579   2.2225  -5.0634   3.1458   0.00    0.0
2014/12/13 06:08:00.000  -12.843750157  131.132771325   127.0605   5   7   5.1149   5.8835  12.0049   2.2474  -5.0228   3.1555   0.00    0.0
2014/12/13 06:08:30.000  -12.843750189  131.132771412   126.8450   5   7   5.1250   5.8852  11.9528   2.2724  -4.9823   3.1649   0.00    0.0
2014/12/13 06:09:00.000  -12.843749720  131.132772655   126.6878   5   7   5.1352   5.8872  11.9016   2.2974  -4.9418   3.1739   0.00    0.0
2014/12/13 06:09:30.000  -12.843748524  131.132772797   126.7613   5   7   5.1454   5.8893  11.8512   2.3223  -4.9015   3.1827   0.00    0.0
2014/12/13 06:10:00.000  -12.843748229  131.132773945   126.3497   5   7   5.1557   5.8915  11.8016   2.3473  -4.8611   3.1912   0.00    0.0
2014/12/13 06:10:30.000  -12.843754499  131.132766422   127.7038   5   8   4.8447   5.3680  10.8413   1.1236  -3.4922   4.2868   0.00    0.0
2014/12/13 06:11:00.000  -12.843753268  131.132765998   127.9962   5   8   4.8504   5.3681  10.8112   1.1557  -3.4511   4.2893   0.00    0.0
2014/12/13 06:11:30.000  -12.843753107  131.132765001   128.0233   5   8   4.8561   5.3683  10.7816   1.1870  -3.4097   4.2917   0.00    0.0
2014/12/13 06:12:00.000  -12.843753447  131.132764511   127.7739   5   8   4.8617   5.3686  10.7525   1.2176  -3.3680   4.2940   0.00    0.0
2014/12/13 06:12:30.000  -12.843753070  131.132765589   127.5647   5   8   4.8673   5.3689  10.7239   1.2474  -3.3260   4.2961   0.00    0.0
2014/12/13 06:13:00.000  -12.843753123  131.132765457   127.6065   5   8   4.8729   5.3692  10.6957   1.2766  -3.2838   4.2981   0.00    0.0
2014/12/13 06:13:30.000  -12.843755021  131.132765623   127.5316   5   8   4.8783   5.3697  10.6680   1.3052  -3.2412   4.3000   0.00    0.0
2014/12/13 06:14:00.000  -12.843755918  131.132764071   127.4417   5   8   4.8838   5.3701  10.6407   1.3331  -3.1983   4.3017   0.00    0.0
2014/12/13 06:14:30.000  -12.843755179  131.132764113   127.3317   5   8   4.8892   5.3707  10.6140   1.3605  -3.1550   4.3033   0.00    0.0
2014/12/13 06:15:00.000  -12.843754733  131.132764006   127.2040   5   8   4.8945   5.3713  10.5877   1.3874  -3.1115   4.3048   0.00    0.0
2014/12/13 06:15:30.000  -12.843755152  131.132763080   127.4226   5   8   4.8997   5.3719  10.5618   1.4138  -3.0675   4.3061   0.00    0.0
2014/12/13 06:16:00.000  -12.843754545  131.132764717   127.4075   5   8   4.9049   5.3726  10.5365   1.4396  -3.0232   4.3073   0.00    0.0
2014/12/13 06:16:30.000  -12.843754690  131.132764489   127.4482   5   8   4.9100   5.3734  10.5115   1.4650  -2.9784   4.3084   0.00    0.0
2014/12/13 06:17:00.000  -12.843754307  131.132762304   127.5638   5   8   4.9151   5.3742  10.4871   1.4899  -2.9333   4.3093   0.00    0.0
2014/12/13 06:17:30.000  -12.843754999  131.132762114   127.4704   5   8   4.9200   5.3750  10.4630   1.5144  -2.8877   4.3100   0.00    0.0
2014/12/13 06:18:00.000  -12.843756496  131.132763362   127.0085   5   8   4.9249   5.3759  10.4395   1.5384  -2.8416   4.3107   0.00    0.0
2014/12/13 06:18:30.000  -12.843757284  131.132762775   127.1029   5   8   4.9297   5.3769  10.4163   1.5620  -2.7951   4.3112   0.00    0.0
2014/12/13 06:19:00.000  -12.843758275  131.132762812   127.0152   5   8   4.9344   5.3779  10.3936   1.5852  -2.7481   4.3115   0.00    0.0
2014/12/13 06:19:30.000  -12.843761696  131.132761344   127.4326   5   7   5.3328   5.4425  10.7429   2.0624  -3.1009   3.5997   0.00    0.0
2014/12/13 06:20:00.000  -12.843761678  131.132760666   127.3383   5   7   5.3362   5.4441  10.7220   2.0811  -3.0606   3.6003   0.00    0.0
2014/12/13 06:20:30.000  -12.843762194  131.132759714   127.2265   5   7   5.3396   5.4457  10.7016   2.0994  -3.0200   3.6007   0.00    0.0
2014/12/13 06:21:00.000  -12.843763110  131.132758967   127.3270   5   7   5.3429   5.4473  10.6816   2.1174  -2.9790   3.6009   0.00    0.0
2014/12/13 06:21:30.000  -12.843763512  131.132757500   127.6913   5   7   5.3460   5.4489  10.6620   2.1352  -2.9377   3.6010   0.00    0.0
2014/12/13 06:22:00.000  -12.843762772  131.132756377   127.7493   5   7   5.3491   5.4506  10.6429   2.1526  -2.8960   3.6008   0.00    0.0
2014/12/13 06:22:30.000  -12.843763675  131.132757656   127.5840   5   7   5.3520   5.4523  10.6242   2.1698  -2.8539   3.6005   0.00    0.0
2014/12/13 06:23:00.000  -12.843764444  131.132756819   127.5542   5   7   5.3548   5.4540  10.6059   2.1866  -2.8115   3.5999   0.00    0.0
2014/12/13 06:23:30.000  -12.843764749  131.132755515   127.5615   5   7   5.3574   5.4558  10.5881   2.2032  -2.7686   3.5992   0.00    0.0
2014/12/13 06:24:00.000  -12.843764699  131.132755270   127.6437   5   7   5.3600   5.4575  10.5707   2.2195  -2.7253   3.5982   0.00    0.0
2014/12/13 06:24:30.000  -12.843764503  131.132755974   127.7135   5   7   5.3624   5.4593  10.5537   2.2355  -2.6815   3.5971   0.00    0.0
2014/12/13 06:25:00.000  -12.843766636  131.132756930   127.5528   5   7   5.3647   5.4611  10.5372   2.2511  -2.6373   3.5957   0.00    0.0
2014/12/13 06:25:30.000  -12.843766892  131.132756820   127.7167   5   7   5.3669   5.4629  10.5211   2.2665  -2.5926   3.5941   0.00    0.0
2014/12/13 06:26:00.000  -12.843766973  131.132755791   127.9815   5   7   5.3689   5.4647  10.5054   2.2816  -2.5474   3.5923   0.00    0.0
2014/12/13 06:26:30.000  -12.843766340  131.132754267   128.0665   5   7   5.3708   5.4666  10.4901   2.2964  -2.5016   3.5903   0.00    0.0
2014/12/13 06:27:00.000  -12.843767237  131.132752991   127.9787   5   7   5.3725   5.4684  10.4752   2.3110  -2.4552   3.5881   0.00    0.0
2014/12/13 06:27:30.000  -12.843769503  131.132753220   127.7567   5   7   5.3741   5.4703  10.4608   2.3252  -2.4082   3.5856   0.00    0.0
2014/12/13 06:28:00.000  -12.843771102  131.132752925   127.9053   5   7   5.3755   5.4721  10.4468   2.3391  -2.3606   3.5829   0.00    0.0
2014/12/13 06:28:30.000  -12.843771328  131.132752760   128.0899   5   7   5.3768   5.4740  10.4332   2.3527  -2.3122   3.5800   0.00    0.0
2014/12/13 06:29:00.000  -12.843771930  131.132753555   128.3312   5   7   5.3779   5.4759  10.4200   2.3660  -2.2632   3.5768   0.00    0.0
2014/12/13 06:29:30.000  -12.843772612  131.132753330   128.3144   5   7   5.3789   5.4778  10.4072   2.3791  -2.2134   3.5735   0.00    0.0
2014/12/13 06:30:00.000  -12.843772917  131.132752445   128.3933   5   7   5.3797   5.4797  10.3949   2.3918  -2.1627   3.5698   0.00    0.0
2014/12/13 06:30:30.000  -12.843771358  131.132751907   128.2146   5   7   5.3804   5.4815  10.3829   2.4043  -2.1111   3.5659   0.00    0.0
2014/12/13 06:31:00.000  -12.843771637  131.132751874   128.2310   5   7   5.3809   5.4834  10.3714   2.4164  -2.0586   3.5618   0.00    0.0
2014/12/13 06:31:30.000  -12.843772179  131.132751096   128.0451   5   7   5.3813   5.4853  10.3602   2.4283  -2.0051   3.5575   0.00    0.0
2014/12/13 06:32:00.000  -12.843773318  131.132751089   127.7526   5   7   5.3814   5.4872  10.3495   2.4398  -1.9504   3.5528   0.00    0.0
2014/12/13 06:32:30.000  -12.843774440  131.132749954   127.5139   5   7   5.3815   5.4891  10.3392   2.4511  -1.8945   3.5480   0.00    0.0
2014/12/13 06:33:00.000  -12.843772238  131.132750261   127.5684   5   7   5.3813   5.4910  10.3292   2.4620  -1.8373   3.5428   0.00    0.0
2014/12/13 06:33:30.000  -12.843771373  131.132751262   127.7318   5   7   5.3810   5.4928  10.3197   2.4727  -1.7786   3.5374   0.00    0.0
2014/12/13 06:34:00.000  -12.843772432  131.132750564   127.6907   5   7   5.3805   5.4947  10.3105   2.4830  -1.7184   3.5318   0.00    0.0
2014/12/13 06:34:30.000  -12.843774486  131.132750840   127.6942   5   7   5.3799   5.4965  10.3018   2.4931  -1.6563   3.5258   0.00    0.0
2014/12/13 06:35:00.000  -12.843774642  131.132750400   127.4851   5   7   5.3791   5.4984  10.2934   2.5028  -1.5923   3.5196   0.00    0.0
2014/12/13 06:35:30.000  -12.843773299  131.132751055   127.4253   5   7   5.3781   5.5002  10.2854   2.5123  -1.5260   3.5132   0.00    0.0
2014/12/13 06:36:00.000  -12.843772828  131.132750924   127.6504   5   7   5.3769   5.5020  10.2779   2.5214  -1.4572   3.5064   0.00    0.0
2014/12/13 06:36:30.000  -12.843772375  131.132751485   127.6861   5   7   5.3756   5.5038  10.2707   2.5303  -1.3855   3.4994   0.00    0.0
2014/12/13 06:37:00.000  -12.843773187  131.132751125   127.5213   5   7   5.3741   5.5056  10.2638   2.5388  -1.3104   3.4921   0.00    0.0
2014/12/13 06:37:30.000  -12.843774266  131.132750520   127.2206   5   7   5.3724   5.5074  10.2574   2.5471  -1.2312   3.4845   0.00    0.0
2014/12/13 06:38:00.000  -12.843774147  131.132750450   127.2758   5   7   5.3706   5.5091  10.2514   2.5550  -1.1472   3.4767   0.00    0.0
2014/12/13 06:38:30.000  -12.843772726  131.132750717   127.3326   5   7   5.3686   5.5108  10.2457   2.5626  -1.0572   3.4685   0.00    0.0
2014/12/13 06:39:00.000  -12.843772042  131.132751020   127.6313   5   7   5.3665   5.5126  10.2404   2.5700  -0.9595   3.4601   0.00    0.0
2014/12/13 06:39:30.000  -12.843771424  131.132752444   127.6911   5   7   5.3641   5.5143  10.2355   2.5770  -0.8515   3.4513   0.00    0.0
2014/12/13 06:40:00.000  -12.843771073  131.132752298   127.4641   5   7   5.3616   5.5159  10.2309   2.5838  -0.7285   3.4423   0.00    0.0
2014/12/13 06:40:30.000  -12.843771849  131.132752358   127.1736   5   7   5.3590   5.5176  10.2268   2.5902  -0.5812   3.4330   0.00    0.0
2014/12/13 06:41:00.000  -12.843771300  131.132752364   127.2041   5   7   5.3562   5.5192  10.2230   2.5964  -0.3824   3.4233   0.00    0.0
2014/12/13 06:41:30.000  -12.843771167  131.132752758   127.0801   5   7   5.3532   5.5208  10.2195   2.6022   0.2097   3.4134   0.00    0.0
2014/12/13 06:42:00.000  -12.843770121  131.132751169   127.3738   5   7   5.3500   5.5224  10.2165   2.6078   0.4825   3.4031   0.00    0.0
2014/12/13 06:42:30.000  -12.843768891  131.132751749   127.5736   5   7   5.3467   5.5239  10.2138   2.6130   0.6483   3.3926   0.00    0.0
2014/12/13 06:43:00.000  -12.843768886  131.132752037   127.3504   5   7   5.3433   5.5254  10.2114   2.6180   0.7788   3.3817   0.00    0.0
2014/12/13 06:43:30.000  -12.843768889  131.132752575   127.2937   5   7   5.3397   5.5269  10.2094   2.6227   0.8895   3.3705   0.00    0.0
2014/12/13 06:44:00.000  -12.843769533  131.132752786   127.3255   5   7   5.3359   5.5284  10.2078   2.6270   0.9873   3.3590   0.00    0.0
2014/12/13 06:44:30.000  -12.843769990  131.132754254   127.1552   5   7   5.3320   5.5298  10.2065   2.6311   1.0755   3.3472   0.00    0.0
2014/12/13 06:45:00.000  -12.843769763  131.132754249   127.0141   5   7   5.3279   5.5312  10.2056   2.6349   1.1565   3.3350   0.00    0.0
2014/12/13 06:45:30.000  -12.843769128  131.132754094   127.1200   5   7   5.3237   5.5326  10.2050   2.6384   1.2316   3.3225   0.00    0.0
2014/12/13 06:46:00.000  -12.843768789  131.132753580   127.2172   5   7   5.3193   5.5339  10.2048   2.6416   1.3019   3.3097   0.00    0.0
2014/12/13 06:46:30.000  -12.843768871  131.132753881   127.0349   5   7   5.3148   5.5352  10.2050   2.6445   1.3681   3.2966   0.00    0.0
2014/12/13 06:47:00.000  -12.843768458  131.132754116   126.9873   5   7   5.3102   5.5365  10.2054   2.6472   1.4308   3.2831   0.00    0.0
2014/12/13 06:47:30.000  -12.843763249  131.132758312   127.7137   5   8   4.8317   5.1458   9.2546   1.5924  -2.5660   1.1212   0.00    0.0
2014/12/13 06:48:00.000  -12.843763285  131.132757711   127.4170   5   8   4.8270   5.1443   9.2581   1.5921  -2.5361   1.0871   0.00    0.0
2014/12/13 06:48:30.000  -12.843762958  131.132757224   127.5057   5   8   4.8222   5.1429   9.2620   1.5914  -2.5059   1.0515   0.00    0.0
2014/12/13 06:49:00.000  -12.843762909  131.132756689   127.6960   5   8   4.8174   5.1414   9.2664   1.5906  -2.4755   1.0142   0.00    0.0
2014/12/13 06:49:30.000  -12.843761766  131.132757305   127.5481   5   8   4.8125   5.1400   9.2711   1.5895  -2.4448   0.9750   0.00    0.0
2014/12/13 06:50:00.000  -12.843761676  131.132756926   127.2987   5   8   4.8076   5.1386   9.2762   1.5882  -2.4137   0.9336   0.00    0.0
2014/12/13 06:50:30.000  -12.843762138  131.132756022   127.0133   5   8   4.8026   5.1372   9.2817   1.5866  -2.3824   0.8899   0.00    0.0
2014/12/13 06:51:00.000  -12.843761589  131.132756198   127.1070   5   8   4.7976   5.1358   9.2877   1.5848  -2.3507   0.8433   0.00    0.0
2014/12/13 06:51:30.000  -12.843760284  131.132756511   127.1242   5   8   4.7925   5.1344   9.2940   1.5828  -2.3187   0.7934   0.00    0.0
2014/12/13 06:52:00.000  -12.843758705  131.132757981   126.9834   5   8   4.7874   5.1330   9.3007   1.5805  -2.2863   0.7396   0.00    0.0
2014/12/13 06:52:30.000  -12.843757458  131.132758360   127.0538   5   8   4.7822   5.1317   9.3078   1.5780  -2.2536   0.6810   0.00    0.0
2014/12/13 06:53:00.000  -12.843757684  131.132758186   127.0304   5   8   4.7770   5.1304   9.3153   1.5753  -2.2204   0.6160   0.00    0.0
2014/12/13 06:53:30.000  -12.843757154  131.132758176   126.7732   5   8   4.7717   5.1290   9.3232   1.5723  -2.1868   0.5426   0.00    0.0
2014/12/13 06:54:00.000  -12.843755832  131.132758850   126.6599   5   8   4.7664   5.1277   9.3315   1.5691  -2.1528   0.4566   0.00    0.0
2014/12/13 06:54:30.000  -12.843754417  131.132760024   126.6167   5   8   4.7611   5.1265   9.3402   1.5656  -2.1184   0.3489   0.00    0.0
2014/12/13 06:55:00.000  -12.843754889  131.132760595   126.3307   5   8   4.7558   5.1252   9.3492   1.5620  -2.0834   0.1846   0.00    0.0
2014/12/13 06:55:30.000  -12.843754258  131.132760705   126.3285   5   8   4.7504   5.1240   9.3587   1.5581  -2.0479  -0.2332   0.00    0.0
2014/12/13 06:56:00.000  -12.843753729  131.132760188   126.1023   5   8   4.7450   5.1227   9.3685   1.5540  -2.0119  -0.3790   0.00    0.0
2014/12/13 06:56:30.000  -12.843747625  131.132752193   127.9355   5   7   5.0072   5.6313  10.7607  -1.1748  -4.0315   2.8788   0.00    0.0
2014/12/13 06:57:00.000  -12.843747067  131.132752881   127.8344   5   7   4.9982   5.6217  10.7720  -1.1549  -4.0012   2.8531   0.00    0.0
2014/12/13 06:57:30.000  -12.843745390  131.132753077   128.0661   5   7   4.9892   5.6124  10.7839  -1.1353  -3.9710   2.8272   0.00    0.0
2014/12/13 06:58:00.000  -12.843744383  131.132752671   127.9483   5   7   4.9802   5.6032  10.7964  -1.1160  -3.9409   2.8011   0.00    0.0
2014/12/13 06:58:30.000  -12.843744834  131.132753314   127.6681   5   7   4.9712   5.5941  10.8096  -1.0969  -3.9108   2.7747   0.00    0.0
2014/12/13 06:59:00.000  -12.843746459  131.132751917   127.3817   5   7   4.9622   5.5852  10.8233  -1.0782  -3.8808   2.7481   0.00    0.0
2014/12/13 06:59:30.000  -12.843747022  131.132751945   127.1013   5   7   4.9532   5.5764  10.8377  -1.0598  -3.8509   2.7213   0.00    0.0
2014/12/13 07:00:00.000  -12.843742029  131.132749392   129.6991   5   7   4.8841   5.5029  10.1971  -0.6584  -3.3841   2.0980   0.00    0.0
2014/12/13 07:00:30.000  -12.843740716  131.132749517   129.9186   5   7   4.8743   5.4953  10.2113  -0.6306  -3.3532   2.0570   0.00    0.0
2014/12/13 07:01:00.000  -12.843738604  131.132750570   129.8981   5   7   4.8644   5.4879  10.2262  -0.6027  -3.3224   2.0153   0.00    0.0
2014/12/13 07:01:30.000  -12.843738144  131.132749786   129.6601   5   7   4.8546   5.4806  10.2418  -0.5747  -3.2916   1.9728   0.00    0.0
2014/12/13 07:02:00.000  -12.843738283  131.132749314   129.6132   5   7   4.8449   5.4734  10.2581  -0.5466  -3.2608   1.9295   0.00    0.0
2014/12/13 07:02:30.000  -12.843738579  131.132749227   129.3264   5   7   4.8351   5.4663  10.2750  -0.5183  -3.2301   1.8853   0.00    0.0
2014/12/13 07:03:00.000  -12.843737887  131.132750148   129.1266   5   7   4.8254   5.4593  10.2926  -0.4897  -3.1993   1.8402   0.00    0.0
2014/12/13 07:03:30.000  -12.843736705  131.132751577   128.9986   5   7   4.8158   5.4525  10.3109  -0.4608  -3.1686   1.7940   0.00    0.0
2014/12/13 07:04:00.000  -12.843735777  131.132752229   129.0071   5   7   4.8062   5.4458  10.3298  -0.4315  -3.1378   1.7468   0.00    0.0
2014/12/13 07:04:30.000  -12.843735846  131.132752086   129.0300   5   7   4.7966   5.4392  10.3493  -0.4017  -3.1070   1.6985   0.00    0.0
2014/12/13 07:05:00.000  -12.843735004  131.132751973   128.9256   5   7   4.7871   5.4327  10.3696  -0.3712  -3.0763   1.6488   0.00    0.0
2014/12/13 07:05:30.000  -12.843734011  131.132751590   128.9896   5   7   4.7776   5.4263  10.3905  -0.3397  -3.0455   1.5978   0.00    0.0
2014/12/13 07:06:00.000  -12.843733342  131.132751556   129.0676   5   7   4.7682   5.4200  10.4121  -0.3071  -3.0146   1.5452   0.00    0.0
2014/12/13 07:06:30.000  -12.843733244  131.132753121   129.0808   5   7   4.7588   5.4139  10.4343  -0.2727  -2.9838   1.4910   0.00    0.0
2014/12/13 07:07:00.000  -12.843733785  131.132752550   129.1400   5   7   4.7495   5.4079  10.4572  -0.2359  -2.9529   1.4349   0.00    0.0
2014/12/13 07:07:30.000  -12.843734394  131.132751719   128.9107   5   7   4.7403   5.4019  10.4807  -0.1951  -2.9219   1.3766   0.00    0.0
2014/12/13 07:08:00.000  -12.843734509  131.132751391   128.8771   5   7   4.7311   5.3961  10.5050  -0.1470  -2.8910   1.3161   0.00    0.0
2014/12/13 07:08:30.000  -12.843733057  131.132752304   128.7843   5   7   4.7220   5.3904  10.5298  -0.0792  -2.8599   1.2528   0.00    0.0
2014/12/13 07:09:00.000  -12.843732975  131.132751999   128.9005   5   7   4.7129   5.3848  10.5554   0.0893  -2.8288   1.1864   0.00    0.0
2014/12/13 07:09:30.000  -12.843732457  131.132750655   128.9350   5   7   4.7039   5.3792  10.5815   0.1454  -2.7976   1.1163   0.00    0.0
2014/12/13 07:10:00.000  -12.843733056  131.132750698   128.7415   5   7   4.6950   5.3738  10.6084   0.1824  -2.7664   1.0418   0.00    0.0
2014/12/13 07:10:30.000  -12.843733177  131.132752225   128.7012   5   7   4.6861   5.3685  10.6358   0.2107  -2.7351   0.9618   0.00    0.0
2014/12/13 07:11:00.000  -12.843732170  131.132752127   128.7301   5   7   4.6773   5.3633  10.6640   0.2335  -2.7037   0.8749   0.00    0.0
2014/12/13 07:11:30.000  -12.843731730  131.132751478   128.9425   5   7   4.6686   5.3582  10.6927   0.2523  -2.6722   0.7788   0.00    0.0
2014/12/13 07:12:00.000  -12.843731380  131.132751550   128.8823   5   7   4.6599   5.3532  10.7222   0.2680  -2.6406   0.6695   0.00    0.0
2014/12/13 07:12:30.000  -12.843731473  131.132752584   128.7974   5   7   4.6513   5.3483  10.7522   0.2812  -2.6089   0.5391   0.00    0.0
2014/12/13 07:13:00.000  -12.843731292  131.132752787   128.7493   5   7   4.6428   5.3435  10.7829   0.2922  -2.5770   0.3658   0.00    0.0
2014/12/13 07:13:30.000  -12.843730267  131.132754763   128.6633   5   7   4.6344   5.3387  10.8142   0.3014  -2.5451  -0.1496   0.00    0.0
2014/12/13 07:14:00.000  -12.843729354  131.132755201   128.4343   5   7   4.6261   5.3341  10.8461   0.3089  -2.5130  -0.4216   0.00    0.0
2014/12/13 07:14:30.000  -12.843729144  131.132754662   128.4491   5   7   4.6178   5.3296  10.8787   0.3148  -2.4808  -0.5765   0.00    0.0
2014/12/13 07:15:00.000  -12.843729705  131.132752426   128.3440   5   7   4.6096   5.3251  10.9119   0.3194  -2.4485  -0.6973   0.00    0.0
2014/12/13 07:15:30.000  -12.843728925  131.132753174   128.5337   5   7   4.6015   5.3208  10.9456   0.3227  -2.4160  -0.7995   0.00    0.0
2014/12/13 07:16:00.000  -12.843728623  131.132753606   128.5504   5   7   4.5934   5.3165  10.9800   0.3247  -2.3834  -0.8895   0.00    0.0
2014/12/13 07:16:30.000  -12.843728342  131.132753364   128.4929   5   7   4.5855   5.3123  11.0150   0.3256  -2.3506  -0.9708   0.00    0.0
2014/12/13 07:17:00.000  -12.843727217  131.132753484   128.1903   5   7   4.5776   5.3083  11.0506   0.3253  -2.3176  -1.0453   0.00    0.0
2014/12/13 07:17:30.000  -12.843726852  131.132753382   127.8130   5   7   4.5698   5.3043  11.0867   0.3239  -2.2845  -1.1144   0.00    0.0
2014/12/13 07:18:00.000  -12.843727269  131.132753328   127.7508   5   7   4.5621   5.3003  11.1234   0.3214  -2.2512  -1.1790   0.00    0.0
2014/12/13 07:18:30.000  -12.843727259  131.132753687   127.7985   5   7   4.5544   5.2965  11.1607   0.3179  -2.2176  -1.2399   0.00    0.0
2014/12/13 07:19:00.000  -12.843727230  131.132753457   127.9901   5   7   4.5469   5.2928  11.1986   0.3132  -2.1839  -1.2974   0.00    0.0
2014/12/13 07:19:30.000  -12.843727467  131.132753687   128.0007   5   7   4.5394   5.2891  11.2369   0.3075  -2.1500  -1.3521   0.00    0.0
2014/12/13 07:20:00.000  -12.843726990  131.132755123   127.7615   5   7   4.5320   5.2856  11.2759   0.3006  -2.1159  -1.4042   0.00    0.0
2014/12/13 07:20:30.000  -12.843726669  131.132756675   127.6553   5   7   4.5247   5.2821  11.3153   0.2925  -2.0815  -1.4541   0.00    0.0
2014/12/13 07:21:00.000  -12.843705053  131.132752585   122.2835   5   6   5.6967   5.3115  13.9253  -1.4027   0.7527  -5.4981   0.00    0.0
2014/12/13 07:21:30.000  -12.843705615  131.132752703   122.3033   5   6   5.6936   5.3083  14.0202  -1.4065   0.8810  -5.5474   0.00    0.0
2014/12/13 07:22:00.000  -12.843706923  131.132752590   122.1702   5   6   5.6907   5.3052  14.1164  -1.4107   0.9931  -5.5967   0.00    0.0
2014/12/13 07:22:30.000  -12.843706957  131.132751376   121.9736   5   6   5.6880   5.3021  14.2140  -1.4152   1.0940  -5.6460   0.00    0.0
2014/12/13 07:23:00.000  -12.843706453  131.132750203   121.4052   5   6   5.6855   5.2992  14.3130  -1.4201   1.1864  -5.6954   0.00    0.0
2014/12/13 07:23:30.000  -12.843706360  131.132750931   121.3808   5   6   5.6831   5.2963  14.4133  -1.4253   1.2723  -5.7447   0.00    0.0
2014/12/13 07:24:00.000  -12.843706403  131.132752335   121.3651   5   6   5.6809   5.2935  14.5149  -1.4307   1.3528  -5.7941   0.00    0.0
2014/12/13 07:24:30.000  -12.843706481  131.132751600   121.6052   5   6   5.6789   5.2909  14.6178  -1.4365   1.4289  -5.8434   0.00    0.0
2014/12/13 07:25:00.000  -12.843706766  131.132751105   121.5253   5   6   5.6771   5.2883  14.7220  -1.4425   1.5012  -5.8927   0.00    0.0
2014/12/13 07:25:30.000  -12.843706880  131.132751183   121.2929   5   6   5.6754   5.2857  14.8274  -1.4488   1.5702  -5.9420   0.00    0.0
2014/12/13 07:26:00.000  -12.843706551  131.132752440   121.2309   5   6   5.6739   5.2833  14.9341  -1.4553   1.6364  -5.9912   0.00    0.0
2014/12/13 07:26:30.000  -12.843706642  131.132752179   121.1898   5   6   5.6725   5.2810  15.0420  -1.4620   1.6999  -6.0403   0.00    0.0
2014/12/13 07:27:00.000  -12.843707521  131.132752756   121.3212   5   6   5.6712   5.2787  15.1511  -1.4689   1.7611  -6.0893   0.00    0.0
2014/12/13 07:27:30.000  -12.843707915  131.132752135   121.4300   5   6   5.6701   5.2765  15.2613  -1.4759   1.8202  -6.1383   0.00    0.0
2014/12/13 07:28:00.000  -12.843707687  131.132752280   121.2126   5   6   5.6691   5.2744  15.3725  -1.4831   1.8774  -6.1871   0.00    0.0
2014/12/13 07:28:30.000  -12.843707875  131.132752674   121.0499   5   6   5.6682   5.2724  15.4849  -1.4905   1.9328  -6.2358   0.00    0.0
2014/12/13 07:29:00.000  -12.843707277  131.132752752   120.7166   5   6   5.6674   5.2704  15.5982  -1.4979   1.9865  -6.2842   0.00    0.0
2014/12/13 07:29:30.000  -12.843707244  131.132752537   120.4538   5   6   5.6667   5.2686  15.7126  -1.5055   2.0386  -6.3325   0.00    0.0
2014/12/13 07:30:00.000  -12.843707286  131.132751725   120.4025   5   6   5.6661   5.2668  15.8278  -1.5131   2.0893  -6.3806   0.00    0.0
2014/12/13 07:30:30.000  -12.843707445  131.132751404   120.3469   5   6   5.6655   5.2650  15.9439  -1.5208   2.1385  -6.4284   0.00    0.0
2014/12/13 07:31:00.000  -12.843707521  131.132751260   120.5465   5   6   5.6650   5.2634  16.0607  -1.5285   2.1864  -6.4759   0.00    0.0
2014/12/13 07:31:30.000  -12.843707092  131.132751351   120.7666   5   6   5.6646   5.2618  16.1783  -1.5363   2.2330  -6.5231   0.00    0.0
2014/12/13 07:32:00.000  -12.843707488  131.132750998   120.7334   5   6   5.6642   5.2603  16.2966  -1.5440   2.2784  -6.5699   0.00    0.0
2014/12/13 07:32:30.000  -12.843706812  131.132751945   120.5306   5   6   5.6638   5.2588  16.4154  -1.5518   2.3225  -6.6163   0.00    0.0
2014/12/13 07:33:00.000  -12.843705831  131.132753236   120.3748   5   6   5.6634   5.2575  16.5348  -1.5595   2.3654  -6.6623   0.00    0.0
2014/12/13 07:33:30.000  -12.843704690  131.132752950   120.5304   5   6   5.6631   5.2561  16.6545  -1.5672   2.4071  -6.7078   0.00    0.0
2014/12/13 07:34:00.000  -12.843705282  131.132752794   120.3821   5   6   5.6627   5.2549  16.7746  -1.5748   2.4477  -6.7528   0.00    0.0
2014/12/13 07:34:30.000  -12.843705456  131.132752175   119.8445   5   6   5.6622   5.2537  16.8950  -1.5823   2.4872  -6.7973   0.00    0.0
2014/12/13 07:35:00.000  -12.843705628  131.132752700   119.5206   5   6   5.6618   5.2526  17.0154  -1.5898   2.5255  -6.8411   0.00    0.0
2014/12/13 07:35:30.000  -12.843706602  131.132751786   119.3267   5   6   5.6612   5.2515  17.1360  -1.5971   2.5627  -6.8843   0.00    0.0
2014/12/13 07:36:00.000  -12.843708221  131.132752086   119.3861   5   6   5.6606   5.2505  17.2564  -1.6043   2.5987  -6.9267   0.00    0.0
2014/12/13 07:36:30.000  -12.843707948  131.132752960   119.0858   5   6   5.6599   5.2495  17.3767  -1.6113   2.6336  -6.9684   0.00    0.0
2014/12/13 07:37:00.000  -12.843707974  131.132753451   118.9759   5   6   5.6591   5.2486  17.4966  -1.6182   2.6674  -7.0093   0.00    0.0
2014/12/13 07:37:30.000  -12.843708785  131.132752812   119.1174   5   6   5.6581   5.2478  17.6162  -1.6249   2.7000  -7.0493   0.00    0.0
2014/12/13 07:38:00.000  -12.843709111  131.132752915   119.2477   5   6   5.6570   5.2470  17.7352  -1.6314   2.7315  -7.0884   0.00    0.0
2014/12/13 07:38:30.000  -12.843708114  131.132752395   119.3020   5   6   5.6558   5.2463  17.8535  -1.6377   2.7617  -7.1264   0.00    0.0
2014/12/13 07:39:00.000  -12.843707376  131.132753335   119.3655   5   6   5.6543   5.2456  17.9710  -1.6438   2.7908  -7.1635   0.00    0.0
2014/12/13 07:39:30.000  -12.843707672  131.132753720   119.2307   5   6   5.6527   5.2450  18.0875  -1.6496   2.8187  -7.1994   0.00    0.0
2014/12/13 07:40:00.000  -12.843707797  131.132753432   119.0069   5   6   5.6508   5.2444  18.2029  -1.6552   2.8454  -7.2341   0.00    0.0
2014/12/13 07:40:30.000  -12.843707684  131.132753656   118.8795   5   6   5.6488   5.2438  18.3171  -1.6605   2.8709  -7.2676   0.00    0.0
2014/12/13 07:41:00.000  -12.843708568  131.132753472   118.8973   5   6   5.6464   5.2433  18.4299  -1.6655   2.8951  -7.2998   0.00    0.0
2014/12/13 07:41:30.000  -12.843708521  131.132753770   118.7364   5   6   5.6438   5.2429  18.5411  -1.6703   2.9180  -7.3306   0.00    0.0
2014/12/13 07:42:00.000  -12.843708184  131.132754144   118.6019   5   6   5.6409   5.2425  18.6505  -1.6747   2.9396  -7.3600   0.00    0.0
2014/12/13 07:42:30.000  -12.843708307  131.132754369   118.6448   5   6   5.6378   5.2422  18.7581  -1.6788   2.9599  -7.3879   0.00    0.0
2014/12/13 07:43:00.000  -12.843708083  131.132753733   118.3631   5   6   5.6343   5.2419  18.8637  -1.6826   2.9788  -7.4142   0.00    0.0
2014/12/13 07:43:30.000  -12.843708756  131.132753533   118.5233   5   6   5.6304   5.2416  18.9670  -1.6861   2.9964  -7.4389   0.00    0.0
2014/12/13 07:44:00.000  -12.843709257  131.132753168   118.6648   5   6   5.6263   5.2414  19.0680  -1.6892   3.0125  -7.4619   0.00    0.0
2014/12/13 07:44:30.000  -12.843708850  131.132753763   118.7472   5   6   5.6217   5.2412  19.1664  -1.6920   3.0273  -7.4832   0.00    0.0
2014/12/13 07:45:00.000  -12.843708219  131.132754898   118.6662   5   6   5.6168   5.2411  19.2621  -1.6944   3.0407  -7.5026   0.00    0.0
2014/12/13 07:45:30.000  -12.843709227  131.132755646   118.6962   5   6   5.6116   5.2411  19.3550  -1.6965   3.0526  -7.5201   0.00    0.0
2014/12/13 07:46:00.000  -12.843709442  131.132755930   118.6699   5   6   5.6059   5.2410  19.4448  -1.6982   3.0630  -7.5357   0.00    0.0
2014/12/13 07:46:30.000  -12.843709348  131.132756526   119.0321   5   6   5.5998   5.2410  19.5315  -1.6995   3.0719  -7.5493   0.00    0.0
2014/12/13 07:47:00.000  -12.843710129  131.132755818   119.1874   5   6   5.5933   5.2411  19.6148  -1.7004   3.0793  -7.5609   0.00    0.0
2014/12/13 07:47:30.000  -12.843709337  131.132754264   118.8771   5   6   5.5864   5.2412  19.6946  -1.7010   3.0852  -7.5703   0.00    0.0
2014/12/13 07:48:00.000  -12.843709261  131.132754401   118.5367   5   6   5.5791   5.2414  19.7707  -1.7013   3.0896  -7.5776   0.00    0.0
2014/12/13 07:48:30.000  -12.843709607  131.132753870   118.2830   5   6   5.5713   5.2416  19.8431  -1.7011   3.0924  -7.5827   0.00    0.0
2014/12/13 07:49:00.000  -12.843710077  131.132753351   118.3986   5   6   5.5631   5.2419  19.9115  -1.7006   3.0937  -7.5856   0.00    0.0
2014/12/13 07:49:30.000  -12.843711211  131.132753246   118.7206   5   6   5.5545   5.2422  19.9760  -1.6998   3.0934  -7.5861   0.00    0.0
2014/12/13 07:50:00.000  -12.843711133  131.132753013   118.3870   5   6   5.5454   5.2425  20.0362  -1.6986   3.0915  -7.5844   0.00    0.0
2014/12/13 07:50:30.000  -12.843710565  131.132752404   118.2665   5   6   5.5359   5.2430  20.0921  -1.6971   3.0880  -7.5803   0.00    0.0
2014/12/13 07:51:00.000  -12.843710908  131.132753115   118.3013   5   6   5.5260   5.2435  20.1437  -1.6952   3.0830  -7.5739   0.00    0.0
2014/12/13 07:51:30.000  -12.843711397  131.132754064   118.5652   5   6   5.5157   5.2440  20.1908  -1.6930   3.0764  -7.5651   0.00    0.0
2014/12/13 07:52:00.000  -12.843712298  131.132754764   118.7072   5   6   5.5049   5.2446  20.2333  -1.6905   3.0683  -7.5539   0.00    0.0
2014/12/13 07:52:30.000  -12.843711712  131.132753647   118.5053   5   6   5.4938   5.2453  20.2712  -1.6877   3.0585  -7.5403   0.00    0.0
2014/12/13 07:53:00.000  -12.843711235  131.132753494   118.4358   5   6   5.4823   5.2460  20.3044  -1.6847   3.0473  -7.5242   0.00    0.0
2014/12/13 07:53:30.000  -12.843710923  131.132753654   118.4793   5   6   5.4703   5.2468  20.3328  -1.6814   3.0345  -7.5058   0.00    0.0
2014/12/13 07:54:00.000  -12.843711851  131.132754581   118.7295   5   6   5.4581   5.2477  20.3564  -1.6778   3.0202  -7.4849   0.00    0.0
2014/12/13 07:54:30.000  -12.843742855  131.132771114   133.4579   5   7   4.3642   4.9901  14.8103   1.5800  -3.7068  -3.1787   0.00    0.0
2014/12/13 07:55:00.000  -12.843742987  131.132771002   133.5465   5   7   4.3592   4.9888  14.8552   1.5839  -3.7284  -3.1656   0.00    0.0
2014/12/13 07:55:30.000  -12.843742889  131.132771229   133.9340   5   7   4.3543   4.9875  14.8991   1.5877  -3.7497  -3.1516   0.00    0.0
2014/12/13 07:56:00.000  -12.843742414  131.132772121   134.0515   5   7   4.3495   4.9863  14.9417   1.5913  -3.7707  -3.1366   0.00    0.0
2014/12/13 07:56:30.000  -12.843742405  131.132772173   133.7495   5   7   4.3448   4.9851  14.9831   1.5948  -3.7915  -3.1208   0.00    0.0
2014/12/13 07:57:00.000  -12.843742583  131.132772998   133.6927   5   7   4.3402   4.9840  15.0233   1.5982  -3.8119  -3.1039   0.00    0.0
2014/12/13 07:57:30.000  -12.843743106  131.132772566   133.6808   5   7   4.3357   4.9828  15.0621   1.6014  -3.8320  -3.0861   0.00    0.0
2014/12/13 07:58:00.000  -12.843744033  131.132772321   133.7955   5   7   4.3313   4.9817  15.0996   1.6045  -3.8517  -3.0674   0.00    0.0
2014/12/13 07:58:30.000  -12.843744885  131.132771854   134.0875   5   7   4.3270   4.9807  15.1356   1.6074  -3.8710  -3.0476   0.00    0.0
2014/12/13 07:59:00.000  -12.843744721  131.132772195   134.2621   5   7   4.3228   4.9796  15.1702   1.6102  -3.8899  -3.0269   0.00    0.0
2014/12/13 07:59:30.000  -12.843743575  131.132773375   134.0047   5   7   4.3187   4.9786  15.2034   1.6128  -3.9083  -3.0052   0.00    0.0
2014/12/13 08:00:00.000  -12.843750074  131.132774068   132.0843   5   7   4.4799   5.1240  15.6366   1.6496  -4.3444  -2.5807   0.00    0.0
2014/12/13 08:00:30.000  -12.843750371  131.132774037   132.0731   5   7   4.4762   5.1229  15.6584   1.6518  -4.3568  -2.5589   0.00    0.0
2014/12/13 08:01:00.000  -12.843749971  131.132773328   131.9123   5   7   4.4726   5.1217  15.6785   1.6539  -4.3686  -2.5361   0.00    0.0
2014/12/13 08:01:30.000  -12.843749477  131.132773516   131.8296   5   7   4.4691   5.1205  15.6970   1.6559  -4.3799  -2.5124   0.00    0.0
2014/12/13 08:02:00.000  -12.843749079  131.132774303   131.8734   5   7   4.4657   5.1193  15.7138   1.6577  -4.3906  -2.4878   0.00    0.0
2014/12/13 08:02:30.000  -12.843749673  131.132773985   131.5318   5   7   4.4624   5.1181  15.7290   1.6595  -4.4007  -2.4622   0.00    0.0
2014/12/13 08:03:00.000  -12.843750203  131.132773344   131.3234   5   7   4.4592   5.1169  15.7424   1.6611  -4.4102  -2.4357   0.00    0.0
2014/12/13 08:03:30.000  -12.843749540  131.132773905   131.3260   5   7   4.4561   5.1156  15.7540   1.6627  -4.4191  -2.4083   0.00    0.0
2014/12/13 08:04:00.000  -12.843748955  131.132774964   131.1512   5   7   4.4532   5.1143  15.7639   1.6641  -4.4272  -2.3799   0.00    0.0
2014/12/13 08:04:30.000  -12.843747959  131.132775513   130.6960   5   7   4.4503   5.1130  15.7720   1.6655  -4.4347  -2.3506   0.00    0.0
2014/12/13 08:05:00.000  -12.843747654  131.132775375   130.0485   5   7   4.4476   5.1116  15.7783   1.6667  -4.4416  -2.3203   0.00    0.0
2014/12/13 08:05:30.000  -12.843747291  131.132775719   130.0031   5   7   4.4450   5.1102  15.7828   1.6679  -4.4476  -2.2891   0.00    0.0
2014/12/13 08:06:00.000  -12.843747478  131.132775125   129.6871   5   7   4.4424   5.1088  15.7855   1.6690  -4.4530  -2.2569   0.00    0.0
2014/12/13 08:06:30.000  -12.843747456  131.132773586   129.4664   5   7   4.4400   5.1073  15.7863   1.6700  -4.4576  -2.2238   0.00    0.0
2014/12/13 08:07:00.000  -12.843746265  131.132774566   128.9577   5   7   4.4378   5.1057  15.7854   1.6709  -4.4615  -2.1897   0.00    0.0
2014/12/13 08:07:30.000  -12.843746247  131.132774164   129.0593   5   7   4.4356   5.1042  15.7826   1.6718  -4.4646  -2.1547   0.00    0.0
2014/12/13 08:08:00.000  -12.843746574  131.132773663   128.9563   5   7   4.4335   5.1025  15.7780   1.6726  -4.4669  -2.1187   0.00    0.0
2014/12/13 08:08:30.000  -12.843746312  131.132774897   128.7425   5   7   4.4316   5.1008  15.7715   1.6733  -4.4684  -2.0817   0.00    0.0
2014/12/13 08:09:00.000  -12.843745836  131.132775396   128.3556   5   7   4.4298   5.0991  15.7632   1.6739  -4.4692  -2.0437   0.00    0.0
2014/12/13 08:09:30.000  -12.843745203  131.132775073   128.3330   5   7   4.4281   5.0973  15.7531   1.6746  -4.4691  -2.0048   0.00    0.0
2014/12/13 08:10:00.000  -12.843745319  131.132773922   128.3149   5   7   4.4265   5.0954  15.7412   1.6751  -4.4682  -1.9648   0.00    0.0
2014/12/13 08:10:30.000  -12.843744553  131.132774160   127.8921   5   7   4.4250   5.0935  15.7275   1.6757  -4.4665  -1.9239   0.00    0.0
2014/12/13 08:11:00.000  -12.843743562  131.132774903   127.2094   5   7   4.4237   5.0916  15.7120   1.6761  -4.4639  -1.8819   0.00    0.0
2014/12/13 08:11:30.000  -12.843743350  131.132775568   126.4599   5   7   4.4224   5.0895  15.6947   1.6766  -4.4605  -1.8388   0.00    0.0
2014/12/13 08:12:00.000  -12.843742505  131.132775453   126.3494   5   7   4.4213   5.0874  15.6757   1.6770  -4.4563  -1.7946   0.00    0.0
2014/12/13 08:12:30.000  -12.843742705  131.132774614   126.0013   5   7   4.4203   5.0852  15.6549   1.6774  -4.4513  -1.7494   0.00    0.0
2014/12/13 08:13:00.000  -12.843742263  131.132774119   126.0498   5   7   4.4194   5.0830  15.6324   1.6778  -4.4454  -1.7030   0.00    0.0
2014/12/13 08:13:30.000  -12.843742050  131.132774137   125.6824   5   7   4.4186   5.0807  15.6082   1.6782  -4.4386  -1.6554   0.00    0.0
2014/12/13 08:14:00.000  -12.843741536  131.132773663   125.8756   5   7   4.4180   5.0783  15.5823   1.6786  -4.4311  -1.6066   0.00    0.0
2014/12/13 08:14:30.000  -12.843741254  131.132772824   125.8526   5   7   4.4174   5.0759  15.5548   1.6790  -4.4226  -1.5564   0.00    0.0
2014/12/13 08:15:00.000  -12.843740320  131.132772468   125.8375   5   7   4.4170   5.0734  15.5256   1.6793  -4.4134  -1.5049   0.00    0.0
2014/12/13 08:15:30.000  -12.843740507  131.132771644   125.2584   5   7   4.4167   5.0708  15.4949   1.6797  -4.4033  -1.4520   0.00    0.0
2014/12/13 08:16:00.000  -12.843740481  131.132771466   125.0931   5   7   4.4164   5.0682  15.4626   1.6801  -4.3924  -1.3974   0.00    0.0
2014/12/13 08:16:30.000  -12.843740227  131.132771648   125.0814   5   7   4.4164   5.0655  15.4287   1.6805  -4.3806  -1.3412   0.00    0.0
2014/12/13 08:17:00.000  -12.843740095  131.132772486   124.9921   5   7   4.4164   5.0628  15.3934   1.6810  -4.3680  -1.2831   0.00    0.0
2014/12/13 08:17:30.000  -12.843739370  131.132772416   124.5583   5   7   4.4165   5.0599  15.3566   1.6814  -4.3546  -1.2229   0.00    0.0
2014/12/13 08:18:00.000  -12.843739666  131.132772378   124.1251   5   7   4.4167   5.0570  15.3183   1.6819  -4.3404  -1.1604   0.00    0.0
2014/12/13 08:18:30.000  -12.843738773  131.132771812   123.8428   5   7   4.4170   5.0541  15.2787   1.6825  -4.3254  -1.0952   0.00    0.0
2014/12/13 08:19:00.000  -12.843738211  131.132772581   123.7667   5   7   4.4175   5.0511  15.2377   1.6831  -4.3096  -1.0269   0.00    0.0
2014/12/13 08:19:30.000  -12.843738061  131.132771700   123.7367   5   7   4.4180   5.0480  15.1955   1.6837  -4.2930  -0.9548   0.00    0.0
2014/12/13 08:20:00.000  -12.843738037  131.132771479   123.5222   5   7   4.4187   5.0449  15.1519   1.6843  -4.2756  -0.8782   0.00    0.0
2014/12/13 08:20:30.000  -12.843737424  131.132770166   123.3397   5   7   4.4194   5.0417  15.1071   1.6850  -4.2574  -0.7958   0.00    0.0
2014/12/13 08:21:00.000  -12.843737518  131.132769414   123.2483   5   7   4.4203   5.0384  15.0611   1.6858  -4.2385  -0.7056   0.00    0.0
2014/12/13 08:21:30.000  -12.843737674  131.132769767   123.1401   5   7   4.4212   5.0351  15.0140   1.6866  -4.2188  -0.6042   0.00    0.0
2014/12/13 08:22:00.000  -12.843737763  131.132770038   122.9953   5   7   4.4222   5.0318  14.9658   1.6875  -4.1984  -0.4848   0.00    0.0
2014/12/13 08:22:30.000  -12.843737207  131.132769609   123.2207   5   7   4.4234   5.0284  14.9165   1.6884  -4.1773  -0.3283   0.00    0.0
2014/12/13 08:23:00.000  -12.843737107  131.132770181   123.1434   5   7   4.4246   5.0250  14.8662   1.6894  -4.1555   0.1286   0.00    0.0
2014/12/13 08:23:30.000  -12.843737055  131.132769649   122.8005   5   7   4.4259   5.0215  14.8149   1.6905  -4.1329   0.3713   0.00    0.0
2014/12/13 08:24:00.000  -12.843736565  131.132768598   122.6421   5   7   4.4273   5.0179  14.7626   1.6916  -4.1096   0.5061   0.00    0.0
2014/12/13 08:24:30.000  -12.843735629  131.132769158   122.2907   5   7   4.4288   5.0144  14.7095   1.6928  -4.0857   0.6093   0.00    0.0
2014/12/13 08:25:00.000  -12.843735348  131.132768669   122.0768   5   7   4.4304   5.0108  14.6555   1.6941  -4.0611   0.6952   0.00    0.0
2014/12/13 08:25:30.000  -12.843735530  131.132768455   121.9488   5   7   4.4320   5.0071  14.6007   1.6954  -4.0358   0.7694   0.00    0.0
2014/12/13 08:26:00.000  -12.843735343  131.132769022   122.0013   5   7   4.4338   5.0034  14.5452   1.6967  -4.0099   0.8352   0.00    0.0
2014/12/13 08:26:30.000  -12.843735166  131.132768185   121.9637   5   7   4.4356   4.9997  14.4889   1.6982  -3.9833   0.8943   0.00    0.0
2014/12/13 08:27:00.000  -12.843734393  131.132766926   121.9123   5   7   4.4375   4.9960  14.4320   1.6997  -3.9562   0.9479   0.00    0.0
2014/12/13 08:27:30.000  -12.843733944  131.132765695   121.9532   5   7   4.4395   4.9923  14.3744   1.7013  -3.9284   0.9970   0.00    0.0
2014/12/13 08:28:00.000  -12.843733728  131.132766147   121.9133   5   7   4.4415   4.9885  14.3163   1.7029  -3.9000   1.0422   0.00    0.0
2014/12/13 08:28:30.000  -12.843734073  131.132766160   121.6018   5   7   4.4436   4.9847  14.2575   1.7046  -3.8710   1.0839   0.00    0.0
2014/12/13 08:29:00.000  -12.843733943  131.132766833   121.6636   5   7   4.4458   4.9809  14.1983   1.7064  -3.8415   1.1225   0.00    0.0
2014/12/13 08:29:30.000  -12.843735368  131.132767999   121.2765   5   7   4.4481   4.9770  14.1386   1.7082  -3.8114   1.1584   0.00    0.0
2014/12/13 08:30:00.000  -12.843736845  131.132768080   121.1707   5   7   4.4504   4.9732  14.0785   1.7100  -3.7807   1.1918   0.00    0.0
2014/12/13 08:30:30.000  -12.843736873  131.132768034   121.1068   5   7   4.4528   4.9694  14.0179   1.7120  -3.7495   1.2228   0.00    0.0
2014/12/13 08:31:00.000  -12.843736653  131.132767091   121.1849   5   7   4.4552   4.9655  13.9571   1.7139  -3.7178   1.2518   0.00    0.0
2014/12/13 08:31:30.000  -12.843736234  131.132766283   121.1155   5   7   4.4577   4.9617  13.8958   1.7159  -3.6856   1.2787   0.00    0.0
2014/12/13 08:32:00.000  -12.843735976  131.132765540   121.3563   5   7   4.4603   4.9578  13.8344   1.7180  -3.6528   1.3038   0.00    0.0
2014/12/13 08:32:30.000  -12.843739646  131.132770391   118.4298   5   6   5.0675   5.8448  22.0003  -2.1182  -8.1433   6.5531   0.00    0.0
2014/12/13 08:33:00.000  -12.843739748  131.132770361   118.2715   5   6   5.0715   5.8303  21.9123  -2.1069  -8.0937   6.5506   0.00    0.0
2014/12/13 08:33:30.000  -12.843738755  131.132768683   118.3772   5   6   5.0753   5.8153  21.8198  -2.0945  -8.0420   6.5460   0.00    0.0
2014/12/13 08:34:00.000  -12.843738361  131.132767518   118.8010   5   6   5.0788   5.7999  21.7232  -2.0811  -7.9883   6.5393   0.00    0.0
2014/12/13 08:34:30.000  -12.843737882  131.132767796   118.6634   5   6   5.0821   5.7843  21.6225  -2.0666  -7.9326   6.5305   0.00    0.0
2014/12/13 08:35:00.000  -12.843737729  131.132768522   118.9336   5   6   5.0851   5.7684  21.5181  -2.0511  -7.8750   6.5198   0.00    0.0
2014/12/13 08:35:30.000  -12.843737365  131.132769083   119.0722   5   6   5.0878   5.7522  21.4101  -2.0347  -7.8157   6.5071   0.00    0.0
2014/12/13 08:36:00.000  -12.843737462  131.132768346   119.2372   5   6   5.0903   5.7357  21.2987  -2.0173  -7.7547   6.4927   0.00    0.0
2014/12/13 08:36:30.000  -12.843738026  131.132768659   118.9128   5   6   5.0926   5.7191  21.1841  -1.9989  -7.6922   6.4764   0.00    0.0
2014/12/13 08:37:00.000  -12.843738780  131.132768239   118.5199   5   6   5.0946   5.7023  21.0667  -1.9796  -7.6282   6.4584   0.00    0.0
2014/12/13 08:37:30.000  -12.843738165  131.132767713   118.8380   5   6   5.0964   5.6854  20.9464  -1.9595  -7.5627   6.4387   0.00    0.0
2014/12/13 08:38:00.000  -12.843737880  131.132766598   119.5990   5   6   5.0979   5.6683  20.8237  -1.9385  -7.4961   6.4175   0.00    0.0
2014/12/13 08:38:30.000  -12.843737990  131.132766230   119.8345   5   6   5.0993   5.6512  20.6986  -1.9166  -7.4282   6.3947   0.00    0.0
2014/12/13 08:39:00.000  -12.843737311  131.132765289   119.6975   5   6   5.1004   5.6340  20.5714  -1.8940  -7.3592   6.3705   0.00    0.0
2014/12/13 08:39:30.000  -12.843737312  131.132764747   119.3420   5   6   5.1013   5.6168  20.4423  -1.8706  -7.2892   6.3449   0.00    0.0
2014/12/13 08:40:00.000  -12.843738242  131.132764110   119.3192   5   6   5.1020   5.5996  20.3115  -1.8464  -7.2182   6.3179   0.00    0.0
2014/12/13 08:40:30.000  -12.843737978  131.132764283   119.5916   5   6   5.1025   5.5824  20.1792  -1.8215  -7.1464   6.2897   0.00    0.0
2014/12/13 08:41:00.000  -12.843737827  131.132763786   120.1740   5   6   5.1028   5.5653  20.0455  -1.7960  -7.0739   6.2604   0.00    0.0
2014/12/13 08:41:30.000  -12.843737610  131.132762637   120.3261   5   6   5.1029   5.5482  19.9106  -1.7697  -7.0006   6.2299   0.00    0.0
2014/12/13 08:42:00.000  -12.843736967  131.132763130   120.1705   5   6   5.1029   5.5312  19.7748  -1.7428  -6.9268   6.1983   0.00    0.0
2014/12/13 08:42:30.000  -12.843736940  131.132763659   120.1711   5   6   5.1027   5.5143  19.6381  -1.7152  -6.8523   6.1657   0.00    0.0
2014/12/13 08:43:00.000  -12.843737959  131.132763614   119.9444   5   6   5.1024   5.4976  19.5008  -1.6871  -6.7775   6.1322   0.00    0.0
2014/12/13 08:43:30.000  -12.843739308  131.132763211   119.8197   5   6   5.1019   5.4810  19.3629  -1.6583  -6.7022   6.0978   0.00    0.0
2014/12/13 08:44:00.000  -12.843738998  131.132763508   120.1386   5   6   5.1013   5.4646  19.2247  -1.6290  -6.6266   6.0626   0.00    0.0
2014/12/13 08:44:30.000  -12.843739127  131.132763915   120.3728   5   6   5.1006   5.4483  19.0863  -1.5992  -6.5507   6.0266   0.00    0.0
2014/12/13 08:45:00.000  -12.843738424  131.132763696   120.8795   5   6   5.0997   5.4322  18.9478  -1.5688  -6.4745   5.9899   0.00    0.0
2014/12/13 08:45:30.000  -12.843738810  131.132763630   120.7964   5   6   5.0987   5.4163  18.8094  -1.5378  -6.3983   5.9525   0.00    0.0
2014/12/13 08:46:00.000  -12.843738779  131.132762491   120.9732   5   6   5.0976   5.4007  18.6711  -1.5064  -6.3218   5.9145   0.00    0.0
2014/12/13 08:46:30.000  -12.843738891  131.132762047   121.0701   5   6   5.0965   5.3853  18.5331  -1.4745  -6.2453   5.8759   0.00    0.0
2014/12/13 08:47:00.000  -12.843739404  131.132762560   120.9055   5   6   5.0952   5.3701  18.3955  -1.4421  -6.1688   5.8368   0.00    0.0
2014/12/13 08:47:30.000  -12.843738907  131.132762270   120.9840   5   6   5.0938   5.3551  18.2583  -1.4092  -6.0923   5.7972   0.00    0.0
2014/12/13 08:48:00.000  -12.843738799  131.132762305   121.5235   5   6   5.0924   5.3404  18.1218  -1.3759  -6.0159   5.7571   0.00    0.0
2014/12/13 08:48:30.000  -12.843738239  131.132761328   121.7339   5   6   5.0909   5.3260  17.9859  -1.3420  -5.9395   5.7166   0.00    0.0
2014/12/13 08:49:00.000  -12.843737859  131.132760084   122.0266   5   6   5.0893   5.3118  17.8507  -1.3078  -5.8632   5.6758   0.00    0.0
2014/12/13 08:49:30.000  -12.843737713  131.132758283   122.2808   5   6   5.0876   5.2980  17.7164  -1.2730  -5.7871   5.6346   0.00    0.0
2014/12/13 08:50:00.000  -12.843738319  131.132757670   122.1067   5   6   5.0859   5.2843  17.5830  -1.2378  -5.7112   5.5931   0.00    0.0
2014/12/13 08:50:30.000  -12.843738244  131.132757335   122.2850   5   6   5.0842   5.2710  17.4506  -1.2020  -5.6355   5.5514   0.00    0.0
2014/12/13 08:51:00.000  -12.843737995  131.132758360   122.4384   5   6   5.0824   5.2580  17.3192  -1.1658  -5.5600   5.5094   0.00    0.0
2014/12/13 08:51:30.000  -12.843739179  131.132757625   122.3714   5   6   5.0805   5.2452  17.1889  -1.1291  -5.4847   5.4672   0.00    0.0
2014/12/13 08:52:00.000  -12.843739025  131.132757201   122.8934   5   6   5.0786   5.2327  17.0597  -1.0918  -5.4097   5.4248   0.00    0.0
2014/12/13 08:52:30.000  -12.843739098  131.132757495   123.0589   5   6   5.0767   5.2205  16.9317  -1.0540  -5.3350   5.3822   0.00    0.0
2014/12/13 08:53:00.000  -12.843737933  131.132757706   123.3479   5   6   5.0748   5.2087  16.8050  -1.0155  -5.2605   5.3395   0.00    0.0
2014/12/13 08:53:30.000  -12.843737563  131.132757442   123.7163   5   6   5.0728   5.1971  16.6795  -0.9764  -5.1864   5.2966   0.00    0.0
2014/12/13 08:54:00.000  -12.843739105  131.132756494   123.3375   5   6   5.0708   5.1858  16.5553  -0.9366  -5.1125   5.2537   0.00    0.0
2014/12/13 08:54:30.000  -12.843738992  131.132756761   123.0894   5   6   5.0687   5.1747  16.4324  -0.8960  -5.0390   5.2107   0.00    0.0
2014/12/13 08:55:00.000  -12.843738629  131.132756568   122.9828   5   6   5.0667   5.1640  16.3109  -0.8545  -4.9658   5.1676   0.00    0.0
2014/12/13 08:55:30.000  -12.843739007  131.132756322   123.1402   5   6   5.0646   5.1536  16.1908  -0.8121  -4.8929   5.1244   0.00    0.0
2014/12/13 08:56:00.000  -12.843739036  131.132756378   123.5722   5   6   5.0626   5.1434  16.0720  -0.7685  -4.8203   5.0813   0.00    0.0
2014/12/13 08:56:30.000  -12.843739173  131.132757264   123.5516   5   6   5.0605   5.1336  15.9547  -0.7236  -4.7481   5.0381   0.00    0.0
2014/12/13 08:57:00.000  -12.843739903  131.132756166   123.7028   5   6   5.0584   5.1240  15.8389  -0.6771  -4.6761   4.9948   0.00    0.0
2014/12/13 08:57:30.000  -12.843739728  131.132755913   123.9358   5   6   5.0562   5.1147  15.7245  -0.6287  -4.6045   4.9516   0.00    0.0
2014/12/13 08:58:00.000  -12.843739754  131.132755369   123.9784   5   6   5.0541   5.1057  15.6116  -0.5780  -4.5332   4.9084   0.00    0.0
2014/12/13 08:58:30.000  -12.843739259  131.132754732   123.9966   5   6   5.0520   5.0970  15.5001  -0.5243  -4.4622   4.8652   0.00    0.0
2014/12/13 08:59:00.000  -12.843739388  131.132754579   124.1502   5   6   5.0499   5.0886  15.3901  -0.4666  -4.3914   4.8221   0.00    0.0
2014/12/13 08:59:30.000  -12.843740053  131.132754961   124.1612   5   6   5.0477   5.0804  15.2816  -0.4030  -4.3210   4.7789   0.00    0.0
2014/12/13 09:00:00.000  -12.843737521  131.132754157   124.1237   5   6   4.9494   4.9428  14.7878   0.5883  -3.7942   4.7035   0.00    0.0
2014/12/13 09:00:30.000  -12.843738033  131.132754247   124.3106   5   6   4.9478   4.9373  14.6864   0.6279  -3.7254   4.6621   0.00    0.0
2014/12/13 09:01:00.000  -12.843738828  131.132754818   124.1584   5   6   4.9462   4.9320  14.5864   0.6637  -3.6568   4.6207   0.00    0.0
2014/12/13 09:01:30.000  -12.843739286  131.132753663   124.5522   5   6   4.9446   4.9269  14.4878   0.6964  -3.5882   4.5793   0.00    0.0
2014/12/13 09:02:00.000  -12.843737738  131.132753111   124.9845   5   6   4.9429   4.9221  14.3906   0.7263  -3.5197   4.5379   0.00    0.0
2014/12/13 09:02:30.000  -12.843737722  131.132752561   124.9499   5   6   4.9413   4.9175  14.2948   0.7538  -3.4512   4.4965   0.00    0.0
2014/12/13 09:03:00.000  -12.843738120  131.132752633   124.8940   5   6   4.9396   4.9131  14.2005   0.7791  -3.3827   4.4551   0.00    0.0
2014/12/13 09:03:30.000  -12.843738679  131.132752696   124.6872   5   6   4.9379   4.9089  14.1075   0.8025  -3.3141   4.4137   0.00    0.0
2014/12/13 09:04:00.000  -12.843738656  131.132751950   124.9189   5   6   4.9362   4.9050  14.0160   0.8240  -3.2456   4.3724   0.00    0.0
2014/12/13 09:04:30.000  -12.843738405  131.132751234   124.9774   5   6   4.9344   4.9013  13.9258   0.8439  -3.1769   4.3310   0.00    0.0
2014/12/13 09:05:00.000  -12.843737637  131.132751158   124.9780   5   6   4.9327   4.8977  13.8371   0.8622  -3.1081   4.2897   0.00    0.0
2014/12/13 09:05:30.000  -12.843736589  131.132752428   125.0573   5   6   4.9309   4.8944  13.7496   0.8790  -3.0390   4.2485   0.00    0.0
2014/12/13 09:06:00.000  -12.843736204  131.132752676   125.1806   5   6   4.9292   4.8913  13.6636   0.8945  -2.9698   4.2072   0.00    0.0
2014/12/13 09:06:30.000  -12.843740830  131.132754806   126.5418   5   7   4.7055   4.8703  12.5684   1.2005  -3.2520   4.9870   0.00    0.0
2014/12/13 09:07:00.000  -12.843741742  131.132754281   126.5495   5   7   4.6977   4.8664  12.5026   1.2218  -3.1966   4.9537   0.00    0.0
2014/12/13 09:07:30.000  -12.843742223  131.132752975   126.7157   5   7   4.6898   4.8627  12.4377   1.2421  -3.1412   4.9203   0.00    0.0
2014/12/13 09:08:00.000  -12.843742331  131.132752356   126.8687   5   7   4.6819   4.8592  12.3735   1.2614  -3.0857   4.8870   0.00    0.0
2014/12/13 09:08:30.000  -12.843742234  131.132753537   126.9513   5   7   4.6739   4.8558  12.3102   1.2798  -3.0302   4.8538   0.00    0.0
2014/12/13 09:09:00.000  -12.843741922  131.132755227   127.0212   5   7   4.6659   4.8526  12.2477   1.2973  -2.9745   4.8206   0.00    0.0
2014/12/13 09:09:30.000  -12.843743919  131.132753069   126.2876   5   8   4.2359   4.6143  10.7316  -1.0790  -4.1393   3.4256   0.00    0.0
2014/12/13 09:10:00.000  -12.843744018  131.132752515   126.4305   5   8   4.2330   4.6050  10.6907  -1.0679  -4.1041   3.4051   0.00    0.0
2014/12/13 09:10:30.000  -12.843745157  131.132751517   126.5719   5   8   4.2300   4.5957  10.6501  -1.0569  -4.0691   3.3845   0.00    0.0
2014/12/13 09:11:00.000  -12.843745930  131.132750583   126.3015   5   8   4.2269   4.5867  10.6099  -1.0462  -4.0341   3.3638   0.00    0.0
2014/12/13 09:11:30.000  -12.843746149  131.132750537   126.2241   5   8   4.2238   4.5778  10.5702  -1.0356  -3.9993   3.3429   0.00    0.0
2014/12/13 09:12:00.000  -12.843746164  131.132750506   126.0237   5   8   4.2207   4.5690  10.5308  -1.0252  -3.9645   3.3219   0.00    0.0
2014/12/13 09:12:30.000  -12.843746217  131.132750735   126.0469   5   8   4.2176   4.5604  10.4919  -1.0150  -3.9299   3.3008   0.00    0.0
2014/12/13 09:13:00.000  -12.843745803  131.132751583   126.1003   5   8   4.2144   4.5519  10.4533  -1.0050  -3.8954   3.2796   0.00    0.0
2014/12/13 09:13:30.000  -12.843745808  131.132751592   126.0893   5   8   4.2111   4.5436  10.4152  -0.9952  -3.8610   3.2583   0.00    0.0
2014/12/13 09:14:00.000  -12.843744487  131.132752246   126.5852   5   8   4.2078   4.5354  10.3775  -0.9856  -3.8267   3.2368   0.00    0.0
2014/12/13 09:14:30.000  -12.843744323  131.132753258   126.4499   5   8   4.2045   4.5274  10.3402  -0.9763  -3.7926   3.2153   0.00    0.0
2014/12/13 09:15:00.000  -12.843744785  131.132753027   126.2571   5   8   4.2012   4.5195  10.3033  -0.9672  -3.7585   3.1936   0.00    0.0
2014/12/13 09:15:30.000  -12.843745357  131.132752916   126.1518   5   8   4.1978   4.5117  10.2669  -0.9583  -3.7245   3.1718   0.00    0.0
2014/12/13 09:16:00.000  -12.843745584  131.132752508   126.2020   5   8   4.1944   4.5041  10.2309  -0.9497  -3.6907   3.1500   0.00    0.0
2014/12/13 09:16:30.000  -12.843745684  131.132752320   126.2121   5   8   4.1909   4.4967  10.1953  -0.9413  -3.6569   3.1280   0.00    0.0
2014/12/13 09:17:00.000  -12.843746320  131.132752538   126.1087   5   8   4.1875   4.4894  10.1602  -0.9332  -3.6233   3.1060   0.00    0.0
2014/12/13 09:17:30.000  -12.843746346  131.132753745   126.0261   5   8   4.1840   4.4823  10.1255  -0.9254  -3.5897   3.0838   0.00    0.0
2014/12/13 09:18:00.000  -12.843745948  131.132754562   126.1981   5   8   4.1804   4.4753  10.0912  -0.9178  -3.5563   3.0616   0.00    0.0
2014/12/13 09:18:30.000  -12.843746413  131.132754138   126.2065   5   8   4.1769   4.4684  10.0574  -0.9105  -3.5229   3.0392   0.00    0.0
2014/12/13 09:19:00.000  -12.843746472  131.132752808   126.2214   5   8   4.1733   4.4617  10.0240  -0.9035  -3.4896   3.0168   0.00    0.0
2014/12/13 09:19:30.000  -12.843746344  131.132751843   126.2167   5   8   4.1697   4.4551   9.9911  -0.8968  -3.4564   2.9943   0.00    0.0
2014/12/13 09:20:00.000  -12.843745842  131.132752165   126.0375   5   8   4.1660   4.4487   9.9586  -0.8903  -3.4233   2.9717   0.00    0.0
2014/12/13 09:20:30.000  -12.843744695  131.132752776   125.9747   5   8   4.1624   4.4424   9.9265  -0.8842  -3.3903   2.9490   0.00    0.0
2014/12/13 09:21:00.000  -12.843744588  131.132752491   125.9467   5   8   4.1587   4.4363   9.8949  -0.8783  -3.3574   2.9262   0.00    0.0
2014/12/13 09:21:30.000  -12.843745628  131.132752590   126.1111   5   8   4.1550   4.4303   9.8637  -0.8728  -3.3245   2.9033   0.00    0.0
2014/12/13 09:22:00.000  -12.843745988  131.132752506   125.8985   5   8   4.1513   4.4245   9.8330  -0.8675  -3.2917   2.8803   0.00    0.0
2014/12/13 09:22:30.000  -12.843744936  131.132752433   126.2796   5   8   4.1475   4.4187   9.8027  -0.8625  -3.2589   2.8572   0.00    0.0
2014/12/13 09:23:00.000  -12.843744662  131.132752574   126.2019   5   8   4.1437   4.4132   9.7728  -0.8579  -3.2262   2.8340   0.00    0.0
2014/12/13 09:23:30.000  -12.843745186  131.132753017   126.0585   5   8   4.1400   4.4078   9.7434  -0.8536  -3.1936   2.8108   0.00    0.0
2014/12/13 09:24:00.000  -12.843744753  131.132753693   125.9375   5   8   4.1361   4.4025   9.7144  -0.8495  -3.1609   2.7874   0.00    0.0
2014/12/13 09:24:30.000  -12.843744221  131.132753713   125.9101   5   8   4.1323   4.3973   9.6858  -0.8458  -3.1284   2.7640   0.00    0.0
2014/12/13 09:25:00.000  -12.843742670  131.132754183   125.9723   5   8   4.1285   4.3923   9.6576  -0.8424  -3.0958   2.7404   0.00    0.0
2014/12/13 09:25:30.000  -12.843741805  131.132754661   125.9537   5   8   4.1246   4.3874   9.6299  -0.8393  -3.0633   2.7168   0.00    0.0
2014/12/13 09:26:00.000  -12.843742174  131.132755922   125.7211   5   8   4.1208   4.3827   9.6026  -0.8365  -3.0309   2.6930   0.00    0.0
2014/12/13 09:26:30.000  -12.843742169  131.132756125   125.6031   5   8   4.1169   4.3781   9.5758  -0.8340  -2.9984   2.6691   0.00    0.0
2014/12/13 09:27:00.000  -12.843742809  131.132755926   125.7542   5   8   4.1130   4.3736   9.5494  -0.8318  -2.9659   2.6452   0.00    0.0
2014/12/13 09:27:30.000  -12.843742057  131.132755624   125.6602   5   8   4.1091   4.3693   9.5233  -0.8299  -2.9335   2.6211   0.00    0.0
2014/12/13 09:28:00.000  -12.843740887  131.132754549   125.7741   5   8   4.1052   4.3651   9.4978  -0.8283  -2.9010   2.5969   0.00    0.0
2014/12/13 09:28:30.000  -12.843741710  131.132753170   125.4768   5   8   4.1013   4.3610   9.4726  -0.8270  -2.8685   2.5726   0.00    0.0
2014/12/13 09:29:00.000  -12.843742704  131.132753667   125.2353   5   8   4.0974   4.3571   9.4478  -0.8260  -2.8360   2.5482   0.00    0.0
2014/12/13 09:29:30.000  -12.843741137  131.132754065   125.3514   5   8   4.0934   4.3533   9.4235  -0.8252  -2.8035   2.5236   0.00    0.0
2014/12/13 09:30:00.000  -12.843740542  131.132753537   125.2357   5   8   4.0895   4.3496   9.3995  -0.8248  -2.7709   2.4989   0.00    0.0
2014/12/13 09:30:30.000  -12.843738639  131.132754505   125.3764   5   8   4.0855   4.3461   9.3760  -0.8246  -2.7383   2.4741   0.00    0.0
2014/12/13 09:31:00.000  -12.843736677  131.132754504   125.0687   5   8   4.0816   4.3427   9.3528  -0.8247  -2.7056   2.4492   0.00    0.0
2014/12/13 09:31:30.000  -12.843736679  131.132754534   124.6378   5   8   4.0776   4.3394   9.3301  -0.8251  -2.6729   2.4241   0.00    0.0
2014/12/13 09:32:00.000  -12.843736016  131.132755702   124.0797   5   7   4.5556   4.3937  10.3036   0.8727  -3.1778  -1.8049   0.00    0.0
2014/12/13 09:32:30.000  -12.843735582  131.132755657   123.8306   5   7   4.5485   4.3901  10.2908   0.8647  -3.1499  -1.8376   0.00    0.0
2014/12/13 09:33:00.000  -12.843734619  131.132755902   123.9513   5   7   4.5415   4.3867  10.2783   0.8563  -3.1220  -1.8695   0.00    0.0
2014/12/13 09:33:30.000  -12.843733900  131.132755720   123.7894   5   7   4.5345   4.3834  10.2660   0.8476  -3.0940  -1.9006   0.00    0.0
2014/12/13 09:34:00.000  -12.843733378  131.132756044   123.7748   5   7   4.5275   4.3802  10.2541   0.8385  -3.0659  -1.9310   0.00    0.0
2014/12/13 09:34:30.000  -12.843733092  131.132755638   123.8866   5   7   4.5206   4.3772  10.2425   0.8291  -3.0377  -1.9608   0.00    0.0
2014/12/13 09:35:00.000  -12.843732278  131.132754632   124.1578   5   7   4.5138   4.3742  10.2312   0.8194  -3.0094  -1.9899   0.00    0.0
2014/12/13 09:35:30.000  -12.843731443  131.132754444   124.1968   5   7   4.5070   4.3714  10.2202   0.8093  -2.9810  -2.0184   0.00    0.0
2014/12/13 09:36:00.000  -12.843731381  131.132754702   123.9544   5   7   4.5002   4.3686  10.2095   0.7989  -2.9525  -2.0464   0.00    0.0
2014/12/13 09:36:30.000  -12.843730643  131.132755989   123.7396   5   7   4.4935   4.3660  10.1991   0.7881  -2.9239  -2.0738   0.00    0.0
2014/12/13 09:37:00.000  -12.843730499  131.132756909   123.6434   5   7   4.4868   4.3635  10.1890   0.7770  -2.8952  -2.1007   0.00    0.0
2014/12/13 09:37:30.000  -12.843730544  131.132756497   123.2877   5   7   4.4802   4.3612  10.1793   0.7655  -2.8663  -2.1271   0.00    0.0
2014/12/13 09:38:00.000  -12.843729878  131.132755540   123.1420   5   7   4.4737   4.3589  10.1698   0.7536  -2.8373  -2.1531   0.00    0.0
2014/12/13 09:38:30.000  -12.843729531  131.132756421   123.2663   5   7   4.4672   4.3567  10.1606   0.7413  -2.8082  -2.1786   0.00    0.0
2014/12/13 09:39:00.000  -12.843728898  131.132755666   123.2149   5   7   4.4607   4.3547  10.1517   0.7287  -2.7789  -2.2038   0.00    0.0
2014/12/13 09:39:30.000  -12.843727907  131.132755753   123.0683   5   7   4.4543   4.3528  10.1431   0.7156  -2.7495  -2.2285   0.00    0.0
2014/12/13 09:40:00.000  -12.843727032  131.132756506   122.9425   5   7   4.4480   4.3510  10.1348   0.7021  -2.7199  -2.2528   0.00    0.0
2014/12/13 09:40:30.000  -12.843726356  131.132756698   122.9012   5   7   4.4417   4.3493  10.1267   0.6882  -2.6901  -2.2768   0.00    0.0
2014/12/13 09:41:00.000  -12.843726473  131.132756812   122.8020   5   7   4.4354   4.3477  10.1190   0.6739  -2.6602  -2.3004   0.00    0.0
2014/12/13 09:41:30.000  -12.843725602  131.132757662   122.6446   5   7   4.4292   4.3462  10.1115   0.6591  -2.6301  -2.3237   0.00    0.0
2014/12/13 09:42:00.000  -12.843725380  131.132757571   122.6927   5   7   4.4231   4.3448  10.1043   0.6437  -2.5998  -2.3467   0.00    0.0
2014/12/13 09:42:30.000  -12.843725732  131.132756863   122.8023   5   7   4.4170   4.3436  10.0974   0.6279  -2.5693  -2.3694   0.00    0.0
2014/12/13 09:43:00.000  -12.843725330  131.132756455   122.5530   5   7   4.4110   4.3424  10.0908   0.6115  -2.5385  -2.3918   0.00    0.0
2014/12/13 09:43:30.000  -12.843724617  131.132756178   122.7608   5   7   4.4050   4.3414  10.0845   0.5945  -2.5076  -2.4139   0.00    0.0
2014/12/13 09:44:00.000  -12.843724611  131.132756808   122.7401   5   7   4.3991   4.3405  10.0784   0.5769  -2.4764  -2.4358   0.00    0.0
2014/12/13 09:44:30.000  -12.843724146  131.132758547   122.6138   5   7   4.3932   4.3397  10.0726   0.5586  -2.4449  -2.4573   0.00    0.0
2014/12/13 09:45:00.000  -12.843722956  131.132758832   122.4069   5   7   4.3874   4.3390  10.0670   0.5395  -2.4132  -2.4787   0.00    0.0
2014/12/13 09:45:30.000  -12.843722548  131.132759073   122.4583   5   7   4.3817   4.3384  10.0618   0.5197  -2.3813  -2.4998   0.00    0.0
2014/12/13 09:46:00.000  -12.843722955  131.132758330   122.3528   5   7   4.3760   4.3379  10.0567   0.4989  -2.3490  -2.5206   0.00    0.0
2014/12/13 09:46:30.000  -12.843722651  131.132756935   122.1271   5   7   4.3703   4.3375  10.0520   0.4771  -2.3165  -2.5412   0.00    0.0
2014/12/13 09:47:00.000  -12.843722321  131.132757158   122.1827   5   7   4.3648   4.3372  10.0475   0.4542  -2.2836  -2.5617   0.00    0.0
2014/12/13 09:47:30.000  -12.843721780  131.132756566   122.1134   5   7   4.3593   4.3370  10.0432   0.4300  -2.2504  -2.5819   0.00    0.0
2014/12/13 09:48:00.000  -12.843720929  131.132757809   122.2009   5   7   4.3538   4.3370  10.0392   0.4042  -2.2169  -2.6019   0.00    0.0
2014/12/13 09:48:30.000  -12.843720376  131.132758930   122.0773   5   7   4.3484   4.3370  10.0354   0.3766  -2.1830  -2.6217   0.00    0.0
2014/12/13 09:49:00.000  -12.843720275  131.132759789   122.0175   5   7   4.3431   4.3371  10.0319   0.3466  -2.1487  -2.6413   0.00    0.0
2014/12/13 09:49:30.000  -12.843720188  131.132758924   122.0648   5   7   4.3378   4.3374  10.0286   0.3138  -2.1140  -2.6607   0.00    0.0
2014/12/13 09:50:00.000  -12.843720316  131.132758227   122.0793   5   7   4.3326   4.3377  10.0255   0.2771  -2.0789  -2.6799   0.00    0.0
2014/12/13 09:50:30.000  -12.843719446  131.132758082   122.0346   5   7   4.3274   4.3381  10.0227   0.2345  -2.0434  -2.6990   0.00    0.0
2014/12/13 09:51:00.000  -12.843719749  131.132759024   122.3489   5   7   4.3223   4.3387  10.0200   0.1823  -2.0073  -2.7179   0.00    0.0
2014/12/13 09:51:30.000  -12.843718857  131.132759543   122.3652   5   7   4.3173   4.3393  10.0176   0.1070  -1.9708  -2.7366   0.00    0.0
2014/12/13 09:52:00.000  -12.843717592  131.132758774   121.9370   5   7   4.3123   4.3401  10.0154  -0.1018  -1.9338  -2.7551   0.00    0.0
2014/12/13 09:52:30.000  -12.843716759  131.132759602   121.7813   5   7   4.3074   4.3409  10.0135  -0.1793  -1.8962  -2.7735   0.00    0.0
2014/12/13 09:53:00.000  -12.843717722  131.132760634   121.9768   5   7   4.3025   4.3418  10.0117  -0.2322  -1.8580  -2.7918   0.00    0.0
2014/12/13 09:53:30.000  -12.843718001  131.132761207   121.8671   5   7   4.2977   4.3429  10.0101  -0.2751  -1.8191  -2.8098   0.00    0.0
2014/12/13 09:54:00.000  -12.843718552  131.132760027   121.5018   5   7   4.2930   4.3440  10.0087  -0.3122  -1.7796  -2.8277   0.00    0.0
2014/12/13 09:54:30.000  -12.843718589  131.132758964   121.3487   5   7   4.2883   4.3452  10.0076  -0.3452  -1.7394  -2.8455   0.00    0.0
2014/12/13 09:55:00.000  -12.843718068  131.132758865   121.5014   5   7   4.2837   4.3465  10.0065  -0.3753  -1.6983  -2.8631   0.00    0.0
2014/12/13 09:55:30.000  -12.843717011  131.132759344   121.7662   5   7   4.2791   4.3479  10.0057  -0.4030  -1.6565  -2.8805   0.00    0.0
2014/12/13 09:56:00.000  -12.843715694  131.132760998   121.7038   5   7   4.2746   4.3494  10.0051  -0.4290  -1.6137  -2.8978   0.00    0.0
2014/12/13 09:56:30.000  -12.843716353  131.132760687   121.2973   5   7   4.2702   4.3510  10.0046  -0.4533  -1.5700  -2.9150   0.00    0.0
2014/12/13 09:57:00.000  -12.843716759  131.132760329   121.4937   5   7   4.2658   4.3526  10.0042  -0.4764  -1.5253  -2.9319   0.00    0.0
2014/12/13 09:57:30.000  -12.843716557  131.132760408   121.6523   5   7   4.2615   4.3544  10.0041  -0.4983  -1.4793  -2.9488   0.00    0.0
2014/12/13 09:58:00.000  -12.843715928  131.132760054   121.4496   5   7   4.2573   4.3562  10.0040  -0.5192  -1.4322  -2.9655   0.00    0.0
2014/12/13 09:58:30.000  -12.843715550  131.132760281   121.1794   5   7   4.2530   4.3581  10.0041  -0.5392  -1.3836  -2.9820   0.00    0.0
2014/12/13 09:59:00.000  -12.843715038  131.132759579   121.2121   5   7   4.2489   4.3601  10.0044  -0.5584  -1.3335  -2.9984   0.00    0.0
2014/12/13 09:59:30.000  -12.843715096  131.132758090   121.2570   5   7   4.2448   4.3622  10.0047  -0.5769  -1.2817  -3.0146   0.00    0.0
2014/12/13 10:00:00.000  -12.843715828  131.132757068   121.3543   5   7   4.2408   4.3644  10.0052  -0.5946  -1.2280  -3.0307   0.00    0.0
2014/12/13 10:00:30.000  -12.843715778  131.132757438   121.2183   5   7   4.2368   4.3667  10.0058  -0.6118  -1.1720  -3.0466   0.00    0.0
2014/12/13 10:01:00.000  -12.843715604  131.132757026   121.1807   5   7   4.2329   4.3690  10.0065  -0.6284  -1.1136  -3.0624   0.00    0.0
2014/12/13 10:01:30.000  -12.843714711  131.132758088   120.9172   5   7   4.2290   4.3714  10.0073  -0.6445  -1.0522  -3.0780   0.00    0.0
2014/12/13 10:02:00.000  -12.843713669  131.132758826   120.5092   5   7   4.2252   4.3739  10.0082  -0.6600  -0.9873  -3.0934   0.00    0.0
2014/12/13 10:02:30.000  -12.843712991  131.132760010   120.5922   5   7   4.2214   4.3765  10.0092  -0.6751  -0.9183  -3.1087   0.00    0.0
2014/12/13 10:03:00.000  -12.843711602  131.132759791   120.6887   5   7   4.2177   4.3791  10.0102  -0.6898  -0.8440  -3.1238   0.00    0.0
2014/12/13 10:03:30.000  -12.843711638  131.132760348   120.4677   5   7   4.2141   4.3818  10.0113  -0.7040  -0.7629  -3.1387   0.00    0.0
2014/12/13 10:04:00.000  -12.843711570  131.132760877   120.3068   5   7   4.2105   4.3846  10.0125  -0.7178  -0.6727  -3.1535   0.00    0.0
2014/12/13 10:04:30.000  -12.843711876  131.132760327   120.0299   5   7   4.2069   4.3874  10.0137  -0.7312  -0.5689  -3.1681   0.00    0.0
2014/12/13 10:05:00.000  -12.843712312  131.132759639   120.4854   5   7   4.2034   4.3903  10.0149  -0.7443  -0.4422  -3.1825   0.00    0.0
2014/12/13 10:05:30.000  -12.843709126  131.132761240   119.8849   5   8   3.9713   4.1664   8.8732  -1.5742   2.5314  -1.9668   0.00    0.0
2014/12/13 10:06:00.000  -12.843711361  131.132762202   119.5096   5   7   4.4813   4.5608   9.9264  -2.5186  -1.2946   2.2902   0.00    0.0
2014/12/13 10:06:30.000  -12.843711281  131.132762375   119.5048   5   7   4.4751   4.5565   9.9309  -2.5117  -1.2143   2.2540   0.00    0.0
2014/12/13 10:07:00.000  -12.843711530  131.132762296   119.8988   5   7   4.4688   4.5522   9.9356  -2.5048  -1.1288   2.2174   0.00    0.0
2014/12/13 10:07:30.000  -12.843710466  131.132762283   119.7364   5   7   4.4626   4.5480   9.9405  -2.4978  -1.0368   2.1805   0.00    0.0
2014/12/13 10:08:00.000  -12.843710496  131.132764777   119.4349   5   7   4.4564   4.5438   9.9457  -2.4908  -0.9364   2.1430   0.00    0.0
2014/12/13 10:08:30.000  -12.843710795  131.132764472   119.4391   5   7   4.4502   4.5397   9.9510  -2.4838  -0.8246   2.1052   0.00    0.0
2014/12/13 10:09:00.000  -12.843709726  131.132763679   119.6443   5   7   4.4441   4.5357   9.9566  -2.4767  -0.6958   2.0669   0.00    0.0
2014/12/13 10:09:30.000  -12.843709044  131.132762338   119.6026   5   7   4.4379   4.5317   9.9624  -2.4696  -0.5382   2.0282   0.00    0.0
2014/12/13 10:10:00.000  -12.843709385  131.132762648   119.3295   5   7   4.4318   4.5278   9.9683  -2.4625  -0.3106   1.9889   0.00    0.0
2014/12/13 10:10:30.000  -12.843708792  131.132762833   118.9660   5   7   4.4256   4.5240   9.9744  -2.4553   0.3091   1.9492   0.00    0.0
2014/12/13 10:11:00.000  -12.843709023  131.132763222   118.8115   5   7   4.4195   4.5202   9.9807  -2.4481   0.5351   1.9090   0.00    0.0
2014/12/13 10:11:30.000  -12.843709392  131.132762804   119.1007   5   7   4.4135   4.5165   9.9872  -2.4408   0.6898   1.8682   0.00    0.0
2014/12/13 10:12:00.000  -12.843710293  131.132763066   119.4332   5   7   4.4074   4.5129   9.9937  -2.4335   0.8148   1.8268   0.00    0.0
2014/12/13 10:12:30.000  -12.843709700  131.132763648   119.2383   5   7   4.4013   4.5093  10.0005  -2.4262   0.9223   1.7849   0.00    0.0
2014/12/13 10:13:00.000  -12.843708224  131.132764152   119.0347   5   7   4.3953   4.5058  10.0073  -2.4188   1.0179   1.7424   0.00    0.0
2014/12/13 10:13:30.000  -12.843708345  131.132764216   119.0251   5   7   4.3893   4.5023  10.0143  -2.4114   1.1046   1.6992   0.00    0.0
2014/12/13 10:14:00.000  -12.843708123  131.132763324   119.2885   5   7   4.3834   4.4989  10.0213  -2.4039   1.1844   1.6553   0.00    0.0
2014/12/13 10:14:30.000  -12.843708635  131.132763257   119.2973   5   7   4.3774   4.4956  10.0285  -2.3964   1.2586   1.6107   0.00    0.0
2014/12/13 10:15:00.000  -12.843707315  131.132762877   118.7086   5   7   4.3715   4.4923  10.0357  -2.3889   1.3281   1.5653   0.00    0.0
2014/12/13 10:15:30.000  -12.843707116  131.132763842   118.6454   5   7   4.3656   4.4890  10.0430  -2.3813   1.3936   1.5192   0.00    0.0
2014/12/13 10:16:00.000  -12.843706422  131.132763657   119.2086   5   7   4.3597   4.4859  10.0504  -2.3737   1.4557   1.4721   0.00    0.0
2014/12/13 10:16:30.000  -12.843706408  131.132763413   119.4090   5   7   4.3539   4.4827  10.0578  -2.3660   1.5147   1.4241   0.00    0.0
2014/12/13 10:17:00.000  -12.843706831  131.132763302   119.3911   5   7   4.3481   4.4796  10.0652  -2.3582   1.5709   1.3751   0.00    0.0
2014/12/13 10:17:30.000  -12.843707084  131.132763538   118.9910   5   7   4.3423   4.4766  10.0727  -2.3504   1.6248   1.3249   0.00    0.0
2014/12/13 10:18:00.000  -12.843708170  131.132763364   119.0233   5   7   4.3365   4.4736  10.0801  -2.3426   1.6764   1.2736   0.00    0.0
2014/12/13 10:18:30.000  -12.843708813  131.132763350   118.9862   5   7   4.3308   4.4706  10.0876  -2.3347   1.7260   1.2208   0.00    0.0
2014/12/13 10:19:00.000  -12.843709126  131.132762157   118.9203   5   7   4.3251   4.4677  10.0950  -2.3267   1.7737   1.1666   0.00    0.0
2014/12/13 10:19:30.000  -12.843708413  131.132761528   119.1974   5   7   4.3194   4.4649  10.1024  -2.3187   1.8197   1.1106   0.00    0.0
2014/12/13 10:20:00.000  -12.843708302  131.132762893   119.0975   5   7   4.3138   4.4621  10.1097  -2.3107   1.8640   1.0527   0.00    0.0
2014/12/13 10:20:30.000  -12.843708426  131.132763546   119.0829   5   7   4.3082   4.4593  10.1169  -2.3025   1.9069   0.9926   0.00    0.0
2014/12/13 10:21:00.000  -12.843707068  131.132762918   119.3342   5   7   4.3026   4.4566  10.1241  -2.2943   1.9483   0.9297   0.00    0.0
2014/12/13 10:21:30.000  -12.843706961  131.132762679   119.5518   5   7   4.2970   4.4539  10.1312  -2.2860   1.9884   0.8637   0.00    0.0
2014/12/13 10:22:00.000  -12.843707629  131.132762374   119.4677   5   7   4.2915   4.4512  10.1381  -2.2777   2.0272   0.7937   0.00    0.0
2014/12/13 10:22:30.000  -12.843706931  131.132762743   119.3299   5   7   4.2860   4.4486  10.1449  -2.2693   2.0649   0.7185   0.00    0.0
2014/12/13 10:23:00.000  -12.843707095  131.132762239   119.3581   5   7   4.2805   4.4460  10.1516  -2.2608   2.1013   0.6366   0.00    0.0
2014/12/13 10:23:30.000  -12.843707789  131.132761904   119.3517   5   7   4.2751   4.4435  10.1581  -2.2523   2.1367   0.5447   0.00    0.0
2014/12/13 10:24:00.000  -12.843705972  131.132761881   119.2774   5   7   4.2696   4.4410  10.1645  -2.2436   2.1710   0.4369   0.00    0.0
2014/12/13 10:24:30.000  -12.843705145  131.132760729   119.2078   5   7   4.2643   4.4385  10.1706  -2.2349   2.2043   0.2961   0.00    0.0
2014/12/13 10:25:00.000  -12.843704971  131.132760729   119.1631   5   7   4.2589   4.4361  10.1766  -2.2261   2.2366  -0.1126   0.00    0.0
2014/12/13 10:25:30.000  -12.843705172  131.132761700   119.4954   5   7   4.2536   4.4337  10.1823  -2.2172   2.2680  -0.3320   0.00    0.0
2014/12/13 10:26:00.000  -12.843705824  131.132760996   119.4550   5   7   4.2483   4.4313  10.1878  -2.2083   2.2984  -0.4527   0.00    0.0
2014/12/13 10:26:30.000  -12.843706822  131.132761036   119.3468   5   7   4.2430   4.4289  10.1930  -2.1992   2.3280  -0.5446   0.00    0.0
2014/12/13 10:27:00.000  -12.843707235  131.132761588   119.4037   5   7   4.2378   4.4266  10.1980  -2.1900   2.3566  -0.6207   0.00    0.0
2014/12/13 10:27:30.000  -12.843706758  131.132761922   119.5590   5   7   4.2325   4.4243  10.2027  -2.1808   2.3845  -0.6863   0.00    0.0
2014/12/13 10:28:00.000  -12.843714693  131.132770528   122.5265   5   8   3.9761   4.1904   9.1621  -1.6392  -0.7345   2.4302   0.00    0.0
2014/12/13 10:28:30.000  -12.843716429  131.132770892   122.5412   5   8   3.9696   4.1858   9.1659  -1.6226  -0.6660   2.4167   0.00    0.0
2014/12/13 10:29:00.000  -12.843717028  131.132770926   122.5631   5   8   3.9633   4.1813   9.1696  -1.6059  -0.5905   2.4035   0.00    0.0
2014/12/13 10:29:30.000  -12.843716483  131.132770994   122.7777   5   8   3.9570   4.1768   9.1733  -1.5891  -0.5050   2.3906   0.00    0.0
2014/12/13 10:30:00.000  -12.843717268  131.132771038   123.0879   5   8   3.9507   4.1724   9.1769  -1.5720  -0.4030   2.3780   0.00    0.0
2014/12/13 10:30:30.000  -12.843717525  131.132770973   123.3069   5   8   3.9446   4.1680   9.1804  -1.5548  -0.2663   2.3657   0.00    0.0
2014/12/13 10:31:00.000  -12.843717905  131.132770542   123.3288   5   8   3.9385   4.1637   9.1838  -1.5374   0.1396   2.3537   0.00    0.0
2014/12/13 10:31:30.000  -12.843717762  131.132770402   123.4078   5   8   3.9326   4.1594   9.1872  -1.5198   0.3299   2.3420   0.00    0.0
2014/12/13 10:32:00.000  -12.843717865  131.132771295   123.2978   5   8   3.9267   4.1552   9.1904  -1.5020   0.4439   2.3307   0.00    0.0
2014/12/13 10:32:30.000  -12.843716998  131.132771494   123.2288   5   8   3.9208   4.1510   9.1936  -1.4840   0.5332   2.3197   0.00    0.0
2014/12/13 10:33:00.000  -12.843716343  131.132770936   123.2226   5   8   3.9151   4.1469   9.1966  -1.4658   0.6086   2.3090   0.00    0.0
2014/12/13 10:33:30.000  -12.843714980  131.132769495   123.2955   5   8   3.9094   4.1428   9.1995  -1.4474   0.6749   2.2987   0.00    0.0
2014/12/13 10:34:00.000  -12.843715354  131.132769159   123.0963   5   8   3.9038   4.1387   9.2023  -1.4287   0.7346   2.2887   0.00    0.0
2014/12/13 10:34:30.000  -12.843714671  131.132769736   123.0968   5   8   3.8983   4.1347   9.2049  -1.4098   0.7891   2.2791   0.00    0.0
2014/12/13 10:35:00.000  -12.843714809  131.132769193   123.0451   5   8   3.8929   4.1308   9.2074  -1.3907   0.8395   2.2699   0.00    0.0
2014/12/13 10:35:30.000  -12.843715418  131.132768919   123.1135   5   8   3.8876   4.1269   9.2097  -1.3713   0.8865   2.2610   0.00    0.0
2014/12/13 10:36:00.000  -12.843715685  131.132768999   123.0361   5   8   3.8823   4.1230   9.2119  -1.3516   0.9305   2.2526   0.00    0.0
2014/12/13 10:36:30.000  -12.843715427  131.132768199   122.8475   5   8   3.8771   4.1192   9.2139  -1.3317   0.9721   2.2445   0.00    0.0
2014/12/13 10:37:00.000  -12.843714975  131.132768275   122.8835   5   8   3.8721   4.1154   9.2158  -1.3115   1.0115   2.2369   0.00    0.0
2014/12/13 10:37:30.000  -12.843714051  131.132768452   122.7960   5   8   3.8671   4.1117   9.2174  -1.2909   1.0490   2.2296   0.00    0.0
2014/12/13 10:38:00.000  -12.843713631  131.132767678   122.7979   5   8   3.8621   4.1080   9.2189  -1.2701   1.0848   2.2228   0.00    0.0
2014/12/13 10:38:30.000  -12.843713040  131.132767084   122.6203   5   8   3.8573   4.1044   9.2202  -1.2489   1.1190   2.2164   0.00    0.0
2014/12/13 10:39:00.000  -12.843712834  131.132766281   122.6691   5   8   3.8526   4.1008   9.2213  -1.2273   1.1518   2.2104   0.00    0.0
2014/12/13 10:39:30.000  -12.843711926  131.132766363   122.7791   5   8   3.8479   4.0973   9.2221  -1.2053   1.1833   2.2048   0.00    0.0
2014/12/13 10:40:00.000  -12.843712401  131.132765659   122.8315   5   8   3.8434   4.0938   9.2228  -1.1830   1.2137   2.1997   0.00    0.0
2014/12/13 10:40:30.000  -12.843711885  131.132764595   122.9544   5   8   3.8389   4.0904   9.2232  -1.1603   1.2430   2.1950   0.00    0.0
2014/12/13 10:41:00.000  -12.843711509  131.132765059   122.7882   5   8   3.8345   4.0870   9.2235  -1.1370   1.2712   2.1907   0.00    0.0
2014/12/13 10:41:30.000  -12.843711407  131.132765397   122.5629   5   8   3.8302   4.0836   9.2235  -1.1134   1.2986   2.1869   0.00    0.0
2014/12/13 10:42:00.000  -12.843711465  131.132765364   122.4441   5   8   3.8260   4.0803   9.2232  -1.0892   1.3251   2.1835   0.00    0.0
2014/12/13 10:42:30.000  -12.843711067  131.132764610   122.1945   5   8   3.8219   4.0771   9.2227  -1.0644   1.3508   2.1806   0.00    0.0
2014/12/13 10:43:00.000  -12.843710280  131.132764772   122.4022   5   8   3.8179   4.0739   9.2220  -1.0391   1.3757   2.1781   0.00    0.0
2014/12/13 10:43:30.000  -12.843709555  131.132765662   122.4122   5   8   3.8140   4.0707   9.2211  -1.0132   1.4000   2.1761   0.00    0.0
2014/12/13 10:44:00.000  -12.843710000  131.132764542   122.6046   5   8   3.8102   4.0676   9.2198  -0.9866   1.4236   2.1745   0.00    0.0
2014/12/13 10:44:30.000  -12.843710867  131.132763071   122.8035   5   8   3.8064   4.0646   9.2184  -0.9592   1.4465   2.1734   0.00    0.0
2014/12/13 10:45:00.000  -12.843711658  131.132762825   122.5640   5   8   3.8028   4.0616   9.2166  -0.9311   1.4689   2.1727   0.00    0.0
2014/12/13 10:45:30.000  -12.843712073  131.132762692   122.4049   5   8   3.7993   4.0586   9.2147  -0.9021   1.4907   2.1725   0.00    0.0
2014/12/13 10:46:00.000  -12.843711621  131.132762815   122.4271   5   8   3.7958   4.0557   9.2124  -0.8721   1.5120   2.1727   0.00    0.0
2014/12/13 10:46:30.000  -12.843709792  131.132761801   122.5245   5   8   3.7925   4.0529   9.2099  -0.8410   1.5329   2.1734   0.00    0.0
2014/12/13 10:47:00.000  -12.843708666  131.132760825   122.5780   5   8   3.7892   4.0501   9.2071  -0.8088   1.5532   2.1745   0.00    0.0
2014/12/13 10:47:30.000  -12.843708440  131.132759528   122.4099   5   8   3.7861   4.0473   9.2041  -0.7752   1.5731   2.1761   0.00    0.0
2014/12/13 10:48:00.000  -12.843708592  131.132759457   122.1790   5   8   3.7830   4.0446   9.2008  -0.7402   1.5926   2.1781   0.00    0.0
2014/12/13 10:48:30.000  -12.843707859  131.132759736   122.1220   5   8   3.7800   4.0420   9.1972  -0.7033   1.6118   2.1805   0.00    0.0
2014/12/13 10:49:00.000  -12.843707184  131.132759002   121.8036   5   8   3.7772   4.0394   9.1933  -0.6645   1.6305   2.1834   0.00    0.0
2014/12/13 10:49:30.000  -12.843707462  131.132759383   121.8077   5   8   3.7744   4.0368   9.1892  -0.6232   1.6489   2.1867   0.00    0.0
2014/12/13 10:50:00.000  -12.843707757  131.132760647   121.9881   5   8   3.7718   4.0344   9.1848  -0.5790   1.6670   2.1904   0.00    0.0
2014/12/13 10:50:30.000  -12.843708359  131.132761717   121.9380   5   8   3.7692   4.0319   9.1801  -0.5311   1.6847   2.1945   0.00    0.0
2014/12/13 10:51:00.000  -12.843708353  131.132760899   121.9847   5   8   3.7668   4.0295   9.1751  -0.4784   1.7022   2.1991   0.00    0.0
2014/12/13 10:51:30.000  -12.843709161  131.132758529   122.0535   5   8   3.7644   4.0272   9.1699  -0.4192   1.7194   2.2040   0.00    0.0
2014/12/13 10:52:00.000  -12.843709797  131.132757650   122.0655   5   8   3.7622   4.0249   9.1644  -0.3500   1.7363   2.2093   0.00    0.0
2014/12/13 10:52:30.000  -12.843709769  131.132756465   122.2820   5   8   3.7600   4.0227   9.1586  -0.2633   1.7530   2.2151   0.00    0.0
2014/12/13 10:53:00.000  -12.843709144  131.132755918   122.2518   5   8   3.7580   4.0205   9.1526  -0.1270   1.7695   2.2212   0.00    0.0
2014/12/13 10:53:30.000  -12.843708520  131.132756121   122.0361   5   8   3.7560   4.0184   9.1463   0.1925   1.7857   2.2277   0.00    0.0
2014/12/13 10:54:00.000  -12.843707693  131.132756442   121.8891   5   8   3.7542   4.0163   9.1398   0.3005   1.8017   2.2345   0.00    0.0
2014/12/13 10:54:30.000  -12.843706089  131.132757264   122.0709   5   8   3.7525   4.0143   9.1329   0.3788   1.8175   2.2418   0.00    0.0
2014/12/13 10:55:00.000  -12.843706850  131.132757498   122.1091   5   8   3.7509   4.0123   9.1259   0.4435   1.8332   2.2493   0.00    0.0
2014/12/13 10:55:30.000  -12.843706160  131.132757050   122.1360   5   8   3.7493   4.0104   9.1185   0.5000   1.8486   2.2572   0.00    0.0
2014/12/13 10:56:00.000  -12.843706279  131.132756388   122.1650   5   8   3.7479   4.0086   9.1109   0.5507   1.8640   2.2655   0.00    0.0
2014/12/13 10:56:30.000  -12.843707008  131.132756732   122.1380   5   8   3.7466   4.0068   9.1031   0.5971   1.8791   2.2741   0.00    0.0
2014/12/13 10:57:00.000  -12.843707570  131.132755913   122.2751   5   8   3.7455   4.0051   9.0950   0.6402   1.8942   2.2830   0.00    0.0
2014/12/13 10:57:30.000  -12.843707357  131.132754114   122.0760   5   8   3.7444   4.0034   9.0867   0.6806   1.9091   2.2922   0.00    0.0
2014/12/13 10:58:00.000  -12.843707017  131.132754018   122.2328   5   8   3.7434   4.0018   9.0781   0.7187   1.9239   2.3017   0.00    0.0
2014/12/13 10:58:30.000  -12.843707154  131.132754066   122.5190   5   8   3.7425   4.0002   9.0694   0.7549   1.9385   2.3115   0.00    0.0
2014/12/13 10:59:00.000  -12.843707384  131.132753648   122.7601   5   8   3.7418   3.9987   9.0603   0.7895   1.9531   2.3216   0.00    0.0
2014/12/13 10:59:30.000  -12.843707899  131.132753652   122.8905   5   8   3.7411   3.9973   9.0511   0.8226   1.9676   2.3319   0.00    0.0
2014/12/13 11:00:00.000  -12.843706991  131.132752791   122.8500   5   8   3.7406   3.9959   9.0416   0.8545   1.9820   2.3426   0.00    0.0
2014/12/13 11:00:30.000  -12.843704857  131.132754609   122.2008   5   7   3.9436   4.1206  10.1573   1.4313  -0.8461  -0.5214   0.00    0.0
2014/12/13 11:01:00.000  -12.843704740  131.132754672   122.2988   5   7   3.9424   4.1178  10.1534   1.4460  -0.7992  -0.4682   0.00    0.0
2014/12/13 11:01:30.000  -12.843704075  131.132754286   122.5590   5   7   3.9413   4.1150  10.1489   1.4606  -0.7489  -0.4047   0.00    0.0
2014/12/13 11:02:00.000  -12.843704380  131.132753853   122.9146   5   7   3.9403   4.1123  10.1439   1.4751  -0.6942  -0.3249   0.00    0.0
2014/12/13 11:02:30.000  -12.843704260  131.132753707   122.8970   5   7   3.9393   4.1097  10.1385   1.4894  -0.6341  -0.2110   0.00    0.0
2014/12/13 11:03:00.000  -12.843703798  131.132754077   122.7519   5   7   3.9384   4.1072  10.1325   1.5036  -0.5667   0.1384   0.00    0.0
2014/12/13 11:03:30.000  -12.843703565  131.132754424   122.4293   5   7   3.9376   4.1047  10.1261   1.5177  -0.4893   0.2924   0.00    0.0
2014/12/13 11:04:00.000  -12.843703257  131.132754938   122.0823   5   7   3.9369   4.1023  10.1192   1.5316  -0.3958   0.3930   0.00    0.0
2014/12/13 11:04:30.000  -12.843703811  131.132755600   121.9736   5   7   3.9362   4.0999  10.1119   1.5455  -0.2700   0.4754   0.00    0.0
2014/12/13 11:05:00.000  -12.843705056  131.132754205   122.5203   5   7   3.9356   4.0977  10.1041   1.5592   0.1087   0.5477   0.00    0.0
2014/12/13 11:05:30.000  -12.843705007  131.132754092   122.6936   5   7   3.9351   4.0955  10.0958   1.5728   0.3122   0.6136   0.00    0.0
2014/12/13 11:06:00.000  -12.843704943  131.132753645   122.6745   5   7   3.9347   4.0933  10.0872   1.5862   0.4291   0.6748   0.00    0.0
2014/12/13 11:06:30.000  -12.843704839  131.132753426   122.8170   5   7   3.9344   4.0913  10.0781   1.5996   0.5214   0.7325   0.00    0.0
2014/12/13 11:07:00.000  -12.843705028  131.132754079   122.7646   5   7   3.9342   4.0893  10.0685   1.6129   0.6004   0.7874   0.00    0.0
2014/12/13 11:07:30.000  -12.843704016  131.132753702   122.5917   5   7   3.9341   4.0874  10.0586   1.6261   0.6709   0.8401   0.00    0.0
2014/12/13 11:08:00.000  -12.843704247  131.132753261   122.6454   5   7   3.9340   4.0856  10.0483   1.6392   0.7353   0.8908   0.00    0.0
2014/12/13 11:08:30.000  -12.843704260  131.132752964   122.7327   5   7   3.9340   4.0838  10.0376   1.6522   0.7951   0.9400   0.00    0.0
2014/12/13 11:09:00.000  -12.843704294  131.132752696   122.7237   5   7   3.9341   4.0821  10.0266   1.6652   0.8513   0.9877   0.00    0.0
2014/12/13 11:09:30.000  -12.843704562  131.132752877   122.5764   5   7   3.9344   4.0805  10.0152   1.6780   0.9046   1.0342   0.00    0.0
2014/12/13 11:10:00.000  -12.843704823  131.132752757   122.5622   5   7   3.9347   4.0789  10.0034   1.6908   0.9554   1.0797   0.00    0.0
2014/12/13 11:10:30.000  -12.843704554  131.132752907   122.5074   5   7   3.9351   4.0774   9.9913   1.7034   1.0041   1.1241   0.00    0.0
2014/12/13 11:11:00.000  -12.843703827  131.132753047   122.5862   5   7   3.9355   4.0760   9.9789   1.7161   1.0510   1.1676   0.00    0.0
2014/12/13 11:11:30.000  -12.843703074  131.132754544   122.7786   5   7   3.9361   4.0747   9.9662   1.7286   1.0963   1.2102   0.00    0.0
2014/12/13 11:12:00.000  -12.843702640  131.132754642   122.7345   5   7   3.9368   4.0734   9.9532   1.7411   1.1402   1.2521   0.00    0.0
2014/12/13 11:12:30.000  -12.843703600  131.132753486   122.9503   5   7   3.9375   4.0722   9.9399   1.7535   1.1829   1.2933   0.00    0.0
2014/12/13 11:13:00.000  -12.843703752  131.132753330   123.0876   5   7   3.9384   4.0711   9.9263   1.7658   1.2246   1.3338   0.00    0.0
2014/12/13 11:13:30.000  -12.843703450  131.132752500   123.1747   5   7   3.9394   4.0701   9.9125   1.7781   1.2652   1.3737   0.00    0.0
2014/12/13 11:14:00.000  -12.843703109  131.132752951   123.2385   5   7   3.9404   4.0691   9.8984   1.7903   1.3048   1.4130   0.00    0.0
2014/12/13 11:14:30.000  -12.843703918  131.132752699   123.0218   5   7   3.9415   4.0682   9.8841   1.8025   1.3437   1.4517   0.00    0.0
2014/12/13 11:15:00.000  -12.843704164  131.132752749   123.2711   5   7   3.9428   4.0674   9.8696   1.8146   1.3818   1.4899   0.00    0.0
2014/12/13 11:15:30.000  -12.843704742  131.132753880   123.3041   5   7   3.9441   4.0666   9.8549   1.8267   1.4192   1.5275   0.00    0.0
2014/12/13 11:16:00.000  -12.843705038  131.132753577   123.4228   5   7   3.9455   4.0660   9.8400   1.8387   1.4559   1.5647   0.00    0.0
2014/12/13 11:16:30.000  -12.843705509  131.132754084   123.3548   5   7   3.9471   4.0653   9.8249   1.8506   1.4920   1.6014   0.00    0.0
2014/12/13 11:17:00.000  -12.843704806  131.132754627   123.5080   5   7   3.9487   4.0648   9.8096   1.8626   1.5276   1.6376   0.00    0.0
2014/12/13 11:17:30.000  -12.843704101  131.132753917   123.5742   5   7   3.9504   4.0644   9.7942   1.8744   1.5626   1.6733   0.00    0.0
2014/12/13 11:18:00.000  -12.843703701  131.132753529   123.7076   5   7   3.9522   4.0640   9.7786   1.8862   1.5971   1.7087   0.00    0.0
2014/12/13 11:18:30.000  -12.843702721  131.132752915   123.7255   5   7   3.9541   4.0637   9.7629   1.8980   1.6312   1.7436   0.00    0.0
2014/12/13 11:19:00.000  -12.843702873  131.132752436   123.6292   5   7   3.9561   4.0634   9.7471   1.9097   1.6648   1.7781   0.00    0.0
2014/12/13 11:19:30.000  -12.843703696  131.132752898   123.7406   5   7   3.9582   4.0633   9.7312   1.9214   1.6980   1.8122   0.00    0.0
2014/12/13 11:20:00.000  -12.843703517  131.132753287   123.8799   5   7   3.9604   4.0632   9.7152   1.9331   1.7307   1.8459   0.00    0.0
2014/12/13 11:20:30.000  -12.843702543  131.132753717   123.7077   5   7   3.9626   4.0632   9.6991   1.9447   1.7631   1.8793   0.00    0.0
2014/12/13 11:21:00.000  -12.843702010  131.132754311   123.6090   5   7   3.9650   4.0632   9.6829   1.9562   1.7952   1.9122   0.00    0.0
2014/12/13 11:21:30.000  -12.843702404  131.132753722   123.3667   5   7   3.9675   4.0634   9.6667   1.9678   1.8269   1.9449   0.00    0.0
2014/12/13 11:22:00.000  -12.843702700  131.132753685   123.0219   5   7   3.9700   4.0636   9.6504   1.9793   1.8582   1.9771   0.00    0.0
2014/12/13 11:22:30.000  -12.843702557  131.132754095   123.1050   5   7   3.9727   4.0639   9.6341   1.9907   1.8893   2.0090   0.00    0.0
2014/12/13 11:23:00.000  -12.843702371  131.132754115   123.6952   5   7   3.9754   4.0643   9.6177   2.0021   1.9200   2.0406   0.00    0.0
2014/12/13 11:23:30.000  -12.843702190  131.132754318   123.8759   5   7   3.9782   4.0647   9.6014   2.0135   1.9505   2.0719   0.00    0.0
2014/12/13 11:24:00.000  -12.843703001  131.132753822   124.0610   5   7   3.9811   4.0652   9.5850   2.0249   1.9806   2.1028   0.00    0.0
2014/12/13 11:24:30.000  -12.843703037  131.132754743   124.1410   5   7   3.9841   4.0658   9.5686   2.0362   2.0105   2.1334   0.00    0.0
2014/12/13 11:25:00.000  -12.843703763  131.132754732   124.2510   5   7   3.9872   4.0665   9.5523   2.0475   2.0402   2.1637   0.00    0.0
2014/12/13 11:25:30.000  -12.843702826  131.132755652   124.6058   5   7   3.9903   4.0672   9.5360   2.0587   2.0696   2.1937   0.00    0.0
2014/12/13 11:26:00.000  -12.843701861  131.132755830   124.6741   5   7   3.9936   4.0680   9.5196   2.0699   2.0987   2.2234   0.00    0.0
2014/12/13 11:26:30.000  -12.843701859  131.132755891   124.4073   5   7   3.9969   4.0689   9.5034   2.0811   2.1276   2.2528   0.00    0.0
2014/12/13 11:27:00.000  -12.843702258  131.132755780   124.1467   5   7   4.0003   4.0699   9.4872   2.0923   2.1563   2.2818   0.00    0.0
2014/12/13 11:27:30.000  -12.843702435  131.132755227   123.7257   5   7   4.0038   4.0710   9.4710   2.1034   2.1847   2.3107   0.00    0.0
2014/12/13 11:28:00.000  -12.843702150  131.132754922   123.7525   5   7   4.0073   4.0721   9.4549   2.1145   2.2130   2.3392   0.00    0.0
2014/12/13 11:28:30.000  -12.843701718  131.132754394   123.9996   5   7   4.0110   4.0733   9.4389   2.1255   2.2410   2.3674   0.00    0.0
2014/12/13 11:29:00.000  -12.843702236  131.132752992   124.1672   5   7   4.0147   4.0746   9.4230   2.1365   2.2688   2.3954   0.00    0.0
2014/12/13 11:29:30.000  -12.843702877  131.132753522   124.1824   5   7   4.0184   4.0759   9.4071   2.1475   2.2964   2.4231   0.00    0.0
2014/12/13 11:30:00.000  -12.843704592  131.132753797   124.2139   5   7   4.0223   4.0774   9.3914   2.1585   2.3239   2.4506   0.00    0.0
2014/12/13 11:30:30.000  -12.843705005  131.132753768   124.2258   5   7   4.0262   4.0789   9.3757   2.1694   2.3511   2.4777   0.00    0.0
2014/12/13 11:31:00.000  -12.843705331  131.132755277   124.9145   5   6   4.0305   5.0409  12.2068   2.2155   5.3710   2.5852   0.00    0.0
2014/12/13 11:31:30.000  -12.843704846  131.132754285   124.6322   5   6   4.0346   5.0431  12.1913   2.2286   5.3824   2.6164   0.00    0.0
2014/12/13 11:32:00.000  -12.843703548  131.132755096   124.6811   5   6   4.0388   5.0455  12.1757   2.2415   5.3939   2.6471   0.00    0.0
2014/12/13 11:32:30.000  -12.843703573  131.132755154   124.3806   5   6   4.0430   5.0479  12.1602   2.2544   5.4055   2.6775   0.00    0.0
2014/12/13 11:33:00.000  -12.843702674  131.132756660   124.4792   5   6   4.0473   5.0505  12.1448   2.2673   5.4171   2.7074   0.00    0.0
2014/12/13 11:33:30.000  -12.843702935  131.132757432   124.5181   5   6   4.0516   5.0531  12.1294   2.2800   5.4288   2.7369   0.00    0.0
2014/12/13 11:34:00.000  -12.843702408  131.132757042   124.4032   5   6   4.0560   5.0559  12.1142   2.2926   5.4405   2.7661   0.00    0.0
2014/12/13 11:34:30.000  -12.843702038  131.132756947   124.4381   5   6   4.0604   5.0587  12.0990   2.3051   5.4524   2.7948   0.00    0.0
2014/12/13 11:35:00.000  -12.843702140  131.132756113   124.3497   5   6   4.0649   5.0617  12.0840   2.3175   5.4642   2.8231   0.00    0.0
2014/12/13 11:35:30.000  -12.843703222  131.132754629   124.2798   5   6   4.0695   5.0648  12.0691   2.3299   5.4762   2.8511   0.00    0.0
2014/12/13 11:36:00.000  -12.843703702  131.132753951   124.1936   5   6   4.0740   5.0680  12.0543   2.3421   5.4882   2.8787   0.00    0.0
2014/12/13 11:36:30.000  -12.843703538  131.132755136   124.2366   5   6   4.0787   5.0712  12.0396   2.3543   5.5003   2.9060   0.00    0.0
2014/12/13 11:37:00.000  -12.843704717  131.132755087   124.0514   5   6   4.0833   5.0746  12.0251   2.3663   5.5125   2.9329   0.00    0.0
2014/12/13 11:37:30.000  -12.843704967  131.132754923   124.3931   5   6   4.0880   5.0781  12.0107   2.3783   5.5248   2.9594   0.00    0.0
2014/12/13 11:38:00.000  -12.843704842  131.132755346   124.8700   5   6   4.0928   5.0817  11.9965   2.3901   5.5371   2.9856   0.00    0.0
2014/12/13 11:38:30.000  -12.843704302  131.132755519   125.0373   5   6   4.0975   5.0854  11.9825   2.4018   5.5495   3.0114   0.00    0.0
2014/12/13 11:39:00.000  -12.843704512  131.132754737   124.9823   5   6   4.1023   5.0893  11.9687   2.4135   5.5621   3.0369   0.00    0.0
2014/12/13 11:39:30.000  -12.843704924  131.132753872   124.9348   5   6   4.1072   5.0932  11.9550   2.4250   5.5746   3.0621   0.00    0.0
2014/12/13 11:40:00.000  -12.843705043  131.132753135   124.8683   5   6   4.1120   5.0972  11.9415   2.4364   5.5873   3.0869   0.00    0.0
2014/12/13 11:40:30.000  -12.843705273  131.132753138   124.6359   5   6   4.1169   5.1014  11.9282   2.4477   5.6001   3.1114   0.00    0.0
2014/12/13 11:41:00.000  -12.843705508  131.132752239   124.3463   5   6   4.1217   5.1056  11.9152   2.4590   5.6129   3.1356   0.00    0.0
2014/12/13 11:41:30.000  -12.843704913  131.132752983   124.4007   5   6   4.1266   5.1100  11.9023   2.4701   5.6258   3.1594   0.00    0.0
2014/12/13 11:42:00.000  -12.843705012  131.132753854   124.4644   5   6   4.1315   5.1145  11.8896   2.4811   5.6388   3.1830   0.00    0.0
2014/12/13 11:42:30.000  -12.843704616  131.132755179   124.3890   5   6   4.1365   5.1191  11.8772   2.4919   5.6519   3.2062   0.00    0.0
2014/12/13 11:43:00.000  -12.843705069  131.132753999   123.9211   5   6   4.1414   5.1238  11.8650   2.5027   5.6651   3.2291   0.00    0.0
2014/12/13 11:43:30.000  -12.843704512  131.132754239   123.7534   5   6   4.1463   5.1286  11.8530   2.5134   5.6784   3.2518   0.00    0.0
2014/12/13 11:44:00.000  -12.843704260  131.132753319   123.7731   5   6   4.1512   5.1335  11.8412   2.5239   5.6917   3.2741   0.00    0.0
2014/12/13 11:44:30.000  -12.843703823  131.132753550   124.0056   5   6   4.1561   5.1385  11.8297   2.5344   5.7052   3.2961   0.00    0.0
2014/12/13 11:45:00.000  -12.843705254  131.132754226   124.1978   5   6   4.1610   5.1437  11.8184   2.5447   5.7187   3.3178   0.00    0.0
2014/12/13 11:45:30.000  -12.843704877  131.132753576   124.3502   5   6   4.1659   5.1489  11.8074   2.5549   5.7323   3.3393   0.00    0.0
2014/12/13 11:46:00.000  -12.843704259  131.132752947   124.3568   5   6   4.1708   5.1543  11.7966   2.5650   5.7460   3.3605   0.00    0.0
2014/12/13 11:46:30.000  -12.843707694  131.132747750   123.0752   5   7   3.7055   3.9663   8.6663   0.5266   2.6102  -1.9858   0.00    0.0
2014/12/13 11:47:00.000  -12.843707313  131.132748471   122.9935   5   7   3.7062   3.9615   8.6551   0.5197   2.6208  -1.9673   0.00    0.0
2014/12/13 11:47:30.000  -12.843706963  131.132748161   122.8122   5   7   3.7070   3.9568   8.6441   0.5125   2.6313  -1.9488   0.00    0.0
2014/12/13 11:48:00.000  -12.843707277  131.132747317   122.5453   5   7   3.7078   3.9522   8.6332   0.5050   2.6419  -1.9301   0.00    0.0
2014/12/13 11:48:30.000  -12.843707255  131.132747294   122.5830   5   7   3.7087   3.9476   8.6225   0.4971   2.6525  -1.9113   0.00    0.0
2014/12/13 11:49:00.000  -12.843706939  131.132748372   122.8162   5   7   3.7096   3.9431   8.6119   0.4888   2.6631  -1.8923   0.00    0.0
2014/12/13 11:49:30.000  -12.843707058  131.132748563   123.0190   5   7   3.7105   3.9386   8.6014   0.4802   2.6738  -1.8732   0.00    0.0
2014/12/13 11:50:00.000  -12.843705914  131.132749426   123.0032   5   7   3.7115   3.9342   8.5910   0.4711   2.6844  -1.8540   0.00    0.0
2014/12/13 11:50:30.000  -12.843706197  131.132748487   122.8109   5   7   3.7125   3.9299   8.5808   0.4617   2.6951  -1.8346   0.00    0.0
2014/12/13 11:51:00.000  -12.843705760  131.132749346   122.8529   5   7   3.7135   3.9256   8.5708   0.4519   2.7058  -1.8150   0.00    0.0
2014/12/13 11:51:30.000  -12.843705391  131.132750813   123.0660   5   7   3.7146   3.9214   8.5609   0.4416   2.7165  -1.7953   0.00    0.0
2014/12/13 11:52:00.000  -12.843705673  131.132750394   123.1070   5   7   3.7158   3.9172   8.5511   0.4308   2.7273  -1.7754   0.00    0.0
2014/12/13 11:52:30.000  -12.843706105  131.132748420   122.9636   5   7   3.7169   3.9132   8.5415   0.4195   2.7380  -1.7553   0.00    0.0
2014/12/13 11:53:00.000  -12.843707191  131.132748215   122.6476   5   7   3.7181   3.9091   8.5321   0.4077   2.7488  -1.7350   0.00    0.0
2014/12/13 11:53:30.000  -12.843707277  131.132749979   122.5427   5   7   3.7194   3.9052   8.5228   0.3953   2.7596  -1.7145   0.00    0.0
2014/12/13 11:54:00.000  -12.843706136  131.132749867   122.8211   5   7   3.7207   3.9013   8.5137   0.3823   2.7704  -1.6938   0.00    0.0
2014/12/13 11:54:30.000  -12.843706187  131.132748091   122.5507   5   7   3.7220   3.8975   8.5047   0.3687   2.7812  -1.6729   0.00    0.0
2014/12/13 11:55:00.000  -12.843706238  131.132748132   122.4984   5   7   3.7233   3.8937   8.4959   0.3543   2.7920  -1.6517   0.00    0.0
2014/12/13 11:55:30.000  -12.843705501  131.132748901   122.6633   5   7   3.7247   3.8901   8.4872   0.3390   2.8028  -1.6302   0.00    0.0
2014/12/13 11:56:00.000  -12.843705037  131.132750410   123.0668   5   7   3.7261   3.8864   8.4787   0.3229   2.8137  -1.6086   0.00    0.0
2014/12/13 11:56:30.000  -12.843705715  131.132752052   123.4261   5   7   3.7276   3.8829   8.4704   0.3056   2.8246  -1.5866   0.00    0.0
2014/12/13 11:57:00.000  -12.843706961  131.132750109   123.2921   5   7   3.7291   3.8794   8.4623   0.2871   2.8354  -1.5643   0.00    0.0
2014/12/13 11:57:30.000  -12.843707644  131.132748479   123.1151   5   7   3.7306   3.8760   8.4543   0.2672   2.8463  -1.5418   0.00    0.0
2014/12/13 11:58:00.000  -12.843707389  131.132750381   123.3084   5   7   3.7321   3.8727   8.4465   0.2453   2.8572  -1.5189   0.00    0.0
2014/12/13 11:58:30.000  -12.843707640  131.132750901   123.1145   5   7   3.7337   3.8694   8.4388   0.2212   2.8681  -1.4956   0.00    0.0
2014/12/13 11:59:00.000  -12.843706758  131.132750568   123.0931   5   7   3.7353   3.8662   8.4313   0.1938   2.8791  -1.4720   0.00    0.0
2014/12/13 11:59:30.000  -12.843706620  131.132749189   123.2341   5   7   3.7370   3.8630   8.4240   0.1615   2.8900  -1.4480   0.00    0.0
2014/12/13 12:00:00.000  -12.843707037  131.132749610   123.2747   5   7   3.7386   3.8600   8.4169   0.1207   2.9009  -1.4236   0.00    0.0
2014/12/13 12:00:30.000  -12.843707277  131.132749843   123.0575   5   7   3.7403   3.8570   8.4100   0.0545   2.9119  -1.3988   0.00    0.0
2014/12/13 12:01:00.000  -12.843707015  131.132750118   123.0196   5   7   3.7420   3.8541   8.4032  -0.0932   2.9228  -1.3735   0.00    0.0
2014/12/13 12:01:30.000  -12.843707763  131.132750292   122.9617   5   7   3.7438   3.8512   8.3966  -0.1428   2.9338  -1.3476   0.00    0.0
2014/12/13 12:02:00.000  -12.843708535  131.132749786   122.7748   5   7   3.7456   3.8484   8.3901  -0.1792   2.9448  -1.3213   0.00    0.0
2014/12/13 12:02:30.000  -12.843707399  131.132749250   122.6484   5   7   3.7474   3.8457   8.3839  -0.2095   2.9558  -1.2944   0.00    0.0
2014/12/13 12:03:00.000  -12.843707045  131.132748578   122.6800   5   7   3.7492   3.8431   8.3778  -0.2359   2.9668  -1.2669   0.00    0.0
2014/12/13 12:03:30.000  -12.843707242  131.132748915   122.6064   5   7   3.7510   3.8405   8.3719  -0.2597   2.9778  -1.2387   0.00    0.0
2014/12/13 12:04:00.000  -12.843707257  131.132748898   122.4935   5   7   3.7529   3.8380   8.3662  -0.2815   2.9888  -1.2098   0.00    0.0
2014/12/13 12:04:30.000  -12.843707606  131.132748723   122.3186   5   7   3.7548   3.8356   8.3607  -0.3018   2.9999  -1.1801   0.00    0.0
2014/12/13 12:05:00.000  -12.843707812  131.132749114   122.3469   5   7   3.7567   3.8332   8.3553  -0.3207   3.0109  -1.1496   0.00    0.0
2014/12/13 12:05:30.000  -12.843707822  131.132749759   122.7670   5   7   3.7586   3.8309   8.3501  -0.3385   3.0220  -1.1182   0.00    0.0
2014/12/13 12:06:00.000  -12.843710151  131.132748160   122.7692   5   8   3.3528   3.7670   7.5533   1.0196   2.6020   2.2054   0.00    0.0
2014/12/13 12:06:30.000  -12.843709566  131.132748361   122.6892   5   8   3.3518   3.7648   7.5577   1.0163   2.6173   2.2187   0.00    0.0
2014/12/13 12:07:00.000  -12.843707078  131.132750437   122.9676   5   8   3.3508   3.7626   7.5622   1.0130   2.6327   2.2318   0.00    0.0
2014/12/13 12:07:30.000  -12.843705542  131.132751198   123.1691   5   8   3.3498   3.7605   7.5670   1.0098   2.6480   2.2448   0.00    0.0
2014/12/13 12:08:00.000  -12.843705447  131.132750418   123.0520   5   8   3.3488   3.7585   7.5720   1.0065   2.6634   2.2577   0.00    0.0
2014/12/13 12:08:30.000  -12.843705522  131.132749958   122.7692   5   8   3.3478   3.7566   7.5772   1.0033   2.6788   2.2705   0.00    0.0
2014/12/13 12:09:00.000  -12.843704709  131.132750234   122.8702   5   8   3.3468   3.7547   7.5826   1.0000   2.6942   2.2831   0.00    0.0
2014/12/13 12:09:30.000  -12.843705009  131.132750128   122.8194   5   8   3.3457   3.7529   7.5883   0.9968   2.7096   2.2957   0.00    0.0
2014/12/13 12:10:00.000  -12.843706096  131.132748491   122.5310   5   8   3.3447   3.7512   7.5942   0.9937   2.7250   2.3081   0.00    0.0
2014/12/13 12:10:30.000  -12.843705154  131.132748812   122.5268   5   8   3.3436   3.7496   7.6003   0.9906   2.7405   2.3204   0.00    0.0
2014/12/13 12:11:00.000  -12.843704914  131.132749377   122.5457   5   8   3.3425   3.7481   7.6067   0.9875   2.7560   2.3327   0.00    0.0
2014/12/13 12:11:30.000  -12.843705599  131.132749253   122.2789   5   8   3.3414   3.7466   7.6132   0.9844   2.7715   2.3448   0.00    0.0
2014/12/13 12:12:00.000  -12.843705683  131.132749283   122.2167   5   8   3.3402   3.7453   7.6200   0.9814   2.7871   2.3568   0.00    0.0
2014/12/13 12:12:30.000  -12.843705289  131.132750488   122.3722   5   8   3.3391   3.7440   7.6270   0.9784   2.8027   2.3686   0.00    0.0
2014/12/13 12:13:00.000  -12.843705220  131.132750252   122.3616   5   8   3.3379   3.7428   7.6342   0.9755   2.8183   2.3804   0.00    0.0
2014/12/13 12:13:30.000  -12.843706375  131.132748773   122.4469   5   8   3.3367   3.7416   7.6417   0.9726   2.8339   2.3921   0.00    0.0
2014/12/13 12:14:00.000  -12.843706234  131.132748641   122.3855   5   8   3.3355   3.7406   7.6493   0.9698   2.8496   2.4037   0.00    0.0
2014/12/13 12:14:30.000  -12.843705907  131.132749772   122.5448   5   8   3.3343   3.7396   7.6572   0.9670   2.8653   2.4151   0.00    0.0
2014/12/13 12:15:00.000  -12.843705244  131.132749786   122.3296   5   8   3.3330   3.7388   7.6653   0.9643   2.8811   2.4265   0.00    0.0
2014/12/13 12:15:30.000  -12.843704833  131.132750156   122.1699   5   8   3.3317   3.7380   7.6736   0.9616   2.8969   2.4377   0.00    0.0
2014/12/13 12:16:00.000  -12.843704367  131.132750462   122.1712   5   8   3.3304   3.7373   7.6822   0.9590   2.9127   2.4488   0.00    0.0
2014/12/13 12:16:30.000  -12.843705266  131.132749352   122.3881   5   8   3.3291   3.7366   7.6909   0.9565   2.9286   2.4599   0.00    0.0
2014/12/13 12:17:00.000  -12.843705980  131.132749095   122.4281   5   8   3.3278   3.7361   7.6999   0.9540   2.9445   2.4708   0.00    0.0
2014/12/13 12:17:30.000  -12.843706155  131.132749148   122.5240   5   8   3.3264   3.7356   7.7090   0.9516   2.9604   2.4816   0.00    0.0
2014/12/13 12:18:00.000  -12.843706031  131.132749818   122.8324   5   8   3.3250   3.7353   7.7184   0.9493   2.9764   2.4923   0.00    0.0
2014/12/13 12:18:30.000  -12.843705909  131.132750072   122.9866   5   8   3.3236   3.7350   7.7280   0.9470   2.9925   2.5029   0.00    0.0
2014/12/13 12:19:00.000  -12.843705531  131.132750134   123.0755   5   8   3.3221   3.7348   7.7378   0.9448   3.0086   2.5134   0.00    0.0
2014/12/13 12:19:30.000  -12.843705273  131.132749629   122.8797   5   8   3.3206   3.7346   7.7478   0.9427   3.0247   2.5237   0.00    0.0
2014/12/13 12:20:00.000  -12.843705301  131.132749424   122.5207   5   8   3.3191   3.7346   7.7580   0.9407   3.0409   2.5340   0.00    0.0
2014/12/13 12:20:30.000  -12.843705682  131.132748884   122.0073   5   8   3.3176   3.7347   7.7683   0.9387   3.0571   2.5441   0.00    0.0
2014/12/13 12:21:00.000  -12.843705127  131.132748667   122.1395   5   8   3.3160   3.7348   7.7789   0.9369   3.0733   2.5542   0.00    0.0
2014/12/13 12:21:30.000  -12.843704526  131.132748267   122.2755   5   8   3.3144   3.7350   7.7897   0.9351   3.0896   2.5641   0.00    0.0
2014/12/13 12:22:00.000  -12.843704424  131.132748528   122.3638   5   8   3.3128   3.7353   7.8006   0.9334   3.1060   2.5739   0.00    0.0
2014/12/13 12:22:30.000  -12.843705112  131.132749500   122.6593   5   8   3.3112   3.7357   7.8118   0.9318   3.1224   2.5836   0.00    0.0
2014/12/13 12:23:00.000  -12.843705695  131.132749567   122.9662   5   8   3.3095   3.7362   7.8231   0.9303   3.1388   2.5931   0.00    0.0
2014/12/13 12:23:30.000  -12.843706100  131.132749991   123.0500   5   8   3.3078   3.7367   7.8346   0.9288   3.1553   2.6026   0.00    0.0
2014/12/13 12:24:00.000  -12.843705149  131.132749291   122.4984   5   7   3.6913   3.7381   8.4208   0.8615   3.2063   1.3426   0.00    0.0
2014/12/13 12:24:30.000  -12.843704791  131.132748448   122.1529   5   7   3.6851   3.7390   8.4415   0.8498   3.2284   1.3561   0.00    0.0
2014/12/13 12:25:00.000  -12.843704236  131.132748322   122.1600   5   7   3.6789   3.7401   8.4626   0.8382   3.2506   1.3693   0.00    0.0
2014/12/13 12:25:30.000  -12.843702681  131.132749796   122.2954   5   7   3.6726   3.7413   8.4840   0.8265   3.2729   1.3823   0.00    0.0
2014/12/13 12:26:00.000  -12.843701821  131.132750301   122.4038   5   7   3.6663   3.7426   8.5057   0.8149   3.2953   1.3950   0.00    0.0
2014/12/13 12:26:30.000  -12.843700863  131.132749123   122.1618   5   7   3.6600   3.7440   8.5278   0.8034   3.3179   1.4074   0.00    0.0
2014/12/13 12:27:00.000  -12.843700910  131.132747525   121.9658   5   7   3.6537   3.7456   8.5501   0.7918   3.3405   1.4195   0.00    0.0
2014/12/13 12:27:30.000  -12.843701613  131.132748143   121.9577   5   7   3.6474   3.7473   8.5728   0.7803   3.3632   1.4314   0.00    0.0
2014/12/13 12:28:00.000  -12.843701761  131.132749391   122.2487   5   7   3.6410   3.7491   8.5958   0.7689   3.3860   1.4430   0.00    0.0
2014/12/13 12:28:30.000  -12.843703016  131.132750266   122.4269   5   7   3.6347   3.7510   8.6191   0.7574   3.4090   1.4542   0.00    0.0
2014/12/13 12:29:00.000  -12.843703798  131.132750201   122.2652   5   7   3.6283   3.7530   8.6428   0.7460   3.4320   1.4652   0.00    0.0
2014/12/13 12:29:30.000  -12.843703109  131.132749546   122.0800   5   7   3.6219   3.7552   8.6667   0.7346   3.4552   1.4760   0.00    0.0
2014/12/13 12:30:00.000  -12.843702749  131.132748511   121.9097   5   7   3.6156   3.7575   8.6910   0.7233   3.4784   1.4864   0.00    0.0
2014/12/13 12:30:30.000  -12.843701999  131.132748547   121.8644   5   7   3.6092   3.7599   8.7156   0.7120   3.5018   1.4965   0.00    0.0
2014/12/13 12:31:00.000  -12.843701458  131.132748499   121.6728   5   7   3.6027   3.7624   8.7405   0.7007   3.5252   1.5064   0.00    0.0
2014/12/13 12:31:30.000  -12.843702017  131.132748868   121.4583   5   7   3.5963   3.7650   8.7656   0.6895   3.5488   1.5159   0.00    0.0
2014/12/13 12:32:00.000  -12.843702501  131.132749446   121.5557   5   7   3.5899   3.7678   8.7911   0.6782   3.5725   1.5252   0.00    0.0
2014/12/13 12:32:30.000  -12.843703521  131.132748912   121.6900   5   7   3.5835   3.7706   8.8169   0.6670   3.5963   1.5341   0.00    0.0
2014/12/13 12:33:00.000  -12.843704259  131.132749145   121.7748   5   7   3.5770   3.7736   8.8430   0.6559   3.6201   1.5427   0.00    0.0
2014/12/13 12:33:30.000  -12.843704153  131.132749697   121.6993   5   7   3.5706   3.7767   8.8693   0.6447   3.6441   1.5511   0.00    0.0
2014/12/13 12:34:00.000  -12.843703335  131.132749818   121.8266   5   7   3.5641   3.7800   8.8959   0.6336   3.6682   1.5591   0.00    0.0
2014/12/13 12:34:30.000  -12.843702185  131.132748765   122.2159   5   7   3.5576   3.7833   8.9229   0.6225   3.6923   1.5668   0.00    0.0
2014/12/13 12:35:00.000  -12.843701396  131.132748213   122.1545   5   7   3.5512   3.7868   8.9500   0.6114   3.7166   1.5742   0.00    0.0
2014/12/13 12:35:30.000  -12.843701142  131.132747817   122.2054   5   7   3.5447   3.7904   8.9775   0.6002   3.7410   1.5812   0.00    0.0
2014/12/13 12:36:00.000  -12.843702508  131.132747359   121.7424   5   7   3.5382   3.7941   9.0052   0.5891   3.7654   1.5879   0.00    0.0
2014/12/13 12:36:30.000  -12.843702821  131.132748278   121.4985   5   7   3.5317   3.7979   9.0332   0.5780   3.7899   1.5943   0.00    0.0
2014/12/13 12:37:00.000  -12.843702335  131.132749256   121.6907   5   7   3.5253   3.8018   9.0614   0.5669   3.8145   1.6004   0.00    0.0
2014/12/13 12:37:30.000  -12.843700965  131.132748676   121.9733   5   7   3.5188   3.8058   9.0898   0.5557   3.8392   1.6061   0.00    0.0
2014/12/13 12:38:00.000  -12.843700234  131.132749214   122.0817   5   7   3.5123   3.8100   9.1185   0.5445   3.8640   1.6114   0.00    0.0
2014/12/13 12:38:30.000  -12.843700313  131.132750930   122.2366   5   7   3.5058   3.8142   9.1474   0.5333   3.8888   1.6164   0.00    0.0
2014/12/13 12:39:00.000  -12.843700321  131.132750737   122.2205   5   7   3.4993   3.8186   9.1765   0.5220   3.9137   1.6210   0.00    0.0
2014/12/13 12:39:30.000  -12.843700412  131.132750636   122.0897   5   7   3.4929   3.8230   9.2058   0.5107   3.9387   1.6253   0.00    0.0
2014/12/13 12:40:00.000  -12.843700072  131.132750576   122.3436   5   7   3.4864   3.8276   9.2353   0.4992   3.9637   1.6292   0.00    0.0
2014/12/13 12:40:30.000  -12.843700290  131.132750717   122.3426   5   7   3.4799   3.8323   9.2650   0.4877   3.9888   1.6327   0.00    0.0
2014/12/13 12:41:00.000  -12.843701027  131.132749804   122.0914   5   7   3.4734   3.8370   9.2948   0.4760   4.0139   1.6358   0.00    0.0
2014/12/13 12:41:30.000  -12.843701210  131.132749342   122.2728   5   7   3.4670   3.8419   9.3248   0.4642   4.0390   1.6385   0.00    0.0
2014/12/13 12:42:00.000  -12.843702340  131.132747875   122.0845   5   7   3.4605   3.8469   9.3550   0.4523   4.0642   1.6409   0.00    0.0
2014/12/13 12:42:30.000  -12.843702862  131.132747756   121.9518   5   7   3.4541   3.8520   9.3852   0.4401   4.0894   1.6428   0.00    0.0
2014/12/13 12:43:00.000  -12.843702383  131.132748375   121.9511   5   7   3.4476   3.8571   9.4156   0.4278   4.1147   1.6442   0.00    0.0
2014/12/13 12:43:30.000  -12.843701806  131.132748806   121.9925   5   7   3.4412   3.8623   9.4461   0.4152   4.1399   1.6453   0.00    0.0
2014/12/13 12:44:00.000  -12.843701158  131.132748721   121.8518   5   7   3.4347   3.8677   9.4767   0.4023   4.1651   1.6459   0.00    0.0
2014/12/13 12:44:30.000  -12.843701023  131.132748177   121.8188   5   7   3.4283   3.8731   9.5074   0.3891   4.1904   1.6461   0.00    0.0
2014/12/13 12:45:00.000  -12.843701408  131.132747900   121.9130   5   7   3.4219   3.8786   9.5381   0.3755   4.2156   1.6458   0.00    0.0
2014/12/13 12:45:30.000  -12.843701045  131.132748335   121.9987   5   7   3.4155   3.8841   9.5689   0.3615   4.2408   1.6451   0.00    0.0
2014/12/13 12:46:00.000  -12.843701231  131.132748676   122.1231   5   7   3.4091   3.8898   9.5997   0.3470   4.2659   1.6439   0.00    0.0
2014/12/13 12:46:30.000  -12.843701245  131.132749115   122.1221   5   7   3.4027   3.8955   9.6305   0.3319   4.2910   1.6422   0.00    0.0
2014/12/13 12:47:00.000  -12.843701124  131.132749598   122.3137   5   7   3.3963   3.9013   9.6612   0.3161   4.3161   1.6400   0.00    0.0
2014/12/13 12:47:30.000  -12.843701801  131.132749369   122.0437   5   7   3.3900   3.9071   9.6920   0.2994   4.3411   1.6374   0.00    0.0
2014/12/13 12:48:00.000  -12.843701943  131.132751156   122.2503   5   7   3.3836   3.9130   9.7226   0.2818   4.3660   1.6342   0.00    0.0
2014/12/13 12:48:30.000  -12.843701510  131.132751877   122.5285   5   7   3.3773   3.9189   9.7532   0.2629   4.3908   1.6304   0.00    0.0
2014/12/13 12:49:00.000  -12.843701955  131.132750817   122.2815   5   7   3.3710   3.9249   9.7838   0.2426   4.4155   1.6262   0.00    0.0
2014/12/13 12:49:30.000  -12.843702165  131.132748618   121.8279   5   7   3.3647   3.9309   9.8141   0.2202   4.4401   1.6214   0.00    0.0
2014/12/13 12:50:00.000  -12.843702261  131.132745996   121.1044   5   8   3.2265   3.4409   7.9772  -1.3212   2.9827  -1.6633   0.00    0.0
2014/12/13 12:50:30.000  -12.843701625  131.132746088   121.1644   5   8   3.2206   3.4427   7.9997  -1.3268   3.0036  -1.6707   0.00    0.0
2014/12/13 12:51:00.000  -12.843702021  131.132745710   120.9488   5   8   3.2148   3.4445   8.0224  -1.3323   3.0246  -1.6784   0.00    0.0
2014/12/13 12:51:30.000  -12.843702894  131.132746073   121.0863   5   8   3.2090   3.4464   8.0453  -1.3378   3.0455  -1.6863   0.00    0.0
2014/12/13 12:52:00.000  -12.843703528  131.132746015   121.2433   5   8   3.2033   3.4483   8.0682  -1.3431   3.0664  -1.6945   0.00    0.0
2014/12/13 12:52:30.000  -12.843705158  131.132748012   120.7679   5   7   3.3237   3.6752   8.8351  -1.7223   2.2449   0.5639   0.00    0.0
2014/12/13 12:53:00.000  -12.843704416  131.132747503   120.8842   5   7   3.3182   3.6723   8.8672  -1.7227   2.2768   0.5595   0.00    0.0
2014/12/13 12:53:30.000  -12.843704408  131.132747239   120.9029   5   7   3.3128   3.6695   8.8997  -1.7230   2.3085   0.5541   0.00    0.0
2014/12/13 12:54:00.000  -12.843704783  131.132747080   121.1602   5   7   3.3073   3.6668   8.9325  -1.7232   2.3400   0.5479   0.00    0.0
2014/12/13 12:54:30.000  -12.843704719  131.132747504   121.1569   5   7   3.3019   3.6641   8.9656  -1.7233   2.3713   0.5406   0.00    0.0
2014/12/13 12:55:00.000  -12.843704046  131.132746609   121.1962   5   7   3.2964   3.6615   8.9990  -1.7233   2.4025   0.5324   0.00    0.0
2014/12/13 12:55:30.000  -12.843703115  131.132746392   121.3054   5   7   3.2910   3.6589   9.0326  -1.7232   2.4335   0.5231   0.00    0.0
2014/12/13 12:56:00.000  -12.843702245  131.132746630   121.6881   5   7   3.2855   3.6564   9.0665  -1.7230   2.4644   0.5128   0.00    0.0
2014/12/13 12:56:30.000  -12.843703063  131.132746552   121.6726   5   7   3.2801   3.6540   9.1007  -1.7226   2.4950   0.5013   0.00    0.0
2014/12/13 12:57:00.000  -12.843702516  131.132747742   121.9699   5   7   3.2747   3.6516   9.1351  -1.7222   2.5256   0.4886   0.00    0.0
2014/12/13 12:57:30.000  -12.843701807  131.132748981   122.1601   5   7   3.2692   3.6492   9.1697  -1.7217   2.5560   0.4745   0.00    0.0
2014/12/13 12:58:00.000  -12.843702214  131.132749030   122.0931   5   7   3.2638   3.6469   9.2046  -1.7211   2.5862   0.4590   0.00    0.0
2014/12/13 12:58:30.000  -12.843702751  131.132749980   122.3817   5   7   3.2584   3.6447   9.2396  -1.7204   2.6163   0.4420   0.00    0.0
2014/12/13 12:59:00.000  -12.843703462  131.132749272   122.4534   5   7   3.2531   3.6425   9.2749  -1.7197   2.6462   0.4232   0.00    0.0
2014/12/13 12:59:30.000  -12.843703189  131.132748144   122.5438   5   7   3.2477   3.6404   9.3103  -1.7188   2.6760   0.4025   0.00    0.0
2014/12/13 13:00:00.000  -12.843703072  131.132748463   121.6715   5   7   3.2423   3.6383   9.3459  -1.7179   2.7056   0.3794   0.00    0.0
2014/12/13 13:00:30.000  -12.843703512  131.132747861   121.5777   5   7   3.2370   3.6363   9.3817  -1.7169   2.7350   0.3536   0.00    0.0
2014/12/13 13:01:00.000  -12.843704350  131.132748377   121.3748   5   7   3.2317   3.6343   9.4175  -1.7158   2.7643   0.3245   0.00    0.0
2014/12/13 13:01:30.000  -12.843703928  131.132749299   121.3168   5   7   3.2264   3.6324   9.4535  -1.7146   2.7934   0.2911   0.00    0.0
2014/12/13 13:02:00.000  -12.843703681  131.132750023   121.3244   5   7   3.2211   3.6305   9.4896  -1.7134   2.8224   0.2517   0.00    0.0
2014/12/13 13:02:30.000  -12.843704538  131.132750623   121.4472   5   7   3.2159   3.6286   9.5257  -1.7121   2.8511   0.2029   0.00    0.0
2014/12/13 13:03:00.000  -12.843704362  131.132750930   121.6896   5   7   3.2106   3.6268   9.5619  -1.7107   2.8797   0.1349   0.00    0.0
2014/12/13 13:03:30.000  -12.843704190  131.132749895   121.5756   5   7   3.2054   3.6251   9.5981  -1.7093   2.9081  -0.0744   0.00    0.0
2014/12/13 13:04:00.000  -12.843704157  131.132750327   121.5552   5   7   3.2002   3.6234   9.6343  -1.7078   2.9363  -0.1732   0.00    0.0
2014/12/13 13:04:30.000  -12.843704548  131.132750508   121.3820   5   7   3.1951   3.6217   9.6705  -1.7062   2.9643  -0.2349   0.00    0.0
2014/12/13 13:05:00.000  -12.843704030  131.132750245   121.1343   5   7   3.1899   3.6201   9.7067  -1.7046   2.9921  -0.2847   0.00    0.0
2014/12/13 13:05:30.000  -12.843703032  131.132748762   121.0392   5   7   3.1848   3.6185   9.7428  -1.7029   3.0197  -0.3280   0.00    0.0
2014/12/13 13:06:00.000  -12.843703155  131.132748113   121.1557   5   7   3.1798   3.6169   9.7787  -1.7012   3.0470  -0.3671   0.00    0.0
2014/12/13 13:06:30.000  -12.843703725  131.132748207   121.4117   5   7   3.1747   3.6154   9.8146  -1.6994   3.0741  -0.4031   0.00    0.0
2014/12/13 13:07:00.000  -12.843702765  131.132747826   121.4565   5   7   3.1697   3.6139   9.8503  -1.6976   3.1010  -0.4369   0.00    0.0
2014/12/13 13:07:30.000  -12.843703251  131.132748569   121.5227   5   7   3.1647   3.6124   9.8858  -1.6957   3.1276  -0.4688   0.00    0.0
2014/12/13 13:08:00.000  -12.843703932  131.132749447   121.5933   5   7   3.1597   3.6110   9.9212  -1.6937   3.1540  -0.4991   0.00    0.0
2014/12/13 13:08:30.000  -12.843703783  131.132749935   121.7332   5   7   3.1548   3.6095   9.9562  -1.6917   3.1800  -0.5281   0.00    0.0
2014/12/13 13:09:00.000  -12.843703789  131.132750564   121.7216   5   7   3.1499   3.6082   9.9910  -1.6896   3.2058  -0.5561   0.00    0.0
2014/12/13 13:09:30.000  -12.843704254  131.132749956   121.7250   5   7   3.1451   3.6068  10.0255  -1.6875   3.2313  -0.5830   0.00    0.0
2014/12/13 13:10:00.000  -12.843705075  131.132750154   122.0444   5   7   3.1403   3.6054  10.0596  -1.6853   3.2564  -0.6089   0.00    0.0
2014/12/13 13:10:30.000  -12.843704823  131.132749638   121.9790   5   7   3.1355   3.6041  10.0933  -1.6831   3.2813  -0.6341   0.00    0.0
2014/12/13 13:11:00.000  -12.843703757  131.132749696   121.9309   5   7   3.1307   3.6027  10.1267  -1.6808   3.3058  -0.6585   0.00    0.0
2014/12/13 13:11:30.000  -12.843702471  131.132748971   121.8360   5   7   3.1260   3.6014  10.1595  -1.6785   3.3299  -0.6822   0.00    0.0
2014/12/13 13:12:00.000  -12.843701948  131.132749440   121.8150   5   7   3.1214   3.6001  10.1919  -1.6761   3.3537  -0.7051   0.00    0.0
2014/12/13 13:12:30.000  -12.843702968  131.132749553   122.0023   5   7   3.1167   3.5988  10.2237  -1.6737   3.3770  -0.7274   0.00    0.0
2014/12/13 13:13:00.000  -12.843704174  131.132750445   122.1324   5   7   3.1122   3.5974  10.2549  -1.6712   3.4000  -0.7491   0.00    0.0
2014/12/13 13:13:30.000  -12.843704158  131.132750806   122.2473   5   7   3.1076   3.5961  10.2856  -1.6686   3.4226  -0.7702   0.00    0.0
2014/12/13 13:14:00.000  -12.843704046  131.132750067   121.8684   5   7   3.1031   3.5947  10.3155  -1.6660   3.4447  -0.7906   0.00    0.0
2014/12/13 13:14:30.000  -12.843703744  131.132749618   121.6682   5   7   3.0986   3.5934  10.3448  -1.6634   3.4664  -0.8105   0.00    0.0
2014/12/13 13:15:00.000  -12.843702540  131.132748639   121.6383   5   7   3.0942   3.5920  10.3733  -1.6607   3.4876  -0.8297   0.00    0.0
2014/12/13 13:15:30.000  -12.843701778  131.132748395   121.6407   5   7   3.0898   3.5906  10.4010  -1.6579   3.5084  -0.8484   0.00    0.0
2014/12/13 13:16:00.000  -12.843702691  131.132750081   121.8649   5   7   3.0855   3.5892  10.4279  -1.6550   3.5286  -0.8665   0.00    0.0
2014/12/13 13:16:30.000  -12.843703961  131.132750721   122.1102   5   7   3.0812   3.5877  10.4540  -1.6521   3.5484  -0.8840   0.00    0.0
2014/12/13 13:17:00.000  -12.843703322  131.132751020   122.4493   5   7   3.0770   3.5862  10.4791  -1.6492   3.5676  -0.9009   0.00    0.0
2014/12/13 13:17:30.000  -12.843703291  131.132751129   122.4615   5   7   3.0728   3.5847  10.5032  -1.6461   3.5863  -0.9172   0.00    0.0
2014/12/13 13:18:00.000  -12.843703913  131.132750671   122.3702   5   7   3.0686   3.5831  10.5264  -1.6430   3.6044  -0.9329   0.00    0.0
2014/12/13 13:18:30.000  -12.843704502  131.132750550   122.1778   5   7   3.0645   3.5815  10.5485  -1.6398   3.6219  -0.9480   0.00    0.0
2014/12/13 13:19:00.000  -12.843704345  131.132750244   122.2412   5   7   3.0604   3.5798  10.5695  -1.6366   3.6388  -0.9625   0.00    0.0
2014/12/13 13:19:30.000  -12.843704750  131.132750719   122.5966   5   7   3.0564   3.5781  10.5894  -1.6333   3.6552  -0.9764   0.00    0.0
2014/12/13 13:20:00.000  -12.843705039  131.132750234   122.1324   5   7   3.0525   3.5763  10.6081  -1.6298   3.6709  -0.9896   0.00    0.0
2014/12/13 13:20:30.000  -12.843704748  131.132751439   122.2619   5   7   3.0485   3.5745  10.6256  -1.6264   3.6860  -1.0022   0.00    0.0
2014/12/13 13:21:00.000  -12.843704631  131.132751925   122.2839   5   7   3.0447   3.5725  10.6419  -1.6228   3.7004  -1.0142   0.00    0.0
2014/12/13 13:21:30.000  -12.843703399  131.132751793   122.2716   5   7   3.0408   3.5705  10.6568  -1.6191   3.7141  -1.0255   0.00    0.0
2014/12/13 13:22:00.000  -12.843702613  131.132750972   122.1533   5   7   3.0370   3.5685  10.6704  -1.6154   3.7272  -1.0361   0.00    0.0
2014/12/13 13:22:30.000  -12.843702545  131.132750844   122.3801   5   7   3.0333   3.5663  10.6827  -1.6116   3.7396  -1.0460   0.00    0.0
2014/12/13 13:23:00.000  -12.843702465  131.132750284   122.3942   5   7   3.0296   3.5641  10.6936  -1.6076   3.7512  -1.0552   0.00    0.0
2014/12/13 13:23:30.000  -12.843703073  131.132749276   122.5538   5   7   3.0260   3.5618  10.7030  -1.6036   3.7622  -1.0638   0.00    0.0
2014/12/13 13:24:00.000  -12.843702715  131.132748967   122.4629   5   7   3.0224   3.5594  10.7110  -1.5995   3.7724  -1.0716   0.00    0.0
2014/12/13 13:24:30.000  -12.843703084  131.132749054   122.0227   5   7   3.0188   3.5569  10.7174  -1.5952   3.7819  -1.0786   0.00    0.0
2014/12/13 13:25:00.000  -12.843703154  131.132749744   121.7894   5   7   3.0153   3.5543  10.7224  -1.5909   3.7906  -1.0850   0.00    0.0
2014/12/13 13:25:30.000  -12.843703709  131.132750113   121.6246   5   7   3.0119   3.5516  10.7258  -1.5864   3.7986  -1.0905   0.00    0.0
2014/12/13 13:26:00.000  -12.843704235  131.132750461   121.7854   5   7   3.0085   3.5488  10.7276  -1.5819   3.8058  -1.0953   0.00    0.0
2014/12/13 13:26:30.000  -12.843704384  131.132750620   122.1636   5   7   3.0051   3.5459  10.7278  -1.5772   3.8123  -1.0993   0.00    0.0
2014/12/13 13:27:00.000  -12.843704152  131.132749488   122.5364   5   7   3.0018   3.5429  10.7265  -1.5724   3.8179  -1.1026   0.00    0.0
2014/12/13 13:27:30.000  -12.843703630  131.132749389   122.2007   5   7   2.9985   3.5398  10.7235  -1.5675   3.8228  -1.1050   0.00    0.0
2014/12/13 13:28:00.000  -12.843703498  131.132750483   122.3712   5   7   2.9953   3.5366  10.7189  -1.5625   3.8269  -1.1066   0.00    0.0
2014/12/13 13:28:30.000  -12.843703062  131.132750385   122.4161   5   7   2.9922   3.5333  10.7126  -1.5573   3.8303  -1.1073   0.00    0.0
2014/12/13 13:29:00.000  -12.843702307  131.132750821   122.2838   5   7   2.9891   3.5299  10.7047  -1.5520   3.8328  -1.1072   0.00    0.0
2014/12/13 13:29:30.000  -12.843701942  131.132750905   122.2796   5   7   2.9860   3.5263  10.6951  -1.5466   3.8346  -1.1063   0.00    0.0
2014/12/13 13:30:00.000  -12.843701068  131.132750854   122.1645   5   7   2.9830   3.5227  10.6838  -1.5411   3.8355  -1.1045   0.00    0.0
2014/12/13 13:30:30.000  -12.843700974  131.132750396   121.8432   5   7   2.9800   3.5189  10.6709  -1.5354   3.8357  -1.1018   0.00    0.0
2014/12/13 13:31:00.000  -12.843701653  131.132749938   121.7397   5   7   2.9771   3.5150  10.6563  -1.5296   3.8352  -1.0982   0.00    0.0
2014/12/13 13:31:30.000  -12.843701878  131.132750407   122.0235   5   7   2.9742   3.5110  10.6401  -1.5237   3.8338  -1.0936   0.00    0.0
2014/12/13 13:32:00.000  -12.843702888  131.132751346   122.1734   5   7   2.9714   3.5070  10.6222  -1.5176   3.8317  -1.0882   0.00    0.0
2014/12/13 13:32:30.000  -12.843703382  131.132750948   122.1890   5   7   2.9686   3.5027  10.6027  -1.5114   3.8289  -1.0818   0.00    0.0
2014/12/13 13:33:00.000  -12.843703519  131.132749891   122.2413   5   7   2.9659   3.4984  10.5816  -1.5050   3.8252  -1.0744   0.00    0.0
2014/12/13 13:33:30.000  -12.843703378  131.132749162   122.4423   5   7   2.9633   3.4940  10.5589  -1.4985   3.8209  -1.0661   0.00    0.0
2014/12/13 13:34:00.000  -12.843702903  131.132748484   122.3390   5   7   2.9606   3.4895  10.5346  -1.4919   3.8158  -1.0568   0.00    0.0
2014/12/13 13:34:30.000  -12.843703047  131.132747921   122.4799   5   7   2.9581   3.4849  10.5088  -1.4851   3.8101  -1.0464   0.00    0.0
2014/12/13 13:35:00.000  -12.843703140  131.132748881   122.5452   5   7   2.9556   3.4802  10.4814  -1.4781   3.8036  -1.0350   0.00    0.0
2014/12/13 13:35:30.000  -12.843702733  131.132748975   122.4091   5   7   2.9531   3.4754  10.4525  -1.4711   3.7964  -1.0226   0.00    0.0
2014/12/13 13:36:00.000  -12.843702133  131.132748137   122.2406   5   7   2.9507   3.4705  10.4222  -1.4638   3.7886  -1.0090   0.00    0.0
2014/12/13 13:36:30.000  -12.843700994  131.132747853   122.1744   5   7   2.9483   3.4655  10.3904  -1.4565   3.7801  -0.9944   0.00    0.0
2014/12/13 13:37:00.000  -12.843701540  131.132748604   121.8931   5   7   2.9460   3.4604  10.3572  -1.4489   3.7710  -0.9785   0.00    0.0
2014/12/13 13:37:30.000  -12.843702006  131.132749133   121.8699   5   7   2.9438   3.4552  10.3227  -1.4413   3.7613  -0.9615   0.00    0.0
2014/12/13 13:38:00.000  -12.843701952  131.132749021   121.9826   5   7   2.9416   3.4500  10.2868  -1.4335   3.7510  -0.9433   0.00    0.0
2014/12/13 13:38:30.000  -12.843701781  131.132748151   122.2241   5   7   2.9395   3.4447  10.2497  -1.4255   3.7401  -0.9238   0.00    0.0
2014/12/13 13:39:00.000  -12.843702412  131.132748128   122.6995   5   7   2.9374   3.4393  10.2113  -1.4174   3.7287  -0.9029   0.00    0.0
2014/12/13 13:39:30.000  -12.843702646  131.132748357   122.8855   5   7   2.9354   3.4339  10.1717  -1.4091   3.7167  -0.8806   0.00    0.0
2014/12/13 13:40:00.000  -12.843700862  131.132748114   122.4771   5   7   2.9334   3.4284  10.1309  -1.4007   3.7042  -0.8568   0.00    0.0
2014/12/13 13:40:30.000  -12.843699393  131.132749078   121.7932   5   7   2.9315   3.4228  10.0890  -1.3922   3.6912  -0.8314   0.00    0.0
2014/12/13 13:41:00.000  -12.843699433  131.132749230   121.4926   5   7   2.9296   3.4172  10.0461  -1.3835   3.6778  -0.8043   0.00    0.0
2014/12/13 13:41:30.000  -12.843700121  131.132747443   121.5087   5   7   2.9278   3.4115  10.0021  -1.3746   3.6639  -0.7754   0.00    0.0
2014/12/13 13:42:00.000  -12.843699935  131.132748920   121.9292   5   7   2.9261   3.4058   9.9571  -1.3656   3.6496  -0.7444   0.00    0.0
2014/12/13 13:42:30.000  -12.843700041  131.132748800   122.1506   5   7   2.9244   3.4001   9.9112  -1.3565   3.6349  -0.7111   0.00    0.0
2014/12/13 13:43:00.000  -12.843700435  131.132748461   122.1313   5   7   2.9228   3.3943   9.8645  -1.3472   3.6198  -0.6753   0.00    0.0
2014/12/13 13:43:30.000  -12.843701569  131.132750200   122.2517   5   7   2.9213   3.3885   9.8169  -1.3378   3.6043  -0.6365   0.00    0.0
2014/12/13 13:44:00.000  -12.843700740  131.132749055   121.9149   5   7   2.9198   3.3827   9.7685  -1.3282   3.5885  -0.5942   0.00    0.0
2014/12/13 13:44:30.000  -12.843699849  131.132747846   121.4822   5   7   2.9184   3.3768   9.7194  -1.3185   3.5725  -0.5477   0.00    0.0
2014/12/13 13:45:00.000  -12.843700655  131.132748110   121.7183   5   7   2.9170   3.3710   9.6696  -1.3086   3.5561  -0.4959   0.00    0.0
2014/12/13 13:45:30.000  -12.843700656  131.132748884   122.2072   5   7   2.9158   3.3651   9.6192  -1.2986   3.5394  -0.4368   0.00    0.0
2014/12/13 13:46:00.000  -12.843701209  131.132750783   122.5751   5   7   2.9145   3.3592   9.5681  -1.2884   3.5226  -0.3671   0.00    0.0
2014/12/13 13:46:30.000  -12.843701745  131.132750383   122.7964   5   7   2.9134   3.3533   9.5165  -1.2781   3.5055  -0.2790   0.00    0.0
2014/12/13 13:47:00.000  -12.843701396  131.132748118   122.9013   5   7   2.9123   3.3475   9.4645  -1.2676   3.4882  -0.1419   0.00    0.0
2014/12/13 13:47:30.000  -12.843701387  131.132747663   122.8187   5   7   2.9113   3.3416   9.4119  -1.2570   3.4707   0.1958   0.00    0.0
2014/12/13 13:48:00.000  -12.843702930  131.132749549   123.5667   5   8   2.7949   2.8119   7.8455  -0.3115   1.6633   2.0585   0.00    0.0
2014/12/13 13:48:30.000  -12.843703412  131.132749609   123.5942   5   8   2.7952   2.8071   7.8172  -0.2831   1.6609   2.0572   0.00    0.0
2014/12/13 13:49:00.000  -12.843703075  131.132749796   123.4724   5   8   2.7956   2.8023   7.7884  -0.2514   1.6584   2.0560   0.00    0.0
2014/12/13 13:49:30.000  -12.843702311  131.132749432   123.3017   5   8   2.7961   2.7976   7.7594  -0.2150   1.6559   2.0549   0.00    0.0
2014/12/13 13:50:00.000  -12.843705526  131.132746428   124.6945   5   7   3.1735   3.0497   9.0943   1.3447  -1.7706  -1.7227   0.00    0.0
2014/12/13 13:50:30.000  -12.843705870  131.132747659   124.4152   5   7   3.1769   3.0434   9.0733   1.3509  -1.7689  -1.7354   0.00    0.0
2014/12/13 13:51:00.000  -12.843705997  131.132747550   124.9107   5   7   3.1804   3.0372   9.0514   1.3572  -1.7668  -1.7474   0.00    0.0
2014/12/13 13:51:30.000  -12.843705081  131.132747358   124.9472   5   7   3.1840   3.0310   9.0288   1.3634  -1.7644  -1.7586   0.00    0.0
2014/12/13 13:52:00.000  -12.843704409  131.132747316   124.7548   5   7   3.1876   3.0249   9.0053   1.3697  -1.7616  -1.7691   0.00    0.0
2014/12/13 13:52:30.000  -12.843704686  131.132747481   124.7862   5   7   3.1913   3.0189   8.9810   1.3759  -1.7584  -1.7788   0.00    0.0
2014/12/13 13:53:00.000  -12.843704893  131.132748663   124.5130   5   7   3.1951   3.0129   8.9559   1.3822  -1.7549  -1.7879   0.00    0.0
2014/12/13 13:53:30.000  -12.843704169  131.132748087   124.3794   5   7   3.1990   3.0070   8.9301   1.3884  -1.7510  -1.7963   0.00    0.0
2014/12/13 13:54:00.000  -12.843703916  131.132747480   124.6934   5   7   3.2030   3.0012   8.9036   1.3946  -1.7467  -1.8039   0.00    0.0
2014/12/13 13:54:30.000  -12.843704177  131.132747353   124.7660   5   7   3.2070   2.9954   8.8763   1.4008  -1.7420  -1.8109   0.00    0.0
2014/12/13 13:55:00.000  -12.843705163  131.132747030   125.0023   5   7   3.2111   2.9896   8.8484   1.4070  -1.7370  -1.8171   0.00    0.0
2014/12/13 13:55:30.000  -12.843705844  131.132746636   125.1102   5   7   3.2153   2.9840   8.8197   1.4132  -1.7316  -1.8227   0.00    0.0
2014/12/13 13:56:00.000  -12.843705146  131.132746902   125.1858   5   7   3.2196   2.9783   8.7904   1.4194  -1.7258  -1.8277   0.00    0.0
2014/12/13 13:56:30.000  -12.843703689  131.132746913   124.9335   5   7   3.2239   2.9728   8.7605   1.4256  -1.7196  -1.8319   0.00    0.0
2014/12/13 13:57:00.000  -12.843704020  131.132747519   125.0647   5   7   3.2283   2.9673   8.7299   1.4317  -1.7131  -1.8355   0.00    0.0
2014/12/13 13:57:30.000  -12.843704118  131.132748152   125.1832   5   7   3.2327   2.9618   8.6988   1.4379  -1.7062  -1.8385   0.00    0.0
2014/12/13 13:58:00.000  -12.843703905  131.132747850   125.2362   5   7   3.2373   2.9564   8.6670   1.4440  -1.6989  -1.8408   0.00    0.0
2014/12/13 13:58:30.000  -12.843703307  131.132748141   125.3299   5   7   3.2419   2.9510   8.6348   1.4501  -1.6913  -1.8425   0.00    0.0
2014/12/13 13:59:00.000  -12.843702698  131.132747323   125.0604   5   7   3.2465   2.9457   8.6020   1.4562  -1.6832  -1.8436   0.00    0.0
2014/12/13 13:59:30.000  -12.843703130  131.132746727   125.2376   5   7   3.2512   2.9405   8.5686   1.4623  -1.6749  -1.8441   0.00    0.0
2014/12/13 14:00:00.000  -12.843704038  131.132746232   125.4335   5   7   3.2560   2.9353   8.5349   1.4684  -1.6661  -1.8439   0.00    0.0
2014/12/13 14:00:30.000  -12.843703975  131.132746253   125.2237   5   7   3.2609   2.9302   8.5006   1.4745  -1.6570  -1.8432   0.00    0.0
2014/12/13 14:01:00.000  -12.843704592  131.132746020   125.3581   5   7   3.2658   2.9251   8.4659   1.4806  -1.6475  -1.8419   0.00    0.0
2014/12/13 14:01:30.000  -12.843704415  131.132746495   125.1011   5   7   3.2708   2.9200   8.4308   1.4866  -1.6376  -1.8400   0.00    0.0
2014/12/13 14:02:00.000  -12.843704118  131.132745999   125.1695   5   7   3.2758   2.9151   8.3953   1.4927  -1.6274  -1.8375   0.00    0.0
2014/12/13 14:02:30.000  -12.843704530  131.132745803   125.3010   5   7   3.2809   2.9101   8.3595   1.4987  -1.6168  -1.8344   0.00    0.0
2014/12/13 14:03:00.000  -12.843704108  131.132746519   125.3299   5   7   3.2861   2.9053   8.3233   1.5047  -1.6059  -1.8308   0.00    0.0
2014/12/13 14:03:30.000  -12.843704005  131.132746386   125.3239   5   7   3.2913   2.9004   8.2868   1.5107  -1.5946  -1.8266   0.00    0.0
2014/12/13 14:04:00.000  -12.843704061  131.132746485   125.4056   5   7   3.2966   2.8957   8.2500   1.5167  -1.5829  -1.8218   0.00    0.0
2014/12/13 14:04:30.000  -12.843707254  131.132743388   124.2124   5   8   3.1715   2.8156   7.5359   1.3101  -2.1469  -2.5100   0.00    0.0
2014/12/13 14:05:00.000  -12.843706439  131.132743200   124.6043   5   8   3.1739   2.8094   7.5131   1.3121  -2.1361  -2.5053   0.00    0.0
2014/12/13 14:05:30.000  -12.843706445  131.132743188   124.8219   5   8   3.1763   2.8032   7.4898   1.3140  -2.1251  -2.5002   0.00    0.0
2014/12/13 14:06:00.000  -12.843706803  131.132743971   125.0141   5   8   3.1787   2.7970   7.4663   1.3158  -2.1138  -2.4947   0.00    0.0
2014/12/13 14:06:30.000  -12.843707464  131.132744039   125.2453   5   8   3.1810   2.7908   7.4423   1.3175  -2.1021  -2.4888   0.00    0.0
2014/12/13 14:07:00.000  -12.843708141  131.132743835   125.5042   5   8   3.1833   2.7846   7.4180   1.3192  -2.0902  -2.4824   0.00    0.0
2014/12/13 14:07:30.000  -12.843707343  131.132743888   125.2446   5   8   3.1856   2.7785   7.3934   1.3207  -2.0780  -2.4756   0.00    0.0
2014/12/13 14:08:00.000  -12.843707137  131.132743903   125.0304   5   8   3.1879   2.7724   7.3685   1.3221  -2.0655  -2.4683   0.00    0.0
2014/12/13 14:08:30.000  -12.843707240  131.132743817   124.9470   5   8   3.1902   2.7663   7.3432   1.3235  -2.0528  -2.4607   0.00    0.0
2014/12/13 14:09:00.000  -12.843706907  131.132743100   125.1757   5   8   3.1924   2.7602   7.3177   1.3248  -2.0397  -2.4526   0.00    0.0
2014/12/13 14:09:30.000  -12.843706145  131.132742902   125.1221   5   8   3.1946   2.7541   7.2919   1.3259  -2.0263  -2.4441   0.00    0.0
2014/12/13 14:10:00.000  -12.843707174  131.132743351   125.2635   5   8   3.1968   2.7481   7.2659   1.3270  -2.0127  -2.4352   0.00    0.0
2014/12/13 14:10:30.000  -12.843707155  131.132742560   125.3618   5   8   3.1990   2.7421   7.2397   1.3281  -1.9988  -2.4260   0.00    0.0
2014/12/13 14:11:00.000  -12.843706720  131.132742349   125.2721   5   8   3.2011   2.7361   7.2132   1.3290  -1.9847  -2.4163   0.00    0.0
2014/12/13 14:11:30.000  -12.843707192  131.132743002   125.4116   5   8   3.2033   2.7302   7.1865   1.3298  -1.9702  -2.4062   0.00    0.0
2014/12/13 14:12:00.000  -12.843707390  131.132743848   125.4789   5   8   3.2054   2.7242   7.1596   1.3306  -1.9555  -2.3958   0.00    0.0
2014/12/13 14:12:30.000  -12.843707069  131.132744054   125.3330   5   8   3.2075   2.7183   7.1326   1.3313  -1.9406  -2.3850   0.00    0.0
2014/12/13 14:13:00.000  -12.843707554  131.132743718   125.3989   5   8   3.2095   2.7124   7.1054   1.3320  -1.9254  -2.3738   0.00    0.0
2014/12/13 14:13:30.000  -12.843708950  131.132743862   125.7180   5   8   3.2116   2.7065   7.0780   1.3325  -1.9099  -2.3622   0.00    0.0
2014/12/13 14:14:00.000  -12.843707930  131.132743638   125.5494   5   8   3.2136   2.7007   7.0506   1.3330  -1.8941  -2.3503   0.00    0.0
2014/12/13 14:14:30.000  -12.843707790  131.132743183   125.3837   5   8   3.2156   2.6949   7.0230   1.3335  -1.8781  -2.3380   0.00    0.0
2014/12/13 14:15:00.000  -12.843708218  131.132741275   125.4070   5   8   3.2176   2.6891   6.9953   1.3338  -1.8619  -2.3254   0.00    0.0
2014/12/13 14:15:30.000  -12.843708561  131.132740316   125.7100   5   8   3.2196   2.6833   6.9675   1.3342  -1.8454  -2.3123   0.00    0.0
2014/12/13 14:16:00.000  -12.843707156  131.132740941   125.5419   5   8   3.2216   2.6776   6.9397   1.3344  -1.8286  -2.2990   0.00    0.0
2014/12/13 14:16:30.000  -12.843705229  131.132741334   125.7424   5   8   3.2235   2.6719   6.9118   1.3346  -1.8116  -2.2853   0.00    0.0
2014/12/13 14:17:00.000  -12.843706026  131.132741584   125.8195   5   8   3.2254   2.6662   6.8839   1.3348  -1.7943  -2.2713   0.00    0.0
2014/12/13 14:17:30.000  -12.843708071  131.132742700   125.7281   5   8   3.2273   2.6606   6.8559   1.3349  -1.7768  -2.2569   0.00    0.0
2014/12/13 14:18:00.000  -12.843708668  131.132744649   125.6863   5   8   3.2292   2.6550   6.8280   1.3349  -1.7591  -2.2422   0.00    0.0
2014/12/13 14:18:30.000  -12.843707049  131.132744901   125.7876   5   8   3.2310   2.6494   6.8000   1.3349  -1.7411  -2.2271   0.00    0.0
2014/12/13 14:19:00.000  -12.843705430  131.132743649   125.5389   5   8   3.2329   2.6439   6.7720   1.3349  -1.7228  -2.2118   0.00    0.0
2014/12/13 14:19:30.000  -12.843705005  131.132743849   125.2163   5   8   3.2347   2.6384   6.7441   1.3348  -1.7043  -2.1961   0.00    0.0
2014/12/13 14:20:00.000  -12.843704355  131.132743374   125.1278   5   8   3.2365   2.6329   6.7162   1.3347  -1.6856  -2.1801   0.00    0.0
2014/12/13 14:20:30.000  -12.843704451  131.132742865   125.1218   5   8   3.2383   2.6274   6.6884   1.3345  -1.6666  -2.1637   0.00    0.0
2014/12/13 14:21:00.000  -12.843705112  131.132742324   125.1596   5   8   3.2400   2.6220   6.6606   1.3343  -1.6473  -2.1471   0.00    0.0
2014/12/13 14:21:30.000  -12.843706311  131.132740698   125.5762   5   8   3.2418   2.6166   6.6329   1.3341  -1.6278  -2.1301   0.00    0.0
2014/12/13 14:22:00.000  -12.843707468  131.132740573   125.6905   5   8   3.2435   2.6113   6.6052   1.3338  -1.6080  -2.1128   0.00    0.0
2014/12/13 14:22:30.000  -12.843708564  131.132742171   125.5687   5   8   3.2452   2.6060   6.5777   1.3335  -1.5879  -2.0952   0.00    0.0
2014/12/13 14:23:00.000  -12.843708600  131.132742356   125.7683   5   8   3.2469   2.6007   6.5502   1.3332  -1.5676  -2.0773   0.00    0.0
2014/12/13 14:23:30.000  -12.843707276  131.132743343   125.7809   5   8   3.2486   2.5955   6.5229   1.3329  -1.5471  -2.0591   0.00    0.0
2014/12/13 14:24:00.000  -12.843707084  131.132742886   125.9088   5   8   3.2503   2.5903   6.4957   1.3325  -1.5262  -2.0406   0.00    0.0
2014/12/13 14:24:30.000  -12.843707542  131.132742410   126.0863   5   8   3.2519   2.5852   6.4686   1.3321  -1.5051  -2.0217   0.00    0.0
2014/12/13 14:25:00.000  -12.843707639  131.132742494   126.0825   5   8   3.2535   2.5801   6.4417   1.3317  -1.4836  -2.0026   0.00    0.0
2014/12/13 14:25:30.000  -12.843707878  131.132742630   125.7627   5   8   3.2551   2.5750   6.4149   1.3313  -1.4619  -1.9831   0.00    0.0
2014/12/13 14:26:00.000  -12.843707335  131.132742945   125.4274   5   8   3.2567   2.5700   6.3882   1.3309  -1.4399  -1.9633   0.00    0.0
2014/12/13 14:26:30.000  -12.843707773  131.132742477   125.3063   5   8   3.2582   2.5650   6.3618   1.3304  -1.4175  -1.9432   0.00    0.0
2014/12/13 14:27:00.000  -12.843707927  131.132741466   125.4278   5   8   3.2598   2.5601   6.3355   1.3300  -1.3949  -1.9228   0.00    0.0
2014/12/13 14:27:30.000  -12.843707440  131.132740538   125.6017   5   8   3.2613   2.5552   6.3094   1.3295  -1.3719  -1.9021   0.00    0.0
2014/12/13 14:28:00.000  -12.843706059  131.132740135   125.8805   5   8   3.2628   2.5503   6.2834   1.3290  -1.3485  -1.8810   0.00    0.0
2014/12/13 14:28:30.000  -12.843704238  131.132740660   125.8767   5   8   3.2643   2.5455   6.2577   1.3286  -1.3248  -1.8596   0.00    0.0
2014/12/13 14:29:00.000  -12.843705051  131.132742464   125.9644   5   8   3.2658   2.5407   6.2322   1.3281  -1.3007  -1.8379   0.00    0.0
2014/12/13 14:29:30.000  -12.843706458  131.132742585   126.0571   5   8   3.2672   2.5360   6.2068   1.3276  -1.2762  -1.8159   0.00    0.0
2014/12/13 14:30:00.000  -12.843706848  131.132742255   125.8938   5   8   3.2686   2.5313   6.1817   1.3271  -1.2513  -1.7935   0.00    0.0
2014/12/13 14:30:30.000  -12.843706786  131.132742308   125.6931   5   8   3.2700   2.5267   6.1568   1.3266  -1.2259  -1.7707   0.00    0.0
2014/12/13 14:31:00.000  -12.843706697  131.132742602   125.5930   5   8   3.2714   2.5221   6.1322   1.3261  -1.2001  -1.7476   0.00    0.0
2014/12/13 14:31:30.000  -12.843706560  131.132742094   125.5018   5   8   3.2727   2.5176   6.1077   1.3257  -1.1738  -1.7242   0.00    0.0
2014/12/13 14:32:00.000  -12.843707985  131.132742141   125.5903   5   8   3.2740   2.5131   6.0835   1.3252  -1.1470  -1.7004   0.00    0.0
2014/12/13 14:32:30.000  -12.843707708  131.132742144   125.5015   5   8   3.2753   2.5087   6.0596   1.3247  -1.1196  -1.6762   0.00    0.0
2014/12/13 14:33:00.000  -12.843707335  131.132742203   125.4638   5   8   3.2766   2.5043   6.0358   1.3243  -1.0916  -1.6516   0.00    0.0
2014/12/13 14:33:30.000  -12.843706660  131.132742097   125.5529   5   8   3.2778   2.4999   6.0124   1.3238  -1.0630  -1.6266   0.00    0.0
2014/12/13 14:34:00.000  -12.843706430  131.132741689   125.7954   5   8   3.2790   2.4957   5.9892   1.3234  -1.0336  -1.6012   0.00    0.0
2014/12/13 14:34:30.000  -12.843706226  131.132742180   125.7894   5   8   3.2802   2.4914   5.9662   1.3230  -1.0036  -1.5754   0.00    0.0
2014/12/13 14:35:00.000  -12.843706459  131.132742694   125.6554   5   8   3.2814   2.4872   5.9435   1.3226  -0.9727  -1.5491   0.00    0.0
2014/12/13 14:35:30.000  -12.843706615  131.132743518   125.8104   5   8   3.2825   2.4831   5.9210   1.3222  -0.9409  -1.5224   0.00    0.0
2014/12/13 14:36:00.000  -12.843705770  131.132743285   125.7941   5   8   3.2836   2.4790   5.8989   1.3218  -0.9081  -1.4952   0.00    0.0
2014/12/13 14:36:30.000  -12.843705996  131.132742663   125.8176   5   8   3.2846   2.4750   5.8770   1.3214  -0.8742  -1.4676   0.00    0.0
2014/12/13 14:37:00.000  -12.843706851  131.132742638   126.0149   5   8   3.2856   2.4710   5.8553   1.3211  -0.8390  -1.4394   0.00    0.0
2014/12/13 14:37:30.000  -12.843707015  131.132742178   125.9804   5   8   3.2866   2.4670   5.8340   1.3208  -0.8025  -1.4106   0.00    0.0
2014/12/13 14:38:00.000  -12.843707058  131.132741758   125.8172   5   8   3.2876   2.4632   5.8129   1.3204  -0.7644  -1.3813   0.00    0.0
2014/12/13 14:38:30.000  -12.843705306  131.132741722   125.4819   5   8   3.2885   2.4593   5.7921   1.3202  -0.7244  -1.3514   0.00    0.0
2014/12/13 14:39:00.000  -12.843704338  131.132742466   125.6490   5   8   3.2893   2.4556   5.7716   1.3199  -0.6822  -1.3208   0.00    0.0
2014/12/13 14:39:30.000  -12.843703700  131.132741383   125.7785   5   8   3.2902   2.4518   5.7513   1.3197  -0.6375  -1.2896   0.00    0.0
2014/12/13 14:40:00.000  -12.843704223  131.132740801   125.7172   5   8   3.2909   2.4482   5.7314   1.3195  -0.5895  -1.2576   0.00    0.0
2014/12/13 14:40:30.000  -12.843705384  131.132742314   125.8559   5   8   3.2917   2.4446   5.7117   1.3193  -0.5374  -1.2249   0.00    0.0
2014/12/13 14:41:00.000  -12.843706387  131.132743335   125.8244   5   8   3.2924   2.4410   5.6923   1.3191  -0.4800  -1.1914   0.00    0.0
2014/12/13 14:41:30.000  -12.843706566  131.132743383   125.8657   5   8   3.2930   2.4375   5.6732   1.3190  -0.4149  -1.1569   0.00    0.0
2014/12/13 14:42:00.000  -12.843702217  131.132739145   127.1294   5   7   3.4752   2.5897   6.5505   0.8713  -1.7432   1.5517   0.00    0.0
2014/12/13 14:42:30.000  -12.843702710  131.132739317   126.9034   5   7   3.4771   2.5846   6.5337   0.8726  -1.7207   1.5814   0.00    0.0
2014/12/13 14:43:00.000  -12.843697290  131.132742151   126.2135   5   8   2.9048   2.4903   6.0739  -0.7238  -1.1373   2.6676   0.00    0.0
2014/12/13 14:43:30.000  -12.843697614  131.132741926   126.1279   5   8   2.9058   2.4856   6.0691  -0.7205  -1.1144   2.6739   0.00    0.0
2014/12/13 14:44:00.000  -12.843695897  131.132742780   125.9289   5   8   2.9067   2.4809   6.0645  -0.7171  -1.0910   2.6801   0.00    0.0
2014/12/13 14:44:30.000  -12.843695775  131.132743072   125.7676   5   8   2.9075   2.4762   6.0600  -0.7137  -1.0670   2.6862   0.00    0.0
2014/12/13 14:45:00.000  -12.843697494  131.132743105   125.7228   5   8   2.9083   2.4717   6.0556  -0.7101  -1.0425   2.6922   0.00    0.0
2014/12/13 14:45:30.000  -12.843698863  131.132742310   126.0000   5   8   2.9091   2.4671   6.0513  -0.7064  -1.0172   2.6981   0.00    0.0
2014/12/13 14:46:00.000  -12.843698058  131.132742984   126.1684   5   8   2.9098   2.4626   6.0471  -0.7026  -0.9913   2.7038   0.00    0.0
2014/12/13 14:46:30.000  -12.843697734  131.132743273   126.2960   5   8   2.9105   2.4582   6.0429  -0.6987  -0.9646   2.7095   0.00    0.0
2014/12/13 14:47:00.000  -12.843697600  131.132743565   126.1522   5   8   2.9111   2.4538   6.0389  -0.6948  -0.9371   2.7150   0.00    0.0
2014/12/13 14:47:30.000  -12.843698230  131.132743050   126.0380   5   8   2.9117   2.4494   6.0350  -0.6907  -0.9088   2.7205   0.00    0.0
2014/12/13 14:48:00.000  -12.843697939  131.132742940   125.9451   5   8   2.9122   2.4451   6.0312  -0.6864  -0.8794   2.7258   0.00    0.0
2014/12/13 14:48:30.000  -12.843697631  131.132742571   125.9522   5   8   2.9126   2.4409   6.0275  -0.6821  -0.8490   2.7310   0.00    0.0
2014/12/13 14:49:00.000  -12.843696442  131.132741802   126.1613   5   8   2.9130   2.4366   6.0239  -0.6777  -0.8174   2.7361   0.00    0.0
2014/12/13 14:49:30.000  -12.843692546  131.132727399   128.8728   5   8   2.8984   2.1815   5.7925  -0.3686   1.0725   2.6514   0.00    0.0
2014/12/13 14:50:00.000  -12.843692751  131.132727753   128.8172   5   8   2.8990   2.1804   5.7918  -0.3685   1.0866   2.6581   0.00    0.0
2014/12/13 14:50:30.000  -12.843693514  131.132728219   128.5744   5   8   2.8996   2.1793   5.7911  -0.3683   1.1006   2.6647   0.00    0.0
2014/12/13 14:51:00.000  -12.843692646  131.132729218   128.7628   5   8   2.9001   2.1783   5.7905  -0.3679   1.1146   2.6712   0.00    0.0
2014/12/13 14:51:30.000  -12.843692345  131.132730779   128.7881   5   8   2.9006   2.1773   5.7900  -0.3672   1.1285   2.6775   0.00    0.0
2014/12/13 14:52:00.000  -12.843692907  131.132731044   128.8928   5   8   2.9009   2.1764   5.7896  -0.3663   1.1423   2.6837   0.00    0.0
2014/12/13 14:52:30.000  -12.843693348  131.132730804   128.8198   5   8   2.9012   2.1755   5.7892  -0.3652   1.1561   2.6897   0.00    0.0
2014/12/13 14:53:00.000  -12.843693655  131.132730496   128.5651   5   8   2.9014   2.1746   5.7889  -0.3639   1.1699   2.6955   0.00    0.0
2014/12/13 14:53:30.000  -12.843692927  131.132730102   128.4594   5   8   2.9015   2.1738   5.7886  -0.3624   1.1836   2.7012   0.00    0.0
2014/12/13 14:54:00.000  -12.843691791  131.132730822   128.4937   5   8   2.9015   2.1730   5.7884  -0.3606   1.1972   2.7067   0.00    0.0
2014/12/13 14:54:30.000  -12.843692277  131.132730984   128.6442   5   8   2.9015   2.1722   5.7882  -0.3587   1.2108   2.7120   0.00    0.0
2014/12/13 14:55:00.000  -12.843692583  131.132730438   128.5809   5   8   2.9014   2.1715   5.7881  -0.3565   1.2244   2.7172   0.00    0.0
2014/12/13 14:55:30.000  -12.843691655  131.132730964   128.7697   5   8   2.9011   2.1708   5.7880  -0.3540   1.2379   2.7221   0.00    0.0
2014/12/13 14:56:00.000  -12.843690959  131.132729577   129.0408   5   8   2.9008   2.1702   5.7880  -0.3514   1.2514   2.7270   0.00    0.0
2014/12/13 14:56:30.000  -12.843691907  131.132729847   128.9116   5   8   2.9004   2.1696   5.7880  -0.3484   1.2649   2.7316   0.00    0.0
2014/12/13 14:57:00.000  -12.843692153  131.132730298   128.7696   5   8   2.8999   2.1690   5.7880  -0.3453   1.2783   2.7361   0.00    0.0
2014/12/13 14:57:30.000  -12.843691878  131.132731530   128.3300   5   8   2.8993   2.1685   5.7881  -0.3419   1.2917   2.7403   0.00    0.0
2014/12/13 14:58:00.000  -12.843692807  131.132732342   128.3711   5   8   2.8986   2.1680   5.7881  -0.3382   1.3051   2.7444   0.00    0.0
2014/12/13 14:58:30.000  -12.843692952  131.132732039   128.6554   5   8   2.8978   2.1676   5.7882  -0.3343   1.3184   2.7483   0.00    0.0
2014/12/13 14:59:00.000  -12.843692689  131.132730582   128.8321   5   8   2.8968   2.1672   5.7884  -0.3301   1.3317   2.7520   0.00    0.0
2014/12/13 14:59:30.000  -12.843693248  131.132731123   128.7770   5   8   2.8958   2.1668   5.7885  -0.3256   1.3450   2.7555   0.00    0.0
2014/12/13 15:00:00.000  -12.843691577  131.132732249   128.7011   5   8   2.8947   2.1665   5.7886  -0.3208   1.3582   2.7589   0.00    0.0
2014/12/13 15:00:30.000  -12.843691593  131.132732641   128.4380   5   8   2.8935   2.1662   5.7888  -0.3158   1.3714   2.7620   0.00    0.0
2014/12/13 15:01:00.000  -12.843692654  131.132733077   128.3290   5   8   2.8922   2.1660   5.7889  -0.3104   1.3846   2.7649   0.00    0.0
2014/12/13 15:01:30.000  -12.843693579  131.132735129   128.5135   5   8   2.8907   2.1658   5.7891  -0.3047   1.3977   2.7677   0.00    0.0
2014/12/13 15:02:00.000  -12.843692322  131.132735540   128.6938   5   8   2.8892   2.1656   5.7892  -0.2987   1.4109   2.7702   0.00    0.0
2014/12/13 15:02:30.000  -12.843691258  131.132734634   128.8828   5   8   2.8875   2.1655   5.7894  -0.2923   1.4240   2.7725   0.00    0.0
2014/12/13 15:03:00.000  -12.843691618  131.132734104   128.9937   5   8   2.8857   2.1654   5.7895  -0.2855   1.4370   2.7746   0.00    0.0
2014/12/13 15:03:30.000  -12.843692627  131.132733289   128.9502   5   8   2.8839   2.1654   5.7896  -0.2783   1.4501   2.7765   0.00    0.0
2014/12/13 15:04:00.000  -12.843699829  131.132731440   128.9767   5   8   2.7146   2.1582   5.7822  -0.4940   1.4808   2.8291   0.00    0.0
2014/12/13 15:04:30.000  -12.843700006  131.132732156   128.8352   5   8   2.7137   2.1581   5.7829  -0.4903   1.4930   2.8282   0.00    0.0
2014/12/13 15:05:00.000  -12.843699528  131.132733740   128.7630   5   8   2.7127   2.1580   5.7836  -0.4865   1.5052   2.8272   0.00    0.0
2014/12/13 15:05:30.000  -12.843698242  131.132734409   128.8062   5   8   2.7116   2.1580   5.7842  -0.4825   1.5173   2.8259   0.00    0.0
2014/12/13 15:06:00.000  -12.843698041  131.132734670   128.8305   5   8   2.7104   2.1581   5.7847  -0.4784   1.5295   2.8245   0.00    0.0
2014/12/13 15:06:30.000  -12.843698424  131.132734387   128.8479   5   8   2.7091   2.1582   5.7852  -0.4741   1.5416   2.8228   0.00    0.0
2014/12/13 15:07:00.000  -12.843699023  131.132734189   128.8096   5   8   2.7077   2.1583   5.7857  -0.4697   1.5537   2.8211   0.00    0.0
2014/12/13 15:07:30.000  -12.843699990  131.132734013   128.8582   5   8   2.7061   2.1584   5.7860  -0.4651   1.5658   2.8191   0.00    0.0
2014/12/13 15:08:00.000  -12.843699918  131.132733583   128.8940   5   8   2.7045   2.1586   5.7863  -0.4604   1.5779   2.8169   0.00    0.0
2014/12/13 15:08:30.000  -12.843700070  131.132734116   128.7208   5   8   2.7027   2.1588   5.7865  -0.4555   1.5899   2.8146   0.00    0.0
2014/12/13 15:09:00.000  -12.843700101  131.132733348   128.5432   5   8   2.7008   2.1591   5.7867  -0.4505   1.6019   2.8120   0.00    0.0
2014/12/13 15:09:30.000  -12.843699629  131.132732899   128.6594   5   8   2.6989   2.1594   5.7867  -0.4453   1.6139   2.8093   0.00    0.0
2014/12/13 15:10:00.000  -12.843687824  131.132730901   129.8338   5   8   2.4390   2.1487   5.6400   0.2384   1.7103   2.5271   0.00    0.0
2014/12/13 15:10:30.000  -12.843686258  131.132732508   129.8855   5   8   2.4366   2.1491   5.6388   0.2493   1.7221   2.5225   0.00    0.0
2014/12/13 15:11:00.000  -12.843687090  131.132732413   129.9379   5   8   2.4343   2.1494   5.6375   0.2599   1.7339   2.5179   0.00    0.0
2014/12/13 15:11:30.000  -12.843689831  131.132727952   127.9837   5   8   2.4268   2.1169   5.3988   0.1191   1.5621   2.4622   0.00    0.0
2014/12/13 15:12:00.000  -12.843690671  131.132726916   127.7754   5   8   2.4247   2.1171   5.4009   0.1484   1.5760   2.4599   0.00    0.0
2014/12/13 15:12:30.000  -12.843691046  131.132726958   127.9741   5   8   2.4226   2.1175   5.4029   0.1729   1.5898   2.4575   0.00    0.0
2014/12/13 15:13:00.000  -12.843698499  131.132722636   126.1754   5   9   2.1994   2.0192   4.7225  -0.7797   0.9441   1.8358   0.00    0.0
2014/12/13 15:13:30.000  -12.843698563  131.132722541   126.1073   5   9   2.1963   2.0185   4.7233  -0.7772   0.9617   1.8307   0.00    0.0
2014/12/13 15:14:00.000  -12.843697787  131.132721599   126.3944   5   9   2.1933   2.0179   4.7241  -0.7747   0.9790   1.8254   0.00    0.0
2014/12/13 15:14:30.000  -12.843696379  131.132721580   126.5627   5   9   2.1902   2.0174   4.7251  -0.7722   0.9962   1.8201   0.00    0.0
2014/12/13 15:15:00.000  -12.843695742  131.132722848   126.4503   5   9   2.1871   2.0169   4.7260  -0.7697   1.0131   1.8147   0.00    0.0
2014/12/13 15:15:30.000  -12.843695928  131.132723195   126.4560   5   9   2.1839   2.0164   4.7270  -0.7671   1.0298   1.8092   0.00    0.0
2014/12/13 15:16:00.000  -12.843696349  131.132723580   126.3495   5   9   2.1807   2.0159   4.7281  -0.7645   1.0463   1.8037   0.00    0.0
2014/12/13 15:16:30.000  -12.843696172  131.132723480   126.4152   5   9   2.1774   2.0155   4.7292  -0.7619   1.0626   1.7980   0.00    0.0
2014/12/13 15:17:00.000  -12.843696864  131.132724433   126.6144   5   9   2.1741   2.0152   4.7304  -0.7592   1.0787   1.7923   0.00    0.0
2014/12/13 15:17:30.000  -12.843697205  131.132724606   126.4621   5   9   2.1708   2.0148   4.7316  -0.7565   1.0947   1.7864   0.00    0.0
2014/12/13 15:18:00.000  -12.843695976  131.132725010   126.4266   5   9   2.1674   2.0145   4.7329  -0.7538   1.1105   1.7805   0.00    0.0
2014/12/13 15:18:30.000  -12.843694293  131.132724142   126.4751   5   9   2.1640   2.0143   4.7342  -0.7510   1.1261   1.7745   0.00    0.0
2014/12/13 15:19:00.000  -12.843694659  131.132724231   126.5482   5   9   2.1605   2.0141   4.7356  -0.7483   1.1416   1.7684   0.00    0.0
2014/12/13 15:19:30.000  -12.843698567  131.132726323   125.1213   5   9   2.1371   2.0060   4.5612  -0.7098   1.2512   1.6528   0.00    0.0
2014/12/13 15:20:00.000  -12.843698538  131.132725017   125.2673   5   9   2.1334   2.0061   4.5633  -0.7072   1.2640   1.6458   0.00    0.0
2014/12/13 15:20:30.000  -12.843698554  131.132724855   125.2158   5   9   2.1297   2.0062   4.5654  -0.7045   1.2767   1.6388   0.00    0.0
2014/12/13 15:21:00.000  -12.843698337  131.132725413   125.2802   5   9   2.1259   2.0063   4.5676  -0.7018   1.2894   1.6318   0.00    0.0
2014/12/13 15:21:30.000  -12.843698259  131.132725475   125.1786   5   9   2.1221   2.0065   4.5698  -0.6991   1.3019   1.6247   0.00    0.0
2014/12/13 15:22:00.000  -12.843698903  131.132726244   125.1671   5   9   2.1183   2.0067   4.5722  -0.6964   1.3145   1.6175   0.00    0.0
2014/12/13 15:22:30.000  -12.843699593  131.132727246   125.1829   5   9   2.1145   2.0069   4.5746  -0.6937   1.3269   1.6103   0.00    0.0
2014/12/13 15:23:00.000  -12.843700752  131.132726994   125.1110   5   9   2.1107   2.0072   4.5771  -0.6909   1.3393   1.6030   0.00    0.0
2014/12/13 15:23:30.000  -12.843699820  131.132726870   125.0996   5   9   2.1068   2.0075   4.5797  -0.6882   1.3516   1.5957   0.00    0.0
2014/12/13 15:24:00.000  -12.843696174  131.132732535   125.0212   5   9   2.0910   1.9791   4.5809  -0.7384   1.3783   1.5966   0.00    0.0
2014/12/13 15:24:30.000  -12.843696195  131.132731610   125.1377   5   9   2.0876   1.9798   4.5834  -0.7344   1.3915   1.5897   0.00    0.0
2014/12/13 15:25:00.000  -12.843696742  131.132731661   125.2052   5   9   2.0842   1.9805   4.5859  -0.7304   1.4046   1.5828   0.00    0.0
2014/12/13 15:25:30.000  -12.843696346  131.132731131   125.1029   5   9   2.0807   1.9813   4.5885  -0.7265   1.4176   1.5757   0.00    0.0
2014/12/13 15:26:00.000  -12.843695883  131.132731676   125.2726   5   9   2.0772   1.9821   4.5912  -0.7225   1.4305   1.5686   0.00    0.0
2014/12/13 15:26:30.000  -12.843696298  131.132731675   125.1401   5   9   2.0736   1.9829   4.5939  -0.7185   1.4433   1.5615   0.00    0.0
2014/12/13 15:27:00.000  -12.843696972  131.132731521   124.8307   5   9   2.0701   1.9837   4.5967  -0.7145   1.4560   1.5542   0.00    0.0
2014/12/13 15:27:30.000  -12.843697772  131.132730919   124.6219   5   9   2.0665   1.9846   4.5996  -0.7105   1.4686   1.5469   0.00    0.0
2014/12/13 15:28:00.000  -12.843697776  131.132730277   124.5926   5   9   2.0628   1.9856   4.6025  -0.7065   1.4811   1.5396   0.00    0.0
2014/12/13 15:28:30.000  -12.843698344  131.132730680   124.6198   5   9   2.0592   1.9866   4.6055  -0.7025   1.4935   1.5321   0.00    0.0
2014/12/13 15:29:00.000  -12.843698315  131.132731302   124.7820   5   9   2.0555   1.9876   4.6085  -0.6985   1.5059   1.5246   0.00    0.0
2014/12/13 15:29:30.000  -12.843698824  131.132731430   124.9511   5   9   2.0518   1.9886   4.6116  -0.6945   1.5181   1.5171   0.00    0.0
2014/12/13 15:30:00.000  -12.843698759  131.132730691   125.0683   5   9   2.0481   1.9897   4.6148  -0.6905   1.5303   1.5095   0.00    0.0
2014/12/13 15:30:30.000  -12.843698798  131.132730978   124.8947   5   9   2.0443   1.9908   4.6180  -0.6865   1.5423   1.5019   0.00    0.0
2014/12/13 15:31:00.000  -12.843698018  131.132730037   124.5772   5   9   2.0405   1.9920   4.6214  -0.6825   1.5543   1.4942   0.00    0.0
2014/12/13 15:31:30.000  -12.843696465  131.132730146   124.3822   5   9   2.0367   1.9932   4.6247  -0.6784   1.5662   1.4864   0.00    0.0
2014/12/13 15:32:00.000  -12.843696662  131.132730558   124.7022   5   9   2.0329   1.9944   4.6282  -0.6744   1.5780   1.4786   0.00    0.0
2014/12/13 15:32:30.000  -12.843691587  131.132735543   126.4201   5   9   1.9299   1.9358   4.3274  -0.8680   1.3139   1.0625   0.00    0.0
2014/12/13 15:33:00.000  -12.843698557  131.132740945   127.5200   5   9   1.8234   1.8610   4.2143  -0.6418   1.1055   1.3229   0.00    0.0
2014/12/13 15:33:30.000  -12.843699252  131.132742082   127.6158   5   9   1.8213   1.8627   4.2197  -0.6383   1.1223   1.3194   0.00    0.0
2014/12/13 15:34:00.000  -12.843699312  131.132746346   128.0321   5   9   1.8176   1.7792   4.1984  -0.6682   1.0160   1.3017   0.00    0.0
2014/12/13 15:34:30.000  -12.843699661  131.132744946   128.0249   5   9   1.8154   1.7811   4.2035  -0.6660   1.0332   1.2975   0.00    0.0
2014/12/13 15:35:00.000  -12.843699734  131.132744495   127.9529   5   9   1.8132   1.7831   4.2087  -0.6638   1.0503   1.2932   0.00    0.0
2014/12/13 15:35:30.000  -12.843698405  131.132744279   127.8398   5   9   1.8110   1.7851   4.2140  -0.6616   1.0671   1.2889   0.00    0.0
2014/12/13 15:36:00.000  -12.843697581  131.132744176   127.8198   5   9   1.8088   1.7871   4.2193  -0.6594   1.0839   1.2846   0.00    0.0
2014/12/13 15:36:30.000  -12.843697273  131.132745085   127.8992   5   9   1.8066   1.7892   4.2248  -0.6571   1.1004   1.2802   0.00    0.0
2014/12/13 15:37:00.000  -12.843697945  131.132748061   127.3236   5   8   1.8156   2.0791   4.5336  -0.4652  -0.6878   1.1400   0.00    0.0
2014/12/13 15:37:30.000  -12.843698698  131.132748683   127.3548   5   8   1.8139   2.0773   4.5395  -0.4588  -0.6532   1.1318   0.00    0.0
2014/12/13 15:38:00.000  -12.843697850  131.132748085   127.0606   5   7   2.3103   2.1928   5.4223  -1.1035   1.3076  -1.7246   0.00    0.0
2014/12/13 15:38:30.000  -12.843698026  131.132748954   127.0320   5   7   2.3124   2.1923   5.4553  -1.1047   1.3422  -1.7556   0.00    0.0
2014/12/13 15:39:00.000  -12.843699224  131.132750117   127.0939   5   7   2.3145   2.1919   5.4891  -1.1060   1.3766  -1.7867   0.00    0.0
2014/12/13 15:39:30.000  -12.843699857  131.132750057   127.2187   5   7   2.3168   2.1917   5.5238  -1.1076   1.4106  -1.8178   0.00    0.0
2014/12/13 15:40:00.000  -12.843699589  131.132749667   127.1891   5   7   2.3191   2.1917   5.5593  -1.1095   1.4445  -1.8491   0.00    0.0
2014/12/13 15:40:30.000  -12.843698974  131.132748811   127.1993   5   7   2.3216   2.1917   5.5957  -1.1116   1.4781  -1.8805   0.00    0.0
2014/12/13 15:41:00.000  -12.843698446  131.132748810   127.4051   5   7   2.3242   2.1919   5.6330  -1.1139   1.5116  -1.9120   0.00    0.0
2014/12/13 15:41:30.000  -12.843698235  131.132748423   127.4606   5   7   2.3270   2.1923   5.6712  -1.1165   1.5450  -1.9436   0.00    0.0
2014/12/13 15:42:00.000  -12.843699389  131.132748386   127.4684   5   7   2.3298   2.1928   5.7104  -1.1193   1.5784  -1.9755   0.00    0.0
2014/12/13 15:42:30.000  -12.843699081  131.132747994   127.3632   5   7   2.3328   2.1935   5.7505  -1.1224   1.6116  -2.0075   0.00    0.0
2014/12/13 15:43:00.000  -12.843698606  131.132747582   127.1397   5   7   2.3360   2.1943   5.7916  -1.1257   1.6449  -2.0397   0.00    0.0
2014/12/13 15:43:30.000  -12.843698647  131.132747332   127.1580   5   7   2.3393   2.1952   5.8337  -1.1294   1.6781  -2.0721   0.00    0.0
2014/12/13 15:44:00.000  -12.843699163  131.132746100   127.3560   5   7   2.3427   2.1963   5.8768  -1.1333   1.7114  -2.1047   0.00    0.0
2014/12/13 15:44:30.000  -12.843700277  131.132745644   127.0472   5   8   2.3440   2.0859   5.1028  -1.1686   0.9834  -2.2093   0.00    0.0
2014/12/13 15:45:00.000  -12.843700904  131.132746017   126.8201   5   8   2.3481   2.0845   5.1403  -1.1707   1.0199  -2.2361   0.00    0.0
2014/12/13 15:45:30.000  -12.843700690  131.132745943   126.8934   5   8   2.3523   2.0831   5.1788  -1.1730   1.0558  -2.2631   0.00    0.0
2014/12/13 15:46:00.000  -12.843701032  131.132746112   127.0478   5   8   2.3567   2.0818   5.2181  -1.1755   1.0912  -2.2904   0.00    0.0
2014/12/13 15:46:30.000  -12.843701281  131.132747030   127.3902   5   8   2.3612   2.0807   5.2584  -1.1782   1.1262  -2.3179   0.00    0.0
2014/12/13 15:47:00.000  -12.843700522  131.132747656   127.5353   5   8   2.3659   2.0796   5.2996  -1.1812   1.1609  -2.3458   0.00    0.0
2014/12/13 15:47:30.000  -12.843699810  131.132746748   127.6099   5   8   2.3707   2.0787   5.3417  -1.1843   1.1953  -2.3740   0.00    0.0
2014/12/13 15:48:00.000  -12.843699582  131.132746809   127.6455   5   8   2.3757   2.0779   5.3848  -1.1876   1.2294  -2.4024   0.00    0.0
2014/12/13 15:48:30.000  -12.843699825  131.132746862   127.5884   5   8   2.3808   2.0772   5.4290  -1.1912   1.2634  -2.4312   0.00    0.0
2014/12/13 15:49:00.000  -12.843698606  131.132746930   127.4685   5   8   2.3860   2.0767   5.4741  -1.1950   1.2972  -2.4603   0.00    0.0
2014/12/13 15:49:30.000  -12.843697457  131.132745906   127.0716   5   8   2.3915   2.0762   5.5203  -1.1990   1.3310  -2.4898   0.00    0.0
2014/12/13 15:50:00.000  -12.843698395  131.132745775   126.9803   5   8   2.3971   2.0759   5.5675  -1.2033   1.3646  -2.5196   0.00    0.0
2014/12/13 15:50:30.000  -12.843699084  131.132745835   127.1056   5   8   2.4028   2.0758   5.6159  -1.2078   1.3983  -2.5498   0.00    0.0
2014/12/13 15:51:00.000  -12.843698516  131.132746451   126.8802   5   8   2.4087   2.0757   5.6653  -1.2125   1.4320  -2.5804   0.00    0.0
2014/12/13 15:51:30.000  -12.843697734  131.132747302   126.4906   5   8   2.4149   2.0758   5.7159  -1.2175   1.4657  -2.6113   0.00    0.0
2014/12/13 15:52:00.000  -12.843698219  131.132746554   126.3204   5   8   2.4211   2.0760   5.7676  -1.2228   1.4995  -2.6427   0.00    0.0
2014/12/13 15:52:30.000  -12.843700154  131.132746208   126.5809   5   8   2.4276   2.0764   5.8206  -1.2283   1.5334  -2.6744   0.00    0.0
2014/12/13 15:53:00.000  -12.843701215  131.132745224   126.6777   5   8   2.4343   2.0769   5.8747  -1.2341   1.5675  -2.7066   0.00    0.0
2014/12/13 15:53:30.000  -12.843700941  131.132744563   126.4988   5   8   2.4411   2.0776   5.9301  -1.2401   1.6017  -2.7392   0.00    0.0
2014/12/13 15:54:00.000  -12.843700135  131.132744534   126.3477   5   8   2.4482   2.0784   5.9867  -1.2464   1.6361  -2.7723   0.00    0.0
2014/12/13 15:54:30.000  -12.843699718  131.132743617   126.3784   5   8   2.4555   2.0794   6.0447  -1.2530   1.6707  -2.8058   0.00    0.0
2014/12/13 15:55:00.000  -12.843699970  131.132743340   126.2188   5   8   2.4629   2.0806   6.1039  -1.2599   1.7056  -2.8398   0.00    0.0
2014/12/13 15:55:30.000  -12.843699779  131.132743625   126.1427   5   8   2.4706   2.0819   6.1645  -1.2671   1.7407  -2.8743   0.00    0.0
2014/12/13 15:56:00.000  -12.843699000  131.132744296   126.1499   5   8   2.4785   2.0834   6.2265  -1.2746   1.7761  -2.9092   0.00    0.0
2014/12/13 15:56:30.000  -12.843698903  131.132744361   126.2819   5   8   2.4866   2.0850   6.2899  -1.2824   1.8118  -2.9447   0.00    0.0
2014/12/13 15:57:00.000  -12.843700165  131.132744946   126.7511   5   8   2.4950   2.0869   6.3547  -1.2905   1.8479  -2.9806   0.00    0.0
2014/12/13 15:57:30.000  -12.843701549  131.132745702   127.4802   5   8   2.5035   2.0889   6.4210  -1.2990   1.8843  -3.0171   0.00    0.0
2014/12/13 15:58:00.000  -12.843701369  131.132745821   127.5785   5   8   2.5123   2.0911   6.4888  -1.3077   1.9211  -3.0542   0.00    0.0
2014/12/13 15:58:30.000  -12.843699365  131.132745800   127.1640   5   8   2.5214   2.0935   6.5581  -1.3168   1.9583  -3.0918   0.00    0.0
2014/12/13 15:59:00.000  -12.843698371  131.132746274   127.0742   5   8   2.5306   2.0962   6.6290  -1.3262   1.9959  -3.1299   0.00    0.0
2014/12/13 15:59:30.000  -12.843698248  131.132745928   127.2311   5   8   2.5401   2.0990   6.7015  -1.3360   2.0340  -3.1686   0.00    0.0
2014/12/13 16:00:00.000  -12.843703504  131.132745284   128.1580   5   8   2.5721   2.1125   6.7909  -1.3195   2.0955  -3.1838   0.00    0.0
2014/12/13 16:00:30.000  -12.843703564  131.132745150   128.0079   5   8   2.5825   2.1156   6.8654  -1.3300   2.1332  -3.2246   0.00    0.0
2014/12/13 16:01:00.000  -12.843703040  131.132745492   127.8194   5   8   2.5931   2.1190   6.9416  -1.3409   2.1714  -3.2661   0.00    0.0
2014/12/13 16:01:30.000  -12.843703250  131.132744428   127.8183   5   8   2.6040   2.1226   7.0194  -1.3522   2.2101  -3.3081   0.00    0.0
2014/12/13 16:02:00.000  -12.843704568  131.132743640   127.6136   5   8   2.6152   2.1264   7.0991  -1.3638   2.2493  -3.3509   0.00    0.0
2014/12/13 16:02:30.000  -12.843705385  131.132743419   127.4364   5   8   2.6267   2.1304   7.1805  -1.3758   2.2891  -3.3943   0.00    0.0
2014/12/13 16:03:00.000  -12.843705575  131.132743540   127.3032   5   8   2.6385   2.1347   7.2637  -1.3882   2.3295  -3.4383   0.00    0.0
2014/12/13 16:03:30.000  -12.843703916  131.132741959   126.9061   5   8   2.6506   2.1393   7.3488  -1.4010   2.3705  -3.4830   0.00    0.0
2014/12/13 16:04:00.000  -12.843703555  131.132740722   126.4288   5   8   2.6631   2.1441   7.4357  -1.4141   2.4121  -3.5285   0.00    0.0
2014/12/13 16:04:30.000  -12.843703914  131.132741071   126.4589   5   8   2.6758   2.1491   7.5246  -1.4277   2.4543  -3.5746   0.00    0.0
2014/12/13 16:05:00.000  -12.843703603  131.132740750   126.3876   5   8   2.6888   2.1544   7.6153  -1.4417   2.4972  -3.6214   0.00    0.0
2014/12/13 16:05:30.000  -12.843704015  131.132740641   126.6963   5   8   2.7022   2.1600   7.7080  -1.4561   2.5407  -3.6690   0.00    0.0
2014/12/13 16:06:00.000  -12.843703776  131.132740261   126.6083   5   8   2.7158   2.1659   7.8027  -1.4709   2.5849  -3.7172   0.00    0.0
2014/12/13 16:06:30.000  -12.843703874  131.132740237   126.5813   5   8   2.7298   2.1720   7.8993  -1.4860   2.6298  -3.7662   0.00    0.0
2014/12/13 16:07:00.000  -12.843703527  131.132741070   126.8928   5   8   2.7441   2.1785   7.9980  -1.5017   2.6754  -3.8159   0.00    0.0
2014/12/13 16:07:30.000  -12.843703085  131.132741461   126.9521   5   8   2.7587   2.1853   8.0986  -1.5177   2.7217  -3.8663   0.00    0.0
2014/12/13 16:08:00.000  -12.843703374  131.132740834   126.8199   5   8   2.7736   2.1923   8.2013  -1.5341   2.7687  -3.9175   0.00    0.0
2014/12/13 16:08:30.000  -12.843704053  131.132740488   126.7856   5   8   2.7888   2.1997   8.3061  -1.5510   2.8165  -3.9693   0.00    0.0
2014/12/13 16:09:00.000  -12.843704892  131.132740769   127.0332   5   8   2.8044   2.2075   8.4128  -1.5682   2.8650  -4.0219   0.00    0.0
2014/12/13 16:09:30.000  -12.843704505  131.132740490   127.0951   5   8   2.8202   2.2155   8.5216  -1.5859   2.9143  -4.0751   0.00    0.0
2014/12/13 16:10:00.000  -12.843703927  131.132740254   126.9980   5   8   2.8363   2.2239   8.6324  -1.6039   2.9643  -4.1290   0.00    0.0
2014/12/13 16:10:30.000  -12.843705505  131.132741462   127.6791   5   8   2.8527   2.2326   8.7452  -1.6224   3.0151  -4.1836   0.00    0.0
2014/12/13 16:11:00.000  -12.843706710  131.132742289   128.3529   5   8   2.8694   2.2417   8.8600  -1.6413   3.0666  -4.2388   0.00    0.0
2014/12/13 16:11:30.000  -12.843707678  131.132742424   128.6094   5   8   2.8863   2.2512   8.9767  -1.6605   3.1189  -4.2946   0.00    0.0
2014/12/13 16:12:00.000  -12.843708074  131.132743564   128.9049   5   8   2.9035   2.2610   9.0953  -1.6801   3.1718  -4.3510   0.00    0.0
2014/12/13 16:12:30.000  -12.843707441  131.132743124   128.9508   5   8   2.9209   2.2711   9.2157  -1.7001   3.2256  -4.4079   0.00    0.0
2014/12/13 16:13:00.000  -12.843707251  131.132742667   128.7744   5   8   2.9385   2.2816   9.3380  -1.7204   3.2800  -4.4653   0.00    0.0
2014/12/13 16:13:30.000  -12.843706717  131.132743078   128.6598   5   8   2.9563   2.2925   9.4619  -1.7410   3.3350  -4.5232   0.00    0.0
2014/12/13 16:14:00.000  -12.843705985  131.132741691   128.3549   5   8   2.9742   2.3038   9.5874  -1.7619   3.3908  -4.5815   0.00    0.0
2014/12/13 16:14:30.000  -12.843705659  131.132741278   128.4731   5   8   2.9923   2.3154   9.7144  -1.7832   3.4471  -4.6401   0.00    0.0
2014/12/13 16:15:00.000  -12.843705039  131.132741385   128.0870   5   8   3.0105   2.3274   9.8427  -1.8046   3.5041  -4.6989   0.00    0.0
2014/12/13 16:15:30.000  -12.843705271  131.132740721   127.9204   5   8   3.0287   2.3397   9.9724  -1.8263   3.5615  -4.7579   0.00    0.0
2014/12/13 16:16:00.000  -12.843705185  131.132740990   127.9572   5   8   3.0470   2.3524  10.1031  -1.8483   3.6195  -4.8171   0.00    0.0
2014/12/13 16:16:30.000  -12.843704855  131.132740936   127.9883   5   8   3.0652   2.3654  10.2346  -1.8703   3.6778  -4.8762   0.00    0.0
2014/12/13 16:17:00.000  -12.843705805  131.132740801   128.4924   5   8   3.0834   2.3787  10.3669  -1.8925   3.7366  -4.9352   0.00    0.0
2014/12/13 16:17:30.000  -12.843707261  131.132740521   129.0436   5   8   3.1015   2.3923  10.4997  -1.9148   3.7955  -4.9940   0.00    0.0
2014/12/13 16:18:00.000  -12.843708176  131.132740465   129.1598   5   8   3.1194   2.4062  10.6328  -1.9370   3.8547  -5.0524   0.00    0.0
2014/12/13 16:18:30.000  -12.843708893  131.132740891   129.2571   5   8   3.1370   2.4204  10.7658  -1.9593   3.9140  -5.1104   0.00    0.0
2014/12/13 16:19:00.000  -12.843709495  131.132741107   129.9256   5   8   3.1544   2.4348  10.8986  -1.9815   3.9733  -5.1677   0.00    0.0
2014/12/13 16:19:30.000  -12.843709679  131.132742423   130.3401   5   8   3.1714   2.4495  11.0307  -2.0035   4.0324  -5.2242   0.00    0.0
2014/12/13 16:20:00.000  -12.843709353  131.132741861   129.7907   5   8   3.1879   2.4643  11.1619  -2.0254   4.0913  -5.2798   0.00    0.0
2014/12/13 16:20:30.000  -12.843709920  131.132741907   130.0933   5   8   3.2039   2.4793  11.2918  -2.0469   4.1499  -5.3342   0.00    0.0
2014/12/13 16:21:00.000  -12.843712108  131.132742952   130.8757   5   8   3.2194   2.4944  11.4201  -2.0681   4.2079  -5.3873   0.00    0.0
2014/12/13 16:21:30.000  -12.843711795  131.132742880   130.8101   5   8   3.2341   2.5096  11.5463  -2.0889   4.2653  -5.4389   0.00    0.0
2014/12/13 16:22:00.000  -12.843712357  131.132743539   131.2940   5   8   3.2481   2.5248  11.6700  -2.1092   4.3218  -5.4888   0.00    0.0
2014/12/13 16:22:30.000  -12.843711099  131.132742880   130.8917   5   8   3.2613   2.5399  11.7908  -2.1289   4.3774  -5.5367   0.00    0.0
2014/12/13 16:23:00.000  -12.843710799  131.132742720   130.7827   5   8   3.2735   2.5550  11.9083  -2.1479   4.4318  -5.5825   0.00    0.0
2014/12/13 16:23:30.000  -12.843709413  131.132741731   130.7042   5   8   3.2846   2.5700  12.0219  -2.1661   4.4848  -5.6259   0.00    0.0
2014/12/13 16:24:00.000  -12.843709768  131.132742402   131.1564   5   8   3.2947   2.5848  12.1312  -2.1835   4.5364  -5.6668   0.00    0.0
2014/12/13 16:24:30.000  -12.843709814  131.132742072   131.0023   5   8   3.3035   2.5993  12.2358  -2.2000   4.5862  -5.7048   0.00    0.0
2014/12/13 16:25:00.000  -12.843710135  131.132741767   131.2486   5   8   3.3111   2.6136  12.3351  -2.2154   4.6342  -5.7399   0.00    0.0
2014/12/13 16:25:30.000  -12.843711601  131.132742420   131.7453   5   8   3.3172   2.6275  12.4288  -2.2296   4.6800  -5.7717   0.00    0.0
2014/12/13 16:26:00.000  -12.843711787  131.132743049   131.7324   5   8   3.3219   2.6409  12.5162  -2.2427   4.7236  -5.8000   0.00    0.0
2014/12/13 16:26:30.000  -12.843712196  131.132743424   131.9794   5   8   3.3251   2.6539  12.5971  -2.2545   4.7648  -5.8248   0.00    0.0
2014/12/13 16:27:00.000  -12.843712834  131.132743359   132.0246   5   8   3.3267   2.6664  12.6710  -2.2649   4.8034  -5.8457   0.00    0.0
2014/12/13 16:27:30.000  -12.843714938  131.132743770   132.6779   5   8   3.3266   2.6782  12.7375  -2.2738   4.8392  -5.8627   0.00    0.0
2014/12/13 16:28:00.000  -12.843715624  131.132744745   132.4610   5   8   3.3249   2.6894  12.7962  -2.2813   4.8721  -5.8756   0.00    0.0
2014/12/13 16:28:30.000  -12.843713833  131.132743952   131.5505   5   8   3.3214   2.6999  12.8469  -2.2871   4.9020  -5.8842   0.00    0.0
2014/12/13 16:29:00.000  -12.843713580  131.132743456   131.7356   5   8   3.3161   2.7096  12.8892  -2.2914   4.9287  -5.8886   0.00    0.0
2014/12/13 16:29:30.000  -12.843713140  131.132744306   131.9660   5   8   3.3091   2.7185  12.9230  -2.2940   4.9522  -5.8885   0.00    0.0
2014/12/13 16:30:00.000  -12.843713500  131.132745325   132.7296   5   8   3.3003   2.7266  12.9481  -2.2949   4.9723  -5.8839   0.00    0.0
2014/12/13 16:30:30.000  -12.843712479  131.132745035   132.7598   5   8   3.2897   2.7339  12.9644  -2.2941   4.9891  -5.8749   0.00    0.0
2014/12/13 16:31:00.000  -12.843712679  131.132745257   133.1416   5   8   3.2774   2.7403  12.9718  -2.2915   5.0024  -5.8614   0.00    0.0
2014/12/13 16:31:30.000  -12.843712783  131.132745870   133.6265   5   8   3.2634   2.7458  12.9704  -2.2873   5.0123  -5.8435   0.00    0.0
2014/12/13 16:32:00.000  -12.843712283  131.132745870   132.8410   5   8   3.2478   2.7504  12.9601  -2.2813   5.0187  -5.8213   0.00    0.0
2014/12/13 16:32:30.000  -12.843712405  131.132745783   132.6903   5   8   3.2305   2.7541  12.9412  -2.2737   5.0218  -5.7947   0.00    0.0
2014/12/13 16:33:00.000  -12.843713974  131.132745535   133.3147   5   8   3.2117   2.7569  12.9137  -2.2644   5.0215  -5.7640   0.00    0.0
2014/12/13 16:33:30.000  -12.843713802  131.132745260   133.2512   5   8   3.1915   2.7588  12.8780  -2.2535   5.0179  -5.7293   0.00    0.0
2014/12/13 16:34:00.000  -12.843713993  131.132744897   133.2869   5   8   3.1699   2.7599  12.8343  -2.2410   5.0112  -5.6907   0.00    0.0
2014/12/13 16:34:30.000  -12.843714386  131.132745158   133.8470   5   8   3.1470   2.7601  12.7828  -2.2271   5.0013  -5.6485   0.00    0.0
2014/12/13 16:35:00.000  -12.843714866  131.132745179   134.1664   5   8   3.1230   2.7596  12.7241  -2.2116   4.9886  -5.6027   0.00    0.0
2014/12/13 16:35:30.000  -12.843708253  131.132736699   129.0841   5   9   2.7530   2.0961   8.4911  -1.5069   2.8107  -4.1842   0.00    0.0
2014/12/13 16:36:00.000  -12.843708467  131.132736403   129.0717   5   9   2.7423   2.0989   8.4950  -1.5052   2.8214  -4.1728   0.00    0.0
2014/12/13 16:36:30.000  -12.843708443  131.132736149   129.2427   5   9   2.7309   2.1017   8.4965  -1.5030   2.8314  -4.1599   0.00    0.0
2014/12/13 16:37:00.000  -12.843708274  131.132736420   129.0125   5   9   2.7190   2.1043   8.4955  -1.5004   2.8405  -4.1455   0.00    0.0
2014/12/13 16:37:30.000  -12.843707092  131.132736043   128.8093   5   9   2.7066   2.1069   8.4920  -1.4973   2.8488  -4.1297   0.00    0.0
2014/12/13 16:38:00.000  -12.843706218  131.132735391   128.3326   5   9   2.6936   2.1094   8.4861  -1.4937   2.8562  -4.1124   0.00    0.0
2014/12/13 16:38:30.000  -12.843706727  131.132735366   128.7741   5   9   2.6802   2.1118   8.4779  -1.4897   2.8629  -4.0938   0.00    0.0
2014/12/13 16:39:00.000  -12.843706598  131.132734225   128.1038   5   9   2.6663   2.1142   8.4673  -1.4852   2.8689  -4.0738   0.00    0.0
2014/12/13 16:39:30.000  -12.843706056  131.132734604   127.4854   5   9   2.6519   2.1165   8.4544  -1.4803   2.8740  -4.0525   0.00    0.0
2014/12/13 16:40:00.000  -12.843706344  131.132735448   127.8169   5   9   2.6371   2.1187   8.4393  -1.4749   2.8784  -4.0299   0.00    0.0
2014/12/13 16:40:30.000  -12.843706416  131.132734833   127.5577   5   9   2.6219   2.1208   8.4220  -1.4691   2.8820  -4.0061   0.00    0.0
2014/12/13 16:41:00.000  -12.843708231  131.132736547   128.2886   5  10   1.7077   1.7644   5.1687   0.4291   0.7090  -1.6748   0.00    0.0
2014/12/13 16:41:30.000  -12.843708269  131.132736403   128.5325   5  10   1.7065   1.7644   5.1803   0.4322   0.7313  -1.6735   0.00    0.0
2014/12/13 16:42:00.000  -12.843708000  131.132735412   128.7401   5  10   1.7052   1.7645   5.1915   0.4353   0.7532  -1.6718   0.00    0.0
2014/12/13 16:42:30.000  -12.843707486  131.132735331   129.0780   5  10   1.7039   1.7646   5.2023   0.4383   0.7748  -1.6698   0.00    0.0
2014/12/13 16:43:00.000  -12.843707145  131.132735031   129.2967   5  10   1.7026   1.7647   5.2127   0.4413   0.7960  -1.6675   0.00    0.0
2014/12/13 16:43:30.000  -12.843706740  131.132735633   129.4624   5  10   1.7013   1.7649   5.2227   0.4443   0.8170  -1.6648   0.00    0.0
2014/12/13 16:44:00.000  -12.843706440  131.132736449   129.3899   5  10   1.6999   1.7651   5.2323   0.4473   0.8376  -1.6618   0.00    0.0
2014/12/13 16:44:30.000  -12.843706827  131.132736650   129.7300   5  10   1.6986   1.7654   5.2415   0.4503   0.8580  -1.6584   0.00    0.0
2014/12/13 16:45:00.000  -12.843706253  131.132735765   129.4914   5  10   1.6972   1.7657   5.2502   0.4532   0.8781  -1.6546   0.00    0.0
2014/12/13 16:45:30.000  -12.843706155  131.132735819   129.2412   5  10   1.6958   1.7661   5.2585   0.4561   0.8980  -1.6505   0.00    0.0
2014/12/13 16:46:00.000  -12.843706754  131.132735591   129.4472   5  10   1.6944   1.7665   5.2663   0.4591   0.9176  -1.6460   0.00    0.0
2014/12/13 16:46:30.000  -12.843707220  131.132736557   129.3833   5  10   1.6930   1.7670   5.2737   0.4620   0.9370  -1.6412   0.00    0.0
2014/12/13 16:47:00.000  -12.843707695  131.132736316   129.5507   5  10   1.6915   1.7675   5.2806   0.4649   0.9562  -1.6360   0.00    0.0
2014/12/13 16:47:30.000  -12.843707646  131.132736334   129.5125   5  10   1.6901   1.7681   5.2871   0.4679   0.9751  -1.6304   0.00    0.0
2014/12/13 16:48:00.000  -12.843707342  131.132735879   129.2679   5  10   1.6886   1.7788   5.3104   0.4720   0.9522  -1.6252   0.00    0.0
2014/12/13 16:48:30.000  -12.843707325  131.132734792   129.4272   5  10   1.6871   1.7800   5.3171   0.4752   0.9690  -1.6189   0.00    0.0
2014/12/13 16:49:00.000  -12.843707743  131.132734443   129.2593   5  10   1.6856   1.7813   5.3233   0.4784   0.9857  -1.6123   0.00    0.0
2014/12/13 16:49:30.000  -12.843708119  131.132734383   129.2006   5  10   1.6841   1.7826   5.3290   0.4817   1.0023  -1.6054   0.00    0.0
2014/12/13 16:50:00.000  -12.843708474  131.132735480   129.3381   5  10   1.6826   1.7839   5.3343   0.4850   1.0187  -1.5980   0.00    0.0
2014/12/13 16:50:30.000  -12.843708429  131.132734930   129.2892   5  10   1.6811   1.7853   5.3392   0.4883   1.0349  -1.5902   0.00    0.0
2014/12/13 16:51:00.000  -12.843708831  131.132735320   129.2935   5  10   1.6796   1.7867   5.3436   0.4917   1.0511  -1.5821   0.00    0.0
2014/12/13 16:51:30.000  -12.843708070  131.132735317   129.4299   5  10   1.6780   1.7882   5.3475   0.4951   1.0670  -1.5736   0.00    0.0
2014/12/13 16:52:00.000  -12.843707496  131.132735856   129.5913   5  10   1.6765   1.7897   5.3510   0.4986   1.0828  -1.5646   0.00    0.0
2014/12/13 16:52:30.000  -12.843707613  131.132737099   129.3182   5  10   1.6750   1.7913   5.3540   0.5021   1.0985  -1.5553   0.00    0.0
2014/12/13 16:53:00.000  -12.843706827  131.132737137   129.2726   5  10   1.6735   1.7929   5.3566   0.5057   1.1141  -1.5456   0.00    0.0
2014/12/13 16:53:30.000  -12.843708229  131.132737156   129.7756   5  10   1.6719   1.7945   5.3587   0.5094   1.1295  -1.5355   0.00    0.0
2014/12/13 16:54:00.000  -12.843708288  131.132735926   129.7352   5  10   1.6704   1.7963   5.3603   0.5131   1.1447  -1.5250   0.00    0.0
2014/12/13 16:54:30.000  -12.843709087  131.132732652   128.2843   5  11   1.6687   1.6559   4.8657   0.4465  -0.5332  -1.5696   0.00    0.0
2014/12/13 16:55:00.000  -12.843708899  131.132732590   128.3003   5  11   1.6670   1.6569   4.8661   0.4453  -0.5099  -1.5624   0.00    0.0
2014/12/13 16:55:30.000  -12.843707318  131.132734647   128.0390   5  11   1.6653   1.6580   4.8662   0.4441  -0.4853  -1.5549   0.00    0.0
2014/12/13 16:56:00.000  -12.843707837  131.132735018   128.1200   5  11   1.6637   1.6591   4.8659   0.4430  -0.4594  -1.5471   0.00    0.0
2014/12/13 16:56:30.000  -12.843706887  131.132733910   127.8528   5  11   1.6620   1.6603   4.8653   0.4419  -0.4318  -1.5389   0.00    0.0
2014/12/13 16:57:00.000  -12.843706019  131.132733097   127.5630   5  11   1.6603   1.6615   4.8644   0.4408  -0.4022  -1.5305   0.00    0.0
2014/12/13 16:57:30.000  -12.843706416  131.132732446   127.4291   5  11   1.6585   1.6627   4.8631   0.4397  -0.3702  -1.5218   0.00    0.0
2014/12/13 16:58:00.000  -12.843706592  131.132733631   127.4381   5  11   1.6568   1.6640   4.8616   0.4387  -0.3350  -1.5127   0.00    0.0
2014/12/13 16:58:30.000  -12.843707216  131.132735377   127.3605   5  11   1.6551   1.6653   4.8598   0.4377  -0.2956  -1.5034   0.00    0.0
2014/12/13 16:59:00.000  -12.843705990  131.132733977   127.1171   5  11   1.6534   1.6666   4.8577   0.4368  -0.2500  -1.4937   0.00    0.0
2014/12/13 16:59:30.000  -12.843706324  131.132734649   127.1915   5  11   1.6517   1.6680   4.8553   0.4359  -0.1939  -1.4838   0.00    0.0
2014/12/13 17:00:00.000  -12.843705231  131.132737715   127.5138   5  11   1.6074   1.6693   4.5859   0.4277   0.1195  -1.2573   0.00    0.0
2014/12/13 17:00:30.000  -12.843705827  131.132737410   127.7621   5  11   1.6063   1.6708   4.5809   0.4281   0.1879  -1.2459   0.00    0.0
2014/12/13 17:01:00.000  -12.843705878  131.132736351   127.7207   5  11   1.6052   1.6723   4.5758   0.4285   0.2372  -1.2342   0.00    0.0
2014/12/13 17:01:30.000  -12.843705992  131.132736022   127.7834   5  11   1.6042   1.6739   4.5704   0.4289   0.2778  -1.2223   0.00    0.0
2014/12/13 17:02:00.000  -12.843706503  131.132742432   125.8901   5  10   1.6042   2.0287   5.1365   0.5021  -1.6111  -1.2664   0.00    0.0
2014/12/13 17:02:30.000  -12.843707263  131.132742950   125.9271   5  10   1.6032   2.0290   5.1292   0.5028  -1.6016  -1.2546   0.00    0.0
2014/12/13 17:03:00.000  -12.843707357  131.132742583   125.9633   5  10   1.6022   2.0293   5.1217   0.5034  -1.5919  -1.2425   0.00    0.0
2014/12/13 17:03:30.000  -12.843707182  131.132742528   126.4852   5  10   1.6013   2.0297   5.1139   0.5040  -1.5821  -1.2301   0.00    0.0
2014/12/13 17:04:00.000  -12.843707378  131.132743004   127.0526   5  10   1.6003   2.0300   5.1059   0.5046  -1.5721  -1.2174   0.00    0.0
2014/12/13 17:04:30.000  -12.843707396  131.132743632   126.7444   5  10   1.5994   2.0304   5.0976   0.5052  -1.5620  -1.2044   0.00    0.0
2014/12/13 17:05:00.000  -12.843707888  131.132744884   126.4924   5  10   1.5986   2.0309   5.0890   0.5057  -1.5518  -1.1910   0.00    0.0
2014/12/13 17:05:30.000  -12.843707551  131.132744729   126.0914   5  10   1.5977   2.0313   5.0802   0.5063  -1.5414  -1.1774   0.00    0.0
2014/12/13 17:06:00.000  -12.843707613  131.132744602   125.8245   5  10   1.5969   2.0318   5.0713   0.5068  -1.5310  -1.1634   0.00    0.0
2014/12/13 17:06:30.000  -12.843708227  131.132743051   125.8168   5  10   1.5961   2.0323   5.0621   0.5074  -1.5203  -1.1490   0.00    0.0
2014/12/13 17:07:00.000  -12.843708212  131.132742438   125.8795   5  10   1.5953   2.0328   5.0527   0.5079  -1.5096  -1.1344   0.00    0.0
2014/12/13 17:07:30.000  -12.843707306  131.132741866   125.6819   5  10   1.5946   2.0334   5.0432   0.5084  -1.4987  -1.1194   0.00    0.0
2014/12/13 17:08:00.000  -12.843706873  131.132742312   125.8325   5  10   1.5939   2.0340   5.0335   0.5090  -1.4877  -1.1041   0.00    0.0
2014/12/13 17:08:30.000  -12.843707201  131.132742906   126.1657   5  10   1.5932   2.0346   5.0236   0.5095  -1.4766  -1.0885   0.00    0.0
2014/12/13 17:09:00.000  -12.843707556  131.132742714   126.3858   5  10   1.5926   2.0353   5.0135   0.5101  -1.4654  -1.0725   0.00    0.0
2014/12/13 17:09:30.000  -12.843707415  131.132742238   126.0634   5  10   1.5920   2.0360   5.0034   0.5107  -1.4540  -1.0561   0.00    0.0
2014/12/13 17:10:00.000  -12.843706286  131.132742619   126.0982   5  10   1.5915   2.0367   4.9931   0.5113  -1.4425  -1.0395   0.00    0.0
2014/12/13 17:10:30.000  -12.843706076  131.132741550   126.0501   5  10   1.5910   2.0375   4.9827   0.5119  -1.4309  -1.0224   0.00    0.0
2014/12/13 17:11:00.000  -12.843706934  131.132741577   126.0699   5  10   1.5905   2.0382   4.9722   0.5125  -1.4192  -1.0050   0.00    0.0
2014/12/13 17:11:30.000  -12.843706900  131.132741828   126.2152   5  10   1.5900   2.0391   4.9615   0.5132  -1.4074  -0.9872   0.00    0.0
2014/12/13 17:12:00.000  -12.843708146  131.132749010   124.5015   5   9   1.6539   2.5699   6.3117  -0.6704  -2.8402   0.9211   0.00    0.0
2014/12/13 17:12:30.000  -12.843708192  131.132749059   124.6239   5   9   1.6539   2.5658   6.3042  -0.6684  -2.8292   0.9429   0.00    0.0
2014/12/13 17:13:00.000  -12.843708765  131.132749206   124.5303   5   9   1.6539   2.5616   6.2959  -0.6663  -2.8177   0.9641   0.00    0.0
2014/12/13 17:13:30.000  -12.843710027  131.132748917   124.2796   5   9   1.6539   2.5573   6.2870  -0.6642  -2.8058   0.9847   0.00    0.0
2014/12/13 17:14:00.000  -12.843710414  131.132748864   124.3278   5   9   1.6541   2.5530   6.2775  -0.6619  -2.7933   1.0048   0.00    0.0
2014/12/13 17:14:30.000  -12.843710450  131.132748780   124.1628   5   9   1.6542   2.5485   6.2673  -0.6596  -2.7804   1.0244   0.00    0.0
2014/12/13 17:15:00.000  -12.843710736  131.132748368   124.0560   5   9   1.6545   2.5440   6.2565  -0.6572  -2.7671   1.0435   0.00    0.0
2014/12/13 17:15:30.000  -12.843710867  131.132747923   124.2629   5   9   1.6547   2.5394   6.2450  -0.6547  -2.7532   1.0620   0.00    0.0
2014/12/13 17:16:00.000  -12.843710234  131.132747902   124.3413   5   9   1.6551   2.5347   6.2330  -0.6520  -2.7390   1.0802   0.00    0.0
2014/12/13 17:16:30.000  -12.843710055  131.132748724   124.4238   5   9   1.6554   2.5300   6.2204  -0.6493  -2.7243   1.0978   0.00    0.0
2014/12/13 17:17:00.000  -12.843709988  131.132749143   124.5291   5   9   1.6559   2.5252   6.2072  -0.6464  -2.7091   1.1150   0.00    0.0
2014/12/13 17:17:30.000  -12.843709637  131.132749391   124.4038   5   9   1.6563   2.5204   6.1935  -0.6435  -2.6936   1.1318   0.00    0.0
2014/12/13 17:18:00.000  -12.843709897  131.132749338   124.1166   5   9   1.6568   2.5156   6.1793  -0.6403  -2.6776   1.1481   0.00    0.0
2014/12/13 17:18:30.000  -12.843709571  131.132749471   124.2080   5   9   1.6574   2.5107   6.1646  -0.6371  -2.6613   1.1640   0.00    0.0
2014/12/13 17:19:00.000  -12.843709460  131.132749642   124.0996   5   9   1.6580   2.5058   6.1494  -0.6337  -2.6445   1.1795   0.00    0.0
2014/12/13 17:19:30.000  -12.843708422  131.132749672   123.9250   5   9   1.6587   2.5008   6.1337  -0.6301  -2.6274   1.1946   0.00    0.0
2014/12/13 17:20:00.000  -12.843708301  131.132749660   124.1199   5   9   1.6594   2.4958   6.1176  -0.6264  -2.6099   1.2093   0.00    0.0
2014/12/13 17:20:30.000  -12.843710528  131.132749331   123.6118   5   9   1.6641   2.4913   6.1034  -0.6270  -2.5936   1.2316   0.00    0.0
2014/12/13 17:21:00.000  -12.843711147  131.132750689   123.4309   5   9   1.6652   2.5061   6.0889  -0.6245  -2.5856   1.2463   0.00    0.0
2014/12/13 17:21:30.000  -12.843711115  131.132750012   123.1950   5   9   1.6662   2.5022   6.0718  -0.6208  -2.5676   1.2604   0.00    0.0
2014/12/13 17:22:00.000  -12.843710771  131.132751118   123.3390   5   9   1.6674   2.4983   6.0544  -0.6169  -2.5494   1.2742   0.00    0.0
2014/12/13 17:22:30.000  -12.843709949  131.132751376   123.5694   5   9   1.6685   2.4944   6.0367  -0.6129  -2.5308   1.2876   0.00    0.0
2014/12/13 17:23:00.000  -12.843710096  131.132751022   123.4640   5   9   1.6697   2.4906   6.0186  -0.6088  -2.5119   1.3007   0.00    0.0
2014/12/13 17:23:30.000  -12.843710000  131.132750285   123.2492   5   9   1.6709   2.4867   6.0003  -0.6044  -2.4927   1.3134   0.00    0.0
2014/12/13 17:24:00.000  -12.843710130  131.132750919   123.2532   5   9   1.6722   2.4829   5.9816  -0.5999  -2.4732   1.3258   0.00    0.0
2014/12/13 17:24:30.000  -12.843710727  131.132751604   123.5278   5   9   1.6771   2.4791   5.9651  -0.5938  -2.4528   1.3449   0.00    0.0
2014/12/13 17:25:00.000  -12.843711876  131.132751466   123.5375   5   9   1.6786   2.4753   5.9459  -0.5887  -2.4327   1.3567   0.00    0.0
2014/12/13 17:25:30.000  -12.843712206  131.132750876   123.6422   5   9   1.6801   2.4716   5.9265  -0.5835  -2.4123   1.3681   0.00    0.0
2014/12/13 17:26:00.000  -12.843712733  131.132750576   123.8519   5   9   1.6816   2.4679   5.9069  -0.5780  -2.3916   1.3793   0.00    0.0
2014/12/13 17:26:30.000  -12.843712678  131.132751337   123.5738   5   9   1.6832   2.4643   5.8870  -0.5723  -2.3707   1.3901   0.00    0.0
2014/12/13 17:27:00.000  -12.843712205  131.132752313   123.7940   5   9   1.6847   2.4607   5.8670  -0.5664  -2.3495   1.4006   0.00    0.0
2014/12/13 17:27:30.000  -12.843711840  131.132752034   123.8005   5   9   1.6863   2.4571   5.8468  -0.5603  -2.3281   1.4108   0.00    0.0
2014/12/13 17:28:00.000  -12.843712069  131.132751785   123.6127   5   9   1.6880   2.4537   5.8264  -0.5540  -2.3065   1.4208   0.00    0.0
2014/12/13 17:28:30.000  -12.843712386  131.132752203   123.6485   5   9   1.6896   2.4503   5.8059  -0.5474  -2.2846   1.4304   0.00    0.0
2014/12/13 17:29:00.000  -12.843711919  131.132752400   124.0731   5   9   1.6913   2.4470   5.8001  -0.5404  -2.2644   1.4386   0.00    0.0
2014/12/13 17:29:30.000  -12.843712374  131.132751776   123.5752   5   9   1.6930   2.4437   5.7800  -0.5334  -2.2421   1.4478   0.00    0.0
2014/12/13 17:30:00.000  -12.843711091  131.132751253   123.6505   5   9   1.6947   2.4405   5.7598  -0.5261  -2.2195   1.4567   0.00    0.0
2014/12/13 17:30:30.000  -12.843709639  131.132750425   124.2168   5   9   1.6964   2.4374   5.7396  -0.5186  -2.1968   1.4654   0.00    0.0
2014/12/13 17:31:00.000  -12.843710550  131.132750133   123.9244   5   9   1.6981   2.4343   5.7192  -0.5108  -2.1738   1.4738   0.00    0.0
2014/12/13 17:31:30.000  -12.843708145  131.132751730   125.3211   5  10   1.6259   2.4169   5.0455  -0.6198  -2.3081   0.9378   0.00    0.0
2014/12/13 17:32:00.000  -12.843707660  131.132752232   125.3479   5  10   1.6262   2.4132   5.0282  -0.6171  -2.2899   0.9465   0.00    0.0
2014/12/13 17:32:30.000  -12.843709554  131.132751701   125.2532   5  10   1.6266   2.4095   5.0110  -0.6142  -2.2715   0.9549   0.00    0.0
2014/12/13 17:33:00.000  -12.843711398  131.132751588   124.9572   5  10   1.6270   2.4059   4.9938  -0.6113  -2.2530   0.9630   0.00    0.0
2014/12/13 17:33:30.000  -12.843711796  131.132751207   125.2314   5  10   1.6274   2.4048   4.9872  -0.6075  -2.2422   0.9694   0.00    0.0
2014/12/13 17:34:00.000  -12.843710335  131.132751060   125.7821   5  10   1.6278   2.4014   4.9704  -0.6044  -2.2238   0.9772   0.00    0.0
2014/12/13 17:34:30.000  -12.843709812  131.132751834   125.6183   5  10   1.6282   2.3981   4.9537  -0.6013  -2.2054   0.9847   0.00    0.0
2014/12/13 17:35:00.000  -12.843710319  131.132752422   124.9879   5  10   1.6318   2.3956   4.9600  -0.5931  -2.1804   1.0160   0.00    0.0
2014/12/13 17:35:30.000  -12.843710662  131.132752792   125.0177   5  10   1.6325   2.3925   4.9447  -0.5893  -2.1611   1.0246   0.00    0.0
2014/12/13 17:36:00.000  -12.843710435  131.132753208   125.2452   5  10   1.6332   2.3896   4.9293  -0.5854  -2.1418   1.0330   0.00    0.0
2014/12/13 17:36:30.000  -12.843710173  131.132752536   125.3255   5  10   1.6339   2.3867   4.9140  -0.5814  -2.1223   1.0412   0.00    0.0
2014/12/13 17:37:00.000  -12.843709280  131.132754007   125.0202   5  10   1.6347   2.3838   4.8987  -0.5773  -2.1027   1.0492   0.00    0.0
2014/12/13 17:37:30.000  -12.843709159  131.132753396   124.7222   5  10   1.6354   2.3811   4.8835  -0.5731  -2.0830   1.0570   0.00    0.0
2014/12/13 17:38:00.000  -12.843709393  131.132752738   124.8545   5  10   1.6362   2.3785   4.8683  -0.5688  -2.0632   1.0646   0.00    0.0
2014/12/13 17:38:30.000  -12.843709414  131.132752456   125.0791   5  10   1.6370   2.3759   4.8532  -0.5644  -2.0433   1.0720   0.00    0.0
2014/12/13 17:39:00.000  -12.843709214  131.132752092   125.0286   5  10   1.6378   2.3735   4.8381  -0.5599  -2.0233   1.0792   0.00    0.0
2014/12/13 17:39:30.000  -12.843709125  131.132751708   124.6349   5  10   1.6386   2.3711   4.8232  -0.5553  -2.0032   1.0863   0.00    0.0
2014/12/13 17:40:00.000  -12.843707833  131.132752072   124.9609   5  10   1.6395   2.3688   4.8083  -0.5505  -1.9830   1.0932   0.00    0.0
2014/12/13 17:40:30.000  -12.843707658  131.132753222   125.1192   5  10   1.6403   2.3666   4.7934  -0.5457  -1.9626   1.1000   0.00    0.0
2014/12/13 17:41:00.000  -12.843708918  131.132753004   124.9736   5  10   1.6412   2.3646   4.7787  -0.5408  -1.9422   1.1065   0.00    0.0
2014/12/13 17:41:30.000  -12.843710508  131.132752496   124.7368   5  10   1.6421   2.3626   4.7641  -0.5357  -1.9216   1.1129   0.00    0.0
2014/12/13 17:42:00.000  -12.843710028  131.132752672   124.9003   5  10   1.6429   2.3607   4.7495  -0.5305  -1.9010   1.1192   0.00    0.0
2014/12/13 17:42:30.000  -12.843709961  131.132752065   124.6043   5  10   1.6438   2.3589   4.7351  -0.5252  -1.8802   1.1253   0.00    0.0
2014/12/13 17:43:00.000  -12.843711322  131.132751606   124.2575   5  10   1.6447   2.3572   4.7207  -0.5198  -1.8593   1.1313   0.00    0.0
2014/12/13 17:43:30.000  -12.843710951  131.132751468   124.5948   5  10   1.6456   2.3557   4.7065  -0.5143  -1.8383   1.1371   0.00    0.0
2014/12/13 17:44:00.000  -12.843710051  131.132751240   124.9275   5  10   1.6465   2.3542   4.6924  -0.5086  -1.8172   1.1427   0.00    0.0
2014/12/13 17:44:30.000  -12.843710469  131.132751580   124.7465   5  10   1.6474   2.3528   4.6784  -0.5029  -1.7960   1.1482   0.00    0.0
2014/12/13 17:45:00.000  -12.843709674  131.132751280   124.8178   5  10   1.6484   2.3516   4.6645  -0.4970  -1.7746   1.1536   0.00    0.0
2014/12/13 17:45:30.000  -12.843709690  131.132752087   124.8716   5  10   1.6493   2.3504   4.6507  -0.4910  -1.7531   1.1589   0.00    0.0
2014/12/13 17:46:00.000  -12.843709785  131.132753267   124.9226   5  10   1.6502   2.3493   4.6371  -0.4849  -1.7315   1.1640   0.00    0.0
2014/12/13 17:46:30.000  -12.843710494  131.132753086   124.5109   5  10   1.6512   2.3484   4.6236  -0.4786  -1.7098   1.1689   0.00    0.0
2014/12/13 17:47:00.000  -12.843710262  131.132752524   124.4684   5  10   1.6521   2.3475   4.6102  -0.4722  -1.6879   1.1738   0.00    0.0
2014/12/13 17:47:30.000  -12.843708701  131.132752407   124.6823   5  10   1.6530   2.3468   4.5970  -0.4657  -1.6659   1.1785   0.00    0.0
2014/12/13 17:48:00.000  -12.843708671  131.132751383   124.6948   5  10   1.6540   2.3462   4.5839  -0.4590  -1.6437   1.1831   0.00    0.0
2014/12/13 17:48:30.000  -12.843708957  131.132751946   125.0875   5  10   1.6549   2.3456   4.5709  -0.4523  -1.6214   1.1876   0.00    0.0
2014/12/13 17:49:00.000  -12.843709418  131.132752832   125.1297   5  10   1.6559   2.3452   4.5580  -0.4453  -1.5989   1.1919   0.00    0.0
2014/12/13 17:49:30.000  -12.843709927  131.132752757   124.9903   5  10   1.6568   2.3449   4.5454  -0.4382  -1.5763   1.1962   0.00    0.0
2014/12/13 17:50:00.000  -12.843708980  131.132752616   124.7520   5  10   1.6578   2.3447   4.5328  -0.4310  -1.5535   1.2003   0.00    0.0
2014/12/13 17:50:30.000  -12.843707670  131.132752184   124.5967   5  10   1.6587   2.3446   4.5204  -0.4236  -1.5305   1.2043   0.00    0.0
2014/12/13 17:51:00.000  -12.843708612  131.132751749   124.4833   5  10   1.6597   2.3446   4.5082  -0.4161  -1.5073   1.2082   0.00    0.0
2014/12/13 17:51:30.000  -12.843710366  131.132750948   124.4213   5  10   1.6606   2.3447   4.4960  -0.4084  -1.4839   1.2119   0.00    0.0
2014/12/13 17:52:00.000  -12.843712131  131.132750096   124.6168   5  10   1.6625   2.3535   4.4842  -0.4147  -1.4620   1.2162   0.00    0.0
2014/12/13 17:52:30.000  -12.843712794  131.132750279   124.6828   5  10   1.6635   2.3545   4.4723  -0.4076  -1.4382   1.2198   0.00    0.0
2014/12/13 17:53:00.000  -12.843712585  131.132751079   124.6648   5  10   1.6645   2.3555   4.4607  -0.4004  -1.4142   1.2232   0.00    0.0
2014/12/13 17:53:30.000  -12.843711372  131.132751604   124.5509   5  10   1.6654   2.3566   4.4492  -0.3930  -1.3900   1.2266   0.00    0.0
2014/12/13 17:54:00.000  -12.843711943  131.132750973   124.5613   5  10   1.6664   2.3579   4.4378  -0.3854  -1.3655   1.2298   0.00    0.0
2014/12/13 17:54:30.000  -12.843710716  131.132750284   124.8397   5  10   1.6673   2.3592   4.4266  -0.3776  -1.3406   1.2330   0.00    0.0
2014/12/13 17:55:00.000  -12.843710393  131.132749577   124.9325   5  10   1.6682   2.3607   4.4156  -0.3696  -1.3155   1.2360   0.00    0.0
2014/12/13 17:55:30.000  -12.843709732  131.132749971   124.6965   5  10   1.6692   2.3623   4.4047  -0.3614  -1.2901   1.2389   0.00    0.0
2014/12/13 17:56:00.000  -12.843708581  131.132750704   124.5186   5  10   1.6701   2.3640   4.3939  -0.3530  -1.2643   1.2418   0.00    0.0
2014/12/13 17:56:30.000  -12.843708612  131.132751572   124.5543   5  10   1.6710   2.3658   4.3834  -0.3444  -1.2381   1.2445   0.00    0.0
2014/12/13 17:57:00.000  -12.843708456  131.132750812   124.8365   5  10   1.6804   2.3679   4.3729  -0.3443  -1.2115   1.2467   0.00    0.0
2014/12/13 17:57:30.000  -12.843708531  131.132751333   124.8920   5  10   1.6817   2.3699   4.3627  -0.3356  -1.1844   1.2490   0.00    0.0
2014/12/13 17:58:00.000  -12.843709601  131.132750773   124.5875   5  10   1.6829   2.3721   4.3526  -0.3267  -1.1569   1.2512   0.00    0.0
2014/12/13 17:58:30.000  -12.843710207  131.132749776   124.3195   5  10   1.6842   2.3743   4.3426  -0.3176  -1.1289   1.2533   0.00    0.0
2014/12/13 17:59:00.000  -12.843714375  131.132745658   125.6296   5   9   2.1242   2.5833   5.2115   1.1018  -2.0354  -1.4725   0.00    0.0
2014/12/13 17:59:30.000  -12.843712879  131.132746268   125.4850   5   9   2.1237   2.5840   5.2004   1.1011  -2.0155  -1.4661   0.00    0.0
2014/12/13 18:00:00.000  -12.843716139  131.132745666   125.5837   5   9   2.1232   2.5847   5.1895   1.1003  -1.9955  -1.4598   0.00    0.0
2014/12/13 18:00:30.000  -12.843716039  131.132745910   125.6044   5   9   2.1227   2.5856   5.1787   1.0994  -1.9753  -1.4536   0.00    0.0
2014/12/13 18:01:00.000  -12.843715980  131.132745514   126.2099   5   9   2.1222   2.5865   5.1681   1.0986  -1.9551  -1.4474   0.00    0.0
2014/12/13 18:01:30.000  -12.843716304  131.132745088   126.3420   5   9   2.1217   2.5876   5.1576   1.0977  -1.9347  -1.4413   0.00    0.0
2014/12/13 18:02:00.000  -12.843717105  131.132744601   126.2204   5   9   2.1211   2.5887   5.1473   1.0968  -1.9142  -1.4352   0.00    0.0
2014/12/13 18:02:30.000  -12.843718090  131.132743651   126.2547   5   9   2.1205   2.5899   5.1372   1.0958  -1.8935  -1.4292   0.00    0.0
2014/12/13 18:03:00.000  -12.843717314  131.132744458   126.4365   5   9   2.1199   2.5912   5.1272   1.0949  -1.8727  -1.4232   0.00    0.0
2014/12/13 18:03:30.000  -12.843716988  131.132746062   126.4543   5   9   2.1193   2.5927   5.1173   1.0939  -1.8518  -1.4173   0.00    0.0
2014/12/13 18:04:00.000  -12.843716182  131.132746249   126.3413   5   9   2.1187   2.5942   5.1077   1.0929  -1.8307  -1.4115   0.00    0.0
2014/12/13 18:04:30.000  -12.843717036  131.132745532   126.2724   5   9   2.1180   2.5958   5.0982   1.0918  -1.8095  -1.4058   0.00    0.0
2014/12/13 18:05:00.000  -12.843716740  131.132745720   126.1277   5   9   2.1173   2.5975   5.0889   1.0908  -1.7882  -1.4002   0.00    0.0
2014/12/13 18:05:30.000  -12.843717103  131.132745677   126.1399   5   9   2.1167   2.5993   5.0798   1.0896  -1.7666  -1.3946   0.00    0.0
2014/12/13 18:06:00.000  -12.843717708  131.132744536   125.9095   5   9   2.1159   2.6011   5.0709   1.0885  -1.7449  -1.3891   0.00    0.0
2014/12/13 18:06:30.000  -12.843716831  131.132744981   125.7936   5   9   2.1152   2.6031   5.0621   1.0874  -1.7230  -1.3837   0.00    0.0
2014/12/13 18:07:00.000  -12.843715834  131.132744335   125.6744   5   9   2.1145   2.6052   5.0535   1.0862  -1.7010  -1.3784   0.00    0.0
2014/12/13 18:07:30.000  -12.843715278  131.132743745   125.5968   5   9   2.1137   2.6074   5.0452   1.0849  -1.6787  -1.3732   0.00    0.0
2014/12/13 18:08:00.000  -12.843715091  131.132743958   125.8412   5   9   2.1129   2.6096   5.0370   1.0837  -1.6563  -1.3681   0.00    0.0
2014/12/13 18:08:30.000  -12.843714494  131.132743934   125.9716   5   9   2.1121   2.6120   5.0290   1.0824  -1.6336  -1.3631   0.00    0.0
2014/12/13 18:09:00.000  -12.843714295  131.132744529   125.9009   5   9   2.1113   2.6144   5.0212   1.0811  -1.6107  -1.3581   0.00    0.0
2014/12/13 18:09:30.000  -12.843715039  131.132744422   125.7717   5   9   2.1105   2.6170   5.0136   1.0797  -1.5876  -1.3533   0.00    0.0
2014/12/13 18:10:00.000  -12.843716157  131.132744836   125.6528   5   9   2.1096   2.6196   5.0061   1.0783  -1.5642  -1.3486   0.00    0.0
2014/12/13 18:10:30.000  -12.843718083  131.132744173   125.9415   5   9   2.1088   2.6223   4.9989   1.0769  -1.5406  -1.3439   0.00    0.0
2014/12/13 18:11:00.000  -12.843718265  131.132743436   126.1587   5   9   2.1079   2.6251   4.9919   1.0755  -1.5168  -1.3394   0.00    0.0
2014/12/13 18:11:30.000  -12.843716966  131.132744770   126.2129   5   9   2.1070   2.6281   4.9851   1.0740  -1.4926  -1.3350   0.00    0.0
2014/12/13 18:12:00.000  -12.843716081  131.132745667   125.8066   5   9   2.1061   2.6311   4.9785   1.0724  -1.4682  -1.3306   0.00    0.0
2014/12/13 18:12:30.000  -12.843716982  131.132744758   125.6696   5   9   2.1051   2.6341   4.9720   1.0709  -1.4434  -1.3264   0.00    0.0
2014/12/13 18:13:00.000  -12.843716637  131.132744188   125.6845   5   9   2.1042   2.6373   4.9657   1.0693  -1.4184  -1.3224   0.00    0.0
2014/12/13 18:13:30.000  -12.843715713  131.132745791   125.8853   5   9   2.1032   2.6406   4.9594   1.0676  -1.3931  -1.3185   0.00    0.0
2014/12/13 18:14:00.000  -12.843715635  131.132745519   126.0361   5   9   2.1022   2.6439   4.9534   1.0659  -1.3675  -1.3147   0.00    0.0
2014/12/13 18:14:30.000  -12.843715155  131.132744860   125.7593   5   9   2.1012   2.6474   4.9479   1.0642  -1.3412  -1.3109   0.00    0.0
2014/12/13 18:15:00.000  -12.843714901  131.132745416   125.4055   5   9   2.1002   2.6509   4.9426   1.0624  -1.3145  -1.3072   0.00    0.0
2014/12/13 18:15:30.000  -12.843715374  131.132744963   125.4985   5   9   2.0992   2.6546   4.9375   1.0606  -1.2874  -1.3036   0.00    0.0
2014/12/13 18:16:00.000  -12.843715679  131.132743969   125.7319   5   9   2.0982   2.6583   4.9326   1.0588  -1.2597  -1.3001   0.00    0.0
2014/12/13 18:16:30.000  -12.843715451  131.132743026   125.7175   5   9   2.0971   2.6621   4.9279   1.0569  -1.2316  -1.2967   0.00    0.0
2014/12/13 18:17:00.000  -12.843714405  131.132743748   125.9110   5   9   2.0961   2.6660   4.9234   1.0549  -1.2029  -1.2935   0.00    0.0
2014/12/13 18:17:30.000  -12.843713703  131.132744133   125.8146   5   9   2.0950   2.6700   4.9192   1.0530  -1.1736  -1.2903   0.00    0.0
2014/12/13 18:18:00.000  -12.843712857  131.132742706   125.5860   5   9   2.0939   2.6741   4.9151   1.0510  -1.1436  -1.2873   0.00    0.0
2014/12/13 18:18:30.000  -12.843713039  131.132743020   125.3905   5   9   2.0928   2.6782   4.9113   1.0489  -1.1129  -1.2844   0.00    0.0
2014/12/13 18:19:00.000  -12.843714219  131.132744315   125.4240   5   9   2.0917   2.6825   4.9076   1.0468  -1.0814  -1.2816   0.00    0.0
2014/12/13 18:19:30.000  -12.843713754  131.132745412   125.2982   5   9   2.0906   2.6868   4.9042   1.0446  -1.0491  -1.2788   0.00    0.0
2014/12/13 18:20:00.000  -12.843713840  131.132746234   125.3194   5   9   2.0894   2.6912   4.9010   1.0424  -1.0158  -1.2762   0.00    0.0
2014/12/13 18:20:30.000  -12.843714515  131.132748114   125.8694   5  10   2.0331   2.5303   4.3280   1.2351  -1.7594  -0.7269   0.00    0.0
2014/12/13 18:21:00.000  -12.843715166  131.132747655   126.1955   5  10   2.0332   2.5301   4.3267   1.2336  -1.7480  -0.7331   0.00    0.0
2014/12/13 18:21:30.000  -12.843715402  131.132747985   126.3080   5  10   2.0334   2.5298   4.3256   1.2320  -1.7367  -0.7392   0.00    0.0
2014/12/13 18:22:00.000  -12.843716073  131.132747846   126.3520   5  10   2.0335   2.5296   4.3246   1.2303  -1.7253  -0.7454   0.00    0.0
2014/12/13 18:22:30.000  -12.843715866  131.132746696   126.2009   5  10   2.0335   2.5295   4.3237   1.2286  -1.7139  -0.7515   0.00    0.0
2014/12/13 18:23:00.000  -12.843716310  131.132747780   126.3885   5  10   2.0336   2.5293   4.3229   1.2267  -1.7024  -0.7575   0.00    0.0
2014/12/13 18:23:30.000  -12.843715312  131.132748918   126.2815   5  10   2.0336   2.5292   4.3223   1.2247  -1.6910  -0.7636   0.00    0.0
2014/12/13 18:24:00.000  -12.843715140  131.132748602   126.2005   5  10   2.0335   2.5292   4.3217   1.2227  -1.6796  -0.7696   0.00    0.0
2014/12/13 18:24:30.000  -12.843716191  131.132747301   126.3464   5  10   2.0335   2.5291   4.3213   1.2206  -1.6681  -0.7756   0.00    0.0
2014/12/13 18:25:00.000  -12.843715953  131.132745818   126.1660   5  10   2.0333   2.5291   4.3210   1.2183  -1.6567  -0.7815   0.00    0.0
2014/12/13 18:25:30.000  -12.843716438  131.132744815   126.1084   5  10   2.0332   2.5291   4.3209   1.2160  -1.6452  -0.7875   0.00    0.0
2014/12/13 18:26:00.000  -12.843716377  131.132745562   125.9871   5  10   2.0330   2.5292   4.3209   1.2136  -1.6337  -0.7934   0.00    0.0
2014/12/13 18:26:30.000  -12.843715315  131.132746319   125.9067   5  10   2.0328   2.5293   4.3210   1.2111  -1.6222  -0.7993   0.00    0.0
2014/12/13 18:27:00.000  -12.843715103  131.132746097   126.0749   5  10   2.0326   2.5294   4.3212   1.2085  -1.6107  -0.8052   0.00    0.0
2014/12/13 18:27:30.000  -12.843715412  131.132746075   125.9181   5  10   2.0323   2.5295   4.3216   1.2058  -1.5991  -0.8110   0.00    0.0
2014/12/13 18:28:00.000  -12.843715685  131.132746562   126.1008   5  10   2.0320   2.5297   4.3221   1.2031  -1.5875  -0.8168   0.00    0.0
2014/12/13 18:28:30.000  -12.843715438  131.132745588   126.2323   5  10   2.0317   2.5299   4.3227   1.2002  -1.5760  -0.8226   0.00    0.0
2014/12/13 18:29:00.000  -12.843715200  131.132746693   126.1841   5  10   2.0314   2.5302   4.3235   1.1973  -1.5644  -0.8284   0.00    0.0
2014/12/13 18:29:30.000  -12.843714682  131.132748421   126.0248   5  10   2.0310   2.5305   4.3244   1.1943  -1.5528  -0.8341   0.00    0.0
2014/12/13 18:30:00.000  -12.843714025  131.132749685   125.9941   5  10   2.0306   2.5308   4.3255   1.1912  -1.5411  -0.8398   0.00    0.0
2014/12/13 18:30:30.000  -12.843714300  131.132748574   126.0183   5  10   2.0301   2.5312   4.3267   1.1880  -1.5294  -0.8455   0.00    0.0
2014/12/13 18:31:00.000  -12.843713529  131.132748551   125.8476   5  10   2.0297   2.5315   4.3280   1.1847  -1.5178  -0.8511   0.00    0.0
2014/12/13 18:31:30.000  -12.843712500  131.132748256   125.5266   5  10   2.0292   2.5320   4.3295   1.1814  -1.5060  -0.8567   0.00    0.0
2014/12/13 18:32:00.000  -12.843713345  131.132748300   125.7835   5  10   2.0287   2.5324   4.3311   1.1780  -1.4943  -0.8623   0.00    0.0
2014/12/13 18:32:30.000  -12.843713750  131.132747990   125.8627   5  10   2.0282   2.5329   4.3328   1.1745  -1.4825  -0.8679   0.00    0.0
2014/12/13 18:33:00.000  -12.843714459  131.132746940   125.9574   5  10   2.0276   2.5334   4.3347   1.1709  -1.4707  -0.8734   0.00    0.0
2014/12/13 18:33:30.000  -12.843714840  131.132746073   125.7054   5  10   2.0270   2.5340   4.3368   1.1672  -1.4589  -0.8789   0.00    0.0
2014/12/13 18:34:00.000  -12.843714261  131.132746621   125.5660   5  10   2.0264   2.5346   4.3389   1.1634  -1.4470  -0.8844   0.00    0.0
2014/12/13 18:34:30.000  -12.843713089  131.132747030   125.4437   5  10   2.0258   2.5352   4.3412   1.1596  -1.4351  -0.8898   0.00    0.0
2014/12/13 18:35:00.000  -12.843710526  131.132750482   125.0315   5  11   1.8093   2.1494   3.9571   0.3337   0.6204   0.9102   0.00    0.0
2014/12/13 18:35:30.000  -12.843710257  131.132751474   125.1294   5  11   1.8100   2.1517   3.9622   0.3290   0.6387   0.8995   0.00    0.0
2014/12/13 18:36:00.000  -12.843710743  131.132751984   125.0698   5  11   1.8107   2.1540   3.9675   0.3240   0.6565   0.8888   0.00    0.0
2014/12/13 18:36:30.000  -12.843710881  131.132749960   124.9220   5  11   1.8115   2.1564   3.9728   0.3188   0.6738   0.8778   0.00    0.0
2014/12/13 18:37:00.000  -12.843711380  131.132749290   124.9469   5  11   1.8122   2.1587   3.9783   0.3133   0.6906   0.8668   0.00    0.0
2014/12/13 18:37:30.000  -12.843710785  131.132750328   124.9079   5  11   1.8129   2.1611   3.9839   0.3076   0.7071   0.8556   0.00    0.0
2014/12/13 18:38:00.000  -12.843710816  131.132751032   125.1471   5  11   1.8136   2.1635   3.9896   0.3015   0.7231   0.8442   0.00    0.0
2014/12/13 18:38:30.000  -12.843710942  131.132750463   125.2142   5  11   1.8144   2.1659   3.9954   0.2952   0.7388   0.8328   0.00    0.0
2014/12/13 18:39:00.000  -12.843710858  131.132750359   125.0855   5  11   1.8151   2.1683   4.0014   0.2885   0.7541   0.8211   0.00    0.0
2014/12/13 18:39:30.000  -12.843710783  131.132750543   124.9607   5  11   1.8158   2.1707   4.0075   0.2816   0.7692   0.8094   0.00    0.0
2014/12/13 18:40:00.000  -12.843710890  131.132750184   125.0822   5  11   1.8165   2.1732   4.0137   0.2742   0.7839   0.7974   0.00    0.0
2014/12/13 18:40:30.000  -12.843711867  131.132751530   125.2494   5  11   1.8173   2.1757   4.0201   0.2665   0.7983   0.7853   0.00    0.0
2014/12/13 18:41:00.000  -12.843712045  131.132752001   125.2985   5  11   1.8180   2.1781   4.0266   0.2584   0.8125   0.7731   0.00    0.0
2014/12/13 18:41:30.000  -12.843711780  131.132751907   125.1563   5  11   1.8187   2.1806   4.0332   0.2498   0.8265   0.7606   0.00    0.0
2014/12/13 18:42:00.000  -12.843711279  131.132750691   125.1050   5  11   1.8195   2.1832   4.0399   0.2408   0.8401   0.7480   0.00    0.0
2014/12/13 18:42:30.000  -12.843710526  131.132750891   125.1953   5  11   1.8202   2.1857   4.0468   0.2312   0.8536   0.7352   0.00    0.0
2014/12/13 18:43:00.000  -12.843710262  131.132752183   125.2398   5  11   1.8209   2.1882   4.0538   0.2211   0.8669   0.7223   0.00    0.0
2014/12/13 18:43:30.000  -12.843709820  131.132752431   125.1975   5  11   1.8217   2.1908   4.0610   0.2102   0.8799   0.7091   0.00    0.0
2014/12/13 18:44:00.000  -12.843709681  131.132752329   125.3299   5  11   1.8224   2.1934   4.0683   0.1986   0.8928   0.6957   0.00    0.0
2014/12/13 18:44:30.000  -12.843710267  131.132751619   125.4175   5  11   1.8231   2.1959   4.0757   0.1861   0.9054   0.6822   0.00    0.0
2014/12/13 18:45:00.000  -12.843710735  131.132751068   125.4967   5  11   1.8239   2.1985   4.0832   0.1724   0.9179   0.6684   0.00    0.0
2014/12/13 18:45:30.000  -12.843710854  131.132751240   125.3593   5  11   1.8246   2.2012   4.0909   0.1574   0.9302   0.6543   0.00    0.0
2014/12/13 18:46:00.000  -12.843710131  131.132751422   125.0446   5  11   1.8254   2.2038   4.0987   0.1405   0.9423   0.6401   0.00    0.0
2014/12/13 18:46:30.000  -12.843710343  131.132751235   125.0257   5  11   1.8261   2.2064   4.1066   0.1211   0.9543   0.6256   0.00    0.0
2014/12/13 18:47:00.000  -12.843710120  131.132750009   125.1543   5  11   1.8269   2.2091   4.1147   0.0976   0.9661   0.6108   0.00    0.0
2014/12/13 18:47:30.000  -12.843709657  131.132750824   125.2193   5  11   1.8276   2.2118   4.1229   0.0658   0.9777   0.5957   0.00    0.0
2014/12/13 18:48:00.000  -12.843710451  131.132751989   125.2229   5  11   1.8284   2.2144   4.1312  -0.0303   0.9893   0.5804   0.00    0.0
2014/12/13 18:48:30.000  -12.843710616  131.132751912   125.2819   5  11   1.8292   2.2171   4.1397  -0.0788   1.0006   0.5647   0.00    0.0
2014/12/13 18:49:00.000  -12.843710645  131.132752038   125.4566   5  11   1.8299   2.2198   4.1483  -0.1075   1.0119   0.5487   0.00    0.0
2014/12/13 18:49:30.000  -12.843709831  131.132751523   125.3353   5  11   1.8307   2.2225   4.1570  -0.1302   1.0230   0.5323   0.00    0.0
2014/12/13 18:50:00.000  -12.843708884  131.132752116   125.2524   5  11   1.8314   2.2253   4.1659  -0.1496   1.0339   0.5156   0.00    0.0
2014/12/13 18:50:30.000  -12.843709543  131.132751161   125.1754   5  11   1.8322   2.2280   4.1749  -0.1668   1.0448   0.4984   0.00    0.0
2014/12/13 18:51:00.000  -12.843709962  131.132750762   125.1144   5  11   1.8330   2.2307   4.1840  -0.1825   1.0555   0.4807   0.00    0.0
2014/12/13 18:51:30.000  -12.843710518  131.132751253   125.1803   5  11   1.8337   2.2335   4.1933  -0.1971   1.0661   0.4626   0.00    0.0
2014/12/13 18:52:00.000  -12.843710107  131.132751453   125.3060   5  11   1.8345   2.2363   4.2026  -0.2107   1.0765   0.4439   0.00    0.0
2014/12/13 18:52:30.000  -12.843709912  131.132751028   125.1532   5  11   1.8353   2.2391   4.2121  -0.2236   1.0869   0.4245   0.00    0.0
2014/12/13 18:53:00.000  -12.843710695  131.132750301   125.3970   5  11   1.8360   2.2418   4.2218  -0.2357   1.0971   0.4045   0.00    0.0
2014/12/13 18:53:30.000  -12.843711001  131.132749513   125.3237   5  11   1.8368   2.2446   4.2315  -0.2474   1.1072   0.3836   0.00    0.0
2014/12/13 18:54:00.000  -12.843710092  131.132750153   125.1910   5  11   1.8376   2.2474   4.2414  -0.2585   1.1172   0.3618   0.00    0.0
2014/12/13 18:54:30.000  -12.843709109  131.132750612   124.8967   5  11   1.8384   2.2503   4.2514  -0.2692   1.1271   0.3389   0.00    0.0
2014/12/13 18:55:00.000  -12.843708831  131.132749818   124.9552   5  11   1.8391   2.2531   4.2616  -0.2795   1.1369   0.3147   0.00    0.0
2014/12/13 18:55:30.000  -12.843711200  131.132748365   125.5856   5  10   2.2681   2.2568   5.0187  -0.4065   1.2151  -1.8467   0.00    0.0
2014/12/13 18:56:00.000  -12.843710881  131.132748041   125.5437   5  10   2.2688   2.2597   5.0422  -0.4186   1.2284  -1.8610   0.00    0.0
2014/12/13 18:56:30.000  -12.843711488  131.132748339   125.6217   5  10   2.2695   2.2626   5.0660  -0.4304   1.2416  -1.8750   0.00    0.0
2014/12/13 18:57:00.000  -12.843711556  131.132749469   125.3700   5  10   2.2701   2.2656   5.0898  -0.4418   1.2547  -1.8888   0.00    0.0
2014/12/13 18:57:30.000  -12.843711604  131.132750878   125.4310   5  10   2.2706   2.2686   5.1137  -0.4529   1.2677  -1.9022   0.00    0.0
2014/12/13 18:58:00.000  -12.843712556  131.132750944   125.6892   5  10   2.2711   2.2715   5.1377  -0.4637   1.2806  -1.9155   0.00    0.0
2014/12/13 18:58:30.000  -12.843713154  131.132750114   125.7683   5  10   2.2715   2.2745   5.1619  -0.4742   1.2933  -1.9284   0.00    0.0
2014/12/13 18:59:00.000  -12.843713067  131.132749369   125.7390   5  10   2.2719   2.2775   5.1861  -0.4844   1.3059  -1.9411   0.00    0.0
2014/12/13 18:59:30.000  -12.843711040  131.132748611   125.2488   5  10   2.2722   2.2805   5.2104  -0.4943   1.3184  -1.9536   0.00    0.0
2014/12/13 19:00:00.000  -12.843710582  131.132747968   125.2671   5  10   2.2725   2.2835   5.2348  -0.5039   1.3308  -1.9657   0.00    0.0
2014/12/13 19:00:30.000  -12.843712824  131.132748141   125.8061   5  10   2.2727   2.2866   5.2593  -0.5133   1.3430  -1.9776   0.00    0.0
2014/12/13 19:01:00.000  -12.843713711  131.132748919   125.9550   5  10   2.2728   2.2896   5.2838  -0.5224   1.3551  -1.9891   0.00    0.0
2014/12/13 19:01:30.000  -12.843712679  131.132749093   126.0278   5  10   2.2728   2.2926   5.3084  -0.5312   1.3671  -2.0004   0.00    0.0
2014/12/13 19:02:00.000  -12.843711890  131.132748303   125.8368   5  10   2.2728   2.2957   5.3330  -0.5398   1.3789  -2.0114   0.00    0.0
2014/12/13 19:02:30.000  -12.843711367  131.132747507   125.9037   5  10   2.2728   2.2987   5.3576  -0.5482   1.3906  -2.0222   0.00    0.0
2014/12/13 19:03:00.000  -12.843711152  131.132747861   125.8139   5  10   2.2726   2.3018   5.3823  -0.5563   1.4021  -2.0326   0.00    0.0
2014/12/13 19:03:30.000  -12.843706430  131.132747094   124.5307   5  11   1.8926   2.2353   4.4188   0.6232   0.4970  -0.5035   0.00    0.0
2014/12/13 19:04:00.000  -12.843706362  131.132747656   124.6363   5  11   1.8926   2.2371   4.4399   0.6215   0.5047  -0.5279   0.00    0.0
2014/12/13 19:04:30.000  -12.843707443  131.132748465   124.7802   5  11   1.8925   2.2389   4.4612   0.6197   0.5123  -0.5510   0.00    0.0
2014/12/13 19:05:00.000  -12.843707827  131.132746979   124.7361   5  11   1.8925   2.2407   4.4828   0.6180   0.5197  -0.5730   0.00    0.0
2014/12/13 19:05:30.000  -12.843708786  131.132746386   124.9741   5  11   1.8925   2.2425   4.5045   0.6163   0.5268  -0.5939   0.00    0.0
2014/12/13 19:06:00.000  -12.843708505  131.132746774   124.9791   5  11   1.8925   2.2443   4.5264   0.6146   0.5339  -0.6139   0.00    0.0
2014/12/13 19:06:30.000  -12.843708067  131.132747509   124.7836   5  11   1.8925   2.2461   4.5486   0.6130   0.5407  -0.6330   0.00    0.0
2014/12/13 19:07:00.000  -12.843708416  131.132747169   124.8357   5  11   1.8925   2.2480   4.5709   0.6113   0.5474  -0.6513   0.00    0.0
2014/12/13 19:07:30.000  -12.843708433  131.132746675   124.9525   5  11   1.8925   2.2498   4.5934   0.6097   0.5539  -0.6689   0.00    0.0
2014/12/13 19:08:00.000  -12.843707236  131.132745528   124.7913   5  11   1.8925   2.2516   4.6162   0.6081   0.5602  -0.6858   0.00    0.0
2014/12/13 19:08:30.000  -12.843707409  131.132745534   124.7002   5  11   1.8925   2.2534   4.6391   0.6065   0.5663  -0.7021   0.00    0.0
2014/12/13 19:09:00.000  -12.843707260  131.132746013   124.7436   5  11   1.8925   2.2552   4.6622   0.6050   0.5723  -0.7178   0.00    0.0
2014/12/13 19:09:30.000  -12.843705967  131.132746481   124.5489   5  11   1.8926   2.2570   4.6855   0.6035   0.5782  -0.7329   0.00    0.0
2014/12/13 19:10:00.000  -12.843705563  131.132745842   124.3889   5  11   1.8926   2.2589   4.7090   0.6020   0.5838  -0.7474   0.00    0.0
2014/12/13 19:10:30.000  -12.843705693  131.132745964   124.3801   5  11   1.8927   2.2607   4.7327   0.6006   0.5894  -0.7615   0.00    0.0
2014/12/13 19:11:00.000  -12.843706440  131.132745505   124.4209   5  11   1.8927   2.2625   4.7565   0.5992   0.5947  -0.7750   0.00    0.0
2014/12/13 19:11:30.000  -12.843707576  131.132746161   124.7369   5  11   1.8928   2.2644   4.7805   0.5978   0.5999  -0.7880   0.00    0.0
2014/12/13 19:12:00.000  -12.843707792  131.132747413   124.9309   5  11   1.8929   2.2662   4.8047   0.5965   0.6050  -0.8006   0.00    0.0
2014/12/13 19:12:30.000  -12.843708091  131.132747152   124.7630   5  11   1.8929   2.2680   4.8291   0.5952   0.6098  -0.8128   0.00    0.0
2014/12/13 19:13:00.000  -12.843707009  131.132745975   124.7771   5  10   1.9625   2.4087   5.3331  -0.2537  -1.1845   0.6815   0.00    0.0
2014/12/13 19:13:30.000  -12.843707267  131.132746002   125.0729   5  10   1.9620   2.4087   5.3679  -0.2475  -1.1875   0.6750   0.00    0.0
2014/12/13 19:14:00.000  -12.843707368  131.132746114   125.3267   5  10   1.9614   2.4088   5.4031  -0.2410  -1.1907   0.6689   0.00    0.0
2014/12/13 19:14:30.000  -12.843707769  131.132745027   125.4207   5  10   1.9609   2.4090   5.4387  -0.2344  -1.1939   0.6631   0.00    0.0
2014/12/13 19:15:00.000  -12.843708023  131.132743139   125.1780   5  10   1.9604   2.4091   5.4747  -0.2276  -1.1973   0.6577   0.00    0.0
2014/12/13 19:15:30.000  -12.843707805  131.132742972   124.9927   5  10   1.9598   2.4093   5.5110  -0.2206  -1.2008   0.6528   0.00    0.0
2014/12/13 19:16:00.000  -12.843707177  131.132743296   125.0805   5  10   1.9593   2.4095   5.5478  -0.2133  -1.2044   0.6483   0.00    0.0
2014/12/13 19:16:30.000  -12.843707103  131.132742844   124.8784   5  10   1.9588   2.4097   5.5850  -0.2058  -1.2082   0.6443   0.00    0.0
2014/12/13 19:17:00.000  -12.843707724  131.132742302   125.1028   5  10   1.9584   2.4100   5.6225  -0.1980  -1.2121   0.6408   0.00    0.0
2014/12/13 19:17:30.000  -12.843708053  131.132742980   125.0563   5  10   1.9579   2.4103   5.6604  -0.1899  -1.2161   0.6377   0.00    0.0
2014/12/13 19:18:00.000  -12.843707357  131.132743235   124.9162   5  10   1.9575   2.4106   5.6987  -0.1814  -1.2203   0.6353   0.00    0.0
2014/12/13 19:18:30.000  -12.843706838  131.132744299   124.9528   5  10   1.9570   2.4110   5.7374  -0.1726  -1.2245   0.6334   0.00    0.0
2014/12/13 19:19:00.000  -12.843706826  131.132744215   124.6508   5  10   1.9566   2.4114   5.7764  -0.1632  -1.2289   0.6320   0.00    0.0
2014/12/13 19:19:30.000  -12.843706700  131.132743227   124.5127   5  10   1.9562   2.4118   5.8159  -0.1533  -1.2335   0.6313   0.00    0.0
2014/12/13 19:20:00.000  -12.843705980  131.132743659   124.6525   5  10   1.9559   2.4122   5.8557  -0.1427  -1.2381   0.6312   0.00    0.0
2014/12/13 19:20:30.000  -12.843704988  131.132743494   124.9464   5  10   1.9555   2.4127   5.8958  -0.1314  -1.2429   0.6317   0.00    0.0
2014/12/13 19:21:00.000  -12.843705768  131.132743296   125.2717   5  10   1.9552   2.4132   5.9363  -0.1189  -1.2478   0.6329   0.00    0.0
2014/12/13 19:21:30.000  -12.843706276  131.132743738   125.4390   5  10   1.9548   2.4137   5.9772  -0.1051  -1.2528   0.6348   0.00    0.0
2014/12/13 19:22:00.000  -12.843706882  131.132743203   125.1738   5  10   1.9545   2.4142   6.0184  -0.0891  -1.2580   0.6373   0.00    0.0
2014/12/13 19:22:30.000  -12.843707701  131.132742612   125.3047   5  10   1.9543   2.4148   6.0599  -0.0698  -1.2632   0.6405   0.00    0.0
2014/12/13 19:23:00.000  -12.843707434  131.132742048   125.4160   5  10   1.9540   2.4154   6.1018  -0.0424  -1.2686   0.6444   0.00    0.0
2014/12/13 19:23:30.000  -12.843706435  131.132742829   125.2219   5  10   1.9538   2.4160   6.1440   0.0354  -1.2741   0.6490   0.00    0.0
2014/12/13 19:24:00.000  -12.843705462  131.132743040   124.5276   5  10   1.9536   2.4167   6.1865   0.0655  -1.2797   0.6542   0.00    0.0
2014/12/13 19:24:30.000  -12.843705134  131.132742499   124.5020   5  10   1.9534   2.4174   6.2293   0.0855  -1.2854   0.6602   0.00    0.0
2014/12/13 19:25:00.000  -12.843705799  131.132742043   124.6161   5  10   1.9532   2.4181   6.2724   0.1016  -1.2913   0.6669   0.00    0.0
2014/12/13 19:25:30.000  -12.843706410  131.132742456   124.8644   5  10   1.9531   2.4189   6.3158   0.1153  -1.2972   0.6743   0.00    0.0
2014/12/13 19:26:00.000  -12.843706406  131.132742553   125.0720   5  10   1.9530   2.4197   6.3594   0.1275  -1.3032   0.6824   0.00    0.0
2014/12/13 19:26:30.000  -12.843706955  131.132742474   125.1735   5  10   1.9529   2.4205   6.4034   0.1386  -1.3093   0.6911   0.00    0.0
2014/12/13 19:27:00.000  -12.843707375  131.132742612   125.3589   5  10   1.9529   2.4213   6.4475   0.1487  -1.3155   0.7005   0.00    0.0
2014/12/13 19:27:30.000  -12.843707372  131.132742192   125.3700   5  10   1.9529   2.4222   6.4919   0.1582  -1.3218   0.7106   0.00    0.0
2014/12/13 19:28:00.000  -12.843706974  131.132742348   125.2387   5  10   1.9529   2.4231   6.5366   0.1670  -1.3282   0.7214   0.00    0.0
2014/12/13 19:28:30.000  -12.843706664  131.132742989   125.4429   5  10   1.9529   2.4240   6.5814   0.1753  -1.3347   0.7327   0.00    0.0
2014/12/13 19:29:00.000  -12.843706648  131.132742008   125.4051   5  10   1.9530   2.4250   6.6264   0.1831  -1.3412   0.7447   0.00    0.0
2014/12/13 19:29:30.000  -12.843705654  131.132742683   125.3052   5  10   1.9531   2.4260   6.6716   0.1905  -1.3479   0.7574   0.00    0.0
2014/12/13 19:30:00.000  -12.843704887  131.132742168   125.1928   5  10   1.9533   2.4270   6.7169   0.1976  -1.3545   0.7706   0.00    0.0
2014/12/13 19:30:30.000  -12.843704967  131.132742194   125.1666   5  10   1.9535   2.4280   6.7624   0.2043  -1.3613   0.7844   0.00    0.0
2014/12/13 19:31:00.000  -12.843704899  131.132741020   125.3579   5  10   1.9537   2.4291   6.8080   0.2108  -1.3681   0.7987   0.00    0.0
2014/12/13 19:31:30.000  -12.843704471  131.132741098   125.1813   5  10   1.9540   2.4302   6.8537   0.2170  -1.3749   0.8136   0.00    0.0
2014/12/13 19:32:00.000  -12.843704389  131.132741360   125.0748   5  10   1.9543   2.4313   6.8995   0.2229  -1.3818   0.8290   0.00    0.0
2014/12/13 19:32:30.000  -12.843704503  131.132741680   124.9018   5  10   1.9546   2.4325   6.9453   0.2286  -1.3887   0.8450   0.00    0.0
2014/12/13 19:33:00.000  -12.843704922  131.132741935   124.9975   5  10   1.9550   2.4337   6.9911   0.2340  -1.3957   0.8614   0.00    0.0
2014/12/13 19:33:30.000  -12.843705033  131.132741113   125.1870   5  10   1.9554   2.4349   7.0369   0.2393  -1.4027   0.8783   0.00    0.0
2014/12/13 19:34:00.000  -12.843704806  131.132741158   125.4208   5  10   1.9559   2.4361   7.0828   0.2443  -1.4097   0.8957   0.00    0.0
2014/12/13 19:34:30.000  -12.843705317  131.132741489   125.4585   5  10   1.9564   2.4374   7.1285   0.2492  -1.4166   0.9135   0.00    0.0
2014/12/13 19:35:00.000  -12.843705754  131.132741291   125.3748   5  10   1.9570   2.4387   7.1742   0.2538  -1.4236   0.9317   0.00    0.0
2014/12/13 19:35:30.000  -12.843705415  131.132741375   125.4299   5  10   1.9576   2.4400   7.2198   0.2583  -1.4306   0.9504   0.00    0.0
2014/12/13 19:36:00.000  -12.843705310  131.132741216   125.4964   5  10   1.9583   2.4414   7.2653   0.2627  -1.4376   0.9694   0.00    0.0
2014/12/13 19:36:30.000  -12.843705549  131.132741064   125.4290   5  10   1.9590   2.4427   7.3106   0.2668  -1.4445   0.9888   0.00    0.0
2014/12/13 19:37:00.000  -12.843705723  131.132740998   125.3075   5  10   1.9598   2.4442   7.3556   0.2709  -1.4514   1.0085   0.00    0.0
2014/12/13 19:37:30.000  -12.843705304  131.132741439   125.4856   5  10   1.9606   2.4456   7.4005   0.2747  -1.4583   1.0286   0.00    0.0
2014/12/13 19:38:00.000  -12.843704454  131.132742027   125.5199   5  10   1.9615   2.4471   7.4451   0.2784  -1.4651   1.0490   0.00    0.0
2014/12/13 19:38:30.000  -12.843704413  131.132741860   125.2890   5  10   1.9624   2.4485   7.4894   0.2820  -1.4718   1.0697   0.00    0.0
2014/12/13 19:39:00.000  -12.843704918  131.132740952   125.1731   5  10   1.9634   2.4501   7.5334   0.2855  -1.4785   1.0907   0.00    0.0
2014/12/13 19:39:30.000  -12.843704713  131.132740636   125.2764   5  10   1.9645   2.4516   7.5770   0.2888  -1.4851   1.1119   0.00    0.0
2014/12/13 19:40:00.000  -12.843704232  131.132741021   125.3644   5  10   1.9656   2.4532   7.6202   0.2920  -1.4916   1.1334   0.00    0.0
2014/12/13 19:40:30.000  -12.843704631  131.132740351   125.2513   5  10   1.9668   2.4548   7.6630   0.2951  -1.4980   1.1552   0.00    0.0
2014/12/13 19:41:00.000  -12.843703783  131.132739043   125.2574   5  10   1.9680   2.4564   7.7053   0.2980  -1.5042   1.1771   0.00    0.0
2014/12/13 19:41:30.000  -12.843703876  131.132739477   125.2671   5  10   1.9693   2.4580   7.7471   0.3009  -1.5104   1.1992   0.00    0.0
2014/12/13 19:42:00.000  -12.843704565  131.132740293   125.4629   5  10   1.9707   2.4597   7.7884   0.3036  -1.5164   1.2215   0.00    0.0
2014/12/13 19:42:30.000  -12.843704413  131.132741819   125.6291   5  10   1.9721   2.4614   7.8290   0.3063  -1.5222   1.2440   0.00    0.0
2014/12/13 19:43:00.000  -12.843704353  131.132741531   125.5463   5  10   1.9736   2.4631   7.8691   0.3088  -1.5279   1.2666   0.00    0.0
2014/12/13 19:43:30.000  -12.843704277  131.132741669   125.4547   5  10   1.9751   2.4649   7.9084   0.3112  -1.5335   1.2893   0.00    0.0
2014/12/13 19:44:00.000  -12.843703947  131.132741684   125.7595   5  10   1.9768   2.4666   7.9471   0.3135  -1.5388   1.3122   0.00    0.0
2014/12/13 19:44:30.000  -12.843704393  131.132741488   125.9121   5  10   1.9785   2.4684   7.9850   0.3158  -1.5440   1.3351   0.00    0.0
2014/12/13 19:45:00.000  -12.843704540  131.132740900   125.8319   5  10   1.9802   2.4702   8.0222   0.3179  -1.5489   1.3581   0.00    0.0
2014/12/13 19:45:30.000  -12.843704784  131.132740046   125.6125   5  10   1.9821   2.4721   8.0585   0.3200  -1.5537   1.3812   0.00    0.0
2014/12/13 19:46:00.000  -12.843704973  131.132740309   125.4418   5  10   1.9840   2.4739   8.0940   0.3220  -1.5582   1.4042   0.00    0.0
2014/12/13 19:46:30.000  -12.843704894  131.132741071   125.3571   5  10   1.9860   2.4758   8.1285   0.3239  -1.5625   1.4273   0.00    0.0
2014/12/13 19:47:00.000  -12.843704848  131.132741459   125.6145   5  10   1.9881   2.4777   8.1622   0.3257  -1.5665   1.4504   0.00    0.0
2014/12/13 19:47:30.000  -12.843704218  131.132741147   125.6840   5  10   1.9902   2.4797   8.1948   0.3275  -1.5703   1.4735   0.00    0.0
2014/12/13 19:48:00.000  -12.843703985  131.132740319   126.1480   5  10   1.9924   2.4816   8.2265   0.3292  -1.5738   1.4966   0.00    0.0
2014/12/13 19:48:30.000  -12.843703942  131.132739304   126.1005   5  10   1.9947   2.4836   8.2572   0.3308  -1.5770   1.5196   0.00    0.0
2014/12/13 19:49:00.000  -12.843703687  131.132738762   125.8173   5  10   1.9970   2.4856   8.2867   0.3324  -1.5799   1.5425   0.00    0.0
2014/12/13 19:49:30.000  -12.843702851  131.132738779   125.8974   5  10   1.9995   2.4876   8.3152   0.3340  -1.5826   1.5653   0.00    0.0
2014/12/13 19:50:00.000  -12.843703076  131.132738967   125.5720   5  10   2.0020   2.4896   8.3425   0.3355  -1.5849   1.5881   0.00    0.0
2014/12/13 19:50:30.000  -12.843703105  131.132739007   125.3388   5  10   2.0046   2.4917   8.3687   0.3369  -1.5869   1.6107   0.00    0.0
2014/12/13 19:51:00.000  -12.843702875  131.132739252   125.3167   5  10   2.0072   2.4938   8.3937   0.3383  -1.5886   1.6331   0.00    0.0
2014/12/13 19:51:30.000  -12.843703587  131.132738582   125.0222   5  10   2.0099   2.4959   8.4175   0.3397  -1.5900   1.6554   0.00    0.0
2014/12/13 19:52:00.000  -12.843703899  131.132738803   125.1293   5  10   2.0128   2.4980   8.4400   0.3411  -1.5910   1.6776   0.00    0.0
2014/12/13 19:52:30.000  -12.843704313  131.132738615   125.1941   5  10   2.0156   2.5002   8.4613   0.3424  -1.5917   1.6995   0.00    0.0
2014/12/13 19:53:00.000  -12.843704114  131.132739003   125.1730   5  10   2.0186   2.5023   8.4812   0.3437  -1.5920   1.7212   0.00    0.0
2014/12/13 19:53:30.000  -12.843703642  131.132738609   125.4058   5  10   2.0216   2.5045   8.4999   0.3450  -1.5919   1.7428   0.00    0.0
2014/12/13 19:54:00.000  -12.843703534  131.132738772   125.3040   5  10   2.0247   2.5067   8.5173   0.3463  -1.5915   1.7641   0.00    0.0
2014/12/13 19:54:30.000  -12.843703278  131.132739194   125.3871   5  10   2.0279   2.5089   8.5333   0.3476  -1.5907   1.7851   0.00    0.0
2014/12/13 19:55:00.000  -12.843702316  131.132739627   125.9358   5  10   2.0311   2.5112   8.5480   0.3489  -1.5896   1.8059   0.00    0.0
2014/12/13 19:55:30.000  -12.843701723  131.132740432   125.9707   5  10   2.0344   2.5135   8.5613   0.3501  -1.5880   1.8264   0.00    0.0
2014/12/13 19:56:00.000  -12.843701478  131.132740566   125.5525   5  10   2.0378   2.5158   8.5733   0.3514  -1.5861   1.8466   0.00    0.0
2014/12/13 19:56:30.000  -12.843701333  131.132739907   125.4210   5  10   2.0413   2.5181   8.5839   0.3527  -1.5837   1.8665   0.00    0.0
2014/12/13 19:57:00.000  -12.843701987  131.132738909   125.0939   5  10   2.0448   2.5204   8.5931   0.3540  -1.5810   1.8861   0.00    0.0
2014/12/13 19:57:30.000  -12.843702203  131.132738392   125.1539   5  10   2.0483   2.5228   8.6010   0.3553  -1.5779   1.9054   0.00    0.0
2014/12/13 19:58:00.000  -12.843702117  131.132738098   125.3343   5  10   2.0520   2.5251   8.6075   0.3567  -1.5744   1.9243   0.00    0.0
2014/12/13 19:58:30.000  -12.843701752  131.132737545   125.3930   5  10   2.0557   2.5275   8.6126   0.3580  -1.5704   1.9429   0.00    0.0
2014/12/13 19:59:00.000  -12.843701541  131.132738003   125.3930   5  10   2.0594   2.5300   8.6164   0.3594  -1.5661   1.9612   0.00    0.0
2014/12/13 19:59:30.000  -12.843701891  131.132737708   125.3047   5  10   2.0633   2.5324   8.6188   0.3608  -1.5614   1.9791   0.00    0.0
2014/12/13 20:00:00.000  -12.843702293  131.132738363   125.3818   5  10   2.0671   2.5349   8.6199   0.3623  -1.5562   1.9966   0.00    0.0
2014/12/13 20:00:30.000  -12.843702666  131.132737655   125.5300   5  10   2.0711   2.5374   8.6196   0.3638  -1.5507   2.0138   0.00    0.0
2014/12/13 20:01:00.000  -12.843703885  131.132736536   125.2211   5  10   2.0751   2.5399   8.6180   0.3653  -1.5448   2.0306   0.00    0.0
2014/12/13 20:01:30.000  -12.843704507  131.132736673   125.0612   5  10   2.0791   2.5425   8.6152   0.3668  -1.5384   2.0469   0.00    0.0
2014/12/13 20:02:00.000  -12.843704180  131.132736743   124.9580   5  10   2.0832   2.5450   8.6110   0.3684  -1.5317   2.0629   0.00    0.0
2014/12/13 20:02:30.000  -12.843703671  131.132737630   125.0322   5  10   2.0873   2.5476   8.6056   0.3700  -1.5246   2.0785   0.00    0.0
2014/12/13 20:03:00.000  -12.843702516  131.132737697   125.1918   5  10   2.0915   2.5503   8.5990   0.3716  -1.5170   2.0938   0.00    0.0
2014/12/13 20:03:30.000  -12.843701760  131.132738358   125.0735   5  10   2.0957   2.5529   8.5911   0.3733  -1.5091   2.1086   0.00    0.0
2014/12/13 20:04:00.000  -12.843701449  131.132738352   125.0768   5  10   2.1000   2.5556   8.5821   0.3750  -1.5008   2.1230   0.00    0.0
2014/12/13 20:04:30.000  -12.843701099  131.132738900   125.0859   5  10   2.1043   2.5583   8.5719   0.3768  -1.4921   2.1370   0.00    0.0
2014/12/13 20:05:00.000  -12.843701344  131.132738216   125.3363   5  10   2.1087   2.5610   8.5605   0.3786  -1.4831   2.1506   0.00    0.0
2014/12/13 20:05:30.000  -12.843701976  131.132737475   125.1969   5  10   2.1131   2.5638   8.5481   0.3804  -1.4736   2.1638   0.00    0.0
2014/12/13 20:06:00.000  -12.843702255  131.132737614   125.0040   5  10   2.1175   2.5666   8.5346   0.3822  -1.4638   2.1766   0.00    0.0
2014/12/13 20:06:30.000  -12.843701779  131.132737263   124.9923   5  10   2.1220   2.5694   8.5201   0.3841  -1.4536   2.1890   0.00    0.0
2014/12/13 20:07:00.000  -12.843701273  131.132737548   124.8518   5  10   2.1265   2.5723   8.5045   0.3860  -1.4430   2.2010   0.00    0.0
2014/12/13 20:07:30.000  -12.843702116  131.132736763   124.6148   5  10   2.1310   2.5752   8.4880   0.3879  -1.4321   2.2126   0.00    0.0
2014/12/13 20:08:00.000  -12.843701789  131.132736180   124.5336   5  10   2.1355   2.5781   8.4705   0.3899  -1.4208   2.2238   0.00    0.0
2014/12/13 20:08:30.000  -12.843701044  131.132737307   124.8023   5  10   2.1401   2.5810   8.4521   0.3919  -1.4092   2.2346   0.00    0.0
2014/12/13 20:09:00.000  -12.843701268  131.132737504   124.9191   5  10   2.1447   2.5840   8.4329   0.3939  -1.3972   2.2450   0.00    0.0
2014/12/13 20:09:30.000  -12.843700981  131.132737751   124.7119   5  10   2.1493   2.5871   8.4128   0.3959  -1.3849   2.2550   0.00    0.0
2014/12/13 20:10:00.000  -12.843701101  131.132737803   124.6037   5  10   2.1540   2.5901   8.3919   0.3979  -1.3722   2.2647   0.00    0.0
2014/12/13 20:10:30.000  -12.843701741  131.132737146   124.5720   5  10   2.1587   2.5932   8.3702   0.3999  -1.3592   2.2739   0.00    0.0
2014/12/13 20:11:00.000  -12.843701530  131.132737102   124.5351   5  10   2.1634   2.5963   8.3478   0.4019  -1.3459   2.2828   0.00    0.0
2014/12/13 20:11:30.000  -12.843701568  131.132736804   124.4719   5  10   2.1681   2.5995   8.3248   0.4040  -1.3322   2.2914   0.00    0.0
2014/12/13 20:12:00.000  -12.843701677  131.132736322   124.3911   5  10   2.1728   2.6027   8.3010   0.4060  -1.3182   2.2996   0.00    0.0
2014/12/13 20:12:30.000  -12.843701488  131.132737132   124.2739   5  10   2.1776   2.6060   8.2766   0.4080  -1.3039   2.3074   0.00    0.0
2014/12/13 20:13:00.000  -12.843701841  131.132737563   124.1416   5  10   2.1823   2.6092   8.2517   0.4100  -1.2892   2.3149   0.00    0.0
2014/12/13 20:13:30.000  -12.843701059  131.132738117   124.1698   5  10   2.1871   2.6126   8.2261   0.4120  -1.2743   2.3220   0.00    0.0
2014/12/13 20:14:00.000  -12.843700542  131.132737838   124.3966   5  10   2.1919   2.6159   8.2001   0.4140  -1.2590   2.3288   0.00    0.0
2014/12/13 20:14:30.000  -12.843700705  131.132737620   124.3447   5  10   2.1967   2.6193   8.1736   0.4160  -1.2434   2.3353   0.00    0.0
2014/12/13 20:15:00.000  -12.843700795  131.132737549   124.1903   5  10   2.2015   2.6228   8.1466   0.4179  -1.2275   2.3414   0.00    0.0
2014/12/13 20:15:30.000  -12.843700745  131.132737942   123.9945   5  10   2.2063   2.6263   8.1192   0.4198  -1.2112   2.3473   0.00    0.0
2014/12/13 20:16:00.000  -12.843701305  131.132738297   123.7181   5  10   2.2111   2.6298   8.0913   0.4216  -1.1946   2.3528   0.00    0.0
2014/12/13 20:16:30.000  -12.843701923  131.132738023   123.6888   5  10   2.2159   2.6334   8.0632   0.4234  -1.1778   2.3580   0.00    0.0
2014/12/13 20:17:00.000  -12.843701877  131.132737379   124.0570   5  10   2.2208   2.6370   8.0347   0.4252  -1.1605   2.3630   0.00    0.0
2014/12/13 20:17:30.000  -12.843700980  131.132737179   124.1316   5  10   2.2256   2.6407   8.0059   0.4269  -1.1430   2.3676   0.00    0.0
2014/12/13 20:18:00.000  -12.843700487  131.132736434   124.2330   5  10   2.2305   2.6444   7.9768   0.4286  -1.1251   2.3720   0.00    0.0
2014/12/13 20:18:30.000  -12.843700402  131.132736481   124.0761   5  10   2.2353   2.6481   7.9475   0.4302  -1.1069   2.3761   0.00    0.0
2014/12/13 20:19:00.000  -12.843700446  131.132737077   124.0354   5  10   2.2402   2.6519   7.9179   0.4318  -1.0884   2.3799   0.00    0.0
2014/12/13 20:19:30.000  -12.843700997  131.132736935   123.8499   5  10   2.2450   2.6558   7.8882   0.4333  -1.0695   2.3835   0.00    0.0
2014/12/13 20:20:00.000  -12.843701217  131.132736746   123.5943   5  10   2.2499   2.6597   7.8583   0.4347  -1.0502   2.3868   0.00    0.0
2014/12/13 20:20:30.000  -12.843701273  131.132736787   123.5757   5  10   2.2547   2.6636   7.8283   0.4360  -1.0306   2.3898   0.00    0.0
2014/12/13 20:21:00.000  -12.843701426  131.132737458   123.6407   5  10   2.2596   2.6676   7.7981   0.4372  -1.0106   2.3927   0.00    0.0
2014/12/13 20:21:30.000  -12.843701206  131.132737308   123.5502   5  10   2.2644   2.6716   7.7679   0.4384  -0.9902   2.3952   0.00    0.0
2014/12/13 20:22:00.000  -12.843700044  131.132737326   123.5749   5  10   2.2693   2.6757   7.7376   0.4395  -0.9694   2.3976   0.00    0.0
2014/12/13 20:22:30.000  -12.843700323  131.132736298   123.4041   5  11   2.2686   2.5768   6.9524   0.5576  -1.8296   2.5075   0.00    0.0
2014/12/13 20:23:00.000  -12.843700427  131.132736149   123.4621   5  11   2.2732   2.5783   6.9416   0.5619  -1.8178   2.5099   0.00    0.0
2014/12/13 20:23:30.000  -12.843699977  131.132736408   123.5372   5  11   2.2778   2.5797   6.9304   0.5662  -1.8058   2.5122   0.00    0.0
2014/12/13 20:24:00.000  -12.843699578  131.132735881   123.5643   5  11   2.2824   2.5812   6.9188   0.5705  -1.7936   2.5142   0.00    0.0
2014/12/13 20:24:30.000  -12.843699638  131.132735803   123.3854   5  11   2.2870   2.5827   6.9068   0.5748  -1.7811   2.5161   0.00    0.0
2014/12/13 20:25:00.000  -12.843700036  131.132735179   123.1635   5  11   2.2915   2.5842   6.8945   0.5790  -1.7685   2.5178   0.00    0.0
2014/12/13 20:25:30.000  -12.843700353  131.132735618   123.2011   5  11   2.2961   2.5857   6.8818   0.5833  -1.7556   2.5192   0.00    0.0
2014/12/13 20:26:00.000  -12.843700556  131.132735785   123.3309   5  11   2.3006   2.5873   6.8688   0.5875  -1.7426   2.5205   0.00    0.0
2014/12/13 20:26:30.000  -12.843700282  131.132735752   123.3140   5  11   2.3052   2.5889   6.8556   0.5917  -1.7293   2.5216   0.00    0.0
2014/12/13 20:27:00.000  -12.843700213  131.132735047   123.2535   5  11   2.3097   2.5904   6.8420   0.5958  -1.7159   2.5225   0.00    0.0
2014/12/13 20:27:30.000  -12.843700616  131.132735080   123.2521   5  11   2.3142   2.5920   6.8282   0.5999  -1.7023   2.5233   0.00    0.0
2014/12/13 20:28:00.000  -12.843700735  131.132736002   123.3811   5  11   2.3186   2.5937   6.8141   0.6040  -1.6885   2.5238   0.00    0.0
2014/12/13 20:28:30.000  -12.843700279  131.132735510   123.4023   5  11   2.3231   2.5953   6.7998   0.6080  -1.6745   2.5242   0.00    0.0
2014/12/13 20:29:00.000  -12.843699470  131.132735681   123.4934   5  11   2.3275   2.5970   6.7852   0.6120  -1.6603   2.5244   0.00    0.0
2014/12/13 20:29:30.000  -12.843699123  131.132735579   123.3800   5  11   2.3320   2.5986   6.7705   0.6159  -1.6460   2.5245   0.00    0.0
2014/12/13 20:30:00.000  -12.843699216  131.132736224   123.2036   5  11   2.3364   2.6003   6.7556   0.6198  -1.6314   2.5244   0.00    0.0
2014/12/13 20:30:30.000  -12.843699104  131.132735677   122.9851   5  11   2.3407   2.6021   6.7405   0.6236  -1.6168   2.5242   0.00    0.0
2014/12/13 20:31:00.000  -12.843699108  131.132734743   122.9385   5  11   2.3451   2.6038   6.7252   0.6273  -1.6019   2.5237   0.00    0.0
2014/12/13 20:31:30.000  -12.843698723  131.132734850   122.9885   5  11   2.3495   2.6056   6.7098   0.6310  -1.5869   2.5232   0.00    0.0
2014/12/13 20:32:00.000  -12.843699108  131.132734871   123.1148   5  11   2.3538   2.6074   6.6943   0.6346  -1.5717   2.5225   0.00    0.0
2014/12/13 20:32:30.000  -12.843699028  131.132735161   123.3278   5  11   2.3581   2.6092   6.6786   0.6382  -1.5564   2.5216   0.00    0.0
2014/12/13 20:33:00.000  -12.843699545  131.132734914   123.2688   5  11   2.3624   2.6111   6.6629   0.6416  -1.5409   2.5206   0.00    0.0
2014/12/13 20:33:30.000  -12.843699775  131.132735299   123.4428   5  11   2.3666   2.6129   6.6470   0.6450  -1.5253   2.5195   0.00    0.0
2014/12/13 20:34:00.000  -12.843700066  131.132735349   123.3062   5  11   2.3709   2.6148   6.6311   0.6483  -1.5095   2.5183   0.00    0.0
2014/12/13 20:34:30.000  -12.843699659  131.132735262   123.3767   5  11   2.3751   2.6167   6.6151   0.6515  -1.4935   2.5169   0.00    0.0
2014/12/13 20:35:00.000  -12.843699047  131.132735976   123.2080   5  11   2.3793   2.6187   6.5990   0.6547  -1.4774   2.5154   0.00    0.0
2014/12/13 20:35:30.000  -12.843698443  131.132737047   122.8762   5  11   2.3835   2.6207   6.5830   0.6577  -1.4612   2.5137   0.00    0.0
2014/12/13 20:36:00.000  -12.843698651  131.132737205   122.7200   5  11   2.3876   2.6227   6.5668   0.6607  -1.4448   2.5120   0.00    0.0
2014/12/13 20:36:30.000  -12.843699038  131.132736647   122.8402   5  11   2.3918   2.6247   6.5507   0.6636  -1.4282   2.5101   0.00    0.0
2014/12/13 20:37:00.000  -12.843699718  131.132735351   122.8257   5  11   2.3959   2.6267   6.5345   0.6663  -1.4115   2.5081   0.00    0.0
2014/12/13 20:37:30.000  -12.843699735  131.132735371   122.7724   5  11   2.3999   2.6288   6.5184   0.6690  -1.3946   2.5060   0.00    0.0
2014/12/13 20:38:00.000  -12.843698678  131.132736488   122.7582   5  11   2.4040   2.6309   6.5023   0.6716  -1.3776   2.5038   0.00    0.0
2014/12/13 20:38:30.000  -12.843698991  131.132736799   122.5490   5  11   2.4080   2.6331   6.4862   0.6740  -1.3604   2.5014   0.00    0.0
2014/12/13 20:39:00.000  -12.843698962  131.132736569   122.5415   5  11   2.4121   2.6352   6.4701   0.6764  -1.3430   2.4990   0.00    0.0
2014/12/13 20:39:30.000  -12.843699014  131.132737169   122.6269   5  11   2.4160   2.6374   6.4540   0.6787  -1.3255   2.4965   0.00    0.0
2014/12/13 20:40:00.000  -12.843698609  131.132737241   122.8783   5  11   2.4200   2.6397   6.4380   0.6808  -1.3078   2.4938   0.00    0.0
2014/12/13 20:40:30.000  -12.843699176  131.132736921   122.8942   5  11   2.4239   2.6419   6.4221   0.6828  -1.2899   2.4911   0.00    0.0
2014/12/13 20:41:00.000  -12.843698699  131.132737562   122.9305   5  11   2.4279   2.6442   6.4062   0.6848  -1.2718   2.4883   0.00    0.0
2014/12/13 20:41:30.000  -12.843698430  131.132737375   122.8926   5  11   2.4318   2.6465   6.3904   0.6866  -1.2536   2.4854   0.00    0.0
2014/12/13 20:42:00.000  -12.843698085  131.132736857   122.7800   5  11   2.4356   2.6489   6.3747   0.6882  -1.2351   2.4824   0.00    0.0
2014/12/13 20:42:30.000  -12.843698100  131.132737564   122.4739   5  11   2.4395   2.6512   6.3591   0.6898  -1.2165   2.4793   0.00    0.0
2014/12/13 20:43:00.000  -12.843697890  131.132737172   122.4440   5  11   2.4433   2.6536   6.3435   0.6913  -1.1977   2.4761   0.00    0.0
2014/12/13 20:43:30.000  -12.843697402  131.132738051   122.5410   5  11   2.4471   2.6561   6.3281   0.6926  -1.1786   2.4728   0.00    0.0
2014/12/13 20:44:00.000  -12.843697864  131.132737873   122.7227   5  11   2.4508   2.6586   6.3128   0.6938  -1.1593   2.4695   0.00    0.0
2014/12/13 20:44:30.000  -12.843698495  131.132737932   122.8230   5  11   2.4546   2.6610   6.2976   0.6948  -1.1398   2.4660   0.00    0.0
2014/12/13 20:45:00.000  -12.843697882  131.132737614   122.9144   5  11   2.4583   2.6636   6.2825   0.6957  -1.1200   2.4625   0.00    0.0
2014/12/13 20:45:30.000  -12.843697705  131.132738342   122.9311   5  11   2.4619   2.6661   6.2675   0.6965  -1.1000   2.4589   0.00    0.0
2014/12/13 20:46:00.000  -12.843698282  131.132738284   122.8451   5  11   2.4656   2.6687   6.2527   0.6972  -1.0797   2.4553   0.00    0.0
2014/12/13 20:46:30.000  -12.843698835  131.132737466   122.7223   5  11   2.4692   2.6714   6.2380   0.6977  -1.0591   2.4515   0.00    0.0
2014/12/13 20:47:00.000  -12.843699342  131.132737763   122.5737   5  11   2.4728   2.6740   6.2235   0.6981  -1.0382   2.4477   0.00    0.0
2014/12/13 20:47:30.000  -12.843699195  131.132738047   122.5484   5  11   2.4764   2.6767   6.2091   0.6984  -1.0170   2.4438   0.00    0.0
2014/12/13 20:48:00.000  -12.843699195  131.132737343   122.4498   5  11   2.4799   2.6794   6.1948   0.6985  -0.9954   2.4399   0.00    0.0
2014/12/13 20:48:30.000  -12.843700428  131.132736792   123.1151   5  10   2.5615   2.7245   6.5503   0.8877  -1.4090   2.1383   0.00    0.0
2014/12/13 20:49:00.000  -12.843700058  131.132737919   123.2287   5  10   2.5646   2.7267   6.5376   0.8860  -1.3913   2.1341   0.00    0.0
2014/12/13 20:49:30.000  -12.843702009  131.132735315   122.2181   5  11   2.3811   2.6010   5.9025  -0.1065  -2.0450   1.3654   0.00    0.0
2014/12/13 20:50:00.000  -12.843701690  131.132734932   122.2488   5  11   2.3853   2.6010   5.8962  -0.1415  -2.0349   1.3668   0.00    0.0
2014/12/13 20:50:30.000  -12.843701401  131.132735442   122.4815   5  11   2.3895   2.6009   5.8899  -0.1697  -2.0246   1.3681   0.00    0.0
2014/12/13 20:51:00.000  -12.843702056  131.132735436   122.3653   5  11   2.3938   2.6009   5.8836  -0.1940  -2.0143   1.3693   0.00    0.0
2014/12/13 20:51:30.000  -12.843701134  131.132735839   122.4403   5  11   2.3980   2.6009   5.8775  -0.2158  -2.0039   1.3704   0.00    0.0
2014/12/13 20:52:00.000  -12.843700959  131.132735974   122.5255   5  11   2.4023   2.6009   5.8714  -0.2357  -1.9934   1.3715   0.00    0.0
2014/12/13 20:52:30.000  -12.843702087  131.132734587   122.5572   5  11   2.4065   2.6009   5.8653  -0.2542  -1.9829   1.3724   0.00    0.0
2014/12/13 20:53:00.000  -12.843702462  131.132734319   122.5790   5  11   2.4108   2.6010   5.8593  -0.2717  -1.9723   1.3733   0.00    0.0
2014/12/13 20:53:30.000  -12.843701316  131.132735358   122.5426   5  11   2.4150   2.6011   5.8535  -0.2882  -1.9616   1.3741   0.00    0.0
2014/12/13 20:54:00.000  -12.843700479  131.132735855   122.2422   5  11   2.4193   2.6012   5.8476  -0.3040  -1.9509   1.3748   0.00    0.0
2014/12/13 20:54:30.000  -12.843700298  131.132735663   121.9594   5  11   2.4235   2.6014   5.8419  -0.3191  -1.9401   1.3754   0.00    0.0
2014/12/13 20:55:00.000  -12.843700336  131.132734709   122.0131   5  11   2.4278   2.6016   5.8362  -0.3336  -1.9293   1.3759   0.00    0.0
2014/12/13 20:55:30.000  -12.843700980  131.132734716   122.0064   5  11   2.4320   2.6018   5.8307  -0.3477  -1.9184   1.3764   0.00    0.0
2014/12/13 20:56:00.000  -12.843701609  131.132735312   122.0332   5  11   2.4363   2.6021   5.8252  -0.3613  -1.9074   1.3767   0.00    0.0
2014/12/13 20:56:30.000  -12.843702116  131.132734768   122.2328   5  11   2.4406   2.6024   5.8199  -0.3746  -1.8964   1.3770   0.00    0.0
2014/12/13 20:57:00.000  -12.843701739  131.132735099   122.5487   5  11   2.4448   2.6027   5.8146  -0.3875  -1.8853   1.3772   0.00    0.0
2014/12/13 20:57:30.000  -12.843701960  131.132735880   122.3850   5  11   2.4491   2.6030   5.8095  -0.4001  -1.8741   1.3772   0.00    0.0
2014/12/13 20:58:00.000  -12.843702674  131.132735306   122.0479   5  11   2.4533   2.6034   5.8045  -0.4124  -1.8629   1.3773   0.00    0.0
2014/12/13 20:58:30.000  -12.843702544  131.132735303   122.1262   5  11   2.4575   2.6039   5.7995  -0.4245  -1.8516   1.3772   0.00    0.0
2014/12/13 20:59:00.000  -12.843701272  131.132736155   122.3934   5  11   2.4618   2.6043   5.7947  -0.4363  -1.8403   1.3770   0.00    0.0
2014/12/13 20:59:30.000  -12.843700714  131.132735992   122.3947   5  11   2.4660   2.6048   5.7901  -0.4479  -1.8289   1.3768   0.00    0.0
2014/12/13 21:00:00.000  -12.843701531  131.132734029   122.3077   5  11   2.4702   2.6053   5.7855  -0.4593  -1.8174   1.3764   0.00    0.0
2014/12/13 21:00:30.000  -12.843700567  131.132733440   122.1400   5  11   2.4745   2.6059   5.7811  -0.4705  -1.8059   1.3760   0.00    0.0
2014/12/13 21:01:00.000  -12.843699770  131.132734342   122.3017   5  11   2.4787   2.6065   5.7768  -0.4816  -1.7943   1.3755   0.00    0.0
2014/12/13 21:01:30.000  -12.843699245  131.132734479   122.6056   5  11   2.4829   2.6072   5.7727  -0.4925  -1.7827   1.3750   0.00    0.0
2014/12/13 21:02:00.000  -12.843699629  131.132734360   122.8693   5  11   2.4871   2.6078   5.7687  -0.5032  -1.7709   1.3743   0.00    0.0
2014/12/13 21:02:30.000  -12.843700655  131.132735139   122.6360   5  11   2.4913   2.6086   5.7648  -0.5138  -1.7592   1.3736   0.00    0.0
2014/12/13 21:03:00.000  -12.843701517  131.132735979   122.3133   5  11   2.4955   2.6093   5.7611  -0.5243  -1.7473   1.3728   0.00    0.0
2014/12/13 21:03:30.000  -12.843701814  131.132736704   122.0627   5  11   2.4997   2.6101   5.7575  -0.5346  -1.7354   1.3719   0.00    0.0
2014/12/13 21:04:00.000  -12.843701829  131.132736975   122.2840   5  11   2.5038   2.6109   5.7541  -0.5449  -1.7234   1.3709   0.00    0.0
2014/12/13 21:04:30.000  -12.843702031  131.132736866   122.3496   5  11   2.5080   2.6118   5.7508  -0.5550  -1.7113   1.3699   0.00    0.0
2014/12/13 21:05:00.000  -12.843702618  131.132736064   122.2959   5  11   2.5121   2.6127   5.7477  -0.5650  -1.6992   1.3688   0.00    0.0
2014/12/13 21:05:30.000  -12.843702481  131.132735648   122.1352   5  11   2.5163   2.6137   5.7447  -0.5749  -1.6870   1.3676   0.00    0.0
2014/12/13 21:06:00.000  -12.843702123  131.132735082   122.4133   5  11   2.5204   2.6147   5.7419  -0.5847  -1.6747   1.3663   0.00    0.0
2014/12/13 21:06:30.000  -12.843703462  131.132734041   123.0503   5  10   2.7615   2.6390   6.2547   0.1962  -1.9062  -0.9592   0.00    0.0
2014/12/13 21:07:00.000  -12.843703391  131.132735079   122.8982   5  10   2.7648   2.6398   6.2538   0.1550  -1.8942  -0.9617   0.00    0.0
2014/12/13 21:07:30.000  -12.843703394  131.132735668   122.7990   5  10   2.7681   2.6406   6.2530   0.0971  -1.8821  -0.9642   0.00    0.0
2014/12/13 21:08:00.000  -12.843703713  131.132735819   122.6100   5  10   2.7713   2.6415   6.2524  -0.0726  -1.8699  -0.9667   0.00    0.0
2014/12/13 21:08:30.000  -12.843703767  131.132735253   122.4010   5  10   2.7745   2.6424   6.2519  -0.1417  -1.8577  -0.9693   0.00    0.0
2014/12/13 21:09:00.000  -12.843702462  131.132735021   122.3340   5  10   2.7777   2.6433   6.2516  -0.1870  -1.8453  -0.9719   0.00    0.0
2014/12/13 21:09:30.000  -12.843701927  131.132735529   122.3928   5  10   2.7808   2.6443   6.2515  -0.2236  -1.8328  -0.9745   0.00    0.0
2014/12/13 21:10:00.000  -12.843702192  131.132736209   122.5102   5  10   2.7840   2.6453   6.2515  -0.2552  -1.8203  -0.9771   0.00    0.0
2014/12/13 21:10:30.000  -12.843702534  131.132736627   122.5981   5  10   2.7871   2.6464   6.2517  -0.2835  -1.8076  -0.9798   0.00    0.0
2014/12/13 21:11:00.000  -12.843702831  131.132736267   122.7812   5  10   2.7901   2.6475   6.2520  -0.3093  -1.7949  -0.9824   0.00    0.0
2014/12/13 21:11:30.000  -12.843703641  131.132736656   122.9134   5  10   2.7932   2.6486   6.2525  -0.3333  -1.7820  -0.9851   0.00    0.0
2014/12/13 21:12:00.000  -12.843703967  131.132737185   122.7110   5  10   2.7962   2.6498   6.2532  -0.3558  -1.7690  -0.9879   0.00    0.0
2014/12/13 21:12:30.000  -12.843703786  131.132736876   122.7651   5  10   2.7992   2.6511   6.2541  -0.3771  -1.7560  -0.9906   0.00    0.0
2014/12/13 21:13:00.000  -12.843704307  131.132736411   123.0053   5  10   2.8022   2.6524   6.2551  -0.3973  -1.7428  -0.9933   0.00    0.0
2014/12/13 21:13:30.000  -12.843704607  131.132735784   122.9852   5  10   2.8051   2.6537   6.2563  -0.4167  -1.7295  -0.9960   0.00    0.0
2014/12/13 21:14:00.000  -12.843703717  131.132735855   123.0177   5  10   2.8080   2.6551   6.2577  -0.4353  -1.7161  -0.9988   0.00    0.0
2014/12/13 21:14:30.000  -12.843702621  131.132736316   122.8952   5  10   2.8109   2.6565   6.2593  -0.4533  -1.7026  -1.0015   0.00    0.0
2014/12/13 21:15:00.000  -12.843702169  131.132736785   122.9352   5  10   2.8137   2.6580   6.2610  -0.4706  -1.6890  -1.0042   0.00    0.0
2014/12/13 21:15:30.000  -12.843703160  131.132737188   122.7093   5  10   2.8165   2.6595   6.2630  -0.4874  -1.6752  -1.0070   0.00    0.0
2014/12/13 21:16:00.000  -12.843703925  131.132737078   122.5133   5  10   2.8193   2.6611   6.2651  -0.5038  -1.6613  -1.0097   0.00    0.0
2014/12/13 21:16:30.000  -12.843703354  131.132736560   122.4218   5  10   2.8221   2.6627   6.2674  -0.5196  -1.6473  -1.0124   0.00    0.0
2014/12/13 21:17:00.000  -12.843702721  131.132736134   122.4869   5  10   2.8248   2.6643   6.2699  -0.5351  -1.6332  -1.0150   0.00    0.0
2014/12/13 21:17:30.000  -12.843702016  131.132735308   122.3893   5  10   2.8275   2.6660   6.2726  -0.5502  -1.6189  -1.0177   0.00    0.0
2014/12/13 21:18:00.000  -12.843701636  131.132734921   122.4455   5  10   2.8301   2.6678   6.2755  -0.5649  -1.6044  -1.0203   0.00    0.0
2014/12/13 21:18:30.000  -12.843701618  131.132735139   122.6073   5  10   2.8327   2.6696   6.2786  -0.5793  -1.5899  -1.0229   0.00    0.0
2014/12/13 21:19:00.000  -12.843701870  131.132735831   122.6309   5  10   2.8353   2.6715   6.2819  -0.5935  -1.5751  -1.0255   0.00    0.0
2014/12/13 21:19:30.000  -12.843702500  131.132736235   122.5941   5  10   2.8378   2.6734   6.2853  -0.6073  -1.5602  -1.0280   0.00    0.0
2014/12/13 21:20:00.000  -12.843702616  131.132736367   122.5377   5  10   2.8403   2.6753   6.2890  -0.6208  -1.5452  -1.0305   0.00    0.0
2014/12/13 21:20:30.000  -12.843702244  131.132737076   122.4923   5  10   2.8428   2.6773   6.2929  -0.6342  -1.5299  -1.0329   0.00    0.0
2014/12/13 21:21:00.000  -12.843702554  131.132736640   122.4952   5  10   2.8452   2.6793   6.2970  -0.6472  -1.5145  -1.0353   0.00    0.0
2014/12/13 21:21:30.000  -12.843702803  131.132737066   122.7164   5  10   2.8476   2.6814   6.3013  -0.6601  -1.4990  -1.0376   0.00    0.0
2014/12/13 21:22:00.000  -12.843702381  131.132736493   122.8420   5  10   2.8499   2.6836   6.3057  -0.6727  -1.4832  -1.0399   0.00    0.0
2014/12/13 21:22:30.000  -12.843702269  131.132736705   122.6480   5  10   2.8522   2.6858   6.3104  -0.6851  -1.4672  -1.0420   0.00    0.0
2014/12/13 21:23:00.000  -12.843702356  131.132736607   122.4405   5  10   2.8545   2.6880   6.3153  -0.6973  -1.4511  -1.0442   0.00    0.0
2014/12/13 21:23:30.000  -12.843701527  131.132736371   122.6339   5  10   2.8567   2.6903   6.3204  -0.7093  -1.4347  -1.0462   0.00    0.0
2014/12/13 21:24:00.000  -12.843701351  131.132735958   122.9198   5  10   2.8589   2.6927   6.3258  -0.7211  -1.4181  -1.0481   0.00    0.0
2014/12/13 21:24:30.000  -12.843701387  131.132735655   122.7552   5  10   2.8611   2.6950   6.3313  -0.7328  -1.4013  -1.0500   0.00    0.0
2014/12/13 21:25:00.000  -12.843700902  131.132736236   122.3438   5  10   2.8632   2.6975   6.3370  -0.7442  -1.3842  -1.0517   0.00    0.0
2014/12/13 21:25:30.000  -12.843700369  131.132737612   122.2388   5  10   2.8652   2.7000   6.3429  -0.7555  -1.3669  -1.0534   0.00    0.0
2014/12/13 21:26:00.000  -12.843699251  131.132737671   122.3351   5  10   2.8673   2.7025   6.3491  -0.7667  -1.3494  -1.0550   0.00    0.0
2014/12/13 21:26:30.000  -12.843699273  131.132737588   122.3720   5  10   2.8693   2.7051   6.3554  -0.7776  -1.3316  -1.0564   0.00    0.0
2014/12/13 21:27:00.000  -12.843700187  131.132737707   122.2777   5  10   2.8712   2.7078   6.3620  -0.7885  -1.3135  -1.0577   0.00    0.0
2014/12/13 21:27:30.000  -12.843700906  131.132737278   122.3287   5  10   2.8731   2.7104   6.3688  -0.7991  -1.2951  -1.0589   0.00    0.0
2014/12/13 21:28:00.000  -12.843701579  131.132737872   122.6044   5  10   2.8749   2.7132   6.3758  -0.8097  -1.2764  -1.0600   0.00    0.0
2014/12/13 21:28:30.000  -12.843701696  131.132737114   122.6349   5  10   2.8768   2.7160   6.3830  -0.8200  -1.2574  -1.0609   0.00    0.0
2014/12/13 21:29:00.000  -12.843701245  131.132736947   122.5323   5  10   2.8785   2.7188   6.3904  -0.8303  -1.2380  -1.0617   0.00    0.0
2014/12/13 21:29:30.000  -12.843701744  131.132737354   122.4836   5  10   2.8802   2.7217   6.3981  -0.8403  -1.2183  -1.0623   0.00    0.0
2014/12/13 21:30:00.000  -12.843702587  131.132737805   122.4517   5  10   2.8819   2.7246   6.4059  -0.8503  -1.1983  -1.0627   0.00    0.0
2014/12/13 21:30:30.000  -12.843702855  131.132737405   122.2669   5  10   2.8836   2.7276   6.4140  -0.8601  -1.1778  -1.0630   0.00    0.0
2014/12/13 21:31:00.000  -12.843701977  131.132735993   122.1313   5  10   2.8851   2.7306   6.4222  -0.8698  -1.1569  -1.0632   0.00    0.0
2014/12/13 21:31:30.000  -12.843701318  131.132736276   122.2395   5  10   2.8867   2.7337   6.4307  -0.8793  -1.1356  -1.0631   0.00    0.0
2014/12/13 21:32:00.000  -12.843700651  131.132736099   122.1567   5  10   2.8882   2.7369   6.4394  -0.8887  -1.1139  -1.0629   0.00    0.0
2014/12/13 21:32:30.000  -12.843700122  131.132736595   122.2510   5  10   2.8897   2.7400   6.4484  -0.8980  -1.0916  -1.0624   0.00    0.0
2014/12/13 21:33:00.000  -12.843699568  131.132736939   122.3880   5  10   2.8911   2.7433   6.4575  -0.9072  -1.0689  -1.0617   0.00    0.0
2014/12/13 21:33:30.000  -12.843699721  131.132737290   122.4393   5  10   2.8924   2.7466   6.4668  -0.9162  -1.0456  -1.0609   0.00    0.0
2014/12/13 21:34:00.000  -12.843699925  131.132737288   122.1459   5  10   2.8938   2.7499   6.4764  -0.9251  -1.0216  -1.0598   0.00    0.0
2014/12/13 21:34:30.000  -12.843699572  131.132737008   121.8484   5  10   2.8951   2.7533   6.4862  -0.9338  -0.9971  -1.0585   0.00    0.0
2014/12/13 21:35:00.000  -12.843699998  131.132737314   121.8398   5  10   2.8963   2.7567   6.4962  -0.9425  -0.9719  -1.0569   0.00    0.0
2014/12/13 21:35:30.000  -12.843700558  131.132737454   122.0044   5  10   2.8975   2.7601   6.5064  -0.9510  -0.9459  -1.0551   0.00    0.0
2014/12/13 21:36:00.000  -12.843700639  131.132737367   122.4002   5  10   2.8986   2.7637   6.5168  -0.9594  -0.9191  -1.0530   0.00    0.0
2014/12/13 21:36:30.000  -12.843701428  131.132737698   122.4357   5  10   2.8998   2.7672   6.5274  -0.9676  -0.8915  -1.0506   0.00    0.0
2014/12/13 21:37:00.000  -12.843701380  131.132737413   122.2903   5  10   2.9008   2.7708   6.5383  -0.9758  -0.8629  -1.0480   0.00    0.0
2014/12/13 21:37:30.000  -12.843701375  131.132737777   122.0446   5  10   2.9019   2.7745   6.5493  -0.9838  -0.8332  -1.0451   0.00    0.0
2014/12/13 21:38:00.000  -12.843702606  131.132736430   121.3950   5  11   2.8175   2.7420   6.1896  -1.1383  -1.2712  -1.6141   0.00    0.0
2014/12/13 21:38:30.000  -12.843702730  131.132736489   121.5681   5  11   2.8181   2.7453   6.2028  -1.1464  -1.2535  -1.6120   0.00    0.0
2014/12/13 21:39:00.000  -12.843702900  131.132736907   121.5776   5  11   2.8188   2.7486   6.2163  -1.1543  -1.2355  -1.6096   0.00    0.0
2014/12/13 21:39:30.000  -12.843702375  131.132735865   121.5503   5  11   2.8194   2.7519   6.2299  -1.1621  -1.2171  -1.6070   0.00    0.0
2014/12/13 21:40:00.000  -12.843701420  131.132735515   121.4803   5  11   2.8199   2.7553   6.2438  -1.1698  -1.1985  -1.6043   0.00    0.0
2014/12/13 21:40:30.000  -12.843700932  131.132734932   121.3974   5  11   2.8204   2.7587   6.2579  -1.1774  -1.1795  -1.6013   0.00    0.0
2014/12/13 21:41:00.000  -12.843701715  131.132734772   121.4494   5  11   2.8209   2.7622   6.2721  -1.1849  -1.1601  -1.5980   0.00    0.0
2014/12/13 21:41:30.000  -12.843702031  131.132734764   121.5433   5  11   2.8213   2.7657   6.2866  -1.1923  -1.1404  -1.5945   0.00    0.0
2014/12/13 21:42:00.000  -12.843701955  131.132735565   121.4505   5  11   2.8217   2.7692   6.3013  -1.1996  -1.1203  -1.5908   0.00    0.0
2014/12/13 21:42:30.000  -12.843701326  131.132736266   121.4057   5  11   2.8220   2.7728   6.3162  -1.2068  -1.0998  -1.5868   0.00    0.0
2014/12/13 21:43:00.000  -12.843700790  131.132736655   121.3772   5  11   2.8223   2.7764   6.3313  -1.2138  -1.0788  -1.5825   0.00    0.0
2014/12/13 21:43:30.000  -12.843701168  131.132736850   121.6510   5  11   2.8226   2.7801   6.3466  -1.2208  -1.0574  -1.5780   0.00    0.0
2014/12/13 21:44:00.000  -12.843701947  131.132737077   121.8057   5  11   2.8228   2.7838   6.3621  -1.2277  -1.0355  -1.5732   0.00    0.0
2014/12/13 21:44:30.000  -12.843702907  131.132737944   121.7087   5  11   2.8230   2.7875   6.3778  -1.2345  -1.0131  -1.5681   0.00    0.0
2014/12/13 21:45:00.000  -12.843702459  131.132738460   121.7109   5  11   2.8232   2.7912   6.3938  -1.2411  -0.9901  -1.5626   0.00    0.0
2014/12/13 21:45:30.000  -12.843700476  131.132738037   121.2881   5  11   2.8233   2.7950   6.4099  -1.2477  -0.9666  -1.5569   0.00    0.0
2014/12/13 21:46:00.000  -12.843700046  131.132738504   121.1656   5  11   2.8234   2.7989   6.4263  -1.2541  -0.9424  -1.5508   0.00    0.0
2014/12/13 21:46:30.000  -12.843700995  131.132738620   121.2009   5  11   2.8235   2.8027   6.4428  -1.2605  -0.9175  -1.5444   0.00    0.0
2014/12/13 21:47:00.000  -12.843701820  131.132738048   121.2042   5  11   2.8235   2.8066   6.4596  -1.2667  -0.8919  -1.5377   0.00    0.0
2014/12/13 21:47:30.000  -12.843701579  131.132736882   121.2278   5  11   2.8235   2.8106   6.4765  -1.2729  -0.8655  -1.5305   0.00    0.0
2014/12/13 21:48:00.000  -12.843704666  131.132736629   122.0579   5  10   3.3750   2.8158   7.5467  -1.3381  -0.6164  -3.0706   0.00    0.0
2014/12/13 21:48:30.000  -12.843704719  131.132735931   122.1459   5  10   3.3690   2.8198   7.5671  -1.3449  -0.5694  -3.0631   0.00    0.0
2014/12/13 21:49:00.000  -12.843705102  131.132735189   122.1417   5  10   3.3629   2.8239   7.5876  -1.3515  -0.5182  -3.0552   0.00    0.0
2014/12/13 21:49:30.000  -12.843704973  131.132735443   122.0842   5  10   3.3568   2.8281   7.6081  -1.3580  -0.4615  -3.0469   0.00    0.0
2014/12/13 21:50:00.000  -12.843704388  131.132735929   121.7550   5  10   3.3506   2.8322   7.6288  -1.3643  -0.3969  -3.0383   0.00    0.0
2014/12/13 21:50:30.000  -12.843703832  131.132735568   121.5304   5  10   3.3444   2.8364   7.6495  -1.3704  -0.3196  -3.0292   0.00    0.0
2014/12/13 21:51:00.000  -12.843704597  131.132735254   121.7004   5  10   3.3381   2.8406   7.6703  -1.3764  -0.2166  -3.0198   0.00    0.0
2014/12/13 21:51:30.000  -12.843704401  131.132735952   121.6597   5  10   3.3317   2.8448   7.6912  -1.3822   0.0905  -3.0100   0.00    0.0
2014/12/13 21:52:00.000  -12.843704614  131.132735777   121.7118   5  10   3.3254   2.8491   7.7122  -1.3878   0.2513  -2.9998   0.00    0.0
2014/12/13 21:52:30.000  -12.843704459  131.132735384   121.8736   5  10   3.3189   2.8534   7.7332  -1.3933   0.3435  -2.9891   0.00    0.0
2014/12/13 21:53:00.000  -12.843700368  131.132737053   120.7134   5   9   4.1220   2.9923  10.3252   0.4699  -2.4242  -5.0591   0.00    0.0
2014/12/13 21:53:30.000  -12.843700523  131.132737629   120.9261   5   9   4.1026   2.9928  10.3378   0.3936  -2.3943  -5.0350   0.00    0.0
2014/12/13 21:54:00.000  -12.843700809  131.132737501   120.7919   5   9   4.0832   2.9934  10.3504   0.3004  -2.3642  -5.0105   0.00    0.0
2014/12/13 21:54:30.000  -12.843700405  131.132737940   120.5167   5   9   4.0638   2.9941  10.3629   0.1640  -2.3340  -4.9856   0.00    0.0
2014/12/13 21:55:00.000  -12.843700379  131.132737858   120.4246   5   9   4.0443   2.9949  10.3753  -0.1877  -2.3037  -4.9601   0.00    0.0
2014/12/13 21:55:30.000  -12.843700846  131.132736984   120.7395   5   9   4.0249   2.9959  10.3876  -0.3099  -2.2731  -4.9343   0.00    0.0
2014/12/13 21:56:00.000  -12.843701474  131.132736641   120.7817   5   9   4.0055   2.9969  10.3999  -0.3945  -2.2425  -4.9080   0.00    0.0
2014/12/13 21:56:30.000  -12.843701598  131.132737235   120.6231   5   9   3.9860   2.9981  10.4121  -0.4625  -2.2116  -4.8812   0.00    0.0
2014/12/13 21:57:00.000  -12.843701157  131.132737716   120.4564   5   9   3.9667   2.9994  10.4244  -0.5205  -2.1807  -4.8540   0.00    0.0
2014/12/13 21:57:30.000  -12.843701280  131.132737277   120.3763   5   9   3.9473   3.0008  10.4366  -0.5716  -2.1495  -4.8264   0.00    0.0
2014/12/13 21:58:00.000  -12.843701149  131.132736613   120.5855   5   9   3.9280   3.0023  10.4488  -0.6174  -2.1182  -4.7983   0.00    0.0
2014/12/13 21:58:30.000  -12.843701394  131.132735927   120.6478   5   9   3.9088   3.0039  10.4610  -0.6591  -2.0867  -4.7699   0.00    0.0
2014/12/13 21:59:00.000  -12.843700900  131.132736706   120.5063   5   9   3.8896   3.0056  10.4732  -0.6974  -2.0551  -4.7409   0.00    0.0
2014/12/13 21:59:30.000  -12.843707441  131.132740295   121.3569   5   9   2.9815   3.4432   9.3634  -1.1503  -3.6271  -1.2800   0.00    0.0
2014/12/13 22:00:00.000  -12.843706155  131.132738031   121.6244   5   9   3.0397   3.7116   9.6059  -1.4687  -3.9688  -0.6351   0.00    0.0
2014/12/13 22:00:30.000  -12.843705937  131.132738073   121.6837   5   9   3.0346   3.7113   9.6710  -1.4752  -3.9767  -0.5236   0.00    0.0
2014/12/13 22:01:00.000  -12.843705924  131.132738080   121.4913   5   9   3.0296   3.7110   9.7374  -1.4816  -3.9850  -0.3756   0.00    0.0
2014/12/13 22:01:30.000  -12.843705751  131.132738341   121.2083   5   9   3.0247   3.7108   9.8052  -1.4879  -3.9935  -0.0632   0.00    0.0
2014/12/13 22:02:00.000  -12.843706521  131.132739834   121.0884   5   9   3.0199   3.7107   9.8744  -1.4942  -4.0024   0.3703   0.00    0.0
2014/12/13 22:02:30.000  -12.843706686  131.132739590   121.0213   5   9   3.0152   3.7106   9.9449  -1.5005  -4.0115   0.5315   0.00    0.0
2014/12/13 22:03:00.000  -12.843706246  131.132738754   120.8421   5   9   3.0106   3.7106  10.0169  -1.5067  -4.0210   0.6575   0.00    0.0
2014/12/13 22:03:30.000  -12.843706512  131.132738477   121.0190   5   9   3.0061   3.7106  10.0903  -1.5128  -4.0307   0.7659   0.00    0.0
2014/12/13 22:04:00.000  -12.843705913  131.132738530   120.9712   5   9   3.0017   3.7107  10.1653  -1.5190  -4.0408   0.8635   0.00    0.0
2014/12/13 22:04:30.000  -12.843705844  131.132738022   121.1081   5   9   2.9975   3.7108  10.2417  -1.5250  -4.0512   0.9537   0.00    0.0
2014/12/13 22:05:00.000  -12.843706038  131.132737247   121.3103   5   9   2.9934   3.7109  10.3198  -1.5311  -4.0619   1.0385   0.00    0.0
2014/12/13 22:05:30.000  -12.843705055  131.132737336   121.3168   5   9   2.9894   3.7111  10.3994  -1.5371  -4.0729   1.1192   0.00    0.0
2014/12/13 22:06:00.000  -12.843704732  131.132737996   121.2775   5   9   2.9856   3.7114  10.4807  -1.5431  -4.0842   1.1968   0.00    0.0
2014/12/13 22:06:30.000  -12.843705062  131.132737972   121.1301   5   9   2.9819   3.7117  10.5637  -1.5492  -4.0958   1.2719   0.00    0.0
2014/12/13 22:07:00.000  -12.843705790  131.132738044   120.7921   5   9   2.9784   3.7120  10.6484  -1.5552  -4.1078   1.3450   0.00    0.0
2014/12/13 22:07:30.000  -12.843706177  131.132737954   120.7848   5   9   2.9750   3.7124  10.7348  -1.5612  -4.1201   1.4164   0.00    0.0
2014/12/13 22:08:00.000  -12.843706722  131.132738278   120.9140   5   9   2.9718   3.7128  10.8231  -1.5672  -4.1327   1.4866   0.00    0.0
2014/12/13 22:08:30.000  -12.843707322  131.132737860   120.9249   5   9   2.9688   3.7133  10.9132  -1.5732  -4.1457   1.5557   0.00    0.0
2014/12/13 22:09:00.000  -12.843707374  131.132738545   120.9111   5   9   2.9659   3.7138  11.0052  -1.5792  -4.1590   1.6239   0.00    0.0
2014/12/13 22:09:30.000  -12.843707577  131.132739069   121.0928   5   9   2.9633   3.7143  11.0991  -1.5852  -4.1726   1.6915   0.00    0.0
2014/12/13 22:10:00.000  -12.843708101  131.132738571   121.0853   5   9   2.9608   3.7149  11.1950  -1.5913  -4.1866   1.7586   0.00    0.0
2014/12/13 22:10:30.000  -12.843708118  131.132737931   120.8511   5   9   2.9585   3.7155  11.2929  -1.5974  -4.2009   1.8254   0.00    0.0
2014/12/13 22:11:00.000  -12.843708938  131.132739230   120.8482   5   9   2.9565   3.7161  11.3929  -1.6035  -4.2155   1.8918   0.00    0.0
2014/12/13 22:11:30.000  -12.843708622  131.132738171   120.9501   5   9   2.9547   3.7168  11.4950  -1.6097  -4.2304   1.9582   0.00    0.0
2014/12/13 22:12:00.000  -12.843707799  131.132737951   120.8570   5   9   2.9531   3.7175  11.5992  -1.6159  -4.2457   2.0245   0.00    0.0
2014/12/13 22:12:30.000  -12.843707701  131.132737926   120.7216   5   9   2.9518   3.7182  11.7057  -1.6222  -4.2614   2.0908   0.00    0.0
2014/12/13 22:13:00.000  -12.843707257  131.132736727   120.9512   5   9   2.9507   3.7190  11.8144  -1.6285  -4.2774   2.1573   0.00    0.0
2014/12/13 22:13:30.000  -12.843707442  131.132737058   120.8622   5   9   2.9498   3.7198  11.9253  -1.6348  -4.2937   2.2239   0.00    0.0
2014/12/13 22:14:00.000  -12.843706942  131.132737898   120.4585   5   9   2.9493   3.7206  12.0387  -1.6412  -4.3103   2.2908   0.00    0.0
2014/12/13 22:14:30.000  -12.843707118  131.132737749   120.2066   5   9   2.9490   3.7214  12.1544  -1.6477  -4.3273   2.3580   0.00    0.0
2014/12/13 22:15:00.000  -12.843706973  131.132737431   120.4472   5   9   2.9490   3.7222  12.2726  -1.6543  -4.3446   2.4257   0.00    0.0
2014/12/13 22:15:30.000  -12.843707230  131.132737436   120.6031   5   9   2.9493   3.7231  12.3933  -1.6609  -4.3622   2.4937   0.00    0.0
2014/12/13 22:16:00.000  -12.843707327  131.132737268   120.8086   5   9   2.9499   3.7240  12.5165  -1.6675  -4.3801   2.5622   0.00    0.0
2014/12/13 22:16:30.000  -12.843707900  131.132737440   121.1618   5   9   2.9508   3.7249  12.6423  -1.6743  -4.3984   2.6313   0.00    0.0
2014/12/13 22:17:00.000  -12.843708134  131.132737249   120.9428   5   9   2.9521   3.7258  12.7707  -1.6811  -4.4169   2.7010   0.00    0.0
2014/12/13 22:17:30.000  -12.843708814  131.132737469   120.7569   5   9   2.9537   3.7267  12.9018  -1.6881  -4.4358   2.7712   0.00    0.0
2014/12/13 22:18:00.000  -12.843708953  131.132737793   121.0825   5   9   2.9557   3.7276  13.0357  -1.6951  -4.4549   2.8422   0.00    0.0
2014/12/13 22:18:30.000  -12.843708954  131.132737475   120.8603   5   9   2.9580   3.7285  13.1723  -1.7022  -4.4744   2.9139   0.00    0.0
2014/12/13 22:19:00.000  -12.843709467  131.132737663   120.2890   5   9   2.9608   3.7295  13.3117  -1.7093  -4.4941   2.9864   0.00    0.0
2014/12/13 22:19:30.000  -12.843709777  131.132737454   120.0929   5   9   2.9639   3.7304  13.4540  -1.7166  -4.5140   3.0596   0.00    0.0
2014/12/13 22:20:00.000  -12.843710122  131.132738562   120.1393   5   9   2.9674   3.7313  13.5992  -1.7239  -4.5342   3.1337   0.00    0.0
2014/12/13 22:20:30.000  -12.843709766  131.132737932   120.1200   5   9   2.9714   3.7322  13.7473  -1.7314  -4.5546   3.2086   0.00    0.0
2014/12/13 22:21:00.000  -12.843709610  131.132737034   119.6451   5   9   2.9758   3.7331  13.8983  -1.7389  -4.5753   3.2845   0.00    0.0
2014/12/13 22:21:30.000  -12.843708807  131.132737209   119.5665   5   9   2.9807   3.7340  14.0524  -1.7465  -4.5961   3.3612   0.00    0.0
2014/12/13 22:22:00.000  -12.843708366  131.132737370   119.5974   5   9   2.9861   3.7348  14.2095  -1.7542  -4.6171   3.4390   0.00    0.0
2014/12/13 22:22:30.000  -12.843708891  131.132738043   119.4709   5   9   2.9919   3.7357  14.3696  -1.7619  -4.6382   3.5177   0.00    0.0
2014/12/13 22:23:00.000  -12.843709166  131.132738151   119.5759   5   9   2.9982   3.7365  14.5327  -1.7698  -4.6595   3.5975   0.00    0.0
2014/12/13 22:23:30.000  -12.843709408  131.132739008   119.5829   5   9   3.0051   3.7372  14.6989  -1.7777  -4.6808   3.6782   0.00    0.0
2014/12/13 22:24:00.000  -12.843709499  131.132738983   119.6784   5   9   3.0125   3.7380  14.8681  -1.7857  -4.7022   3.7601   0.00    0.0
2014/12/13 22:24:30.000  -12.843709287  131.132738785   119.4663   5   9   3.0204   3.7387  15.0404  -1.7937  -4.7236   3.8430   0.00    0.0
2014/12/13 22:25:00.000  -12.843708954  131.132738084   118.9898   5   9   3.0289   3.7393  15.2157  -1.8018  -4.7450   3.9269   0.00    0.0
2014/12/13 22:25:30.000  -12.843709902  131.132738507   118.6607   5   9   3.0380   3.7399  15.3940  -1.8100  -4.7663   4.0120   0.00    0.0
2014/12/13 22:26:00.000  -12.843710414  131.132739140   118.2236   5   9   3.0476   3.7404  15.5753  -1.8181  -4.7875   4.0982   0.00    0.0
2014/12/13 22:26:30.000  -12.843710202  131.132740058   118.6760   5   9   3.0579   3.7408  15.7595  -1.8263  -4.8086   4.1855   0.00    0.0
2014/12/13 22:27:00.000  -12.843709625  131.132739074   119.2544   5   9   3.0688   3.7412  15.9465  -1.8345  -4.8294   4.2738   0.00    0.0
2014/12/13 22:27:30.000  -12.843709821  131.132738023   119.4159   5   9   3.0803   3.7415  16.1363  -1.8427  -4.8500   4.3633   0.00    0.0
2014/12/13 22:28:00.000  -12.843710248  131.132737731   119.3135   5   9   3.0924   3.7417  16.3288  -1.8509  -4.8702   4.4538   0.00    0.0
2014/12/13 22:28:30.000  -12.843710330  131.132737864   118.9469   5   9   3.1052   3.7418  16.5238  -1.8590  -4.8900   4.5453   0.00    0.0
2014/12/13 22:29:00.000  -12.843710570  131.132737761   118.5469   5   9   3.1187   3.7417  16.7213  -1.8671  -4.9093   4.6379   0.00    0.0
2014/12/13 22:29:30.000  -12.843710624  131.132738218   118.5577   5   9   3.1328   3.7416  16.9211  -1.8751  -4.9280   4.7315   0.00    0.0
2014/12/13 22:30:00.000  -12.843710683  131.132739337   119.1124   5   9   3.1476   3.7414  17.1229  -1.8830  -4.9461   4.8260   0.00    0.0
2014/12/13 22:30:30.000  -12.843710115  131.132738438   119.1087   5   9   3.1631   3.7410  17.3267  -1.8907  -4.9635   4.9214   0.00    0.0
2014/12/13 22:31:00.000  -12.843710663  131.132738046   118.5449   5   9   3.1792   3.7405  17.5321  -1.8983  -4.9799   5.0176   0.00    0.0
2014/12/13 22:31:30.000  -12.843710445  131.132738101   118.3618   5   9   3.1960   3.7399  17.7390  -1.9056  -4.9954   5.1145   0.00    0.0
2014/12/13 22:32:00.000  -12.843711213  131.132738918   117.7130   5   9   3.2135   3.7391  17.9471  -1.9128  -5.0099   5.2122   0.00    0.0
2014/12/13 22:32:30.000  -12.843711417  131.132739756   118.0583   5   9   3.2317   3.7381  18.1560  -1.9196  -5.0231   5.3104   0.00    0.0
2014/12/13 22:33:00.000  -12.843711487  131.132740466   117.9410   5   9   3.2504   3.7369  18.3654  -1.9262  -5.0350   5.4090   0.00    0.0
2014/12/13 22:33:30.000  -12.843711232  131.132740214   118.3134   5   9   3.2699   3.7356  18.5749  -1.9323  -5.0454   5.5081   0.00    0.0
2014/12/13 22:34:00.000  -12.843711194  131.132739362   118.2028   5   9   3.2899   3.7341  18.7841  -1.9381  -5.0543   5.6073   0.00    0.0
2014/12/13 22:34:30.000  -12.843712000  131.132738872   117.3855   5   9   3.3105   3.7324  18.9927  -1.9435  -5.0614   5.7066   0.00    0.0
2014/12/13 22:35:00.000  -12.843712902  131.132738408   116.8084   5   9   3.3316   3.7306  19.2000  -1.9483  -5.0665   5.8058   0.00    0.0
2014/12/13 22:35:30.000  -12.843713399  131.132738159   117.2480   5   9   3.3533   3.7285  19.4056  -1.9526  -5.0697   5.9048   0.00    0.0
2014/12/13 22:36:00.000  -12.843712750  131.132737743   117.2066   5   9   3.3755   3.7262  19.6090  -1.9562  -5.0705   6.0033   0.00    0.0
2014/12/13 22:36:30.000  -12.843712910  131.132738211   117.0102   5   9   3.3980   3.7237  19.8096  -1.9592  -5.0690   6.1011   0.00    0.0
2014/12/13 22:37:00.000  -12.843713608  131.132737860   116.2165   5   9   3.4210   3.7209  20.0067  -1.9615  -5.0650   6.1981   0.00    0.0
2014/12/13 22:37:30.000  -12.843713740  131.132738020   116.0278   5   9   3.4443   3.7180  20.1997  -1.9629  -5.0581   6.2940   0.00    0.0
2014/12/13 22:38:00.000  -12.843713709  131.132739027   116.1001   5   9   3.4678   3.7149  20.3880  -1.9635  -5.0484   6.3886   0.00    0.0
2014/12/13 22:38:30.000  -12.843713424  131.132739404   116.6843   5   9   3.4916   3.7115  20.5709  -1.9632  -5.0356   6.4815   0.00    0.0
2014/12/13 22:39:00.000  -12.843713613  131.132739816   116.4700   5   9   3.5154   3.7080  20.7476  -1.9619  -5.0195   6.5726   0.00    0.0
2014/12/13 22:39:30.000  -12.843713722  131.132739864   115.9453   5   9   3.5393   3.7042  20.9174  -1.9595  -5.0000   6.6616   0.00    0.0
2014/12/13 22:40:00.000  -12.843714039  131.132740237   115.9869   5   9   3.5632   3.7003  21.0797  -1.9561  -4.9769   6.7482   0.00    0.0
2014/12/13 22:40:30.000  -12.843714264  131.132741076   116.0661   5   9   3.5870   3.6962  21.2337  -1.9515  -4.9500   6.8321   0.00    0.0
2014/12/13 22:41:00.000  -12.843714148  131.132740480   115.8393   5   9   3.6105   3.6919  21.3786  -1.9456  -4.9192   6.9131   0.00    0.0
2014/12/13 22:41:30.000  -12.843714143  131.132739420   116.2244   5   9   3.6337   3.6875  21.5137  -1.9385  -4.8845   6.9908   0.00    0.0
2014/12/13 22:42:00.000  -12.843714531  131.132738778   115.6575   5   9   3.6566   3.6829  21.6384  -1.9300  -4.8455   7.0650   0.00    0.0
2014/12/13 22:42:30.000  -12.843714567  131.132738761   116.4343   5   9   3.6789   3.6783  21.7521  -1.9201  -4.8023   7.1355   0.00    0.0
2014/12/13 22:43:00.000  -12.843714133  131.132738412   116.2718   5   9   3.7007   3.6736  21.8540  -1.9088  -4.7547   7.2019   0.00    0.0
2014/12/13 22:43:30.000  -12.843714122  131.132738352   116.0968   5   9   3.7218   3.6688  21.9437  -1.8961  -4.7027   7.2640   0.00    0.0
2014/12/13 22:44:00.000  -12.843713737  131.132738137   116.0640   5   9   3.7421   3.6639  22.0206  -1.8819  -4.6462   7.3216   0.00    0.0
2014/12/13 22:44:30.000  -12.843714417  131.132739132   115.3297   5   9   3.7616   3.6591  22.0843  -1.8661  -4.5852   7.3745   0.00    0.0
2014/12/13 22:45:00.000  -12.843714706  131.132739181   114.6556   5   9   3.7802   3.6543  22.1343  -1.8489  -4.5196   7.4225   0.00    0.0
2014/12/13 22:45:30.000  -12.843715195  131.132739723   114.4593   5   9   3.7978   3.6496  22.1705  -1.8301  -4.4495   7.4654   0.00    0.0
2014/12/13 22:46:00.000  -12.843716401  131.132740508   114.4177   5   9   3.8144   3.6449  22.1926  -1.8097  -4.3748   7.5031   0.00    0.0
2014/12/13 22:46:30.000  -12.843716951  131.132740432   114.2132   5   9   3.8299   3.6404  22.2005  -1.7878  -4.2957   7.5356   0.00    0.0
2014/12/13 22:47:00.000  -12.843716693  131.132739557   114.3951   5   9   3.8442   3.6360  22.1940  -1.7644  -4.2121   7.5627   0.00    0.0
2014/12/13 22:47:30.000  -12.843717214  131.132738850   114.4356   5   9   3.8573   3.6318  22.1734  -1.7396  -4.1241   7.5845   0.00    0.0
2014/12/13 22:48:00.000  -12.843716452  131.132738741   114.9283   5   9   3.8691   3.6277  22.1387  -1.7132  -4.0318   7.6008   0.00    0.0
2014/12/13 22:48:30.000  -12.843717220  131.132738510   114.2298   5   9   3.8798   3.6240  22.0901  -1.6854  -3.9353   7.6118   0.00    0.0
2014/12/13 22:49:00.000  -12.843718238  131.132738292   114.0786   5   9   3.8892   3.6204  22.0279  -1.6562  -3.8347   7.6174   0.00    0.0
2014/12/13 22:49:30.000  -12.843717936  131.132737887   114.5744   5   9   3.8973   3.6172  21.9526  -1.6256  -3.7301   7.6179   0.00    0.0
2014/12/13 22:50:00.000  -12.843717900  131.132737204   114.5561   5   9   3.9042   3.6142  21.8646  -1.5937  -3.6215   7.6132   0.00    0.0
2014/12/13 22:50:30.000  -12.843717243  131.132737007   114.8130   5   9   3.9099   3.6115  21.7643  -1.5606  -3.5091   7.6036   0.00    0.0
2014/12/13 22:51:00.000  -12.843716232  131.132737447   115.2623   5   9   3.9144   3.6092  21.6524  -1.5262  -3.3929   7.5892   0.00    0.0
2014/12/13 22:51:30.000  -12.843714883  131.132738377   115.9477   5   9   3.9177   3.6072  21.5295  -1.4906  -3.2729   7.5702   0.00    0.0
2014/12/13 22:52:00.000  -12.843714256  131.132739056   116.2709   5   9   3.9199   3.6056  21.3962  -1.4539  -3.1492   7.5469   0.00    0.0
2014/12/13 22:52:30.000  -12.843714822  131.132738064   115.7260   5   9   3.9210   3.6043  21.2532  -1.4161  -3.0217   7.5193   0.00    0.0
2014/12/13 22:53:00.000  -12.843714935  131.132737291   115.8591   5   9   3.9211   3.6033  21.1013  -1.3772  -2.8903   7.4878   0.00    0.0
2014/12/13 22:53:30.000  -12.843715078  131.132737073   116.0155   5   9   3.9203   3.6027  20.9411  -1.3373  -2.7549   7.4526   0.00    0.0
2014/12/13 22:54:00.000  -12.843715567  131.132735903   115.0888   5   9   3.9185   3.6025  20.7735  -1.2964  -2.6153   7.4140   0.00    0.0
2014/12/13 22:54:30.000  -12.843716526  131.132736181   114.3749   5   9   3.9159   3.6026  20.5990  -1.2545  -2.4710   7.3721   0.00    0.0
2014/12/13 22:55:00.000  -12.843717194  131.132736694   114.3386   5   9   3.9125   3.6030  20.4185  -1.2116  -2.3215   7.3273   0.00    0.0
2014/12/13 22:55:30.000  -12.843716887  131.132737159   114.8803   5   9   3.9084   3.6038  20.2326  -1.1677  -2.1660   7.2799   0.00    0.0
2014/12/13 22:56:00.000  -12.843717208  131.132736840   114.9552   5   9   3.9036   3.6049  20.0421  -1.1228  -2.0035   7.2299   0.00    0.0
2014/12/13 22:56:30.000  -12.843717571  131.132734915   114.7108   5   9   3.8983   3.6063  19.8476  -1.0768  -1.8322   7.1778   0.00    0.0
2014/12/13 22:57:00.000  -12.843717756  131.132734281   114.8175   5   9   3.8924   3.6080  19.6497  -1.0297  -1.6497   7.1237   0.00    0.0
2014/12/13 22:57:30.000  -12.843718187  131.132733306   114.5591   5   9   3.8861   3.6100  19.4491  -0.9813  -1.4517   7.0678   0.00    0.0
2014/12/13 22:58:00.000  -12.843718125  131.132733578   114.1113   5   9   3.8794   3.6122  19.2463  -0.9316  -1.2312   7.0104   0.00    0.0
2014/12/13 22:58:30.000  -12.843717295  131.132734400   114.3931   5   9   3.8723   3.6148  19.0418  -0.8802  -0.9728   6.9517   0.00    0.0
2014/12/13 22:59:00.000  -12.843717242  131.132734363   114.7761   5   9   3.8649   3.6175  18.8363  -0.8271  -0.6318   6.8919   0.00    0.0
2014/12/13 22:59:30.000  -12.843717072  131.132735367   115.3372   5   9   3.8573   3.6206  18.6301  -0.7718   0.3547   6.8311   0.00    0.0
2014/12/13 23:00:00.000  -12.843715734  131.132742982   113.5140   5   9   3.8318   3.4265  18.2324  -0.5931   1.9255   6.7507   0.00    0.0
2014/12/13 23:00:30.000  -12.843716462  131.132741684   112.6191   5   9   3.8244   3.4309  18.0344  -0.5349   2.0207   6.6917   0.00    0.0
2014/12/13 23:01:00.000  -12.843716320  131.132741480   112.6919   5   9   3.8168   3.4354  17.8362  -0.4717   2.1074   6.6319   0.00    0.0
2014/12/13 23:01:30.000  -12.843716491  131.132741206   112.5111   5   9   3.8091   3.4401  17.6383  -0.4012   2.1867   6.5715   0.00    0.0
2014/12/13 23:02:00.000  -12.843715991  131.132742243   112.7577   5   9   3.8012   3.4449  17.4410  -0.3184   2.2596   6.5107   0.00    0.0
2014/12/13 23:02:30.000  -12.843716092  131.132743252   112.8499   5   9   3.7931   3.4498  17.2446  -0.2092   2.3267   6.4494   0.00    0.0
2014/12/13 23:03:00.000  -12.843716060  131.132743662   113.2204   5   9   3.7851   3.4548  17.0494   0.1092   2.3886   6.3879   0.00    0.0
2014/12/13 23:03:30.000  -12.843716031  131.132743248   113.2496   5   9   3.7770   3.4598  16.8557   0.2564   2.4458   6.3264   0.00    0.0
2014/12/13 23:04:00.000  -12.843715381  131.132742729   113.4457   5   9   3.7689   3.4649  16.6637   0.3431   2.4988   6.2648   0.00    0.0
2014/12/13 23:04:30.000  -12.843714738  131.132742878   113.7240   5   9   3.7609   3.4702  16.4735   0.4097   2.5480   6.2033   0.00    0.0
2014/12/13 23:05:00.000  -12.843714970  131.132742758   113.4305   5   9   3.7529   3.4754  16.2855   0.4651   2.5937   6.1420   0.00    0.0
2014/12/13 23:05:30.000  -12.843715490  131.132743187   113.4534   5   9   3.7451   3.4808  16.0997   0.5130   2.6362   6.0809   0.00    0.0
2014/12/13 23:06:00.000  -12.843715630  131.132742783   113.6337   5   9   3.7373   3.4861  15.9164   0.5552   2.6757   6.0202   0.00    0.0
2014/12/13 23:06:30.000  -12.843715942  131.132742743   113.9520   5   9   3.7297   3.4916  15.7355   0.5932   2.7125   5.9599   0.00    0.0
2014/12/13 23:07:00.000  -12.843716214  131.132742106   114.2859   5   9   3.7223   3.4970  15.5573   0.6277   2.7468   5.9001   0.00    0.0
2014/12/13 23:07:30.000  -12.843716318  131.132741049   114.3832   5   9   3.7150   3.5026  15.3818   0.6593   2.7789   5.8407   0.00    0.0
2014/12/13 23:08:00.000  -12.843716065  131.132741302   114.3313   5   9   3.7079   3.5081  15.2091   0.6885   2.8088   5.7820   0.00    0.0
2014/12/13 23:08:30.000  -12.843716254  131.132741998   114.4023   5   9   3.7010   3.5137  15.0393   0.7155   2.8367   5.7238   0.00    0.0
2014/12/13 23:09:00.000  -12.843715609  131.132742661   114.7351   5   9   3.6943   3.5193  14.8723   0.7408   2.8628   5.6663   0.00    0.0
2014/12/13 23:09:30.000  -12.843715574  131.132741936   114.5180   5   9   3.6879   3.5250  14.7083   0.7644   2.8872   5.6094   0.00    0.0
2014/12/13 23:10:00.000  -12.843716200  131.132741672   114.4015   5   9   3.6817   3.5306  14.5472   0.7866   2.9101   5.5532   0.00    0.0
2014/12/13 23:10:30.000  -12.843715926  131.132741861   114.8844   5   9   3.6757   3.5363  14.3892   0.8074   2.9316   5.4978   0.00    0.0
2014/12/13 23:11:00.000  -12.843715801  131.132740968   114.6734   5   9   3.6700   3.5420  14.2341   0.8272   2.9517   5.4430   0.00    0.0
2014/12/13 23:11:30.000  -12.843715139  131.132741491   115.2772   5   9   3.6645   3.5478  14.0820   0.8459   2.9705   5.3891   0.00    0.0
2014/12/13 23:12:00.000  -12.843714290  131.132742099   115.8804   5   9   3.6593   3.5535  13.9329   0.8637   2.9882   5.3358   0.00    0.0
2014/12/13 23:12:30.000  -12.843713642  131.132741815   115.8361   5   9   3.6543   3.5593  13.7867   0.8806   3.0049   5.2834   0.00    0.0
2014/12/13 23:13:00.000  -12.843713477  131.132741746   115.8443   5   9   3.6496   3.5651  13.6435   0.8967   3.0205   5.2317   0.00    0.0
2014/12/13 23:13:30.000  -12.843714056  131.132741211   115.3458   5   9   3.6452   3.5709  13.5033   0.9121   3.0353   5.1808   0.00    0.0
2014/12/13 23:14:00.000  -12.843715069  131.132741628   114.9712   5   9   3.6411   3.5767  13.3659   0.9268   3.0492   5.1307   0.00    0.0
2014/12/13 23:14:30.000  -12.843715468  131.132742687   115.1351   5   9   3.6372   3.5826  13.2314   0.9409   3.0623   5.0814   0.00    0.0
2014/12/13 23:15:00.000  -12.843715437  131.132742680   115.5163   5   9   3.6336   3.5884  13.0998   0.9545   3.0747   5.0328   0.00    0.0
2014/12/13 23:15:30.000  -12.843715060  131.132742465   115.8285   5   9   3.6302   3.5943  12.9709   0.9676   3.0864   4.9850   0.00    0.0
2014/12/13 23:16:00.000  -12.843714370  131.132741903   116.1667   5   9   3.6272   3.6002  12.8449   0.9801   3.0974   4.9381   0.00    0.0
2014/12/13 23:16:30.000  -12.843714389  131.132740659   116.1816   5   9   3.6244   3.6061  12.7215   0.9923   3.1079   4.8918   0.00    0.0
2014/12/13 23:17:00.000  -12.843714858  131.132740459   116.0412   5   9   3.6218   3.6120  12.6008   1.0040   3.1179   4.8464   0.00    0.0
2014/12/13 23:17:30.000  -12.843715187  131.132741348   116.2465   5   9   3.6196   3.6180  12.4828   1.0154   3.1274   4.8017   0.00    0.0
2014/12/13 23:18:00.000  -12.843715516  131.132742120   116.3087   5   9   3.6176   3.6239  12.3674   1.0264   3.1364   4.7578   0.00    0.0
2014/12/13 23:18:30.000  -12.843715232  131.132742730   116.4399   5   9   3.6158   3.6299  12.2545   1.0370   3.1449   4.7146   0.00    0.0
2014/12/13 23:19:00.000  -12.843714969  131.132742770   116.3308   5   9   3.6144   3.6359  12.1442   1.0474   3.1531   4.6721   0.00    0.0
2014/12/13 23:19:30.000  -12.843715304  131.132741922   116.1991   5   9   3.6132   3.6418  12.0363   1.0575   3.1610   4.6304   0.00    0.0
2014/12/13 23:20:00.000  -12.843715283  131.132741781   116.2086   5   9   3.6122   3.6479  11.9308   1.0673   3.1685   4.5894   0.00    0.0
2014/12/13 23:20:30.000  -12.843714780  131.132742085   116.2741   5   9   3.6115   3.6539  11.8277   1.0768   3.1757   4.5491   0.00    0.0
2014/12/13 23:21:00.000  -12.843713522  131.132742784   116.8954   5   9   3.6111   3.6599  11.7269   1.0862   3.1826   4.5095   0.00    0.0
2014/12/13 23:21:30.000  -12.843713266  131.132741442   116.7480   5   9   3.6109   3.6660  11.6284   1.0953   3.1893   4.4706   0.00    0.0
2014/12/13 23:22:00.000  -12.843713891  131.132739951   116.1204   5   8   3.6947   3.7071  12.3221   1.2717   2.8293   4.0313   0.00    0.0
2014/12/13 23:22:30.000  -12.843715465  131.132739530   116.0634   5   8   3.6963   3.7123  12.2236   1.2786   2.8437   3.9896   0.00    0.0
2014/12/13 23:23:00.000  -12.843715300  131.132738761   115.9516   5   8   3.6981   3.7176  12.1274   1.2853   2.8577   3.9486   0.00    0.0
2014/12/13 23:23:30.000  -12.843714443  131.132739498   116.2135   5   8   3.7001   3.7229  12.0333   1.2919   2.8713   3.9082   0.00    0.0
2014/12/13 23:24:00.000  -12.843714157  131.132740762   116.5310   5   8   3.7024   3.7282  11.9414   1.2984   2.8845   3.8684   0.00    0.0
2014/12/13 23:24:30.000  -12.843714227  131.132740475   115.9365   5   8   3.7049   3.7336  11.8515   1.3047   2.8973   3.8293   0.00    0.0
2014/12/13 23:25:00.000  -12.843714807  131.132741016   115.9720   5   8   3.7076   3.7390  11.7637   1.3109   2.9099   3.7908   0.00    0.0
2014/12/13 23:25:30.000  -12.843714711  131.132741340   116.2022   5   8   3.7105   3.7444  11.6779   1.3171   2.9221   3.7529   0.00    0.0
2014/12/13 23:26:00.000  -12.843715110  131.132741412   116.6884   5   8   3.7137   3.7499  11.5941   1.3231   2.9340   3.7155   0.00    0.0
2014/12/13 23:26:30.000  -12.843716079  131.132744118   118.5877   5   7   3.7539   4.7605  16.4950   0.4802   6.5756   2.7079   0.00    0.0
2014/12/13 23:27:00.000  -12.843716005  131.132744348   119.0883   5   7   3.7611   4.7626  16.3434   0.4154   6.5475   2.6145   0.00    0.0
2014/12/13 23:27:30.000  -12.843716119  131.132745763   119.3460   5   7   3.7687   4.7648  16.1966   0.3399   6.5206   2.5207   0.00    0.0
2014/12/13 23:28:00.000  -12.843716952  131.132745919   119.0617   5   7   3.7765   4.7672  16.0546   0.2436   6.4949   2.4260   0.00    0.0
2014/12/13 23:28:30.000  -12.843716757  131.132744139   118.8792   5   7   3.7847   4.7698  15.9170   0.0632   6.4702   2.3305   0.00    0.0
2014/12/13 23:29:00.000  -12.843716104  131.132743477   118.5611   5   7   3.7931   4.7726  15.7839  -0.2248   6.4466   2.2337   0.00    0.0
2014/12/13 23:29:30.000  -12.843715956  131.132743517   118.8950   5   7   3.8018   4.7755  15.6549  -0.3230   6.4241   2.1353   0.00    0.0
2014/12/13 23:30:00.000  -12.843715351  131.132744971   119.2675   5   7   3.8108   4.7786  15.5300  -0.3968   6.4026   2.0350   0.00    0.0
2014/12/13 23:30:30.000  -12.843715568  131.132745105   118.8498   5   7   3.8200   4.7819  15.4090  -0.4581   6.3820   1.9323   0.00    0.0
2014/12/13 23:31:00.000  -12.843715165  131.132745370   119.1156   5   7   3.8295   4.7853  15.2917  -0.5115   6.3624   1.8267   0.00    0.0
2014/12/13 23:31:30.000  -12.843715657  131.132745570   119.4073   5   7   3.8393   4.7889  15.1781  -0.5593   6.3436   1.7175   0.00    0.0
2014/12/13 23:32:00.000  -12.843716205  131.132747200   119.3471   5   7   3.8492   4.7926  15.0681  -0.6028   6.3258   1.6038   0.00    0.0
2014/12/13 23:32:30.000  -12.843715821  131.132747887   119.5023   5   7   3.8594   4.7965  14.9614  -0.6430   6.3088   1.4845   0.00    0.0
2014/12/13 23:33:00.000  -12.843715776  131.132747396   119.3731   5   7   3.8699   4.8006  14.8580  -0.6805   6.2927   1.3579   0.00    0.0
2014/12/13 23:33:30.000  -12.843716531  131.132746905   119.4460   5   7   3.8805   4.8048  14.7578  -0.7156   6.2773   1.2217   0.00    0.0
2014/12/13 23:34:00.000  -12.843717120  131.132747493   119.4735   5   7   3.8913   4.8092  14.6607  -0.7488   6.2627   1.0718   0.00    0.0
2014/12/13 23:34:30.000  -12.843715538  131.132746889   119.1934   5   7   3.9024   4.8137  14.5665  -0.7803   6.2489   0.9015   0.00    0.0
2014/12/13 23:35:00.000  -12.843715419  131.132745382   118.7349   5   7   3.9136   4.8183  14.4752  -0.8103   6.2358   0.6956   0.00    0.0
2014/12/13 23:35:30.000  -12.843715389  131.132744852   118.8023   5   7   3.9251   4.8231  14.3867  -0.8390   6.2235   0.4026   0.00    0.0
2014/12/13 23:36:00.000  -12.843716155  131.132745640   119.1771   5   7   3.9367   4.8280  14.3009  -0.8666   6.2118  -0.3912   0.00    0.0
2014/12/13 23:36:30.000  -12.843715878  131.132746958   119.2933   5   7   3.9485   4.8330  14.2177  -0.8931   6.2008  -0.6794   0.00    0.0
2014/12/13 23:37:00.000  -12.843716269  131.132748481   119.9001   5   7   3.9604   4.8382  14.1371  -0.9186   6.1904  -0.8741   0.00    0.0
2014/12/13 23:37:30.000  -12.843715959  131.132748298   120.2194   5   7   3.9726   4.8436  14.0589  -0.9432   6.1807  -1.0298   0.00    0.0
2014/12/13 23:38:00.000  -12.843717483  131.132748676   120.4287   5   7   3.9848   4.8490  13.9831  -0.9670   6.1716  -1.1624   0.00    0.0
2014/12/13 23:38:30.000  -12.843717990  131.132748561   120.2155   5   7   3.9973   4.8546  13.9096  -0.9901   6.1631  -1.2791   0.00    0.0
2014/12/13 23:39:00.000  -12.843717361  131.132747944   120.1060   5   7   4.0098   4.8603  13.8383  -1.0125   6.1552  -1.3841   0.00    0.0
2014/12/13 23:39:30.000  -12.843716550  131.132746893   119.7853   5   7   4.0225   4.8662  13.7692  -1.0343   6.1479  -1.4799   0.00    0.0
2014/12/13 23:40:00.000  -12.843716009  131.132746084   119.1604   5   6   5.9107   5.4283  23.0990  -3.3840   9.0677  -9.0979   0.00    0.0
2014/12/13 23:40:30.000  -12.843716705  131.132747745   119.8783   5   6   5.9465   5.4438  23.0410  -3.4179   9.0835  -9.1442   0.00    0.0
2014/12/13 23:41:00.000  -12.843716580  131.132747106   119.6614   5   6   5.9821   5.4594  22.9843  -3.4514   9.0994  -9.1894   0.00    0.0
2014/12/13 23:41:30.000  -12.843717139  131.132746782   120.0534   5   6   6.0173   5.4751  22.9285  -3.4846   9.1154  -9.2334   0.00    0.0
2014/12/13 23:42:00.000  -12.843717284  131.132747152   120.3194   5   6   6.0523   5.4909  22.8737  -3.5172   9.1314  -9.2762   0.00    0.0
2014/12/13 23:42:30.000  -12.843717725  131.132748357   120.6886   5   6   6.0869   5.5068  22.8196  -3.5495   9.1473  -9.3178   0.00    0.0
2014/12/13 23:43:00.000  -12.843716625  131.132748631   120.4742   5   6   6.1211   5.5227  22.7662  -3.5812   9.1633  -9.3581   0.00    0.0
2014/12/13 23:43:30.000  -12.843716127  131.132748198   120.0784   5   6   6.1548   5.5386  22.7133  -3.6124   9.1791  -9.3971   0.00    0.0
2014/12/13 23:44:00.000  -12.843715790  131.132747670   119.9941   5   6   6.1881   5.5546  22.6608  -3.6430   9.1947  -9.4346   0.00    0.0
2014/12/13 23:44:30.000  -12.843715552  131.132747716   120.0882   5   6   6.2209   5.5706  22.6086  -3.6731   9.2102  -9.4708   0.00    0.0
2014/12/13 23:45:00.000  -12.843716342  131.132747694   120.2095   5   6   6.2531   5.5866  22.5566  -3.7026   9.2254  -9.5055   0.00    0.0
2014/12/13 23:45:30.000  -12.843716848  131.132747078   120.0663   5   6   6.2847   5.6026  22.5045  -3.7315   9.2403  -9.5386   0.00    0.0
2014/12/13 23:46:00.000  -12.843716362  131.132747206   119.8322   5   6   6.3157   5.6185  22.4524  -3.7597   9.2548  -9.5702   0.00    0.0
2014/12/13 23:46:30.000  -12.843715549  131.132747924   120.0462   5   6   6.3460   5.6344  22.4001  -3.7873   9.2690  -9.6001   0.00    0.0
2014/12/13 23:47:00.000  -12.843715197  131.132748308   120.1727   5   6   6.3756   5.6503  22.3475  -3.8141   9.2827  -9.6283   0.00    0.0
2014/12/13 23:47:30.000  -12.843716181  131.132747002   119.7773   5   6   6.4045   5.6660  22.2945  -3.8402   9.2960  -9.6548   0.00    0.0
2014/12/13 23:48:00.000  -12.843715354  131.132747261   119.5500   5   6   6.4325   5.6817  22.2409  -3.8655   9.3087  -9.6795   0.00    0.0
2014/12/13 23:48:30.000  -12.843714950  131.132746886   119.5520   5   6   6.4597   5.6973  22.1868  -3.8900   9.3208  -9.7024   0.00    0.0
2014/12/13 23:49:00.000  -12.843715066  131.132747577   120.1186   5   6   6.4860   5.7127  22.1319  -3.9136   9.3324  -9.7233   0.00    0.0
2014/12/13 23:49:30.000  -12.843714823  131.132747546   120.2153   5   6   6.5113   5.7280  22.0762  -3.9365   9.3433  -9.7423   0.00    0.0
2014/12/13 23:50:00.000  -12.843713446  131.132747285   119.9406   5   6   6.5358   5.7432  22.0196  -3.9584   9.3535  -9.7594   0.00    0.0
2014/12/13 23:50:30.000  -12.843713615  131.132747514   120.0325   5   6   6.5592   5.7582  21.9620  -3.9794   9.3630  -9.7744   0.00    0.0
2014/12/13 23:51:00.000  -12.843713815  131.132746878   119.5178   5   6   6.5815   5.7730  21.9034  -3.9994   9.3717  -9.7873   0.00    0.0
2014/12/13 23:51:30.000  -12.843715908  131.132746872   119.7874   5   6   6.6028   5.7876  21.8436  -4.0185   9.3796  -9.7981   0.00    0.0
2014/12/13 23:52:00.000  -12.843716105  131.132747824   120.0353   5   6   6.6230   5.8020  21.7826  -4.0366   9.3867  -9.8067   0.00    0.0
2014/12/13 23:52:30.000  -12.843715654  131.132747828   120.2790   5   6   6.6421   5.8162  21.7204  -4.0536   9.3929  -9.8131   0.00    0.0
2014/12/13 23:53:00.000  -12.843715444  131.132747806   120.5596   5   7   6.3235   4.3456  14.2381  -2.9049   4.9903  -7.8913   0.00    0.0
2014/12/13 23:53:30.000  -12.843714952  131.132748793   120.7358   5   8   6.1809   3.8858  11.9313  -2.4016   3.1429  -7.1797   0.00    0.0
2014/12/13 23:54:00.000  -12.843713779  131.132746822   120.3171   5   8   6.2003   3.8914  11.9555  -2.4261   3.1827  -7.2070   0.00    0.0
2014/12/13 23:54:30.000  -12.843712347  131.132745236   119.4970   5   8   6.2189   3.8971  11.9787  -2.4502   3.2217  -7.2330   0.00    0.0
2014/12/13 23:55:00.000  -12.843709993  131.132745065   119.0102   5   9   3.9848   3.8171   8.2851  -1.4885   1.8874  -3.3197   0.00    0.0
2014/12/13 23:55:30.000  -12.843708824  131.132745163   118.7196   5   9   3.9888   3.8203   8.2935  -1.5009   1.9175  -3.3311   0.00    0.0
2014/12/13 23:56:00.000  -12.843708823  131.132745883   118.9369   5   9   3.9926   3.8235   8.3019  -1.5131   1.9471  -3.3422   0.00    0.0
2014/12/13 23:56:30.000  -12.843708336  131.132746163   119.0037   5   9   3.9962   3.8268   8.3106  -1.5252   1.9763  -3.3529   0.00    0.0
2014/12/13 23:57:00.000  -12.843707907  131.132746596   119.4293   5   9   3.9997   3.8302   8.3193  -1.5372   2.0050  -3.3633   0.00    0.0
2014/12/13 23:57:30.000  -12.843707594  131.132745769   119.6034   5   9   4.0031   3.8337   8.3282  -1.5491   2.0334  -3.3733   0.00    0.0
2014/12/13 23:58:00.000  -12.843707831  131.132744763   119.4214   5   9   4.0063   3.8372   8.3372  -1.5609   2.0613  -3.3830   0.00    0.0
2014/12/13 23:58:30.000  -12.843708350  131.132744743   119.1215   5   9   4.0093   3.8408   8.3464  -1.5725   2.0889  -3.3923   0.00    0.0
2014/12/13 23:59:00.000  -12.843708063  131.132745340   119.1459   5   9   4.0121   3.8444   8.3557  -1.5840   2.1162  -3.4012   0.00    0.0
2014/12/13 23:59:30.000  -12.843707490  131.132744564   118.8707   5   9   4.0148   3.8481   8.3652  -1.5954   2.1431  -3.4098   0.00    0.0
