% program   : RTKPOST-QT ver.2.4.3 Emlid b28
% inp file  : /media/renato/OPERATION/Research/In preparation/ION ITM 2021/data/darw2210.14o
% inp file  : /media/renato/OPERATION/Research/In preparation/ION ITM 2021/data/brdc2210.14n
% obs start : 2014/08/09 00:00:00.0 GPST (week1804 518400.0s)
% obs end   : 2014/08/09 23:59:30.0 GPST (week1804 604770.0s)
%
% (lat/lon/height=WGS84/ellipsoidal,Q=1:fix,2:float,3:sbas,4:dgps,5:single,6:ppp,ns=# of satellites)
%  GPST                  latitude(deg) longitude(deg)  height(m)   Q  ns   sdn(m)   sde(m)   sdu(m)  sdne(m)  sdeu(m)  sdun(m) age(s)  ratio
2014/08/09 00:00:00.000  -12.843704897  131.132742734   129.0372   5   8   2.5214   1.9364   5.3604  -0.0650   1.0678   2.6197   0.00    0.0
2014/08/09 00:00:30.000  -12.843705657  131.132741993   129.0537   5   8   2.5192   1.9395   5.3617   0.0339   1.0880   2.6147   0.00    0.0
2014/08/09 00:01:00.000  -12.843706713  131.132741564   129.0630   5   8   2.5168   1.9426   5.3628   0.0805   1.1079   2.6093   0.00    0.0
2014/08/09 00:01:30.000  -12.843708089  131.132742966   128.8826   5   8   2.5143   1.9457   5.3639   0.1085   1.1275   2.6037   0.00    0.0
2014/08/09 00:02:00.000  -12.843709305  131.132743960   128.8933   5   8   2.5117   1.9489   5.3648   0.1305   1.1469   2.5978   0.00    0.0
2014/08/09 00:02:30.000  -12.843707290  131.132742881   128.9174   5   8   2.5090   1.9521   5.3657   0.1491   1.1661   2.5916   0.00    0.0
2014/08/09 00:03:00.000  -12.843707927  131.132742661   128.9253   5   8   2.5062   1.9554   5.3665   0.1655   1.1850   2.5852   0.00    0.0
2014/08/09 00:03:30.000  -12.843708203  131.132742426   128.7896   5   8   2.5032   1.9588   5.3673   0.1802   1.2038   2.5785   0.00    0.0
2014/08/09 00:04:00.000  -12.843707993  131.132742581   128.7861   5   8   2.5002   1.9622   5.3680   0.1937   1.2223   2.5715   0.00    0.0
2014/08/09 00:04:30.000  -12.843707435  131.132743081   128.8986   5   8   2.4970   1.9656   5.3686   0.2061   1.2407   2.5642   0.00    0.0
2014/08/09 00:05:00.000  -12.843706929  131.132743312   128.9924   5   8   2.4937   1.9691   5.3692   0.2177   1.2588   2.5567   0.00    0.0
2014/08/09 00:05:30.000  -12.843705541  131.132743469   129.1956   5   8   2.4903   1.9726   5.3697   0.2285   1.2768   2.5489   0.00    0.0
2014/08/09 00:06:00.000  -12.843705570  131.132743912   129.2777   5   8   2.4868   1.9762   5.3702   0.2386   1.2946   2.5409   0.00    0.0
2014/08/09 00:06:30.000  -12.843705872  131.132743810   129.2321   5   8   2.4832   1.9799   5.3706   0.2482   1.3122   2.5326   0.00    0.0
2014/08/09 00:07:00.000  -12.843707656  131.132743423   129.0260   5   8   2.4796   1.9835   5.3710   0.2572   1.3297   2.5241   0.00    0.0
2014/08/09 00:07:30.000  -12.843708272  131.132744418   128.9580   5   8   2.4758   1.9873   5.3714   0.2658   1.3470   2.5153   0.00    0.0
2014/08/09 00:08:00.000  -12.843707744  131.132745122   129.1382   5   8   2.4720   1.9910   5.3718   0.2739   1.3641   2.5063   0.00    0.0
2014/08/09 00:08:30.000  -12.843707404  131.132745126   129.4206   5   8   2.4680   1.9949   5.3722   0.2816   1.3812   2.4970   0.00    0.0
2014/08/09 00:09:00.000  -12.843707887  131.132744235   129.3599   5   8   2.4640   1.9987   5.3726   0.2889   1.3980   2.4875   0.00    0.0
2014/08/09 00:09:30.000  -12.843708273  131.132743141   129.3711   5   8   2.4600   2.0026   5.3729   0.2959   1.4148   2.4778   0.00    0.0
2014/08/09 00:10:00.000  -12.843708287  131.132742706   128.9869   5   8   2.4558   2.0066   5.3733   0.3025   1.4314   2.4678   0.00    0.0
2014/08/09 00:10:30.000  -12.843708023  131.132743273   128.7133   5   8   2.4516   2.0106   5.3737   0.3088   1.4478   2.4576   0.00    0.0
2014/08/09 00:11:00.000  -12.843709703  131.132744518   128.6291   5   8   2.4473   2.0147   5.3741   0.3148   1.4642   2.4472   0.00    0.0
2014/08/09 00:11:30.000  -12.843711337  131.132744425   128.4608   5   8   2.4430   2.0188   5.3746   0.3205   1.4804   2.4366   0.00    0.0
2014/08/09 00:12:00.000  -12.843712088  131.132742780   128.4419   5   8   2.4386   2.0229   5.3751   0.3259   1.4965   2.4257   0.00    0.0
2014/08/09 00:12:30.000  -12.843712011  131.132743169   128.6263   5   8   2.4341   2.0271   5.3756   0.3310   1.5125   2.4146   0.00    0.0
2014/08/09 00:13:00.000  -12.843712341  131.132744389   129.0459   5   8   2.4297   2.0314   5.3761   0.3359   1.5284   2.4034   0.00    0.0
2014/08/09 00:13:30.000  -12.843711393  131.132745225   129.1446   5   8   2.4251   2.0357   5.3767   0.3405   1.5441   2.3919   0.00    0.0
2014/08/09 00:14:00.000  -12.843709797  131.132745048   129.2863   5   8   2.4206   2.0400   5.3774   0.3448   1.5598   2.3802   0.00    0.0
2014/08/09 00:14:30.000  -12.843709141  131.132744470   129.4350   5   8   2.4159   2.0444   5.3781   0.3489   1.5754   2.3683   0.00    0.0
2014/08/09 00:15:00.000  -12.843708363  131.132744126   129.5644   5   8   2.4113   2.0488   5.3789   0.3528   1.5908   2.3562   0.00    0.0
2014/08/09 00:15:30.000  -12.843708508  131.132742761   129.1279   5   8   2.4066   2.0533   5.3798   0.3564   1.6062   2.3439   0.00    0.0
2014/08/09 00:16:00.000  -12.843709269  131.132744952   128.7549   5   7   2.4029   2.3299   5.7430   0.4510   0.6602   2.3021   0.00    0.0
2014/08/09 00:16:30.000  -12.843710309  131.132744832   128.8016   5   7   2.3984   2.3302   5.7422   0.4619   0.7120   2.2860   0.00    0.0
2014/08/09 00:17:00.000  -12.843704831  131.132742734   127.5731   5   6   2.7425   2.4420   6.7800  -0.8675   1.7908   0.5712   0.00    0.0
2014/08/09 00:17:30.000  -12.843705275  131.132742555   127.3259   5   6   2.7409   2.4440   6.8096  -0.8682   1.8269   0.4000   0.00    0.0
2014/08/09 00:18:00.000  -12.843706358  131.132743165   127.1778   5   6   2.7394   2.4462   6.8399  -0.8694   1.8627  -0.0944   0.00    0.0
2014/08/09 00:18:30.000  -12.843706390  131.132743103   127.1041   5   6   2.7380   2.4485   6.8712  -0.8710   1.8983  -0.4250   0.00    0.0
2014/08/09 00:19:00.000  -12.843706168  131.132743054   127.2137   5   6   2.7369   2.4510   6.9034  -0.8732   1.9337  -0.5959   0.00    0.0
2014/08/09 00:19:30.000  -12.843706725  131.132743510   127.0705   5   6   2.7358   2.4536   6.9364  -0.8759   1.9689  -0.7298   0.00    0.0
2014/08/09 00:20:00.000  -12.843706379  131.132744210   126.9973   5   6   2.7350   2.4564   6.9704  -0.8790   2.0040  -0.8445   0.00    0.0
2014/08/09 00:20:30.000  -12.843709987  131.132741382   125.0928   5   7   2.6307   2.3120   5.4542  -1.1851   0.6872  -2.0434   0.00    0.0
2014/08/09 00:21:00.000  -12.843709427  131.132740626   125.1413   5   7   2.6341   2.3112   5.4905  -1.1867   0.7457  -2.0760   0.00    0.0
2014/08/09 00:21:30.000  -12.843708736  131.132740257   125.3810   5   7   2.6377   2.3105   5.5277  -1.1886   0.8008  -2.1089   0.00    0.0
2014/08/09 00:22:00.000  -12.843708317  131.132741321   125.6644   5   7   2.6415   2.3099   5.5657  -1.1908   0.8533  -2.1419   0.00    0.0
2014/08/09 00:22:30.000  -12.843706096  131.132742539   125.8517   5   7   2.6454   2.3095   5.6047  -1.1932   0.9037  -2.1752   0.00    0.0
2014/08/09 00:23:00.000  -12.843704996  131.132742410   125.8541   5   7   2.6495   2.3091   5.6446  -1.1959   0.9523  -2.2088   0.00    0.0
2014/08/09 00:23:30.000  -12.843703996  131.132742133   126.0343   5   7   2.6537   2.3089   5.6855  -1.1988   0.9994  -2.2426   0.00    0.0
2014/08/09 00:24:00.000  -12.843704053  131.132742731   126.2209   5   7   2.6581   2.3088   5.7273  -1.2020   1.0454  -2.2766   0.00    0.0
2014/08/09 00:24:30.000  -12.843705127  131.132742548   126.3533   5   7   2.6628   2.3089   5.7702  -1.2055   1.0902  -2.3110   0.00    0.0
2014/08/09 00:25:00.000  -12.843705496  131.132742607   126.5897   5   7   2.6676   2.3090   5.8140  -1.2092   1.1342  -2.3457   0.00    0.0
2014/08/09 00:25:30.000  -12.843705702  131.132742694   126.6842   5   7   2.6726   2.3093   5.8590  -1.2133   1.1774  -2.3807   0.00    0.0
2014/08/09 00:26:00.000  -12.843706649  131.132742271   126.3395   5   7   2.6778   2.3098   5.9050  -1.2176   1.2201  -2.4160   0.00    0.0
2014/08/09 00:26:30.000  -12.843707336  131.132741847   126.1611   5   7   2.6832   2.3103   5.9521  -1.2223   1.2622  -2.4518   0.00    0.0
2014/08/09 00:27:00.000  -12.843707958  131.132742128   125.8781   5   7   2.6888   2.3110   6.0003  -1.2272   1.3038  -2.4878   0.00    0.0
2014/08/09 00:27:30.000  -12.843708601  131.132741749   125.8505   5   7   2.6947   2.3119   6.0497  -1.2324   1.3451  -2.5243   0.00    0.0
2014/08/09 00:28:00.000  -12.843708652  131.132741475   125.6790   5   7   2.7007   2.3129   6.1003  -1.2380   1.3861  -2.5612   0.00    0.0
2014/08/09 00:28:30.000  -12.843709329  131.132741015   125.6408   5   7   2.7071   2.3140   6.1521  -1.2439   1.4269  -2.5985   0.00    0.0
2014/08/09 00:29:00.000  -12.843708949  131.132740986   125.5362   5   7   2.7136   2.3153   6.2052  -1.2502   1.4676  -2.6363   0.00    0.0
2014/08/09 00:29:30.000  -12.843708055  131.132740666   125.5125   5   7   2.7205   2.3167   6.2595  -1.2567   1.5081  -2.6745   0.00    0.0
2014/08/09 00:30:00.000  -12.843706875  131.132741185   125.7523   5   7   2.7275   2.3183   6.3152  -1.2636   1.5485  -2.7132   0.00    0.0
2014/08/09 00:30:30.000  -12.843707654  131.132741150   126.0752   5   7   2.7349   2.3201   6.3722  -1.2709   1.5890  -2.7524   0.00    0.0
2014/08/09 00:31:00.000  -12.843709201  131.132742157   126.3803   5   7   2.7425   2.3220   6.4306  -1.2785   1.6295  -2.7921   0.00    0.0
2014/08/09 00:31:30.000  -12.843710226  131.132742886   126.6755   5   7   2.7505   2.3241   6.4904  -1.2865   1.6701  -2.8323   0.00    0.0
2014/08/09 00:32:00.000  -12.843709541  131.132742356   126.2472   5   7   2.7587   2.3263   6.5516  -1.2949   1.7108  -2.8731   0.00    0.0
2014/08/09 00:32:30.000  -12.843707907  131.132742652   125.6836   5   7   2.7672   2.3288   6.6144  -1.3037   1.7516  -2.9145   0.00    0.0
2014/08/09 00:33:00.000  -12.843706862  131.132742556   125.1318   5   7   2.7760   2.3314   6.6787  -1.3128   1.7927  -2.9565   0.00    0.0
2014/08/09 00:33:30.000  -12.843706761  131.132741407   125.0450   5   7   2.7852   2.3342   6.7446  -1.3223   1.8339  -2.9991   0.00    0.0
2014/08/09 00:34:00.000  -12.843707171  131.132741836   125.3370   5   7   2.7947   2.3372   6.8120  -1.3323   1.8755  -3.0424   0.00    0.0
2014/08/09 00:34:30.000  -12.843707370  131.132741276   125.4066   5   7   2.8045   2.3404   6.8812  -1.3426   1.9173  -3.0863   0.00    0.0
2014/08/09 00:35:00.000  -12.843708419  131.132740797   125.6016   5   7   2.8147   2.3438   6.9520  -1.3534   1.9595  -3.1309   0.00    0.0
2014/08/09 00:35:30.000  -12.843709573  131.132741082   125.7223   5   7   2.8253   2.3474   7.0246  -1.3646   2.0020  -3.1762   0.00    0.0
2014/08/09 00:36:00.000  -12.843709861  131.132740926   125.6383   5   7   2.8362   2.3512   7.0990  -1.3763   2.0449  -3.2222   0.00    0.0
2014/08/09 00:36:30.000  -12.843709869  131.132740364   125.4888   5   7   2.8475   2.3553   7.1752  -1.3884   2.0883  -3.2690   0.00    0.0
2014/08/09 00:37:00.000  -12.843710215  131.132740722   125.5557   5   7   2.8593   2.3595   7.2534  -1.4010   2.1321  -3.3166   0.00    0.0
2014/08/09 00:37:30.000  -12.843710238  131.132741279   125.6381   5   7   2.8714   2.3641   7.3334  -1.4140   2.1764  -3.3649   0.00    0.0
2014/08/09 00:38:00.000  -12.843709423  131.132741144   125.6173   5   7   2.8840   2.3688   7.4155  -1.4275   2.2213  -3.4141   0.00    0.0
2014/08/09 00:38:30.000  -12.843708516  131.132741902   125.8158   5   7   2.8969   2.3738   7.4996  -1.4415   2.2666  -3.4642   0.00    0.0
2014/08/09 00:39:00.000  -12.843707657  131.132741723   125.6122   5   7   2.9104   2.3790   7.5858  -1.4560   2.3126  -3.5152   0.00    0.0
2014/08/09 00:39:30.000  -12.843707202  131.132740389   125.3446   5   7   2.9243   2.3846   7.6742  -1.4709   2.3592  -3.5670   0.00    0.0
2014/08/09 00:40:00.000  -12.843707003  131.132739036   125.2530   5   7   2.9386   2.3904   7.7648  -1.4864   2.4064  -3.6198   0.00    0.0
2014/08/09 00:40:30.000  -12.843706676  131.132739230   125.0516   5   7   2.9535   2.3964   7.8577  -1.5025   2.4544  -3.6736   0.00    0.0
2014/08/09 00:41:00.000  -12.843707288  131.132739944   125.2971   5   7   2.9688   2.4028   7.9530  -1.5190   2.5030  -3.7283   0.00    0.0
2014/08/09 00:41:30.000  -12.843708141  131.132740914   125.4394   5   7   2.9847   2.4095   8.0506  -1.5361   2.5524  -3.7841   0.00    0.0
2014/08/09 00:42:00.000  -12.843709702  131.132741304   125.8544   5   7   3.0011   2.4164   8.1507  -1.5538   2.6025  -3.8409   0.00    0.0
2014/08/09 00:42:30.000  -12.843709873  131.132742406   126.0874   5   7   3.0180   2.4237   8.2533  -1.5720   2.6535  -3.8988   0.00    0.0
2014/08/09 00:43:00.000  -12.843709417  131.132742171   125.6143   5   7   3.0354   2.4313   8.3585  -1.5908   2.7053  -3.9578   0.00    0.0
2014/08/09 00:43:30.000  -12.843708624  131.132743442   125.5187   5   7   3.0535   2.4393   8.4664  -1.6102   2.7580  -4.0179   0.00    0.0
2014/08/09 00:44:00.000  -12.843708389  131.132742237   125.6086   5   7   3.0721   2.4476   8.5769  -1.6302   2.8116  -4.0792   0.00    0.0
2014/08/09 00:44:30.000  -12.843709082  131.132741714   125.8759   5   7   3.0913   2.4563   8.6903  -1.6507   2.8661  -4.1417   0.00    0.0
2014/08/09 00:45:00.000  -12.843708181  131.132741051   125.5828   5   7   3.1111   2.4654   8.8065  -1.6720   2.9216  -4.2054   0.00    0.0
2014/08/09 00:45:30.000  -12.843706691  131.132739951   125.0493   5   7   3.1315   2.4748   8.9256  -1.6938   2.9781  -4.2704   0.00    0.0
2014/08/09 00:46:00.000  -12.843705679  131.132739452   125.0153   5   7   3.1526   2.4847   9.0477  -1.7163   3.0356  -4.3366   0.00    0.0
2014/08/09 00:46:30.000  -12.843706528  131.132739703   124.9668   5   7   3.1743   2.4950   9.1728  -1.7394   3.0942  -4.4041   0.00    0.0
2014/08/09 00:47:00.000  -12.843707947  131.132740024   124.8804   5   7   3.1967   2.5057   9.3011  -1.7632   3.1538  -4.4730   0.00    0.0
2014/08/09 00:47:30.000  -12.843709885  131.132740497   125.5355   5   7   3.2197   2.5168   9.4325  -1.7876   3.2146  -4.5432   0.00    0.0
2014/08/09 00:48:00.000  -12.843709552  131.132739737   125.3610   5   7   3.2434   2.5284   9.5671  -1.8127   3.2766  -4.6147   0.00    0.0
2014/08/09 00:48:30.000  -12.843709861  131.132739501   124.9689   5   7   3.2678   2.5405   9.7049  -1.8385   3.3397  -4.6877   0.00    0.0
2014/08/09 00:49:00.000  -12.843709935  131.132739830   124.8080   5   7   3.2929   2.5530   9.8461  -1.8650   3.4040  -4.7620   0.00    0.0
2014/08/09 00:49:30.000  -12.843709307  131.132739588   124.4078   5   7   3.3186   2.5660   9.9907  -1.8922   3.4696  -4.8378   0.00    0.0
2014/08/09 00:50:00.000  -12.843709389  131.132739733   124.5344   5   7   3.3451   2.5796  10.1386  -1.9201   3.5364  -4.9150   0.00    0.0
2014/08/09 00:50:30.000  -12.843710012  131.132740150   124.9701   5   7   3.3723   2.5936  10.2900  -1.9486   3.6045  -4.9936   0.00    0.0
2014/08/09 00:51:00.000  -12.843709286  131.132740218   125.0061   5   7   3.4003   2.6082  10.4449  -1.9779   3.6738  -5.0737   0.00    0.0
2014/08/09 00:51:30.000  -12.843708147  131.132740604   124.5260   5   7   3.4289   2.6233  10.6032  -2.0079   3.7444  -5.1552   0.00    0.0
2014/08/09 00:52:00.000  -12.843707698  131.132741361   124.5147   5   7   3.4582   2.6390  10.7650  -2.0386   3.8164  -5.2381   0.00    0.0
2014/08/09 00:52:30.000  -12.843708621  131.132742572   125.0783   5   7   3.4882   2.6553  10.9303  -2.0700   3.8896  -5.3225   0.00    0.0
2014/08/09 00:53:00.000  -12.843709146  131.132743753   125.7688   5   7   3.5190   2.6721  11.0990  -2.1020   3.9642  -5.4082   0.00    0.0
2014/08/09 00:53:30.000  -12.843708955  131.132744014   125.7823   5   7   3.5504   2.6895  11.2711  -2.1347   4.0400  -5.4953   0.00    0.0
2014/08/09 00:54:00.000  -12.843708364  131.132742873   125.4846   5   7   3.5824   2.7075  11.4466  -2.1681   4.1171  -5.5837   0.00    0.0
2014/08/09 00:54:30.000  -12.843707974  131.132742281   125.1798   5   7   3.6151   2.7260  11.6254  -2.2021   4.1955  -5.6734   0.00    0.0
2014/08/09 00:55:00.000  -12.843708477  131.132741968   125.3702   5   7   3.6484   2.7452  11.8074  -2.2368   4.2751  -5.7643   0.00    0.0
2014/08/09 00:55:30.000  -12.843708316  131.132740840   124.8644   5   7   3.6823   2.7649  11.9925  -2.2720   4.3559  -5.8563   0.00    0.0
2014/08/09 00:56:00.000  -12.843707748  131.132740181   124.5819   5   7   3.7167   2.7852  12.1804  -2.3078   4.4378  -5.9494   0.00    0.0
2014/08/09 00:56:30.000  -12.843707651  131.132740311   124.5523   5   7   3.7515   2.8061  12.3711  -2.3441   4.5208  -6.0434   0.00    0.0
2014/08/09 00:57:00.000  -12.843707616  131.132739742   124.5227   5   7   3.7868   2.8276  12.5644  -2.3808   4.6048  -6.1382   0.00    0.0
2014/08/09 00:57:30.000  -12.843706741  131.132738236   123.9078   5   7   3.8225   2.8496  12.7599  -2.4180   4.6897  -6.2337   0.00    0.0
2014/08/09 00:58:00.000  -12.843706248  131.132738011   123.7181   5   7   3.8584   2.8721  12.9575  -2.4555   4.7754  -6.3298   0.00    0.0
2014/08/09 00:58:30.000  -12.843706694  131.132737911   123.6945   5   7   3.8945   2.8951  13.1567  -2.4933   4.8618  -6.4261   0.00    0.0
2014/08/09 00:59:00.000  -12.843707844  131.132739003   124.5590   5   7   3.9308   2.9185  13.3572  -2.5313   4.9487  -6.5227   0.00    0.0
2014/08/09 00:59:30.000  -12.843708673  131.132739678   124.9716   5   7   3.9670   2.9424  13.5586  -2.5694   5.0360  -6.6191   0.00    0.0
2014/08/09 01:00:00.000  -12.843710688  131.132742978   127.1107   5   7   4.0031   2.9666  13.7605  -2.6075   5.1235  -6.7153   0.00    0.0
2014/08/09 01:00:30.000  -12.843711757  131.132744174   127.6446   5   7   4.0390   2.9912  13.9623  -2.6456   5.2110  -6.8108   0.00    0.0
2014/08/09 01:01:00.000  -12.843712227  131.132745057   128.0477   5   7   4.0745   3.0160  14.1634  -2.6834   5.2983  -6.9055   0.00    0.0
2014/08/09 01:01:30.000  -12.843711909  131.132744148   127.2851   5   7   4.1095   3.0410  14.3632  -2.7210   5.3851  -6.9990   0.00    0.0
2014/08/09 01:02:00.000  -12.843712189  131.132742295   126.9338   5   7   4.1438   3.0661  14.5611  -2.7580   5.4712  -7.0909   0.00    0.0
2014/08/09 01:02:30.000  -12.843712304  131.132742921   127.3479   5   7   4.1772   3.0912  14.7564  -2.7945   5.5564  -7.1809   0.00    0.0
2014/08/09 01:03:00.000  -12.843711970  131.132742812   127.7221   5   7   4.2096   3.1163  14.9482  -2.8302   5.6402  -7.2686   0.00    0.0
2014/08/09 01:03:30.000  -12.843712178  131.132743543   128.0124   5   7   4.2408   3.1412  15.1358  -2.8650   5.7225  -7.3536   0.00    0.0
2014/08/09 01:04:00.000  -12.843711739  131.132743778   127.8999   5   7   4.2706   3.1658  15.3183  -2.8986   5.8028  -7.4355   0.00    0.0
2014/08/09 01:04:30.000  -12.843712832  131.132744717   128.3059   5   7   4.2987   3.1900  15.4949  -2.9310   5.8809  -7.5138   0.00    0.0
2014/08/09 01:05:00.000  -12.843713822  131.132745687   128.9552   5   7   4.3251   3.2137  15.6646  -2.9620   5.9562  -7.5881   0.00    0.0
2014/08/09 01:05:30.000  -12.843712956  131.132744994   128.7721   5   7   4.3494   3.2368  15.8266  -2.9913   6.0286  -7.6580   0.00    0.0
2014/08/09 01:06:00.000  -12.843712166  131.132744572   128.5677   5   7   4.3715   3.2591  15.9798  -3.0188   6.0977  -7.7229   0.00    0.0
2014/08/09 01:06:30.000  -12.843710428  131.132743799   127.8452   5   7   4.3912   3.2806  16.1235  -3.0444   6.1630  -7.7826   0.00    0.0
2014/08/09 01:07:00.000  -12.843710916  131.132743231   127.7514   5   7   4.4083   3.3010  16.2567  -3.0677   6.2242  -7.8365   0.00    0.0
2014/08/09 01:07:30.000  -12.843711762  131.132743639   128.0502   5   7   4.4226   3.3204  16.3786  -3.0888   6.2810  -7.8842   0.00    0.0
2014/08/09 01:08:00.000  -12.843713981  131.132745549   129.1844   5   7   4.4340   3.3385  16.4885  -3.1073   6.3331  -7.9254   0.00    0.0
2014/08/09 01:08:30.000  -12.843712497  131.132745662   128.8602   5   7   4.4424   3.3552  16.5855  -3.1232   6.3801  -7.9598   0.00    0.0
2014/08/09 01:09:00.000  -12.843712359  131.132745042   128.8489   5   7   4.4476   3.3705  16.6691  -3.1364   6.4218  -7.9870   0.00    0.0
2014/08/09 01:09:30.000  -12.843712881  131.132745766   129.6521   5   7   4.4495   3.3843  16.7387  -3.1468   6.4580  -8.0069   0.00    0.0
2014/08/09 01:10:00.000  -12.843711941  131.132745964   129.2207   5   7   4.4481   3.3965  16.7939  -3.1542   6.4885  -8.0193   0.00    0.0
2014/08/09 01:10:30.000  -12.843713573  131.132746570   129.7747   5   7   4.4433   3.4070  16.8344  -3.1586   6.5132  -8.0240   0.00    0.0
2014/08/09 01:11:00.000  -12.843714851  131.132747369   129.7295   5   7   4.4351   3.4159  16.8600  -3.1601   6.5319  -8.0210   0.00    0.0
2014/08/09 01:11:30.000  -12.843713839  131.132746827   129.2926   5   7   4.4236   3.4230  16.8705  -3.1584   6.5447  -8.0103   0.00    0.0
2014/08/09 01:12:00.000  -12.843711839  131.132745495   128.6095   5   7   4.4089   3.4284  16.8662  -3.1538   6.5515  -7.9919   0.00    0.0
2014/08/09 01:12:30.000  -12.843711339  131.132744911   128.4732   5   8   2.1775   2.1998   6.7989   0.3820   1.5257  -2.1645   0.00    0.0
2014/08/09 01:13:00.000  -12.843711623  131.132745662   128.5561   5   8   2.1788   2.2014   6.8230   0.3885   1.5390  -2.1733   0.00    0.0
2014/08/09 01:13:30.000  -12.843711219  131.132745648   128.4067   5   8   2.1801   2.2030   6.8466   0.3949   1.5522  -2.1816   0.00    0.0
2014/08/09 01:14:00.000  -12.843711572  131.132745292   128.4260   5   8   2.1814   2.2046   6.8697   0.4013   1.5653  -2.1896   0.00    0.0
2014/08/09 01:14:30.000  -12.843711275  131.132745506   127.8957   5   8   2.1826   2.2062   6.8923   0.4077   1.5783  -2.1971   0.00    0.0
2014/08/09 01:15:00.000  -12.843711035  131.132744729   127.5598   5   9   2.1438   2.1129   6.2682  -0.3090   0.8132  -2.4646   0.00    0.0
2014/08/09 01:15:30.000  -12.843711760  131.132744592   127.6747   5   9   2.1442   2.1139   6.2958  -0.3063   0.8364  -2.4722   0.00    0.0
2014/08/09 01:16:00.000  -12.843711918  131.132744939   127.8385   5   9   2.1446   2.1149   6.3229  -0.3035   0.8592  -2.4794   0.00    0.0
2014/08/09 01:16:30.000  -12.843712920  131.132744783   128.1241   5   9   2.1449   2.1160   6.3496  -0.3008   0.8816  -2.4862   0.00    0.0
2014/08/09 01:17:00.000  -12.843713129  131.132743943   128.0376   5   9   2.1452   2.1171   6.3759  -0.2981   0.9038  -2.4926   0.00    0.0
2014/08/09 01:17:30.000  -12.843713713  131.132744200   127.7650   5   9   2.1453   2.1182   6.4018  -0.2953   0.9256  -2.4986   0.00    0.0
2014/08/09 01:18:00.000  -12.843713575  131.132745040   127.8192   5   9   2.1454   2.1194   6.4271  -0.2925   0.9472  -2.5042   0.00    0.0
2014/08/09 01:18:30.000  -12.843713216  131.132744413   128.0454   5   9   2.1454   2.1206   6.4520  -0.2897   0.9685  -2.5093   0.00    0.0
2014/08/09 01:19:00.000  -12.843712805  131.132743854   128.2944   5   9   2.1453   2.1219   6.4763  -0.2868   0.9895  -2.5140   0.00    0.0
2014/08/09 01:19:30.000  -12.843712638  131.132744716   128.5295   5   9   2.1452   2.1232   6.5001  -0.2839   1.0103  -2.5182   0.00    0.0
2014/08/09 01:20:00.000  -12.843712298  131.132744839   128.4843   5   9   2.1449   2.1246   6.5234  -0.2809   1.0308  -2.5220   0.00    0.0
2014/08/09 01:20:30.000  -12.843712085  131.132744478   128.1217   5   9   2.1446   2.1260   6.5461  -0.2778   1.0511  -2.5253   0.00    0.0
2014/08/09 01:21:00.000  -12.843712220  131.132743667   127.9057   5   9   2.1442   2.1274   6.5681  -0.2747   1.0712  -2.5281   0.00    0.0
2014/08/09 01:21:30.000  -12.843711438  131.132744226   127.7856   5   9   2.1437   2.1289   6.5896  -0.2714   1.0911  -2.5304   0.00    0.0
2014/08/09 01:22:00.000  -12.843710467  131.132744379   127.6966   5   9   2.1431   2.1304   6.6105  -0.2680   1.1108  -2.5323   0.00    0.0
2014/08/09 01:22:30.000  -12.843710728  131.132744432   128.0929   5   9   2.1424   2.1320   6.6307  -0.2645   1.1303  -2.5336   0.00    0.0
2014/08/09 01:23:00.000  -12.843712258  131.132744877   128.6423   5   9   2.1416   2.1336   6.6502  -0.2608   1.1496  -2.5344   0.00    0.0
2014/08/09 01:23:30.000  -12.843711373  131.132744664   128.3177   5   9   2.1407   2.1352   6.6691  -0.2570   1.1687  -2.5347   0.00    0.0
2014/08/09 01:24:00.000  -12.843711235  131.132743476   128.1201   5   9   2.1398   2.1369   6.6873  -0.2529   1.1876  -2.5345   0.00    0.0
2014/08/09 01:24:30.000  -12.843710469  131.132743337   127.8782   5   9   2.1387   2.1387   6.7049  -0.2487   1.2064  -2.5338   0.00    0.0
2014/08/09 01:25:00.000  -12.843709855  131.132743161   128.0724   5   9   2.1376   2.1404   6.7217  -0.2442   1.2249  -2.5325   0.00    0.0
2014/08/09 01:25:30.000  -12.843710109  131.132743252   127.9116   5   9   2.1364   2.1422   6.7378  -0.2394   1.2433  -2.5307   0.00    0.0
2014/08/09 01:26:00.000  -12.843709751  131.132743059   127.8067   5   9   2.1351   2.1441   6.7532  -0.2344   1.2615  -2.5283   0.00    0.0
2014/08/09 01:26:30.000  -12.843709787  131.132743147   127.8114   5   9   2.1337   2.1460   6.7679  -0.2290   1.2795  -2.5254   0.00    0.0
2014/08/09 01:27:00.000  -12.843709695  131.132742989   127.3389   5   9   2.1322   2.1480   6.7819  -0.2233   1.2974  -2.5220   0.00    0.0
2014/08/09 01:27:30.000  -12.843710736  131.132742134   127.4411   5   9   2.1307   2.1500   6.7951  -0.2171   1.3151  -2.5180   0.00    0.0
2014/08/09 01:28:00.000  -12.843712280  131.132742820   127.6880   5   9   2.1291   2.1520   6.8076  -0.2106   1.3327  -2.5134   0.00    0.0
2014/08/09 01:28:30.000  -12.843712613  131.132742790   127.6710   5   9   2.1274   2.1541   6.8194  -0.2035   1.3500  -2.5083   0.00    0.0
2014/08/09 01:29:00.000  -12.843712516  131.132747032   127.1262   5   8   2.1290   2.4175   7.3693   0.3069  -1.0746  -2.5688   0.00    0.0
2014/08/09 01:29:30.000  -12.843711830  131.132747106   126.9789   5   8   2.1274   2.4186   7.3856   0.3188  -1.0595  -2.5654   0.00    0.0
2014/08/09 01:30:00.000  -12.843711845  131.132747228   126.7006   5   8   2.1258   2.4198   7.4009   0.3301  -1.0437  -2.5614   0.00    0.0
2014/08/09 01:30:30.000  -12.843711820  131.132746467   127.0397   5   8   2.1240   2.4210   7.4154   0.3410  -1.0271  -2.5567   0.00    0.0
2014/08/09 01:31:00.000  -12.843712584  131.132745714   127.3438   5   8   2.1222   2.4223   7.4289   0.3515  -1.0098  -2.5515   0.00    0.0
2014/08/09 01:31:30.000  -12.843712787  131.132746505   127.1494   5   8   2.1203   2.4235   7.4415   0.3615  -0.9917  -2.5456   0.00    0.0
2014/08/09 01:32:00.000  -12.843711903  131.132747051   126.8279   5   8   2.1184   2.4249   7.4532   0.3713  -0.9728  -2.5391   0.00    0.0
2014/08/09 01:32:30.000  -12.843711811  131.132747272   126.9099   5   8   2.1164   2.4262   7.4640   0.3807  -0.9530  -2.5320   0.00    0.0
2014/08/09 01:33:00.000  -12.843711330  131.132748202   126.8613   5   8   2.1144   2.4276   7.4739   0.3898  -0.9322  -2.5243   0.00    0.0
2014/08/09 01:33:30.000  -12.843711287  131.132748724   126.5242   5   8   2.1123   2.4290   7.4829   0.3987  -0.9104  -2.5160   0.00    0.0
2014/08/09 01:34:00.000  -12.843711045  131.132747486   126.1116   5   8   2.1102   2.4305   7.4909   0.4074  -0.8876  -2.5070   0.00    0.0
2014/08/09 01:34:30.000  -12.843711029  131.132747312   125.6845   5   8   2.1080   2.4320   7.4981   0.4159  -0.8635  -2.4975   0.00    0.0
2014/08/09 01:35:00.000  -12.843710437  131.132747031   125.4927   5   8   2.1058   2.4335   7.5043   0.4242  -0.8383  -2.4873   0.00    0.0
2014/08/09 01:35:30.000  -12.843710472  131.132747755   125.5667   5   8   2.1036   2.4351   7.5097   0.4323  -0.8116  -2.4765   0.00    0.0
2014/08/09 01:36:00.000  -12.843711144  131.132747731   125.6982   5   8   2.1013   2.4368   7.5142   0.4403  -0.7835  -2.4651   0.00    0.0
2014/08/09 01:36:30.000  -12.843712508  131.132747589   125.9600   5   8   2.0991   2.4384   7.5178   0.4481  -0.7536  -2.4532   0.00    0.0
2014/08/09 01:37:00.000  -12.843713457  131.132747381   126.5244   5   8   2.0967   2.4401   7.5206   0.4559  -0.7220  -2.4406   0.00    0.0
2014/08/09 01:37:30.000  -12.843712804  131.132746706   126.7886   5   8   2.0944   2.4419   7.5226   0.4635  -0.6882  -2.4274   0.00    0.0
2014/08/09 01:38:00.000  -12.843712272  131.132746418   126.8595   5   8   2.0921   2.4437   7.5238   0.4711  -0.6519  -2.4137   0.00    0.0
2014/08/09 01:38:30.000  -12.843711876  131.132745614   126.6411   5   8   2.0898   2.4455   7.5241   0.4786  -0.6128  -2.3994   0.00    0.0
2014/08/09 01:39:00.000  -12.843711906  131.132745047   126.7288   5   8   2.0874   2.4474   7.5237   0.4860  -0.5703  -2.3845   0.00    0.0
2014/08/09 01:39:30.000  -12.843711620  131.132746097   126.8157   5   8   2.0851   2.4494   7.5225   0.4934  -0.5235  -2.3690   0.00    0.0
2014/08/09 01:40:00.000  -12.843712042  131.132746061   126.6748   5   8   2.0828   2.4514   7.5206   0.5007  -0.4713  -2.3530   0.00    0.0
2014/08/09 01:40:30.000  -12.843712441  131.132745451   126.7628   5   8   2.0805   2.4534   7.5180   0.5080  -0.4114  -2.3364   0.00    0.0
2014/08/09 01:41:00.000  -12.843712030  131.132744878   126.4772   5   8   2.0782   2.4555   7.5146   0.5154  -0.3400  -2.3192   0.00    0.0
2014/08/09 01:41:30.000  -12.843711671  131.132745208   126.3538   5   8   2.0760   2.4577   7.5106   0.5227  -0.2473  -2.3015   0.00    0.0
2014/08/09 01:42:00.000  -12.843712105  131.132745615   126.3522   5   8   2.0738   2.4599   7.5059   0.5299  -0.0768  -2.2833   0.00    0.0
2014/08/09 01:42:30.000  -12.843712112  131.132746637   126.4265   5   8   2.0716   2.4621   7.5006   0.5373   0.2239  -2.2645   0.00    0.0
2014/08/09 01:43:00.000  -12.843713745  131.132750380   125.0681   5   7   2.1176   3.0145   9.7704  -0.6947  -3.2825  -1.4925   0.00    0.0
2014/08/09 01:43:30.000  -12.843713942  131.132749526   125.1933   5   7   2.1156   3.0138   9.8154  -0.6879  -3.2899  -1.4497   0.00    0.0
2014/08/09 01:44:00.000  -12.843715115  131.132749350   125.6759   5   7   2.1138   3.0130   9.8594  -0.6814  -3.2964  -1.4043   0.00    0.0
2014/08/09 01:44:30.000  -12.843715306  131.132749073   126.0573   5   7   2.1121   3.0122   9.9025  -0.6751  -3.3019  -1.3560   0.00    0.0
2014/08/09 01:45:00.000  -12.843715111  131.132747898   125.5775   5   7   2.1106   3.0112   9.9445  -0.6691  -3.3066  -1.3045   0.00    0.0
2014/08/09 01:45:30.000  -12.843715365  131.132748228   125.4397   5   7   2.1093   3.0101   9.9856  -0.6633  -3.3104  -1.2495   0.00    0.0
2014/08/09 01:46:00.000  -12.843715045  131.132747973   125.2166   5   7   2.1081   3.0089  10.0256  -0.6577  -3.3132  -1.1904   0.00    0.0
2014/08/09 01:46:30.000  -12.843714608  131.132747542   124.8437   5   7   2.1070   3.0075  10.0645  -0.6524  -3.3150  -1.1267   0.00    0.0
2014/08/09 01:47:00.000  -12.843714569  131.132747153   125.2708   5   7   2.1062   3.0061  10.1023  -0.6472  -3.3159  -1.0575   0.00    0.0
2014/08/09 01:47:30.000  -12.843714975  131.132747934   125.6011   5   7   2.1055   3.0045  10.1390  -0.6422  -3.3157  -0.9817   0.00    0.0
2014/08/09 01:48:00.000  -12.843714983  131.132748406   125.2394   5   7   2.1050   3.0029  10.1746  -0.6374  -3.3145  -0.8978   0.00    0.0
2014/08/09 01:48:30.000  -12.843715117  131.132747692   125.1107   5   7   2.1046   3.0011  10.2090  -0.6326  -3.3123  -0.8031   0.00    0.0
2014/08/09 01:49:00.000  -12.843715088  131.132746994   125.4574   5   7   2.1045   2.9992  10.2422  -0.6280  -3.3091  -0.6933   0.00    0.0
2014/08/09 01:49:30.000  -12.843715242  131.132746581   125.6522   5   7   2.1046   2.9972  10.2742  -0.6234  -3.3048  -0.5598   0.00    0.0
2014/08/09 01:50:00.000  -12.843715976  131.132747297   125.8250   5   7   2.1048   2.9951  10.3051  -0.6189  -3.2994  -0.3781   0.00    0.0
2014/08/09 01:50:30.000  -12.843716215  131.132746710   126.1858   5   7   2.1053   2.9928  10.3347  -0.6144  -3.2929   0.1741   0.00    0.0
2014/08/09 01:51:00.000  -12.843716420  131.132746342   126.1319   5   7   2.1059   2.9905  10.3632  -0.6098  -3.2853   0.4544   0.00    0.0
2014/08/09 01:51:30.000  -12.843716518  131.132745369   126.3185   5   7   2.1068   2.9881  10.3904  -0.6053  -3.2767   0.6207   0.00    0.0
2014/08/09 01:52:00.000  -12.843716415  131.132746634   126.3207   5   7   2.1079   2.9855  10.4164  -0.6006  -3.2668   0.7529   0.00    0.0
2014/08/09 01:52:30.000  -12.843716153  131.132747740   126.9392   5   7   2.1092   2.9829  10.4411  -0.5958  -3.2559   0.8665   0.00    0.0
2014/08/09 01:53:00.000  -12.843716621  131.132748349   127.2355   5   7   2.1107   2.9802  10.4647  -0.5908  -3.2438   0.9681   0.00    0.0
2014/08/09 01:53:30.000  -12.843717235  131.132748464   126.8333   5   7   2.1125   2.9774  10.4870  -0.5856  -3.2306   1.0612   0.00    0.0
2014/08/09 01:54:00.000  -12.843717757  131.132748210   126.0633   5   7   2.1144   2.9745  10.5082  -0.5802  -3.2162   1.1476   0.00    0.0
2014/08/09 01:54:30.000  -12.843717804  131.132747452   125.9163   5   7   2.1166   2.9716  10.5281  -0.5745  -3.2006   1.2289   0.00    0.0
2014/08/09 01:55:00.000  -12.843717379  131.132746907   126.3216   5   7   2.1191   2.9685  10.5468  -0.5685  -3.1838   1.3058   0.00    0.0
2014/08/09 01:55:30.000  -12.843716928  131.132747214   126.7234   5   7   2.1217   2.9654  10.5644  -0.5621  -3.1658   1.3792   0.00    0.0
2014/08/09 01:56:00.000  -12.843716459  131.132745881   127.0518   5   7   2.1246   2.9623  10.5808  -0.5553  -3.1467   1.4495   0.00    0.0
2014/08/09 01:56:30.000  -12.843716000  131.132746079   127.0239   5   7   2.1278   2.9591  10.5960  -0.5480  -3.1263   1.5170   0.00    0.0
2014/08/09 01:57:00.000  -12.843716482  131.132746312   126.8011   5   7   2.1311   2.9559  10.6101  -0.5401  -3.1047   1.5822   0.00    0.0
2014/08/09 01:57:30.000  -12.843716860  131.132746004   126.9838   5   7   2.1347   2.9527  10.6231  -0.5317  -3.0818   1.6452   0.00    0.0
2014/08/09 01:58:00.000  -12.843717306  131.132745964   127.2854   5   7   2.1386   2.9494  10.6350  -0.5226  -3.0578   1.7063   0.00    0.0
2014/08/09 01:58:30.000  -12.843717858  131.132745576   127.2742   5   7   2.1427   2.9461  10.6458  -0.5129  -3.0324   1.7657   0.00    0.0
2014/08/09 01:59:00.000  -12.843718770  131.132745514   126.9508   5   7   2.1470   2.9428  10.6556  -0.5022  -3.0058   1.8234   0.00    0.0
2014/08/09 01:59:30.000  -12.843718503  131.132745085   127.1671   5   7   2.1516   2.9395  10.6643  -0.4907  -2.9779   1.8796   0.00    0.0
2014/08/09 02:00:00.000  -12.843718781  131.132744349   127.1699   5   7   2.1564   2.9363  10.6720  -0.4782  -2.9487   1.9344   0.00    0.0
2014/08/09 02:00:30.000  -12.843718221  131.132745035   127.1545   5   7   2.1615   2.9330  10.6788  -0.4646  -2.9182   1.9880   0.00    0.0
2014/08/09 02:01:00.000  -12.843718107  131.132745492   127.0396   5   7   2.1668   2.9298  10.6846  -0.4497  -2.8863   2.0403   0.00    0.0
2014/08/09 02:01:30.000  -12.843717015  131.132745651   126.9049   5   7   2.1724   2.9266  10.6895  -0.4334  -2.8531   2.0915   0.00    0.0
2014/08/09 02:02:00.000  -12.843717281  131.132745365   127.0621   5   7   2.1782   2.9235  10.6935  -0.4155  -2.8186   2.1416   0.00    0.0
2014/08/09 02:02:30.000  -12.843717560  131.132744314   127.1830   5   7   2.1842   2.9204  10.6966  -0.3956  -2.7826   2.1906   0.00    0.0
2014/08/09 02:03:00.000  -12.843718941  131.132744587   127.8824   5   8   2.0687   2.9050   8.0439  -0.5773  -3.0713  -0.2624   0.00    0.0
2014/08/09 02:03:30.000  -12.843719616  131.132744974   128.2198   5   8   2.0696   2.9010   8.0338  -0.5734  -3.0512   0.1195   0.00    0.0
2014/08/09 02:04:00.000  -12.843719735  131.132745606   128.3730   5   8   2.0706   2.8969   8.0232  -0.5693  -3.0305   0.3117   0.00    0.0
2014/08/09 02:04:30.000  -12.843720062  131.132746003   127.5392   5   8   2.0717   2.8929   8.0122  -0.5649  -3.0094   0.4240   0.00    0.0
2014/08/09 02:05:00.000  -12.843719453  131.132746794   127.8361   5   8   2.0729   2.8889   8.0006  -0.5602  -2.9877   0.5120   0.00    0.0
2014/08/09 02:05:30.000  -12.843719725  131.132746658   127.5906   5   8   2.0743   2.8849   7.9887  -0.5553  -2.9655   0.5866   0.00    0.0
2014/08/09 02:06:00.000  -12.843720788  131.132746420   127.4044   5   8   2.0757   2.8809   7.9763  -0.5500  -2.9428   0.6524   0.00    0.0
2014/08/09 02:06:30.000  -12.843720632  131.132745587   127.4985   5   8   2.0772   2.8770   7.9635  -0.5444  -2.9197   0.7119   0.00    0.0
2014/08/09 02:07:00.000  -12.843720275  131.132745511   127.5128   5   8   2.0788   2.8731   7.9504  -0.5384  -2.8960   0.7665   0.00    0.0
2014/08/09 02:07:30.000  -12.843720216  131.132745215   127.2165   5   8   2.0806   2.8692   7.9369  -0.5321  -2.8719   0.8172   0.00    0.0
2014/08/09 02:08:00.000  -12.843719851  131.132744510   127.9137   5   8   2.0824   2.8654   7.9231  -0.5254  -2.8473   0.8647   0.00    0.0
2014/08/09 02:08:30.000  -12.843718510  131.132744605   128.8242   5   8   2.0843   2.8617   7.9089  -0.5182  -2.8222   0.9094   0.00    0.0
2014/08/09 02:09:00.000  -12.843718934  131.132744645   128.7424   5   8   2.0863   2.8580   7.8945  -0.5106  -2.7967   0.9517   0.00    0.0
2014/08/09 02:09:30.000  -12.843719465  131.132744288   128.5485   5   8   2.0884   2.8544   7.8798  -0.5026  -2.7707   0.9919   0.00    0.0
2014/08/09 02:10:00.000  -12.843719616  131.132744585   128.6582   5   8   2.0906   2.8509   7.8648  -0.4940  -2.7442   1.0303   0.00    0.0
2014/08/09 02:10:30.000  -12.843720478  131.132744324   128.5636   5   8   2.0929   2.8474   7.8497  -0.4849  -2.7173   1.0670   0.00    0.0
2014/08/09 02:11:00.000  -12.843720943  131.132743225   128.9253   5   8   2.0953   2.8440   7.8342  -0.4753  -2.6899   1.1022   0.00    0.0
2014/08/09 02:11:30.000  -12.843721466  131.132742354   129.2273   5   8   2.0978   2.8408   7.8186  -0.4650  -2.6620   1.1361   0.00    0.0
2014/08/09 02:12:00.000  -12.843721756  131.132742821   129.4467   5   8   2.1004   2.8376   7.8028  -0.4541  -2.6337   1.1687   0.00    0.0
2014/08/09 02:12:30.000  -12.843721155  131.132743729   129.2039   5   8   2.1031   2.8345   7.7869  -0.4425  -2.6049   1.2001   0.00    0.0
2014/08/09 02:13:00.000  -12.843720912  131.132744294   129.0818   5   8   2.1058   2.8315   7.7708  -0.4301  -2.5757   1.2304   0.00    0.0
2014/08/09 02:13:30.000  -12.843722106  131.132744238   128.6356   5   8   2.1086   2.8286   7.7546  -0.4169  -2.5459   1.2598   0.00    0.0
2014/08/09 02:14:00.000  -12.843723096  131.132744388   128.0223   5   8   2.1116   2.8258   7.7382  -0.4027  -2.5157   1.2882   0.00    0.0
2014/08/09 02:14:30.000  -12.843722501  131.132744369   128.4683   5   8   2.1146   2.8231   7.7218  -0.3875  -2.4851   1.3158   0.00    0.0
2014/08/09 02:15:00.000  -12.843722205  131.132744346   128.8244   5   8   2.1177   2.8206   7.7052  -0.3711  -2.4539   1.3425   0.00    0.0
2014/08/09 02:15:30.000  -12.843722626  131.132744846   129.0835   5   8   2.1208   2.8182   7.6886  -0.3534  -2.4222   1.3684   0.00    0.0
2014/08/09 02:16:00.000  -12.843723748  131.132743818   129.3640   5   8   2.1241   2.8159   7.6719  -0.3342  -2.3901   1.3936   0.00    0.0
2014/08/09 02:16:30.000  -12.843723378  131.132742833   129.9913   5   8   2.1274   2.8137   7.6552  -0.3131  -2.3574   1.4181   0.00    0.0
2014/08/09 02:17:00.000  -12.843723395  131.132742664   129.7135   5   8   2.1308   2.8117   7.6385  -0.2898  -2.3242   1.4419   0.00    0.0
2014/08/09 02:17:30.000  -12.843723277  131.132742506   129.4723   5   8   2.1342   2.8098   7.6217  -0.2637  -2.2905   1.4650   0.00    0.0
2014/08/09 02:18:00.000  -12.843723118  131.132743073   129.3739   5   8   2.1378   2.8081   7.6049  -0.2338  -2.2563   1.4876   0.00    0.0
2014/08/09 02:18:30.000  -12.843724240  131.132743224   128.7961   5   9   2.0940   2.7696   6.9568   0.4047  -2.5117   1.9071   0.00    0.0
2014/08/09 02:19:00.000  -12.843725392  131.132742259   128.9733   5   9   2.0985   2.7659   6.9488   0.4286  -2.4862   1.9185   0.00    0.0
2014/08/09 02:19:30.000  -12.843724076  131.132742476   129.2593   5   9   2.1031   2.7624   6.9406   0.4516  -2.4604   1.9298   0.00    0.0
2014/08/09 02:20:00.000  -12.843723226  131.132744928   129.3317   5   9   2.1077   2.7589   6.9323   0.4739  -2.4341   1.9410   0.00    0.0
2014/08/09 02:20:30.000  -12.843724199  131.132744313   128.7751   5   9   2.1124   2.7555   6.9238   0.4954  -2.4075   1.9520   0.00    0.0
2014/08/09 02:21:00.000  -12.843723935  131.132742991   128.7300   5   9   2.1171   2.7522   6.9151   0.5163  -2.3805   1.9628   0.00    0.0
2014/08/09 02:21:30.000  -12.843723728  131.132742630   129.1032   5   9   2.1219   2.7491   6.9063   0.5367  -2.3530   1.9735   0.00    0.0
2014/08/09 02:22:00.000  -12.843724527  131.132741534   129.0617   5   9   2.1268   2.7460   6.8974   0.5566  -2.3252   1.9840   0.00    0.0
2014/08/09 02:22:30.000  -12.843724169  131.132741566   129.3641   5   9   2.1316   2.7431   6.8883   0.5761  -2.2969   1.9943   0.00    0.0
2014/08/09 02:23:00.000  -12.843724499  131.132741831   129.3998   5   9   2.1366   2.7402   6.8792   0.5952  -2.2683   2.0045   0.00    0.0
2014/08/09 02:23:30.000  -12.843725445  131.132741385   129.0747   5   9   2.1416   2.7375   6.8699   0.6139  -2.2392   2.0145   0.00    0.0
2014/08/09 02:24:00.000  -12.843726424  131.132740772   128.7956   5   9   2.1466   2.7349   6.8606   0.6323  -2.2097   2.0244   0.00    0.0
2014/08/09 02:24:30.000  -12.843725954  131.132739331   129.0297   5   9   2.1517   2.7324   6.8511   0.6504  -2.1797   2.0341   0.00    0.0
2014/08/09 02:25:00.000  -12.843724346  131.132739226   129.7646   5   9   2.1568   2.7301   6.8415   0.6683  -2.1493   2.0437   0.00    0.0
2014/08/09 02:25:30.000  -12.843724676  131.132739181   129.6168   5   9   2.1619   2.7279   6.8319   0.6858  -2.1185   2.0531   0.00    0.0
2014/08/09 02:26:00.000  -12.843725662  131.132740037   129.3268   5   9   2.1671   2.7258   6.8222   0.7032  -2.0872   2.0623   0.00    0.0
2014/08/09 02:26:30.000  -12.843725038  131.132740925   129.6793   5   9   2.1723   2.7238   6.8125   0.7203  -2.0554   2.0714   0.00    0.0
2014/08/09 02:27:00.000  -12.843724598  131.132740569   130.0210   5   9   2.1776   2.7220   6.8026   0.7371  -2.0232   2.0804   0.00    0.0
2014/08/09 02:27:30.000  -12.843724546  131.132739628   129.8373   5   9   2.1829   2.7203   6.7928   0.7538  -1.9904   2.0891   0.00    0.0
2014/08/09 02:28:00.000  -12.843724513  131.132740161   129.4419   5   9   2.1882   2.7188   6.7829   0.7703  -1.9572   2.0978   0.00    0.0
2014/08/09 02:28:30.000  -12.843724256  131.132741080   129.2386   5   9   2.1936   2.7173   6.7729   0.7866  -1.9234   2.1063   0.00    0.0
2014/08/09 02:29:00.000  -12.843724938  131.132741602   129.3821   5   9   2.1989   2.7161   6.7629   0.8027  -1.8891   2.1146   0.00    0.0
2014/08/09 02:29:30.000  -12.843725833  131.132741030   129.6298   5   9   2.2044   2.7149   6.7528   0.8186  -1.8542   2.1227   0.00    0.0
2014/08/09 02:30:00.000  -12.843726691  131.132740120   129.8205   5   9   2.2098   2.7139   6.7428   0.8344  -1.8187   2.1307   0.00    0.0
2014/08/09 02:30:30.000  -12.843726972  131.132738798   130.2740   5   9   2.2153   2.7130   6.7327   0.8500  -1.7826   2.1386   0.00    0.0
2014/08/09 02:31:00.000  -12.843727205  131.132738113   130.1910   5   9   2.2208   2.7123   6.7226   0.8655  -1.7459   2.1463   0.00    0.0
2014/08/09 02:31:30.000  -12.843726342  131.132738239   130.2576   5   9   2.2263   2.7117   6.7125   0.8808  -1.7084   2.1538   0.00    0.0
2014/08/09 02:32:00.000  -12.843726269  131.132737944   130.2205   5   9   2.2318   2.7113   6.7023   0.8960  -1.6703   2.1612   0.00    0.0
2014/08/09 02:32:30.000  -12.843726765  131.132737191   130.1229   5   9   2.2373   2.7110   6.6922   0.9110  -1.6314   2.1684   0.00    0.0
2014/08/09 02:33:00.000  -12.843727251  131.132737474   130.2740   5   9   2.2429   2.7108   6.6821   0.9258  -1.5917   2.1755   0.00    0.0
2014/08/09 02:33:30.000  -12.843728516  131.132737710   129.7925   5   9   2.2484   2.7108   6.6719   0.9406  -1.5512   2.1824   0.00    0.0
2014/08/09 02:34:00.000  -12.843727987  131.132737191   129.7732   5   9   2.2540   2.7109   6.6618   0.9552  -1.5098   2.1892   0.00    0.0
2014/08/09 02:34:30.000  -12.843726819  131.132737588   130.2065   5   9   2.2596   2.7112   6.6516   0.9696  -1.4673   2.1957   0.00    0.0
2014/08/09 02:35:00.000  -12.843726190  131.132738389   130.7851   5   9   2.2652   2.7116   6.6415   0.9839  -1.4238   2.2022   0.00    0.0
2014/08/09 02:35:30.000  -12.843727584  131.132737926   130.5586   5   9   2.2708   2.7121   6.6314   0.9981  -1.3792   2.2084   0.00    0.0
2014/08/09 02:36:00.000  -12.843728924  131.132736861   130.2825   5   9   2.2764   2.7128   6.6213   1.0122  -1.3333   2.2145   0.00    0.0
2014/08/09 02:36:30.000  -12.843728317  131.132736381   130.3242   5   9   2.2820   2.7136   6.6112   1.0261  -1.2861   2.2204   0.00    0.0
2014/08/09 02:37:00.000  -12.843728582  131.132736368   130.7893   5   9   2.2876   2.7145   6.6011   1.0399  -1.2373   2.2262   0.00    0.0
2014/08/09 02:37:30.000  -12.843729675  131.132736005   130.8483   5   9   2.2932   2.7156   6.5910   1.0535  -1.1868   2.2318   0.00    0.0
2014/08/09 02:38:00.000  -12.843719666  131.132745978   128.0072   5   8   2.6073   2.9666   7.1975   1.6139  -2.1817   1.1913   0.00    0.0
2014/08/09 02:38:30.000  -12.843719069  131.132746000   128.0046   5   8   2.6128   2.9667   7.1847   1.6221  -2.1495   1.2044   0.00    0.0
2014/08/09 02:39:00.000  -12.843719123  131.132746055   128.0886   5   8   2.6182   2.9670   7.1719   1.6304  -2.1170   1.2171   0.00    0.0
2014/08/09 02:39:30.000  -12.843719343  131.132745656   127.8945   5   8   2.6237   2.9674   7.1591   1.6386  -2.0842   1.2294   0.00    0.0
2014/08/09 02:40:00.000  -12.843720208  131.132744935   127.4637   5   8   2.6291   2.9678   7.1462   1.6468  -2.0510   1.2414   0.00    0.0
2014/08/09 02:40:30.000  -12.843720908  131.132745132   127.2347   5   8   2.6346   2.9684   7.1333   1.6550  -2.0174   1.2529   0.00    0.0
2014/08/09 02:41:00.000  -12.843720122  131.132746217   127.2863   5   8   2.6400   2.9691   7.1205   1.6631  -1.9834   1.2641   0.00    0.0
2014/08/09 02:41:30.000  -12.843719612  131.132745695   127.4987   5   8   2.6454   2.9699   7.1076   1.6711  -1.9491   1.2748   0.00    0.0
2014/08/09 02:42:00.000  -12.843718789  131.132744997   127.7272   5   8   2.6508   2.9708   7.0948   1.6791  -1.9144   1.2852   0.00    0.0
2014/08/09 02:42:30.000  -12.843718520  131.132745421   127.6489   5   8   2.6562   2.9717   7.0819   1.6871  -1.8793   1.2952   0.00    0.0
2014/08/09 02:43:00.000  -12.843718981  131.132746007   127.3920   5   8   2.6615   2.9728   7.0691   1.6950  -1.8438   1.3049   0.00    0.0
2014/08/09 02:43:30.000  -12.843719300  131.132746093   127.3968   5   8   2.6669   2.9740   7.0564   1.7028  -1.8078   1.3141   0.00    0.0
2014/08/09 02:44:00.000  -12.843720124  131.132745935   127.6136   5   8   2.6722   2.9753   7.0436   1.7106  -1.7714   1.3230   0.00    0.0
2014/08/09 02:44:30.000  -12.843720277  131.132745175   127.6829   5   8   2.6774   2.9766   7.0309   1.7183  -1.7346   1.3315   0.00    0.0
2014/08/09 02:45:00.000  -12.843720641  131.132744859   127.6713   5   8   2.6827   2.9781   7.0182   1.7260  -1.6972   1.3396   0.00    0.0
2014/08/09 02:45:30.000  -12.843721182  131.132744590   127.5443   5   8   2.6879   2.9796   7.0056   1.7336  -1.6594   1.3473   0.00    0.0
2014/08/09 02:46:00.000  -12.843720866  131.132745135   127.5491   5   8   2.6931   2.9812   6.9930   1.7411  -1.6210   1.3546   0.00    0.0
2014/08/09 02:46:30.000  -12.843720255  131.132745894   127.7728   5   8   2.6982   2.9829   6.9804   1.7485  -1.5821   1.3616   0.00    0.0
2014/08/09 02:47:00.000  -12.843720517  131.132745186   127.7232   5   8   2.7033   2.9846   6.9680   1.7558  -1.5426   1.3682   0.00    0.0
2014/08/09 02:47:30.000  -12.843721644  131.132743961   127.4852   5   8   2.7083   2.9865   6.9555   1.7631  -1.5024   1.3743   0.00    0.0
2014/08/09 02:48:00.000  -12.843722941  131.132742961   127.1609   5   8   2.7133   2.9884   6.9432   1.7702  -1.4616   1.3801   0.00    0.0
2014/08/09 02:48:30.000  -12.843721800  131.132742897   127.3917   5   8   2.7183   2.9904   6.9309   1.7773  -1.4200   1.3855   0.00    0.0
2014/08/09 02:49:00.000  -12.843720518  131.132744370   127.7743   5   8   2.7231   2.9924   6.9186   1.7842  -1.3777   1.3906   0.00    0.0
2014/08/09 02:49:30.000  -12.843719304  131.132745683   127.9797   5   8   2.7280   2.9945   6.9065   1.7910  -1.3345   1.3952   0.00    0.0
2014/08/09 02:50:00.000  -12.843720238  131.132743916   127.5572   5   8   2.7327   2.9967   6.8944   1.7978  -1.2904   1.3994   0.00    0.0
2014/08/09 02:50:30.000  -12.843720664  131.132742512   127.2746   5   8   2.7374   2.9989   6.8823   1.8044  -1.2453   1.4033   0.00    0.0
2014/08/09 02:51:00.000  -12.843720394  131.132742498   127.3700   5   8   2.7421   3.0011   6.8704   1.8109  -1.1991   1.4067   0.00    0.0
2014/08/09 02:51:30.000  -12.843719686  131.132742165   127.4979   5   8   2.7466   3.0034   6.8585   1.8173  -1.1516   1.4098   0.00    0.0
2014/08/09 02:52:00.000  -12.843719383  131.132741393   127.7381   5   8   2.7511   3.0058   6.8468   1.8236  -1.1027   1.4124   0.00    0.0
2014/08/09 02:52:30.000  -12.843718383  131.132742065   128.1549   5   8   2.7555   3.0082   6.8351   1.8297  -1.0523   1.4147   0.00    0.0
2014/08/09 02:53:00.000  -12.843718892  131.132743797   128.2619   5   8   2.7599   3.0106   6.8234   1.8357  -1.0000   1.4165   0.00    0.0
2014/08/09 02:53:30.000  -12.843720231  131.132744427   128.0482   5   8   2.7642   3.0131   6.8119   1.8416  -0.9456   1.4179   0.00    0.0
2014/08/09 02:54:00.000  -12.843721081  131.132744335   127.7334   5   8   2.7683   3.0156   6.8005   1.8473  -0.8888   1.4190   0.00    0.0
2014/08/09 02:54:30.000  -12.843721636  131.132744173   127.8936   5   8   2.7724   3.0181   6.7891   1.8529  -0.8289   1.4196   0.00    0.0
2014/08/09 02:55:00.000  -12.843722617  131.132743893   128.0351   5   8   2.7764   3.0206   6.7779   1.8583  -0.7653   1.4198   0.00    0.0
2014/08/09 02:55:30.000  -12.843723989  131.132742032   127.8169   5   8   2.7804   3.0232   6.7667   1.8636  -0.6971   1.4196   0.00    0.0
2014/08/09 02:56:00.000  -12.843723913  131.132741827   127.7445   5   8   2.7842   3.0257   6.7556   1.8687  -0.6226   1.4190   0.00    0.0
2014/08/09 02:56:30.000  -12.843723326  131.132742432   127.7360   5   8   2.7879   3.0283   6.7447   1.8737  -0.5393   1.4180   0.00    0.0
2014/08/09 02:57:00.000  -12.843723228  131.132742656   127.6721   5   8   2.7916   3.0309   6.7338   1.8785  -0.4422   1.4166   0.00    0.0
2014/08/09 02:57:30.000  -12.843722971  131.132741647   127.5487   5   8   2.7951   3.0335   6.7230   1.8832  -0.3191   1.4147   0.00    0.0
2014/08/09 02:58:00.000  -12.843722226  131.132741803   127.8035   5   8   2.7986   3.0360   6.7123   1.8876  -0.0984   1.4125   0.00    0.0
2014/08/09 02:58:30.000  -12.843721668  131.132741867   127.9787   5   8   2.8019   3.0386   6.7018   1.8920   0.2845   1.4098   0.00    0.0
2014/08/09 02:59:00.000  -12.843721253  131.132742437   128.0367   5   8   2.8052   3.0412   6.6913   1.8961   0.4123   1.4066   0.00    0.0
2014/08/09 02:59:30.000  -12.843720994  131.132742672   128.1125   5   8   2.8083   3.0438   6.6809   1.9001   0.5075   1.4031   0.00    0.0
2014/08/09 03:00:00.000  -12.843720598  131.132741567   128.3030   5   8   2.8113   3.0463   6.6707   1.9039   0.5861   1.3991   0.00    0.0
2014/08/09 03:00:30.000  -12.843720956  131.132741240   128.1815   5   8   2.8142   3.0488   6.6605   1.9075   0.6542   1.3947   0.00    0.0
2014/08/09 03:01:00.000  -12.843722003  131.132740595   127.7470   5   8   2.8171   3.0513   6.6505   1.9109   0.7147   1.3898   0.00    0.0
2014/08/09 03:01:30.000  -12.843721939  131.132741585   127.9736   5   8   2.8198   3.0538   6.6406   1.9141   0.7695   1.3846   0.00    0.0
2014/08/09 03:02:00.000  -12.843721461  131.132741298   128.0270   5   8   2.8224   3.0563   6.6308   1.9172   0.8197   1.3788   0.00    0.0
2014/08/09 03:02:30.000  -12.843721312  131.132740721   127.9752   5   8   2.8249   3.0587   6.6211   1.9201   0.8662   1.3727   0.00    0.0
2014/08/09 03:03:00.000  -12.843721830  131.132740195   127.8691   5   8   2.8272   3.0611   6.6115   1.9227   0.9094   1.3660   0.00    0.0
2014/08/09 03:03:30.000  -12.843722249  131.132740977   127.9876   5   8   2.8295   3.0634   6.6020   1.9252   0.9499   1.3590   0.00    0.0
2014/08/09 03:04:00.000  -12.843723296  131.132740223   128.1138   5   8   2.8316   3.0658   6.5927   1.9275   0.9879   1.3515   0.00    0.0
2014/08/09 03:04:30.000  -12.843723472  131.132740793   128.4555   5   8   2.8337   3.0680   6.5835   1.9296   1.0238   1.3435   0.00    0.0
2014/08/09 03:05:00.000  -12.843724084  131.132740091   128.5668   5   8   2.8356   3.0703   6.5743   1.9315   1.0578   1.3350   0.00    0.0
2014/08/09 03:05:30.000  -12.843724011  131.132739782   128.6115   5   8   2.8374   3.0725   6.5654   1.9332   1.0901   1.3261   0.00    0.0
2014/08/09 03:06:00.000  -12.843723880  131.132740180   128.5051   5   8   2.8390   3.0746   6.5565   1.9347   1.1208   1.3168   0.00    0.0
2014/08/09 03:06:30.000  -12.843724700  131.132739338   128.4928   5   8   2.8406   3.0767   6.5478   1.9360   1.1500   1.3069   0.00    0.0
2014/08/09 03:07:00.000  -12.843725562  131.132738824   128.5285   5   8   2.8421   3.0788   6.5391   1.9371   1.1779   1.2966   0.00    0.0
2014/08/09 03:07:30.000  -12.843726834  131.132737841   128.3996   5   8   2.8434   3.0808   6.5307   1.9380   1.2046   1.2858   0.00    0.0
2014/08/09 03:08:00.000  -12.843728029  131.132736811   128.2525   5   8   2.8446   3.0827   6.5223   1.9387   1.2301   1.2746   0.00    0.0
2014/08/09 03:08:30.000  -12.843727836  131.132737104   128.3639   5   8   2.8457   3.0846   6.5141   1.9392   1.2545   1.2628   0.00    0.0
2014/08/09 03:09:00.000  -12.843727182  131.132736910   128.4908   5   8   2.8467   3.0864   6.5060   1.9395   1.2780   1.2505   0.00    0.0
2014/08/09 03:09:30.000  -12.843727485  131.132737227   128.4151   5   8   2.8476   3.0882   6.4980   1.9395   1.3005   1.2378   0.00    0.0
2014/08/09 03:10:00.000  -12.843727565  131.132737333   128.5703   5   8   2.8483   3.0899   6.4902   1.9394   1.3221   1.2245   0.00    0.0
2014/08/09 03:10:30.000  -12.843727035  131.132737750   128.5455   5   8   2.8490   3.0916   6.4825   1.9391   1.3429   1.2107   0.00    0.0
2014/08/09 03:11:00.000  -12.843727066  131.132738970   128.6066   5   8   2.8495   3.0932   6.4749   1.9386   1.3629   1.1964   0.00    0.0
2014/08/09 03:11:30.000  -12.843727515  131.132738459   128.5230   5   8   2.8499   3.0947   6.4675   1.9378   1.3821   1.1815   0.00    0.0
2014/08/09 03:12:00.000  -12.843728131  131.132737587   128.5876   5   8   2.8502   3.0961   6.4602   1.9369   1.4007   1.1661   0.00    0.0
2014/08/09 03:12:30.000  -12.843727890  131.132738328   128.7626   5   8   2.8504   3.0975   6.4530   1.9357   1.4185   1.1501   0.00    0.0
2014/08/09 03:13:00.000  -12.843729594  131.132737197   128.6672   5   8   2.8505   3.0989   6.4460   1.9344   1.4358   1.1335   0.00    0.0
2014/08/09 03:13:30.000  -12.843736163  131.132729757   129.5982   5   9   2.4657   2.6940   6.1513   1.2418   2.2427   1.9922   0.00    0.0
2014/08/09 03:14:00.000  -12.843735093  131.132729704   129.6672   5   9   2.4647   2.6950   6.1471   1.2378   2.2503   1.9797   0.00    0.0
2014/08/09 03:14:30.000  -12.843735140  131.132729413   129.5935   5   9   2.4637   2.6960   6.1429   1.2336   2.2576   1.9669   0.00    0.0
2014/08/09 03:15:00.000  -12.843735771  131.132730453   129.6980   5   9   2.4627   2.6969   6.1388   1.2292   2.2648   1.9539   0.00    0.0
2014/08/09 03:15:30.000  -12.843735434  131.132731801   130.0492   5   9   2.4616   2.6978   6.1348   1.2247   2.2718   1.9407   0.00    0.0
2014/08/09 03:16:00.000  -12.843734450  131.132732567   130.2426   5   9   2.4605   2.6987   6.1308   1.2200   2.2785   1.9272   0.00    0.0
2014/08/09 03:16:30.000  -12.843734908  131.132731961   130.1835   5   9   2.4593   2.6995   6.1269   1.2150   2.2851   1.9135   0.00    0.0
2014/08/09 03:17:00.000  -12.843735025  131.132731475   130.1125   5   9   2.4582   2.7003   6.1231   1.2099   2.2915   1.8996   0.00    0.0
2014/08/09 03:17:30.000  -12.843734605  131.132731500   130.1307   5   9   2.4570   2.7011   6.1193   1.2047   2.2977   1.8854   0.00    0.0
2014/08/09 03:18:00.000  -12.843735928  131.132730873   130.2373   5   9   2.4558   2.7018   6.1156   1.1992   2.3037   1.8710   0.00    0.0
2014/08/09 03:18:30.000  -12.843735945  131.132731963   130.1315   5   9   2.4545   2.7025   6.1120   1.1935   2.3096   1.8563   0.00    0.0
2014/08/09 03:19:00.000  -12.843735315  131.132731811   130.0416   5   9   2.4533   2.7032   6.1085   1.1877   2.3153   1.8415   0.00    0.0
2014/08/09 03:19:30.000  -12.843734800  131.132731470   129.9818   5   9   2.4520   2.7038   6.1050   1.1817   2.3209   1.8264   0.00    0.0
2014/08/09 03:20:00.000  -12.843735439  131.132731660   130.0466   5   9   2.4507   2.7044   6.1016   1.1755   2.3263   1.8110   0.00    0.0
2014/08/09 03:20:30.000  -12.843737012  131.132731431   130.1682   5   9   2.4494   2.7050   6.0984   1.1692   2.3315   1.7955   0.00    0.0
2014/08/09 03:21:00.000  -12.843736291  131.132733081   130.2012   5   9   2.4481   2.7056   6.0952   1.1627   2.3367   1.7797   0.00    0.0
2014/08/09 03:21:30.000  -12.843735450  131.132734277   130.0626   5   9   2.4467   2.7061   6.0921   1.1560   2.3416   1.7637   0.00    0.0
2014/08/09 03:22:00.000  -12.843735050  131.132734808   129.8110   5   9   2.4454   2.7066   6.0891   1.1491   2.3465   1.7475   0.00    0.0
2014/08/09 03:22:30.000  -12.843734876  131.132734755   129.7792   5   9   2.4441   2.7070   6.0862   1.1421   2.3512   1.7310   0.00    0.0
2014/08/09 03:23:00.000  -12.843734967  131.132734878   130.0744   5   9   2.4427   2.7075   6.0834   1.1349   2.3558   1.7143   0.00    0.0
2014/08/09 03:23:30.000  -12.843735134  131.132735562   130.1961   5   9   2.4413   2.7079   6.0807   1.1275   2.3602   1.6974   0.00    0.0
2014/08/09 03:24:00.000  -12.843735778  131.132736570   130.3352   5   9   2.4400   2.7083   6.0780   1.1200   2.3646   1.6802   0.00    0.0
2014/08/09 03:24:30.000  -12.843735695  131.132735326   130.3442   5   9   2.4386   2.7086   6.0755   1.1123   2.3688   1.6628   0.00    0.0
2014/08/09 03:25:00.000  -12.843735965  131.132734376   130.4992   5   9   2.4373   2.7090   6.0732   1.1045   2.3729   1.6452   0.00    0.0
2014/08/09 03:25:30.000  -12.843735443  131.132734899   130.5687   5   9   2.4359   2.7093   6.0709   1.0965   2.3769   1.6273   0.00    0.0
2014/08/09 03:26:00.000  -12.843735178  131.132734893   130.5980   5   9   2.4345   2.7096   6.0687   1.0883   2.3808   1.6092   0.00    0.0
2014/08/09 03:26:30.000  -12.843734759  131.132735844   130.5931   5   9   2.4332   2.7099   6.0666   1.0800   2.3846   1.5909   0.00    0.0
2014/08/09 03:27:00.000  -12.843735831  131.132734687   130.1749   5  10   2.2716   2.4866   5.1385   0.4609   1.4941  -0.5693   0.00    0.0
2014/08/09 03:27:30.000  -12.843736430  131.132733403   129.8231   5  10   2.2723   2.4862   5.1452   0.4459   1.5035  -0.5937   0.00    0.0
2014/08/09 03:28:00.000  -12.843735955  131.132734873   129.8040   5  10   2.2730   2.4859   5.1520   0.4304   1.5128  -0.6172   0.00    0.0
2014/08/09 03:28:30.000  -12.843736771  131.132735266   129.9901   5  10   2.2737   2.4856   5.1589   0.4141   1.5220  -0.6400   0.00    0.0
2014/08/09 03:29:00.000  -12.843737898  131.132735095   130.1038   5  10   2.2744   2.4853   5.1659   0.3970   1.5311  -0.6622   0.00    0.0
2014/08/09 03:29:30.000  -12.843737215  131.132735372   130.0432   5  10   2.2751   2.4849   5.1730   0.3791   1.5401  -0.6837   0.00    0.0
2014/08/09 03:30:00.000  -12.843736468  131.132735280   129.7795   5  10   2.2758   2.4846   5.1801   0.3601   1.5489  -0.7046   0.00    0.0
2014/08/09 03:30:30.000  -12.843737254  131.132733963   129.6499   5  10   2.2765   2.4843   5.1874   0.3400   1.5577  -0.7250   0.00    0.0
2014/08/09 03:31:00.000  -12.843738273  131.132732709   129.5408   5  10   2.2772   2.4840   5.1947   0.3185   1.5663  -0.7449   0.00    0.0
2014/08/09 03:31:30.000  -12.843737595  131.132731792   129.5689   5  10   2.2779   2.4837   5.2021   0.2953   1.5749  -0.7643   0.00    0.0
2014/08/09 03:32:00.000  -12.843736620  131.132732832   129.5479   5  10   2.2786   2.4834   5.2095   0.2700   1.5833  -0.7833   0.00    0.0
2014/08/09 03:32:30.000  -12.843736131  131.132733951   129.8583   5  10   2.2793   2.4831   5.2171   0.2419   1.5916  -0.8019   0.00    0.0
2014/08/09 03:33:00.000  -12.843737065  131.132734315   130.2213   5  10   2.2799   2.4828   5.2247   0.2100   1.5999  -0.8201   0.00    0.0
2014/08/09 03:33:30.000  -12.843737638  131.132734661   130.5881   5  10   2.2806   2.4826   5.2324   0.1722   1.6080  -0.8379   0.00    0.0
2014/08/09 03:34:00.000  -12.843737123  131.132734673   130.6721   5  10   2.2813   2.4823   5.2402   0.1231   1.6160  -0.8554   0.00    0.0
2014/08/09 03:34:30.000  -12.843737237  131.132735400   130.8352   5  10   2.2820   2.4820   5.2481   0.0247   1.6240  -0.8725   0.00    0.0
2014/08/09 03:35:00.000  -12.843737674  131.132736773   130.9269   5  10   2.2827   2.4817   5.2560  -0.1182   1.6318  -0.8893   0.00    0.0
2014/08/09 03:35:30.000  -12.843738544  131.132738046   131.1744   5  10   2.2834   2.4815   5.2640  -0.1690   1.6396  -0.9058   0.00    0.0
2014/08/09 03:36:00.000  -12.843738597  131.132739509   131.3074   5  10   2.2841   2.4812   5.2721  -0.2079   1.6473  -0.9220   0.00    0.0
2014/08/09 03:36:30.000  -12.843738689  131.132738671   131.0619   5  10   2.2848   2.4810   5.2802  -0.2405   1.6548  -0.9379   0.00    0.0
2014/08/09 03:37:00.000  -12.843725229  131.132737840   128.3636   5   9   2.8408   2.4818   6.0390  -0.4456   1.7266  -2.4142   0.00    0.0
2014/08/09 03:37:30.000  -12.843724510  131.132737646   128.1205   5   9   2.8410   2.4818   6.0580  -0.4721   1.7391  -2.4284   0.00    0.0
2014/08/09 03:38:00.000  -12.843724118  131.132737664   128.0249   5   9   2.8412   2.4817   6.0770  -0.4971   1.7515  -2.4424   0.00    0.0
2014/08/09 03:38:30.000  -12.843723930  131.132737862   127.9092   5   9   2.8413   2.4817   6.0960  -0.5208   1.7638  -2.4562   0.00    0.0
2014/08/09 03:39:00.000  -12.843723743  131.132737563   127.8762   5   9   2.8414   2.4816   6.1151  -0.5435   1.7760  -2.4698   0.00    0.0
2014/08/09 03:39:30.000  -12.843723416  131.132737400   128.0425   5   9   2.8415   2.4816   6.1342  -0.5652   1.7881  -2.4833   0.00    0.0
2014/08/09 03:40:00.000  -12.843723522  131.132736788   128.1014   5   9   2.8416   2.4816   6.1534  -0.5859   1.8001  -2.4966   0.00    0.0
2014/08/09 03:40:30.000  -12.843722962  131.132735554   128.0381   5   9   2.8417   2.4816   6.1725  -0.6059   1.8121  -2.5097   0.00    0.0
2014/08/09 03:41:00.000  -12.843722807  131.132734415   127.8575   5   9   2.8417   2.4817   6.1917  -0.6252   1.8239  -2.5227   0.00    0.0
2014/08/09 03:41:30.000  -12.843721474  131.132735385   127.5456   5   9   2.8417   2.4817   6.2108  -0.6438   1.8356  -2.5354   0.00    0.0
2014/08/09 03:42:00.000  -12.843720142  131.132736014   127.5233   5   9   2.8416   2.4818   6.2300  -0.6618   1.8472  -2.5480   0.00    0.0
2014/08/09 03:42:30.000  -12.843719552  131.132736960   127.7472   5   9   2.8416   2.4818   6.2491  -0.6791   1.8587  -2.5604   0.00    0.0
2014/08/09 03:43:00.000  -12.843719935  131.132737863   127.8036   5   9   2.8415   2.4819   6.2682  -0.6960   1.8700  -2.5725   0.00    0.0
2014/08/09 03:43:30.000  -12.843720098  131.132737349   127.6001   5   9   2.8413   2.4820   6.2873  -0.7123   1.8813  -2.5845   0.00    0.0
2014/08/09 03:44:00.000  -12.843720400  131.132737113   127.5204   5   9   2.8411   2.4821   6.3064  -0.7282   1.8924  -2.5962   0.00    0.0
2014/08/09 03:44:30.000  -12.843720549  131.132737376   127.2648   5   9   2.8409   2.4822   6.3254  -0.7436   1.9034  -2.6078   0.00    0.0
2014/08/09 03:45:00.000  -12.843720688  131.132737510   127.4235   5   9   2.8407   2.4823   6.3443  -0.7585   1.9143  -2.6191   0.00    0.0
2014/08/09 03:45:30.000  -12.843719395  131.132736522   127.5850   5   9   2.8404   2.4825   6.3632  -0.7731   1.9251  -2.6302   0.00    0.0
2014/08/09 03:46:00.000  -12.843719167  131.132735471   127.5528   5   9   2.8400   2.4826   6.3820  -0.7872   1.9357  -2.6411   0.00    0.0
2014/08/09 03:46:30.000  -12.843718952  131.132735358   127.3214   5   9   2.8396   2.4827   6.4008  -0.8009   1.9462  -2.6517   0.00    0.0
2014/08/09 03:47:00.000  -12.843719233  131.132736305   127.2184   5   9   2.8392   2.4829   6.4194  -0.8143   1.9565  -2.6622   0.00    0.0
2014/08/09 03:47:30.000  -12.843719762  131.132737920   127.3217   5   9   2.8387   2.4830   6.4380  -0.8273   1.9667  -2.6723   0.00    0.0
2014/08/09 03:48:00.000  -12.843719827  131.132738813   127.7481   5   9   2.8382   2.4832   6.4564  -0.8400   1.9768  -2.6823   0.00    0.0
2014/08/09 03:48:30.000  -12.843719130  131.132737977   127.5053   5   9   2.8376   2.4833   6.4748  -0.8523   1.9867  -2.6920   0.00    0.0
2014/08/09 03:49:00.000  -12.843718117  131.132737613   127.3281   5   9   2.8369   2.4835   6.4930  -0.8643   1.9964  -2.7014   0.00    0.0
2014/08/09 03:49:30.000  -12.843716561  131.132737436   127.1382   5   9   2.8362   2.4837   6.5111  -0.8760   2.0060  -2.7106   0.00    0.0
2014/08/09 03:50:00.000  -12.843715323  131.132737784   127.1937   5   9   2.8355   2.4838   6.5290  -0.8874   2.0155  -2.7195   0.00    0.0
2014/08/09 03:50:30.000  -12.843715230  131.132736919   127.0489   5   9   2.8347   2.4840   6.5469  -0.8984   2.0247  -2.7282   0.00    0.0
2014/08/09 03:51:00.000  -12.843716093  131.132736240   127.1428   5   9   2.8338   2.4842   6.5645  -0.9092   2.0338  -2.7366   0.00    0.0
2014/08/09 03:51:30.000  -12.843727739  131.132741387   129.9798   5  10   2.3164   2.3980   5.4680   0.4611   1.3398  -1.2485   0.00    0.0
2014/08/09 03:52:00.000  -12.843727488  131.132742145   130.0511   5  10   2.3140   2.3966   5.4818   0.4523   1.3425  -1.2563   0.00    0.0
2014/08/09 03:52:30.000  -12.843727587  131.132742155   129.5890   5  10   2.3116   2.3952   5.4957   0.4434   1.3453  -1.2640   0.00    0.0
2014/08/09 03:53:00.000  -12.843727021  131.132742458   129.2815   5  10   2.3092   2.3937   5.5097   0.4345   1.3479  -1.2716   0.00    0.0
2014/08/09 03:53:30.000  -12.843726507  131.132742835   129.3385   5  10   2.3068   2.3923   5.5237   0.4255   1.3505  -1.2790   0.00    0.0
2014/08/09 03:54:00.000  -12.843726391  131.132743402   129.1451   5  10   2.3044   2.3909   5.5378   0.4166   1.3531  -1.2863   0.00    0.0
2014/08/09 03:54:30.000  -12.843725537  131.132743445   129.1334   5  10   2.3021   2.3895   5.5520   0.4075   1.3555  -1.2935   0.00    0.0
2014/08/09 03:55:00.000  -12.843725124  131.132743660   129.3026   5  10   2.2998   2.3880   5.5662   0.3985   1.3579  -1.3006   0.00    0.0
2014/08/09 03:55:30.000  -12.843724394  131.132743662   129.1155   5  10   2.2975   2.3866   5.5805   0.3894   1.3603  -1.3076   0.00    0.0
2014/08/09 03:56:00.000  -12.843720772  131.132738374   130.0095   5   9   2.4022   2.5813   6.2181  -0.7447  -0.9060   0.4415   0.00    0.0
2014/08/09 03:56:30.000  -12.843721032  131.132736884   129.5739   5   9   2.3995   2.5775   6.2480  -0.7451  -0.9140   0.4468   0.00    0.0
2014/08/09 03:57:00.000  -12.843721520  131.132736503   129.1165   5   9   2.3969   2.5738   6.2783  -0.7454  -0.9220   0.4525   0.00    0.0
2014/08/09 03:57:30.000  -12.843720747  131.132736249   129.1267   5   9   2.3943   2.5701   6.3090  -0.7456  -0.9301   0.4584   0.00    0.0
2014/08/09 03:58:00.000  -12.843719605  131.132736923   129.1606   5   9   2.3916   2.5665   6.3400  -0.7458  -0.9382   0.4645   0.00    0.0
2014/08/09 03:58:30.000  -12.843719023  131.132737858   129.0335   5   9   2.3891   2.5628   6.3714  -0.7459  -0.9465   0.4710   0.00    0.0
2014/08/09 03:59:00.000  -12.843718063  131.132737947   128.9396   5   9   2.3865   2.5593   6.4033  -0.7460  -0.9547   0.4776   0.00    0.0
2014/08/09 03:59:30.000  -12.843717725  131.132737669   129.0695   5   9   2.3839   2.5557   6.4355  -0.7459  -0.9631   0.4845   0.00    0.0
2014/08/09 04:00:00.000  -12.843716899  131.132737350   129.2811   5   9   2.3814   2.5522   6.4681  -0.7459  -0.9714   0.4917   0.00    0.0
2014/08/09 04:00:30.000  -12.843716914  131.132737897   129.4005   5   9   2.3789   2.5487   6.5011  -0.7457  -0.9798   0.4991   0.00    0.0
2014/08/09 04:01:00.000  -12.843716986  131.132738026   129.4507   5   9   2.3764   2.5453   6.5344  -0.7455  -0.9883   0.5066   0.00    0.0
2014/08/09 04:01:30.000  -12.843717418  131.132738535   129.6299   5   9   2.3739   2.5418   6.5682  -0.7452  -0.9968   0.5145   0.00    0.0
2014/08/09 04:02:00.000  -12.843717824  131.132739142   129.4864   5   9   2.3715   2.5385   6.6024  -0.7449  -1.0054   0.5225   0.00    0.0
2014/08/09 04:02:30.000  -12.843717528  131.132738847   129.3211   5   9   2.3690   2.5351   6.6369  -0.7445  -1.0140   0.5307   0.00    0.0
2014/08/09 04:03:00.000  -12.843717555  131.132738081   129.0822   5   9   2.3666   2.5318   6.6719  -0.7440  -1.0226   0.5391   0.00    0.0
2014/08/09 04:03:30.000  -12.843718033  131.132737533   128.7772   5   9   2.3643   2.5285   6.7072  -0.7435  -1.0312   0.5477   0.00    0.0
2014/08/09 04:04:00.000  -12.843718004  131.132738098   128.6233   5   9   2.3619   2.5253   6.7429  -0.7429  -1.0399   0.5565   0.00    0.0
2014/08/09 04:04:30.000  -12.843717755  131.132738813   128.3991   5   9   2.3596   2.5220   6.7791  -0.7423  -1.0486   0.5655   0.00    0.0
2014/08/09 04:05:00.000  -12.843718034  131.132738959   128.2509   5   9   2.3572   2.5188   6.8156  -0.7416  -1.0573   0.5746   0.00    0.0
2014/08/09 04:05:30.000  -12.843717725  131.132738235   128.3174   5   9   2.3549   2.5157   6.8525  -0.7408  -1.0660   0.5839   0.00    0.0
2014/08/09 04:06:00.000  -12.843717820  131.132738058   128.6007   5   9   2.3527   2.5125   6.8898  -0.7400  -1.0747   0.5934   0.00    0.0
2014/08/09 04:06:30.000  -12.843717108  131.132737682   128.6778   5   9   2.3504   2.5094   6.9274  -0.7392  -1.0835   0.6030   0.00    0.0
2014/08/09 04:07:00.000  -12.843717017  131.132738514   128.5069   5   9   2.3482   2.5064   6.9655  -0.7382  -1.0922   0.6128   0.00    0.0
2014/08/09 04:07:30.000  -12.843716969  131.132739115   128.1963   5   9   2.3460   2.5033   7.0040  -0.7373  -1.1010   0.6228   0.00    0.0
2014/08/09 04:08:00.000  -12.843716707  131.132738960   127.9368   5   9   2.3439   2.5003   7.0428  -0.7363  -1.1097   0.6329   0.00    0.0
2014/08/09 04:08:30.000  -12.843715945  131.132738130   128.0532   5   9   2.3417   2.4973   7.0820  -0.7352  -1.1184   0.6431   0.00    0.0
2014/08/09 04:09:00.000  -12.843716463  131.132737034   128.0439   5   9   2.3396   2.4944   7.1216  -0.7341  -1.1271   0.6535   0.00    0.0
2014/08/09 04:09:30.000  -12.843716971  131.132736999   127.9178   5   9   2.3376   2.4915   7.1615  -0.7329  -1.1358   0.6640   0.00    0.0
2014/08/09 04:10:00.000  -12.843716226  131.132737808   127.7229   5   9   2.3355   2.4886   7.2018  -0.7317  -1.1445   0.6746   0.00    0.0
2014/08/09 04:10:30.000  -12.843715693  131.132738046   127.7574   5   9   2.3335   2.4857   7.2425  -0.7305  -1.1531   0.6853   0.00    0.0
2014/08/09 04:11:00.000  -12.843716020  131.132737615   127.8660   5   9   2.3315   2.4829   7.2835  -0.7292  -1.1617   0.6962   0.00    0.0
2014/08/09 04:11:30.000  -12.843715580  131.132737272   127.8780   5   9   2.3295   2.4801   7.3248  -0.7278  -1.1702   0.7072   0.00    0.0
2014/08/09 04:12:00.000  -12.843715133  131.132737430   127.8110   5   9   2.3276   2.4773   7.3665  -0.7264  -1.1787   0.7183   0.00    0.0
2014/08/09 04:12:30.000  -12.843714634  131.132737842   127.7426   5   9   2.3257   2.4746   7.4086  -0.7250  -1.1871   0.7296   0.00    0.0
2014/08/09 04:13:00.000  -12.843714659  131.132737534   127.7656   5   9   2.3238   2.4719   7.4509  -0.7235  -1.1955   0.7409   0.00    0.0
2014/08/09 04:13:30.000  -12.843714395  131.132735820   127.7687   5   9   2.3220   2.4692   7.4936  -0.7219  -1.2038   0.7523   0.00    0.0
2014/08/09 04:14:00.000  -12.843714225  131.132735597   127.7588   5   9   2.3202   2.4665   7.5366  -0.7203  -1.2121   0.7639   0.00    0.0
2014/08/09 04:14:30.000  -12.843714041  131.132736430   127.4570   5   9   2.3184   2.4639   7.5799  -0.7187  -1.2202   0.7755   0.00    0.0
2014/08/09 04:15:00.000  -12.843713576  131.132737472   127.0370   5   9   2.3166   2.4613   7.6234  -0.7170  -1.2283   0.7873   0.00    0.0
2014/08/09 04:15:30.000  -12.843713481  131.132737498   126.8663   5   9   2.3149   2.4587   7.6672  -0.7153  -1.2363   0.7991   0.00    0.0
2014/08/09 04:16:00.000  -12.843713472  131.132737606   126.8487   5   9   2.3132   2.4561   7.7113  -0.7136  -1.2441   0.8110   0.00    0.0
2014/08/09 04:16:30.000  -12.843712853  131.132736847   126.8532   5   9   2.3116   2.4536   7.7557  -0.7118  -1.2519   0.8230   0.00    0.0
2014/08/09 04:17:00.000  -12.843712909  131.132736532   127.1581   5   9   2.3100   2.4511   7.8002  -0.7099  -1.2596   0.8351   0.00    0.0
2014/08/09 04:17:30.000  -12.843712729  131.132736525   127.3457   5   9   2.3084   2.4486   7.8450  -0.7080  -1.2671   0.8472   0.00    0.0
2014/08/09 04:18:00.000  -12.843712960  131.132737399   127.2032   5   9   2.3068   2.4461   7.8900  -0.7061  -1.2745   0.8595   0.00    0.0
2014/08/09 04:18:30.000  -12.843712650  131.132737187   127.2379   5   9   2.3053   2.4437   7.9352  -0.7041  -1.2817   0.8718   0.00    0.0
2014/08/09 04:19:00.000  -12.843712913  131.132737317   127.4772   5   9   2.3038   2.4413   7.9805  -0.7021  -1.2888   0.8841   0.00    0.0
2014/08/09 04:19:30.000  -12.843713409  131.132737845   127.3510   5   9   2.3024   2.4389   8.0260  -0.7000  -1.2957   0.8966   0.00    0.0
2014/08/09 04:20:00.000  -12.843713267  131.132737575   127.0710   5   9   2.3010   2.4366   8.0716  -0.6979  -1.3025   0.9091   0.00    0.0
2014/08/09 04:20:30.000  -12.843713295  131.132736763   126.9946   5   9   2.2996   2.4342   8.1173  -0.6958  -1.3090   0.9216   0.00    0.0
2014/08/09 04:21:00.000  -12.843713808  131.132736873   126.9912   5   9   2.2982   2.4319   8.1631  -0.6936  -1.3154   0.9342   0.00    0.0
2014/08/09 04:21:30.000  -12.843714316  131.132737526   126.8453   5   9   2.2969   2.4296   8.2090  -0.6913  -1.3216   0.9469   0.00    0.0
2014/08/09 04:22:00.000  -12.843714535  131.132736970   126.7547   5   9   2.2956   2.4274   8.2549  -0.6890  -1.3275   0.9596   0.00    0.0
2014/08/09 04:22:30.000  -12.843713606  131.132736816   126.8661   5   9   2.2944   2.4251   8.3008  -0.6867  -1.3333   0.9723   0.00    0.0
2014/08/09 04:23:00.000  -12.843713426  131.132736722   126.9869   5   9   2.2932   2.4229   8.3467  -0.6843  -1.3388   0.9851   0.00    0.0
2014/08/09 04:23:30.000  -12.843712785  131.132736836   127.0110   5   9   2.2920   2.4207   8.3926  -0.6819  -1.3440   0.9979   0.00    0.0
2014/08/09 04:24:00.000  -12.843712630  131.132736998   126.6798   5   9   2.2909   2.4185   8.4384  -0.6794  -1.3490   1.0107   0.00    0.0
2014/08/09 04:24:30.000  -12.843712417  131.132736748   126.6711   5   9   2.2898   2.4164   8.4841  -0.6769  -1.3537   1.0235   0.00    0.0
2014/08/09 04:25:00.000  -12.843712334  131.132736190   126.3880   5   9   2.2887   2.4142   8.5297  -0.6743  -1.3582   1.0364   0.00    0.0
2014/08/09 04:25:30.000  -12.843712269  131.132735375   126.4474   5   9   2.2877   2.4121   8.5752  -0.6717  -1.3623   1.0493   0.00    0.0
2014/08/09 04:26:00.000  -12.843713007  131.132735972   126.6288   5   9   2.2867   2.4100   8.6204  -0.6691  -1.3662   1.0621   0.00    0.0
2014/08/09 04:26:30.000  -12.843713190  131.132736384   126.4950   5   9   2.2857   2.4080   8.6654  -0.6663  -1.3697   1.0750   0.00    0.0
2014/08/09 04:27:00.000  -12.843712895  131.132736343   126.6441   5   9   2.2848   2.4059   8.7102  -0.6636  -1.3728   1.0879   0.00    0.0
2014/08/09 04:27:30.000  -12.843712613  131.132736181   126.4819   5   9   2.2839   2.4039   8.7547  -0.6608  -1.3757   1.1008   0.00    0.0
2014/08/09 04:28:00.000  -12.843719861  131.132739324   131.8162   5  10   2.1914   2.3861   7.6204  -0.5068  -1.7629   2.0143   0.00    0.0
2014/08/09 04:28:30.000  -12.843719534  131.132739090   131.5227   5  10   2.1908   2.3839   7.6594  -0.5021  -1.7685   2.0233   0.00    0.0
2014/08/09 04:29:00.000  -12.843719089  131.132738795   131.5005   5  10   2.1903   2.3816   7.6984  -0.4972  -1.7738   2.0322   0.00    0.0
2014/08/09 04:29:30.000  -12.843719106  131.132738300   131.3915   5  10   2.1899   2.3794   7.7372  -0.4922  -1.7788   2.0411   0.00    0.0
2014/08/09 04:30:00.000  -12.843719219  131.132737890   131.3108   5  10   2.1895   2.3772   7.7760  -0.4870  -1.7836   2.0499   0.00    0.0
2014/08/09 04:30:30.000  -12.843720146  131.132737725   131.1712   5  10   2.1891   2.3750   7.8146  -0.4817  -1.7881   2.0585   0.00    0.0
2014/08/09 04:31:00.000  -12.843720433  131.132737292   131.0802   5  10   2.1887   2.3728   7.8531  -0.4761  -1.7923   2.0671   0.00    0.0
2014/08/09 04:31:30.000  -12.843719920  131.132736978   131.1277   5  10   2.1883   2.3706   7.8914  -0.4704  -1.7962   2.0756   0.00    0.0
2014/08/09 04:32:00.000  -12.843719342  131.132737002   131.0677   5  10   2.1880   2.3685   7.9295  -0.4645  -1.7997   2.0839   0.00    0.0
2014/08/09 04:32:30.000  -12.843719406  131.132737619   130.9098   5  10   2.1877   2.3663   7.9674  -0.4583  -1.8029   2.0921   0.00    0.0
2014/08/09 04:33:00.000  -12.843719165  131.132737617   130.8383   5  10   2.1875   2.3641   8.0051  -0.4519  -1.8058   2.1002   0.00    0.0
2014/08/09 04:33:30.000  -12.843718848  131.132738191   130.5490   5  10   2.1872   2.3619   8.0424  -0.4453  -1.8084   2.1081   0.00    0.0
2014/08/09 04:34:00.000  -12.843719016  131.132737613   130.3490   5  10   2.1870   2.3598   8.0795  -0.4384  -1.8105   2.1159   0.00    0.0
2014/08/09 04:34:30.000  -12.843718697  131.132737635   130.1255   5  10   2.1868   2.3576   8.1162  -0.4313  -1.8123   2.1235   0.00    0.0
2014/08/09 04:35:00.000  -12.843718884  131.132737396   130.2649   5  10   2.1867   2.3554   8.1526  -0.4239  -1.8137   2.1309   0.00    0.0
2014/08/09 04:35:30.000  -12.843719531  131.132738540   130.1261   5  10   2.1865   2.3533   8.1885  -0.4162  -1.8146   2.1382   0.00    0.0
2014/08/09 04:36:00.000  -12.843719406  131.132738553   130.0089   5  10   2.1864   2.3511   8.2241  -0.4081  -1.8152   2.1453   0.00    0.0
2014/08/09 04:36:30.000  -12.843719384  131.132738006   130.3157   5  10   2.1863   2.3489   8.2591  -0.3998  -1.8153   2.1523   0.00    0.0
2014/08/09 04:37:00.000  -12.843719169  131.132737811   130.1692   5  10   2.1862   2.3468   8.2937  -0.3910  -1.8150   2.1590   0.00    0.0
2014/08/09 04:37:30.000  -12.843718289  131.132737484   129.7799   5  10   2.1861   2.3446   8.3278  -0.3819  -1.8142   2.1655   0.00    0.0
2014/08/09 04:38:00.000  -12.843717934  131.132737847   129.4799   5  10   2.1861   2.3424   8.3613  -0.3723  -1.8130   2.1718   0.00    0.0
2014/08/09 04:38:30.000  -12.843717558  131.132737763   129.6890   5  10   2.1861   2.3403   8.3943  -0.3623  -1.8112   2.1779   0.00    0.0
2014/08/09 04:39:00.000  -12.843717153  131.132738191   129.9180   5  10   2.1861   2.3381   8.4266  -0.3518  -1.8090   2.1838   0.00    0.0
2014/08/09 04:39:30.000  -12.843717595  131.132737510   130.2304   5  10   2.1861   2.3360   8.4583  -0.3408  -1.8063   2.1894   0.00    0.0
2014/08/09 04:40:00.000  -12.843717983  131.132736861   130.3131   5  10   2.1861   2.3338   8.4893  -0.3291  -1.8030   2.1948   0.00    0.0
2014/08/09 04:40:30.000  -12.843717757  131.132736388   130.0521   5  10   2.1861   2.3316   8.5197  -0.3168  -1.7992   2.2000   0.00    0.0
2014/08/09 04:41:00.000  -12.843717049  131.132736906   129.8155   5  10   2.1862   2.3295   8.5493  -0.3038  -1.7949   2.2049   0.00    0.0
2014/08/09 04:41:30.000  -12.843716595  131.132737417   129.7689   5  10   2.1863   2.3273   8.5781  -0.2898  -1.7899   2.2095   0.00    0.0
2014/08/09 04:42:00.000  -12.843717180  131.132737221   129.9125   5  10   2.1863   2.3252   8.6061  -0.2749  -1.7845   2.2139   0.00    0.0
2014/08/09 04:42:30.000  -12.843717689  131.132736969   129.8656   5  10   2.1864   2.3230   8.6334  -0.2589  -1.7784   2.2180   0.00    0.0
2014/08/09 04:43:00.000  -12.843718794  131.132736788   129.6554   5  10   2.1865   2.3209   8.6597  -0.2415  -1.7717   2.2219   0.00    0.0
2014/08/09 04:43:30.000  -12.843719180  131.132737003   129.7318   5  10   2.1867   2.3188   8.6852  -0.2224  -1.7644   2.2254   0.00    0.0
2014/08/09 04:44:00.000  -12.843718743  131.132736862   129.6463   5  10   2.1868   2.3166   8.7098  -0.2010  -1.7565   2.2287   0.00    0.0
2014/08/09 04:44:30.000  -12.843718050  131.132736850   129.5683   5  10   2.1869   2.3145   8.7335  -0.1768  -1.7480   2.2317   0.00    0.0
2014/08/09 04:45:00.000  -12.843717654  131.132737219   129.3859   5  10   2.1871   2.3124   8.7562  -0.1481  -1.7388   2.2344   0.00    0.0
2014/08/09 04:45:30.000  -12.843717909  131.132736921   129.5159   5  10   2.1873   2.3103   8.7780  -0.1117  -1.7289   2.2368   0.00    0.0
2014/08/09 04:46:00.000  -12.843718441  131.132736639   129.4683   5  10   2.1874   2.3082   8.7987  -0.0535  -1.7184   2.2388   0.00    0.0
2014/08/09 04:46:30.000  -12.843718833  131.132736598   129.3627   5  10   2.1876   2.3061   8.8184   0.0830  -1.7072   2.2406   0.00    0.0
2014/08/09 04:47:00.000  -12.843718709  131.132736540   129.3704   5  10   2.1878   2.3040   8.8371   0.1295  -1.6953   2.2421   0.00    0.0
2014/08/09 04:47:30.000  -12.843718801  131.132736846   129.1807   5  10   2.1880   2.3019   8.8548   0.1637  -1.6826   2.2432   0.00    0.0
2014/08/09 04:48:00.000  -12.843719250  131.132737327   129.1865   5  10   2.1882   2.2999   8.8713   0.1923  -1.6693   2.2441   0.00    0.0
2014/08/09 04:48:30.000  -12.843718912  131.132737213   129.4112   5  10   2.1885   2.2979   8.8868   0.2174  -1.6552   2.2446   0.00    0.0
2014/08/09 04:49:00.000  -12.843718401  131.132737801   129.3621   5  10   2.1887   2.2958   8.9012   0.2401  -1.6403   2.2448   0.00    0.0
2014/08/09 04:49:30.000  -12.843718213  131.132737138   129.2566   5  10   2.1890   2.2939   8.9144   0.2612  -1.6247   2.2447   0.00    0.0
2014/08/09 04:50:00.000  -12.843718249  131.132737079   129.0261   5  10   2.1892   2.2919   8.9265   0.2808  -1.6083   2.2442   0.00    0.0
2014/08/09 04:50:30.000  -12.843717875  131.132737395   129.0543   5  10   2.1895   2.2899   8.9375   0.2994  -1.5911   2.2435   0.00    0.0
2014/08/09 04:51:00.000  -12.843717947  131.132736796   129.1593   5  10   2.1898   2.2880   8.9474   0.3171  -1.5732   2.2424   0.00    0.0
2014/08/09 04:51:30.000  -12.843717600  131.132736742   129.2576   5  10   2.1900   2.2861   8.9561   0.3339  -1.5543   2.2410   0.00    0.0
2014/08/09 04:52:00.000  -12.843717135  131.132737067   129.2206   5  10   2.1903   2.2842   8.9636   0.3502  -1.5347   2.2393   0.00    0.0
2014/08/09 04:52:30.000  -12.843717108  131.132737262   129.2463   5  10   2.1906   2.2824   8.9700   0.3658  -1.5142   2.2373   0.00    0.0
2014/08/09 04:53:00.000  -12.843717703  131.132737486   129.1166   5  10   2.1909   2.2806   8.9752   0.3809  -1.4927   2.2350   0.00    0.0
2014/08/09 04:53:30.000  -12.843717710  131.132737276   129.0719   5  10   2.1913   2.2788   8.9793   0.3955  -1.4704   2.2324   0.00    0.0
2014/08/09 04:54:00.000  -12.843718085  131.132736429   129.2043   5  10   2.1916   2.2770   8.9822   0.4098  -1.4472   2.2295   0.00    0.0
2014/08/09 04:54:30.000  -12.843718198  131.132735729   129.2856   5  10   2.1919   2.2753   8.9840   0.4236  -1.4230   2.2263   0.00    0.0
2014/08/09 04:55:00.000  -12.843718182  131.132735199   129.2364   5  10   2.1923   2.2737   8.9847   0.4371  -1.3979   2.2228   0.00    0.0
2014/08/09 04:55:30.000  -12.843718529  131.132734875   129.2756   5  10   2.1927   2.2720   8.9842   0.4502  -1.3717   2.2190   0.00    0.0
2014/08/09 04:56:00.000  -12.843718277  131.132734862   129.0498   5  10   2.1930   2.2704   8.9826   0.4630  -1.3445   2.2149   0.00    0.0
2014/08/09 04:56:30.000  -12.843718381  131.132734674   128.7530   5  10   2.1934   2.2689   8.9798   0.4756  -1.3162   2.2105   0.00    0.0
2014/08/09 04:57:00.000  -12.843719269  131.132736091   128.5076   5  10   2.1938   2.2674   8.9760   0.4878  -1.2867   2.2059   0.00    0.0
2014/08/09 04:57:30.000  -12.843719180  131.132736830   128.6202   5  10   2.1943   2.2660   8.9711   0.4999  -1.2561   2.2010   0.00    0.0
2014/08/09 04:58:00.000  -12.843719370  131.132736357   128.7148   5  10   2.1947   2.2646   8.9652   0.5116  -1.2242   2.1959   0.00    0.0
2014/08/09 04:58:30.000  -12.843719131  131.132735603   129.0439   5  10   2.1951   2.2632   8.9581   0.5231  -1.1910   2.1905   0.00    0.0
2014/08/09 04:59:00.000  -12.843718845  131.132735633   129.0289   5  10   2.1956   2.2619   8.9501   0.5345  -1.1564   2.1849   0.00    0.0
2014/08/09 04:59:30.000  -12.843718392  131.132735893   128.8917   5  10   2.1961   2.2607   8.9410   0.5455  -1.1203   2.1790   0.00    0.0
2014/08/09 05:00:00.000  -12.843718523  131.132735786   128.5164   5  10   2.1966   2.2595   8.9310   0.5564  -1.0826   2.1730   0.00    0.0
2014/08/09 05:00:30.000  -12.843718972  131.132734935   128.1930   5  10   2.1971   2.2584   8.9200   0.5671  -1.0431   2.1667   0.00    0.0
2014/08/09 05:01:00.000  -12.843719332  131.132734753   128.2361   5  10   2.1976   2.2573   8.9080   0.5776  -1.0017   2.1602   0.00    0.0
2014/08/09 05:01:30.000  -12.843718901  131.132734885   128.1763   5  10   2.1981   2.2563   8.8951   0.5879  -0.9581   2.1535   0.00    0.0
2014/08/09 05:02:00.000  -12.843718723  131.132735030   128.2573   5  10   2.1987   2.2554   8.8814   0.5980  -0.9121   2.1466   0.00    0.0
2014/08/09 05:02:30.000  -12.843718903  131.132736162   128.1431   5  10   2.1992   2.2545   8.8667   0.6079  -0.8633   2.1395   0.00    0.0
2014/08/09 05:03:00.000  -12.843719129  131.132736274   127.9752   5  10   2.1998   2.2537   8.8512   0.6177  -0.8112   2.1323   0.00    0.0
2014/08/09 05:03:30.000  -12.843720042  131.132735986   127.8839   5  10   2.2004   2.2529   8.8349   0.6273  -0.7554   2.1249   0.00    0.0
2014/08/09 05:04:00.000  -12.843720462  131.132735451   127.9679   5  10   2.2010   2.2522   8.8178   0.6367  -0.6947   2.1174   0.00    0.0
2014/08/09 05:04:30.000  -12.843720608  131.132735695   128.0877   5  10   2.2017   2.2516   8.8000   0.6460  -0.6280   2.1097   0.00    0.0
2014/08/09 05:05:00.000  -12.843722019  131.132737578   131.1036   5  11   2.1919   2.2197   7.7077   0.7135  -1.3719   2.3057   0.00    0.0
2014/08/09 05:05:30.000  -12.843721640  131.132737235   130.9281   5  11   2.1924   2.2180   7.6990   0.7234  -1.3468   2.2994   0.00    0.0
2014/08/09 05:06:00.000  -12.843720502  131.132737390   130.7120   5  11   2.1928   2.2163   7.6898   0.7332  -1.3210   2.2931   0.00    0.0
2014/08/09 05:06:30.000  -12.843720935  131.132736985   130.5533   5  11   2.1933   2.2147   7.6800   0.7428  -1.2944   2.2866   0.00    0.0
2014/08/09 05:07:00.000  -12.843721216  131.132736874   130.6834   5  11   2.1938   2.2132   7.6698   0.7523  -1.2671   2.2799   0.00    0.0
2014/08/09 05:07:30.000  -12.843721119  131.132737688   130.9598   5  11   2.1943   2.2117   7.6591   0.7616  -1.2390   2.2732   0.00    0.0
2014/08/09 05:08:00.000  -12.843721470  131.132738660   130.9446   5  11   2.1948   2.2102   7.6480   0.7709  -1.2101   2.2663   0.00    0.0
2014/08/09 05:08:30.000  -12.843722178  131.132739226   130.6390   5  11   2.1954   2.2088   7.6365   0.7800  -1.1802   2.2594   0.00    0.0
2014/08/09 05:09:00.000  -12.843722902  131.132738860   130.3683   5  11   2.1959   2.2075   7.6245   0.7889  -1.1495   2.2523   0.00    0.0
2014/08/09 05:09:30.000  -12.843723574  131.132737910   130.1569   5  11   2.1965   2.2062   7.6121   0.7978  -1.1177   2.2451   0.00    0.0
2014/08/09 05:10:00.000  -12.843722970  131.132737301   130.0885   5  11   2.1971   2.2049   7.5993   0.8065  -1.0849   2.2379   0.00    0.0
2014/08/09 05:10:30.000  -12.843723347  131.132737058   129.9644   5  11   2.1977   2.2038   7.5862   0.8151  -1.0510   2.2306   0.00    0.0
2014/08/09 05:11:00.000  -12.843723089  131.132737670   130.1439   5  11   2.1983   2.2026   7.5727   0.8236  -1.0158   2.2231   0.00    0.0
2014/08/09 05:11:30.000  -12.843723228  131.132738162   129.8785   5  11   2.1990   2.2015   7.5588   0.8319  -0.9792   2.2157   0.00    0.0
2014/08/09 05:12:00.000  -12.843722598  131.132737860   129.5768   5  11   2.1997   2.2005   7.5447   0.8402  -0.9412   2.2082   0.00    0.0
2014/08/09 05:12:30.000  -12.843722146  131.132737627   129.7293   5  11   2.2003   2.1995   7.5302   0.8483  -0.9015   2.2006   0.00    0.0
2014/08/09 05:13:00.000  -12.843721881  131.132738002   129.6333   5  11   2.2010   2.1986   7.5154   0.8563  -0.8599   2.1929   0.00    0.0
2014/08/09 05:13:30.000  -12.843722654  131.132738301   129.4792   5  11   2.2018   2.1978   7.5004   0.8642  -0.8161   2.1853   0.00    0.0
2014/08/09 05:14:00.000  -12.843723404  131.132738032   129.4081   5  11   2.2025   2.1970   7.4851   0.8720  -0.7699   2.1776   0.00    0.0
2014/08/09 05:14:30.000  -12.843723908  131.132738321   129.0705   5  11   2.2033   2.1962   7.4696   0.8796  -0.7207   2.1698   0.00    0.0
2014/08/09 05:15:00.000  -12.843724224  131.132737962   129.1199   5  11   2.2041   2.1955   7.4538   0.8872  -0.6679   2.1621   0.00    0.0
2014/08/09 05:15:30.000  -12.843724051  131.132737315   129.1733   5  11   2.2049   2.1949   7.4378   0.8946  -0.6106   2.1543   0.00    0.0
2014/08/09 05:16:00.000  -12.843723951  131.132736699   129.1900   5  11   2.2057   2.1944   7.4216   0.9019  -0.5474   2.1465   0.00    0.0
2014/08/09 05:16:30.000  -12.843723939  131.132736312   129.4059   5  11   2.2065   2.1939   7.4053   0.9092  -0.4761   2.1387   0.00    0.0
2014/08/09 05:17:00.000  -12.843723752  131.132736219   129.5479   5  11   2.2074   2.1934   7.3887   0.9163  -0.3921   2.1309   0.00    0.0
2014/08/09 05:17:30.000  -12.843724480  131.132737062   129.4883   5  11   2.2082   2.1930   7.3720   0.9233  -0.2845   2.1231   0.00    0.0
2014/08/09 05:18:00.000  -12.843725956  131.132737606   129.4475   5  11   2.2091   2.1927   7.3552   0.9302  -0.0911   2.1153   0.00    0.0
2014/08/09 05:18:30.000  -12.843725825  131.132737749   129.5874   5  11   2.2100   2.1924   7.3383   0.9370   0.2533   2.1076   0.00    0.0
2014/08/09 05:19:00.000  -12.843725985  131.132738749   129.5563   5  11   2.2109   2.1922   7.3212   0.9437   0.3693   2.0998   0.00    0.0
2014/08/09 05:19:30.000  -12.843726160  131.132739219   129.5764   5  11   2.2119   2.1921   7.3040   0.9503   0.4565   2.0921   0.00    0.0
2014/08/09 05:20:00.000  -12.843726239  131.132738012   129.7586   5  11   2.2128   2.1920   7.2868   0.9568   0.5293   2.0844   0.00    0.0
2014/08/09 05:20:30.000  -12.843726423  131.132738301   129.6021   5  11   2.2138   2.1920   7.2694   0.9632   0.5931   2.0768   0.00    0.0
2014/08/09 05:21:00.000  -12.843726544  131.132737846   129.4528   5  11   2.2148   2.1920   7.2520   0.9694   0.6504   2.0692   0.00    0.0
2014/08/09 05:21:30.000  -12.843726459  131.132737933   129.7181   5  11   2.2158   2.1921   7.2346   0.9756   0.7029   2.0616   0.00    0.0
2014/08/09 05:22:00.000  -12.843726760  131.132737346   129.7011   5  11   2.2168   2.1923   7.2171   0.9817   0.7515   2.0541   0.00    0.0
2014/08/09 05:22:30.000  -12.843726657  131.132737423   129.5484   5  11   2.2178   2.1925   7.1996   0.9877   0.7970   2.0466   0.00    0.0
2014/08/09 05:23:00.000  -12.843726783  131.132737147   129.4922   5  11   2.2188   2.1927   7.1820   0.9937   0.8398   2.0392   0.00    0.0
2014/08/09 05:23:30.000  -12.843727452  131.132736606   129.5035   5  11   2.2199   2.1931   7.1645   0.9995   0.8804   2.0319   0.00    0.0
2014/08/09 05:24:00.000  -12.843727890  131.132736877   129.3995   5  11   2.2209   2.1935   7.1469   1.0052   0.9190   2.0246   0.00    0.0
2014/08/09 05:24:30.000  -12.843727798  131.132736125   129.1853   5  11   2.2220   2.1939   7.1294   1.0108   0.9559   2.0174   0.00    0.0
2014/08/09 05:25:00.000  -12.843728182  131.132735559   129.2481   5  11   2.2231   2.1944   7.1119   1.0164   0.9913   2.0102   0.00    0.0
2014/08/09 05:25:30.000  -12.843727661  131.132736013   129.5812   5  11   2.2242   2.1950   7.0944   1.0218   1.0252   2.0032   0.00    0.0
2014/08/09 05:26:00.000  -12.843727173  131.132736787   129.6657   5  11   2.2253   2.1956   7.0770   1.0272   1.0580   1.9962   0.00    0.0
2014/08/09 05:26:30.000  -12.843727174  131.132737308   129.6182   5  11   2.2264   2.1963   7.0596   1.0325   1.0895   1.9893   0.00    0.0
2014/08/09 05:27:00.000  -12.843727310  131.132737544   129.6569   5  11   2.2275   2.1970   7.0423   1.0377   1.1201   1.9824   0.00    0.0
2014/08/09 05:27:30.000  -12.843729203  131.132737272   129.5802   5  11   2.2286   2.1978   7.0250   1.0428   1.1497   1.9757   0.00    0.0
2014/08/09 05:28:00.000  -12.843729938  131.132736872   129.7049   5  11   2.2298   2.1987   7.0079   1.0478   1.1783   1.9691   0.00    0.0
2014/08/09 05:28:30.000  -12.843728913  131.132736235   129.6483   5  11   2.2309   2.1996   6.9908   1.0527   1.2062   1.9625   0.00    0.0
2014/08/09 05:29:00.000  -12.843728864  131.132736019   129.5646   5  11   2.2320   2.2005   6.9737   1.0576   1.2333   1.9561   0.00    0.0
2014/08/09 05:29:30.000  -12.843728973  131.132736794   129.5626   5  11   2.2332   2.2015   6.9568   1.0624   1.2596   1.9497   0.00    0.0
2014/08/09 05:30:00.000  -12.843729824  131.132736862   129.4811   5  11   2.2343   2.2026   6.9400   1.0671   1.2853   1.9435   0.00    0.0
2014/08/09 05:30:30.000  -12.843730189  131.132735714   129.3389   5  11   2.2355   2.2037   6.9233   1.0717   1.3104   1.9373   0.00    0.0
2014/08/09 05:31:00.000  -12.843730145  131.132734931   129.4403   5  11   2.2366   2.2049   6.9068   1.0762   1.3348   1.9313   0.00    0.0
2014/08/09 05:31:30.000  -12.843729460  131.132734853   129.5933   5  11   2.2378   2.2061   6.8903   1.0807   1.3587   1.9253   0.00    0.0
2014/08/09 05:32:00.000  -12.843729817  131.132734954   129.7143   5  11   2.2389   2.2074   6.8740   1.0850   1.3820   1.9195   0.00    0.0
2014/08/09 05:32:30.000  -12.843730493  131.132734872   129.7291   5  11   2.2401   2.2087   6.8578   1.0893   1.4048   1.9138   0.00    0.0
2014/08/09 05:33:00.000  -12.843730040  131.132734508   129.8355   5  11   2.2412   2.2101   6.8417   1.0936   1.4272   1.9082   0.00    0.0
2014/08/09 05:33:30.000  -12.843730614  131.132733455   129.5831   5  11   2.2423   2.2115   6.8258   1.0977   1.4491   1.9027   0.00    0.0
2014/08/09 05:34:00.000  -12.843731477  131.132733882   129.6886   5  11   2.2435   2.2130   6.8100   1.1018   1.4705   1.8973   0.00    0.0
2014/08/09 05:34:30.000  -12.843731991  131.132734559   129.7311   5  11   2.2446   2.2145   6.7944   1.1058   1.4915   1.8920   0.00    0.0
2014/08/09 05:35:00.000  -12.843732070  131.132734955   129.7875   5  11   2.2458   2.2161   6.7789   1.1097   1.5122   1.8869   0.00    0.0
2014/08/09 05:35:30.000  -12.843732463  131.132734930   129.9640   5  11   2.2469   2.2177   6.7636   1.1136   1.5324   1.8818   0.00    0.0
2014/08/09 05:36:00.000  -12.843732950  131.132734916   129.9150   5  11   2.2480   2.2194   6.7485   1.1174   1.5523   1.8769   0.00    0.0
2014/08/09 05:36:30.000  -12.843733813  131.132734726   130.0495   5  11   2.2491   2.2211   6.7335   1.1211   1.5718   1.8722   0.00    0.0
2014/08/09 05:37:00.000  -12.843734313  131.132734924   130.0945   5  11   2.2502   2.2229   6.7187   1.1247   1.5910   1.8675   0.00    0.0
2014/08/09 05:37:30.000  -12.843734259  131.132735193   130.1214   5  11   2.2513   2.2247   6.7041   1.1283   1.6099   1.8629   0.00    0.0
2014/08/09 05:38:00.000  -12.843733567  131.132735759   130.1117   5  11   2.2524   2.2265   6.6896   1.1318   1.6284   1.8585   0.00    0.0
2014/08/09 05:38:30.000  -12.843733423  131.132735186   130.2154   5  11   2.2535   2.2284   6.6753   1.1352   1.6467   1.8542   0.00    0.0
2014/08/09 05:39:00.000  -12.843733760  131.132735105   130.4497   5  11   2.2545   2.2304   6.6612   1.1386   1.6647   1.8501   0.00    0.0
2014/08/09 05:39:30.000  -12.843734605  131.132734997   130.7055   5  11   2.2556   2.2324   6.6473   1.1419   1.6823   1.8460   0.00    0.0
2014/08/09 05:40:00.000  -12.843734938  131.132734453   130.5647   5  11   2.2566   2.2344   6.6336   1.1452   1.6998   1.8421   0.00    0.0
2014/08/09 05:40:30.000  -12.843734950  131.132734070   130.4131   5  11   2.2576   2.2365   6.6201   1.1483   1.7170   1.8383   0.00    0.0
2014/08/09 05:41:00.000  -12.843737203  131.132731631   129.6767   5  12   2.0853   2.0583   5.6645   0.7497   0.1174   0.6444   0.00    0.0
2014/08/09 05:41:30.000  -12.843736006  131.132731441   130.0742   5  12   2.0869   2.0578   5.6569   0.7513   0.2462   0.6465   0.00    0.0
2014/08/09 05:42:00.000  -12.843736099  131.132731652   130.0837   5  12   2.0886   2.0573   5.6494   0.7529   0.3275   0.6489   0.00    0.0
2014/08/09 05:42:30.000  -12.843736231  131.132732323   130.1457   5  12   2.0902   2.0569   5.6419   0.7544   0.3921   0.6515   0.00    0.0
2014/08/09 05:43:00.000  -12.843736524  131.132732793   130.1450   5  12   2.0918   2.0565   5.6345   0.7559   0.4472   0.6543   0.00    0.0
2014/08/09 05:43:30.000  -12.843722716  131.132738273   125.8437   5  11   2.2864   2.0889   6.1588   0.9550  -0.8220  -1.3674   0.00    0.0
2014/08/09 05:44:00.000  -12.843723176  131.132737524   125.5520   5  11   2.2875   2.0882   6.1514   0.9550  -0.7900  -1.3644   0.00    0.0
2014/08/09 05:44:30.000  -12.843722662  131.132737159   125.5267   5  11   2.2886   2.0875   6.1440   0.9549  -0.7566  -1.3612   0.00    0.0
2014/08/09 05:45:00.000  -12.843722733  131.132737192   125.7530   5  11   2.2896   2.0869   6.1366   0.9547  -0.7217  -1.3578   0.00    0.0
2014/08/09 05:45:30.000  -12.843723163  131.132736516   125.8280   5  11   2.2906   2.0864   6.1292   0.9545  -0.6851  -1.3541   0.00    0.0
2014/08/09 05:46:00.000  -12.843724120  131.132735878   125.5900   5  11   2.2916   2.0859   6.1217   0.9543  -0.6465  -1.3502   0.00    0.0
2014/08/09 05:46:30.000  -12.843724068  131.132735382   125.7250   5  11   2.2925   2.0854   6.1142   0.9540  -0.6056  -1.3461   0.00    0.0
2014/08/09 05:47:00.000  -12.843723203  131.132736405   125.9663   5  11   2.2934   2.0849   6.1067   0.9537  -0.5617  -1.3417   0.00    0.0
2014/08/09 05:47:30.000  -12.843723381  131.132736999   125.9906   5  11   2.2943   2.0845   6.0992   0.9533  -0.5142  -1.3370   0.00    0.0
2014/08/09 05:48:00.000  -12.843723534  131.132737226   126.0637   5  11   2.2951   2.0842   6.0917   0.9529  -0.4620  -1.3321   0.00    0.0
2014/08/09 05:48:30.000  -12.843723635  131.132737096   125.8086   5  11   2.2960   2.0839   6.0842   0.9525  -0.4032  -1.3270   0.00    0.0
2014/08/09 05:49:00.000  -12.843722891  131.132736146   125.5797   5  11   2.2967   2.0836   6.0767   0.9520  -0.3345  -1.3216   0.00    0.0
2014/08/09 05:49:30.000  -12.843723062  131.132736266   125.4940   5  11   2.2975   2.0833   6.0692   0.9515  -0.2475  -1.3160   0.00    0.0
2014/08/09 05:50:00.000  -12.843723127  131.132736657   125.6164   5  11   2.2982   2.0831   6.0617   0.9510  -0.1041  -1.3101   0.00    0.0
2014/08/09 05:50:30.000  -12.843723475  131.132736846   125.6020   5  11   2.2988   2.0830   6.0542   0.9504   0.1987  -1.3040   0.00    0.0
2014/08/09 05:51:00.000  -12.843723321  131.132737134   125.3179   5  11   2.2995   2.0828   6.0468   0.9498   0.2993  -1.2976   0.00    0.0
2014/08/09 05:51:30.000  -12.843722945  131.132737457   125.4288   5  11   2.3001   2.0827   6.0393   0.9492   0.3736  -1.2910   0.00    0.0
2014/08/09 05:52:00.000  -12.843723613  131.132737202   125.4244   5  11   2.3006   2.0827   6.0319   0.9485   0.4352  -1.2841   0.00    0.0
2014/08/09 05:52:30.000  -12.843723706  131.132737410   125.8195   5  11   2.3011   2.0827   6.0245   0.9479   0.4889  -1.2770   0.00    0.0
2014/08/09 05:53:00.000  -12.843724643  131.132736737   125.8707   5  11   2.3016   2.0827   6.0171   0.9471   0.5372  -1.2696   0.00    0.0
2014/08/09 05:53:30.000  -12.843725389  131.132736296   125.8264   5  11   2.3021   2.0827   6.0098   0.9464   0.5812  -1.2620   0.00    0.0
2014/08/09 05:54:00.000  -12.843725250  131.132736912   126.0305   5  11   2.3025   2.0828   6.0025   0.9457   0.6220  -1.2541   0.00    0.0
2014/08/09 05:54:30.000  -12.843725273  131.132736693   126.1166   5  11   2.3029   2.0830   5.9953   0.9449   0.6602  -1.2459   0.00    0.0
2014/08/09 05:55:00.000  -12.843725508  131.132736031   125.8973   5  11   2.3032   2.0831   5.9880   0.9441   0.6961  -1.2375   0.00    0.0
2014/08/09 05:55:30.000  -12.843725061  131.132736415   125.9951   5  11   2.3036   2.0833   5.9809   0.9432   0.7302  -1.2288   0.00    0.0
2014/08/09 05:56:00.000  -12.843724230  131.132736604   126.1683   5  11   2.3038   2.0836   5.9737   0.9424   0.7626  -1.2198   0.00    0.0
2014/08/09 05:56:30.000  -12.843724987  131.132736415   126.0362   5  11   2.3041   2.0838   5.9666   0.9415   0.7935  -1.2106   0.00    0.0
2014/08/09 05:57:00.000  -12.843724801  131.132736142   126.0972   5  11   2.3043   2.0842   5.9596   0.9407   0.8231  -1.2010   0.00    0.0
2014/08/09 05:57:30.000  -12.843725194  131.132735876   126.0868   5  11   2.3045   2.0845   5.9526   0.9398   0.8516  -1.1912   0.00    0.0
2014/08/09 05:58:00.000  -12.843725855  131.132734798   125.8804   5  11   2.3046   2.0849   5.9457   0.9389   0.8791  -1.1811   0.00    0.0
2014/08/09 05:58:30.000  -12.843726310  131.132734298   125.9609   5  11   2.3047   2.0853   5.9388   0.9379   0.9056  -1.1707   0.00    0.0
2014/08/09 05:59:00.000  -12.843726001  131.132734864   126.1085   5  11   2.3048   2.0857   5.9320   0.9370   0.9312  -1.1601   0.00    0.0
2014/08/09 05:59:30.000  -12.843726114  131.132736164   125.8736   5  11   2.3048   2.0862   5.9253   0.9361   0.9561  -1.1491   0.00    0.0
2014/08/09 06:00:00.000  -12.843726091  131.132737265   125.9950   5  11   2.3680   2.1005   5.9190   0.8626   0.9720  -1.1218   0.00    0.0
2014/08/09 06:00:30.000  -12.843725448  131.132737299   126.1666   5  11   2.3676   2.1014   5.9124   0.8609   0.9956  -1.1104   0.00    0.0
2014/08/09 06:01:00.000  -12.843725446  131.132736742   126.4775   5  11   2.3671   2.1023   5.9058   0.8592   1.0186  -1.0987   0.00    0.0
2014/08/09 06:01:30.000  -12.843725970  131.132736306   126.7310   5  11   2.3666   2.1032   5.8993   0.8576   1.0410  -1.0866   0.00    0.0
2014/08/09 06:02:00.000  -12.843726611  131.132735659   126.6832   5  11   2.3660   2.1042   5.8929   0.8559   1.0629  -1.0742   0.00    0.0
2014/08/09 06:02:30.000  -12.843725833  131.132735619   126.7725   5  11   2.3654   2.1052   5.8866   0.8543   1.0841  -1.0615   0.00    0.0
2014/08/09 06:03:00.000  -12.843726444  131.132735957   126.6897   5  11   2.3648   2.1062   5.8803   0.8526   1.1049  -1.0484   0.00    0.0
2014/08/09 06:03:30.000  -12.843726566  131.132735711   126.6975   5  11   2.3642   2.1073   5.8742   0.8509   1.1252  -1.0350   0.00    0.0
2014/08/09 06:04:00.000  -12.843726922  131.132735496   126.7996   5  11   2.3635   2.1084   5.8681   0.8493   1.1450  -1.0212   0.00    0.0
2014/08/09 06:04:30.000  -12.843727482  131.132734769   126.9696   5  11   2.3628   2.1096   5.8620   0.8476   1.1644  -1.0070   0.00    0.0
2014/08/09 06:05:00.000  -12.843727850  131.132735236   127.4558   5  11   2.3620   2.1108   5.8561   0.8460   1.1834  -0.9924   0.00    0.0
2014/08/09 06:05:30.000  -12.843728442  131.132734879   127.5121   5  11   2.3612   2.1120   5.8502   0.8443   1.2020  -0.9774   0.00    0.0
2014/08/09 06:06:00.000  -12.843728411  131.132734009   127.3173   5  11   2.3604   2.1133   5.8445   0.8427   1.2202  -0.9619   0.00    0.0
2014/08/09 06:06:30.000  -12.843728359  131.132734433   127.0462   5  11   2.3595   2.1145   5.8388   0.8411   1.2380  -0.9460   0.00    0.0
2014/08/09 06:07:00.000  -12.843729295  131.132734646   127.3111   5  11   2.3586   2.1159   5.8332   0.8394   1.2555  -0.9296   0.00    0.0
2014/08/09 06:07:30.000  -12.843729681  131.132735010   127.3766   5  11   2.3577   2.1172   5.8277   0.8379   1.2727  -0.9127   0.00    0.0
2014/08/09 06:08:00.000  -12.843729119  131.132734037   127.3543   5  11   2.3568   2.1186   5.8223   0.8363   1.2895  -0.8954   0.00    0.0
2014/08/09 06:08:30.000  -12.843729363  131.132733129   127.4438   5  11   2.3558   2.1200   5.8170   0.8347   1.3061  -0.8774   0.00    0.0
2014/08/09 06:09:00.000  -12.843729624  131.132733164   127.5449   5  11   2.3548   2.1215   5.8117   0.8331   1.3223  -0.8589   0.00    0.0
2014/08/09 06:09:30.000  -12.843729843  131.132731983   127.5307   5  11   2.3538   2.1229   5.8066   0.8316   1.3383  -0.8397   0.00    0.0
2014/08/09 06:10:00.000  -12.843730644  131.132731900   127.5120   5  11   2.3527   2.1245   5.8016   0.8301   1.3540  -0.8199   0.00    0.0
2014/08/09 06:10:30.000  -12.843730713  131.132731985   127.3098   5  11   2.3516   2.1260   5.7966   0.8286   1.3694  -0.7995   0.00    0.0
2014/08/09 06:11:00.000  -12.843730136  131.132732808   127.3370   5  11   2.3505   2.1276   5.7918   0.8271   1.3846  -0.7782   0.00    0.0
2014/08/09 06:11:30.000  -12.843731042  131.132732626   127.3871   5  11   2.3493   2.1292   5.7870   0.8257   1.3995  -0.7561   0.00    0.0
2014/08/09 06:12:00.000  -12.843731700  131.132733039   127.9021   5  11   2.3482   2.1308   5.7824   0.8243   1.4141  -0.7332   0.00    0.0
2014/08/09 06:12:30.000  -12.843733460  131.132732339   128.1671   5  11   2.3470   2.1324   5.7778   0.8229   1.4286  -0.7093   0.00    0.0
2014/08/09 06:13:00.000  -12.843736003  131.132731943   128.4907   5  11   2.3458   2.1341   5.7734   0.8215   1.4428  -0.6843   0.00    0.0
2014/08/09 06:13:30.000  -12.843735821  131.132731848   128.7523   5  11   2.3445   2.1358   5.7690   0.8201   1.4568  -0.6582   0.00    0.0
2014/08/09 06:14:00.000  -12.843734555  131.132731860   128.6197   5  11   2.3433   2.1376   5.7648   0.8188   1.4705  -0.6307   0.00    0.0
2014/08/09 06:14:30.000  -12.843733479  131.132731247   128.2384   5  11   2.3420   2.1393   5.7606   0.8175   1.4841  -0.6017   0.00    0.0
2014/08/09 06:15:00.000  -12.843732628  131.132731488   128.1333   5  11   2.3407   2.1411   5.7566   0.8163   1.4975  -0.5710   0.00    0.0
2014/08/09 06:15:30.000  -12.843734328  131.132731468   128.0702   5  11   2.3394   2.1429   5.7526   0.8151   1.5106  -0.5383   0.00    0.0
2014/08/09 06:16:00.000  -12.843735757  131.132730673   128.2016   5  11   2.3380   2.1448   5.7488   0.8139   1.5236  -0.5032   0.00    0.0
2014/08/09 06:16:30.000  -12.843736914  131.132730087   128.5238   5  11   2.3367   2.1466   5.7450   0.8127   1.5364  -0.4652   0.00    0.0
2014/08/09 06:17:00.000  -12.843736693  131.132729402   128.6124   5  11   2.3353   2.1485   5.7414   0.8116   1.5490  -0.4234   0.00    0.0
2014/08/09 06:17:30.000  -12.843735659  131.132729304   128.7535   5  11   2.3339   2.1504   5.7379   0.8105   1.5614  -0.3766   0.00    0.0
2014/08/09 06:18:00.000  -12.843736338  131.132729560   128.7536   5  11   2.3325   2.1523   5.7344   0.8095   1.5736  -0.3228   0.00    0.0
2014/08/09 06:18:30.000  -12.843738063  131.132729028   128.6718   5  11   2.3311   2.1543   5.7311   0.8085   1.5857  -0.2574   0.00    0.0
2014/08/09 06:19:00.000  -12.843737908  131.132729898   128.9693   5  11   2.3297   2.1562   5.7279   0.8075   1.5976  -0.1675   0.00    0.0
2014/08/09 06:19:30.000  -12.843737236  131.132730570   129.1321   5  11   2.3282   2.1582   5.7248   0.8066   1.6093   0.1019   0.00    0.0
2014/08/09 06:20:00.000  -12.843736397  131.132730789   129.0850   5  11   2.3268   2.1602   5.7218   0.8057   1.6209   0.2215   0.00    0.0
2014/08/09 06:20:30.000  -12.843736018  131.132730054   129.1314   5  11   2.3253   2.1623   5.7189   0.8049   1.6323   0.2967   0.00    0.0
2014/08/09 06:21:00.000  -12.843736036  131.132729861   129.2701   5  11   2.3239   2.1643   5.7161   0.8041   1.6436   0.3567   0.00    0.0
2014/08/09 06:21:30.000  -12.843737729  131.132729562   129.3765   5  11   2.3224   2.1664   5.7134   0.8033   1.6547   0.4082   0.00    0.0
2014/08/09 06:22:00.000  -12.843738658  131.132728771   129.6007   5  11   2.3209   2.1685   5.7108   0.8026   1.6656   0.4542   0.00    0.0
2014/08/09 06:22:30.000  -12.843739351  131.132728586   129.5788   5  11   2.3194   2.1706   5.7083   0.8019   1.6765   0.4962   0.00    0.0
2014/08/09 06:23:00.000  -12.843739414  131.132728884   129.9048   5  11   2.3179   2.1727   5.7059   0.8013   1.6871   0.5351   0.00    0.0
2014/08/09 06:23:30.000  -12.843740064  131.132727837   130.1022   5  11   2.3164   2.1748   5.7036   0.8007   1.6977   0.5716   0.00    0.0
2014/08/09 06:24:00.000  -12.843740894  131.132727195   130.3410   5  11   2.3149   2.1770   5.7014   0.8002   1.7081   0.6060   0.00    0.0
2014/08/09 06:24:30.000  -12.843741209  131.132728330   130.4438   5  11   2.3134   2.1792   5.6994   0.7997   1.7183   0.6388   0.00    0.0
2014/08/09 06:25:00.000  -12.843741621  131.132728786   130.3853   5  11   2.3119   2.1813   5.6974   0.7993   1.7284   0.6701   0.00    0.0
2014/08/09 06:25:30.000  -12.843738173  131.132731544   131.8468   5  12   2.1704   2.0899   5.1532   0.3703   1.2197  -1.1962   0.00    0.0
2014/08/09 06:26:00.000  -12.843739054  131.132730652   132.0082   5  12   2.1678   2.0914   5.1543   0.3648   1.2329  -1.1792   0.00    0.0
2014/08/09 06:26:30.000  -12.843739123  131.132730093   132.1596   5  12   2.1653   2.0930   5.1554   0.3593   1.2459  -1.1618   0.00    0.0
2014/08/09 06:27:00.000  -12.843739305  131.132729134   132.1840   5  12   2.1629   2.0946   5.1567   0.3538   1.2587  -1.1439   0.00    0.0
2014/08/09 06:27:30.000  -12.843739244  131.132728298   132.1635   5  12   2.1604   2.0962   5.1580   0.3485   1.2713  -1.1257   0.00    0.0
2014/08/09 06:28:00.000  -12.843724524  131.132730574   129.1154   5  11   2.4995   2.1064   5.6881   0.5977   1.0923  -2.0605   0.00    0.0
2014/08/09 06:28:30.000  -12.843724835  131.132731937   129.1541   5  11   2.4926   2.1078   5.6866   0.5905   1.1101  -2.0427   0.00    0.0
2014/08/09 06:29:00.000  -12.843725412  131.132731451   129.5381   5  11   2.4858   2.1093   5.6852   0.5833   1.1274  -2.0245   0.00    0.0
2014/08/09 06:29:30.000  -12.843726353  131.132731032   129.7273   5  11   2.4790   2.1107   5.6839   0.5761   1.1445  -2.0062   0.00    0.0
2014/08/09 06:30:00.000  -12.843726335  131.132730911   129.8649   5  11   2.4722   2.1122   5.6826   0.5691   1.1611  -1.9876   0.00    0.0
2014/08/09 06:30:30.000  -12.843726557  131.132730589   129.7470   5  11   2.4654   2.1137   5.6814   0.5622   1.1774  -1.9688   0.00    0.0
2014/08/09 06:31:00.000  -12.843726393  131.132730804   129.6596   5  11   2.4587   2.1152   5.6803   0.5554   1.1933  -1.9497   0.00    0.0
2014/08/09 06:31:30.000  -12.843727522  131.132730659   129.8662   5  11   2.4521   2.1168   5.6793   0.5487   1.2090  -1.9304   0.00    0.0
2014/08/09 06:32:00.000  -12.843729115  131.132729518   130.2210   5  11   2.4454   2.1183   5.6784   0.5421   1.2243  -1.9108   0.00    0.0
2014/08/09 06:32:30.000  -12.843730650  131.132728539   130.5832   5  11   2.4389   2.1199   5.6775   0.5356   1.2393  -1.8909   0.00    0.0
2014/08/09 06:33:00.000  -12.843732309  131.132728620   130.5042   5  11   2.4323   2.1215   5.6768   0.5293   1.2540  -1.8708   0.00    0.0
2014/08/09 06:33:30.000  -12.843732985  131.132728834   130.5948   5  11   2.4258   2.1231   5.6762   0.5231   1.2684  -1.8504   0.00    0.0
2014/08/09 06:34:00.000  -12.843732776  131.132729537   130.7768   5  11   2.4194   2.1248   5.6757   0.5170   1.2826  -1.8297   0.00    0.0
2014/08/09 06:34:30.000  -12.843731349  131.132728921   130.7420   5  11   2.4130   2.1264   5.6752   0.5110   1.2965  -1.8088   0.00    0.0
2014/08/09 06:35:00.000  -12.843730107  131.132728909   130.7990   5  11   2.4067   2.1281   5.6749   0.5052   1.3102  -1.7876   0.00    0.0
2014/08/09 06:35:30.000  -12.843729971  131.132729039   130.9694   5  11   2.4005   2.1298   5.6747   0.4995   1.3236  -1.7660   0.00    0.0
2014/08/09 06:36:00.000  -12.843730151  131.132729050   131.1565   5  11   2.3943   2.1315   5.6746   0.4939   1.3367  -1.7442   0.00    0.0
2014/08/09 06:36:30.000  -12.843730233  131.132728080   131.3994   5  11   2.3881   2.1333   5.6746   0.4886   1.3496  -1.7220   0.00    0.0
2014/08/09 06:37:00.000  -12.843730648  131.132727858   131.5961   5  11   2.3821   2.1350   5.6747   0.4833   1.3623  -1.6995   0.00    0.0
2014/08/09 06:37:30.000  -12.843726893  131.132720233   134.0190   5  10   2.4440   2.3170   6.1743  -0.5328  -0.5376  -1.1914   0.00    0.0
2014/08/09 06:38:00.000  -12.843701145  131.132744859   125.2978   5   9   2.9144   2.7503   7.9570   1.4400  -2.7724  -3.0499   0.00    0.0
2014/08/09 06:38:30.000  -12.843700676  131.132745941   125.1881   5   9   2.8968   2.7403   7.9515   1.4146  -2.7458  -3.0062   0.00    0.0
2014/08/09 06:39:00.000  -12.843701681  131.132746283   124.8397   5   9   2.8795   2.7306   7.9468   1.3895  -2.7196  -2.9624   0.00    0.0
2014/08/09 06:39:30.000  -12.843702040  131.132745883   124.7262   5   9   2.8626   2.7211   7.9429   1.3646  -2.6939  -2.9184   0.00    0.0
2014/08/09 06:40:00.000  -12.843702416  131.132745535   124.8718   5   9   2.8460   2.7119   7.9400   1.3400  -2.6686  -2.8741   0.00    0.0
2014/08/09 06:40:30.000  -12.843702705  131.132745761   125.0678   5   9   2.8297   2.7029   7.9379   1.3155  -2.6438  -2.8296   0.00    0.0
2014/08/09 06:41:00.000  -12.843703228  131.132745388   124.8136   5   9   2.8138   2.6942   7.9367   1.2913  -2.6194  -2.7847   0.00    0.0
2014/08/09 06:41:30.000  -12.843702844  131.132745322   124.5419   5   9   2.7982   2.6857   7.9364   1.2672  -2.5955  -2.7395   0.00    0.0
2014/08/09 06:42:00.000  -12.843702640  131.132745454   124.4735   5   9   2.7829   2.6774   7.9369   1.2434  -2.5720  -2.6939   0.00    0.0
2014/08/09 06:42:30.000  -12.843702550  131.132746126   124.6578   5   9   2.7680   2.6694   7.9384   1.2197  -2.5490  -2.6478   0.00    0.0
2014/08/09 06:43:00.000  -12.843702193  131.132746050   124.8049   5   9   2.7534   2.6615   7.9407   1.1962  -2.5264  -2.6013   0.00    0.0
2014/08/09 06:43:30.000  -12.843701409  131.132745352   124.9531   5   9   2.7392   2.6539   7.9440   1.1729  -2.5042  -2.5542   0.00    0.0
2014/08/09 06:44:00.000  -12.843700007  131.132745189   124.9147   5   9   2.7253   2.6465   7.9482   1.1497  -2.4824  -2.5066   0.00    0.0
2014/08/09 06:44:30.000  -12.843699423  131.132746300   124.9815   5   9   2.7117   2.6393   7.9532   1.1266  -2.4610  -2.4583   0.00    0.0
2014/08/09 06:45:00.000  -12.843700262  131.132745790   124.8653   5   9   2.6985   2.6323   7.9592   1.1037  -2.4401  -2.4093   0.00    0.0
2014/08/09 06:45:30.000  -12.843701295  131.132745986   124.5649   5   9   2.6856   2.6254   7.9661   1.0810  -2.4196  -2.3596   0.00    0.0
2014/08/09 06:46:00.000  -12.843702439  131.132746431   124.4195   5   9   2.6730   2.6188   7.9739   1.0583  -2.3995  -2.3090   0.00    0.0
2014/08/09 06:46:30.000  -12.843702369  131.132746536   124.0854   5   9   2.6608   2.6123   7.9826   1.0357  -2.3797  -2.2574   0.00    0.0
2014/08/09 06:47:00.000  -12.843702523  131.132745813   123.9692   5   9   2.6489   2.6060   7.9923   1.0133  -2.3604  -2.2048   0.00    0.0
2014/08/09 06:47:30.000  -12.843702234  131.132746106   123.7477   5   9   2.6374   2.5999   8.0029   0.9909  -2.3415  -2.1510   0.00    0.0
2014/08/09 06:48:00.000  -12.843702352  131.132746122   123.8718   5   9   2.6261   2.5940   8.0145   0.9685  -2.3230  -2.0960   0.00    0.0
2014/08/09 06:48:30.000  -12.843702178  131.132745726   124.2344   5   9   2.6153   2.5882   8.0270   0.9462  -2.3049  -2.0396   0.00    0.0
2014/08/09 06:49:00.000  -12.843701370  131.132746444   124.1257   5   9   2.6048   2.5825   8.0405   0.9240  -2.2871  -1.9817   0.00    0.0
2014/08/09 06:49:30.000  -12.843700895  131.132746065   124.1462   5   9   2.5946   2.5770   8.0549   0.9017  -2.2698  -1.9220   0.00    0.0
2014/08/09 06:50:00.000  -12.843700077  131.132745243   124.4728   5   9   2.5848   2.5717   8.0704   0.8795  -2.2528  -1.8604   0.00    0.0
2014/08/09 06:50:30.000  -12.843700733  131.132745531   124.7128   5   9   2.5753   2.5665   8.0868   0.8573  -2.2362  -1.7966   0.00    0.0
2014/08/09 06:51:00.000  -12.843702134  131.132745812   124.8413   5   9   2.5662   2.5614   8.1042   0.8350  -2.2200  -1.7304   0.00    0.0
2014/08/09 06:51:30.000  -12.843703182  131.132745869   124.6144   5   9   2.5574   2.5565   8.1226   0.8126  -2.2041  -1.6614   0.00    0.0
2014/08/09 06:52:00.000  -12.843703319  131.132745103   124.1296   5   9   2.5490   2.5517   8.1420   0.7902  -2.1887  -1.5892   0.00    0.0
2014/08/09 06:52:30.000  -12.843703051  131.132744922   123.8896   5   9   2.5409   2.5470   8.1625   0.7677  -2.1736  -1.5133   0.00    0.0
2014/08/09 06:53:00.000  -12.843703101  131.132744371   123.7149   5   9   2.5332   2.5425   8.1839   0.7450  -2.1588  -1.4331   0.00    0.0
2014/08/09 06:53:30.000  -12.843703125  131.132744549   123.9442   5   9   2.5258   2.5381   8.2065   0.7221  -2.1445  -1.3478   0.00    0.0
2014/08/09 06:54:00.000  -12.843703097  131.132745048   124.0913   5   9   2.5189   2.5338   8.2300   0.6991  -2.1305  -1.2561   0.00    0.0
2014/08/09 06:54:30.000  -12.843703531  131.132745448   124.1457   5   9   2.5122   2.5296   8.2547   0.6758  -2.1168  -1.1567   0.00    0.0
2014/08/09 06:55:00.000  -12.843703742  131.132744950   124.3017   5   9   2.5060   2.5255   8.2804   0.6522  -2.1036  -1.0471   0.00    0.0
2014/08/09 06:55:30.000  -12.843703304  131.132745092   123.9546   5   9   2.5001   2.5216   8.3073   0.6283  -2.0907  -0.9237   0.00    0.0
2014/08/09 06:56:00.000  -12.843703363  131.132745251   123.9407   5   9   2.4947   2.5177   8.3352   0.6040  -2.0781  -0.7798   0.00    0.0
2014/08/09 06:56:30.000  -12.843704035  131.132745559   124.3363   5   9   2.4896   2.5139   8.3643   0.5792  -2.0659  -0.6007   0.00    0.0
2014/08/09 06:57:00.000  -12.843703964  131.132745577   124.3100   5   9   2.4849   2.5103   8.3945   0.5538  -2.0541  -0.3340   0.00    0.0
2014/08/09 06:57:30.000  -12.843703951  131.132746582   124.1491   5   9   2.4805   2.5067   8.4259   0.5278  -2.0426   0.3745   0.00    0.0
2014/08/09 06:58:00.000  -12.843704319  131.132746899   124.1077   5   9   2.4766   2.5033   8.4585   0.5010  -2.0315   0.6282   0.00    0.0
2014/08/09 06:58:30.000  -12.843704239  131.132746050   123.9569   5   9   2.4731   2.4999   8.4922   0.4733  -2.0207   0.8073   0.00    0.0
2014/08/09 06:59:00.000  -12.843704245  131.132745956   124.0730   5   9   2.4700   2.4967   8.5272   0.4444  -2.0103   0.9549   0.00    0.0
2014/08/09 06:59:30.000  -12.843704230  131.132745735   123.9882   5   9   2.4673   2.4935   8.5633   0.4141  -2.0003   1.0840   0.00    0.0
2014/08/09 07:00:00.000  -12.843707946  131.132745609   123.0869   5   9   2.4553   2.3305   8.4951   0.5818  -1.6680   1.0709   0.00    0.0
2014/08/09 07:00:30.000  -12.843707399  131.132745735   123.4563   5   9   2.4532   2.3275   8.5328   0.5615  -1.6547   1.1884   0.00    0.0
2014/08/09 07:01:00.000  -12.843707325  131.132745652   123.6267   5   9   2.4516   2.3245   8.5718   0.5408  -1.6417   1.2966   0.00    0.0
2014/08/09 07:01:30.000  -12.843707918  131.132745908   123.4278   5   9   2.4504   2.3217   8.6121   0.5198  -1.6290   1.3979   0.00    0.0
2014/08/09 07:02:00.000  -12.843709199  131.132746633   122.6975   5   9   2.4497   2.3190   8.6538   0.4983  -1.6166   1.4936   0.00    0.0
2014/08/09 07:02:30.000  -12.843709851  131.132746369   122.7487   5   9   2.4494   2.3163   8.6967   0.4763  -1.6046   1.5850   0.00    0.0
2014/08/09 07:03:00.000  -12.843709426  131.132746110   123.2572   5   9   2.4495   2.3137   8.7410   0.4538  -1.5928   1.6728   0.00    0.0
2014/08/09 07:03:30.000  -12.843709395  131.132746184   123.3281   5   9   2.4501   2.3111   8.7867   0.4305  -1.5813   1.7575   0.00    0.0
2014/08/09 07:04:00.000  -12.843709777  131.132745886   123.5201   5   9   2.4512   2.3087   8.8337   0.4063  -1.5702   1.8397   0.00    0.0
2014/08/09 07:04:30.000  -12.843709777  131.132745561   123.4455   5   9   2.4528   2.3063   8.8822   0.3811  -1.5594   1.9198   0.00    0.0
2014/08/09 07:05:00.000  -12.843710455  131.132745533   123.5512   5   9   2.4549   2.3040   8.9322   0.3546  -1.5489   1.9981   0.00    0.0
2014/08/09 07:05:30.000  -12.843711025  131.132745974   123.6302   5   9   2.4574   2.3018   8.9836   0.3265  -1.5387   2.0749   0.00    0.0
2014/08/09 07:06:00.000  -12.843710701  131.132746071   123.8083   5   9   2.4605   2.2996   9.0366   0.2963  -1.5288   2.1503   0.00    0.0
2014/08/09 07:06:30.000  -12.843711024  131.132746315   123.5423   5   9   2.4641   2.2975   9.0911   0.2633  -1.5193   2.2247   0.00    0.0
2014/08/09 07:07:00.000  -12.843712455  131.132746977   123.2066   5   9   2.4682   2.2954   9.1471   0.2261  -1.5100   2.2981   0.00    0.0
2014/08/09 07:07:30.000  -12.843712806  131.132746134   122.9272   5   9   2.4729   2.2934   9.2048   0.1822  -1.5011   2.3708   0.00    0.0
2014/08/09 07:08:00.000  -12.843713214  131.132745462   123.0706   5   9   2.4781   2.2915   9.2641   0.1248  -1.4926   2.4428   0.00    0.0
2014/08/09 07:08:30.000  -12.843712627  131.132745548   123.0090   5  10   2.2369   2.2895   9.2018   0.1614  -1.4974   2.8201   0.00    0.0
2014/08/09 07:09:00.000  -12.843713345  131.132745372   122.8796   5  10   2.2422   2.2876   9.2803   0.1296  -1.4921   2.8668   0.00    0.0
2014/08/09 07:09:30.000  -12.843713317  131.132745196   122.9025   5  10   2.2477   2.2857   9.3598   0.0883  -1.4867   2.9137   0.00    0.0
2014/08/09 07:10:00.000  -12.843712405  131.132744648   122.8059   5  10   2.2535   2.2839   9.4402  -0.0306  -1.4811   2.9607   0.00    0.0
2014/08/09 07:10:30.000  -12.843712086  131.132745829   122.8179   5  10   2.2595   2.2821   9.5215  -0.0969  -1.4752   3.0079   0.00    0.0
2014/08/09 07:11:00.000  -12.843712368  131.132746889   122.8937   5  10   2.2659   2.2803   9.6037  -0.1326  -1.4691   3.0552   0.00    0.0
2014/08/09 07:11:30.000  -12.843712488  131.132746711   122.7857   5  10   2.2725   2.2786   9.6867  -0.1596  -1.4627   3.1027   0.00    0.0
2014/08/09 07:12:00.000  -12.843712810  131.132746790   123.0017   5  10   2.2794   2.2769   9.7704  -0.1818  -1.4561   3.1503   0.00    0.0
2014/08/09 07:12:30.000  -12.843712407  131.132746986   123.3091   5  10   2.2866   2.2752   9.8548  -0.2009  -1.4490   3.1980   0.00    0.0
2014/08/09 07:13:00.000  -12.843711811  131.132746619   123.4118   5  10   2.2941   2.2736   9.9399  -0.2175  -1.4417   3.2458   0.00    0.0
2014/08/09 07:13:30.000  -12.843712265  131.132746895   123.2060   5  10   2.3018   2.2720  10.0254  -0.2323  -1.4339   3.2936   0.00    0.0
2014/08/09 07:14:00.000  -12.843712510  131.132747281   122.9308   5  10   2.3097   2.2704  10.1114  -0.2456  -1.4256   3.3415   0.00    0.0
2014/08/09 07:14:30.000  -12.843712429  131.132747261   122.9112   5  10   2.3179   2.2688  10.1978  -0.2574  -1.4169   3.3894   0.00    0.0
2014/08/09 07:15:00.000  -12.843712694  131.132746867   122.8310   5  10   2.3264   2.2673  10.2843  -0.2681  -1.4076   3.4372   0.00    0.0
2014/08/09 07:15:30.000  -12.843713595  131.132746732   122.3433   5  10   2.3350   2.2658  10.3711  -0.2777  -1.3978   3.4850   0.00    0.0
2014/08/09 07:16:00.000  -12.843714501  131.132746586   121.9034   5  10   2.3439   2.2643  10.4578  -0.2863  -1.3874   3.5326   0.00    0.0
2014/08/09 07:16:30.000  -12.843714045  131.132746998   121.9515   5  10   2.3530   2.2629  10.5445  -0.2940  -1.3763   3.5801   0.00    0.0
2014/08/09 07:17:00.000  -12.843713727  131.132747014   122.3266   5  10   2.3623   2.2615  10.6309  -0.3009  -1.3645   3.6274   0.00    0.0
2014/08/09 07:17:30.000  -12.843713330  131.132747573   123.0280   5  10   2.3717   2.2601  10.7169  -0.3069  -1.3519   3.6744   0.00    0.0
2014/08/09 07:18:00.000  -12.843713669  131.132747741   123.1689   5  10   2.3813   2.2587  10.8023  -0.3120  -1.3385   3.7211   0.00    0.0
2014/08/09 07:18:30.000  -12.843714900  131.132747058   123.0212   5  10   2.3910   2.2574  10.8871  -0.3164  -1.3242   3.7674   0.00    0.0
2014/08/09 07:19:00.000  -12.843715763  131.132746351   122.4570   5  10   2.4009   2.2561  10.9710  -0.3200  -1.3089   3.8133   0.00    0.0
2014/08/09 07:19:30.000  -12.843715996  131.132745890   122.3482   5  10   2.4108   2.2548  11.0539  -0.3228  -1.2927   3.8586   0.00    0.0
2014/08/09 07:20:00.000  -12.843715630  131.132746929   122.2950   5  10   2.4208   2.2536  11.1355  -0.3249  -1.2753   3.9034   0.00    0.0
2014/08/09 07:20:30.000  -12.843715762  131.132746818   122.7832   5  10   2.4309   2.2523  11.2157  -0.3261  -1.2568   3.9475   0.00    0.0
2014/08/09 07:21:00.000  -12.843716195  131.132746505   122.8537   5  10   2.4409   2.2511  11.2943  -0.3266  -1.2370   3.9909   0.00    0.0
2014/08/09 07:21:30.000  -12.843715798  131.132746734   123.0905   5  10   2.4510   2.2500  11.3711  -0.3263  -1.2159   4.0334   0.00    0.0
2014/08/09 07:22:00.000  -12.843715131  131.132746608   123.2226   5  10   2.4610   2.2488  11.4458  -0.3251  -1.1934   4.0751   0.00    0.0
2014/08/09 07:22:30.000  -12.843715257  131.132746827   122.8565   5  10   2.4710   2.2477  11.5183  -0.3231  -1.1693   4.1158   0.00    0.0
2014/08/09 07:23:00.000  -12.843715952  131.132747029   122.6483   5  10   2.4808   2.2466  11.5884  -0.3203  -1.1436   4.1553   0.00    0.0
2014/08/09 07:23:30.000  -12.843716951  131.132747599   122.3104   5  10   2.4906   2.2456  11.6557  -0.3165  -1.1161   4.1938   0.00    0.0
2014/08/09 07:24:00.000  -12.843717293  131.132747182   122.6694   5  10   2.5001   2.2446  11.7202  -0.3118  -1.0866   4.2309   0.00    0.0
2014/08/09 07:24:30.000  -12.843717331  131.132746877   122.9569   5  10   2.5095   2.2436  11.7815  -0.3061  -1.0551   4.2668   0.00    0.0
2014/08/09 07:25:00.000  -12.843717231  131.132746840   123.1831   5  10   2.5187   2.2426  11.8396  -0.2994  -1.0214   4.3012   0.00    0.0
2014/08/09 07:25:30.000  -12.843716689  131.132746996   123.1741   5  10   2.5276   2.2417  11.8941  -0.2915  -0.9851   4.3340   0.00    0.0
2014/08/09 07:26:00.000  -12.843716290  131.132747299   123.3019   5  10   2.5362   2.2408  11.9448  -0.2825  -0.9462   4.3653   0.00    0.0
2014/08/09 07:26:30.000  -12.843716085  131.132747004   123.3277   5  10   2.5444   2.2399  11.9916  -0.2721  -0.9041   4.3949   0.00    0.0
2014/08/09 07:27:00.000  -12.843714940  131.132746507   123.9505   5  10   2.5523   2.2391  12.0343  -0.2603  -0.8586   4.4227   0.00    0.0
2014/08/09 07:27:30.000  -12.843716563  131.132746457   123.2254   5  10   2.5599   2.2384  12.0726  -0.2469  -0.8091   4.4486   0.00    0.0
2014/08/09 07:28:00.000  -12.843717707  131.132746176   122.6929   5  10   2.5670   2.2376  12.1065  -0.2317  -0.7549   4.4726   0.00    0.0
2014/08/09 07:28:30.000  -12.843718894  131.132745831   121.9075   5  10   2.5736   2.2369  12.1358  -0.2142  -0.6950   4.4947   0.00    0.0
2014/08/09 07:29:00.000  -12.843719401  131.132745389   122.0171   5  10   2.5798   2.2363  12.1603  -0.1940  -0.6278   4.5147   0.00    0.0
2014/08/09 07:29:30.000  -12.843719291  131.132745372   122.4874   5  10   2.5855   2.2357  12.1799  -0.1701  -0.5509   4.5326   0.00    0.0
2014/08/09 07:30:00.000  -12.843718313  131.132745824   123.2202   5  10   2.5906   2.2351  12.1946  -0.1408  -0.4596   4.5483   0.00    0.0
2014/08/09 07:30:30.000  -12.843717545  131.132746331   123.9917   5  10   2.5952   2.2346  12.2043  -0.1016  -0.3427   4.5619   0.00    0.0
2014/08/09 07:31:00.000  -12.843717765  131.132746445   124.5593   5  10   2.5993   2.2341  12.2088  -0.0212  -0.1499   4.5732   0.00    0.0
2014/08/09 07:31:30.000  -12.843718460  131.132746094   124.3108   5  10   2.6027   2.2336  12.2082   0.0987   0.2713   4.5823   0.00    0.0
2014/08/09 07:32:00.000  -12.843719078  131.132746199   124.0456   5  10   2.6056   2.2332  12.2024   0.1422   0.4129   4.5892   0.00    0.0
2014/08/09 07:32:30.000  -12.843718578  131.132746116   123.9547   5  10   2.6079   2.2329  12.1915   0.1759   0.5177   4.5937   0.00    0.0
2014/08/09 07:33:00.000  -12.843718615  131.132745916   123.9105   5  10   2.6096   2.2326  12.1755   0.2047   0.6050   4.5961   0.00    0.0
2014/08/09 07:33:30.000  -12.843718249  131.132746323   124.5994   5  10   2.6107   2.2324  12.1544   0.2303   0.6813   4.5962   0.00    0.0
2014/08/09 07:34:00.000  -12.843718394  131.132745906   124.9543   5  10   2.6112   2.2322  12.1284   0.2537   0.7499   4.5941   0.00    0.0
2014/08/09 07:34:30.000  -12.843718817  131.132745577   125.3253   5  10   2.6111   2.2320  12.0974   0.2752   0.8125   4.5898   0.00    0.0
2014/08/09 07:35:00.000  -12.843718104  131.132745162   125.5507   5  10   2.6103   2.2319  12.0617   0.2953   0.8704   4.5834   0.00    0.0
2014/08/09 07:35:30.000  -12.843717820  131.132745526   125.3541   5  10   2.6091   2.2318  12.0213   0.3142   0.9244   4.5748   0.00    0.0
2014/08/09 07:36:00.000  -12.843716542  131.132746993   125.9530   5  10   2.6072   2.2318  11.9764   0.3320   0.9749   4.5643   0.00    0.0
2014/08/09 07:36:30.000  -12.843716784  131.132747179   126.4456   5  10   2.6048   2.2319  11.9271   0.3489   1.0224   4.5517   0.00    0.0
2014/08/09 07:37:00.000  -12.843716407  131.132747159   126.9582   5  10   2.6019   2.2319  11.8737   0.3649   1.0673   4.5372   0.00    0.0
2014/08/09 07:37:30.000  -12.843715702  131.132747297   127.7363   5  10   2.5984   2.2321  11.8164   0.3801   1.1097   4.5209   0.00    0.0
2014/08/09 07:38:00.000  -12.843715772  131.132746945   127.9892   5  10   2.5944   2.2322  11.7552   0.3946   1.1499   4.5029   0.00    0.0
2014/08/09 07:38:30.000  -12.843716653  131.132746035   126.9236   5  10   2.5900   2.2325  11.6905   0.4084   1.1881   4.4831   0.00    0.0
2014/08/09 07:39:00.000  -12.843718185  131.132746945   126.4271   5  10   2.5851   2.2327  11.6224   0.4215   1.2243   4.4618   0.00    0.0
2014/08/09 07:39:30.000  -12.843718477  131.132746154   126.6110   5  10   2.5798   2.2330  11.5511   0.4340   1.2588   4.4389   0.00    0.0
2014/08/09 07:40:00.000  -12.843718556  131.132746128   126.6260   5  10   2.5741   2.2334  11.4770   0.4459   1.2915   4.4146   0.00    0.0
2014/08/09 07:40:30.000  -12.843718843  131.132745941   126.7841   5  10   2.5680   2.2338  11.4001   0.4572   1.3227   4.3890   0.00    0.0
2014/08/09 07:41:00.000  -12.843719550  131.132746005   126.6863   5  10   2.5615   2.2342  11.3208   0.4680   1.3523   4.3622   0.00    0.0
2014/08/09 07:41:30.000  -12.843719395  131.132746085   127.0030   5  10   2.5548   2.2347  11.2392   0.4783   1.3806   4.3341   0.00    0.0
2014/08/09 07:42:00.000  -12.843719670  131.132745400   127.3896   5  10   2.5477   2.2352  11.1555   0.4881   1.4075   4.3051   0.00    0.0
2014/08/09 07:42:30.000  -12.843721154  131.132745173   127.0073   5  10   2.5404   2.2358  11.0700   0.4974   1.4331   4.2750   0.00    0.0
2014/08/09 07:43:00.000  -12.843722241  131.132744994   126.5802   5  10   2.5329   2.2364  10.9829   0.5063   1.4575   4.2441   0.00    0.0
2014/08/09 07:43:30.000  -12.843722228  131.132744759   126.0737   5  10   2.5251   2.2370  10.8944   0.5147   1.4807   4.2123   0.00    0.0
2014/08/09 07:44:00.000  -12.843721446  131.132745480   126.3602   5  10   2.5171   2.2376  10.8046   0.5227   1.5028   4.1798   0.00    0.0
2014/08/09 07:44:30.000  -12.843720334  131.132746048   126.9388   5  10   2.5090   2.2383  10.7138   0.5303   1.5238   4.1467   0.00    0.0
2014/08/09 07:45:00.000  -12.843720651  131.132746365   127.0289   5  10   2.5007   2.2391  10.6222   0.5375   1.5439   4.1130   0.00    0.0
2014/08/09 07:45:30.000  -12.843720317  131.132746003   127.7583   5  10   2.4923   2.2398  10.5298   0.5444   1.5630   4.0789   0.00    0.0
2014/08/09 07:46:00.000  -12.843720376  131.132745928   128.2784   5  10   2.4838   2.2406  10.4370   0.5508   1.5812   4.0443   0.00    0.0
2014/08/09 07:46:30.000  -12.843720840  131.132746485   128.4650   5  10   2.4753   2.2415  10.3438   0.5570   1.5985   4.0093   0.00    0.0
2014/08/09 07:47:00.000  -12.843721275  131.132746419   128.1675   5  10   2.4667   2.2423  10.2503   0.5628   1.6150   3.9741   0.00    0.0
2014/08/09 07:47:30.000  -12.843720684  131.132746713   128.6845   5  10   2.4580   2.2432  10.1568   0.5683   1.6307   3.9386   0.00    0.0
2014/08/09 07:48:00.000  -12.843720413  131.132746134   128.8359   5  10   2.4493   2.2441  10.0633   0.5736   1.6457   3.9030   0.00    0.0
2014/08/09 07:48:30.000  -12.843720239  131.132745676   129.1759   5  10   2.4406   2.2451   9.9701   0.5785   1.6600   3.8672   0.00    0.0
2014/08/09 07:49:00.000  -12.843720897  131.132746216   129.1913   5  10   2.4320   2.2461   9.8770   0.5832   1.6737   3.8314   0.00    0.0
2014/08/09 07:49:30.000  -12.843721855  131.132747261   129.1626   5  10   2.4233   2.2471   9.7844   0.5877   1.6867   3.7956   0.00    0.0
2014/08/09 07:50:00.000  -12.843721785  131.132747879   129.5227   5  10   2.4147   2.2481   9.6923   0.5918   1.6991   3.7598   0.00    0.0
2014/08/09 07:50:30.000  -12.843721576  131.132748364   129.7849   5  10   2.4061   2.2492   9.6007   0.5958   1.7109   3.7240   0.00    0.0
2014/08/09 07:51:00.000  -12.843721856  131.132748189   129.7467   5  10   2.3976   2.2503   9.5098   0.5996   1.7222   3.6884   0.00    0.0
2014/08/09 07:51:30.000  -12.843721849  131.132748248   129.7685   5  10   2.3892   2.2514   9.4196   0.6031   1.7331   3.6529   0.00    0.0
2014/08/09 07:52:00.000  -12.843722264  131.132748260   129.7678   5  10   2.3808   2.2526   9.3302   0.6065   1.7434   3.6175   0.00    0.0
2014/08/09 07:52:30.000  -12.843722823  131.132748156   129.7376   5  10   2.3726   2.2537   9.2416   0.6096   1.7533   3.5824   0.00    0.0
2014/08/09 07:53:00.000  -12.843722811  131.132747955   130.1945   5  10   2.3644   2.2549   9.1540   0.6126   1.7628   3.5475   0.00    0.0
2014/08/09 07:53:30.000  -12.843722559  131.132747097   130.1028   5  10   2.3563   2.2562   9.0673   0.6155   1.7719   3.5129   0.00    0.0
2014/08/09 07:54:00.000  -12.843722908  131.132747681   130.5091   5  10   2.3484   2.2574   8.9816   0.6182   1.7806   3.4785   0.00    0.0
2014/08/09 07:54:30.000  -12.843723447  131.132748358   130.6886   5  10   2.3405   2.2587   8.8970   0.6207   1.7889   3.4444   0.00    0.0
2014/08/09 07:55:00.000  -12.843723057  131.132748027   130.8144   5  10   2.3328   2.2600   8.8134   0.6231   1.7970   3.4106   0.00    0.0
2014/08/09 07:55:30.000  -12.843722540  131.132748414   131.3166   5  10   2.3252   2.2613   8.7309   0.6254   1.8047   3.3772   0.00    0.0
2014/08/09 07:56:00.000  -12.843722015  131.132748291   131.5189   5  10   2.3177   2.2627   8.6495   0.6276   1.8121   3.3441   0.00    0.0
2014/08/09 07:56:30.000  -12.843721681  131.132748030   131.5536   5  10   2.3103   2.2640   8.5693   0.6296   1.8193   3.3113   0.00    0.0
2014/08/09 07:57:00.000  -12.843721967  131.132747844   131.7344   5  10   2.3031   2.2654   8.4902   0.6316   1.8262   3.2790   0.00    0.0
2014/08/09 07:57:30.000  -12.843722373  131.132748032   131.7917   5  10   2.2960   2.2669   8.4124   0.6334   1.8329   3.2470   0.00    0.0
2014/08/09 07:58:00.000  -12.843722489  131.132747560   131.6488   5  10   2.2891   2.2683   8.3357   0.6352   1.8393   3.2153   0.00    0.0
2014/08/09 07:58:30.000  -12.843723031  131.132748334   132.0681   5  10   2.2822   2.2698   8.2601   0.6369   1.8456   3.1841   0.00    0.0
2014/08/09 07:59:00.000  -12.843723578  131.132748198   132.0901   5  10   2.2756   2.2713   8.1858   0.6385   1.8516   3.1533   0.00    0.0
2014/08/09 07:59:30.000  -12.843723882  131.132747320   130.8944   5   9   2.3245   2.3061   8.8136   0.4610   2.1896   2.8307   0.00    0.0
2014/08/09 08:00:00.000  -12.843724601  131.132747605   131.1434   5   9   2.3196   2.3076   8.7322   0.4606   2.1910   2.7975   0.00    0.0
2014/08/09 08:00:30.000  -12.843724643  131.132748014   131.6087   5   9   2.3147   2.3092   8.6523   0.4601   2.1923   2.7647   0.00    0.0
2014/08/09 08:01:00.000  -12.843724311  131.132749463   132.2470   5   9   2.3100   2.3108   8.5737   0.4596   2.1936   2.7324   0.00    0.0
2014/08/09 08:01:30.000  -12.843725079  131.132751298   133.4517   5   9   2.3054   2.3124   8.4966   0.4590   2.1948   2.7006   0.00    0.0
2014/08/09 08:02:00.000  -12.843729404  131.132780202   147.4702   5   8   2.3169   3.2557  13.0052  -0.6405   5.2459   2.1070   0.00    0.0
2014/08/09 08:02:30.000  -12.843729483  131.132780095   147.7219   5   8   2.3150   3.2504  12.8255  -0.6744   5.2000   2.0306   0.00    0.0
2014/08/09 08:03:00.000  -12.843729542  131.132779048   147.5814   5   8   2.3135   3.2456  12.6519  -0.7056   5.1559   1.9549   0.00    0.0
2014/08/09 08:03:30.000  -12.843730503  131.132779361   147.3294   5   8   2.3121   3.2411  12.4843  -0.7345   5.1136   1.8798   0.00    0.0
2014/08/09 08:04:00.000  -12.843730761  131.132779774   147.1117   5   8   2.3110   3.2369  12.3224  -0.7615   5.0729   1.8052   0.00    0.0
2014/08/09 08:04:30.000  -12.843730731  131.132781031   147.3542   5   8   2.3100   3.2331  12.1659  -0.7867   5.0338   1.7309   0.00    0.0
2014/08/09 08:05:00.000  -12.843731545  131.132782754   147.6368   5   8   2.3093   3.2296  12.0146  -0.8104   4.9963   1.6567   0.00    0.0
2014/08/09 08:05:30.000  -12.843731870  131.132782693   147.9182   5   8   2.3087   3.2264  11.8682  -0.8328   4.9602   1.5824   0.00    0.0
2014/08/09 08:06:00.000  -12.843732961  131.132784115   148.3261   5   8   2.3082   3.2235  11.7267  -0.8539   4.9255   1.5078   0.00    0.0
2014/08/09 08:06:30.000  -12.843734545  131.132785121   148.8563   5   8   2.3080   3.2208  11.5898  -0.8740   4.8921   1.4327   0.00    0.0
2014/08/09 08:07:00.000  -12.843735701  131.132786232   149.1933   5   8   2.3079   3.2185  11.4572  -0.8931   4.8601   1.3567   0.00    0.0
2014/08/09 08:07:30.000  -12.843736610  131.132787463   149.5678   5   8   2.3079   3.2164  11.3289  -0.9112   4.8293   1.2796   0.00    0.0
2014/08/09 08:08:00.000  -12.843737156  131.132787921   149.6268   5   8   2.3080   3.2145  11.2046  -0.9286   4.7997   1.2010   0.00    0.0
2014/08/09 08:08:30.000  -12.843737614  131.132788057   149.7350   5   8   2.3083   3.2129  11.0842  -0.9451   4.7713   1.1202   0.00    0.0
2014/08/09 08:09:00.000  -12.843738814  131.132788478   149.8577   5   8   2.3087   3.2115  10.9676  -0.9610   4.7439   1.0367   0.00    0.0
2014/08/09 08:09:30.000  -12.843740206  131.132787642   149.5282   5   8   2.3092   3.2103  10.8546  -0.9762   4.7176   0.9495   0.00    0.0
2014/08/09 08:10:00.000  -12.843740912  131.132787444   149.3076   5   8   2.3098   3.2094  10.7450  -0.9908   4.6924   0.8572   0.00    0.0
2014/08/09 08:10:30.000  -12.843741448  131.132787589   149.2321   5   8   2.3105   3.2086  10.6388  -1.0049   4.6681   0.7578   0.00    0.0
2014/08/09 08:11:00.000  -12.843741295  131.132788337   149.2928   5   8   2.3113   3.2081  10.5358  -1.0184   4.6448   0.6479   0.00    0.0
2014/08/09 08:11:30.000  -12.843741339  131.132789935   149.7833   5   8   2.3122   3.2077  10.4358  -1.0314   4.6224   0.5205   0.00    0.0
2014/08/09 08:12:00.000  -12.843741545  131.132790833   150.2208   5   8   2.3131   3.2076  10.3389  -1.0440   4.6009   0.3569   0.00    0.0
2014/08/09 08:12:30.000  -12.843741564  131.132791160   150.3725   5   8   2.3141   3.2076  10.2448  -1.0561   4.5802  -0.1048   0.00    0.0
2014/08/09 08:13:00.000  -12.843741598  131.132790736   150.1086   5   8   2.3152   3.2078  10.1535  -1.0679   4.5604  -0.3801   0.00    0.0
2014/08/09 08:13:30.000  -12.843742240  131.132790130   149.8355   5   8   2.3164   3.2081  10.0649  -1.0792   4.5413  -0.5227   0.00    0.0
2014/08/09 08:14:00.000  -12.843743255  131.132791425   149.5815   5   8   2.3176   3.2086   9.9789  -1.0902   4.5230  -0.6305   0.00    0.0
2014/08/09 08:14:30.000  -12.843743984  131.132792271   149.2140   5   8   2.3188   3.2093   9.8953  -1.1008   4.5055  -0.7195   0.00    0.0
2014/08/09 08:15:00.000  -12.843710324  131.132757643   128.4130   5   7   4.0861   4.6511  21.1471  -3.5433   9.1210  -7.9773   0.00    0.0
2014/08/09 08:15:30.000  -12.843710707  131.132758655   129.1690   5   7   4.1007   4.6586  20.9919  -3.5589   9.0980  -7.9756   0.00    0.0
2014/08/09 08:16:00.000  -12.843711409  131.132759030   129.5659   5   7   4.1146   4.6662  20.8391  -3.5739   9.0754  -7.9728   0.00    0.0
2014/08/09 08:16:30.000  -12.843711235  131.132758502   129.0500   5   7   4.1278   4.6738  20.6887  -3.5884   9.0530  -7.9688   0.00    0.0
2014/08/09 08:17:00.000  -12.843710147  131.132758194   128.4017   5   7   4.1404   4.6813  20.5405  -3.6023   9.0308  -7.9636   0.00    0.0
2014/08/09 08:17:30.000  -12.843708841  131.132757573   127.8476   5   7   4.1522   4.6887  20.3943  -3.6155   9.0087  -7.9573   0.00    0.0
2014/08/09 08:18:00.000  -12.843710841  131.132758922   129.1275   5   7   4.1633   4.6961  20.2499  -3.6282   8.9867  -7.9497   0.00    0.0
2014/08/09 08:18:30.000  -12.843712310  131.132760447   130.3646   5   7   4.1737   4.7033  20.1072  -3.6402   8.9647  -7.9409   0.00    0.0
2014/08/09 08:19:00.000  -12.843712524  131.132759270   130.1358   5   7   4.1834   4.7104  19.9660  -3.6515   8.9427  -7.9309   0.00    0.0
2014/08/09 08:19:30.000  -12.843713127  131.132759531   130.4348   5   7   4.1922   4.7173  19.8262  -3.6622   8.9205  -7.9196   0.00    0.0
2014/08/09 08:20:00.000  -12.843712083  131.132759819   130.5883   5   7   4.2003   4.7240  19.6878  -3.6722   8.8982  -7.9070   0.00    0.0
2014/08/09 08:20:30.000  -12.843711580  131.132760207   130.5348   5   7   4.2076   4.7305  19.5504  -3.6814   8.8757  -7.8932   0.00    0.0
2014/08/09 08:21:00.000  -12.843712042  131.132761862   130.7470   5   7   4.2141   4.7367  19.4142  -3.6900   8.8529  -7.8780   0.00    0.0
2014/08/09 08:21:30.000  -12.843712351  131.132762136   130.7687   5   7   4.2197   4.7427  19.2789  -3.6977   8.8298  -7.8615   0.00    0.0
2014/08/09 08:22:00.000  -12.843712019  131.132761349   130.7300   5   7   4.2245   4.7484  19.1444  -3.7048   8.8064  -7.8436   0.00    0.0
2014/08/09 08:22:30.000  -12.843712492  131.132761256   130.7951   5   7   4.2285   4.7539  19.0107  -3.7110   8.7826  -7.8244   0.00    0.0
2014/08/09 08:23:00.000  -12.843712655  131.132761838   130.8729   5   7   4.2316   4.7590  18.8776  -3.7165   8.7584  -7.8039   0.00    0.0
2014/08/09 08:23:30.000  -12.843713688  131.132763373   131.2807   5   7   4.2338   4.7638  18.7451  -3.7212   8.7338  -7.7820   0.00    0.0
2014/08/09 08:24:00.000  -12.843715886  131.132764953   132.0925   5   7   4.2352   4.7683  18.6132  -3.7250   8.7087  -7.7588   0.00    0.0
2014/08/09 08:24:30.000  -12.843717347  131.132765657   132.5603   5   7   4.2357   4.7724  18.4817  -3.7281   8.6831  -7.7342   0.00    0.0
2014/08/09 08:25:00.000  -12.843716511  131.132765509   132.2401   5   7   4.2353   4.7761  18.3506  -3.7303   8.6569  -7.7082   0.00    0.0
2014/08/09 08:25:30.000  -12.843717156  131.132764908   131.9418   5   7   4.2341   4.7795  18.2199  -3.7317   8.6303  -7.6809   0.00    0.0
2014/08/09 08:26:00.000  -12.843718059  131.132764772   131.8603   5   7   4.2319   4.7824  18.0895  -3.7323   8.6031  -7.6522   0.00    0.0
2014/08/09 08:26:30.000  -12.843718384  131.132765438   131.8826   5   7   4.2289   4.7850  17.9594  -3.7320   8.5753  -7.6222   0.00    0.0
2014/08/09 08:27:00.000  -12.843717055  131.132764667   131.5202   5   7   4.2250   4.7871  17.8296  -3.7309   8.5469  -7.5909   0.00    0.0
2014/08/09 08:27:30.000  -12.843717267  131.132765424   131.8488   5   7   4.2203   4.7889  17.6999  -3.7289   8.5179  -7.5582   0.00    0.0
2014/08/09 08:28:00.000  -12.843717118  131.132765744   132.1789   5   7   4.2146   4.7902  17.5705  -3.7261   8.4884  -7.5243   0.00    0.0
2014/08/09 08:28:30.000  -12.843716728  131.132765166   132.3170   5   7   4.2082   4.7911  17.4413  -3.7225   8.4582  -7.4891   0.00    0.0
2014/08/09 08:29:00.000  -12.843717842  131.132766716   132.8947   5   7   4.2008   4.7916  17.3123  -3.7180   8.4275  -7.4526   0.00    0.0
2014/08/09 08:29:30.000  -12.843706955  131.132747152   124.8880   5   8   3.3061   2.5727   8.0386  -1.8334   3.0171  -3.9777   0.00    0.0
2014/08/09 08:30:00.000  -12.843707040  131.132746171   124.5217   5   8   3.3056   2.5746   8.0272  -1.8376   3.0261  -3.9771   0.00    0.0
2014/08/09 08:30:30.000  -12.843707177  131.132747101   124.9939   5   8   3.3047   2.5764   8.0154  -1.8415   3.0347  -3.9757   0.00    0.0
2014/08/09 08:31:00.000  -12.843708655  131.132747884   125.5615   5   8   3.3035   2.5782   8.0031  -1.8450   3.0429  -3.9738   0.00    0.0
2014/08/09 08:31:30.000  -12.843709433  131.132746806   125.4397   5   8   3.3019   2.5799   7.9903  -1.8482   3.0507  -3.9711   0.00    0.0
2014/08/09 08:32:00.000  -12.843707670  131.132744640   124.4736   5   8   3.2999   2.5815   7.9771  -1.8510   3.0581  -3.9678   0.00    0.0
2014/08/09 08:32:30.000  -12.843708165  131.132745067   124.6821   5   8   3.2976   2.5830   7.9634  -1.8536   3.0652  -3.9638   0.00    0.0
2014/08/09 08:33:00.000  -12.843708650  131.132745824   124.8904   5   8   3.2950   2.5845   7.9493  -1.8558   3.0718  -3.9592   0.00    0.0
2014/08/09 08:33:30.000  -12.843708886  131.132746672   124.9161   5   8   3.2919   2.5859   7.9347  -1.8576   3.0780  -3.9539   0.00    0.0
2014/08/09 08:34:00.000  -12.843709585  131.132748645   125.3574   5   8   3.2885   2.5872   7.9197  -1.8591   3.0838  -3.9480   0.00    0.0
2014/08/09 08:34:30.000  -12.843709947  131.132750087   125.6954   5   8   3.2848   2.5884   7.9042  -1.8603   3.0893  -3.9414   0.00    0.0
2014/08/09 08:35:00.000  -12.843711582  131.132750954   126.2151   5   8   3.2807   2.5895   7.8883  -1.8611   3.0943  -3.9342   0.00    0.0
2014/08/09 08:35:30.000  -12.843710494  131.132749133   125.5561   5   8   3.2762   2.5906   7.8719  -1.8616   3.0989  -3.9263   0.00    0.0
2014/08/09 08:36:00.000  -12.843731406  131.132758363   130.8077   5   9   2.1747   2.3627   5.6463  -0.9295   1.9533  -1.4153   0.00    0.0
2014/08/09 08:36:30.000  -12.843731630  131.132758953   131.1661   5   9   2.1715   2.3630   5.6433  -0.9295   1.9633  -1.4165   0.00    0.0
2014/08/09 08:37:00.000  -12.843730820  131.132759475   131.3668   5   9   2.1683   2.3633   5.6405  -0.9295   1.9733  -1.4176   0.00    0.0
2014/08/09 08:37:30.000  -12.843730774  131.132758531   130.9609   5   9   2.1650   2.3636   5.6379  -0.9294   1.9833  -1.4184   0.00    0.0
2014/08/09 08:38:00.000  -12.843731159  131.132757023   130.1891   5   9   2.1617   2.3639   5.6354  -0.9292   1.9932  -1.4191   0.00    0.0
2014/08/09 08:38:30.000  -12.843730604  131.132756862   130.0312   5   9   2.1584   2.3643   5.6332  -0.9290   2.0031  -1.4197   0.00    0.0
2014/08/09 08:39:00.000  -12.843729910  131.132756224   129.9954   5   9   2.1551   2.3647   5.6311  -0.9286   2.0130  -1.4201   0.00    0.0
2014/08/09 08:39:30.000  -12.843729784  131.132756109   130.1526   5   9   2.1517   2.3651   5.6292  -0.9282   2.0228  -1.4203   0.00    0.0
2014/08/09 08:40:00.000  -12.843729889  131.132753249   129.3226   5   9   2.1484   2.3655   5.6275  -0.9278   2.0326  -1.4203   0.00    0.0
2014/08/09 08:40:30.000  -12.843729005  131.132752066   128.8160   5   9   2.1450   2.3659   5.6260  -0.9272   2.0424  -1.4202   0.00    0.0
2014/08/09 08:41:00.000  -12.843728026  131.132753179   128.9509   5   9   2.1416   2.3664   5.6247  -0.9265   2.0521  -1.4200   0.00    0.0
2014/08/09 08:41:30.000  -12.843727895  131.132753231   129.2298   5   9   2.1382   2.3669   5.6236  -0.9258   2.0619  -1.4196   0.00    0.0
2014/08/09 08:42:00.000  -12.843727769  131.132753443   129.3269   5   9   2.1347   2.3674   5.6227  -0.9250   2.0715  -1.4191   0.00    0.0
2014/08/09 08:42:30.000  -12.843727414  131.132753862   129.4270   5   9   2.1312   2.3679   5.6220  -0.9241   2.0812  -1.4184   0.00    0.0
2014/08/09 08:43:00.000  -12.843726734  131.132755517   129.8792   5   9   2.1278   2.3684   5.6214  -0.9232   2.0908  -1.4175   0.00    0.0
2014/08/09 08:43:30.000  -12.843725628  131.132754760   129.6346   5   9   2.1243   2.3689   5.6211  -0.9221   2.1005  -1.4166   0.00    0.0
2014/08/09 08:44:00.000  -12.843725480  131.132754317   129.1867   5   9   2.1208   2.3695   5.6210  -0.9210   2.1101  -1.4155   0.00    0.0
2014/08/09 08:44:30.000  -12.843725250  131.132753913   129.1164   5   9   2.1172   2.3700   5.6210  -0.9198   2.1196  -1.4142   0.00    0.0
2014/08/09 08:45:00.000  -12.843725642  131.132753758   129.0125   5   9   2.1137   2.3706   5.6213  -0.9185   2.1292  -1.4128   0.00    0.0
2014/08/09 08:45:30.000  -12.843724999  131.132752327   128.6614   5   9   2.1101   2.3712   5.6217  -0.9172   2.1387  -1.4113   0.00    0.0
2014/08/09 08:46:00.000  -12.843725069  131.132752324   128.8226   5   9   2.1065   2.3719   5.6223  -0.9157   2.1482  -1.4096   0.00    0.0
2014/08/09 08:46:30.000  -12.843724668  131.132751997   128.7050   5   9   2.1030   2.3725   5.6232  -0.9142   2.1577  -1.4078   0.00    0.0
2014/08/09 08:47:00.000  -12.843724735  131.132753268   128.4285   5   9   2.0994   2.3731   5.6242  -0.9126   2.1672  -1.4059   0.00    0.0
2014/08/09 08:47:30.000  -12.843724865  131.132752775   128.1475   5   9   2.0957   2.3738   5.6254  -0.9109   2.1767  -1.4039   0.00    0.0
2014/08/09 08:48:00.000  -12.843725239  131.132752503   128.2247   5   9   2.0921   2.3745   5.6269  -0.9092   2.1862  -1.4017   0.00    0.0
2014/08/09 08:48:30.000  -12.843725134  131.132751906   128.4540   5   9   2.0885   2.3752   5.6285  -0.9073   2.1956  -1.3994   0.00    0.0
2014/08/09 08:49:00.000  -12.843725108  131.132750637   128.1266   5   9   2.0848   2.3759   5.6303  -0.9054   2.2051  -1.3970   0.00    0.0
2014/08/09 08:49:30.000  -12.843725111  131.132749946   127.7504   5   9   2.0812   2.3767   5.6323  -0.9034   2.2145  -1.3944   0.00    0.0
2014/08/09 08:50:00.000  -12.843724633  131.132751436   127.6056   5   9   2.0775   2.3774   5.6345  -0.9013   2.2239  -1.3917   0.00    0.0
2014/08/09 08:50:30.000  -12.843723677  131.132751576   127.6873   5   9   2.0739   2.3782   5.6370  -0.8991   2.2333  -1.3889   0.00    0.0
2014/08/09 08:51:00.000  -12.843723024  131.132749897   127.5147   5   9   2.0702   2.3790   5.6396  -0.8968   2.2428  -1.3860   0.00    0.0
2014/08/09 08:51:30.000  -12.843723886  131.132748536   127.5116   5   9   2.0665   2.3798   5.6424  -0.8945   2.2522  -1.3830   0.00    0.0
2014/08/09 08:52:00.000  -12.843724149  131.132748012   127.5470   5   9   2.0628   2.3806   5.6454  -0.8921   2.2616  -1.3798   0.00    0.0
2014/08/09 08:52:30.000  -12.843724991  131.132749147   127.9933   5   9   2.0591   2.3815   5.6486  -0.8896   2.2710  -1.3765   0.00    0.0
2014/08/09 08:53:00.000  -12.843726148  131.132749719   128.1209   5   9   2.0554   2.3823   5.6520  -0.8870   2.2803  -1.3731   0.00    0.0
2014/08/09 08:53:30.000  -12.843727350  131.132747912   128.0390   5   9   2.0517   2.3832   5.6556  -0.8843   2.2897  -1.3696   0.00    0.0
2014/08/09 08:54:00.000  -12.843726704  131.132746965   127.7695   5   9   2.0480   2.3841   5.6594  -0.8815   2.2991  -1.3659   0.00    0.0
2014/08/09 08:54:30.000  -12.843725620  131.132746230   127.5618   5   9   2.0443   2.3850   5.6634  -0.8786   2.3085  -1.3622   0.00    0.0
2014/08/09 08:55:00.000  -12.843723616  131.132745002   127.1044   5   9   2.0406   2.3859   5.6675  -0.8757   2.3179  -1.3583   0.00    0.0
2014/08/09 08:55:30.000  -12.843723309  131.132746067   127.1771   5   9   2.0369   2.3868   5.6719  -0.8727   2.3273  -1.3543   0.00    0.0
2014/08/09 08:56:00.000  -12.843724322  131.132746967   127.1617   5   9   2.0332   2.3878   5.6765  -0.8695   2.3366  -1.3502   0.00    0.0
2014/08/09 08:56:30.000  -12.843723311  131.132746556   127.1266   5   9   2.0295   2.3887   5.6812  -0.8663   2.3460  -1.3459   0.00    0.0
2014/08/09 08:57:00.000  -12.843722984  131.132747275   127.2265   5   9   2.0258   2.3897   5.6862  -0.8630   2.3554  -1.3416   0.00    0.0
2014/08/09 08:57:30.000  -12.843724347  131.132747545   127.4110   5   9   2.0221   2.3907   5.6913  -0.8596   2.3648  -1.3371   0.00    0.0
2014/08/09 08:58:00.000  -12.843724825  131.132749122   127.8115   5   9   2.0184   2.3917   5.6966  -0.8561   2.3742  -1.3325   0.00    0.0
2014/08/09 08:58:30.000  -12.843724772  131.132748752   127.7248   5   9   2.0147   2.3928   5.7021  -0.8525   2.3835  -1.3277   0.00    0.0
2014/08/09 08:59:00.000  -12.843723550  131.132747486   127.3036   5   9   2.0111   2.3938   5.7078  -0.8489   2.3929  -1.3229   0.00    0.0
2014/08/09 08:59:30.000  -12.843723592  131.132747578   127.2676   5   9   2.0074   2.3949   5.7137  -0.8451   2.4023  -1.3179   0.00    0.0
2014/08/09 09:00:00.000  -12.843727337  131.132747127   127.0196   5   9   2.0037   2.3960   5.7198  -0.8412   2.4117  -1.3128   0.00    0.0
2014/08/09 09:00:30.000  -12.843728750  131.132746376   127.1025   5   9   2.0001   2.3970   5.7260  -0.8373   2.4210  -1.3076   0.00    0.0
2014/08/09 09:01:00.000  -12.843728801  131.132745551   127.1685   5   9   1.9964   2.3981   5.7324  -0.8332   2.4304  -1.3022   0.00    0.0
2014/08/09 09:01:30.000  -12.843729843  131.132744928   127.1217   5   9   1.9928   2.3993   5.7390  -0.8291   2.4398  -1.2968   0.00    0.0
2014/08/09 09:02:00.000  -12.843730111  131.132746150   127.2404   5   9   1.9891   2.4004   5.7458  -0.8248   2.4492  -1.2911   0.00    0.0
2014/08/09 09:02:30.000  -12.843729321  131.132745847   127.1181   5   9   1.9855   2.4015   5.7527  -0.8204   2.4585  -1.2854   0.00    0.0
2014/08/09 09:03:00.000  -12.843728261  131.132744636   126.9661   5   9   1.9819   2.4027   5.7598  -0.8160   2.4679  -1.2795   0.00    0.0
2014/08/09 09:03:30.000  -12.843728233  131.132744984   126.9058   5   9   1.9783   2.4039   5.7671  -0.8114   2.4773  -1.2735   0.00    0.0
2014/08/09 09:04:00.000  -12.843728777  131.132743668   126.5646   5   9   1.9747   2.4051   5.7746  -0.8067   2.4866  -1.2674   0.00    0.0
2014/08/09 09:04:30.000  -12.843729523  131.132743261   126.6037   5   9   1.9712   2.4063   5.7822  -0.8019   2.4960  -1.2611   0.00    0.0
2014/08/09 09:05:00.000  -12.843729653  131.132744679   127.0026   5   9   1.9676   2.4075   5.7900  -0.7971   2.5053  -1.2547   0.00    0.0
2014/08/09 09:05:30.000  -12.843729530  131.132745664   126.9420   5   9   1.9641   2.4087   5.7979  -0.7920   2.5147  -1.2481   0.00    0.0
2014/08/09 09:06:00.000  -12.843729148  131.132746368   127.2201   5   9   1.9605   2.4099   5.8060  -0.7869   2.5240  -1.2414   0.00    0.0
2014/08/09 09:06:30.000  -12.843728238  131.132746300   127.4114   5   9   1.9570   2.4111   5.8142  -0.7817   2.5333  -1.2345   0.00    0.0
2014/08/09 09:07:00.000  -12.843727623  131.132745941   127.6131   5   9   1.9536   2.4124   5.8226  -0.7763   2.5426  -1.2275   0.00    0.0
2014/08/09 09:07:30.000  -12.843728222  131.132744327   127.3125   5   9   1.9501   2.4137   5.8311  -0.7708   2.5519  -1.2203   0.00    0.0
2014/08/09 09:08:00.000  -12.843728351  131.132742950   127.1575   5   9   1.9466   2.4149   5.8398  -0.7652   2.5612  -1.2129   0.00    0.0
2014/08/09 09:08:30.000  -12.843729121  131.132743297   127.1931   5   9   1.9432   2.4162   5.8486  -0.7595   2.5705  -1.2054   0.00    0.0
2014/08/09 09:09:00.000  -12.843729601  131.132743287   127.2234   5   9   1.9398   2.4175   5.8575  -0.7537   2.5797  -1.1978   0.00    0.0
2014/08/09 09:09:30.000  -12.843730428  131.132741875   127.1305   5   9   1.9364   2.4188   5.8666  -0.7477   2.5889  -1.1899   0.00    0.0
2014/08/09 09:10:00.000  -12.843730639  131.132742610   127.6049   5   9   1.9330   2.4201   5.8758  -0.7415   2.5982  -1.1819   0.00    0.0
2014/08/09 09:10:30.000  -12.843731442  131.132742491   127.7087   5   9   1.9297   2.4214   5.8851  -0.7353   2.6074  -1.1737   0.00    0.0
2014/08/09 09:11:00.000  -12.843731691  131.132742204   127.3153   5   9   1.9263   2.4227   5.8945  -0.7289   2.6165  -1.1654   0.00    0.0
2014/08/09 09:11:30.000  -12.843730703  131.132742857   127.3568   5   9   1.9230   2.4240   5.9040  -0.7223   2.6257  -1.1568   0.00    0.0
2014/08/09 09:12:00.000  -12.843730568  131.132743620   127.7360   5   9   1.9198   2.4253   5.9137  -0.7156   2.6348  -1.1480   0.00    0.0
2014/08/09 09:12:30.000  -12.843730145  131.132742966   127.8201   5   9   1.9165   2.4266   5.9234  -0.7087   2.6438  -1.1391   0.00    0.0
2014/08/09 09:13:00.000  -12.843730607  131.132742568   128.0839   5   9   1.9133   2.4280   5.9333  -0.7017   2.6529  -1.1299   0.00    0.0
2014/08/09 09:13:30.000  -12.843731096  131.132742715   128.2158   5   9   1.9101   2.4293   5.9432  -0.6945   2.6619  -1.1206   0.00    0.0
2014/08/09 09:14:00.000  -12.843730940  131.132742488   128.1477   5   9   1.9069   2.4306   5.9532  -0.6872   2.6709  -1.1110   0.00    0.0
2014/08/09 09:14:30.000  -12.843730291  131.132741812   127.9138   5   9   1.9038   2.4319   5.9633  -0.6797   2.6798  -1.1012   0.00    0.0
2014/08/09 09:15:00.000  -12.843730317  131.132741689   128.0058   5   9   1.9007   2.4332   5.9735  -0.6720   2.6887  -1.0912   0.00    0.0
2014/08/09 09:15:30.000  -12.843729622  131.132741691   128.2089   5   9   1.8976   2.4345   5.9837  -0.6641   2.6975  -1.0809   0.00    0.0
2014/08/09 09:16:00.000  -12.843728865  131.132740972   128.2566   5   9   1.8945   2.4358   5.9940  -0.6560   2.7063  -1.0704   0.00    0.0
2014/08/09 09:16:30.000  -12.843729125  131.132741664   128.4176   5   9   1.8915   2.4371   6.0043  -0.6477   2.7150  -1.0596   0.00    0.0
2014/08/09 09:17:00.000  -12.843729803  131.132741622   128.2994   5   9   1.8885   2.4384   6.0147  -0.6392   2.7237  -1.0486   0.00    0.0
2014/08/09 09:17:30.000  -12.843730040  131.132741279   128.3740   5   9   1.8855   2.4397   6.0252  -0.6305   2.7323  -1.0373   0.00    0.0
2014/08/09 09:18:00.000  -12.843718609  131.132747951   124.5019   5   8   2.0610   2.4846   6.5901   0.0458   2.5074  -1.8087   0.00    0.0
2014/08/09 09:18:30.000  -12.843718356  131.132746997   124.6150   5   8   2.0580   2.4838   6.6094   0.0619   2.5203  -1.8070   0.00    0.0
2014/08/09 09:19:00.000  -12.843718085  131.132746415   124.4604   5   8   2.0550   2.4830   6.6289   0.0755   2.5331  -1.8052   0.00    0.0
2014/08/09 09:19:30.000  -12.843718356  131.132745499   124.2577   5   8   2.0521   2.4823   6.6485   0.0876   2.5459  -1.8033   0.00    0.0
2014/08/09 09:20:00.000  -12.843718483  131.132745002   124.2863   5   8   2.0492   2.4817   6.6683   0.0990   2.5587  -1.8014   0.00    0.0
2014/08/09 09:20:30.000  -12.843718946  131.132746262   124.3100   5   8   2.0462   2.4810   6.6883   0.1097   2.5715  -1.7994   0.00    0.0
2014/08/09 09:21:00.000  -12.843719013  131.132746743   124.5660   5   8   2.0433   2.4804   6.7084   0.1200   2.5842  -1.7974   0.00    0.0
2014/08/09 09:21:30.000  -12.843718990  131.132745471   124.2375   5   8   2.0405   2.4798   6.7286   0.1300   2.5968  -1.7952   0.00    0.0
2014/08/09 09:22:00.000  -12.843719042  131.132745994   124.5471   5   8   2.0376   2.4793   6.7490   0.1398   2.6094  -1.7930   0.00    0.0
2014/08/09 09:22:30.000  -12.843719737  131.132746795   124.8328   5   8   2.0348   2.4788   6.7695   0.1494   2.6220  -1.7907   0.00    0.0
2014/08/09 09:23:00.000  -12.843719083  131.132745441   124.9471   5   8   2.0320   2.4783   6.7901   0.1589   2.6345  -1.7883   0.00    0.0
2014/08/09 09:23:30.000  -12.843719111  131.132746014   125.1253   5   8   2.0292   2.4778   6.8108   0.1682   2.6469  -1.7858   0.00    0.0
2014/08/09 09:24:00.000  -12.843719769  131.132746540   125.0028   5   8   2.0264   2.4774   6.8316   0.1774   2.6593  -1.7833   0.00    0.0
2014/08/09 09:24:30.000  -12.843719736  131.132747832   124.9654   5   8   2.0236   2.4770   6.8525   0.1866   2.6716  -1.7806   0.00    0.0
2014/08/09 09:25:00.000  -12.843719175  131.132747122   124.9155   5   8   2.0209   2.4766   6.8734   0.1958   2.6839  -1.7778   0.00    0.0
2014/08/09 09:25:30.000  -12.843718031  131.132746245   124.7549   5   8   2.0182   2.4762   6.8944   0.2048   2.6960  -1.7749   0.00    0.0
2014/08/09 09:26:00.000  -12.843717404  131.132745777   124.5720   5   8   2.0155   2.4758   6.9154   0.2139   2.7081  -1.7719   0.00    0.0
2014/08/09 09:26:30.000  -12.843717331  131.132746308   124.7638   5   8   2.0128   2.4755   6.9365   0.2229   2.7201  -1.7687   0.00    0.0
2014/08/09 09:27:00.000  -12.843717621  131.132747207   124.7454   5   8   2.0102   2.4752   6.9575   0.2320   2.7320  -1.7655   0.00    0.0
2014/08/09 09:27:30.000  -12.843716977  131.132746930   124.4201   5   8   2.0075   2.4749   6.9785   0.2410   2.7438  -1.7621   0.00    0.0
2014/08/09 09:28:00.000  -12.843717343  131.132746077   124.2175   5   8   2.0049   2.4746   6.9996   0.2500   2.7555  -1.7586   0.00    0.0
2014/08/09 09:28:30.000  -12.843716810  131.132744481   124.2945   5   8   2.0023   2.4743   7.0206   0.2590   2.7671  -1.7549   0.00    0.0
2014/08/09 09:29:00.000  -12.843717055  131.132744158   124.4042   5   8   1.9998   2.4740   7.0415   0.2681   2.7785  -1.7511   0.00    0.0
2014/08/09 09:29:30.000  -12.843718051  131.132743652   124.0968   5   8   1.9972   2.4737   7.0624   0.2771   2.7899  -1.7471   0.00    0.0
2014/08/09 09:30:00.000  -12.843718232  131.132744760   124.0501   5   8   1.9947   2.4734   7.0832   0.2862   2.8011  -1.7430   0.00    0.0
2014/08/09 09:30:30.000  -12.843718439  131.132745095   124.1469   5   8   1.9922   2.4732   7.1038   0.2953   2.8122  -1.7387   0.00    0.0
2014/08/09 09:31:00.000  -12.843717945  131.132745770   124.2818   5   8   1.9898   2.4729   7.1244   0.3044   2.8231  -1.7342   0.00    0.0
2014/08/09 09:31:30.000  -12.843717478  131.132744785   124.0592   5   8   1.9873   2.4726   7.1448   0.3135   2.8339  -1.7295   0.00    0.0
2014/08/09 09:32:00.000  -12.843716899  131.132743923   124.1385   5   8   1.9849   2.4723   7.1651   0.3226   2.8445  -1.7247   0.00    0.0
2014/08/09 09:32:30.000  -12.843717045  131.132743902   124.5201   5   8   1.9825   2.4721   7.1852   0.3318   2.8549  -1.7197   0.00    0.0
2014/08/09 09:33:00.000  -12.843717015  131.132744528   124.6636   5   8   1.9802   2.4718   7.2051   0.3410   2.8652  -1.7144   0.00    0.0
2014/08/09 09:33:30.000  -12.843717382  131.132745345   124.6058   5   8   1.9778   2.4715   7.2248   0.3503   2.8753  -1.7090   0.00    0.0
2014/08/09 09:34:00.000  -12.843717796  131.132745669   124.8249   5   8   1.9755   2.4712   7.2442   0.3595   2.8852  -1.7033   0.00    0.0
2014/08/09 09:34:30.000  -12.843718174  131.132745675   124.8919   5   8   1.9732   2.4708   7.2634   0.3688   2.8949  -1.6975   0.00    0.0
2014/08/09 09:35:00.000  -12.843718528  131.132745703   124.7796   5   8   1.9709   2.4705   7.2823   0.3781   2.9044  -1.6914   0.00    0.0
2014/08/09 09:35:30.000  -12.843717770  131.132746523   125.0570   5   8   1.9687   2.4701   7.3009   0.3875   2.9137  -1.6850   0.00    0.0
2014/08/09 09:36:00.000  -12.843716568  131.132747257   125.3322   5   8   1.9665   2.4698   7.3192   0.3969   2.9228  -1.6784   0.00    0.0
2014/08/09 09:36:30.000  -12.843716134  131.132746016   125.1146   5   8   1.9643   2.4693   7.3372   0.4063   2.9316  -1.6716   0.00    0.0
2014/08/09 09:37:00.000  -12.843716737  131.132745270   124.7403   5   8   1.9621   2.4689   7.3548   0.4158   2.9402  -1.6645   0.00    0.0
2014/08/09 09:37:30.000  -12.843717442  131.132744923   124.8349   5   8   1.9600   2.4685   7.3720   0.4253   2.9486  -1.6572   0.00    0.0
2014/08/09 09:38:00.000  -12.843717520  131.132744370   124.8495   5   8   1.9579   2.4680   7.3888   0.4348   2.9567  -1.6495   0.00    0.0
2014/08/09 09:38:30.000  -12.843716903  131.132745267   124.8526   5   8   1.9558   2.4674   7.4052   0.4443   2.9645  -1.6416   0.00    0.0
2014/08/09 09:39:00.000  -12.843717171  131.132744101   124.9082   5   8   1.9538   2.4669   7.4212   0.4539   2.9721  -1.6334   0.00    0.0
2014/08/09 09:39:30.000  -12.843717241  131.132743862   124.7659   5   8   1.9517   2.4663   7.4366   0.4635   2.9794  -1.6249   0.00    0.0
2014/08/09 09:40:00.000  -12.843718440  131.132743620   124.4865   5   8   1.9498   2.4656   7.4516   0.4732   2.9863  -1.6161   0.00    0.0
2014/08/09 09:40:30.000  -12.843718432  131.132743570   124.4352   5   8   1.9478   2.4650   7.4661   0.4828   2.9930  -1.6070   0.00    0.0
2014/08/09 09:41:00.000  -12.843718193  131.132743798   124.4303   5   8   1.9459   2.4642   7.4800   0.4925   2.9994  -1.5976   0.00    0.0
2014/08/09 09:41:30.000  -12.843719318  131.132742975   124.5594   5   8   1.9440   2.4635   7.4934   0.5023   3.0055  -1.5879   0.00    0.0
2014/08/09 09:42:00.000  -12.843719448  131.132741954   124.8533   5   8   1.9421   2.4627   7.5062   0.5120   3.0113  -1.5778   0.00    0.0
2014/08/09 09:42:30.000  -12.843718343  131.132742771   125.3733   5   8   1.9403   2.4618   7.5184   0.5218   3.0167  -1.5674   0.00    0.0
2014/08/09 09:43:00.000  -12.843717821  131.132743770   125.3982   5   8   1.9385   2.4609   7.5299   0.5315   3.0218  -1.5566   0.00    0.0
2014/08/09 09:43:30.000  -12.843717403  131.132744763   125.3854   5   8   1.9367   2.4599   7.5409   0.5413   3.0266  -1.5454   0.00    0.0
2014/08/09 09:44:00.000  -12.843717641  131.132744671   125.3200   5   8   1.9350   2.4589   7.5512   0.5511   3.0310  -1.5339   0.00    0.0
2014/08/09 09:44:30.000  -12.843717006  131.132746736   126.2328   5   9   1.9026   2.1307   6.3856  -0.3246   2.0621  -1.9248   0.00    0.0
2014/08/09 09:45:00.000  -12.843716847  131.132746711   126.4904   5   9   1.9000   2.1293   6.4010  -0.3180   2.0696  -1.9203   0.00    0.0
2014/08/09 09:45:30.000  -12.843716660  131.132748012   126.5914   5   9   1.8973   2.1279   6.4162  -0.3110   2.0770  -1.9155   0.00    0.0
2014/08/09 09:46:00.000  -12.843717236  131.132749213   126.4689   5   9   1.8946   2.1265   6.4310  -0.3035   2.0843  -1.9104   0.00    0.0
2014/08/09 09:46:30.000  -12.843717243  131.132749619   126.7133   5   9   1.8919   2.1251   6.4455  -0.2956   2.0914  -1.9051   0.00    0.0
2014/08/09 09:47:00.000  -12.843716843  131.132748932   126.6176   5   9   1.8892   2.1237   6.4597  -0.2871   2.0983  -1.8995   0.00    0.0
2014/08/09 09:47:30.000  -12.843716503  131.132747904   126.8105   5   9   1.8866   2.1223   6.4734  -0.2781   2.1050  -1.8936   0.00    0.0
2014/08/09 09:48:00.000  -12.843716512  131.132747862   126.9871   5   9   1.8839   2.1209   6.4868  -0.2685   2.1116  -1.8873   0.00    0.0
2014/08/09 09:48:30.000  -12.843716163  131.132747455   126.7523   5   9   1.8813   2.1195   6.4998  -0.2582   2.1179  -1.8808   0.00    0.0
2014/08/09 09:49:00.000  -12.843716692  131.132747733   126.8207   5   9   1.8786   2.1182   6.5124  -0.2471   2.1241  -1.8740   0.00    0.0
2014/08/09 09:49:30.000  -12.843717997  131.132748061   126.8082   5   9   1.8760   2.1168   6.5245  -0.2352   2.1301  -1.8668   0.00    0.0
2014/08/09 09:50:00.000  -12.843718312  131.132747207   126.6579   5   9   1.8734   2.1154   6.5362  -0.2222   2.1360  -1.8593   0.00    0.0
2014/08/09 09:50:30.000  -12.843717604  131.132746416   126.5767   5   9   1.8707   2.1141   6.5474  -0.2080   2.1416  -1.8514   0.00    0.0
2014/08/09 09:51:00.000  -12.843718034  131.132745606   126.4654   5   9   1.8681   2.1127   6.5582  -0.1922   2.1470  -1.8432   0.00    0.0
2014/08/09 09:51:30.000  -12.843718734  131.132745274   126.2758   5   9   1.8655   2.1114   6.5685  -0.1746   2.1522  -1.8347   0.00    0.0
2014/08/09 09:52:00.000  -12.843718973  131.132745874   126.1986   5   9   1.8630   2.1100   6.5782  -0.1544   2.1572  -1.8258   0.00    0.0
2014/08/09 09:52:30.000  -12.843719114  131.132746005   126.4951   5   9   1.8604   2.1087   6.5875  -0.1304   2.1620  -1.8166   0.00    0.0
2014/08/09 09:53:00.000  -12.843718820  131.132745988   126.4136   5   9   1.8579   2.1073   6.5962  -0.1001   2.1666  -1.8069   0.00    0.0
2014/08/09 09:53:30.000  -12.843718359  131.132746950   126.6318   5   9   1.8553   2.1059   6.6044  -0.0534   2.1710  -1.7969   0.00    0.0
2014/08/09 09:54:00.000  -12.843717517  131.132747737   126.8646   5   9   1.8528   2.1046   6.6120   0.0670   2.1751  -1.7865   0.00    0.0
2014/08/09 09:54:30.000  -12.843717898  131.132748344   126.9651   5   9   1.8503   2.1032   6.6190   0.1095   2.1791  -1.7757   0.00    0.0
2014/08/09 09:55:00.000  -12.843718763  131.132748209   127.2472   5   9   1.8478   2.1019   6.6255   0.1403   2.1828  -1.7646   0.00    0.0
2014/08/09 09:55:30.000  -12.843719080  131.132748512   127.2522   5   9   1.8454   2.1005   6.6314   0.1660   2.1863  -1.7530   0.00    0.0
2014/08/09 09:56:00.000  -12.843719608  131.132747619   126.9760   5   9   1.8429   2.0991   6.6367   0.1886   2.1895  -1.7410   0.00    0.0
2014/08/09 09:56:30.000  -12.843720867  131.132746101   127.1098   5   9   1.8405   2.0978   6.6414   0.2092   2.1926  -1.7286   0.00    0.0
2014/08/09 09:57:00.000  -12.843721631  131.132745093   127.2078   5   9   1.8381   2.0964   6.6455   0.2283   2.1954  -1.7158   0.00    0.0
2014/08/09 09:57:30.000  -12.843721687  131.132746039   127.6736   5   9   1.8358   2.0950   6.6490   0.2463   2.1980  -1.7026   0.00    0.0
2014/08/09 09:58:00.000  -12.843721175  131.132746801   127.6868   5   9   1.8335   2.0936   6.6518   0.2633   2.2004  -1.6889   0.00    0.0
2014/08/09 09:58:30.000  -12.843721149  131.132747366   127.6219   5   9   1.8311   2.0923   6.6540   0.2796   2.2025  -1.6748   0.00    0.0
2014/08/09 09:59:00.000  -12.843720696  131.132747231   127.4033   5   9   1.8289   2.0909   6.6556   0.2953   2.2044  -1.6602   0.00    0.0
2014/08/09 09:59:30.000  -12.843720538  131.132747092   127.3109   5   9   1.8266   2.0895   6.6566   0.3104   2.2061  -1.6453   0.00    0.0
2014/08/09 10:00:00.000  -12.843720064  131.132745168   127.8266   5   9   1.8244   2.0881   6.6569   0.3250   2.2075  -1.6298   0.00    0.0
2014/08/09 10:00:30.000  -12.843720183  131.132744823   127.8990   5   9   1.8223   2.0867   6.6566   0.3392   2.2087  -1.6139   0.00    0.0
2014/08/09 10:01:00.000  -12.843720649  131.132744732   128.0392   5   9   1.8202   2.0853   6.6556   0.3531   2.2097  -1.5975   0.00    0.0
2014/08/09 10:01:30.000  -12.843721747  131.132745141   128.0939   5   9   1.8181   2.0839   6.6539   0.3666   2.2105  -1.5807   0.00    0.0
2014/08/09 10:02:00.000  -12.843722142  131.132745051   127.9774   5   9   1.8160   2.0825   6.6517   0.3799   2.2111  -1.5634   0.00    0.0
2014/08/09 10:02:30.000  -12.843722374  131.132745013   128.1716   5   9   1.8140   2.0811   6.6488   0.3928   2.2114  -1.5456   0.00    0.0
2014/08/09 10:03:00.000  -12.843723144  131.132745679   128.4303   5   9   1.8121   2.0797   6.6452   0.4056   2.2115  -1.5273   0.00    0.0
2014/08/09 10:03:30.000  -12.843722669  131.132745724   128.5925   5   9   1.8102   2.0782   6.6410   0.4180   2.2114  -1.5085   0.00    0.0
2014/08/09 10:04:00.000  -12.843722495  131.132745725   128.9101   5   9   1.8083   2.0768   6.6362   0.4303   2.2111  -1.4891   0.00    0.0
2014/08/09 10:04:30.000  -12.843721607  131.132744963   129.1421   5   9   1.8065   2.0754   6.6307   0.4424   2.2106  -1.4693   0.00    0.0
2014/08/09 10:05:00.000  -12.843720935  131.132744734   128.9856   5   9   1.8048   2.0740   6.6246   0.4542   2.2098  -1.4490   0.00    0.0
2014/08/09 10:05:30.000  -12.843721230  131.132744338   128.8693   5   9   1.8031   2.0726   6.6179   0.4659   2.2089  -1.4281   0.00    0.0
2014/08/09 10:06:00.000  -12.843721450  131.132746249   129.0178   5   9   1.8014   2.0712   6.6106   0.4774   2.2077  -1.4066   0.00    0.0
2014/08/09 10:06:30.000  -12.843722255  131.132746198   129.1011   5   9   1.7998   2.0697   6.6027   0.4888   2.2064  -1.3846   0.00    0.0
2014/08/09 10:07:00.000  -12.843723018  131.132746248   129.3961   5   9   1.7983   2.0683   6.5941   0.5000   2.2049  -1.3620   0.00    0.0
2014/08/09 10:07:30.000  -12.843724402  131.132744891   129.4651   5   9   1.7969   2.0669   6.5850   0.5110   2.2032  -1.3388   0.00    0.0
2014/08/09 10:08:00.000  -12.843724504  131.132743470   129.6459   5   9   1.7955   2.0655   6.5753   0.5219   2.2013  -1.3151   0.00    0.0
2014/08/09 10:08:30.000  -12.843723975  131.132742894   129.5775   5   9   1.7941   2.0641   6.5651   0.5326   2.1992  -1.2906   0.00    0.0
2014/08/09 10:09:00.000  -12.843723787  131.132744468   129.4874   5   9   1.7929   2.0627   6.5543   0.5433   2.1970  -1.2656   0.00    0.0
2014/08/09 10:09:30.000  -12.843722912  131.132745140   129.4210   5   9   1.7917   2.0613   6.5429   0.5538   2.1946  -1.2398   0.00    0.0
2014/08/09 10:10:00.000  -12.843721858  131.132745513   129.6903   5   9   1.7906   2.0599   6.5310   0.5641   2.1920  -1.2134   0.00    0.0
2014/08/09 10:10:30.000  -12.843721880  131.132745856   129.6516   5   9   1.7895   2.0585   6.5186   0.5744   2.1893  -1.1862   0.00    0.0
2014/08/09 10:11:00.000  -12.843722657  131.132745818   129.7960   5   9   1.7885   2.0571   6.5057   0.5845   2.1864  -1.1582   0.00    0.0
2014/08/09 10:11:30.000  -12.843723952  131.132745394   129.9378   5   9   1.7876   2.0557   6.4923   0.5945   2.1834  -1.1295   0.00    0.0
2014/08/09 10:12:00.000  -12.843725105  131.132745516   130.5671   5   9   1.7868   2.0544   6.4784   0.6043   2.1802  -1.0998   0.00    0.0
2014/08/09 10:12:30.000  -12.843726130  131.132746036   131.3458   5   9   1.7861   2.0530   6.4641   0.6141   2.1769  -1.0693   0.00    0.0
2014/08/09 10:13:00.000  -12.843726634  131.132745832   131.6726   5   9   1.7854   2.0517   6.4493   0.6238   2.1735  -1.0378   0.00    0.0
2014/08/09 10:13:30.000  -12.843725879  131.132745764   131.4765   5   9   1.7848   2.0503   6.4341   0.6333   2.1700  -1.0052   0.00    0.0
2014/08/09 10:14:00.000  -12.843725043  131.132745778   131.3270   5   9   1.7843   2.0490   6.4184   0.6428   2.1664  -0.9715   0.00    0.0
2014/08/09 10:14:30.000  -12.843725493  131.132746030   130.9029   5   9   1.7839   2.0477   6.4024   0.6521   2.1626  -0.9365   0.00    0.0
2014/08/09 10:15:00.000  -12.843726082  131.132745520   130.9020   5   9   1.7835   2.0464   6.3859   0.6614   2.1587  -0.9001   0.00    0.0
2014/08/09 10:15:30.000  -12.843726058  131.132745653   131.0582   5   9   1.7833   2.0452   6.3691   0.6705   2.1548  -0.8622   0.00    0.0
2014/08/09 10:16:00.000  -12.843726475  131.132745307   131.1206   5   9   1.7831   2.0439   6.3520   0.6796   2.1508  -0.8226   0.00    0.0
2014/08/09 10:16:30.000  -12.843726487  131.132745157   131.0964   5   9   1.7830   2.0426   6.3345   0.6885   2.1466  -0.7810   0.00    0.0
2014/08/09 10:17:00.000  -12.843727072  131.132745796   131.0756   5   9   1.7830   2.0414   6.3166   0.6974   2.1424  -0.7371   0.00    0.0
2014/08/09 10:17:30.000  -12.843727638  131.132745610   131.0843   5   9   1.7831   2.0402   6.2985   0.7062   2.1382  -0.6905   0.00    0.0
2014/08/09 10:18:00.000  -12.843728411  131.132745679   131.2780   5   9   1.7832   2.0390   6.2801   0.7148   2.1339  -0.6406   0.00    0.0
2014/08/09 10:18:30.000  -12.843729152  131.132745951   131.4727   5   9   1.7835   2.0379   6.2614   0.7234   2.1295  -0.5866   0.00    0.0
2014/08/09 10:19:00.000  -12.843729489  131.132745303   131.7329   5   9   1.7838   2.0367   6.2424   0.7319   2.1250  -0.5272   0.00    0.0
2014/08/09 10:19:30.000  -12.843729385  131.132745430   131.8713   5   9   1.7843   2.0356   6.2233   0.7404   2.1206  -0.4605   0.00    0.0
2014/08/09 10:20:00.000  -12.843729209  131.132745217   132.0690   5   9   1.7848   2.0345   6.2038   0.7487   2.1160  -0.3826   0.00    0.0
2014/08/09 10:20:30.000  -12.843729668  131.132745144   132.3649   5   9   1.7854   2.0334   6.1842   0.7570   2.1115  -0.2845   0.00    0.0
2014/08/09 10:21:00.000  -12.843729876  131.132744917   132.7651   5   9   1.7861   2.0323   6.1644   0.7652   2.1069  -0.1255   0.00    0.0
2014/08/09 10:21:30.000  -12.843730638  131.132744559   132.9353   5   9   1.7869   2.0313   6.1444   0.7733   2.1023   0.2218   0.00    0.0
2014/08/09 10:22:00.000  -12.843731491  131.132743696   132.9858   5   9   1.7878   2.0303   6.1243   0.7813   2.0977   0.3374   0.00    0.0
2014/08/09 10:22:30.000  -12.843731097  131.132744045   132.7580   5   9   1.7888   2.0293   6.1040   0.7893   2.0931   0.4221   0.00    0.0
2014/08/09 10:23:00.000  -12.843730174  131.132744580   132.9225   5   9   1.7898   2.0284   6.0835   0.7971   2.0885   0.4922   0.00    0.0
2014/08/09 10:23:30.000  -12.843730364  131.132744581   132.8536   5   9   1.7910   2.0274   6.0630   0.8050   2.0838   0.5531   0.00    0.0
2014/08/09 10:24:00.000  -12.843730248  131.132745205   132.9653   5   9   1.7922   2.0265   6.0423   0.8127   2.0792   0.6077   0.00    0.0
2014/08/09 10:24:30.000  -12.843730820  131.132745040   132.9748   5   9   1.7936   2.0257   6.0216   0.8204   2.0746   0.6575   0.00    0.0
2014/08/09 10:25:00.000  -12.843731755  131.132745546   132.9134   5   9   1.7950   2.0248   6.0008   0.8280   2.0700   0.7036   0.00    0.0
2014/08/09 10:25:30.000  -12.843731785  131.132745296   133.0071   5   9   1.7965   2.0240   5.9799   0.8356   2.0654   0.7466   0.00    0.0
2014/08/09 10:26:00.000  -12.843731548  131.132745582   133.1569   5   9   1.7981   2.0232   5.9590   0.8431   2.0609   0.7870   0.00    0.0
2014/08/09 10:26:30.000  -12.843731939  131.132745309   133.3855   5   9   1.7998   2.0225   5.9381   0.8505   2.0564   0.8252   0.00    0.0
2014/08/09 10:27:00.000  -12.843732697  131.132744380   133.5468   5   9   1.8016   2.0207   5.9142   0.8585   2.0549   0.8597   0.00    0.0
2014/08/09 10:27:30.000  -12.843733477  131.132743273   133.6403   5   9   1.8035   2.0201   5.8935   0.8658   2.0502   0.8946   0.00    0.0
2014/08/09 10:28:00.000  -12.843733442  131.132743077   133.7663   5   9   1.8054   2.0196   5.8729   0.8730   2.0454   0.9279   0.00    0.0
2014/08/09 10:28:30.000  -12.843733043  131.132742535   133.9987   5   9   1.8075   2.0191   5.8523   0.8801   2.0407   0.9599   0.00    0.0
2014/08/09 10:29:00.000  -12.843733585  131.132742673   134.2975   5   9   1.8097   2.0186   5.8317   0.8872   2.0361   0.9907   0.00    0.0
2014/08/09 10:29:30.000  -12.843734771  131.132742638   134.5474   5   9   1.8115   2.0176   5.8095   0.8953   2.0331   1.0176   0.00    0.0
2014/08/09 10:30:00.000  -12.843716755  131.132752382   129.6577   5   8   2.1056   2.0931   6.3908   1.1879   1.6134  -1.3416   0.00    0.0
2014/08/09 10:30:30.000  -12.843715961  131.132752658   129.3745   5   8   2.1058   2.0921   6.3676   1.1909   1.6119  -1.3105   0.00    0.0
2014/08/09 10:31:00.000  -12.843714757  131.132752612   129.3001   5   8   2.1060   2.0912   6.3443   1.1940   1.6104  -1.2787   0.00    0.0
2014/08/09 10:31:30.000  -12.843714194  131.132752238   129.0536   5   8   2.1062   2.0903   6.3209   1.1971   1.6090  -1.2461   0.00    0.0
2014/08/09 10:32:00.000  -12.843715016  131.132751750   128.8194   5   8   2.1066   2.0894   6.2975   1.2002   1.6078  -1.2127   0.00    0.0
2014/08/09 10:32:30.000  -12.843716635  131.132752634   129.0237   5   8   2.1070   2.0886   6.2740   1.2033   1.6066  -1.1784   0.00    0.0
2014/08/09 10:33:00.000  -12.843717147  131.132751713   129.2578   5   8   2.1075   2.0878   6.2505   1.2064   1.6056  -1.1431   0.00    0.0
2014/08/09 10:33:30.000  -12.843717115  131.132751702   129.5508   5   8   2.1080   2.0871   6.2271   1.2095   1.6047  -1.1068   0.00    0.0
2014/08/09 10:34:00.000  -12.843716873  131.132750675   129.9287   5   8   2.1086   2.0864   6.2036   1.2127   1.6039  -1.0694   0.00    0.0
2014/08/09 10:34:30.000  -12.843715807  131.132750611   129.6294   5   8   2.1093   2.0857   6.1802   1.2158   1.6033  -1.0306   0.00    0.0
2014/08/09 10:35:00.000  -12.843714926  131.132751204   129.3122   5   8   2.1101   2.0851   6.1568   1.2190   1.6028  -0.9905   0.00    0.0
2014/08/09 10:35:30.000  -12.843715769  131.132751334   129.6897   5   8   2.1109   2.0846   6.1334   1.2222   1.6024  -0.9489   0.00    0.0
2014/08/09 10:36:00.000  -12.843716570  131.132752015   129.6093   5   8   2.1119   2.0840   6.1102   1.2254   1.6021  -0.9054   0.00    0.0
2014/08/09 10:36:30.000  -12.843717374  131.132751610   129.4380   5   8   2.1129   2.0836   6.0870   1.2286   1.6020  -0.8599   0.00    0.0
2014/08/09 10:37:00.000  -12.843717441  131.132751898   129.2534   5   8   2.1139   2.0831   6.0639   1.2318   1.6020  -0.8121   0.00    0.0
2014/08/09 10:37:30.000  -12.843716646  131.132751880   129.2998   5   8   2.1151   2.0828   6.0409   1.2350   1.6021  -0.7614   0.00    0.0
2014/08/09 10:38:00.000  -12.843717144  131.132751838   129.3775   5   8   2.1163   2.0824   6.0180   1.2383   1.6023  -0.7073   0.00    0.0
2014/08/09 10:38:30.000  -12.843717193  131.132751563   129.3096   5   8   2.1176   2.0821   5.9952   1.2415   1.6027  -0.6490   0.00    0.0
2014/08/09 10:39:00.000  -12.843717331  131.132751325   129.5109   5   8   2.1190   2.0818   5.9725   1.2448   1.6032  -0.5851   0.00    0.0
2014/08/09 10:39:30.000  -12.843718115  131.132751400   129.8609   5   8   2.1204   2.0816   5.9500   1.2481   1.6038  -0.5137   0.00    0.0
2014/08/09 10:40:00.000  -12.843718439  131.132752042   129.8523   5   8   2.1219   2.0814   5.9277   1.2514   1.6045  -0.4310   0.00    0.0
2014/08/09 10:40:30.000  -12.843718324  131.132751427   130.1254   5   8   2.1230   2.0810   5.9054   1.2553   1.6052  -0.3271   0.00    0.0
2014/08/09 10:41:00.000  -12.843718509  131.132751439   129.8774   5   8   2.1248   2.0810   5.8834   1.2586   1.6062  -0.1722   0.00    0.0
2014/08/09 10:41:30.000  -12.843718229  131.132752126   129.6895   5   8   2.1266   2.0809   5.8616   1.2619   1.6073   0.2176   0.00    0.0
2014/08/09 10:42:00.000  -12.843717828  131.132753142   129.4771   5   8   2.1285   2.0810   5.8399   1.2652   1.6086   0.3522   0.00    0.0
2014/08/09 10:42:30.000  -12.843717757  131.132752536   129.5769   5   8   2.1305   2.0810   5.8185   1.2685   1.6100   0.4476   0.00    0.0
2014/08/09 10:43:00.000  -12.843718735  131.132752861   129.7395   5   8   2.1325   2.0812   5.7972   1.2718   1.6115   0.5257   0.00    0.0
2014/08/09 10:43:30.000  -12.843718772  131.132753097   129.6263   5   8   2.1346   2.0813   5.7761   1.2752   1.6132   0.5933   0.00    0.0
2014/08/09 10:44:00.000  -12.843719245  131.132752355   129.6546   5   8   2.1368   2.0815   5.7553   1.2786   1.6149   0.6537   0.00    0.0
2014/08/09 10:44:30.000  -12.843719107  131.132752142   129.7771   5   8   2.1391   2.0817   5.7346   1.2819   1.6168   0.7088   0.00    0.0
2014/08/09 10:45:00.000  -12.843719603  131.132752678   129.9288   5   8   2.1414   2.0820   5.7142   1.2854   1.6188   0.7596   0.00    0.0
2014/08/09 10:45:30.000  -12.843720022  131.132752485   130.0212   5   8   2.1438   2.0824   5.6940   1.2888   1.6209   0.8071   0.00    0.0
2014/08/09 10:46:00.000  -12.843720980  131.132751480   130.0163   5   8   2.1463   2.0827   5.6740   1.2922   1.6232   0.8517   0.00    0.0
2014/08/09 10:46:30.000  -12.843720618  131.132751060   130.1377   5   8   2.1488   2.0831   5.6543   1.2957   1.6255   0.8939   0.00    0.0
2014/08/09 10:47:00.000  -12.843720134  131.132752218   129.9194   5   8   2.1515   2.0836   5.6349   1.2992   1.6280   0.9341   0.00    0.0
2014/08/09 10:47:30.000  -12.843720757  131.132752554   129.6199   5   8   2.1542   2.0841   5.6156   1.3027   1.6306   0.9724   0.00    0.0
2014/08/09 10:48:00.000  -12.843720994  131.132752258   129.6099   5   8   2.1569   2.0846   5.5966   1.3063   1.6333   1.0091   0.00    0.0
2014/08/09 10:48:30.000  -12.843721289  131.132752107   129.7684   5   8   2.1598   2.0852   5.5779   1.3099   1.6361   1.0444   0.00    0.0
2014/08/09 10:49:00.000  -12.843721427  131.132751446   129.9215   5   8   2.1627   2.0858   5.5595   1.3134   1.6390   1.0783   0.00    0.0
2014/08/09 10:49:30.000  -12.843721208  131.132750276   129.9944   5   8   2.1636   2.0861   5.5410   1.3157   1.6426   1.1133   0.00    0.0
2014/08/09 10:50:00.000  -12.843720895  131.132750659   129.9395   5   8   2.1669   2.0869   5.5232   1.3195   1.6456   1.1445   0.00    0.0
2014/08/09 10:50:30.000  -12.843721374  131.132751949   129.9287   5   8   2.1703   2.0877   5.5055   1.3233   1.6488   1.1749   0.00    0.0
2014/08/09 10:51:00.000  -12.843720489  131.132752202   130.0773   5   8   2.1737   2.0885   5.4882   1.3272   1.6520   1.2044   0.00    0.0
2014/08/09 10:51:30.000  -12.843720312  131.132752733   130.1484   5   8   2.1773   2.0894   5.4711   1.3311   1.6554   1.2331   0.00    0.0
2014/08/09 10:52:00.000  -12.843720958  131.132752216   129.8681   5   8   2.1809   2.0903   5.4542   1.3350   1.6589   1.2611   0.00    0.0
2014/08/09 10:52:30.000  -12.843721801  131.132750675   129.7575   5   8   2.1846   2.0913   5.4377   1.3390   1.6625   1.2884   0.00    0.0
2014/08/09 10:53:00.000  -12.843722408  131.132750051   129.9571   5   8   2.1883   2.0923   5.4214   1.3430   1.6663   1.3151   0.00    0.0
2014/08/09 10:53:30.000  -12.843721550  131.132750599   129.8594   5   8   2.1922   2.0934   5.4054   1.3470   1.6701   1.3412   0.00    0.0
2014/08/09 10:54:00.000  -12.843720746  131.132750619   129.8328   5   8   2.1961   2.0945   5.3896   1.3511   1.6741   1.3668   0.00    0.0
2014/08/09 10:54:30.000  -12.843720380  131.132752173   129.5982   5   8   2.2001   2.0957   5.3742   1.3552   1.6781   1.3919   0.00    0.0
2014/08/09 10:55:00.000  -12.843721143  131.132752360   129.9327   5   8   2.2041   2.0969   5.3590   1.3593   1.6823   1.4164   0.00    0.0
2014/08/09 10:55:30.000  -12.843722941  131.132752649   129.9897   5   8   2.2082   2.0981   5.3441   1.3635   1.6866   1.4405   0.00    0.0
2014/08/09 10:56:00.000  -12.843724435  131.132752066   130.2774   5   8   2.2124   2.0994   5.3295   1.3677   1.6910   1.4642   0.00    0.0
2014/08/09 10:56:30.000  -12.843724954  131.132752418   130.3214   5   8   2.2167   2.1007   5.3152   1.3719   1.6955   1.4875   0.00    0.0
2014/08/09 10:57:00.000  -12.843725309  131.132753291   130.2918   5   8   2.2210   2.1021   5.3012   1.3762   1.7002   1.5103   0.00    0.0
2014/08/09 10:57:30.000  -12.843728232  131.132750893   130.6629   5   9   2.0603   1.9776   5.1504   1.1414   1.9401   1.8319   0.00    0.0
2014/08/09 10:58:00.000  -12.843728210  131.132750982   130.6456   5   9   2.0662   1.9783   5.1429   1.1465   1.9400   1.8434   0.00    0.0
2014/08/09 10:58:30.000  -12.843727758  131.132749601   130.3547   5   9   2.0721   1.9790   5.1355   1.1517   1.9401   1.8550   0.00    0.0
2014/08/09 10:59:00.000  -12.843726635  131.132750603   129.9555   5   9   2.0781   1.9798   5.1283   1.1569   1.9403   1.8665   0.00    0.0
2014/08/09 10:59:30.000  -12.843724584  131.132752686   129.7398   5   9   2.0831   1.9800   5.1116   1.1608   1.9364   1.8728   0.00    0.0
2014/08/09 11:00:00.000  -12.843727699  131.132752502   129.5736   5   9   2.1502   1.9192   5.1176   1.0264   1.9716   1.9533   0.00    0.0
2014/08/09 11:00:30.000  -12.843728423  131.132752547   129.7436   5   9   2.1571   1.9194   5.1135   1.0319   1.9755   1.9725   0.00    0.0
2014/08/09 11:01:00.000  -12.843729535  131.132752252   129.8522   5   9   2.1659   1.9209   5.1096   1.0406   1.9796   1.9916   0.00    0.0
2014/08/09 11:01:30.000  -12.843729932  131.132753214   130.0097   5   9   2.1748   1.9225   5.1061   1.0493   1.9837   2.0107   0.00    0.0
2014/08/09 11:02:00.000  -12.843729261  131.132753200   130.3042   5   9   2.1839   1.9242   5.1027   1.0581   1.9880   2.0299   0.00    0.0
2014/08/09 11:02:30.000  -12.843728596  131.132752787   130.4767   5   9   2.1930   1.9260   5.0997   1.0670   1.9925   2.0490   0.00    0.0
2014/08/09 11:03:00.000  -12.843729376  131.132752466   130.3937   5   9   2.2023   1.9278   5.0969   1.0760   1.9971   2.0681   0.00    0.0
2014/08/09 11:03:30.000  -12.843729119  131.132751870   130.0805   5   9   2.2117   1.9297   5.0943   1.0850   2.0019   2.0871   0.00    0.0
2014/08/09 11:04:00.000  -12.843729205  131.132752846   129.6894   5   9   2.2213   1.9316   5.0920   1.0941   2.0068   2.1063   0.00    0.0
2014/08/09 11:04:30.000  -12.843728242  131.132753252   129.6599   5   9   2.2309   1.9336   5.0900   1.1033   2.0119   2.1254   0.00    0.0
2014/08/09 11:05:00.000  -12.843728272  131.132754516   129.7556   5   9   2.2407   1.9357   5.0883   1.1125   2.0172   2.1445   0.00    0.0
2014/08/09 11:05:30.000  -12.843729921  131.132753770   129.9178   5   9   2.2505   1.9379   5.0868   1.1218   2.0226   2.1636   0.00    0.0
2014/08/09 11:06:00.000  -12.843730689  131.132753629   130.0060   5   9   2.2605   1.9401   5.0856   1.1312   2.0281   2.1828   0.00    0.0
2014/08/09 11:06:30.000  -12.843730606  131.132754321   129.9007   5   9   2.2707   1.9424   5.0847   1.1407   2.0338   2.2019   0.00    0.0
2014/08/09 11:07:00.000  -12.843731027  131.132755243   129.9718   5   9   2.2809   1.9448   5.0840   1.1503   2.0397   2.2211   0.00    0.0
2014/08/09 11:07:30.000  -12.843731250  131.132754648   129.8488   5   9   2.2912   1.9472   5.0837   1.1600   2.0458   2.2403   0.00    0.0
2014/08/09 11:08:00.000  -12.843732252  131.132753786   129.6278   5   9   2.3017   1.9497   5.0836   1.1697   2.0520   2.2596   0.00    0.0
2014/08/09 11:08:30.000  -12.843732197  131.132753936   129.7150   5   9   2.3123   1.9523   5.0838   1.1795   2.0584   2.2789   0.00    0.0
2014/08/09 11:09:00.000  -12.843730719  131.132753269   130.4242   5   8   2.3302   2.0357   5.2877   1.1451   1.8546   2.3551   0.00    0.0
2014/08/09 11:09:30.000  -12.843730856  131.132752789   130.3890   5   8   2.3409   2.0379   5.2872   1.1559   1.8633   2.3734   0.00    0.0
2014/08/09 11:10:00.000  -12.843741711  131.132752723   130.9991   5   9   2.1784   2.0375   5.2464   1.1268   1.8903   2.5098   0.00    0.0
2014/08/09 11:10:30.000  -12.843741361  131.132752413   131.0485   5   9   2.1866   2.0396   5.2501   1.1353   1.8996   2.5231   0.00    0.0
2014/08/09 11:11:00.000  -12.843741668  131.132752198   130.9065   5   9   2.1949   2.0416   5.2539   1.1438   1.9089   2.5363   0.00    0.0
2014/08/09 11:11:30.000  -12.843742087  131.132752727   130.6722   5   9   2.2032   2.0438   5.2578   1.1523   1.9184   2.5496   0.00    0.0
2014/08/09 11:12:00.000  -12.843742712  131.132754599   130.6028   5   9   2.2116   2.0460   5.2618   1.1609   1.9278   2.5628   0.00    0.0
2014/08/09 11:12:30.000  -12.843742949  131.132755346   130.4520   5   9   2.2200   2.0482   5.2659   1.1695   1.9374   2.5760   0.00    0.0
2014/08/09 11:13:00.000  -12.843747124  131.132752000   129.4241   5  10   1.7440   1.7335   4.2399  -0.3623   0.6022   1.5368   0.00    0.0
2014/08/09 11:13:30.000  -12.843746374  131.132749683   129.4383   5  10   1.7474   1.7324   4.2421  -0.3601   0.6135   1.5475   0.00    0.0
2014/08/09 11:14:00.000  -12.843746591  131.132749539   129.4298   5  10   1.7508   1.7313   4.2445  -0.3577   0.6248   1.5583   0.00    0.0
2014/08/09 11:14:30.000  -12.843747763  131.132749669   129.0117   5  10   1.7542   1.7302   4.2469  -0.3553   0.6361   1.5689   0.00    0.0
2014/08/09 11:15:00.000  -12.843747656  131.132749872   128.9063   5  10   1.7577   1.7292   4.2494  -0.3527   0.6473   1.5796   0.00    0.0
2014/08/09 11:15:30.000  -12.843747459  131.132751237   129.0012   5  10   1.7612   1.7282   4.2520  -0.3499   0.6585   1.5902   0.00    0.0
2014/08/09 11:16:00.000  -12.843747267  131.132752187   129.1768   5  10   1.7648   1.7271   4.2547  -0.3471   0.6697   1.6008   0.00    0.0
2014/08/09 11:16:30.000  -12.843747170  131.132753538   129.2424   5  10   1.7655   1.7262   4.2569  -0.3453   0.6812   1.6134   0.00    0.0
2014/08/09 11:17:00.000  -12.843746261  131.132754049   129.1543   5  10   1.7695   1.7252   4.2598  -0.3421   0.6923   1.6236   0.00    0.0
2014/08/09 11:17:30.000  -12.843748309  131.132754739   128.7931   5  10   1.7736   1.7243   4.2628  -0.3386   0.7033   1.6337   0.00    0.0
2014/08/09 11:18:00.000  -12.843749363  131.132755001   128.6985   5  10   1.7776   1.7234   4.2658  -0.3350   0.7143   1.6438   0.00    0.0
2014/08/09 11:18:30.000  -12.843750495  131.132754166   128.7233   5  10   1.7817   1.7225   4.2690  -0.3313   0.7253   1.6539   0.00    0.0
2014/08/09 11:19:00.000  -12.843748783  131.132754048   129.0552   5  10   1.7858   1.7217   4.2721  -0.3273   0.7363   1.6639   0.00    0.0
2014/08/09 11:19:30.000  -12.843747428  131.132755105   129.1282   5  10   1.7900   1.7209   4.2753  -0.3232   0.7472   1.6740   0.00    0.0
2014/08/09 11:20:00.000  -12.843748049  131.132755090   129.0090   5  10   1.7942   1.7201   4.2786  -0.3188   0.7582   1.6840   0.00    0.0
2014/08/09 11:20:30.000  -12.843748846  131.132753012   128.8904   5  10   1.7984   1.7193   4.2820  -0.3143   0.7691   1.6940   0.00    0.0
2014/08/09 11:21:00.000  -12.843747725  131.132753471   128.8639   5  10   1.8026   1.7186   4.2854  -0.3095   0.7800   1.7040   0.00    0.0
2014/08/09 11:21:30.000  -12.843747640  131.132752824   128.7447   5  10   1.8069   1.7179   4.2888  -0.3045   0.7910   1.7139   0.00    0.0
2014/08/09 11:22:00.000  -12.843747797  131.132753507   128.6260   5  10   1.8112   1.7172   4.2923  -0.2992   0.8019   1.7238   0.00    0.0
2014/08/09 11:22:30.000  -12.843734722  131.132751256   127.5282   5   9   2.0245   1.7376   4.3456  -0.5729   0.9152   1.5552   0.00    0.0
2014/08/09 11:23:00.000  -12.843734741  131.132751555   127.6653   5   9   2.0282   1.7368   4.3501  -0.5689   0.9254   1.5645   0.00    0.0
2014/08/09 11:23:30.000  -12.843735209  131.132751261   127.6980   5   9   2.0319   1.7360   4.3547  -0.5647   0.9355   1.5738   0.00    0.0
2014/08/09 11:24:00.000  -12.843733199  131.132751577   127.7733   5   9   2.0357   1.7353   4.3593  -0.5604   0.9457   1.5830   0.00    0.0
2014/08/09 11:24:30.000  -12.843732134  131.132751750   127.6046   5   9   2.0394   1.7346   4.3640  -0.5560   0.9559   1.5922   0.00    0.0
2014/08/09 11:25:00.000  -12.843731954  131.132752273   127.5103   5   9   2.0432   1.7339   4.3688  -0.5515   0.9661   1.6014   0.00    0.0
2014/08/09 11:25:30.000  -12.843731044  131.132751653   127.4895   5   9   2.0469   1.7332   4.3736  -0.5468   0.9763   1.6106   0.00    0.0
2014/08/09 11:26:00.000  -12.843729591  131.132750888   127.3956   5   9   2.0507   1.7326   4.3784  -0.5420   0.9865   1.6197   0.00    0.0
2014/08/09 11:26:30.000  -12.843729566  131.132752126   127.1191   5   9   2.0544   1.7320   4.3833  -0.5370   0.9967   1.6288   0.00    0.0
2014/08/09 11:27:00.000  -12.843730287  131.132752948   126.9313   5   9   2.0582   1.7314   4.3883  -0.5319   1.0069   1.6379   0.00    0.0
2014/08/09 11:27:30.000  -12.843732285  131.132752743   126.7547   5   9   2.0619   1.7309   4.3933  -0.5266   1.0172   1.6470   0.00    0.0
2014/08/09 11:28:00.000  -12.843732206  131.132751246   126.5477   5   9   2.0657   1.7304   4.3983  -0.5212   1.0274   1.6560   0.00    0.0
2014/08/09 11:28:30.000  -12.843732576  131.132750772   126.4033   5   9   2.0695   1.7299   4.4034  -0.5156   1.0377   1.6649   0.00    0.0
2014/08/09 11:29:00.000  -12.843731594  131.132750692   126.8165   5   9   2.0732   1.7295   4.4086  -0.5098   1.0480   1.6739   0.00    0.0
2014/08/09 11:29:30.000  -12.843730503  131.132752046   127.3628   5   9   2.0770   1.7291   4.4138  -0.5038   1.0583   1.6828   0.00    0.0
2014/08/09 11:30:00.000  -12.843730695  131.132753837   127.4354   5   9   2.0807   1.7287   4.4190  -0.4977   1.0687   1.6916   0.00    0.0
2014/08/09 11:30:30.000  -12.843731354  131.132754952   127.3054   5   9   2.0845   1.7284   4.4243  -0.4914   1.0790   1.7004   0.00    0.0
2014/08/09 11:31:00.000  -12.843732426  131.132754595   126.9399   5   9   2.0882   1.7281   4.4296  -0.4848   1.0894   1.7092   0.00    0.0
2014/08/09 11:31:30.000  -12.843731511  131.132753789   126.9540   5   9   2.0919   1.7278   4.4349  -0.4781   1.0998   1.7179   0.00    0.0
2014/08/09 11:32:00.000  -12.843729871  131.132753455   127.3321   5   9   2.0956   1.7276   4.4403  -0.4711   1.1102   1.7265   0.00    0.0
2014/08/09 11:32:30.000  -12.843729202  131.132754243   127.4052   5   9   2.0994   1.7274   4.4457  -0.4639   1.1206   1.7351   0.00    0.0
2014/08/09 11:33:00.000  -12.843729281  131.132755070   127.2522   5   9   2.1030   1.7272   4.4512  -0.4565   1.1310   1.7437   0.00    0.0
2014/08/09 11:33:30.000  -12.843729825  131.132755323   126.8221   5   9   2.1036   1.7227   4.4558  -0.4328   1.1368   1.7550   0.00    0.0
2014/08/09 11:34:00.000  -12.843730280  131.132754282   126.7839   5   9   2.1075   1.7230   4.4614  -0.4257   1.1476   1.7632   0.00    0.0
2014/08/09 11:34:30.000  -12.843730863  131.132753427   126.7409   5   9   2.1114   1.7233   4.4669  -0.4185   1.1584   1.7714   0.00    0.0
2014/08/09 11:35:00.000  -12.843731457  131.132753577   126.7882   5   9   2.1152   1.7236   4.4726  -0.4109   1.1692   1.7795   0.00    0.0
2014/08/09 11:35:30.000  -12.843731534  131.132754148   126.6859   5   9   2.1191   1.7239   4.4782  -0.4031   1.1801   1.7875   0.00    0.0
2014/08/09 11:36:00.000  -12.843729997  131.132754904   126.5075   5   9   2.1229   1.7243   4.4839  -0.3950   1.1910   1.7955   0.00    0.0
2014/08/09 11:36:30.000  -12.843730620  131.132754712   126.1998   5   9   2.1267   1.7248   4.4895  -0.3866   1.2019   1.8034   0.00    0.0
2014/08/09 11:37:00.000  -12.843730681  131.132753974   126.3499   5   9   2.1305   1.7253   4.4953  -0.3778   1.2128   1.8112   0.00    0.0
2014/08/09 11:37:30.000  -12.843731304  131.132754334   126.4466   5   9   2.1343   1.7258   4.5010  -0.3686   1.2237   1.8189   0.00    0.0
2014/08/09 11:38:00.000  -12.843730070  131.132754541   126.7946   5   9   2.1381   1.7263   4.5067  -0.3591   1.2347   1.8265   0.00    0.0
2014/08/09 11:38:30.000  -12.843728888  131.132755312   127.0837   5   9   2.1418   1.7269   4.5125  -0.3492   1.2457   1.8340   0.00    0.0
2014/08/09 11:39:00.000  -12.843729073  131.132756791   127.0586   5   9   2.1455   1.7276   4.5183  -0.3387   1.2567   1.8415   0.00    0.0
2014/08/09 11:39:30.000  -12.843728767  131.132757567   127.0684   5   9   2.1492   1.7282   4.5241  -0.3278   1.2677   1.8488   0.00    0.0
2014/08/09 11:40:00.000  -12.843729117  131.132756664   126.8795   5   9   2.1528   1.7289   4.5299  -0.3163   1.2788   1.8561   0.00    0.0
2014/08/09 11:40:30.000  -12.843727695  131.132755297   126.6852   5   9   2.1564   1.7297   4.5357  -0.3043   1.2899   1.8633   0.00    0.0
2014/08/09 11:41:00.000  -12.843726679  131.132755461   126.6010   5   9   2.1600   1.7305   4.5415  -0.2915   1.3009   1.8703   0.00    0.0
2014/08/09 11:41:30.000  -12.843727040  131.132754392   126.4258   5   9   2.1635   1.7313   4.5473  -0.2779   1.3120   1.8773   0.00    0.0
2014/08/09 11:42:00.000  -12.843728105  131.132754581   126.4174   5   9   2.1670   1.7322   4.5531  -0.2634   1.3231   1.8842   0.00    0.0
2014/08/09 11:42:30.000  -12.843727468  131.132754270   126.4605   5   9   2.1705   1.7331   4.5589  -0.2478   1.3343   1.8909   0.00    0.0
2014/08/09 11:43:00.000  -12.843727674  131.132755157   126.4573   5   9   2.1739   1.7341   4.5648  -0.2310   1.3454   1.8976   0.00    0.0
2014/08/09 11:43:30.000  -12.843727612  131.132755699   126.6794   5   9   2.1773   1.7351   4.5706  -0.2126   1.3566   1.9041   0.00    0.0
2014/08/09 11:44:00.000  -12.843727433  131.132755629   126.7581   5   9   2.1806   1.7361   4.5764  -0.1921   1.3677   1.9105   0.00    0.0
2014/08/09 11:44:30.000  -12.843728565  131.132755664   126.6924   5   9   2.1839   1.7372   4.5822  -0.1689   1.3789   1.9168   0.00    0.0
2014/08/09 11:45:00.000  -12.843729230  131.132755768   126.5751   5   9   2.1872   1.7384   4.5879  -0.1416   1.3901   1.9230   0.00    0.0
2014/08/09 11:45:30.000  -12.843729135  131.132756642   126.4826   5   9   2.1904   1.7396   4.5937  -0.1070   1.4013   1.9291   0.00    0.0
2014/08/09 11:46:00.000  -12.843727906  131.132756106   126.3465   5   9   2.1936   1.7408   4.5995  -0.0525   1.4125   1.9351   0.00    0.0
2014/08/09 11:46:30.000  -12.843727043  131.132755615   126.4397   5   9   2.1967   1.7420   4.6052   0.0777   1.4237   1.9409   0.00    0.0
2014/08/09 11:47:00.000  -12.843725805  131.132754693   126.3204   5   9   2.1997   1.7434   4.6109   0.1222   1.4350   1.9466   0.00    0.0
2014/08/09 11:47:30.000  -12.843725687  131.132753491   126.2286   5   9   2.2028   1.7447   4.6166   0.1547   1.4462   1.9522   0.00    0.0
2014/08/09 11:48:00.000  -12.843726060  131.132753871   126.3345   5   9   2.2057   1.7461   4.6223   0.1817   1.4574   1.9576   0.00    0.0
2014/08/09 11:48:30.000  -12.843726766  131.132755658   126.4266   5   9   2.2086   1.7476   4.6279   0.2054   1.4687   1.9629   0.00    0.0
2014/08/09 11:49:00.000  -12.843726728  131.132756464   126.5477   5   9   2.2115   1.7491   4.6335   0.2269   1.4799   1.9681   0.00    0.0
2014/08/09 11:49:30.000  -12.843727749  131.132756816   126.4815   5   9   2.2142   1.7506   4.6391   0.2466   1.4912   1.9731   0.00    0.0
2014/08/09 11:50:00.000  -12.843727388  131.132755614   126.3179   5   9   2.2170   1.7522   4.6447   0.2651   1.5024   1.9780   0.00    0.0
2014/08/09 11:50:30.000  -12.843727379  131.132754929   126.3557   5   9   2.2196   1.7538   4.6502   0.2825   1.5137   1.9828   0.00    0.0
2014/08/09 11:51:00.000  -12.843727923  131.132755232   126.3865   5   9   2.2222   1.7555   4.6557   0.2991   1.5249   1.9874   0.00    0.0
2014/08/09 11:51:30.000  -12.843727777  131.132756545   126.5657   5   9   2.2248   1.7572   4.6611   0.3149   1.5361   1.9919   0.00    0.0
2014/08/09 11:52:00.000  -12.843726969  131.132757344   126.8149   5   9   2.2273   1.7590   4.6665   0.3300   1.5474   1.9962   0.00    0.0
2014/08/09 11:52:30.000  -12.843724874  131.132757237   126.8971   5   9   2.2297   1.7608   4.6719   0.3446   1.5586   2.0004   0.00    0.0
2014/08/09 11:53:00.000  -12.843723786  131.132756776   126.9391   5   9   2.2320   1.7627   4.6772   0.3587   1.5698   2.0044   0.00    0.0
2014/08/09 11:53:30.000  -12.843722238  131.132755904   126.7785   5   9   2.2343   1.7646   4.6825   0.3724   1.5810   2.0083   0.00    0.0
2014/08/09 11:54:00.000  -12.843724010  131.132757217   126.5072   5   8   2.2410   1.8729   4.8896   0.2459   1.2922   2.0605   0.00    0.0
2014/08/09 11:54:30.000  -12.843725971  131.132757946   126.2291   5   8   2.2428   1.8736   4.8940   0.2737   1.3085   2.0619   0.00    0.0
2014/08/09 11:55:00.000  -12.843726423  131.132758190   126.2635   5   8   2.2445   1.8742   4.8983   0.2990   1.3246   2.0631   0.00    0.0
2014/08/09 11:55:30.000  -12.843725376  131.132758338   126.4616   5   8   2.2462   1.8750   4.9026   0.3223   1.3406   2.0641   0.00    0.0
2014/08/09 11:56:00.000  -12.843725543  131.132759629   126.6031   5   8   2.2478   1.8758   4.9069   0.3442   1.3565   2.0650   0.00    0.0
2014/08/09 11:56:30.000  -12.843726888  131.132759350   126.5988   5   8   2.2493   1.8767   4.9111   0.3647   1.3722   2.0658   0.00    0.0
2014/08/09 11:57:00.000  -12.843726667  131.132759015   126.6373   5   8   2.2508   1.8776   4.9152   0.3842   1.3878   2.0664   0.00    0.0
2014/08/09 11:57:30.000  -12.843725598  131.132759420   126.8236   5   8   2.2522   1.8786   4.9193   0.4028   1.4033   2.0668   0.00    0.0
2014/08/09 11:58:00.000  -12.843725063  131.132759633   126.7976   5   8   2.2536   1.8796   4.9233   0.4206   1.4187   2.0670   0.00    0.0
2014/08/09 11:58:30.000  -12.843724429  131.132760262   126.8746   5   8   2.2549   1.8807   4.9273   0.4376   1.4340   2.0671   0.00    0.0
2014/08/09 11:59:00.000  -12.843724962  131.132759879   126.7645   5   8   2.2562   1.8819   4.9312   0.4541   1.4491   2.0670   0.00    0.0
2014/08/09 11:59:30.000  -12.843724803  131.132759247   126.6987   5   8   2.2574   1.8831   4.9351   0.4699   1.4641   2.0668   0.00    0.0
2014/08/09 12:00:00.000  -12.843724437  131.132758555   126.7999   5   8   2.2709   1.9039   5.4229   0.4138   1.2567   2.1908   0.00    0.0
2014/08/09 12:00:30.000  -12.843724865  131.132759129   126.7855   5   8   2.2725   1.9047   5.4305   0.4306   1.2761   2.1934   0.00    0.0
2014/08/09 12:01:00.000  -12.843725525  131.132759813   126.7655   5   8   2.2740   1.9056   5.4381   0.4467   1.2953   2.1958   0.00    0.0
2014/08/09 12:01:30.000  -12.843724970  131.132761086   126.8348   5   8   2.2755   1.9065   5.4455   0.4624   1.3143   2.1980   0.00    0.0
2014/08/09 12:02:00.000  -12.843725038  131.132761193   126.7336   5   8   2.2769   1.9075   5.4528   0.4776   1.3332   2.2001   0.00    0.0
2014/08/09 12:02:30.000  -12.843736041  131.132764616   128.1552   5   9   2.0870   1.8872   5.3723   0.7091   1.2449   2.3956   0.00    0.0
2014/08/09 12:03:00.000  -12.843735431  131.132764626   128.2113   5   9   2.0869   1.8886   5.3810   0.7187   1.2666   2.3963   0.00    0.0
2014/08/09 12:03:30.000  -12.843735201  131.132764150   128.0692   5   9   2.0868   1.8901   5.3896   0.7281   1.2880   2.3967   0.00    0.0
2014/08/09 12:04:00.000  -12.843735937  131.132763244   127.8199   5   9   2.0865   1.8916   5.3980   0.7375   1.3092   2.3969   0.00    0.0
2014/08/09 12:04:30.000  -12.843736344  131.132762388   127.8017   5   9   2.0862   1.8933   5.4063   0.7466   1.3302   2.3969   0.00    0.0
2014/08/09 12:05:00.000  -12.843736048  131.132764029   127.8607   5   9   2.0858   1.8949   5.4145   0.7557   1.3509   2.3967   0.00    0.0
2014/08/09 12:05:30.000  -12.843734809  131.132764475   127.8972   5   9   2.0854   1.8967   5.4226   0.7646   1.3713   2.3963   0.00    0.0
2014/08/09 12:06:00.000  -12.843733783  131.132763168   127.8182   5   9   2.0848   1.8985   5.4305   0.7733   1.3915   2.3956   0.00    0.0
2014/08/09 12:06:30.000  -12.843733376  131.132763755   127.9000   5   9   2.0842   1.9004   5.4383   0.7820   1.4115   2.3948   0.00    0.0
2014/08/09 12:07:00.000  -12.843732979  131.132764366   128.2935   5   9   2.0836   1.9023   5.4459   0.7905   1.4313   2.3937   0.00    0.0
2014/08/09 12:07:30.000  -12.843733006  131.132764484   128.3419   5   9   2.0828   1.9043   5.4534   0.7988   1.4508   2.3925   0.00    0.0
2014/08/09 12:08:00.000  -12.843732441  131.132763515   128.1547   5   9   2.0820   1.9064   5.4608   0.8070   1.4702   2.3910   0.00    0.0
2014/08/09 12:08:30.000  -12.843731775  131.132763853   128.0249   5   9   2.0811   1.9085   5.4680   0.8151   1.4893   2.3893   0.00    0.0
2014/08/09 12:09:00.000  -12.843730853  131.132764143   128.1035   5   9   2.0802   1.9107   5.4750   0.8231   1.5082   2.3873   0.00    0.0
2014/08/09 12:09:30.000  -12.843729803  131.132764116   127.9886   5   9   2.0792   1.9130   5.4820   0.8309   1.5269   2.3852   0.00    0.0
2014/08/09 12:10:00.000  -12.843731181  131.132765254   127.9214   5   9   2.0781   1.9153   5.4887   0.8386   1.5454   2.3828   0.00    0.0
2014/08/09 12:10:30.000  -12.843735529  131.132765671   127.0183   5   8   2.6711   1.9222   6.8077   0.7033   1.3841   3.5234   0.00    0.0
2014/08/09 12:11:00.000  -12.843735849  131.132766201   127.2454   5   8   2.6674   1.9242   6.8175   0.7204   1.4136   3.5208   0.00    0.0
2014/08/09 12:11:30.000  -12.843735087  131.132766135   127.2471   5   8   2.6634   1.9263   6.8267   0.7370   1.4426   3.5177   0.00    0.0
2014/08/09 12:12:00.000  -12.843734634  131.132766851   127.0782   5   8   2.6591   1.9285   6.8353   0.7531   1.4710   3.5140   0.00    0.0
2014/08/09 12:12:30.000  -12.843734310  131.132766575   126.7615   5   8   2.6546   1.9308   6.8433   0.7687   1.4989   3.5097   0.00    0.0
2014/08/09 12:13:00.000  -12.843735288  131.132765167   126.2748   5   8   2.6498   1.9331   6.8507   0.7838   1.5262   3.5049   0.00    0.0
2014/08/09 12:13:30.000  -12.843735479  131.132764722   126.2941   5   8   2.6448   1.9355   6.8574   0.7985   1.5530   3.4996   0.00    0.0
2014/08/09 12:14:00.000  -12.843734751  131.132764300   126.6009   5   8   2.6396   1.9380   6.8635   0.8127   1.5794   3.4937   0.00    0.0
2014/08/09 12:14:30.000  -12.843735115  131.132763887   126.9445   5   8   2.6341   1.9406   6.8690   0.8265   1.6052   3.4873   0.00    0.0
2014/08/09 12:15:00.000  -12.843735930  131.132764759   127.0320   5   8   2.6284   1.9433   6.8739   0.8399   1.6306   3.4803   0.00    0.0
2014/08/09 12:15:30.000  -12.843735708  131.132765973   127.1400   5   8   2.6225   1.9460   6.8782   0.8529   1.6555   3.4728   0.00    0.0
2014/08/09 12:16:00.000  -12.843732872  131.132759501   125.4811   5   7   2.6537   2.2695   7.4464   0.4823   2.4759   3.2775   0.00    0.0
2014/08/09 12:16:30.000  -12.843731345  131.132759347   125.5599   5   7   2.6459   2.2752   7.4758   0.5122   2.5118   3.2680   0.00    0.0
2014/08/09 12:17:00.000  -12.843729306  131.132758417   125.4295   5   7   2.6379   2.2811   7.5054   0.5397   2.5476   3.2580   0.00    0.0
2014/08/09 12:17:30.000  -12.843728786  131.132758600   125.5233   5   7   2.6298   2.2872   7.5350   0.5652   2.5832   3.2476   0.00    0.0
2014/08/09 12:18:00.000  -12.843730364  131.132760213   125.3678   5   7   2.6216   2.2936   7.5647   0.5890   2.6186   3.2366   0.00    0.0
2014/08/09 12:18:30.000  -12.843730778  131.132759785   125.4945   5   7   2.6133   2.3001   7.5945   0.6112   2.6538   3.2251   0.00    0.0
2014/08/09 12:19:00.000  -12.843731917  131.132760065   125.6381   5   7   2.6049   2.3069   7.6245   0.6320   2.6889   3.2131   0.00    0.0
2014/08/09 12:19:30.000  -12.843731842  131.132760914   125.6693   5   7   2.5963   2.3138   7.6545   0.6515   2.7238   3.2006   0.00    0.0
2014/08/09 12:20:00.000  -12.843730045  131.132760612   125.8122   5   7   2.5877   2.3210   7.6847   0.6698   2.7585   3.1875   0.00    0.0
2014/08/09 12:20:30.000  -12.843728053  131.132759624   126.0987   5   7   2.5790   2.3283   7.7150   0.6869   2.7930   3.1739   0.00    0.0
2014/08/09 12:21:00.000  -12.843726887  131.132758764   125.8954   5   7   2.5702   2.3359   7.7454   0.7030   2.8274   3.1598   0.00    0.0
2014/08/09 12:21:30.000  -12.843727505  131.132758539   125.3635   5   7   2.5614   2.3436   7.7759   0.7181   2.8617   3.1450   0.00    0.0
2014/08/09 12:22:00.000  -12.843727916  131.132758171   125.1741   5   7   2.5525   2.3515   7.8066   0.7323   2.8958   3.1298   0.00    0.0
2014/08/09 12:22:30.000  -12.843726785  131.132757739   125.1428   5   7   2.5435   2.3596   7.8374   0.7455   2.9297   3.1139   0.00    0.0
2014/08/09 12:23:00.000  -12.843726050  131.132757623   125.1490   5   7   2.5345   2.3679   7.8684   0.7578   2.9635   3.0974   0.00    0.0
2014/08/09 12:23:30.000  -12.843725621  131.132757024   125.2212   5   7   2.5254   2.3764   7.8995   0.7693   2.9972   3.0804   0.00    0.0
2014/08/09 12:24:00.000  -12.843726610  131.132757367   125.1503   5   7   2.5163   2.3851   7.9308   0.7800   3.0307   3.0627   0.00    0.0
2014/08/09 12:24:30.000  -12.843724063  131.132758645   125.7813   5   7   2.5071   2.3939   7.9623   0.7899   3.0641   3.0444   0.00    0.0
2014/08/09 12:25:00.000  -12.843723215  131.132758839   125.7592   5   7   2.4980   2.4029   7.9939   0.7989   3.0973   3.0255   0.00    0.0
2014/08/09 12:25:30.000  -12.843723699  131.132757350   125.2777   5   7   2.4888   2.4120   8.0256   0.8073   3.1305   3.0059   0.00    0.0
2014/08/09 12:26:00.000  -12.843725918  131.132756859   124.8634   5   7   2.4796   2.4214   8.0576   0.8148   3.1634   2.9856   0.00    0.0
2014/08/09 12:26:30.000  -12.843726456  131.132756687   125.0540   5   7   2.4704   2.4309   8.0897   0.8216   3.1963   2.9647   0.00    0.0
2014/08/09 12:27:00.000  -12.843726456  131.132757477   125.5563   5   7   2.4612   2.4405   8.1220   0.8277   3.2291   2.9431   0.00    0.0
2014/08/09 12:27:30.000  -12.843726046  131.132757437   125.8276   5   7   2.4521   2.4503   8.1544   0.8331   3.2617   2.9207   0.00    0.0
2014/08/09 12:28:00.000  -12.843726358  131.132758165   125.8293   5   7   2.4429   2.4602   8.1871   0.8377   3.2942   2.8977   0.00    0.0
2014/08/09 12:28:30.000  -12.843724497  131.132756937   125.5396   5   7   2.4338   2.4703   8.2199   0.8416   3.3265   2.8738   0.00    0.0
2014/08/09 12:29:00.000  -12.843723349  131.132755526   125.0763   5   7   2.4248   2.4805   8.2529   0.8448   3.3588   2.8492   0.00    0.0
2014/08/09 12:29:30.000  -12.843722628  131.132755609   125.1634   5   7   2.4158   2.4909   8.2861   0.8472   3.3909   2.8238   0.00    0.0
2014/08/09 12:30:00.000  -12.843723316  131.132757739   125.3088   5   7   2.4068   2.5013   8.3195   0.8490   3.4229   2.7975   0.00    0.0
2014/08/09 12:30:30.000  -12.843723291  131.132759038   125.7481   5   7   2.3979   2.5119   8.3531   0.8500   3.4547   2.7704   0.00    0.0
2014/08/09 12:31:00.000  -12.843724852  131.132758846   125.5526   5   7   2.3891   2.5227   8.3868   0.8502   3.4865   2.7425   0.00    0.0
2014/08/09 12:31:30.000  -12.843725362  131.132758529   125.1682   5   7   2.3804   2.5335   8.4207   0.8498   3.5181   2.7136   0.00    0.0
2014/08/09 12:32:00.000  -12.843724859  131.132758195   125.1379   5   7   2.3718   2.5444   8.4548   0.8486   3.5496   2.6837   0.00    0.0
2014/08/09 12:32:30.000  -12.843724339  131.132757308   125.0631   5   7   2.3632   2.5555   8.4891   0.8466   3.5809   2.6529   0.00    0.0
2014/08/09 12:33:00.000  -12.843724464  131.132756558   124.9849   5   7   2.3548   2.5666   8.5235   0.8439   3.6122   2.6210   0.00    0.0
2014/08/09 12:33:30.000  -12.843724707  131.132756118   125.1751   5   7   2.3465   2.5778   8.5581   0.8404   3.6432   2.5881   0.00    0.0
2014/08/09 12:34:00.000  -12.843724906  131.132756787   125.2773   5   7   2.3384   2.5891   8.5929   0.8360   3.6742   2.5541   0.00    0.0
2014/08/09 12:34:30.000  -12.843724910  131.132755521   124.9571   5   7   2.3304   2.6005   8.6278   0.8309   3.7050   2.5189   0.00    0.0
2014/08/09 12:35:00.000  -12.843724858  131.132754741   125.0913   5   7   2.3225   2.6120   8.6629   0.8250   3.7356   2.4825   0.00    0.0
2014/08/09 12:35:30.000  -12.843724363  131.132754645   124.9193   5   7   2.3148   2.6235   8.6980   0.8181   3.7661   2.4448   0.00    0.0
2014/08/09 12:36:00.000  -12.843723470  131.132754482   125.1764   5   7   2.3073   2.6351   8.7334   0.8104   3.7964   2.4058   0.00    0.0
2014/08/09 12:36:30.000  -12.843724067  131.132751904   124.4832   5   8   2.2244   1.6958   5.6906  -0.7380   1.0420   1.3024   0.00    0.0
2014/08/09 12:37:00.000  -12.843723364  131.132751748   124.4943   5   8   2.2203   1.6963   5.6969  -0.7366   1.0645   1.2492   0.00    0.0
2014/08/09 12:37:30.000  -12.843722753  131.132752592   124.5915   5   8   2.2164   1.6969   5.7036  -0.7355   1.0866   1.1934   0.00    0.0
2014/08/09 12:38:00.000  -12.843722250  131.132753205   124.6808   5   8   2.2127   1.6976   5.7106  -0.7346   1.1083   1.1346   0.00    0.0
2014/08/09 12:38:30.000  -12.843721795  131.132754031   125.0015   5   8   2.2093   1.6983   5.7180  -0.7340   1.1295   1.0723   0.00    0.0
2014/08/09 12:39:00.000  -12.843722663  131.132754424   124.8597   5   8   2.2061   1.6990   5.7258  -0.7336   1.1503   1.0060   0.00    0.0
2014/08/09 12:39:30.000  -12.843722635  131.132755763   125.2977   5   8   2.2031   1.6998   5.7340  -0.7334   1.1708   0.9347   0.00    0.0
2014/08/09 12:40:00.000  -12.843724193  131.132755267   125.2674   5   8   2.2004   1.7007   5.7426  -0.7335   1.1909   0.8571   0.00    0.0
2014/08/09 12:40:30.000  -12.843725106  131.132753870   124.5755   5   8   2.1980   1.7016   5.7516  -0.7338   1.2107   0.7713   0.00    0.0
2014/08/09 12:41:00.000  -12.843725372  131.132754578   124.7347   5   8   2.1957   1.7026   5.7609  -0.7343   1.2301   0.6743   0.00    0.0
2014/08/09 12:41:30.000  -12.843724492  131.132754932   125.0547   5   8   2.1937   1.7036   5.7707  -0.7351   1.2493   0.5601   0.00    0.0
2014/08/09 12:42:00.000  -12.843723371  131.132754024   125.0167   5   8   2.1920   1.7046   5.7808  -0.7361   1.2682   0.4148   0.00    0.0
2014/08/09 12:42:30.000  -12.843723405  131.132754615   124.9329   5   8   2.1905   1.7057   5.7914  -0.7373   1.2868   0.1725   0.00    0.0
2014/08/09 12:43:00.000  -12.843723204  131.132753957   124.8314   5   8   2.1893   1.7069   5.8023  -0.7388   1.3052  -0.3366   0.00    0.0
2014/08/09 12:43:30.000  -12.843725205  131.132752836   124.0979   5   9   2.0283   1.6469   5.2797  -0.9594   0.8054  -1.5021   0.00    0.0
2014/08/09 12:44:00.000  -12.843725391  131.132752032   123.9140   5   9   2.0303   1.6474   5.3037  -0.9604   0.8371  -1.5377   0.00    0.0
2014/08/09 12:44:30.000  -12.843725648  131.132750892   123.7437   5   9   2.0325   1.6480   5.3282  -0.9616   0.8680  -1.5729   0.00    0.0
2014/08/09 12:45:00.000  -12.843724730  131.132750401   123.5883   5   9   2.0348   1.6487   5.3530  -0.9629   0.8982  -1.6078   0.00    0.0
2014/08/09 12:45:30.000  -12.843724483  131.132751209   123.6036   5   9   2.0373   1.6494   5.3783  -0.9644   0.9277  -1.6424   0.00    0.0
2014/08/09 12:46:00.000  -12.843723994  131.132751997   123.7576   5   9   2.0400   1.6503   5.4039  -0.9661   0.9567  -1.6767   0.00    0.0
2014/08/09 12:46:30.000  -12.843723122  131.132750553   123.3635   5   9   2.0428   1.6511   5.4300  -0.9680   0.9851  -1.7107   0.00    0.0
2014/08/09 12:47:00.000  -12.843723161  131.132750815   123.3577   5   9   2.0458   1.6521   5.4565  -0.9700   1.0131  -1.7444   0.00    0.0
2014/08/09 12:47:30.000  -12.843723874  131.132751727   123.6935   5   9   2.0490   1.6531   5.4833  -0.9722   1.0406  -1.7779   0.00    0.0
2014/08/09 12:48:00.000  -12.843725367  131.132752457   124.1723   5   9   2.0524   1.6542   5.5106  -0.9745   1.0677  -1.8112   0.00    0.0
2014/08/09 12:48:30.000  -12.843725547  131.132752267   124.2856   5   9   2.0560   1.6554   5.5382  -0.9770   1.0944  -1.8443   0.00    0.0
2014/08/09 12:49:00.000  -12.843725107  131.132751268   123.9775   5   9   2.0597   1.6566   5.5662  -0.9797   1.1209  -1.8772   0.00    0.0
2014/08/09 12:49:30.000  -12.843724615  131.132751779   124.2798   5   9   2.0636   1.6579   5.5945  -0.9825   1.1470  -1.9099   0.00    0.0
2014/08/09 12:50:00.000  -12.843723957  131.132752208   124.7753   5   9   2.0677   1.6593   5.6232  -0.9855   1.1728  -1.9424   0.00    0.0
2014/08/09 12:50:30.000  -12.843722715  131.132751643   124.5770   5   9   2.0720   1.6608   5.6523  -0.9887   1.1983  -1.9748   0.00    0.0
2014/08/09 12:51:00.000  -12.843722358  131.132751149   124.2206   5   9   2.0764   1.6623   5.6817  -0.9920   1.2236  -2.0070   0.00    0.0
2014/08/09 12:51:30.000  -12.843722708  131.132750632   124.1057   5   9   2.0810   1.6639   5.7114  -0.9955   1.2487  -2.0390   0.00    0.0
2014/08/09 12:52:00.000  -12.843723306  131.132751328   124.2807   5   9   2.0858   1.6656   5.7414  -0.9991   1.2735  -2.0709   0.00    0.0
2014/08/09 12:52:30.000  -12.843724174  131.132751112   123.7023   5   9   2.0907   1.6673   5.7718  -1.0029   1.2982  -2.1027   0.00    0.0
2014/08/09 12:53:00.000  -12.843724248  131.132751064   123.9642   5   9   2.0958   1.6691   5.8024  -1.0068   1.3226  -2.1343   0.00    0.0
2014/08/09 12:53:30.000  -12.843723451  131.132748668   123.5252   5   9   2.1011   1.6710   5.8332  -1.0109   1.3469  -2.1658   0.00    0.0
2014/08/09 12:54:00.000  -12.843725077  131.132750231   123.8861   5   9   2.1065   1.6729   5.8644  -1.0152   1.3709  -2.1971   0.00    0.0
2014/08/09 12:54:30.000  -12.843726077  131.132750332   123.7092   5   9   2.1121   1.6750   5.8957  -1.0195   1.3948  -2.2283   0.00    0.0
2014/08/09 12:55:00.000  -12.843726030  131.132751741   124.0519   5   9   2.1178   1.6771   5.9273  -1.0240   1.4185  -2.2593   0.00    0.0
2014/08/09 12:55:30.000  -12.843726040  131.132752169   124.3837   5   9   2.1237   1.6792   5.9590  -1.0287   1.4420  -2.2902   0.00    0.0
2014/08/09 12:56:00.000  -12.843725860  131.132752521   124.8351   5   9   2.1298   1.6814   5.9909  -1.0335   1.4654  -2.3209   0.00    0.0
2014/08/09 12:56:30.000  -12.843726079  131.132752981   125.3933   5   9   2.1359   1.6837   6.0229  -1.0384   1.4885  -2.3514   0.00    0.0
2014/08/09 12:57:00.000  -12.843724986  131.132753841   125.6587   5   9   2.1422   1.6861   6.0551  -1.0434   1.5116  -2.3818   0.00    0.0
2014/08/09 12:57:30.000  -12.843724111  131.132752409   125.1861   5   9   2.1487   1.6885   6.0873  -1.0485   1.5344  -2.4120   0.00    0.0
2014/08/09 12:58:00.000  -12.843723805  131.132752489   125.1462   5   9   2.1552   1.6910   6.1196  -1.0538   1.5571  -2.4420   0.00    0.0
2014/08/09 12:58:30.000  -12.843723402  131.132752381   125.0028   5   9   2.1619   1.6936   6.1520  -1.0591   1.5796  -2.4717   0.00    0.0
2014/08/09 12:59:00.000  -12.843723438  131.132752386   124.7165   5   9   2.1687   1.6962   6.1843  -1.0645   1.6019  -2.5013   0.00    0.0
2014/08/09 12:59:30.000  -12.843723493  131.132751348   124.8112   5   9   2.1756   1.6988   6.2165  -1.0701   1.6240  -2.5306   0.00    0.0
2014/08/09 13:00:00.000  -12.843721839  131.132747727   124.2639   5   9   2.1821   1.6975   5.8222  -1.0733   1.7253  -2.5788   0.00    0.0
2014/08/09 13:00:30.000  -12.843721607  131.132748246   124.0251   5   9   2.1892   1.7004   5.8606  -1.0790   1.7447  -2.6073   0.00    0.0
2014/08/09 13:01:00.000  -12.843721926  131.132749797   124.4891   5   9   2.1963   1.7033   5.8991  -1.0848   1.7640  -2.6357   0.00    0.0
2014/08/09 13:01:30.000  -12.843722914  131.132750364   125.0328   5   9   2.2035   1.7063   5.9376  -1.0906   1.7831  -2.6639   0.00    0.0
2014/08/09 13:02:00.000  -12.843724606  131.132749653   125.2739   5   9   2.2107   1.7093   5.9760  -1.0965   1.8022  -2.6919   0.00    0.0
2014/08/09 13:02:30.000  -12.843726419  131.132750718   125.7897   5   9   2.2180   1.7124   6.0144  -1.1023   1.8211  -2.7197   0.00    0.0
2014/08/09 13:03:00.000  -12.843726936  131.132751420   125.9272   5   9   2.2253   1.7155   6.0526  -1.1082   1.8398  -2.7472   0.00    0.0
2014/08/09 13:03:30.000  -12.843726321  131.132751193   125.6689   5   9   2.2326   1.7186   6.0907  -1.1141   1.8584  -2.7744   0.00    0.0
2014/08/09 13:04:00.000  -12.843726730  131.132752251   125.9362   5   9   2.2399   1.7218   6.1286  -1.1200   1.8768  -2.8013   0.00    0.0
2014/08/09 13:04:30.000  -12.843726105  131.132750923   125.4018   5   9   2.2472   1.7249   6.1662  -1.1258   1.8950  -2.8279   0.00    0.0
2014/08/09 13:05:00.000  -12.843725704  131.132749776   125.2691   5   9   2.2544   1.7282   6.2034  -1.1316   1.9130  -2.8541   0.00    0.0
2014/08/09 13:05:30.000  -12.843725955  131.132749325   125.5844   5   9   2.2617   1.7314   6.2403  -1.1374   1.9308  -2.8799   0.00    0.0
2014/08/09 13:06:00.000  -12.843727309  131.132750684   126.0419   5   9   2.2688   1.7346   6.2767  -1.1431   1.9483  -2.9053   0.00    0.0
2014/08/09 13:06:30.000  -12.843727100  131.132751029   125.9514   5   9   2.2759   1.7379   6.3127  -1.1487   1.9656  -2.9302   0.00    0.0
2014/08/09 13:07:00.000  -12.843726664  131.132750843   125.7524   5   9   2.2829   1.7411   6.3480  -1.1543   1.9825  -2.9547   0.00    0.0
2014/08/09 13:07:30.000  -12.843726690  131.132750147   125.5366   5   9   2.2898   1.7444   6.3828  -1.1597   1.9991  -2.9786   0.00    0.0
2014/08/09 13:08:00.000  -12.843727491  131.132751258   125.7217   5   9   2.2966   1.7477   6.4168  -1.1651   2.0154  -3.0020   0.00    0.0
2014/08/09 13:08:30.000  -12.843729518  131.132752414   126.3663   5   9   2.3032   1.7509   6.4501  -1.1703   2.0314  -3.0247   0.00    0.0
2014/08/09 13:09:00.000  -12.843729295  131.132751418   126.0311   5   9   2.3097   1.7542   6.4826  -1.1754   2.0469  -3.0469   0.00    0.0
2014/08/09 13:09:30.000  -12.843725965  131.132750902   124.9497   5   8   2.7519   1.7674   8.0028  -1.0553   1.8380  -4.0404   0.00    0.0
2014/08/09 13:10:00.000  -12.843724740  131.132750248   124.8122   5   8   2.7773   1.7696   8.0965  -1.0644   1.8611  -4.0994   0.00    0.0
2014/08/09 13:10:30.000  -12.843724709  131.132751061   125.7136   5   8   2.8030   1.7719   8.1908  -1.0735   1.8842  -4.1586   0.00    0.0
2014/08/09 13:11:00.000  -12.843724075  131.132750326   125.9647   5   8   2.8289   1.7741   8.2859  -1.0827   1.9071  -4.2181   0.00    0.0
2014/08/09 13:11:30.000  -12.843723175  131.132749771   125.3836   5   8   2.8552   1.7764   8.3814  -1.0919   1.9300  -4.2778   0.00    0.0
2014/08/09 13:12:00.000  -12.843723819  131.132750124   125.3705   5   8   2.8817   1.7787   8.4773  -1.1011   1.9526  -4.3374   0.00    0.0
2014/08/09 13:12:30.000  -12.843725995  131.132751500   125.9441   5   8   2.9083   1.7810   8.5734  -1.1103   1.9750  -4.3971   0.00    0.0
2014/08/09 13:13:00.000  -12.843725927  131.132751460   125.2430   5   8   2.9351   1.7833   8.6695  -1.1194   1.9972  -4.4566   0.00    0.0
2014/08/09 13:13:30.000  -12.843725729  131.132752165   125.0941   5   8   2.9619   1.7856   8.7653  -1.1285   2.0190  -4.5159   0.00    0.0
2014/08/09 13:14:00.000  -12.843726314  131.132752238   125.5656   5   8   2.9887   1.7880   8.8608  -1.1374   2.0405  -4.5749   0.00    0.0
2014/08/09 13:14:30.000  -12.843727719  131.132752560   126.2491   5   8   3.0155   1.7903   8.9556  -1.1462   2.0616  -4.6333   0.00    0.0
2014/08/09 13:15:00.000  -12.843728100  131.132751774   126.3598   5   8   3.0421   1.7927   9.0495  -1.1548   2.0822  -4.6911   0.00    0.0
2014/08/09 13:15:30.000  -12.843728013  131.132751184   126.6403   5   8   3.0686   1.7950   9.1423  -1.1632   2.1022  -4.7481   0.00    0.0
2014/08/09 13:16:00.000  -12.843727648  131.132751710   126.1210   5   8   3.0947   1.7973   9.2336  -1.1713   2.1216  -4.8042   0.00    0.0
2014/08/09 13:16:30.000  -12.843727648  131.132752828   125.9921   5   8   3.1204   1.7996   9.3232  -1.1791   2.1404  -4.8591   0.00    0.0
2014/08/09 13:17:00.000  -12.843726442  131.132752035   125.6751   5   8   3.1457   1.8019   9.4108  -1.1865   2.1584  -4.9128   0.00    0.0
2014/08/09 13:17:30.000  -12.843725635  131.132750552   125.5060   5   8   3.1704   1.8041   9.4960  -1.1935   2.1755  -4.9651   0.00    0.0
2014/08/09 13:18:00.000  -12.843725987  131.132751976   125.8508   5   8   3.1944   1.8063   9.5785  -1.2001   2.1918  -5.0157   0.00    0.0
2014/08/09 13:18:30.000  -12.843724585  131.132751776   125.6336   5   8   3.2177   1.8085   9.6580  -1.2062   2.2071  -5.0644   0.00    0.0
2014/08/09 13:19:00.000  -12.843723026  131.132750143   125.3172   5   8   3.2400   1.8106   9.7341  -1.2118   2.2213  -5.1111   0.00    0.0
2014/08/09 13:19:30.000  -12.843724701  131.132749706   125.9425   5   8   3.2614   1.8126   9.8065  -1.2167   2.2345  -5.1556   0.00    0.0
2014/08/09 13:20:00.000  -12.843727840  131.132749281   127.7902   5   7   3.4180   1.9966  11.6047  -0.8339  -0.1736  -5.7307   0.00    0.0
2014/08/09 13:20:30.000  -12.843729147  131.132749682   128.5762   5   7   3.4476   1.9962  11.7305  -0.8224  -0.2495  -5.7991   0.00    0.0
2014/08/09 13:21:00.000  -12.843728436  131.132748834   128.1582   5   7   3.4761   1.9958  11.8516  -0.8101  -0.3138  -5.8648   0.00    0.0
2014/08/09 13:21:30.000  -12.843728919  131.132748445   127.8013   5   7   3.5033   1.9955  11.9674  -0.7970  -0.3725  -5.9275   0.00    0.0
2014/08/09 13:22:00.000  -12.843731061  131.132749050   128.3830   5   7   3.5291   1.9952  12.0773  -0.7831  -0.4280  -5.9868   0.00    0.0
2014/08/09 13:22:30.000  -12.843731641  131.132748779   128.2407   5   7   3.5531   1.9950  12.1805  -0.7682  -0.4812  -6.0423   0.00    0.0
2014/08/09 13:23:00.000  -12.843731229  131.132749079   128.2508   5   7   3.5754   1.9948  12.2765  -0.7524  -0.5328  -6.0937   0.00    0.0
2014/08/09 13:23:30.000  -12.843731851  131.132749180   128.4642   5   7   3.5956   1.9947  12.3645  -0.7357  -0.5831  -6.1407   0.00    0.0
2014/08/09 13:24:00.000  -12.843733926  131.132750186   129.3644   5   7   3.6138   1.9947  12.4440  -0.7179  -0.6322  -6.1830   0.00    0.0
2014/08/09 13:24:30.000  -12.843732787  131.132749304   128.8233   5   7   3.6296   1.9947  12.5144  -0.6991  -0.6802  -6.2202   0.00    0.0
2014/08/09 13:25:00.000  -12.843731498  131.132749326   128.6338   5   7   3.6430   1.9948  12.5752  -0.6793  -0.7270  -6.2521   0.00    0.0
2014/08/09 13:25:30.000  -12.843730709  131.132749051   128.4825   5   7   3.6539   1.9949  12.6259  -0.6583  -0.7728  -6.2785   0.00    0.0
2014/08/09 13:26:00.000  -12.843730124  131.132748768   128.7295   5   7   3.6621   1.9951  12.6661  -0.6363  -0.8174  -6.2992   0.00    0.0
2014/08/09 13:26:30.000  -12.843730738  131.132748940   129.0917   5   7   3.6676   1.9954  12.6955  -0.6131  -0.8608  -6.3139   0.00    0.0
2014/08/09 13:27:00.000  -12.843729919  131.132748918   128.5967   5   7   3.6703   1.9957  12.7139  -0.5888  -0.9030  -6.3226   0.00    0.0
2014/08/09 13:27:30.000  -12.843731760  131.132749111   129.1852   5   7   3.6703   1.9961  12.7212  -0.5632  -0.9437  -6.3253   0.00    0.0
2014/08/09 13:28:00.000  -12.843731837  131.132748348   129.5031   5   7   3.6674   1.9966  12.7173  -0.5364  -0.9830  -6.3218   0.00    0.0
2014/08/09 13:28:30.000  -12.843731011  131.132747240   129.4404   5   7   3.6617   1.9971  12.7022  -0.5082  -1.0208  -6.3123   0.00    0.0
2014/08/09 13:29:00.000  -12.843731645  131.132747798   129.6738   5   7   3.6533   1.9978  12.6761  -0.4786  -1.0571  -6.2968   0.00    0.0
2014/08/09 13:29:30.000  -12.843730648  131.132748199   128.9734   5   7   3.6421   1.9984  12.6392  -0.4474  -1.0917  -6.2754   0.00    0.0
2014/08/09 13:30:00.000  -12.843728617  131.132748424   128.1679   5   7   3.6284   1.9992  12.5919  -0.4143  -1.1247  -6.2484   0.00    0.0
2014/08/09 13:30:30.000  -12.843727013  131.132748755   128.0135   5   7   3.6122   2.0000  12.5345  -0.3791  -1.1559  -6.2158   0.00    0.0
2014/08/09 13:31:00.000  -12.843725223  131.132747761   128.1810   5   7   3.5936   2.0008  12.4675  -0.3413  -1.1854  -6.1781   0.00    0.0
2014/08/09 13:31:30.000  -12.843724736  131.132747730   128.2675   5   7   3.5728   2.0018  12.3914  -0.2999  -1.2132  -6.1354   0.00    0.0
2014/08/09 13:32:00.000  -12.843723753  131.132748219   128.0249   5   7   3.5499   2.0028  12.3068  -0.2533  -1.2392  -6.0880   0.00    0.0
2014/08/09 13:32:30.000  -12.843722645  131.132747911   127.2807   5   7   3.5250   2.0038  12.2143  -0.1983  -1.2635  -6.0363   0.00    0.0
2014/08/09 13:33:00.000  -12.843724331  131.132749113   127.6009   5   7   3.4985   2.0049  12.1145  -0.1240  -1.2860  -5.9807   0.00    0.0
2014/08/09 13:33:30.000  -12.843725607  131.132749841   127.5955   5   7   3.4703   2.0061  12.0080   0.0870  -1.3069  -5.9214   0.00    0.0
2014/08/09 13:34:00.000  -12.843726462  131.132750209   127.2519   5   7   3.4407   2.0073  11.8956   0.1719  -1.3261  -5.8588   0.00    0.0
2014/08/09 13:34:30.000  -12.843727338  131.132750074   127.2577   5   7   3.4099   2.0086  11.7779   0.2247  -1.3436  -5.7933   0.00    0.0
2014/08/09 13:35:00.000  -12.843727968  131.132749399   127.0459   5   7   3.3781   2.0100  11.6556   0.2654  -1.3597  -5.7252   0.00    0.0
2014/08/09 13:35:30.000  -12.843727402  131.132748235   126.9845   5   7   3.3454   2.0114  11.5292   0.2989  -1.3742  -5.6548   0.00    0.0
2014/08/09 13:36:00.000  -12.843726644  131.132747636   127.2366   5   7   3.3119   2.0128  11.3995   0.3275  -1.3872  -5.5825   0.00    0.0
2014/08/09 13:36:30.000  -12.843727588  131.132747202   127.6188   5   7   3.2778   2.0143  11.2669   0.3524  -1.3989  -5.5086   0.00    0.0
2014/08/09 13:37:00.000  -12.843726642  131.132747600   127.3166   5   7   3.2433   2.0158  11.1320   0.3744  -1.4092  -5.4334   0.00    0.0
2014/08/09 13:37:30.000  -12.843725553  131.132747564   127.3684   5   7   3.2085   2.0174  10.9954   0.3940  -1.4183  -5.3571   0.00    0.0
2014/08/09 13:38:00.000  -12.843724755  131.132747868   126.6304   5   7   3.1735   2.0190  10.8575   0.4115  -1.4262  -5.2800   0.00    0.0
2014/08/09 13:38:30.000  -12.843723903  131.132747992   126.5710   5   7   3.1384   2.0207  10.7189   0.4274  -1.4330  -5.2024   0.00    0.0
2014/08/09 13:39:00.000  -12.843723917  131.132748521   126.6728   5   7   3.1034   2.0224  10.5798   0.4417  -1.4387  -5.1244   0.00    0.0
2014/08/09 13:39:30.000  -12.843723566  131.132748924   126.7260   5   7   3.0685   2.0241  10.4408   0.4548  -1.4434  -5.0463   0.00    0.0
2014/08/09 13:40:00.000  -12.843723491  131.132748942   126.9302   5   7   3.0339   2.0259  10.3021   0.4667  -1.4472  -4.9683   0.00    0.0
2014/08/09 13:40:30.000  -12.843724147  131.132748626   126.9864   5   7   2.9995   2.0278  10.1640   0.4776  -1.4501  -4.8905   0.00    0.0
2014/08/09 13:41:00.000  -12.843725538  131.132744596   129.4612   5   6   3.0929   2.8389  15.6795   1.4079  -5.1026  -5.8102   0.00    0.0
2014/08/09 13:41:30.000  -12.843725131  131.132743767   129.9716   5   6   3.0579   2.8510  15.6173   1.4087  -5.1271  -5.7384   0.00    0.0
2014/08/09 13:42:00.000  -12.843723540  131.132744470   128.6476   5   6   3.0226   2.8624  15.5471   1.4072  -5.1478  -5.6636   0.00    0.0
2014/08/09 13:42:30.000  -12.843723051  131.132744911   127.6424   5   6   2.9871   2.8731  15.4693   1.4034  -5.1646  -5.5861   0.00    0.0
2014/08/09 13:43:00.000  -12.843724224  131.132743309   128.9087   5   6   2.9516   2.8832  15.3843   1.3975  -5.1778  -5.5060   0.00    0.0
2014/08/09 13:43:30.000  -12.843724711  131.132742106   129.0724   5   6   2.9162   2.8925  15.2925   1.3896  -5.1875  -5.4236   0.00    0.0
2014/08/09 13:44:00.000  -12.843724667  131.132740686   129.9758   5   6   2.8810   2.9012  15.1944   1.3798  -5.1937  -5.3391   0.00    0.0
2014/08/09 13:44:30.000  -12.843724351  131.132740735   129.5458   5   6   2.8460   2.9092  15.0904   1.3682  -5.1966  -5.2527   0.00    0.0
2014/08/09 13:45:00.000  -12.843724149  131.132741858   128.8894   5   6   2.8113   2.9165  14.9810   1.3549  -5.1963  -5.1647   0.00    0.0
2014/08/09 13:45:30.000  -12.843724462  131.132742139   129.3773   5   6   2.7771   2.9230  14.8667   1.3400  -5.1930  -5.0752   0.00    0.0
2014/08/09 13:46:00.000  -12.843724516  131.132742581   129.0344   5   6   2.7433   2.9289  14.7478   1.3237  -5.1869  -4.9846   0.00    0.0
2014/08/09 13:46:30.000  -12.843723821  131.132743263   129.0956   5   6   2.7101   2.9341  14.6249   1.3060  -5.1780  -4.8928   0.00    0.0
2014/08/09 13:47:00.000  -12.843723203  131.132742823   129.4911   5   6   2.6776   2.9387  14.4984   1.2870  -5.1666  -4.8003   0.00    0.0
2014/08/09 13:47:30.000  -12.843723294  131.132742538   128.5986   5   6   2.6457   2.9426  14.3687   1.2668  -5.1528  -4.7071   0.00    0.0
2014/08/09 13:48:00.000  -12.843722829  131.132743334   128.2613   5   6   2.6145   2.9459  14.2363   1.2456  -5.1367  -4.6134   0.00    0.0
2014/08/09 13:48:30.000  -12.843723126  131.132743867   128.0238   5   6   2.5840   2.9486  14.1015   1.2233  -5.1186  -4.5193   0.00    0.0
2014/08/09 13:49:00.000  -12.843722394  131.132744255   126.9613   5   6   2.5544   2.9508  13.9646   1.2001  -5.0984  -4.4251   0.00    0.0
2014/08/09 13:49:30.000  -12.843721831  131.132742192   128.0246   5   6   2.5256   2.9524  13.8261   1.1760  -5.0765  -4.3308   0.00    0.0
2014/08/09 13:50:00.000  -12.843721331  131.132741454   128.2428   5   6   2.4976   2.9534  13.6863   1.1512  -5.0529  -4.2365   0.00    0.0
2014/08/09 13:50:30.000  -12.843721362  131.132741480   127.4540   5   6   2.4706   2.9540  13.5456   1.1256  -5.0277  -4.1425   0.00    0.0
2014/08/09 13:51:00.000  -12.843721263  131.132742490   127.7864   5   6   2.4444   2.9542  13.4041   1.0994  -5.0012  -4.0487   0.00    0.0
2014/08/09 13:51:30.000  -12.843721603  131.132742781   127.5222   5   6   2.4190   2.9539  13.2622   1.0725  -4.9733  -3.9553   0.00    0.0
2014/08/09 13:52:00.000  -12.843721369  131.132741533   127.8100   5   6   2.3946   2.9532  13.1202   1.0451  -4.9443  -3.8624   0.00    0.0
2014/08/09 13:52:30.000  -12.843719859  131.132740968   128.4720   5   6   2.3711   2.9521  12.9782   1.0173  -4.9142  -3.7700   0.00    0.0
2014/08/09 13:53:00.000  -12.843718221  131.132741733   127.8856   5   6   2.3485   2.9506  12.8365   0.9889  -4.8832  -3.6781   0.00    0.0
2014/08/09 13:53:30.000  -12.843717919  131.132742274   127.5861   5   6   2.3268   2.9489  12.6953   0.9601  -4.8513  -3.5869   0.00    0.0
2014/08/09 13:54:00.000  -12.843717712  131.132742937   127.4333   5   6   2.3060   2.9468  12.5548   0.9309  -4.8187  -3.4964   0.00    0.0
2014/08/09 13:54:30.000  -12.843718796  131.132741994   127.2100   5   6   2.2860   2.9445  12.4151   0.9014  -4.7853  -3.4066   0.00    0.0
2014/08/09 13:55:00.000  -12.843720948  131.132740157   127.6918   5   6   2.2669   2.9418  12.2764   0.8714  -4.7514  -3.3175   0.00    0.0
2014/08/09 13:55:30.000  -12.843722651  131.132739137   128.8771   5   6   2.2486   2.9390  12.1389   0.8412  -4.7170  -3.2292   0.00    0.0
2014/08/09 13:56:00.000  -12.843723456  131.132738679   129.0694   5   6   2.2311   2.9359  12.0025   0.8106  -4.6821  -3.1416   0.00    0.0
2014/08/09 13:56:30.000  -12.843723463  131.132739337   128.2205   5   6   2.2145   2.9327  11.8675   0.7796  -4.6468  -3.0549   0.00    0.0
2014/08/09 13:57:00.000  -12.843722259  131.132739358   128.2681   5   6   2.1986   2.9293  11.7340   0.7484  -4.6113  -2.9688   0.00    0.0
2014/08/09 13:57:30.000  -12.843722492  131.132739587   128.0107   5   6   2.1835   2.9257  11.6019   0.7167  -4.5754  -2.8835   0.00    0.0
2014/08/09 13:58:00.000  -12.843722222  131.132740203   127.8587   5   6   2.1691   2.9220  11.4714   0.6847  -4.5394  -2.7990   0.00    0.0
2014/08/09 13:58:30.000  -12.843722072  131.132739174   128.2668   5   6   2.1554   2.9181  11.3426   0.6522  -4.5031  -2.7152   0.00    0.0
2014/08/09 13:59:00.000  -12.843722105  131.132739809   128.0344   5   6   2.1424   2.9142  11.2155   0.6193  -4.4668  -2.6320   0.00    0.0
2014/08/09 13:59:30.000  -12.843721462  131.132738997   128.0981   5   6   2.1301   2.9101  11.0901   0.5858  -4.4304  -2.5495   0.00    0.0
2014/08/09 14:00:00.000  -12.843719893  131.132738964   128.0782   5   6   2.1184   2.9060  10.9665   0.5516  -4.3939  -2.4676   0.00    0.0
2014/08/09 14:00:30.000  -12.843719473  131.132741247   127.4239   5   6   2.1074   2.9018  10.8447   0.5167  -4.3575  -2.3863   0.00    0.0
2014/08/09 14:01:00.000  -12.843718983  131.132742564   127.2254   5   6   2.0969   2.8976  10.7247   0.4808  -4.3210  -2.3054   0.00    0.0
2014/08/09 14:01:30.000  -12.843719958  131.132743400   127.3051   5   6   2.0870   2.8933  10.6065   0.4437  -4.2846  -2.2250   0.00    0.0
2014/08/09 14:02:00.000  -12.843719736  131.132742178   127.3142   5   6   2.0777   2.8890  10.4902   0.4051  -4.2483  -2.1450   0.00    0.0
2014/08/09 14:02:30.000  -12.843719395  131.132740123   127.7343   5   6   2.0688   2.8847  10.3758   0.3644  -4.2121  -2.0652   0.00    0.0
2014/08/09 14:03:00.000  -12.843718944  131.132740084   127.4797   5   6   2.0605   2.8804  10.2632   0.3209  -4.1759  -1.9856   0.00    0.0
2014/08/09 14:03:30.000  -12.843718898  131.132740041   127.1912   5   6   2.0527   2.8761  10.1525   0.2732  -4.1400  -1.9061   0.00    0.0
2014/08/09 14:04:00.000  -12.843718714  131.132740097   127.5941   5   6   2.0453   2.8718  10.0436   0.2183  -4.1041  -1.8265   0.00    0.0
2014/08/09 14:04:30.000  -12.843718490  131.132740252   127.5728   5   6   2.0384   2.8675   9.9366   0.1488  -4.0685  -1.7468   0.00    0.0
2014/08/09 14:05:00.000  -12.843718781  131.132740413   126.8415   5   6   2.0319   2.8632   9.8313  -0.0450  -4.0330  -1.6666   0.00    0.0
2014/08/09 14:05:30.000  -12.843717901  131.132739553   126.8940   5   6   2.0258   2.8590   9.7279  -0.1576  -3.9976  -1.5860   0.00    0.0
2014/08/09 14:06:00.000  -12.843717062  131.132740172   126.8257   5   6   2.0200   2.8548   9.6263  -0.2152  -3.9625  -1.5045   0.00    0.0
2014/08/09 14:06:30.000  -12.843717141  131.132741058   126.4632   5   6   2.0147   2.8506   9.5265  -0.2578  -3.9276  -1.4220   0.00    0.0
2014/08/09 14:07:00.000  -12.843717150  131.132740500   126.5234   5   6   2.0097   2.8465   9.4284  -0.2922  -3.8929  -1.3380   0.00    0.0
2014/08/09 14:07:30.000  -12.843717842  131.132740748   126.0814   5   6   2.0050   2.8425   9.3321  -0.3209  -3.8584  -1.2522   0.00    0.0
2014/08/09 14:08:00.000  -12.843717935  131.132741638   125.9838   5   6   2.0006   2.8385   9.2375  -0.3456  -3.8242  -1.1639   0.00    0.0
2014/08/09 14:08:30.000  -12.843718931  131.132740700   126.2591   5   6   1.9966   2.8346   9.1446  -0.3669  -3.7901  -1.0724   0.00    0.0
2014/08/09 14:09:00.000  -12.843718562  131.132739207   127.4847   5   6   1.9928   2.8308   9.0533  -0.3856  -3.7563  -0.9766   0.00    0.0
2014/08/09 14:09:30.000  -12.843717162  131.132738278   127.8427   5   6   1.9893   2.8270   8.9637  -0.4020  -3.7227  -0.8749   0.00    0.0
2014/08/09 14:10:00.000  -12.843717178  131.132738357   127.5082   5   6   1.9860   2.8234   8.8757  -0.4164  -3.6893  -0.7647   0.00    0.0
2014/08/09 14:10:30.000  -12.843717748  131.132738081   127.2862   5   6   1.9830   2.8198   8.7893  -0.4290  -3.6562  -0.6414   0.00    0.0
2014/08/09 14:11:00.000  -12.843717747  131.132738042   127.3073   5   6   1.9803   2.8163   8.7045  -0.4401  -3.6233  -0.4951   0.00    0.0
2014/08/09 14:11:30.000  -12.843717230  131.132739481   127.0804   5   6   1.9777   2.8129   8.6212  -0.4498  -3.5906  -0.2923   0.00    0.0
2014/08/09 14:12:00.000  -12.843716890  131.132739793   126.7758   5   6   1.9754   2.8095   8.5395  -0.4582  -3.5582   0.2602   0.00    0.0
2014/08/09 14:12:30.000  -12.843716455  131.132739008   126.9716   5   6   1.9733   2.8063   8.4592  -0.4653  -3.5259   0.4633   0.00    0.0
2014/08/09 14:13:00.000  -12.843716513  131.132737860   127.4565   5   6   1.9713   2.8032   8.3804  -0.4713  -3.4939   0.5964   0.00    0.0
2014/08/09 14:13:30.000  -12.843716896  131.132737728   127.4430   5   6   1.9696   2.8002   8.3030  -0.4763  -3.4621   0.7008   0.00    0.0
2014/08/09 14:14:00.000  -12.843718276  131.132738044   126.8528   5   6   1.9680   2.7973   8.2270  -0.4802  -3.4306   0.7881   0.00    0.0
2014/08/09 14:14:30.000  -12.843718000  131.132736963   126.6469   5   6   1.9666   2.7945   8.1524  -0.4832  -3.3992   0.8636   0.00    0.0
2014/08/09 14:15:00.000  -12.843716779  131.132736770   126.7605   5   6   1.9653   2.7918   8.0792  -0.4853  -3.3681   0.9304   0.00    0.0
2014/08/09 14:15:30.000  -12.843715773  131.132738229   126.8440   5   6   1.9642   2.7892   8.0073  -0.4864  -3.3371   0.9902   0.00    0.0
2014/08/09 14:16:00.000  -12.843715324  131.132738711   127.0631   5   6   1.9632   2.7868   7.9367  -0.4868  -3.3064   1.0445   0.00    0.0
2014/08/09 14:16:30.000  -12.843715353  131.132738800   126.9022   5   6   1.9624   2.7844   7.8674  -0.4862  -3.2759   1.0940   0.00    0.0
2014/08/09 14:17:00.000  -12.843715835  131.132739286   126.6406   5   6   1.9617   2.7822   7.7993  -0.4849  -3.2455   1.1396   0.00    0.0
2014/08/09 14:17:30.000  -12.843715389  131.132738526   126.7961   5   6   1.9611   2.7801   7.7325  -0.4827  -3.2154   1.1817   0.00    0.0
2014/08/09 14:18:00.000  -12.843716194  131.132739044   126.7355   5   6   1.9606   2.7782   7.6669  -0.4798  -3.1854   1.2208   0.00    0.0
2014/08/09 14:18:30.000  -12.843716337  131.132737945   126.2962   5   6   1.9603   2.7763   7.6025  -0.4760  -3.1556   1.2572   0.00    0.0
2014/08/09 14:19:00.000  -12.843715187  131.132737175   126.3458   5   6   1.9600   2.7746   7.5392  -0.4715  -3.1260   1.2912   0.00    0.0
2014/08/09 14:19:30.000  -12.843714451  131.132737238   126.8115   5   6   1.9598   2.7730   7.4771  -0.4661  -3.0965   1.3230   0.00    0.0
2014/08/09 14:20:00.000  -12.843715804  131.132736956   126.6154   5   6   1.9598   2.7716   7.4161  -0.4599  -3.0672   1.3529   0.00    0.0
2014/08/09 14:20:30.000  -12.843716650  131.132737574   126.2446   5   6   1.9598   2.7702   7.3561  -0.4529  -3.0380   1.3810   0.00    0.0
2014/08/09 14:21:00.000  -12.843717152  131.132739129   126.1007   5   6   1.9599   2.7690   7.2973  -0.4451  -3.0090   1.4075   0.00    0.0
2014/08/09 14:21:30.000  -12.843718507  131.132740278   126.0916   5   6   1.9601   2.7680   7.2395  -0.4363  -2.9802   1.4325   0.00    0.0
2014/08/09 14:22:00.000  -12.843717801  131.132739492   126.5233   5   6   1.9604   2.7671   7.1827  -0.4266  -2.9515   1.4561   0.00    0.0
2014/08/09 14:22:30.000  -12.843716351  131.132737717   126.9965   5   6   1.9607   2.7663   7.1270  -0.4159  -2.9229   1.4785   0.00    0.0
2014/08/09 14:23:00.000  -12.843716220  131.132737873   127.0406   5   6   1.9611   2.7657   7.0722  -0.4042  -2.8944   1.4997   0.00    0.0
2014/08/09 14:23:30.000  -12.843716731  131.132738117   126.6901   5   6   1.9616   2.7652   7.0185  -0.3914  -2.8661   1.5198   0.00    0.0
2014/08/09 14:24:00.000  -12.843716572  131.132738431   126.7069   5   6   1.9622   2.7648   6.9656  -0.3773  -2.8378   1.5388   0.00    0.0
2014/08/09 14:24:30.000  -12.843716640  131.132739778   126.7108   5   6   1.9628   2.7646   6.9138  -0.3619  -2.8097   1.5570   0.00    0.0
2014/08/09 14:25:00.000  -12.843715976  131.132739221   126.5537   5   6   1.9634   2.7646   6.8628  -0.3450  -2.7816   1.5742   0.00    0.0
2014/08/09 14:25:30.000  -12.843715320  131.132738891   126.1684   5   6   1.9642   2.7646   6.8127  -0.3264  -2.7537   1.5906   0.00    0.0
2014/08/09 14:26:00.000  -12.843714953  131.132739797   126.0732   5   6   1.9650   2.7649   6.7635  -0.3057  -2.7258   1.6063   0.00    0.0
2014/08/09 14:26:30.000  -12.843714894  131.132740656   126.2163   5   6   1.9658   2.7653   6.7152  -0.2825  -2.6980   1.6212   0.00    0.0
2014/08/09 14:27:00.000  -12.843714677  131.132738852   126.2909   5   6   1.9667   2.7658   6.6678  -0.2562  -2.6703   1.6354   0.00    0.0
2014/08/09 14:27:30.000  -12.843714351  131.132736611   126.4609   5   6   1.9676   2.7665   6.6211  -0.2258  -2.6426   1.6490   0.00    0.0
2014/08/09 14:28:00.000  -12.843715662  131.132735667   126.6319   5   6   1.9686   2.7673   6.5753  -0.1891  -2.6149   1.6620   0.00    0.0
2014/08/09 14:28:30.000  -12.843716743  131.132735101   127.0384   5   6   1.9696   2.7683   6.5303  -0.1416  -2.5874   1.6744   0.00    0.0
2014/08/09 14:29:00.000  -12.843716695  131.132734812   127.3276   5   6   1.9707   2.7695   6.4861  -0.0619  -2.5598   1.6863   0.00    0.0
2014/08/09 14:29:30.000  -12.843716156  131.132733431   126.6145   5   7   1.9651   2.6249   6.0587   0.3962  -2.8907   1.7994   0.00    0.0
2014/08/09 14:30:00.000  -12.843715654  131.132735834   126.3660   5   7   1.9667   2.6192   6.0299   0.4146  -2.8674   1.8039   0.00    0.0
2014/08/09 14:30:30.000  -12.843715097  131.132737397   126.1861   5   7   1.9684   2.6136   6.0012   0.4324  -2.8440   1.8082   0.00    0.0
2014/08/09 14:31:00.000  -12.843715393  131.132737646   126.1615   5   7   1.9701   2.6081   5.9726   0.4498  -2.8205   1.8123   0.00    0.0
2014/08/09 14:31:30.000  -12.843715504  131.132739494   126.1276   5   7   1.9718   2.6026   5.9441   0.4667  -2.7969   1.8163   0.00    0.0
2014/08/09 14:32:00.000  -12.843714910  131.132740264   126.3812   5   7   1.9736   2.5972   5.9158   0.4831  -2.7733   1.8202   0.00    0.0
2014/08/09 14:32:30.000  -12.843714631  131.132738655   126.6439   5   7   1.9753   2.5918   5.8877   0.4992  -2.7495   1.8239   0.00    0.0
2014/08/09 14:33:00.000  -12.843714763  131.132735863   126.8560   5   7   1.9771   2.5866   5.8597   0.5150  -2.7257   1.8275   0.00    0.0
2014/08/09 14:33:30.000  -12.843716327  131.132735081   126.9694   5   7   1.9788   2.5814   5.8319   0.5305  -2.7019   1.8310   0.00    0.0
2014/08/09 14:34:00.000  -12.843716612  131.132735513   127.1471   5   7   1.9806   2.5763   5.8042   0.5456  -2.6779   1.8343   0.00    0.0
2014/08/09 14:34:30.000  -12.843716531  131.132735109   127.0836   5   7   1.9824   2.5712   5.7768   0.5605  -2.6540   1.8376   0.00    0.0
2014/08/09 14:35:00.000  -12.843715800  131.132737461   127.1289   5   7   1.9842   2.5663   5.7496   0.5752  -2.6300   1.8407   0.00    0.0
2014/08/09 14:35:30.000  -12.843715197  131.132737171   127.2434   5   7   1.9860   2.5615   5.7225   0.5895  -2.6059   1.8437   0.00    0.0
2014/08/09 14:36:00.000  -12.843715998  131.132735564   127.2660   5   7   1.9878   2.5567   5.6957   0.6037  -2.5818   1.8466   0.00    0.0
2014/08/09 14:36:30.000  -12.843716896  131.132735691   126.9695   5   7   1.9897   2.5521   5.6691   0.6176  -2.5577   1.8494   0.00    0.0
2014/08/09 14:37:00.000  -12.843717493  131.132736416   126.8618   5   7   1.9915   2.5475   5.6427   0.6314  -2.5335   1.8522   0.00    0.0
2014/08/09 14:37:30.000  -12.843716294  131.132736756   127.0550   5   7   1.9934   2.5430   5.6166   0.6449  -2.5094   1.8548   0.00    0.0
2014/08/09 14:38:00.000  -12.843714493  131.132735839   127.0167   5   7   1.9952   2.5387   5.5907   0.6582  -2.4851   1.8573   0.00    0.0
2014/08/09 14:38:30.000  -12.843713377  131.132735677   126.9278   5   7   1.9971   2.5344   5.5650   0.6714  -2.4609   1.8598   0.00    0.0
2014/08/09 14:39:00.000  -12.843713152  131.132735230   127.0263   5   7   1.9989   2.5303   5.5396   0.6844  -2.4366   1.8621   0.00    0.0
2014/08/09 14:39:30.000  -12.843713699  131.132734532   127.0647   5   7   2.0008   2.5262   5.5144   0.6972  -2.4124   1.8644   0.00    0.0
2014/08/09 14:40:00.000  -12.843714320  131.132734475   126.8900   5   7   2.0027   2.5223   5.4895   0.7098  -2.3880   1.8666   0.00    0.0
2014/08/09 14:40:30.000  -12.843714470  131.132734985   126.8803   5   7   2.0046   2.5185   5.4649   0.7223  -2.3637   1.8688   0.00    0.0
2014/08/09 14:41:00.000  -12.843715009  131.132736542   126.7956   5   7   2.0064   2.5147   5.4405   0.7346  -2.3394   1.8708   0.00    0.0
2014/08/09 14:41:30.000  -12.843715242  131.132736700   126.9114   5   7   2.0083   2.5111   5.4164   0.7468  -2.3150   1.8728   0.00    0.0
2014/08/09 14:42:00.000  -12.843715379  131.132737333   126.8416   5   7   2.0102   2.5076   5.3925   0.7588  -2.2906   1.8747   0.00    0.0
2014/08/09 14:42:30.000  -12.843715224  131.132736987   126.7374   5   7   2.0121   2.5042   5.3689   0.7707  -2.2663   1.8766   0.00    0.0
2014/08/09 14:43:00.000  -12.843715820  131.132735946   126.6202   5   7   2.0139   2.5010   5.3456   0.7825  -2.2418   1.8784   0.00    0.0
2014/08/09 14:43:30.000  -12.843716450  131.132735709   126.7598   5   7   2.0158   2.4978   5.3226   0.7941  -2.2174   1.8801   0.00    0.0
2014/08/09 14:44:00.000  -12.843716789  131.132736436   127.1438   5   7   2.0177   2.4948   5.2998   0.8055  -2.1930   1.8818   0.00    0.0
2014/08/09 14:44:30.000  -12.843717023  131.132735212   126.9286   5   7   2.0196   2.4918   5.2773   0.8169  -2.1685   1.8834   0.00    0.0
2014/08/09 14:45:00.000  -12.843714173  131.132737001   126.7086   5   7   2.0214   2.4890   5.2551   0.8281  -2.1440   1.8850   0.00    0.0
2014/08/09 14:45:30.000  -12.843711600  131.132739230   126.7373   5   7   2.0233   2.4863   5.2332   0.8392  -2.1195   1.8865   0.00    0.0
2014/08/09 14:46:00.000  -12.843710928  131.132741947   126.2166   5   8   1.9384   2.1450   4.8220  -0.1069  -1.3832   2.1733   0.00    0.0
2014/08/09 14:46:30.000  -12.843712360  131.132740878   126.1155   5   8   1.9388   2.1435   4.8125   0.0457  -1.3628   2.1723   0.00    0.0
2014/08/09 14:47:00.000  -12.843712826  131.132740675   126.2264   5   8   1.9391   2.1420   4.8031   0.1247  -1.3423   2.1712   0.00    0.0
2014/08/09 14:47:30.000  -12.843713743  131.132739653   126.2144   5   8   1.9395   2.1406   4.7936   0.1702  -1.3215   2.1701   0.00    0.0
2014/08/09 14:48:00.000  -12.843714918  131.132740385   126.1697   5   8   1.9398   2.1392   4.7843   0.2056  -1.3005   2.1688   0.00    0.0
2014/08/09 14:48:30.000  -12.843714501  131.132739952   126.2465   5   8   1.9400   2.1379   4.7749   0.2357  -1.2794   2.1675   0.00    0.0
2014/08/09 14:49:00.000  -12.843713945  131.132738191   126.4475   5   8   1.9403   2.1366   4.7656   0.2622  -1.2580   2.1662   0.00    0.0
2014/08/09 14:49:30.000  -12.843714332  131.132738781   126.7169   5   8   1.9405   2.1354   4.7564   0.2861  -1.2364   2.1647   0.00    0.0
2014/08/09 14:50:00.000  -12.843713390  131.132738578   126.9538   5   8   1.9407   2.1343   4.7472   0.3080  -1.2145   2.1632   0.00    0.0
2014/08/09 14:50:30.000  -12.843711685  131.132740699   126.6587   5   8   1.9409   2.1331   4.7380   0.3283  -1.1925   2.1616   0.00    0.0
2014/08/09 14:51:00.000  -12.843710643  131.132743501   126.2444   5   8   1.9410   2.1321   4.7289   0.3473  -1.1701   2.1599   0.00    0.0
2014/08/09 14:51:30.000  -12.843711810  131.132742423   126.3341   5   8   1.9411   2.1311   4.7198   0.3652  -1.1475   2.1582   0.00    0.0
2014/08/09 14:52:00.000  -12.843714033  131.132741550   126.2329   5   8   1.9412   2.1301   4.7108   0.3822  -1.1247   2.1564   0.00    0.0
2014/08/09 14:52:30.000  -12.843714467  131.132739402   126.3100   5   8   1.9412   2.1292   4.7018   0.3983  -1.1015   2.1545   0.00    0.0
2014/08/09 14:53:00.000  -12.843710683  131.132739466   125.9176   5   7   2.0796   2.1564   4.8143   0.6556  -1.2390   1.9576   0.00    0.0
2014/08/09 14:53:30.000  -12.843711156  131.132738689   125.9528   5   7   2.0789   2.1558   4.8079   0.6652  -1.2203   1.9540   0.00    0.0
2014/08/09 14:54:00.000  -12.843711151  131.132739942   125.5380   5   7   2.0781   2.1553   4.8015   0.6745  -1.2014   1.9504   0.00    0.0
2014/08/09 14:54:30.000  -12.843709861  131.132741688   125.3425   5   7   2.0774   2.1547   4.7951   0.6835  -1.1824   1.9468   0.00    0.0
2014/08/09 14:55:00.000  -12.843709442  131.132739672   125.2505   5   7   2.0766   2.1542   4.7888   0.6923  -1.1632   1.9431   0.00    0.0
2014/08/09 14:55:30.000  -12.843710362  131.132738366   125.4796   5   7   2.0758   2.1538   4.7826   0.7009  -1.1439   1.9393   0.00    0.0
2014/08/09 14:56:00.000  -12.843709879  131.132738305   125.9483   5   7   2.0750   2.1534   4.7764   0.7092  -1.1243   1.9355   0.00    0.0
2014/08/09 14:56:30.000  -12.843707771  131.132740814   125.9336   5   7   2.0741   2.1530   4.7703   0.7173  -1.1046   1.9316   0.00    0.0
2014/08/09 14:57:00.000  -12.843707078  131.132741127   125.8352   5   7   2.0732   2.1526   4.7642   0.7252  -1.0846   1.9277   0.00    0.0
2014/08/09 14:57:30.000  -12.843708137  131.132739866   126.0293   5   7   2.0723   2.1523   4.7582   0.7329  -1.0644   1.9237   0.00    0.0
2014/08/09 14:58:00.000  -12.843709621  131.132739497   125.8530   5   7   2.0714   2.1520   4.7522   0.7404  -1.0440   1.9197   0.00    0.0
2014/08/09 14:58:30.000  -12.843709701  131.132739627   125.4610   5   7   2.0705   2.1517   4.7463   0.7476  -1.0234   1.9156   0.00    0.0
2014/08/09 14:59:00.000  -12.843709224  131.132739538   125.5270   5   7   2.0695   2.1514   4.7404   0.7547  -1.0025   1.9115   0.00    0.0
2014/08/09 14:59:30.000  -12.843708778  131.132739683   125.9173   5   7   2.0685   2.1512   4.7347   0.7616  -0.9813   1.9073   0.00    0.0
2014/08/09 15:00:00.000  -12.843710459  131.132741515   124.9879   5   7   2.0712   2.1865   5.2644   0.7360  -1.3520   1.9770   0.00    0.0
2014/08/09 15:00:30.000  -12.843710821  131.132742358   125.0291   5   7   2.0705   2.1856   5.2629   0.7416  -1.3345   1.9767   0.00    0.0
2014/08/09 15:01:00.000  -12.843711977  131.132742967   124.7979   5   7   2.0698   2.1848   5.2615   0.7471  -1.3169   1.9763   0.00    0.0
2014/08/09 15:01:30.000  -12.843711229  131.132744025   124.5191   5   7   2.0691   2.1840   5.2601   0.7524  -1.2991   1.9758   0.00    0.0
2014/08/09 15:02:00.000  -12.843709494  131.132745289   124.2829   5   7   2.0684   2.1833   5.2588   0.7576  -1.2811   1.9753   0.00    0.0
2014/08/09 15:02:30.000  -12.843708538  131.132744539   124.4234   5   7   2.0677   2.1826   5.2575   0.7627  -1.2629   1.9748   0.00    0.0
2014/08/09 15:03:00.000  -12.843708238  131.132745116   124.4029   5   7   2.0670   2.1819   5.2562   0.7676  -1.2446   1.9742   0.00    0.0
2014/08/09 15:03:30.000  -12.843708564  131.132746205   124.3790   5   7   2.0663   2.1812   5.2549   0.7725  -1.2260   1.9736   0.00    0.0
2014/08/09 15:04:00.000  -12.843709596  131.132743891   124.5347   5   7   2.0655   2.1806   5.2536   0.7772  -1.2073   1.9729   0.00    0.0
2014/08/09 15:04:30.000  -12.843709047  131.132742354   124.6229   5   7   2.0648   2.1800   5.2524   0.7819  -1.1883   1.9722   0.00    0.0
2014/08/09 15:05:00.000  -12.843708952  131.132742133   124.3291   5   7   2.0640   2.1794   5.2512   0.7864  -1.1692   1.9714   0.00    0.0
2014/08/09 15:05:30.000  -12.843708876  131.132741418   124.1832   5   7   2.0632   2.1788   5.2500   0.7908  -1.1498   1.9706   0.00    0.0
2014/08/09 15:06:00.000  -12.843708414  131.132741794   124.2550   5   7   2.0624   2.1783   5.2489   0.7951  -1.1302   1.9697   0.00    0.0
2014/08/09 15:06:30.000  -12.843707595  131.132744337   124.3234   5   7   2.0616   2.1778   5.2478   0.7993  -1.1103   1.9688   0.00    0.0
2014/08/09 15:07:00.000  -12.843707712  131.132745517   124.2664   5   7   2.0608   2.1773   5.2466   0.8033  -1.0903   1.9678   0.00    0.0
2014/08/09 15:07:30.000  -12.843708381  131.132744979   124.0592   5   7   2.0600   2.1769   5.2455   0.8073  -1.0699   1.9668   0.00    0.0
2014/08/09 15:08:00.000  -12.843710213  131.132743605   124.2141   5   7   2.0592   2.1764   5.2445   0.8112  -1.0493   1.9656   0.00    0.0
2014/08/09 15:08:30.000  -12.843711005  131.132742918   124.7447   5   7   2.0584   2.1761   5.2434   0.8150  -1.0283   1.9645   0.00    0.0
2014/08/09 15:09:00.000  -12.843709573  131.132742601   125.1589   5   7   2.0575   2.1757   5.2424   0.8186  -1.0071   1.9632   0.00    0.0
2014/08/09 15:09:30.000  -12.843707923  131.132742136   125.2035   5   7   2.0566   2.1753   5.2413   0.8222  -0.9856   1.9620   0.00    0.0
2014/08/09 15:10:00.000  -12.843708077  131.132742134   125.0248   5   7   2.0558   2.1750   5.2403   0.8257  -0.9637   1.9606   0.00    0.0
2014/08/09 15:10:30.000  -12.843707199  131.132742391   124.9688   5   7   2.0549   2.1747   5.2393   0.8290  -0.9414   1.9592   0.00    0.0
2014/08/09 15:11:00.000  -12.843706797  131.132742542   124.9093   5   7   2.0540   2.1745   5.2383   0.8323  -0.9188   1.9577   0.00    0.0
2014/08/09 15:11:30.000  -12.843708700  131.132741354   124.6006   5   7   2.0531   2.1742   5.2373   0.8355  -0.8958   1.9562   0.00    0.0
2014/08/09 15:12:00.000  -12.843709593  131.132742864   124.6520   5   7   2.0522   2.1740   5.2364   0.8386  -0.8723   1.9545   0.00    0.0
2014/08/09 15:12:30.000  -12.843709553  131.132745101   124.3923   5   7   2.0513   2.1738   5.2354   0.8416  -0.8483   1.9529   0.00    0.0
2014/08/09 15:13:00.000  -12.843709610  131.132744621   124.4226   5   7   2.0503   2.1737   5.2344   0.8445  -0.8238   1.9511   0.00    0.0
2014/08/09 15:13:30.000  -12.843709482  131.132742684   124.6044   5   7   2.0494   2.1735   5.2335   0.8473  -0.7988   1.9493   0.00    0.0
2014/08/09 15:14:00.000  -12.843710569  131.132740357   124.6059   5   7   2.0484   2.1734   5.2325   0.8500  -0.7731   1.9474   0.00    0.0
2014/08/09 15:14:30.000  -12.843711537  131.132740457   124.6155   5   7   2.0474   2.1733   5.2316   0.8526  -0.7468   1.9455   0.00    0.0
2014/08/09 15:15:00.000  -12.843710541  131.132741017   124.8665   5   7   2.0465   2.1732   5.2306   0.8551  -0.7197   1.9434   0.00    0.0
2014/08/09 15:15:30.000  -12.843709911  131.132741143   124.6716   5   7   2.0455   2.1732   5.2297   0.8576  -0.6918   1.9413   0.00    0.0
2014/08/09 15:16:00.000  -12.843708585  131.132742360   124.7387   5   7   2.0445   2.1731   5.2288   0.8599  -0.6630   1.9391   0.00    0.0
2014/08/09 15:16:30.000  -12.843707344  131.132740657   124.6440   5   7   2.0435   2.1731   5.2278   0.8621  -0.6331   1.9369   0.00    0.0
2014/08/09 15:17:00.000  -12.843708092  131.132740864   124.6849   5   7   2.0425   2.1732   5.2269   0.8643  -0.6020   1.9346   0.00    0.0
2014/08/09 15:17:30.000  -12.843708791  131.132741837   124.6439   5   7   2.0414   2.1732   5.2259   0.8664  -0.5695   1.9322   0.00    0.0
2014/08/09 15:18:00.000  -12.843709347  131.132741522   124.7625   5   7   2.0404   2.1732   5.2249   0.8684  -0.5353   1.9297   0.00    0.0
2014/08/09 15:18:30.000  -12.843710500  131.132741948   124.5319   5   7   2.0394   2.1733   5.2240   0.8703  -0.4992   1.9271   0.00    0.0
2014/08/09 15:19:00.000  -12.843710472  131.132742761   124.5412   5   7   2.0383   2.1734   5.2230   0.8721  -0.4606   1.9245   0.00    0.0
2014/08/09 15:19:30.000  -12.843710792  131.132743641   124.5639   5   7   2.0372   2.1735   5.2220   0.8738  -0.4189   1.9218   0.00    0.0
2014/08/09 15:20:00.000  -12.843709816  131.132744192   124.7170   5   7   2.0362   2.1737   5.2210   0.8755  -0.3730   1.9190   0.00    0.0
2014/08/09 15:20:30.000  -12.843708398  131.132742697   124.9307   5   8   1.7729   2.0267   4.6465  -0.1278  -1.4047   1.1379   0.00    0.0
2014/08/09 15:21:00.000  -12.843707682  131.132742781   125.2924   5   8   1.7723   2.0258   4.6486  -0.1256  -1.3926   1.1368   0.00    0.0
2014/08/09 15:21:30.000  -12.843708064  131.132743552   125.3896   5   8   1.7716   2.0249   4.6507  -0.1235  -1.3804   1.1357   0.00    0.0
2014/08/09 15:22:00.000  -12.843707971  131.132743529   125.1869   5   8   1.7710   2.0241   4.6530  -0.1216  -1.3682   1.1347   0.00    0.0
2014/08/09 15:22:30.000  -12.843708071  131.132744129   125.1048   5   8   1.7704   2.0233   4.6552  -0.1199  -1.3559   1.1336   0.00    0.0
2014/08/09 15:23:00.000  -12.843707241  131.132743902   125.0399   5   8   1.7699   2.0225   4.6575  -0.1184  -1.3435   1.1324   0.00    0.0
2014/08/09 15:23:30.000  -12.843707926  131.132743201   125.0236   5   8   1.7693   2.0217   4.6599  -0.1172  -1.3310   1.1313   0.00    0.0
2014/08/09 15:24:00.000  -12.843707907  131.132743355   125.1555   5   8   1.7688   2.0210   4.6624  -0.1161  -1.3184   1.1302   0.00    0.0
2014/08/09 15:24:30.000  -12.843709135  131.132744369   125.2579   5   8   1.7682   2.0204   4.6649  -0.1152  -1.3057   1.1290   0.00    0.0
2014/08/09 15:25:00.000  -12.843708744  131.132744173   125.2877   5   8   1.7677   2.0197   4.6674  -0.1145  -1.2929   1.1278   0.00    0.0
2014/08/09 15:25:30.000  -12.843708463  131.132743061   125.4071   5   8   1.7672   2.0191   4.6700  -0.1141  -1.2800   1.1266   0.00    0.0
2014/08/09 15:26:00.000  -12.843707515  131.132744041   125.3709   5   8   1.7667   2.0186   4.6726  -0.1139  -1.2670   1.1254   0.00    0.0
2014/08/09 15:26:30.000  -12.843706327  131.132745004   125.3273   5   8   1.7663   2.0181   4.6753  -0.1139  -1.2539   1.1242   0.00    0.0
2014/08/09 15:27:00.000  -12.843706960  131.132744888   125.1361   5   8   1.7658   2.0176   4.6781  -0.1141  -1.2407   1.1229   0.00    0.0
2014/08/09 15:27:30.000  -12.843706905  131.132744603   125.2252   5   8   1.7654   2.0172   4.6809  -0.1146  -1.2274   1.1216   0.00    0.0
2014/08/09 15:28:00.000  -12.843706831  131.132745703   125.1161   5   8   1.7650   2.0167   4.6837  -0.1152  -1.2140   1.1203   0.00    0.0
2014/08/09 15:28:30.000  -12.843706512  131.132745749   125.2070   5   8   1.7646   2.0164   4.6866  -0.1161  -1.2004   1.1190   0.00    0.0
2014/08/09 15:29:00.000  -12.843706486  131.132745750   125.3715   5   8   1.7642   2.0161   4.6895  -0.1172  -1.1868   1.1177   0.00    0.0
2014/08/09 15:29:30.000  -12.843706424  131.132746267   125.5569   5   8   1.7638   2.0158   4.6924  -0.1185  -1.1730   1.1163   0.00    0.0
2014/08/09 15:30:00.000  -12.843707994  131.132744360   125.4604   5   8   1.7635   2.0155   4.6954  -0.1200  -1.1591   1.1150   0.00    0.0
2014/08/09 15:30:30.000  -12.843707576  131.132742922   125.3523   5   8   1.7631   2.0153   4.6985  -0.1217  -1.1450   1.1136   0.00    0.0
2014/08/09 15:31:00.000  -12.843706854  131.132743217   125.1129   5   8   1.7628   2.0151   4.7015  -0.1235  -1.1308   1.1122   0.00    0.0
2014/08/09 15:31:30.000  -12.843705849  131.132743832   125.5242   5   8   1.7625   2.0150   4.7046  -0.1255  -1.1165   1.1107   0.00    0.0
2014/08/09 15:32:00.000  -12.843706688  131.132745061   125.4946   5   8   1.7622   2.0149   4.7078  -0.1277  -1.1020   1.1093   0.00    0.0
2014/08/09 15:32:30.000  -12.843706243  131.132744175   125.5015   5   8   1.7620   2.0148   4.7109  -0.1301  -1.0874   1.1078   0.00    0.0
2014/08/09 15:33:00.000  -12.843706756  131.132744002   125.3855   5   8   1.7617   2.0148   4.7141  -0.1325  -1.0726   1.1064   0.00    0.0
2014/08/09 15:33:30.000  -12.843707356  131.132745422   125.4625   5   8   1.7615   2.0148   4.7173  -0.1352  -1.0577   1.1049   0.00    0.0
2014/08/09 15:34:00.000  -12.843707391  131.132745633   125.6524   5   8   1.7613   2.0148   4.7206  -0.1379  -1.0426   1.1033   0.00    0.0
2014/08/09 15:34:30.000  -12.843707220  131.132744283   125.8220   5   8   1.7611   2.0149   4.7238  -0.1408  -1.0273   1.1018   0.00    0.0
2014/08/09 15:35:00.000  -12.843706769  131.132743812   125.8670   5   8   1.7609   2.0150   4.7271  -0.1438  -1.0118   1.1002   0.00    0.0
2014/08/09 15:35:30.000  -12.843706926  131.132744899   125.6309   5   8   1.7607   2.0152   4.7304  -0.1469  -0.9961   1.0987   0.00    0.0
2014/08/09 15:36:00.000  -12.843707286  131.132744162   125.6729   5   8   1.7606   2.0154   4.7337  -0.1501  -0.9803   1.0971   0.00    0.0
2014/08/09 15:36:30.000  -12.843708133  131.132744178   125.5373   5   8   1.7605   2.0156   4.7371  -0.1534  -0.9642   1.0955   0.00    0.0
2014/08/09 15:37:00.000  -12.843709340  131.132743408   125.5505   5   8   1.7604   2.0159   4.7404  -0.1567  -0.9479   1.0939   0.00    0.0
2014/08/09 15:37:30.000  -12.843709766  131.132744034   125.6325   5   8   1.7603   2.0162   4.7438  -0.1602  -0.9314   1.0922   0.00    0.0
2014/08/09 15:38:00.000  -12.843707851  131.132743822   125.7221   5   8   1.7602   2.0165   4.7472  -0.1638  -0.9146   1.0906   0.00    0.0
2014/08/09 15:38:30.000  -12.843707033  131.132745022   125.7010   5   8   1.7602   2.0169   4.7506  -0.1674  -0.8976   1.0889   0.00    0.0
2014/08/09 15:39:00.000  -12.843706660  131.132744454   125.7683   5   8   1.7601   2.0173   4.7540  -0.1711  -0.8804   1.0873   0.00    0.0
2014/08/09 15:39:30.000  -12.843707339  131.132743901   125.8246   5   8   1.7601   2.0178   4.7574  -0.1748  -0.8629   1.0856   0.00    0.0
2014/08/09 15:40:00.000  -12.843708018  131.132742812   125.6203   5   8   1.7601   2.0183   4.7608  -0.1786  -0.8450   1.0839   0.00    0.0
2014/08/09 15:40:30.000  -12.843707032  131.132743200   125.7366   5   8   1.7601   2.0188   4.7642  -0.1825  -0.8269   1.0822   0.00    0.0
2014/08/09 15:41:00.000  -12.843701000  131.132739084   127.8454   5   7   2.0217   2.3363   5.8040  -1.0968  -2.1312   2.1117   0.00    0.0
2014/08/09 15:41:30.000  -12.843700379  131.132739560   128.0535   5   7   2.0220   2.3338   5.8199  -1.0952  -2.1258   2.1167   0.00    0.0
2014/08/09 15:42:00.000  -12.843700977  131.132739417   128.3344   5   7   2.0224   2.3314   5.8358  -1.0935  -2.1204   2.1216   0.00    0.0
2014/08/09 15:42:30.000  -12.843700435  131.132737396   128.7989   5   7   2.0228   2.3290   5.8519  -1.0918  -2.1150   2.1266   0.00    0.0
2014/08/09 15:43:00.000  -12.843700710  131.132737760   128.5298   5   7   2.0231   2.3267   5.8681  -1.0901  -2.1095   2.1316   0.00    0.0
2014/08/09 15:43:30.000  -12.843702298  131.132737192   128.3804   5   7   2.0235   2.3244   5.8843  -1.0885  -2.1040   2.1366   0.00    0.0
2014/08/09 15:44:00.000  -12.843702878  131.132737158   128.5259   5   7   2.0239   2.3222   5.9007  -1.0868  -2.0985   2.1416   0.00    0.0
2014/08/09 15:44:30.000  -12.843702768  131.132736310   128.4218   5   7   2.0243   2.3199   5.9171  -1.0852  -2.0929   2.1466   0.00    0.0
2014/08/09 15:45:00.000  -12.843701408  131.132737491   128.4530   5   7   2.0248   2.3178   5.9336  -1.0835  -2.0873   2.1516   0.00    0.0
2014/08/09 15:45:30.000  -12.843699915  131.132738676   128.4499   5   7   2.0252   2.3156   5.9502  -1.0819  -2.0817   2.1566   0.00    0.0
2014/08/09 15:46:00.000  -12.843698602  131.132738126   128.7395   5   7   2.0256   2.3135   5.9668  -1.0802  -2.0760   2.1615   0.00    0.0
2014/08/09 15:46:30.000  -12.843700108  131.132737620   129.0445   5   7   2.0261   2.3115   5.9835  -1.0786  -2.0702   2.1665   0.00    0.0
2014/08/09 15:47:00.000  -12.843700635  131.132737361   129.3055   5   7   2.0266   2.3094   6.0003  -1.0769  -2.0644   2.1715   0.00    0.0
2014/08/09 15:47:30.000  -12.843701589  131.132737911   129.1499   5   7   2.0270   2.3075   6.0170  -1.0753  -2.0586   2.1764   0.00    0.0
2014/08/09 15:48:00.000  -12.843702092  131.132738403   128.5913   5   7   2.0275   2.3055   6.0338  -1.0736  -2.0527   2.1813   0.00    0.0
2014/08/09 15:48:30.000  -12.843701349  131.132737870   128.6115   5   7   2.0280   2.3036   6.0507  -1.0720  -2.0467   2.1863   0.00    0.0
2014/08/09 15:49:00.000  -12.843700978  131.132737675   129.0249   5   7   2.0285   2.3017   6.0676  -1.0703  -2.0407   2.1912   0.00    0.0
2014/08/09 15:49:30.000  -12.843689928  131.132738035   127.3499   5   6   2.5911   2.3288   6.6446  -1.3159  -1.7785   0.7207   0.00    0.0
2014/08/09 15:50:00.000  -12.843689305  131.132739669   127.2211   5   6   2.5919   2.3264   6.6821  -1.3123  -1.7688   0.6717   0.00    0.0
2014/08/09 15:50:30.000  -12.843689502  131.132736965   127.4323   5   6   2.5927   2.3241   6.7202  -1.3087  -1.7589   0.6178   0.00    0.0
2014/08/09 15:51:00.000  -12.843690965  131.132734295   127.0297   5   6   2.5935   2.3219   6.7588  -1.3052  -1.7489   0.5575   0.00    0.0
2014/08/09 15:51:30.000  -12.843691853  131.132733130   126.9107   5   6   2.5944   2.3197   6.7980  -1.3018  -1.7388   0.4884   0.00    0.0
2014/08/09 15:52:00.000  -12.843692008  131.132734180   126.8322   5   6   2.5953   2.3175   6.8377  -1.2984  -1.7285   0.4061   0.00    0.0
2014/08/09 15:52:30.000  -12.843690923  131.132734123   126.6837   5   6   2.5962   2.3154   6.8779  -1.2951  -1.7181   0.2997   0.00    0.0
2014/08/09 15:53:00.000  -12.843690160  131.132734506   126.4869   5   6   2.5972   2.3134   6.9187  -1.2918  -1.7075   0.1155   0.00    0.0
2014/08/09 15:53:30.000  -12.843690108  131.132735710   126.6729   5   6   2.5983   2.3114   6.9599  -1.2885  -1.6967  -0.2543   0.00    0.0
2014/08/09 15:54:00.000  -12.843689629  131.132734251   127.1831   5   6   2.5993   2.3095   7.0018  -1.2854  -1.6858  -0.3797   0.00    0.0
2014/08/09 15:54:30.000  -12.843690390  131.132734213   127.3316   5   6   2.6005   2.3076   7.0441  -1.2822  -1.6747  -0.4746   0.00    0.0
2014/08/09 15:55:00.000  -12.843691722  131.132734943   127.5413   5   6   2.6016   2.3058   7.0870  -1.2792  -1.6633  -0.5549   0.00    0.0
2014/08/09 15:55:30.000  -12.843691938  131.132735575   127.8895   5   6   2.6029   2.3041   7.1303  -1.2761  -1.6518  -0.6262   0.00    0.0
2014/08/09 15:56:00.000  -12.843690785  131.132735097   127.8945   5   6   2.6041   2.3024   7.1742  -1.2732  -1.6400  -0.6913   0.00    0.0
2014/08/09 15:56:30.000  -12.843690161  131.132732747   127.6758   5   6   2.6054   2.3007   7.2186  -1.2703  -1.6280  -0.7520   0.00    0.0
2014/08/09 15:57:00.000  -12.843689855  131.132733052   127.5188   5   6   2.6068   2.2991   7.2634  -1.2675  -1.6158  -0.8091   0.00    0.0
2014/08/09 15:57:30.000  -12.843689311  131.132735268   127.3734   5   6   2.6082   2.2976   7.3088  -1.2647  -1.6033  -0.8635   0.00    0.0
2014/08/09 15:58:00.000  -12.843688973  131.132735447   127.4330   5   6   2.6097   2.2961   7.3546  -1.2620  -1.5906  -0.9155   0.00    0.0
2014/08/09 15:58:30.000  -12.843690095  131.132735223   127.6799   5   6   2.6112   2.2947   7.4009  -1.2593  -1.5775  -0.9657   0.00    0.0
2014/08/09 15:59:00.000  -12.843689138  131.132736023   127.4705   5   6   2.6128   2.2933   7.4476  -1.2567  -1.5642  -1.0143   0.00    0.0
2014/08/09 15:59:30.000  -12.843689425  131.132737138   127.4623   5   6   2.6144   2.2920   7.4948  -1.2542  -1.5505  -1.0615   0.00    0.0
2014/08/09 16:00:00.000  -12.843690249  131.132737066   127.6876   5   6   2.6161   2.2907   7.5423  -1.2518  -1.5366  -1.1075   0.00    0.0
2014/08/09 16:00:30.000  -12.843689846  131.132736662   127.3889   5   6   2.6179   2.2895   7.5903  -1.2494  -1.5222  -1.1524   0.00    0.0
2014/08/09 16:01:00.000  -12.843688521  131.132737022   127.0008   5   6   2.6197   2.2884   7.6387  -1.2471  -1.5076  -1.1964   0.00    0.0
2014/08/09 16:01:30.000  -12.843688349  131.132734952   126.3956   5   6   2.6215   2.2873   7.6875  -1.2448  -1.4925  -1.2396   0.00    0.0
2014/08/09 16:02:00.000  -12.843688588  131.132734529   126.6337   5   6   2.6234   2.2862   7.7366  -1.2427  -1.4771  -1.2821   0.00    0.0
2014/08/09 16:02:30.000  -12.843688641  131.132734162   127.0211   5   6   2.6254   2.2852   7.7860  -1.2406  -1.4612  -1.3239   0.00    0.0
2014/08/09 16:03:00.000  -12.843687851  131.132734221   127.0352   5   6   2.6275   2.2843   7.8357  -1.2385  -1.4449  -1.3651   0.00    0.0
2014/08/09 16:03:30.000  -12.843687833  131.132734671   126.9725   5   6   2.6296   2.2834   7.8857  -1.2366  -1.4282  -1.4058   0.00    0.0
2014/08/09 16:04:00.000  -12.843687984  131.132735380   127.3439   5   6   2.6317   2.2826   7.9360  -1.2347  -1.4110  -1.4459   0.00    0.0
2014/08/09 16:04:30.000  -12.843688622  131.132735266   127.6466   5   6   2.6339   2.2819   7.9864  -1.2329  -1.3932  -1.4856   0.00    0.0
2014/08/09 16:05:00.000  -12.843689409  131.132735297   127.5285   5   6   2.6362   2.2811   8.0371  -1.2312  -1.3750  -1.5249   0.00    0.0
2014/08/09 16:05:30.000  -12.843690355  131.132735574   127.5757   5   6   2.6386   2.2805   8.0880  -1.2296  -1.3562  -1.5637   0.00    0.0
2014/08/09 16:06:00.000  -12.843691213  131.132737190   127.9567   5   6   2.6410   2.2799   8.1389  -1.2281  -1.3368  -1.6021   0.00    0.0
2014/08/09 16:06:30.000  -12.843691562  131.132737705   127.8979   5   6   2.6434   2.2794   8.1900  -1.2266  -1.3168  -1.6402   0.00    0.0
2014/08/09 16:07:00.000  -12.843692190  131.132737217   127.8516   5   6   2.6460   2.2789   8.2411  -1.2252  -1.2961  -1.6779   0.00    0.0
2014/08/09 16:07:30.000  -12.843692101  131.132736340   127.4959   5   6   2.6486   2.2785   8.2922  -1.2239  -1.2748  -1.7153   0.00    0.0
2014/08/09 16:08:00.000  -12.843691642  131.132736509   127.2449   5   6   2.6512   2.2781   8.3433  -1.2227  -1.2528  -1.7523   0.00    0.0
2014/08/09 16:08:30.000  -12.843691662  131.132737382   127.4347   5   6   2.6539   2.2778   8.3943  -1.2216  -1.2299  -1.7890   0.00    0.0
2014/08/09 16:09:00.000  -12.843691469  131.132736910   127.5295   5   6   2.6567   2.2776   8.4452  -1.2206  -1.2063  -1.8253   0.00    0.0
2014/08/09 16:09:30.000  -12.843690747  131.132735548   127.5726   5   6   2.6595   2.2774   8.4960  -1.2196  -1.1818  -1.8614   0.00    0.0
2014/08/09 16:10:00.000  -12.843691258  131.132736258   127.7501   5   6   2.6624   2.2773   8.5465  -1.2188  -1.1565  -1.8970   0.00    0.0
2014/08/09 16:10:30.000  -12.843690733  131.132736292   127.3757   5   6   2.6654   2.2772   8.5967  -1.2180  -1.1301  -1.9324   0.00    0.0
2014/08/09 16:11:00.000  -12.843690868  131.132737146   127.3547   5   6   2.6684   2.2772   8.6466  -1.2174  -1.1027  -1.9674   0.00    0.0
2014/08/09 16:11:30.000  -12.843690693  131.132738687   127.3422   5   6   2.6714   2.2772   8.6961  -1.2168  -1.0742  -2.0021   0.00    0.0
2014/08/09 16:12:00.000  -12.843691180  131.132739452   127.3394   5   6   2.6745   2.2773   8.7452  -1.2163  -1.0445  -2.0363   0.00    0.0
2014/08/09 16:12:30.000  -12.843691365  131.132738256   126.9345   5   6   2.6777   2.2775   8.7938  -1.2159  -1.0134  -2.0703   0.00    0.0
2014/08/09 16:13:00.000  -12.843691178  131.132737552   126.5806   5   6   2.6809   2.2778   8.8418  -1.2157  -0.9810  -2.1038   0.00    0.0
2014/08/09 16:13:30.000  -12.843691014  131.132736392   126.5034   5   6   2.6842   2.2780   8.8892  -1.2155  -0.9470  -2.1369   0.00    0.0
2014/08/09 16:14:00.000  -12.843690464  131.132735258   126.3090   5   6   2.6874   2.2784   8.9359  -1.2153  -0.9113  -2.1697   0.00    0.0
2014/08/09 16:14:30.000  -12.843689899  131.132736478   126.5885   5   6   2.6908   2.2788   8.9819  -1.2153  -0.8737  -2.2019   0.00    0.0
2014/08/09 16:15:00.000  -12.843688966  131.132736267   126.3200   5   6   2.6941   2.2793   9.0270  -1.2154  -0.8340  -2.2338   0.00    0.0
2014/08/09 16:15:30.000  -12.843687815  131.132736278   126.4313   5   6   2.6976   2.2798   9.0712  -1.2156  -0.7918  -2.2651   0.00    0.0
2014/08/09 16:16:00.000  -12.843687910  131.132737338   126.4392   5   6   2.7010   2.2804   9.1144  -1.2158  -0.7468  -2.2960   0.00    0.0
2014/08/09 16:16:30.000  -12.843689494  131.132736599   126.3844   5   6   2.7044   2.2811   9.1566  -1.2161  -0.6984  -2.3264   0.00    0.0
2014/08/09 16:17:00.000  -12.843690243  131.132735823   126.6636   5   6   2.7079   2.2818   9.1976  -1.2166  -0.6460  -2.3562   0.00    0.0
2014/08/09 16:17:30.000  -12.843689201  131.132737010   126.4937   5   6   2.7114   2.2826   9.2375  -1.2171  -0.5885  -2.3855   0.00    0.0
2014/08/09 16:18:00.000  -12.843689484  131.132737351   126.6665   5   6   2.7149   2.2835   9.2761  -1.2176  -0.5242  -2.4142   0.00    0.0
2014/08/09 16:18:30.000  -12.843689822  131.132737048   126.5949   5   6   2.7184   2.2844   9.3134  -1.2183  -0.4504  -2.4423   0.00    0.0
2014/08/09 16:19:00.000  -12.843690923  131.132735899   126.9929   5   6   2.7219   2.2854   9.3493  -1.2190  -0.3614  -2.4698   0.00    0.0
2014/08/09 16:19:30.000  -12.843690648  131.132735374   126.7937   5   6   2.7254   2.2864   9.3837  -1.2198  -0.2409  -2.4966   0.00    0.0
2014/08/09 16:20:00.000  -12.843689406  131.132735710   126.5489   5   6   2.7290   2.2875   9.4166  -1.2207   0.1216  -2.5227   0.00    0.0
2014/08/09 16:20:30.000  -12.843688302  131.132736447   126.3748   5   6   2.7324   2.2887   9.4478  -1.2216   0.2962  -2.5482   0.00    0.0
2014/08/09 16:21:00.000  -12.843687323  131.132736339   126.3164   5   6   2.7359   2.2899   9.4774  -1.2226   0.4009  -2.5729   0.00    0.0
2014/08/09 16:21:30.000  -12.843688929  131.132734709   127.0936   5   6   2.7394   2.2911   9.5052  -1.2237   0.4835  -2.5969   0.00    0.0
2014/08/09 16:22:00.000  -12.843688831  131.132733937   127.2654   5   6   2.7428   2.2925   9.5313  -1.2248   0.5538  -2.6201   0.00    0.0
2014/08/09 16:22:30.000  -12.843688272  131.132734560   127.2498   5   6   2.7462   2.2939   9.5554  -1.2260   0.6160  -2.6426   0.00    0.0
2014/08/09 16:23:00.000  -12.843687093  131.132734504   126.5718   5   6   2.7495   2.2953   9.5777  -1.2272   0.6723  -2.6642   0.00    0.0
2014/08/09 16:23:30.000  -12.843687727  131.132734751   126.2211   5   6   2.7528   2.2969   9.5979  -1.2284   0.7240  -2.6849   0.00    0.0
2014/08/09 16:24:00.000  -12.843688264  131.132735750   126.2794   5   6   2.7560   2.2984   9.6162  -1.2297   0.7720  -2.7049   0.00    0.0
2014/08/09 16:24:30.000  -12.843687685  131.132736444   125.9576   5   6   2.7592   2.3001   9.6324  -1.2310   0.8168  -2.7239   0.00    0.0
2014/08/09 16:25:00.000  -12.843687917  131.132736202   125.7623   5   6   2.7623   2.3018   9.6465  -1.2324   0.8590  -2.7421   0.00    0.0
2014/08/09 16:25:30.000  -12.843687934  131.132734466   125.6990   5   6   2.7654   2.3035   9.6584  -1.2337   0.8988  -2.7593   0.00    0.0
2014/08/09 16:26:00.000  -12.843687561  131.132734643   125.9198   5   6   2.7683   2.3053   9.6681  -1.2351   0.9365  -2.7757   0.00    0.0
2014/08/09 16:26:30.000  -12.843687961  131.132736049   125.7770   5   6   2.7712   2.3072   9.6757  -1.2365   0.9723  -2.7911   0.00    0.0
2014/08/09 16:27:00.000  -12.843689298  131.132735651   125.9813   5   6   2.7740   2.3091   9.6810  -1.2379   1.0063  -2.8055   0.00    0.0
2014/08/09 16:27:30.000  -12.843690383  131.132735667   126.3250   5   6   2.7767   2.3111   9.6841  -1.2393   1.0387  -2.8190   0.00    0.0
2014/08/09 16:28:00.000  -12.843689469  131.132734225   126.2873   5   6   2.7794   2.3131   9.6849  -1.2407   1.0697  -2.8315   0.00    0.0
2014/08/09 16:28:30.000  -12.843687511  131.132734359   125.8646   5   6   2.7819   2.3151   9.6835  -1.2421   1.0992  -2.8431   0.00    0.0
2014/08/09 16:29:00.000  -12.843686631  131.132733952   125.2957   5   6   2.7843   2.3173   9.6798  -1.2434   1.1274  -2.8537   0.00    0.0
2014/08/09 16:29:30.000  -12.843699564  131.132740620   130.3630   5   7   2.0830   2.1304   7.2431   0.3849  -2.1328   1.9162   0.00    0.0
2014/08/09 16:30:00.000  -12.843699703  131.132740632   130.5990   5   7   2.0816   2.1294   7.2493   0.4050  -2.1264   1.9020   0.00    0.0
2014/08/09 16:30:30.000  -12.843700315  131.132740819   130.6792   5   7   2.0803   2.1284   7.2547   0.4241  -2.1198   1.8874   0.00    0.0
2014/08/09 16:31:00.000  -12.843700824  131.132740149   130.5738   5   7   2.0790   2.1274   7.2593   0.4424  -2.1129   1.8725   0.00    0.0
2014/08/09 16:31:30.000  -12.843700079  131.132740433   130.1980   5   7   2.0778   2.1264   7.2630   0.4599  -2.1058   1.8572   0.00    0.0
2014/08/09 16:32:00.000  -12.843699341  131.132741351   130.3810   5   7   2.0766   2.1255   7.2660   0.4767  -2.0984   1.8416   0.00    0.0
2014/08/09 16:32:30.000  -12.843699630  131.132742180   130.4902   5   7   2.0755   2.1245   7.2681   0.4929  -2.0908   1.8256   0.00    0.0
2014/08/09 16:33:00.000  -12.843699624  131.132743002   130.3856   5   7   2.0745   2.1236   7.2695   0.5085  -2.0829   1.8093   0.00    0.0
2014/08/09 16:33:30.000  -12.843699839  131.132743236   130.2332   5   7   2.0735   2.1227   7.2699   0.5236  -2.0747   1.7927   0.00    0.0
2014/08/09 16:34:00.000  -12.843700410  131.132743707   130.0588   5   7   2.0726   2.1217   7.2696   0.5383  -2.0662   1.7757   0.00    0.0
2014/08/09 16:34:30.000  -12.843700565  131.132743502   130.0528   5   7   2.0717   2.1208   7.2684   0.5525  -2.0575   1.7584   0.00    0.0
2014/08/09 16:35:00.000  -12.843699296  131.132742329   129.5227   5   7   2.0709   2.1200   7.2664   0.5663  -2.0486   1.7407   0.00    0.0
2014/08/09 16:35:30.000  -12.843699616  131.132741334   129.1519   5   7   2.0702   2.1191   7.2635   0.5797  -2.0393   1.7228   0.00    0.0
2014/08/09 16:36:00.000  -12.843699419  131.132741594   128.9413   5   7   2.0695   2.1182   7.2598   0.5928  -2.0298   1.7045   0.00    0.0
2014/08/09 16:36:30.000  -12.843698724  131.132741310   128.9369   5   7   2.0689   2.1174   7.2553   0.6055  -2.0201   1.6859   0.00    0.0
2014/08/09 16:37:00.000  -12.843698478  131.132741475   128.8819   5   7   2.0683   2.1166   7.2499   0.6179  -2.0100   1.6670   0.00    0.0
2014/08/09 16:37:30.000  -12.843698866  131.132741862   128.6838   5   7   2.0679   2.1158   7.2437   0.6299  -1.9998   1.6477   0.00    0.0
2014/08/09 16:38:00.000  -12.843697658  131.132741128   128.1511   5   7   2.0674   2.1150   7.2367   0.6417  -1.9892   1.6282   0.00    0.0
2014/08/09 16:38:30.000  -12.843696991  131.132743316   128.0298   5   7   2.0671   2.1142   7.2289   0.6532  -1.9785   1.6084   0.00    0.0
2014/08/09 16:39:00.000  -12.843697144  131.132744554   127.8272   5   7   2.0668   2.1135   7.2203   0.6644  -1.9674   1.5883   0.00    0.0
2014/08/09 16:39:30.000  -12.843697926  131.132743201   127.8453   5   7   2.0666   2.1127   7.2109   0.6754  -1.9561   1.5679   0.00    0.0
2014/08/09 16:40:00.000  -12.843698116  131.132741616   127.7561   5   7   2.0664   2.1120   7.2008   0.6861  -1.9446   1.5472   0.00    0.0
2014/08/09 16:40:30.000  -12.843698636  131.132740915   127.9141   5   7   2.0664   2.1113   7.1898   0.6966  -1.9328   1.5262   0.00    0.0
2014/08/09 16:41:00.000  -12.843697954  131.132740204   127.6090   5   7   2.0664   2.1107   7.1781   0.7068  -1.9208   1.5050   0.00    0.0
2014/08/09 16:41:30.000  -12.843695781  131.132738392   127.0109   5   7   2.0664   2.1100   7.1657   0.7168  -1.9086   1.4835   0.00    0.0
2014/08/09 16:42:00.000  -12.843695003  131.132739269   126.9697   5   7   2.0665   2.1094   7.1525   0.7266  -1.8961   1.4617   0.00    0.0
2014/08/09 16:42:30.000  -12.843695740  131.132741181   127.6367   5   7   2.0667   2.1088   7.1386   0.7362  -1.8834   1.4397   0.00    0.0
2014/08/09 16:43:00.000  -12.843697457  131.132742493   128.2961   5   7   2.0670   2.1082   7.1241   0.7456  -1.8705   1.4174   0.00    0.0
2014/08/09 16:43:30.000  -12.843697873  131.132742099   128.3939   5   7   2.0673   2.1077   7.1088   0.7547  -1.8573   1.3948   0.00    0.0
2014/08/09 16:44:00.000  -12.843698529  131.132740858   128.2666   5   7   2.0677   2.1071   7.0929   0.7637  -1.8440   1.3720   0.00    0.0
2014/08/09 16:44:30.000  -12.843698857  131.132741094   127.9296   5   7   2.0682   2.1066   7.0763   0.7725  -1.8304   1.3490   0.00    0.0
2014/08/09 16:45:00.000  -12.843699313  131.132742027   127.1951   5   7   2.0687   2.1062   7.0591   0.7811  -1.8166   1.3257   0.00    0.0
2014/08/09 16:45:30.000  -12.843699246  131.132742949   126.8815   5   7   2.0693   2.1057   7.0412   0.7895  -1.8027   1.3022   0.00    0.0
2014/08/09 16:46:00.000  -12.843698814  131.132744011   126.7737   5   7   2.0699   2.1053   7.0228   0.7977  -1.7885   1.2785   0.00    0.0
2014/08/09 16:46:30.000  -12.843699141  131.132743189   127.0418   5   7   2.0707   2.1049   7.0038   0.8058  -1.7741   1.2545   0.00    0.0
2014/08/09 16:47:00.000  -12.843699004  131.132742979   127.0508   5   7   2.0715   2.1045   6.9843   0.8136  -1.7596   1.2302   0.00    0.0
2014/08/09 16:47:30.000  -12.843698247  131.132742561   126.9896   5   7   2.0723   2.1042   6.9642   0.8214  -1.7448   1.2058   0.00    0.0
2014/08/09 16:48:00.000  -12.843697893  131.132741695   126.7137   5   7   2.0732   2.1039   6.9436   0.8289  -1.7299   1.1811   0.00    0.0
2014/08/09 16:48:30.000  -12.843697594  131.132741689   126.7717   5   7   2.0742   2.1036   6.9225   0.8363  -1.7148   1.1561   0.00    0.0
2014/08/09 16:49:00.000  -12.843696760  131.132741137   126.8004   5   7   2.0752   2.1033   6.9009   0.8435  -1.6995   1.1309   0.00    0.0
2014/08/09 16:49:30.000  -12.843697445  131.132740928   127.0452   5   7   2.0763   2.1031   6.8789   0.8506  -1.6840   1.1055   0.00    0.0
2014/08/09 16:50:00.000  -12.843697070  131.132742098   126.8040   5   7   2.0775   2.1029   6.8564   0.8575  -1.6684   1.0798   0.00    0.0
2014/08/09 16:50:30.000  -12.843697080  131.132744151   126.1090   5   7   2.0787   2.1027   6.8335   0.8643  -1.6526   1.0538   0.00    0.0
2014/08/09 16:51:00.000  -12.843697812  131.132743993   125.9669   5   7   2.0799   2.1026   6.8103   0.8710  -1.6367   1.0276   0.00    0.0
2014/08/09 16:51:30.000  -12.843697724  131.132744033   125.9103   5   7   2.0813   2.1025   6.7866   0.8774  -1.6206   1.0011   0.00    0.0
2014/08/09 16:52:00.000  -12.843698506  131.132744071   125.7521   5   7   2.0826   2.1024   6.7627   0.8838  -1.6044   0.9743   0.00    0.0
2014/08/09 16:52:30.000  -12.843697677  131.132742191   125.6784   5   7   2.0841   2.1024   6.7383   0.8900  -1.5880   0.9471   0.00    0.0
2014/08/09 16:53:00.000  -12.843697804  131.132740147   125.9873   5   7   2.0855   2.1024   6.7137   0.8961  -1.5714   0.9197   0.00    0.0
2014/08/09 16:53:30.000  -12.843697487  131.132740770   126.0531   5   7   2.0871   2.1024   6.6888   0.9020  -1.5547   0.8918   0.00    0.0
2014/08/09 16:54:00.000  -12.843696911  131.132741524   125.9131   5   7   2.0886   2.1025   6.6636   0.9078  -1.5379   0.8636   0.00    0.0
2014/08/09 16:54:30.000  -12.843696920  131.132742476   125.8499   5   7   2.0903   2.1025   6.6382   0.9135  -1.5209   0.8350   0.00    0.0
2014/08/09 16:55:00.000  -12.843696923  131.132742624   125.6309   5   7   2.0919   2.1027   6.6125   0.9191  -1.5038   0.8059   0.00    0.0
2014/08/09 16:55:30.000  -12.843696002  131.132743864   125.6718   5   7   2.0936   2.1028   6.5866   0.9245  -1.4866   0.7763   0.00    0.0
2014/08/09 16:56:00.000  -12.843695772  131.132744023   125.1817   5   7   2.0954   2.1030   6.5605   0.9298  -1.4692   0.7461   0.00    0.0
2014/08/09 16:56:30.000  -12.843696461  131.132743760   125.3889   5   7   2.0972   2.1032   6.5343   0.9350  -1.4517   0.7153   0.00    0.0
2014/08/09 16:57:00.000  -12.843697266  131.132743055   125.2038   5   7   2.0990   2.1035   6.5079   0.9401  -1.4340   0.6838   0.00    0.0
2014/08/09 16:57:30.000  -12.843697365  131.132743178   124.9674   5   7   2.1009   2.1037   6.4813   0.9450  -1.4162   0.6515   0.00    0.0
2014/08/09 16:58:00.000  -12.843697080  131.132742718   124.7632   5   7   2.1028   2.1040   6.4547   0.9498  -1.3983   0.6182   0.00    0.0
2014/08/09 16:58:30.000  -12.843697640  131.132742874   125.0670   5   7   2.1048   2.1044   6.4279   0.9546  -1.3803   0.5839   0.00    0.0
2014/08/09 16:59:00.000  -12.843697851  131.132743536   125.3280   5   7   2.1067   2.1048   6.4011   0.9592  -1.3621   0.5482   0.00    0.0
2014/08/09 16:59:30.000  -12.843697367  131.132744230   125.2707   5   7   2.1088   2.1052   6.3741   0.9637  -1.3437   0.5109   0.00    0.0
2014/08/09 17:00:00.000  -12.843698478  131.132744819   125.3122   5   7   2.1108   2.1056   6.3471   0.9680  -1.3253   0.4716   0.00    0.0
2014/08/09 17:00:30.000  -12.843698546  131.132744561   125.1623   5   7   2.1129   2.1061   6.3201   0.9723  -1.3066   0.4298   0.00    0.0
2014/08/09 17:01:00.000  -12.843698762  131.132744278   125.2232   5   7   2.1150   2.1066   6.2931   0.9765  -1.2879   0.3847   0.00    0.0
2014/08/09 17:01:30.000  -12.843698754  131.132743783   125.1392   5   7   2.1171   2.1071   6.2660   0.9806  -1.2690   0.3349   0.00    0.0
2014/08/09 17:02:00.000  -12.843698508  131.132744171   124.5543   5   7   2.1193   2.1077   6.2389   0.9845  -1.2499   0.2778   0.00    0.0
2014/08/09 17:02:30.000  -12.843697660  131.132745671   124.2830   5   7   2.1215   2.1083   6.2119   0.9884  -1.2307   0.2076   0.00    0.0
2014/08/09 17:03:00.000  -12.843699004  131.132746953   123.5785   5   7   2.1237   2.1089   6.1849   0.9921  -1.2113   0.0995   0.00    0.0
2014/08/09 17:03:30.000  -12.843699941  131.132747240   123.4718   5   7   2.1259   2.1096   6.1579   0.9958  -1.1918  -0.1498   0.00    0.0
2014/08/09 17:04:00.000  -12.843700261  131.132746682   123.1971   5   7   2.1281   2.1103   6.1310   0.9993  -1.1721  -0.2322   0.00    0.0
2014/08/09 17:04:30.000  -12.843700150  131.132746101   123.4019   5   7   2.1304   2.1110   6.1041   1.0028  -1.1521  -0.2908   0.00    0.0
2014/08/09 17:05:00.000  -12.843699810  131.132744126   123.6871   5   7   2.1327   2.1118   6.0774   1.0061  -1.1321  -0.3382   0.00    0.0
2014/08/09 17:05:30.000  -12.843699674  131.132744419   123.5862   5   7   2.1350   2.1125   6.0507   1.0094  -1.1118  -0.3786   0.00    0.0
2014/08/09 17:06:00.000  -12.843699174  131.132744816   123.9818   5   6   2.5056   2.4376   9.9280  -0.7505  -3.2828   3.1856   0.00    0.0
2014/08/09 17:06:30.000  -12.843698966  131.132745968   123.6598   5   6   2.5046   2.4334   9.8903  -0.7328  -3.2590   3.1685   0.00    0.0
2014/08/09 17:07:00.000  -12.843699134  131.132747479   123.5648   5   6   2.5035   2.4292   9.8511  -0.7147  -3.2346   3.1509   0.00    0.0
2014/08/09 17:07:30.000  -12.843698789  131.132747457   123.5459   5   6   2.5024   2.4250   9.8106  -0.6961  -3.2097   3.1329   0.00    0.0
2014/08/09 17:08:00.000  -12.843698435  131.132746326   123.5589   5   6   2.5012   2.4208   9.7688  -0.6770  -3.1842   3.1145   0.00    0.0
2014/08/09 17:08:30.000  -12.843698520  131.132746605   123.0816   5   6   2.5000   2.4165   9.7259  -0.6572  -3.1582   3.0957   0.00    0.0
2014/08/09 17:09:00.000  -12.843698695  131.132747555   122.9444   5   6   2.4988   2.4123   9.6818  -0.6369  -3.1318   3.0765   0.00    0.0
2014/08/09 17:09:30.000  -12.843698261  131.132746013   123.4694   5   6   2.4976   2.4081   9.6366  -0.6160  -3.1049   3.0569   0.00    0.0
2014/08/09 17:10:00.000  -12.843697892  131.132745084   123.7106   5   6   2.4963   2.4039   9.5904  -0.5944  -3.0775   3.0370   0.00    0.0
2014/08/09 17:10:30.000  -12.843697949  131.132746207   123.0019   5   6   2.4950   2.3997   9.5433  -0.5721  -3.0497   3.0169   0.00    0.0
2014/08/09 17:11:00.000  -12.843698690  131.132747116   122.3998   5   6   2.4937   2.3956   9.4953  -0.5489  -3.0216   2.9964   0.00    0.0
2014/08/09 17:11:30.000  -12.843698123  131.132746102   122.4723   5   6   2.4924   2.3914   9.4465  -0.5250  -2.9930   2.9756   0.00    0.0
2014/08/09 17:12:00.000  -12.843697882  131.132745530   122.7269   5   6   2.4911   2.3874   9.3969  -0.5000  -2.9642   2.9547   0.00    0.0
2014/08/09 17:12:30.000  -12.843698528  131.132745893   122.8215   5   6   2.4897   2.3833   9.3467  -0.4740  -2.9350   2.9334   0.00    0.0
2014/08/09 17:13:00.000  -12.843698463  131.132746697   122.7067   5   6   2.4884   2.3794   9.2958  -0.4467  -2.9055   2.9120   0.00    0.0
2014/08/09 17:13:30.000  -12.843698050  131.132746109   122.4239   5   6   2.4870   2.3754   9.2444  -0.4178  -2.8758   2.8904   0.00    0.0
2014/08/09 17:14:00.000  -12.843699407  131.132747606   121.8954   5   6   2.4857   2.3716   9.1925  -0.3872  -2.8458   2.8686   0.00    0.0
2014/08/09 17:14:30.000  -12.843700426  131.132746872   122.0345   5   6   2.4843   2.3678   9.1401  -0.3544  -2.8156   2.8467   0.00    0.0
2014/08/09 17:15:00.000  -12.843700969  131.132745081   122.1204   5   6   2.4829   2.3641   9.0873  -0.3187  -2.7851   2.8247   0.00    0.0
2014/08/09 17:15:30.000  -12.843700345  131.132745690   122.2707   5   6   2.4816   2.3604   9.0342  -0.2789  -2.7545   2.8025   0.00    0.0
2014/08/09 17:16:00.000  -12.843699134  131.132746699   122.4963   5   6   2.4802   2.3568   8.9807  -0.2332  -2.7237   2.7802   0.00    0.0
2014/08/09 17:16:30.000  -12.843698431  131.132746377   122.4853   5   6   2.4789   2.3533   8.9271  -0.1770  -2.6927   2.7578   0.00    0.0
2014/08/09 17:17:00.000  -12.843698643  131.132745922   122.4357   5   6   2.4775   2.3499   8.8732  -0.0929  -2.6616   2.7354   0.00    0.0
2014/08/09 17:17:30.000  -12.843699221  131.132746074   122.0434   5   6   2.4762   2.3466   8.8192   0.1171  -2.6303   2.7129   0.00    0.0
2014/08/09 17:18:00.000  -12.843700257  131.132747342   121.4265   5   6   2.4748   2.3433   8.7652   0.1889  -2.5989   2.6903   0.00    0.0
2014/08/09 17:18:30.000  -12.843700634  131.132749206   121.1874   5   6   2.4735   2.3402   8.7110   0.2392  -2.5674   2.6678   0.00    0.0
2014/08/09 17:19:00.000  -12.843701185  131.132748252   121.6225   5   6   2.4722   2.3371   8.6568   0.2800  -2.5359   2.6452   0.00    0.0
2014/08/09 17:19:30.000  -12.843700508  131.132748027   121.8207   5   6   2.4708   2.3342   8.6027   0.3149  -2.5042   2.6226   0.00    0.0
2014/08/09 17:20:00.000  -12.843699847  131.132747429   121.6936   5   6   2.4695   2.3313   8.5486   0.3457  -2.4725   2.6000   0.00    0.0
2014/08/09 17:20:30.000  -12.843700379  131.132747399   121.1219   5   6   2.4682   2.3285   8.4946   0.3734  -2.4407   2.5774   0.00    0.0
2014/08/09 17:21:00.000  -12.843701289  131.132747291   120.7881   5   6   2.4669   2.3259   8.4407   0.3986  -2.4088   2.5548   0.00    0.0
2014/08/09 17:21:30.000  -12.843700378  131.132746841   121.1738   5   6   2.4656   2.3233   8.3870   0.4218  -2.3769   2.5322   0.00    0.0
2014/08/09 17:22:00.000  -12.843700278  131.132746081   121.4580   5   6   2.4644   2.3208   8.3334   0.4434  -2.3450   2.5097   0.00    0.0
2014/08/09 17:22:30.000  -12.843699662  131.132746204   121.8051   5   6   2.4631   2.3184   8.2801   0.4634  -2.3130   2.4873   0.00    0.0
2014/08/09 17:23:00.000  -12.843699745  131.132747692   121.4245   5   6   2.4618   2.3162   8.2271   0.4821  -2.2810   2.4649   0.00    0.0
2014/08/09 17:23:30.000  -12.843700116  131.132748597   121.3589   5   6   2.4606   2.3140   8.1743   0.4997  -2.2490   2.4425   0.00    0.0
2014/08/09 17:24:00.000  -12.843699695  131.132749402   121.3108   5   6   2.4593   2.3119   8.1217   0.5163  -2.2169   2.4202   0.00    0.0
2014/08/09 17:24:30.000  -12.843700103  131.132748263   121.1772   5   6   2.4581   2.3100   8.0695   0.5319  -2.1848   2.3980   0.00    0.0
2014/08/09 17:25:00.000  -12.843701120  131.132747416   120.8586   5   6   2.4568   2.3081   8.0177   0.5466  -2.1527   2.3759   0.00    0.0
2014/08/09 17:25:30.000  -12.843700146  131.132747417   121.3094   5   6   2.4556   2.3064   7.9662   0.5605  -2.1206   2.3538   0.00    0.0
2014/08/09 17:26:00.000  -12.843698681  131.132746434   121.8402   5   6   2.4543   2.3047   7.9150   0.5737  -2.0885   2.3319   0.00    0.0
2014/08/09 17:26:30.000  -12.843698112  131.132745740   121.7188   5   6   2.4531   2.3032   7.8643   0.5862  -2.0563   2.3100   0.00    0.0
2014/08/09 17:27:00.000  -12.843698165  131.132745705   121.4319   5   6   2.4519   2.3017   7.8140   0.5981  -2.0241   2.2882   0.00    0.0
2014/08/09 17:27:30.000  -12.843698435  131.132745845   120.8599   5   6   2.4507   2.3004   7.7640   0.6094  -1.9919   2.2665   0.00    0.0
2014/08/09 17:28:00.000  -12.843698457  131.132745961   120.6657   5   6   2.4494   2.2991   7.7145   0.6200  -1.9597   2.2449   0.00    0.0
2014/08/09 17:28:30.000  -12.843698632  131.132746501   120.7307   5   6   2.4482   2.2980   7.6655   0.6302  -1.9274   2.2234   0.00    0.0
2014/08/09 17:29:00.000  -12.843698858  131.132746010   121.0844   5   6   2.4470   2.2969   7.6169   0.6398  -1.8951   2.2020   0.00    0.0
2014/08/09 17:29:30.000  -12.843699147  131.132746203   121.0736   5   6   2.4458   2.2960   7.5688   0.6489  -1.8627   2.1808   0.00    0.0
2014/08/09 17:30:00.000  -12.843700390  131.132746952   120.9595   5   6   2.4445   2.2951   7.5211   0.6575  -1.8303   2.1596   0.00    0.0
2014/08/09 17:30:30.000  -12.843699452  131.132747492   121.0969   5   6   2.4433   2.2944   7.4740   0.6657  -1.7978   2.1385   0.00    0.0
2014/08/09 17:31:00.000  -12.843698339  131.132747309   120.9331   5   6   2.4421   2.2937   7.4273   0.6735  -1.7652   2.1175   0.00    0.0
2014/08/09 17:31:30.000  -12.843698449  131.132747543   121.0699   5   6   2.4408   2.2931   7.3811   0.6808  -1.7325   2.0967   0.00    0.0
2014/08/09 17:32:00.000  -12.843698661  131.132747427   121.2411   5   6   2.4396   2.2927   7.3355   0.6877  -1.6998   2.0759   0.00    0.0
2014/08/09 17:32:30.000  -12.843699614  131.132747319   121.2700   5   6   2.4383   2.2923   7.2903   0.6942  -1.6669   2.0553   0.00    0.0
2014/08/09 17:33:00.000  -12.843699959  131.132747595   121.2619   5   6   2.4371   2.2920   7.2456   0.7004  -1.6339   2.0347   0.00    0.0
2014/08/09 17:33:30.000  -12.843700218  131.132747448   121.3056   5   6   2.4358   2.2918   7.2015   0.7062  -1.6007   2.0143   0.00    0.0
2014/08/09 17:34:00.000  -12.843701280  131.132747311   121.2482   5   6   2.4345   2.2918   7.1579   0.7116  -1.5674   1.9940   0.00    0.0
2014/08/09 17:34:30.000  -12.843700898  131.132748012   121.4930   5   6   2.4333   2.2918   7.1148   0.7167  -1.5339   1.9737   0.00    0.0
2014/08/09 17:35:00.000  -12.843702623  131.132748242   122.9845   5   7   2.2450   2.2908   6.2722   0.7659  -1.5754   2.6214   0.00    0.0
2014/08/09 17:35:30.000  -12.843700691  131.132749033   123.0444   5   7   2.2397   2.2907   6.2474   0.7755  -1.5505   2.6045   0.00    0.0
2014/08/09 17:36:00.000  -12.843700674  131.132748895   122.8615   5   7   2.2344   2.2907   6.2227   0.7847  -1.5255   2.5875   0.00    0.0
2014/08/09 17:36:30.000  -12.843702038  131.132747863   122.2799   5   7   2.2291   2.2907   6.1982   0.7935  -1.5003   2.5706   0.00    0.0
2014/08/09 17:37:00.000  -12.843702038  131.132747887   122.1451   5   7   2.2238   2.2908   6.1738   0.8021  -1.4749   2.5536   0.00    0.0
2014/08/09 17:37:30.000  -12.843701338  131.132747189   122.2468   5   7   2.2185   2.2910   6.1496   0.8103  -1.4493   2.5366   0.00    0.0
2014/08/09 17:38:00.000  -12.843700945  131.132747080   122.0940   5   7   2.2132   2.2912   6.1256   0.8183  -1.4234   2.5196   0.00    0.0
2014/08/09 17:38:30.000  -12.843700490  131.132748123   121.9862   5   7   2.2080   2.2915   6.1017   0.8259  -1.3974   2.5026   0.00    0.0
2014/08/09 17:39:00.000  -12.843699399  131.132747632   122.3059   5   7   2.2027   2.2919   6.0780   0.8333  -1.3710   2.4856   0.00    0.0
2014/08/09 17:39:30.000  -12.843700158  131.132747650   121.9537   5   7   2.1975   2.2923   6.0545   0.8404  -1.3445   2.4686   0.00    0.0
2014/08/09 17:40:00.000  -12.843700479  131.132748099   121.8481   5   7   2.1923   2.2928   6.0312   0.8472  -1.3176   2.4516   0.00    0.0
2014/08/09 17:40:30.000  -12.843700744  131.132748540   121.9395   5   7   2.1871   2.2933   6.0081   0.8538  -1.2904   2.4346   0.00    0.0
2014/08/09 17:41:00.000  -12.843700591  131.132747991   121.8354   5   7   2.1819   2.2939   5.9852   0.8601  -1.2629   2.4176   0.00    0.0
2014/08/09 17:41:30.000  -12.843700548  131.132747616   121.7678   5   7   2.1767   2.2946   5.9625   0.8662  -1.2350   2.4007   0.00    0.0
2014/08/09 17:42:00.000  -12.843701080  131.132747346   121.6283   5   7   2.1716   2.2954   5.9400   0.8720  -1.2068   2.3837   0.00    0.0
2014/08/09 17:42:30.000  -12.843700762  131.132747114   121.7073   5   7   2.1665   2.2962   5.9177   0.8776  -1.1781   2.3667   0.00    0.0
2014/08/09 17:43:00.000  -12.843700470  131.132748360   121.8081   5   7   2.1614   2.2970   5.8956   0.8829  -1.1489   2.3498   0.00    0.0
2014/08/09 17:43:30.000  -12.843698945  131.132749318   121.8840   5   7   2.1563   2.2979   5.8738   0.8880  -1.1193   2.3328   0.00    0.0
2014/08/09 17:44:00.000  -12.843697535  131.132749370   121.8723   5   7   2.1512   2.2989   5.8522   0.8929  -1.0891   2.3159   0.00    0.0
2014/08/09 17:44:30.000  -12.843697602  131.132749650   121.7974   5   7   2.1462   2.3000   5.8308   0.8976  -1.0584   2.2989   0.00    0.0
2014/08/09 17:45:00.000  -12.843698660  131.132748735   121.7090   5   7   2.1412   2.3011   5.8096   0.9021  -1.0269   2.2820   0.00    0.0
2014/08/09 17:45:30.000  -12.843700402  131.132748283   121.3620   5   7   2.1362   2.3022   5.7886   0.9063  -0.9948   2.2651   0.00    0.0
2014/08/09 17:46:00.000  -12.843701112  131.132747855   121.2944   5   7   2.1313   2.3035   5.7679   0.9104  -0.9618   2.2483   0.00    0.0
2014/08/09 17:46:30.000  -12.843700805  131.132747130   121.4036   5   7   2.1264   2.3048   5.7474   0.9142  -0.9280   2.2314   0.00    0.0
2014/08/09 17:47:00.000  -12.843700310  131.132748376   121.1867   5   7   2.1215   2.3061   5.7272   0.9179  -0.8931   2.2145   0.00    0.0
2014/08/09 17:47:30.000  -12.843699289  131.132750127   121.0652   5   7   2.1166   2.3075   5.7072   0.9213  -0.8571   2.1977   0.00    0.0
2014/08/09 17:48:00.000  -12.843699484  131.132749959   121.2914   5   7   2.1118   2.3090   5.6874   0.9246  -0.8198   2.1809   0.00    0.0
2014/08/09 17:48:30.000  -12.843700322  131.132748619   121.1447   5   7   2.1070   2.3105   5.6679   0.9277  -0.7810   2.1641   0.00    0.0
2014/08/09 17:49:00.000  -12.843701780  131.132747329   121.2510   5   7   2.1022   2.3121   5.6487   0.9306  -0.7405   2.1473   0.00    0.0
2014/08/09 17:49:30.000  -12.843702432  131.132747322   121.3629   5   7   2.0975   2.3138   5.6296   0.9333  -0.6979   2.1305   0.00    0.0
2014/08/09 17:50:00.000  -12.843700775  131.132748724   121.5044   5   8   1.8317   2.0959   4.8212  -0.3472  -1.8031   1.2501   0.00    0.0
2014/08/09 17:50:30.000  -12.843700578  131.132749156   121.2872   5   8   1.8309   2.0930   4.8119  -0.3441  -1.7889   1.2397   0.00    0.0
2014/08/09 17:51:00.000  -12.843698861  131.132749719   121.3112   5   8   1.8302   2.0901   4.8026  -0.3411  -1.7747   1.2291   0.00    0.0
2014/08/09 17:51:30.000  -12.843697377  131.132749691   121.4551   5   8   1.8294   2.0872   4.7933  -0.3383  -1.7604   1.2184   0.00    0.0
2014/08/09 17:52:00.000  -12.843696620  131.132749759   121.5285   5   8   1.8287   2.0844   4.7840  -0.3355  -1.7460   1.2075   0.00    0.0
2014/08/09 17:52:30.000  -12.843697519  131.132750047   121.6707   5   8   1.8280   2.0816   4.7748  -0.3328  -1.7316   1.1966   0.00    0.0
2014/08/09 17:53:00.000  -12.843699170  131.132748481   121.9313   5   8   1.8273   2.0789   4.7657  -0.3303  -1.7170   1.1855   0.00    0.0
2014/08/09 17:53:30.000  -12.843700781  131.132746987   122.0187   5   8   1.8266   2.0762   4.7566  -0.3278  -1.7024   1.1742   0.00    0.0
2014/08/09 17:54:00.000  -12.843700515  131.132746718   121.9639   5   8   1.8260   2.0736   4.7475  -0.3255  -1.6878   1.1629   0.00    0.0
2014/08/09 17:54:30.000  -12.843699576  131.132747765   121.6523   5   8   1.8253   2.0710   4.7385  -0.3233  -1.6730   1.1513   0.00    0.0
2014/08/09 17:55:00.000  -12.843698687  131.132748528   121.2865   5   8   1.8247   2.0685   4.7296  -0.3212  -1.6582   1.1397   0.00    0.0
2014/08/09 17:55:30.000  -12.843698267  131.132749210   121.1818   5   8   1.8241   2.0660   4.7207  -0.3193  -1.6433   1.1279   0.00    0.0
2014/08/09 17:56:00.000  -12.843697605  131.132749849   121.7782   5   8   1.8235   2.0636   4.7118  -0.3174  -1.6284   1.1159   0.00    0.0
2014/08/09 17:56:30.000  -12.843698162  131.132749576   121.6390   5   8   1.8229   2.0612   4.7031  -0.3157  -1.6133   1.1038   0.00    0.0
2014/08/09 17:57:00.000  -12.843697956  131.132748644   121.5342   5   8   1.8223   2.0589   4.6944  -0.3142  -1.5982   1.0915   0.00    0.0
2014/08/09 17:57:30.000  -12.843698181  131.132748847   121.3830   5   8   1.8218   2.0567   4.6857  -0.3128  -1.5830   1.0791   0.00    0.0
2014/08/09 17:58:00.000  -12.843698103  131.132747955   121.2162   5   8   1.8212   2.0545   4.6771  -0.3115  -1.5678   1.0665   0.00    0.0
2014/08/09 17:58:30.000  -12.843698012  131.132747792   121.0450   5   8   1.8207   2.0523   4.6686  -0.3104  -1.5524   1.0537   0.00    0.0
2014/08/09 17:59:00.000  -12.843698686  131.132748333   121.1536   5   8   1.8202   2.0502   4.6602  -0.3094  -1.5370   1.0407   0.00    0.0
2014/08/09 17:59:30.000  -12.843697895  131.132748075   121.1136   5   8   1.8197   2.0481   4.6518  -0.3086  -1.5214   1.0276   0.00    0.0
2014/08/09 18:00:00.000  -12.843696299  131.132747868   121.3913   5   8   1.8193   2.0461   4.6435  -0.3080  -1.5058   1.0143   0.00    0.0
2014/08/09 18:00:30.000  -12.843694791  131.132748923   121.3450   5   8   1.8188   2.0442   4.6353  -0.3074  -1.4901   1.0008   0.00    0.0
2014/08/09 18:01:00.000  -12.843694308  131.132748112   121.3884   5   8   1.8184   2.0423   4.6271  -0.3071  -1.4743   0.9870   0.00    0.0
2014/08/09 18:01:30.000  -12.843693334  131.132747896   121.7350   5   8   1.8180   2.0405   4.6191  -0.3069  -1.4584   0.9731   0.00    0.0
2014/08/09 18:02:00.000  -12.843694081  131.132746667   121.8230   5   8   1.8176   2.0387   4.6111  -0.3069  -1.4424   0.9590   0.00    0.0
2014/08/09 18:02:30.000  -12.843695835  131.132746829   121.6587   5   8   1.8172   2.0370   4.6032  -0.3070  -1.4263   0.9447   0.00    0.0
2014/08/09 18:03:00.000  -12.843695963  131.132747031   121.8355   5   8   1.8169   2.0353   4.5953  -0.3073  -1.4101   0.9301   0.00    0.0
2014/08/09 18:03:30.000  -12.843697518  131.132747535   122.1638   5   7   2.0502   2.0829   5.0799   0.5769  -1.7100  -1.1118   0.00    0.0
2014/08/09 18:04:00.000  -12.843696991  131.132747940   121.6883   5   7   2.0508   2.0811   5.0821   0.5764  -1.6987  -1.1347   0.00    0.0
2014/08/09 18:04:30.000  -12.843696206  131.132748361   121.8254   5   7   2.0515   2.0794   5.0843   0.5758  -1.6873  -1.1573   0.00    0.0
2014/08/09 18:05:00.000  -12.843696899  131.132748312   122.0649   5   7   2.0522   2.0777   5.0866   0.5750  -1.6758  -1.1794   0.00    0.0
2014/08/09 18:05:30.000  -12.843698076  131.132747908   121.9193   5   7   2.0530   2.0760   5.0891   0.5741  -1.6642  -1.2011   0.00    0.0
2014/08/09 18:06:00.000  -12.843699273  131.132748717   122.0289   5   7   2.0538   2.0744   5.0916   0.5730  -1.6524  -1.2225   0.00    0.0
2014/08/09 18:06:30.000  -12.843700503  131.132748768   122.2034   5   7   2.0547   2.0728   5.0942   0.5718  -1.6406  -1.2435   0.00    0.0
2014/08/09 18:07:00.000  -12.843701799  131.132747654   122.2443   5   7   2.0555   2.0713   5.0970   0.5704  -1.6286  -1.2642   0.00    0.0
2014/08/09 18:07:30.000  -12.843701162  131.132747829   122.2591   5   7   2.0565   2.0698   5.0998   0.5688  -1.6165  -1.2845   0.00    0.0
2014/08/09 18:08:00.000  -12.843701010  131.132748689   122.2053   5   7   2.0575   2.0683   5.1027   0.5672  -1.6043  -1.3046   0.00    0.0
2014/08/09 18:08:30.000  -12.843700050  131.132748768   122.4223   5   7   2.0585   2.0669   5.1057   0.5653  -1.5920  -1.3243   0.00    0.0
2014/08/09 18:09:00.000  -12.843700304  131.132747937   122.5443   5   7   2.0595   2.0655   5.1088   0.5633  -1.5795  -1.3438   0.00    0.0
2014/08/09 18:09:30.000  -12.843701180  131.132747964   122.6525   5   7   2.0607   2.0642   5.1120   0.5612  -1.5669  -1.3630   0.00    0.0
2014/08/09 18:10:00.000  -12.843701005  131.132748756   122.9129   5   7   2.0618   2.0629   5.1152   0.5589  -1.5542  -1.3819   0.00    0.0
2014/08/09 18:10:30.000  -12.843699573  131.132748241   122.7521   5   7   2.0630   2.0616   5.1186   0.5564  -1.5413  -1.4006   0.00    0.0
2014/08/09 18:11:00.000  -12.843699483  131.132749946   122.4506   5   7   2.0642   2.0604   5.1220   0.5538  -1.5283  -1.4190   0.00    0.0
2014/08/09 18:11:30.000  -12.843699502  131.132750348   122.2187   5   7   2.0655   2.0592   5.1254   0.5510  -1.5151  -1.4372   0.00    0.0
2014/08/09 18:12:00.000  -12.843699021  131.132750441   122.3924   5   7   2.0668   2.0581   5.1290   0.5480  -1.5018  -1.4551   0.00    0.0
2014/08/09 18:12:30.000  -12.843698828  131.132749342   122.3741   5   7   2.0681   2.0570   5.1326   0.5449  -1.4883  -1.4728   0.00    0.0
2014/08/09 18:13:00.000  -12.843699041  131.132748971   122.4034   5   7   2.0695   2.0560   5.1362   0.5416  -1.4746  -1.4903   0.00    0.0
2014/08/09 18:13:30.000  -12.843698681  131.132750274   122.4539   5   7   2.0709   2.0550   5.1399   0.5381  -1.4608  -1.5075   0.00    0.0
2014/08/09 18:14:00.000  -12.843698735  131.132750379   122.1965   5   7   2.0723   2.0540   5.1437   0.5345  -1.4468  -1.5246   0.00    0.0
2014/08/09 18:14:30.000  -12.843697670  131.132748845   122.0531   5   7   2.0738   2.0531   5.1475   0.5306  -1.4326  -1.5414   0.00    0.0
2014/08/09 18:15:00.000  -12.843696730  131.132748667   121.8576   5   7   2.0753   2.0522   5.1513   0.5266  -1.4183  -1.5580   0.00    0.0
2014/08/09 18:15:30.000  -12.843697150  131.132748879   121.7664   5   7   2.0769   2.0514   5.1552   0.5224  -1.4037  -1.5743   0.00    0.0
2014/08/09 18:16:00.000  -12.843697302  131.132747623   121.8538   5   7   2.0785   2.0506   5.1591   0.5180  -1.3890  -1.5905   0.00    0.0
2014/08/09 18:16:30.000  -12.843697208  131.132746550   121.9970   5   7   2.0801   2.0499   5.1630   0.5134  -1.3741  -1.6065   0.00    0.0
2014/08/09 18:17:00.000  -12.843696959  131.132747213   122.4559   5   7   2.0817   2.0492   5.1670   0.5087  -1.3589  -1.6222   0.00    0.0
2014/08/09 18:17:30.000  -12.843697657  131.132747611   122.3928   5   7   2.0834   2.0486   5.1710   0.5037  -1.3436  -1.6378   0.00    0.0
2014/08/09 18:18:00.000  -12.843697834  131.132747412   122.3177   5   7   2.0851   2.0480   5.1750   0.4985  -1.3280  -1.6531   0.00    0.0
2014/08/09 18:18:30.000  -12.843698702  131.132749026   122.3266   5   7   2.0868   2.0475   5.1790   0.4931  -1.3122  -1.6682   0.00    0.0
2014/08/09 18:19:00.000  -12.843699654  131.132748390   122.4294   5   7   2.0885   2.0470   5.1829   0.4875  -1.2962  -1.6832   0.00    0.0
2014/08/09 18:19:30.000  -12.843700022  131.132748145   122.4400   5   7   2.0903   2.0465   5.1869   0.4817  -1.2800  -1.6979   0.00    0.0
2014/08/09 18:20:00.000  -12.843700781  131.132749678   122.5131   5   7   2.0921   2.0461   5.1909   0.4756  -1.2635  -1.7124   0.00    0.0
2014/08/09 18:20:30.000  -12.843700321  131.132750688   122.5310   5   7   2.0939   2.0458   5.1949   0.4693  -1.2467  -1.7267   0.00    0.0
2014/08/09 18:21:00.000  -12.843699603  131.132750537   122.1947   5   7   2.0957   2.0455   5.1988   0.4628  -1.2297  -1.7408   0.00    0.0
2014/08/09 18:21:30.000  -12.843699658  131.132749961   122.2223   5   7   2.0975   2.0452   5.2027   0.4560  -1.2124  -1.7547   0.00    0.0
2014/08/09 18:22:00.000  -12.843698828  131.132750204   122.2837   5   7   2.0994   2.0450   5.2065   0.4489  -1.1949  -1.7684   0.00    0.0
2014/08/09 18:22:30.000  -12.843697562  131.132749088   122.3986   5   7   2.1012   2.0449   5.2104   0.4416  -1.1770  -1.7819   0.00    0.0
2014/08/09 18:23:00.000  -12.843697600  131.132748464   122.4683   5   7   2.1031   2.0448   5.2141   0.4340  -1.1589  -1.7952   0.00    0.0
2014/08/09 18:23:30.000  -12.843698106  131.132748867   122.2309   5   7   2.1050   2.0448   5.2178   0.4262  -1.1404  -1.8082   0.00    0.0
2014/08/09 18:24:00.000  -12.843698247  131.132748337   122.1968   5   7   2.1069   2.0448   5.2215   0.4180  -1.1216  -1.8211   0.00    0.0
2014/08/09 18:24:30.000  -12.843699024  131.132749262   122.3158   5   7   2.1088   2.0448   5.2250   0.4095  -1.1025  -1.8337   0.00    0.0
2014/08/09 18:25:00.000  -12.843699873  131.132749086   122.1690   5   7   2.1106   2.0449   5.2285   0.4007  -1.0830  -1.8461   0.00    0.0
2014/08/09 18:25:30.000  -12.843700217  131.132749855   122.1874   5   7   2.1125   2.0451   5.2319   0.3915  -1.0632  -1.8583   0.00    0.0
2014/08/09 18:26:00.000  -12.843699620  131.132749237   122.1806   5   7   2.1144   2.0453   5.2352   0.3819  -1.0430  -1.8702   0.00    0.0
2014/08/09 18:26:30.000  -12.843698911  131.132747948   122.0971   5   7   2.1163   2.0456   5.2384   0.3720  -1.0224  -1.8819   0.00    0.0
2014/08/09 18:27:00.000  -12.843698638  131.132747107   122.1931   5   7   2.1182   2.0459   5.2415   0.3616  -1.0013  -1.8934   0.00    0.0
2014/08/09 18:27:30.000  -12.843698847  131.132748996   122.4280   5   7   2.1201   2.0462   5.2445   0.3508  -0.9799  -1.9047   0.00    0.0
2014/08/09 18:28:00.000  -12.843698288  131.132749506   122.6262   5   7   2.1219   2.0467   5.2474   0.3395  -0.9580  -1.9157   0.00    0.0
2014/08/09 18:28:30.000  -12.843698329  131.132749881   122.6517   5   7   2.1238   2.0471   5.2501   0.3277  -0.9356  -1.9264   0.00    0.0
2014/08/09 18:29:00.000  -12.843698596  131.132748987   122.3791   5   7   2.1256   2.0476   5.2527   0.3153  -0.9126  -1.9369   0.00    0.0
2014/08/09 18:29:30.000  -12.843699349  131.132748869   122.4706   5   7   2.1274   2.0482   5.2551   0.3022  -0.8892  -1.9472   0.00    0.0
2014/08/09 18:30:00.000  -12.843700089  131.132749913   122.4280   5   7   2.1292   2.0488   5.2574   0.2884  -0.8651  -1.9572   0.00    0.0
2014/08/09 18:30:30.000  -12.843699914  131.132751691   122.5622   5   7   2.1310   2.0495   5.2595   0.2738  -0.8404  -1.9670   0.00    0.0
2014/08/09 18:31:00.000  -12.843699981  131.132751105   122.5842   5   7   2.1328   2.0502   5.2614   0.2583  -0.8151  -1.9765   0.00    0.0
2014/08/09 18:31:30.000  -12.843699998  131.132749854   122.7588   5   7   2.1345   2.0510   5.2632   0.2416  -0.7890  -1.9857   0.00    0.0
2014/08/09 18:32:00.000  -12.843700798  131.132749700   122.8800   5   7   2.1362   2.0518   5.2648   0.2236  -0.7621  -1.9947   0.00    0.0
2014/08/09 18:32:30.000  -12.843700163  131.132750126   122.8595   5   7   2.1378   2.0527   5.2662   0.2038  -0.7344  -2.0034   0.00    0.0
2014/08/09 18:33:00.000  -12.843699545  131.132749712   122.4506   5   7   2.1395   2.0536   5.2674   0.1818  -0.7057  -2.0118   0.00    0.0
2014/08/09 18:33:30.000  -12.843699057  131.132748208   122.2679   5   7   2.1411   2.0546   5.2683   0.1566  -0.6760  -2.0199   0.00    0.0
2014/08/09 18:34:00.000  -12.843698909  131.132748213   121.8317   5   7   2.1426   2.0556   5.2691   0.1264  -0.6450  -2.0277   0.00    0.0
2014/08/09 18:34:30.000  -12.843698463  131.132748873   121.3498   5   7   2.1441   2.0566   5.2697   0.0861  -0.6127  -2.0353   0.00    0.0
2014/08/09 18:35:00.000  -12.843698087  131.132750289   121.5397   5   7   2.1456   2.0578   5.2700  -0.0344  -0.5788  -2.0425   0.00    0.0
2014/08/09 18:35:30.000  -12.843697336  131.132748537   121.3952   5   7   2.1470   2.0589   5.2700  -0.0989  -0.5430  -2.0495   0.00    0.0
2014/08/09 18:36:00.000  -12.843698040  131.132745558   121.5696   5   7   2.1483   2.0601   5.2699  -0.1356  -0.5050  -2.0562   0.00    0.0
2014/08/09 18:36:30.000  -12.843698163  131.132746588   122.1650   5   7   2.1496   2.0614   5.2695  -0.1643  -0.4642  -2.0625   0.00    0.0
2014/08/09 18:37:00.000  -12.843698168  131.132748753   122.1944   5   7   2.1509   2.0627   5.2688  -0.1886  -0.4199  -2.0686   0.00    0.0
2014/08/09 18:37:30.000  -12.843698321  131.132748933   122.1470   5   7   2.1521   2.0640   5.2678  -0.2101  -0.3708  -2.0743   0.00    0.0
2014/08/09 18:38:00.000  -12.843699144  131.132749065   122.2627   5   6   2.3106   2.7286   6.8948  -1.2439  -2.8344  -0.7715   0.00    0.0
2014/08/09 18:38:30.000  -12.843699357  131.132748482   122.6299   5   6   2.3114   2.7234   6.8924  -1.2437  -2.8194  -0.7879   0.00    0.0
2014/08/09 18:39:00.000  -12.843699439  131.132749001   122.4969   5   6   2.3122   2.7182   6.8897  -1.2434  -2.8044  -0.8032   0.00    0.0
2014/08/09 18:39:30.000  -12.843699321  131.132749038   122.6860   5   6   2.3128   2.7132   6.8868  -1.2431  -2.7894  -0.8173   0.00    0.0
2014/08/09 18:40:00.000  -12.843699934  131.132748433   122.8551   5   6   2.3135   2.7081   6.8835  -1.2429  -2.7744  -0.8305   0.00    0.0
2014/08/09 18:40:30.000  -12.843699896  131.132748603   122.3552   5   6   2.3140   2.7032   6.8798  -1.2426  -2.7594  -0.8426   0.00    0.0
2014/08/09 18:41:00.000  -12.843699124  131.132749200   122.6101   5   6   2.3145   2.6983   6.8759  -1.2424  -2.7443  -0.8538   0.00    0.0
2014/08/09 18:41:30.000  -12.843698912  131.132749577   122.6569   5   6   2.3150   2.6935   6.8716  -1.2421  -2.7292  -0.8640   0.00    0.0
2014/08/09 18:42:00.000  -12.843698948  131.132749029   122.4567   5   6   2.3154   2.6888   6.8669  -1.2419  -2.7142  -0.8732   0.00    0.0
2014/08/09 18:42:30.000  -12.843698618  131.132748146   122.2663   5   6   2.3157   2.6842   6.8619  -1.2417  -2.6991  -0.8816   0.00    0.0
2014/08/09 18:43:00.000  -12.843698777  131.132748563   122.5473   5   6   2.3160   2.6796   6.8566  -1.2414  -2.6840  -0.8891   0.00    0.0
2014/08/09 18:43:30.000  -12.843699918  131.132749514   122.7358   5   6   2.3162   2.6751   6.8509  -1.2412  -2.6689  -0.8956   0.00    0.0
2014/08/09 18:44:00.000  -12.843700610  131.132749352   122.6593   5   6   2.3164   2.6706   6.8448  -1.2409  -2.6538  -0.9013   0.00    0.0
2014/08/09 18:44:30.000  -12.843700401  131.132749641   122.7666   5   6   2.3165   2.6663   6.8384  -1.2406  -2.6388  -0.9062   0.00    0.0
2014/08/09 18:45:00.000  -12.843699421  131.132749294   122.9231   5   6   2.3165   2.6620   6.8316  -1.2404  -2.6237  -0.9101   0.00    0.0
2014/08/09 18:45:30.000  -12.843700278  131.132749353   122.7680   5   6   2.3165   2.6578   6.8244  -1.2401  -2.6087  -0.9133   0.00    0.0
2014/08/09 18:46:00.000  -12.843700720  131.132749281   122.6008   5   6   2.3164   2.6536   6.8169  -1.2398  -2.5937  -0.9155   0.00    0.0
2014/08/09 18:46:30.000  -12.843700676  131.132748087   122.8471   5   6   2.3163   2.6495   6.8090  -1.2394  -2.5787  -0.9170   0.00    0.0
2014/08/09 18:47:00.000  -12.843700067  131.132746830   123.2508   5   6   2.3161   2.6455   6.8007  -1.2391  -2.5637  -0.9175   0.00    0.0
2014/08/09 18:47:30.000  -12.843699041  131.132745915   123.4901   5   6   2.3158   2.6416   6.7920  -1.2387  -2.5488  -0.9173   0.00    0.0
2014/08/09 18:48:00.000  -12.843698792  131.132746022   123.2996   5   6   2.3154   2.6378   6.7829  -1.2383  -2.5339  -0.9162   0.00    0.0
2014/08/09 18:48:30.000  -12.843699454  131.132746069   123.3004   5   6   2.3151   2.6340   6.7735  -1.2379  -2.5191  -0.9142   0.00    0.0
2014/08/09 18:49:00.000  -12.843699720  131.132747059   123.0428   5   6   2.3146   2.6302   6.7637  -1.2375  -2.5043  -0.9114   0.00    0.0
2014/08/09 18:49:30.000  -12.843699379  131.132747549   122.6420   5   6   2.3141   2.6266   6.7535  -1.2370  -2.4895  -0.9077   0.00    0.0
2014/08/09 18:50:00.000  -12.843699282  131.132747718   122.5674   5   6   2.3135   2.6230   6.7429  -1.2365  -2.4748  -0.9032   0.00    0.0
2014/08/09 18:50:30.000  -12.843699490  131.132746033   123.0087   5   7   2.3057   2.1230   4.9371  -1.3441   0.9848   0.1604   0.00    0.0
2014/08/09 18:51:00.000  -12.843700032  131.132746008   123.3167   5   7   2.3054   2.1212   4.9406  -1.3407   0.9972   0.1082   0.00    0.0
2014/08/09 18:51:30.000  -12.843699861  131.132744915   123.6350   5   7   2.3050   2.1194   4.9439  -1.3371   1.0091  -0.0356   0.00    0.0
2014/08/09 18:52:00.000  -12.843698962  131.132743187   123.6822   5   7   2.3046   2.1177   4.9470  -1.3335   1.0205  -0.1150   0.00    0.0
2014/08/09 18:52:30.000  -12.843698963  131.132744031   123.5843   5   7   2.3041   2.1159   4.9500  -1.3298   1.0315  -0.1553   0.00    0.0
2014/08/09 18:53:00.000  -12.843700496  131.132745257   123.5835   5   7   2.3035   2.1141   4.9527  -1.3259   1.0419  -0.1843   0.00    0.0
2014/08/09 18:53:30.000  -12.843700531  131.132745015   123.6434   5   7   2.3029   2.1123   4.9553  -1.3220   1.0519  -0.2068   0.00    0.0
2014/08/09 18:54:00.000  -12.843700402  131.132746356   123.6241   5   7   2.3022   2.1105   4.9577  -1.3180   1.0614  -0.2247   0.00    0.0
2014/08/09 18:54:30.000  -12.843700092  131.132745808   123.2551   5   7   2.3015   2.1086   4.9599  -1.3139   1.0706  -0.2390   0.00    0.0
2014/08/09 18:55:00.000  -12.843700494  131.132745968   122.9611   5   7   2.3007   2.1068   4.9619  -1.3096   1.0792  -0.2504   0.00    0.0
2014/08/09 18:55:30.000  -12.843701359  131.132746453   123.2609   5   7   2.2999   2.1050   4.9637  -1.3053   1.0875  -0.2592   0.00    0.0
2014/08/09 18:56:00.000  -12.843701206  131.132745766   123.4483   5   7   2.2990   2.1032   4.9653  -1.3009   1.0954  -0.2656   0.00    0.0
2014/08/09 18:56:30.000  -12.843700764  131.132746922   123.6489   5   7   2.2981   2.1014   4.9666  -1.2963   1.1028  -0.2699   0.00    0.0
2014/08/09 18:57:00.000  -12.843699507  131.132747385   123.6140   5   7   2.2971   2.0996   4.9678  -1.2917   1.1099  -0.2721   0.00    0.0
2014/08/09 18:57:30.000  -12.843699427  131.132745311   123.5012   5   7   2.2961   2.0977   4.9688  -1.2869   1.1166  -0.2723   0.00    0.0
2014/08/09 18:58:00.000  -12.843699791  131.132743974   123.8031   5   7   2.2950   2.0959   4.9695  -1.2821   1.1229  -0.2705   0.00    0.0
2014/08/09 18:58:30.000  -12.843705811  131.132748206   124.9194   5   8   2.0490   1.9261   4.4468  -0.8853  -0.7413   1.4892   0.00    0.0
2014/08/09 18:59:00.000  -12.843706028  131.132749446   124.7984   5   8   2.0479   1.9241   4.4523  -0.8781  -0.7271   1.4864   0.00    0.0
2014/08/09 18:59:30.000  -12.843705666  131.132749862   124.9464   5   8   2.0468   1.9221   4.4577  -0.8708  -0.7127   1.4837   0.00    0.0
2014/08/09 19:00:00.000  -12.843705268  131.132747574   124.6167   5   8   2.0457   1.9202   4.4630  -0.8635  -0.6981   1.4811   0.00    0.0
2014/08/09 19:00:30.000  -12.843705697  131.132747277   124.5679   5   8   2.0446   1.9183   4.4684  -0.8561  -0.6833   1.4785   0.00    0.0
2014/08/09 19:01:00.000  -12.843705887  131.132748822   124.5973   5   8   2.0435   1.9164   4.4737  -0.8487  -0.6683   1.4761   0.00    0.0
2014/08/09 19:01:30.000  -12.843705292  131.132750245   124.4317   5   8   2.0425   1.9146   4.4789  -0.8411  -0.6530   1.4738   0.00    0.0
2014/08/09 19:02:00.000  -12.843705436  131.132748928   124.5497   5   8   2.0414   1.9128   4.4841  -0.8335  -0.6374   1.4716   0.00    0.0
2014/08/09 19:02:30.000  -12.843705318  131.132748590   124.6008   5   8   2.0404   1.9110   4.4892  -0.8259  -0.6215   1.4695   0.00    0.0
2014/08/09 19:03:00.000  -12.843705348  131.132748620   124.6272   5   8   2.0394   1.9093   4.4943  -0.8181  -0.6054   1.4675   0.00    0.0
2014/08/09 19:03:30.000  -12.843706345  131.132748465   124.3480   5   8   2.0384   1.9076   4.4993  -0.8102  -0.5889   1.4656   0.00    0.0
2014/08/09 19:04:00.000  -12.843706593  131.132748908   124.5219   5   8   2.0375   1.9060   4.5043  -0.8023  -0.5720   1.4638   0.00    0.0
2014/08/09 19:04:30.000  -12.843705569  131.132748145   124.6094   5   8   2.0365   1.9044   4.5092  -0.7943  -0.5547   1.4621   0.00    0.0
2014/08/09 19:05:00.000  -12.843704902  131.132747463   124.4163   5   8   2.0356   1.9029   4.5140  -0.7862  -0.5370   1.4605   0.00    0.0
2014/08/09 19:05:30.000  -12.843704968  131.132747838   124.2797   5   8   2.0347   1.9013   4.5187  -0.7780  -0.5189   1.4591   0.00    0.0
2014/08/09 19:06:00.000  -12.843705708  131.132747240   124.1254   5   8   2.0338   1.8999   4.5233  -0.7697  -0.5001   1.4577   0.00    0.0
2014/08/09 19:06:30.000  -12.843705591  131.132747554   124.1212   5   8   2.0329   1.8984   4.5279  -0.7613  -0.4808   1.4565   0.00    0.0
2014/08/09 19:07:00.000  -12.843705649  131.132748547   124.1776   5   8   2.0321   1.8970   4.5324  -0.7528  -0.4608   1.4554   0.00    0.0
2014/08/09 19:07:30.000  -12.843705106  131.132749106   124.4191   5   8   2.0313   1.8957   4.5368  -0.7442  -0.4401   1.4543   0.00    0.0
2014/08/09 19:08:00.000  -12.843705379  131.132749498   124.5500   5   8   2.0304   1.8944   4.5411  -0.7355  -0.4184   1.4534   0.00    0.0
2014/08/09 19:08:30.000  -12.843704970  131.132749881   124.5247   5   8   2.0297   1.8931   4.5453  -0.7267  -0.3958   1.4527   0.00    0.0
2014/08/09 19:09:00.000  -12.843704817  131.132750413   124.4314   5   8   2.0289   1.8919   4.5493  -0.7177  -0.3719   1.4520   0.00    0.0
2014/08/09 19:09:30.000  -12.843704420  131.132749245   124.1587   5   8   2.0281   1.8907   4.5533  -0.7087  -0.3465   1.4515   0.00    0.0
2014/08/09 19:10:00.000  -12.843704349  131.132749224   124.4010   5   8   2.0274   1.8895   4.5572  -0.6995  -0.3194   1.4510   0.00    0.0
2014/08/09 19:10:30.000  -12.843704466  131.132748931   124.5617   5   8   2.0267   1.8884   4.5610  -0.6901  -0.2899   1.4507   0.00    0.0
2014/08/09 19:11:00.000  -12.843704738  131.132748643   124.3762   5   8   2.0260   1.8873   4.5646  -0.6806  -0.2572   1.4505   0.00    0.0
2014/08/09 19:11:30.000  -12.843704806  131.132749569   124.4223   5   8   2.0254   1.8863   4.5682  -0.6710  -0.2201   1.4505   0.00    0.0
2014/08/09 19:12:00.000  -12.843705582  131.132749215   124.4896   5   8   2.0248   1.8853   4.5716  -0.6612  -0.1755   1.4505   0.00    0.0
2014/08/09 19:12:30.000  -12.843704782  131.132748603   124.7485   5   8   2.0242   1.8843   4.5749  -0.6513  -0.1152   1.4507   0.00    0.0
2014/08/09 19:13:00.000  -12.843703761  131.132747198   124.8917   5   8   2.0236   1.8834   4.5780  -0.6412   0.0642   1.4510   0.00    0.0
2014/08/09 19:13:30.000  -12.843704329  131.132747962   124.9148   5   8   2.0230   1.8826   4.5811  -0.6309   0.1463   1.4514   0.00    0.0
2014/08/09 19:14:00.000  -12.843703663  131.132748434   124.7514   5   8   2.0225   1.8817   4.5840  -0.6205   0.1965   1.4519   0.00    0.0
2014/08/09 19:14:30.000  -12.843701899  131.132747982   124.3411   5   8   2.0220   1.8810   4.5868  -0.6098   0.2360   1.4526   0.00    0.0
2014/08/09 19:15:00.000  -12.843701501  131.132746952   124.0696   5   8   2.0215   1.8802   4.5894  -0.5990   0.2695   1.4533   0.00    0.0
2014/08/09 19:15:30.000  -12.843702109  131.132746751   123.8203   5   8   2.0211   1.8795   4.5919  -0.5879   0.2992   1.4542   0.00    0.0
2014/08/09 19:16:00.000  -12.843702050  131.132748194   123.7235   5   8   2.0206   1.8789   4.5943  -0.5766   0.3260   1.4552   0.00    0.0
2014/08/09 19:16:30.000  -12.843702138  131.132747159   123.6773   5   8   2.0202   1.8782   4.5965  -0.5650   0.3506   1.4563   0.00    0.0
2014/08/09 19:17:00.000  -12.843701897  131.132745845   123.5186   5   8   2.0199   1.8777   4.5986  -0.5532   0.3735   1.4576   0.00    0.0
2014/08/09 19:17:30.000  -12.843701960  131.132746496   123.5847   5   8   2.0195   1.8771   4.6005  -0.5411   0.3949   1.4589   0.00    0.0
2014/08/09 19:18:00.000  -12.843702432  131.132747028   123.8793   5   8   2.0192   1.8766   4.6023  -0.5287   0.4152   1.4604   0.00    0.0
2014/08/09 19:18:30.000  -12.843702131  131.132747500   124.0031   5   8   2.0189   1.8762   4.6039  -0.5160   0.4343   1.4620   0.00    0.0
2014/08/09 19:19:00.000  -12.843703295  131.132748575   124.0445   5   8   2.0187   1.8758   4.6054  -0.5030   0.4526   1.4637   0.00    0.0
2014/08/09 19:19:30.000  -12.843704224  131.132749250   124.1314   5   8   2.0185   1.8754   4.6068  -0.4895   0.4701   1.4655   0.00    0.0
2014/08/09 19:20:00.000  -12.843704433  131.132749524   124.0489   5   8   2.0183   1.8751   4.6080  -0.4757   0.4868   1.4674   0.00    0.0
2014/08/09 19:20:30.000  -12.843703854  131.132748917   123.7281   5   8   2.0181   1.8748   4.6090  -0.4614   0.5029   1.4694   0.00    0.0
2014/08/09 19:21:00.000  -12.843702958  131.132748760   123.4409   5   8   2.0180   1.8746   4.6099  -0.4467   0.5184   1.4715   0.00    0.0
2014/08/09 19:21:30.000  -12.843702641  131.132748972   123.3945   5   8   2.0179   1.8744   4.6107  -0.4314   0.5334   1.4738   0.00    0.0
2014/08/09 19:22:00.000  -12.843703000  131.132747755   123.5408   5   8   2.0178   1.8742   4.6113  -0.4155   0.5480   1.4761   0.00    0.0
2014/08/09 19:22:30.000  -12.843703317  131.132746487   124.0223   5   8   2.0178   1.8741   4.6117  -0.3990   0.5621   1.4785   0.00    0.0
2014/08/09 19:23:00.000  -12.843702332  131.132745574   124.1804   5   8   2.0178   1.8740   4.6120  -0.3817   0.5757   1.4811   0.00    0.0
2014/08/09 19:23:30.000  -12.843702227  131.132745989   123.9852   5   8   2.0178   1.8740   4.6122  -0.3636   0.5890   1.4837   0.00    0.0
2014/08/09 19:24:00.000  -12.843701949  131.132746171   124.0091   5   8   2.0179   1.8740   4.6122  -0.3444   0.6020   1.4865   0.00    0.0
2014/08/09 19:24:30.000  -12.843702412  131.132747011   123.9519   5   8   2.0180   1.8741   4.6120  -0.3241   0.6146   1.4893   0.00    0.0
2014/08/09 19:25:00.000  -12.843702380  131.132746992   123.8765   5   8   2.0181   1.8742   4.6117  -0.3024   0.6270   1.4923   0.00    0.0
2014/08/09 19:25:30.000  -12.843702326  131.132747079   123.6444   5   8   2.0183   1.8744   4.6112  -0.2789   0.6390   1.4953   0.00    0.0
2014/08/09 19:26:00.000  -12.843701598  131.132747441   123.2020   5   8   2.0185   1.8745   4.6106  -0.2532   0.6508   1.4984   0.00    0.0
2014/08/09 19:26:30.000  -12.843700916  131.132748040   123.4224   5   8   2.0187   1.8748   4.6099  -0.2245   0.6623   1.5016   0.00    0.0
2014/08/09 19:27:00.000  -12.843700788  131.132748136   123.7314   5   8   2.0190   1.8751   4.6090  -0.1915   0.6737   1.5049   0.00    0.0
2014/08/09 19:27:30.000  -12.843700840  131.132747658   123.8888   5   8   2.0193   1.8754   4.6079  -0.1514   0.6847   1.5083   0.00    0.0
2014/08/09 19:28:00.000  -12.843701571  131.132746682   123.6602   5   8   2.0196   1.8758   4.6067  -0.0955   0.6956   1.5118   0.00    0.0
2014/08/09 19:28:30.000  -12.843701791  131.132746991   123.7834   5   8   2.0200   1.8762   4.6054   0.0686   0.7063   1.5154   0.00    0.0
2014/08/09 19:29:00.000  -12.843701645  131.132746353   123.6804   5   8   2.0204   1.8766   4.6039   0.1363   0.7168   1.5190   0.00    0.0
2014/08/09 19:29:30.000  -12.843701547  131.132746485   123.6726   5   8   2.0208   1.8771   4.6023   0.1802   0.7271   1.5227   0.00    0.0
2014/08/09 19:30:00.000  -12.843702158  131.132745830   123.6738   5   8   2.0213   1.8777   4.6005   0.2154   0.7373   1.5265   0.00    0.0
2014/08/09 19:30:30.000  -12.843701826  131.132746342   124.0329   5   8   2.0218   1.8783   4.5987   0.2457   0.7473   1.5304   0.00    0.0
2014/08/09 19:31:00.000  -12.843701834  131.132747701   124.2281   5   8   2.0224   1.8789   4.5966   0.2727   0.7572   1.5343   0.00    0.0
2014/08/09 19:31:30.000  -12.843702522  131.132748126   124.0031   5   8   2.0230   1.8796   4.5945   0.2974   0.7669   1.5383   0.00    0.0
2014/08/09 19:32:00.000  -12.843702866  131.132749287   123.8615   5   8   2.0236   1.8803   4.5922   0.3202   0.7765   1.5424   0.00    0.0
2014/08/09 19:32:30.000  -12.843702706  131.132749484   123.8947   5   8   2.0243   1.8811   4.5898   0.3415   0.7860   1.5466   0.00    0.0
2014/08/09 19:33:00.000  -12.843702690  131.132748334   123.9026   5   8   2.0250   1.8819   4.5873   0.3617   0.7953   1.5508   0.00    0.0
2014/08/09 19:33:30.000  -12.843701558  131.132748418   124.1895   5   8   2.0258   1.8828   4.5846   0.3808   0.8045   1.5551   0.00    0.0
2014/08/09 19:34:00.000  -12.843701245  131.132748229   124.0504   5   8   2.0266   1.8837   4.5818   0.3990   0.8137   1.5594   0.00    0.0
2014/08/09 19:34:30.000  -12.843701192  131.132746942   123.8754   5   8   2.0274   1.8847   4.5789   0.4166   0.8227   1.5638   0.00    0.0
2014/08/09 19:35:00.000  -12.843702303  131.132745469   123.7640   5   8   2.0282   1.8857   4.5759   0.4334   0.8316   1.5682   0.00    0.0
2014/08/09 19:35:30.000  -12.843702505  131.132746307   123.6343   5   8   2.0291   1.8867   4.5728   0.4497   0.8405   1.5728   0.00    0.0
2014/08/09 19:36:00.000  -12.843702829  131.132747117   123.5082   5   8   2.0301   1.8878   4.5696   0.4654   0.8492   1.5773   0.00    0.0
2014/08/09 19:36:30.000  -12.843702474  131.132746833   123.3115   5   8   2.0311   1.8889   4.5663   0.4807   0.8579   1.5819   0.00    0.0
2014/08/09 19:37:00.000  -12.843701935  131.132746225   123.3634   5   8   2.0321   1.8901   4.5629   0.4956   0.8664   1.5866   0.00    0.0
2014/08/09 19:37:30.000  -12.843700740  131.132747010   123.4867   5   8   2.0332   1.8914   4.5593   0.5101   0.8750   1.5913   0.00    0.0
2014/08/09 19:38:00.000  -12.843700829  131.132748008   123.4761   5   8   2.0343   1.8926   4.5557   0.5242   0.8834   1.5961   0.00    0.0
2014/08/09 19:38:30.000  -12.843701072  131.132746279   123.1538   5   8   2.0354   1.8940   4.5520   0.5380   0.8918   1.6009   0.00    0.0
2014/08/09 19:39:00.000  -12.843701522  131.132745123   123.2270   5   8   2.0366   1.8953   4.5482   0.5515   0.9001   1.6057   0.00    0.0
2014/08/09 19:39:30.000  -12.843701643  131.132744404   123.2776   5   8   2.0378   1.8968   4.5444   0.5647   0.9083   1.6106   0.00    0.0
2014/08/09 19:40:00.000  -12.843702115  131.132744358   123.3793   5   8   2.0391   1.8982   4.5404   0.5776   0.9165   1.6155   0.00    0.0
2014/08/09 19:40:30.000  -12.843704211  131.132743585   123.6166   5   7   2.2035   2.0030   5.0156   0.9363  -0.7092   0.9196   0.00    0.0
2014/08/09 19:41:00.000  -12.843704231  131.132744480   123.5902   5   7   2.2047   2.0043   5.0172   0.9439  -0.7035   0.9231   0.00    0.0
2014/08/09 19:41:30.000  -12.843704883  131.132744816   123.6497   5   7   2.2058   2.0057   5.0186   0.9515  -0.6974   0.9269   0.00    0.0
2014/08/09 19:42:00.000  -12.843704396  131.132745789   123.7684   5   7   2.2070   2.0071   5.0198   0.9590  -0.6910   0.9311   0.00    0.0
2014/08/09 19:42:30.000  -12.843703995  131.132745927   123.8111   5   7   2.2082   2.0085   5.0207   0.9665  -0.6843   0.9356   0.00    0.0
2014/08/09 19:43:00.000  -12.843703465  131.132746152   123.6463   5   7   2.2094   2.0100   5.0215   0.9738  -0.6772   0.9405   0.00    0.0
2014/08/09 19:43:30.000  -12.843703430  131.132747101   124.0597   5   7   2.2106   2.0115   5.0220   0.9811  -0.6697   0.9458   0.00    0.0
2014/08/09 19:44:00.000  -12.843703510  131.132748280   124.5123   5   7   2.2118   2.0131   5.0223   0.9884  -0.6619   0.9514   0.00    0.0
2014/08/09 19:44:30.000  -12.843703533  131.132747556   124.2955   5   7   2.2130   2.0147   5.0224   0.9956  -0.6536   0.9573   0.00    0.0
2014/08/09 19:45:00.000  -12.843703219  131.132747677   123.9451   5   7   2.2142   2.0163   5.0223   1.0027  -0.6449   0.9636   0.00    0.0
2014/08/09 19:45:30.000  -12.843703000  131.132748516   124.2179   5   7   2.2154   2.0180   5.0219   1.0098  -0.6358   0.9702   0.00    0.0
2014/08/09 19:46:00.000  -12.843703802  131.132747311   124.1076   5   7   2.2166   2.0197   5.0214   1.0168  -0.6262   0.9771   0.00    0.0
2014/08/09 19:46:30.000  -12.843703877  131.132746938   124.3320   5   7   2.2178   2.0215   5.0206   1.0237  -0.6161   0.9843   0.00    0.0
2014/08/09 19:47:00.000  -12.843702880  131.132746686   124.2926   5   7   2.2191   2.0233   5.0196   1.0306  -0.6055   0.9918   0.00    0.0
2014/08/09 19:47:30.000  -12.843702777  131.132747758   124.0221   5   7   2.2203   2.0251   5.0185   1.0375  -0.5943   0.9996   0.00    0.0
2014/08/09 19:48:00.000  -12.843702820  131.132747597   123.8772   5   7   2.2215   2.0269   5.0171   1.0443  -0.5826   1.0077   0.00    0.0
2014/08/09 19:48:30.000  -12.843703050  131.132746891   124.1251   5   7   2.2228   2.0288   5.0155   1.0510  -0.5702   1.0160   0.00    0.0
2014/08/09 19:49:00.000  -12.843702766  131.132745247   123.7523   5   7   2.2241   2.0308   5.0137   1.0577  -0.5571   1.0247   0.00    0.0
2014/08/09 19:49:30.000  -12.843703320  131.132745804   123.5067   5   7   2.2253   2.0327   5.0118   1.0643  -0.5434   1.0335   0.00    0.0
2014/08/09 19:50:00.000  -12.843704298  131.132745945   123.8087   5   7   2.2266   2.0347   5.0096   1.0709  -0.5288   1.0426   0.00    0.0
2014/08/09 19:50:30.000  -12.843704734  131.132744533   123.8635   5   7   2.2279   2.0368   5.0072   1.0775  -0.5134   1.0520   0.00    0.0
2014/08/09 19:51:00.000  -12.843704503  131.132743040   123.6425   5   7   2.2292   2.0388   5.0047   1.0840  -0.4971   1.0616   0.00    0.0
2014/08/09 19:51:30.000  -12.843703996  131.132743821   123.3818   5   7   2.2305   2.0409   5.0020   1.0904  -0.4798   1.0713   0.00    0.0
2014/08/09 19:52:00.000  -12.843704840  131.132744244   123.6704   5   7   2.2318   2.0431   4.9991   1.0968  -0.4613   1.0813   0.00    0.0
2014/08/09 19:52:30.000  -12.843705368  131.132743310   123.6037   5   7   2.2331   2.0452   4.9960   1.1032  -0.4416   1.0915   0.00    0.0
2014/08/09 19:53:00.000  -12.843705383  131.132744035   123.7689   5   7   2.2344   2.0475   4.9927   1.1095  -0.4204   1.1019   0.00    0.0
2014/08/09 19:53:30.000  -12.843704627  131.132746051   123.7957   5   7   2.2357   2.0497   4.9893   1.1158  -0.3975   1.1124   0.00    0.0
2014/08/09 19:54:00.000  -12.843704497  131.132747810   124.0365   5   7   2.2371   2.0520   4.9858   1.1220  -0.3727   1.1231   0.00    0.0
2014/08/09 19:54:30.000  -12.843704136  131.132748569   124.2788   5   7   2.2384   2.0543   4.9820   1.1282  -0.3454   1.1340   0.00    0.0
2014/08/09 19:55:00.000  -12.843703069  131.132746763   124.2057   5   7   2.2398   2.0567   4.9782   1.1344  -0.3150   1.1450   0.00    0.0
2014/08/09 19:55:30.000  -12.843702014  131.132745679   123.6499   5   7   2.2411   2.0590   4.9741   1.1405  -0.2806   1.1561   0.00    0.0
2014/08/09 19:56:00.000  -12.843702188  131.132745227   123.8162   5   7   2.2425   2.0615   4.9700   1.1466  -0.2405   1.1674   0.00    0.0
2014/08/09 19:56:30.000  -12.843702494  131.132744465   123.8036   5   7   2.2439   2.0639   4.9657   1.1527  -0.1910   1.1788   0.00    0.0
2014/08/09 19:57:00.000  -12.843703175  131.132745272   123.8527   5   7   2.2453   2.0664   4.9612   1.1587  -0.1212   1.1903   0.00    0.0
2014/08/09 19:57:30.000  -12.843703394  131.132745384   123.6292   5   7   2.2467   2.0689   4.9566   1.1647   0.0868   1.2019   0.00    0.0
2014/08/09 19:58:00.000  -12.843703878  131.132745980   123.8849   5   7   2.2481   2.0715   4.9520   1.1706   0.1737   1.2136   0.00    0.0
2014/08/09 19:58:30.000  -12.843704513  131.132746246   123.9297   5   7   2.2495   2.0741   4.9471   1.1766   0.2308   1.2254   0.00    0.0
2014/08/09 19:59:00.000  -12.843704112  131.132745846   123.1287   5   7   2.2510   2.0767   4.9422   1.1825   0.2770   1.2373   0.00    0.0
2014/08/09 19:59:30.000  -12.843705516  131.132746524   122.8580   5   7   2.2524   2.0794   4.9372   1.1883   0.3173   1.2493   0.00    0.0
2014/08/09 20:00:00.000  -12.843705265  131.132746926   123.1379   5   7   2.2539   2.0821   4.9321   1.1942   0.3535   1.2613   0.00    0.0
2014/08/09 20:00:30.000  -12.843704310  131.132748100   123.4279   5   7   2.2554   2.0848   4.9268   1.2000   0.3869   1.2734   0.00    0.0
2014/08/09 20:01:00.000  -12.843704346  131.132747772   123.5384   5   7   2.2569   2.0876   4.9215   1.2058   0.4182   1.2855   0.00    0.0
2014/08/09 20:01:30.000  -12.843703684  131.132748442   123.4467   5   7   2.2584   2.0904   4.9161   1.2115   0.4477   1.2977   0.00    0.0
2014/08/09 20:02:00.000  -12.843704999  131.132746852   123.3450   5   7   2.2599   2.0933   4.9106   1.2172   0.4758   1.3100   0.00    0.0
2014/08/09 20:02:30.000  -12.843705810  131.132745281   123.4593   5   7   2.2614   2.0961   4.9051   1.2230   0.5027   1.3222   0.00    0.0
2014/08/09 20:03:00.000  -12.843705431  131.132746524   123.4117   5   7   2.2629   2.0990   4.8995   1.2286   0.5286   1.3346   0.00    0.0
2014/08/09 20:03:30.000  -12.843704612  131.132745846   123.3432   5   7   2.2645   2.1020   4.8938   1.2343   0.5537   1.3469   0.00    0.0
2014/08/09 20:04:00.000  -12.843703910  131.132758413   126.9671   5   6   2.2694   2.9895   7.2198   1.3415   3.4078   1.5825   0.00    0.0
2014/08/09 20:04:30.000  -12.843703931  131.132756772   127.2526   5   6   2.2711   2.9959   7.2196   1.3483   3.4182   1.5959   0.00    0.0
2014/08/09 20:05:00.000  -12.843704507  131.132757135   127.1388   5   6   2.2727   3.0023   7.2190   1.3550   3.4284   1.6095   0.00    0.0
2014/08/09 20:05:30.000  -12.843703767  131.132759095   126.9458   5   6   2.2744   3.0088   7.2179   1.3617   3.4385   1.6231   0.00    0.0
2014/08/09 20:06:00.000  -12.843703892  131.132759612   126.9923   5   6   2.2761   3.0153   7.2165   1.3685   3.4484   1.6367   0.00    0.0
2014/08/09 20:06:30.000  -12.843704124  131.132759658   127.1293   5   6   2.2778   3.0217   7.2147   1.3753   3.4582   1.6504   0.00    0.0
2014/08/09 20:07:00.000  -12.843703130  131.132759913   127.0650   5   6   2.2796   3.0283   7.2124   1.3821   3.4678   1.6641   0.00    0.0
2014/08/09 20:07:30.000  -12.843702586  131.132759236   126.7670   5   6   2.2813   3.0348   7.2098   1.3889   3.4773   1.6778   0.00    0.0
2014/08/09 20:08:00.000  -12.843701855  131.132758369   126.4074   5   6   2.2831   3.0413   7.2068   1.3957   3.4867   1.6915   0.00    0.0
2014/08/09 20:08:30.000  -12.843701871  131.132756096   126.5213   5   6   2.2849   3.0479   7.2034   1.4025   3.4960   1.7052   0.00    0.0
2014/08/09 20:09:00.000  -12.843701396  131.132755679   126.5136   5   6   2.2867   3.0545   7.1997   1.4093   3.5051   1.7189   0.00    0.0
2014/08/09 20:09:30.000  -12.843702220  131.132757278   126.3821   5   6   2.2885   3.0611   7.1957   1.4161   3.5141   1.7326   0.00    0.0
2014/08/09 20:10:00.000  -12.843702537  131.132758570   126.5642   5   6   2.2903   3.0677   7.1913   1.4229   3.5229   1.7462   0.00    0.0
2014/08/09 20:10:30.000  -12.843703627  131.132758204   126.8945   5   6   2.2921   3.0743   7.1866   1.4297   3.5317   1.7598   0.00    0.0
2014/08/09 20:11:00.000  -12.843704470  131.132758985   127.0055   5   6   2.2940   3.0810   7.1816   1.4365   3.5403   1.7734   0.00    0.0
2014/08/09 20:11:30.000  -12.843704956  131.132759235   126.9549   5   6   2.2959   3.0877   7.1763   1.4432   3.5488   1.7869   0.00    0.0
2014/08/09 20:12:00.000  -12.843704708  131.132759329   126.6807   5   6   2.2978   3.0944   7.1707   1.4500   3.5571   1.8004   0.00    0.0
2014/08/09 20:12:30.000  -12.843704721  131.132759833   126.3030   5   6   2.2996   3.1011   7.1648   1.4567   3.5654   1.8137   0.00    0.0
2014/08/09 20:13:00.000  -12.843704661  131.132758196   126.1758   5   6   2.3016   3.1078   7.1587   1.4635   3.5735   1.8271   0.00    0.0
2014/08/09 20:13:30.000  -12.843704085  131.132757052   126.3200   5   6   2.3035   3.1145   7.1523   1.4702   3.5815   1.8403   0.00    0.0
2014/08/09 20:14:00.000  -12.843704246  131.132756978   126.3059   5   6   2.3054   3.1212   7.1457   1.4769   3.5895   1.8535   0.00    0.0
2014/08/09 20:14:30.000  -12.843704222  131.132757642   126.4008   5   6   2.3073   3.1280   7.1388   1.4836   3.5973   1.8666   0.00    0.0
2014/08/09 20:15:00.000  -12.843703741  131.132757908   126.1623   5   6   2.3093   3.1348   7.1317   1.4902   3.6050   1.8796   0.00    0.0
2014/08/09 20:15:30.000  -12.843703770  131.132757751   126.1057   5   6   2.3112   3.1415   7.1244   1.4969   3.6126   1.8925   0.00    0.0
2014/08/09 20:16:00.000  -12.843703426  131.132759010   126.1576   5   6   2.3132   3.1483   7.1169   1.5035   3.6201   1.9053   0.00    0.0
2014/08/09 20:16:30.000  -12.843703552  131.132760173   126.0318   5   6   2.3152   3.1551   7.1092   1.5100   3.6275   1.9180   0.00    0.0
2014/08/09 20:17:00.000  -12.843704170  131.132759621   126.0047   5   6   2.3172   3.1619   7.1013   1.5166   3.6348   1.9306   0.00    0.0
2014/08/09 20:17:30.000  -12.843703715  131.132759495   126.1306   5   6   2.3192   3.1688   7.0933   1.5231   3.6420   1.9431   0.00    0.0
2014/08/09 20:18:00.000  -12.843704433  131.132758261   126.0120   5   6   2.3211   3.1756   7.0851   1.5295   3.6491   1.9554   0.00    0.0
2014/08/09 20:18:30.000  -12.843704407  131.132757406   126.0247   5   6   2.3231   3.1825   7.0767   1.5359   3.6561   1.9677   0.00    0.0
2014/08/09 20:19:00.000  -12.843703627  131.132756941   126.2295   5   6   2.3251   3.1893   7.0682   1.5423   3.6631   1.9798   0.00    0.0
2014/08/09 20:19:30.000  -12.843703487  131.132758197   126.0484   5   6   2.3271   3.1962   7.0596   1.5487   3.6699   1.9918   0.00    0.0
2014/08/09 20:20:00.000  -12.843703189  131.132758679   125.8795   5   6   2.3292   3.2031   7.0508   1.5550   3.6767   2.0037   0.00    0.0
2014/08/09 20:20:30.000  -12.843706418  131.132752116   124.2716   5   7   2.0606   2.3171   5.0502   0.1255   1.6326  -1.1348   0.00    0.0
2014/08/09 20:21:00.000  -12.843706545  131.132753128   124.4604   5   7   2.0607   2.3182   5.0476   0.1282   1.6413  -1.1179   0.00    0.0
2014/08/09 20:21:30.000  -12.843706785  131.132753560   124.7525   5   7   2.0608   2.3193   5.0449   0.1311   1.6499  -1.1007   0.00    0.0
2014/08/09 20:22:00.000  -12.843707021  131.132751996   124.2137   5   7   2.0610   2.3205   5.0422   0.1342   1.6586  -1.0830   0.00    0.0
2014/08/09 20:22:30.000  -12.843706909  131.132751682   124.0000   5   7   2.0612   2.3217   5.0394   0.1373   1.6672  -1.0649   0.00    0.0
2014/08/09 20:23:00.000  -12.843707120  131.132752042   124.5976   5   7   2.0615   2.3229   5.0367   0.1405   1.6758  -1.0465   0.00    0.0
2014/08/09 20:23:30.000  -12.843706872  131.132752698   124.8921   5   7   2.0617   2.3242   5.0339   0.1438   1.6844  -1.0276   0.00    0.0
2014/08/09 20:24:00.000  -12.843706440  131.132753078   125.0255   5   7   2.0620   2.3255   5.0310   0.1472   1.6930  -1.0082   0.00    0.0
2014/08/09 20:24:30.000  -12.843706358  131.132754018   124.7747   5   7   2.0624   2.3269   5.0282   0.1507   1.7016  -0.9884   0.00    0.0
2014/08/09 20:25:00.000  -12.843705729  131.132755894   124.5274   5   7   2.0628   2.3282   5.0253   0.1542   1.7102  -0.9681   0.00    0.0
2014/08/09 20:25:30.000  -12.843703702  131.132757125   124.7236   5   7   2.0632   2.3297   5.0224   0.1579   1.7187  -0.9473   0.00    0.0
2014/08/09 20:26:00.000  -12.843701781  131.132756725   125.1221   5   7   2.0636   2.3311   5.0195   0.1615   1.7273  -0.9260   0.00    0.0
2014/08/09 20:26:30.000  -12.843700654  131.132755678   124.9078   5   7   2.0641   2.3326   5.0166   0.1653   1.7358  -0.9041   0.00    0.0
2014/08/09 20:27:00.000  -12.843702131  131.132754336   124.3534   5   7   2.0647   2.3341   5.0137   0.1691   1.7443  -0.8816   0.00    0.0
2014/08/09 20:27:30.000  -12.843702466  131.132754931   124.0396   5   7   2.0652   2.3357   5.0108   0.1730   1.7528  -0.8584   0.00    0.0
2014/08/09 20:28:00.000  -12.843702244  131.132753834   124.0982   5   7   2.0658   2.3372   5.0080   0.1769   1.7613  -0.8345   0.00    0.0
2014/08/09 20:28:30.000  -12.843703084  131.132752300   124.0838   5   7   2.0665   2.3389   5.0051   0.1809   1.7697  -0.8099   0.00    0.0
2014/08/09 20:29:00.000  -12.843705177  131.132752067   124.0538   5   7   2.0672   2.3405   5.0022   0.1849   1.7782  -0.7845   0.00    0.0
2014/08/09 20:29:30.000  -12.843704652  131.132753757   124.2762   5   7   2.0679   2.3422   4.9994   0.1889   1.7866  -0.7582   0.00    0.0
2014/08/09 20:30:00.000  -12.843704570  131.132755981   124.4007   5   7   2.0687   2.3439   4.9965   0.1930   1.7950  -0.7309   0.00    0.0
2014/08/09 20:30:30.000  -12.843704217  131.132757020   124.5293   5   7   2.0695   2.3456   4.9937   0.1971   1.8034  -0.7026   0.00    0.0
2014/08/09 20:31:00.000  -12.843705362  131.132755930   124.3314   5   7   2.0703   2.3474   4.9910   0.2012   1.8118  -0.6730   0.00    0.0
2014/08/09 20:31:30.000  -12.843706124  131.132754564   124.2736   5   7   2.0712   2.3492   4.9882   0.2054   1.8201  -0.6421   0.00    0.0
2014/08/09 20:32:00.000  -12.843705750  131.132754916   124.3701   5   7   2.0721   2.3511   4.9855   0.2096   1.8285  -0.6096   0.00    0.0
2014/08/09 20:32:30.000  -12.843705216  131.132756028   124.3426   5   7   2.0731   2.3530   4.9828   0.2138   1.8368  -0.5753   0.00    0.0
2014/08/09 20:33:00.000  -12.843705002  131.132756142   124.3775   5   7   2.0741   2.3549   4.9802   0.2181   1.8451  -0.5388   0.00    0.0
2014/08/09 20:33:30.000  -12.843705241  131.132756156   124.3968   5   7   2.0751   2.3568   4.9776   0.2223   1.8534  -0.4997   0.00    0.0
2014/08/09 20:34:00.000  -12.843705218  131.132756226   124.2656   5   7   2.0762   2.3588   4.9750   0.2266   1.8617  -0.4573   0.00    0.0
2014/08/09 20:34:30.000  -12.843705788  131.132755012   124.2058   5   7   2.0773   2.3608   4.9725   0.2309   1.8700  -0.4105   0.00    0.0
2014/08/09 20:35:00.000  -12.843705442  131.132752712   123.5859   5   8   1.9434   2.3329   4.6819   0.5758   1.7038   1.0492   0.00    0.0
2014/08/09 20:35:30.000  -12.843705599  131.132751384   123.2968   5   8   1.9448   2.3352   4.6853   0.5771   1.7150   1.0624   0.00    0.0
2014/08/09 20:36:00.000  -12.843704819  131.132751935   123.2833   5   8   1.9461   2.3374   4.6886   0.5784   1.7262   1.0754   0.00    0.0
2014/08/09 20:36:30.000  -12.843703563  131.132752934   123.5209   5   8   1.9475   2.3397   4.6920   0.5797   1.7374   1.0883   0.00    0.0
2014/08/09 20:37:00.000  -12.843703139  131.132753535   123.8501   5   8   1.9489   2.3420   4.6955   0.5811   1.7486   1.1009   0.00    0.0
2014/08/09 20:37:30.000  -12.843703439  131.132753776   123.8967   5   8   1.9503   2.3444   4.6989   0.5824   1.7597   1.1134   0.00    0.0
2014/08/09 20:38:00.000  -12.843705256  131.132753463   123.6119   5   8   1.9518   2.3468   4.7024   0.5838   1.7708   1.1258   0.00    0.0
2014/08/09 20:38:30.000  -12.843705439  131.132753885   123.5873   5   8   1.9532   2.3493   4.7059   0.5853   1.7819   1.1379   0.00    0.0
2014/08/09 20:39:00.000  -12.843704458  131.132754445   123.6311   5   8   1.9547   2.3517   4.7094   0.5867   1.7929   1.1499   0.00    0.0
2014/08/09 20:39:30.000  -12.843703137  131.132756454   123.7801   5   8   1.9562   2.3543   4.7129   0.5881   1.8040   1.1618   0.00    0.0
2014/08/09 20:40:00.000  -12.843704463  131.132755129   123.7141   5   8   1.9578   2.3568   4.7165   0.5896   1.8150   1.1735   0.00    0.0
2014/08/09 20:40:30.000  -12.843704557  131.132753754   123.4536   5   8   1.9593   2.3594   4.7201   0.5911   1.8259   1.1850   0.00    0.0
2014/08/09 20:41:00.000  -12.843703908  131.132753401   123.5027   5   8   1.9609   2.3621   4.7237   0.5926   1.8368   1.1964   0.00    0.0
2014/08/09 20:41:30.000  -12.843703049  131.132753945   123.7117   5   8   1.9624   2.3647   4.7273   0.5941   1.8477   1.2076   0.00    0.0
2014/08/09 20:42:00.000  -12.843703450  131.132753780   123.5534   5   8   1.9640   2.3674   4.7310   0.5956   1.8586   1.2186   0.00    0.0
2014/08/09 20:42:30.000  -12.843704365  131.132753114   123.5818   5   8   1.9657   2.3702   4.7346   0.5971   1.8695   1.2296   0.00    0.0
2014/08/09 20:43:00.000  -12.843704665  131.132753042   123.5611   5   8   1.9673   2.3730   4.7384   0.5987   1.8803   1.2403   0.00    0.0
2014/08/09 20:43:30.000  -12.843704404  131.132753678   123.6629   5   8   1.9689   2.3758   4.7421   0.6002   1.8911   1.2509   0.00    0.0
2014/08/09 20:44:00.000  -12.843703217  131.132751728   123.6060   5   8   1.9706   2.3787   4.7458   0.6018   1.9018   1.2614   0.00    0.0
2014/08/09 20:44:30.000  -12.843702615  131.132752318   123.6950   5   8   1.9723   2.3815   4.7496   0.6033   1.9125   1.2717   0.00    0.0
2014/08/09 20:45:00.000  -12.843702431  131.132753726   123.8912   5   8   1.9740   2.3845   4.7534   0.6049   1.9232   1.2819   0.00    0.0
2014/08/09 20:45:30.000  -12.843702791  131.132754263   123.8137   5   8   1.9757   2.3874   4.7573   0.6064   1.9339   1.2920   0.00    0.0
2014/08/09 20:46:00.000  -12.843704211  131.132753747   123.6121   5   8   1.9774   2.3905   4.7611   0.6080   1.9445   1.3018   0.00    0.0
2014/08/09 20:46:30.000  -12.843704233  131.132753672   123.3448   5   8   1.9791   2.3935   4.7650   0.6096   1.9551   1.3116   0.00    0.0
2014/08/09 20:47:00.000  -12.843704971  131.132753481   123.3423   5   8   1.9809   2.3966   4.7689   0.6112   1.9657   1.3212   0.00    0.0
2014/08/09 20:47:30.000  -12.843705797  131.132753367   123.1252   5   8   1.9826   2.3997   4.7728   0.6127   1.9762   1.3307   0.00    0.0
2014/08/09 20:48:00.000  -12.843705139  131.132752899   123.0793   5   8   1.9844   2.4028   4.7768   0.6143   1.9868   1.3400   0.00    0.0
2014/08/09 20:48:30.000  -12.843703515  131.132753684   123.1619   5   8   1.9862   2.4060   4.7808   0.6159   1.9973   1.3492   0.00    0.0
2014/08/09 20:49:00.000  -12.843703115  131.132753797   122.9943   5   8   1.9879   2.4092   4.7848   0.6174   2.0077   1.3582   0.00    0.0
2014/08/09 20:49:30.000  -12.843703357  131.132752907   123.0516   5   8   1.9897   2.4125   4.7888   0.6190   2.0181   1.3671   0.00    0.0
2014/08/09 20:50:00.000  -12.843704491  131.132752476   122.8285   5   8   1.9915   2.4157   4.7928   0.6205   2.0285   1.3759   0.00    0.0
2014/08/09 20:50:30.000  -12.843704190  131.132752283   123.0458   5   8   1.9933   2.4190   4.7969   0.6221   2.0389   1.3845   0.00    0.0
2014/08/09 20:51:00.000  -12.843703970  131.132751787   122.9961   5   8   1.9952   2.4224   4.8010   0.6236   2.0492   1.3930   0.00    0.0
2014/08/09 20:51:30.000  -12.843703958  131.132752242   122.7133   5   8   1.9970   2.4258   4.8051   0.6251   2.0595   1.4013   0.00    0.0
2014/08/09 20:52:00.000  -12.843704421  131.132753137   122.6055   5   8   1.9988   2.4292   4.8092   0.6266   2.0698   1.4095   0.00    0.0
2014/08/09 20:52:30.000  -12.843705054  131.132752198   122.4222   5   8   2.0006   2.4326   4.8134   0.6281   2.0800   1.4176   0.00    0.0
2014/08/09 20:53:00.000  -12.843705155  131.132753002   122.4407   5   8   2.0025   2.4361   4.8175   0.6296   2.0902   1.4256   0.00    0.0
2014/08/09 20:53:30.000  -12.843705768  131.132753115   122.6795   5   8   2.0043   2.4396   4.8217   0.6310   2.1004   1.4334   0.00    0.0
2014/08/09 20:54:00.000  -12.843705821  131.132753030   123.0375   5   8   2.0062   2.4432   4.8259   0.6325   2.1106   1.4410   0.00    0.0
2014/08/09 20:54:30.000  -12.843706202  131.132752491   123.0512   5   8   2.0080   2.4467   4.8302   0.6339   2.1207   1.4485   0.00    0.0
2014/08/09 20:55:00.000  -12.843707480  131.132751838   123.0180   5   8   2.0099   2.4503   4.8344   0.6353   2.1308   1.4559   0.00    0.0
2014/08/09 20:55:30.000  -12.843708326  131.132752361   123.1982   5   8   2.0117   2.4540   4.8387   0.6367   2.1408   1.4632   0.00    0.0
2014/08/09 20:56:00.000  -12.843708342  131.132753041   123.2097   5   8   2.0136   2.4576   4.8430   0.6381   2.1508   1.4703   0.00    0.0
2014/08/09 20:56:30.000  -12.843708003  131.132753683   123.2681   5   8   2.0154   2.4613   4.8473   0.6394   2.1608   1.4772   0.00    0.0
2014/08/09 20:57:00.000  -12.843706465  131.132754032   123.4095   5   8   2.0173   2.4650   4.8516   0.6407   2.1708   1.4841   0.00    0.0
2014/08/09 20:57:30.000  -12.843706345  131.132754618   123.2877   5   8   2.0192   2.4688   4.8560   0.6420   2.1807   1.4908   0.00    0.0
2014/08/09 20:58:00.000  -12.843708261  131.132754584   123.5800   5   7   2.6803   2.4900   5.6674  -0.3227   2.3783  -1.7000   0.00    0.0
2014/08/09 20:58:30.000  -12.843708252  131.132754142   123.6381   5   7   2.6814   2.4951   5.6844  -0.3501   2.3960  -1.7072   0.00    0.0
2014/08/09 20:59:00.000  -12.843709340  131.132754267   123.6947   5   7   2.6825   2.5004   5.7015  -0.3755   2.4137  -1.7144   0.00    0.0
2014/08/09 20:59:30.000  -12.843710380  131.132754467   123.5742   5   7   2.6834   2.5057   5.7187  -0.3995   2.4314  -1.7215   0.00    0.0
2014/08/09 21:00:00.000  -12.843704536  131.132750250   121.5514   5   7   2.0312   2.1908   4.9183   0.1797   1.7264   0.5315   0.00    0.0
2014/08/09 21:00:30.000  -12.843704166  131.132749785   121.6599   5   7   2.0311   2.1931   4.9354   0.1599   1.7427   0.5199   0.00    0.0
2014/08/09 21:01:00.000  -12.843703546  131.132748832   121.7742   5   7   2.0310   2.1953   4.9527   0.1370   1.7592   0.5076   0.00    0.0
2014/08/09 21:01:30.000  -12.843704154  131.132747525   121.6820   5   7   2.0309   2.1977   4.9701   0.1092   1.7756   0.4945   0.00    0.0
2014/08/09 21:02:00.000  -12.843703901  131.132748020   121.8961   5   7   2.0308   2.2001   4.9877   0.0708   1.7921   0.4805   0.00    0.0
2014/08/09 21:02:30.000  -12.843703319  131.132749262   122.1730   5   7   2.0307   2.2025   5.0054  -0.0443   1.8087   0.4656   0.00    0.0
2014/08/09 21:03:00.000  -12.843703870  131.132748772   122.1104   5   7   2.0306   2.2051   5.0232  -0.0949   1.8252   0.4496   0.00    0.0
2014/08/09 21:03:30.000  -12.843705827  131.132748519   121.8088   5   7   2.0305   2.2077   5.0411  -0.1269   1.8418   0.4325   0.00    0.0
2014/08/09 21:04:00.000  -12.843706055  131.132749341   121.8094   5   7   2.0304   2.2103   5.0592  -0.1525   1.8585   0.4140   0.00    0.0
2014/08/09 21:04:30.000  -12.843705353  131.132749965   122.0155   5   7   2.0303   2.2130   5.0774  -0.1746   1.8752   0.3940   0.00    0.0
2014/08/09 21:05:00.000  -12.843705403  131.132749606   121.9337   5   7   2.0302   2.2158   5.0958  -0.1944   1.8919   0.3723   0.00    0.0
2014/08/09 21:05:30.000  -12.843704702  131.132748761   122.1493   5   7   2.0301   2.2186   5.1142  -0.2125   1.9086   0.3484   0.00    0.0
2014/08/09 21:06:00.000  -12.843704675  131.132748855   122.3091   5   7   2.0299   2.2215   5.1328  -0.2294   1.9253   0.3219   0.00    0.0
2014/08/09 21:06:30.000  -12.843706877  131.132751379   120.8513   5   6   2.1652   2.4462   6.1663  -0.9095   0.5683   1.6247   0.00    0.0
2014/08/09 21:07:00.000  -12.843707712  131.132751363   120.6488   5   6   2.1666   2.4436   6.1988  -0.9107   0.6337   1.6305   0.00    0.0
2014/08/09 21:07:30.000  -12.843707829  131.132751457   120.5951   5   6   2.1679   2.4411   6.2317  -0.9117   0.6940   1.6361   0.00    0.0
2014/08/09 21:08:00.000  -12.843707866  131.132750388   120.6496   5   6   2.1692   2.4387   6.2650  -0.9126   0.7503   1.6415   0.00    0.0
2014/08/09 21:08:30.000  -12.843706739  131.132749945   120.4466   5   6   2.1705   2.4363   6.2987  -0.9134   0.8035   1.6469   0.00    0.0
2014/08/09 21:09:00.000  -12.843707665  131.132750519   120.2482   5   6   2.1717   2.4341   6.3328  -0.9140   0.8543   1.6522   0.00    0.0
2014/08/09 21:09:30.000  -12.843707912  131.132750549   120.3097   5   6   2.1729   2.4319   6.3672  -0.9146   0.9030   1.6573   0.00    0.0
2014/08/09 21:10:00.000  -12.843707476  131.132750272   120.4799   5   6   2.1741   2.4298   6.4021  -0.9150   0.9500   1.6623   0.00    0.0
2014/08/09 21:10:30.000  -12.843706690  131.132748179   120.4476   5   6   2.1752   2.4278   6.4374  -0.9153   0.9955   1.6671   0.00    0.0
2014/08/09 21:11:00.000  -12.843706207  131.132748432   120.5904   5   6   2.1763   2.4259   6.4731  -0.9155   1.0397   1.6719   0.00    0.0
2014/08/09 21:11:30.000  -12.843706709  131.132748730   120.5645   5   6   2.1774   2.4241   6.5092  -0.9156   1.0829   1.6765   0.00    0.0
2014/08/09 21:12:00.000  -12.843706193  131.132749741   120.6438   5   6   2.1784   2.4224   6.5456  -0.9156   1.1251   1.6809   0.00    0.0
2014/08/09 21:12:30.000  -12.843705867  131.132749718   121.1620   5   6   2.1794   2.4208   6.5825  -0.9154   1.1665   1.6853   0.00    0.0
2014/08/09 21:13:00.000  -12.843705904  131.132749233   121.5159   5   6   2.1803   2.4192   6.6198  -0.9152   1.2071   1.6894   0.00    0.0
2014/08/09 21:13:30.000  -12.843706994  131.132750284   121.1179   5   6   2.1813   2.4178   6.6574  -0.9148   1.2471   1.6935   0.00    0.0
2014/08/09 21:14:00.000  -12.843706893  131.132752059   121.3922   5   6   2.1821   2.4165   6.6954  -0.9143   1.2865   1.6974   0.00    0.0
2014/08/09 21:14:30.000  -12.843707009  131.132750455   121.1496   5   6   2.1830   2.4152   6.7339  -0.9138   1.3253   1.7011   0.00    0.0
2014/08/09 21:15:00.000  -12.843706581  131.132750417   121.1040   5   6   2.1838   2.4141   6.7727  -0.9131   1.3637   1.7047   0.00    0.0
2014/08/09 21:15:30.000  -12.843706665  131.132750525   121.2153   5   6   2.1846   2.4130   6.8118  -0.9123   1.4017   1.7081   0.00    0.0
2014/08/09 21:16:00.000  -12.843705974  131.132750176   121.1160   5   6   2.1853   2.4121   6.8514  -0.9114   1.4392   1.7113   0.00    0.0
2014/08/09 21:16:30.000  -12.843705180  131.132750218   120.7130   5   6   2.1860   2.4112   6.8913  -0.9104   1.4765   1.7144   0.00    0.0
2014/08/09 21:17:00.000  -12.843705356  131.132748678   120.3630   5   6   2.1866   2.4105   6.9315  -0.9093   1.5134   1.7174   0.00    0.0
2014/08/09 21:17:30.000  -12.843706688  131.132747661   120.3940   5   6   2.1872   2.4099   6.9722  -0.9082   1.5500   1.7201   0.00    0.0
2014/08/09 21:18:00.000  -12.843707703  131.132747181   120.0720   5   6   2.1878   2.4094   7.0131  -0.9069   1.5863   1.7227   0.00    0.0
2014/08/09 21:18:30.000  -12.843708467  131.132747867   120.1091   5   6   2.1884   2.4089   7.0544  -0.9055   1.6224   1.7250   0.00    0.0
2014/08/09 21:19:00.000  -12.843707925  131.132749096   120.4586   5   6   2.1889   2.4086   7.0960  -0.9041   1.6583   1.7272   0.00    0.0
2014/08/09 21:19:30.000  -12.843707369  131.132748101   120.6945   5   6   2.1893   2.4084   7.1379  -0.9025   1.6940   1.7293   0.00    0.0
2014/08/09 21:20:00.000  -12.843707238  131.132747871   120.7588   5   6   2.1898   2.4083   7.1802  -0.9009   1.7295   1.7311   0.00    0.0
2014/08/09 21:20:30.000  -12.843707296  131.132747600   120.4465   5   6   2.1901   2.4084   7.2227  -0.8992   1.7648   1.7327   0.00    0.0
2014/08/09 21:21:00.000  -12.843707611  131.132749204   120.5999   5   6   2.1905   2.4085   7.2655  -0.8974   1.8000   1.7341   0.00    0.0
2014/08/09 21:21:30.000  -12.843707836  131.132749689   120.8307   5   6   2.1908   2.4088   7.3086  -0.8955   1.8350   1.7353   0.00    0.0
2014/08/09 21:22:00.000  -12.843707152  131.132748223   120.7718   5   6   2.1911   2.4091   7.3519  -0.8936   1.8698   1.7363   0.00    0.0
2014/08/09 21:22:30.000  -12.843706655  131.132747559   120.7052   5   6   2.1913   2.4096   7.3954  -0.8916   1.9045   1.7371   0.00    0.0
2014/08/09 21:23:00.000  -12.843706661  131.132748263   120.6677   5   6   2.1915   2.4102   7.4392  -0.8895   1.9391   1.7377   0.00    0.0
2014/08/09 21:23:30.000  -12.843707293  131.132748579   120.3154   5   6   2.1917   2.4109   7.4832  -0.8873   1.9735   1.7380   0.00    0.0
2014/08/09 21:24:00.000  -12.843705965  131.132748666   120.6619   5   7   2.0490   2.2598   5.4467  -1.1996  -0.5876  -1.0112   0.00    0.0
2014/08/09 21:24:30.000  -12.843706417  131.132748635   120.7621   5   7   2.0494   2.2573   5.4741  -1.2006  -0.5342  -1.0232   0.00    0.0
2014/08/09 21:25:00.000  -12.843707334  131.132748639   120.5532   5   7   2.0497   2.2549   5.5020  -1.2017  -0.4738  -1.0352   0.00    0.0
2014/08/09 21:25:30.000  -12.843707510  131.132747344   120.2212   5   7   2.0501   2.2525   5.5301  -1.2027  -0.4036  -1.0472   0.00    0.0
2014/08/09 21:26:00.000  -12.843707303  131.132747020   120.4040   5   7   2.0504   2.2502   5.5586  -1.2036  -0.3168  -1.0593   0.00    0.0
2014/08/09 21:26:30.000  -12.843707262  131.132747492   120.4402   5   7   2.0507   2.2479   5.5874  -1.2045  -0.1924  -1.0713   0.00    0.0
2014/08/09 21:27:00.000  -12.843707960  131.132748023   120.2121   5   7   2.0510   2.2457   5.6165  -1.2054   0.1650  -1.0833   0.00    0.0
2014/08/09 21:27:30.000  -12.843708247  131.132747557   120.4132   5   7   2.0513   2.2435   5.6460  -1.2062   0.3039  -1.0953   0.00    0.0
2014/08/09 21:28:00.000  -12.843708318  131.132746925   120.3768   5   7   2.0516   2.2414   5.6757  -1.2070   0.3979  -1.1073   0.00    0.0
2014/08/09 21:28:30.000  -12.843708221  131.132747256   120.5985   5   7   2.0519   2.2394   5.7058  -1.2078   0.4746  -1.1193   0.00    0.0
2014/08/09 21:29:00.000  -12.843708694  131.132746461   120.6577   5   7   2.0521   2.2374   5.7362  -1.2085   0.5414  -1.1313   0.00    0.0
2014/08/09 21:29:30.000  -12.843708285  131.132746656   120.8507   5   7   2.0523   2.2354   5.7669  -1.2092   0.6016  -1.1432   0.00    0.0
2014/08/09 21:30:00.000  -12.843707474  131.132746676   120.8304   5   7   2.0526   2.2335   5.7979  -1.2098   0.6570  -1.1551   0.00    0.0
2014/08/09 21:30:30.000  -12.843706535  131.132745907   120.9561   5   7   2.0528   2.2317   5.8292  -1.2105   0.7087  -1.1670   0.00    0.0
2014/08/09 21:31:00.000  -12.843705929  131.132746243   121.2645   5   7   2.0530   2.2299   5.8608  -1.2110   0.7575  -1.1788   0.00    0.0
2014/08/09 21:31:30.000  -12.843706737  131.132747335   121.4524   5   7   2.0532   2.2282   5.8927  -1.2116   0.8040  -1.1906   0.00    0.0
2014/08/09 21:32:00.000  -12.843707533  131.132748049   121.2503   5   7   2.0533   2.2266   5.9248  -1.2121   0.8484  -1.2023   0.00    0.0
2014/08/09 21:32:30.000  -12.843707700  131.132746773   121.0389   5   7   2.0535   2.2250   5.9572  -1.2125   0.8912  -1.2139   0.00    0.0
2014/08/09 21:33:00.000  -12.843707691  131.132745537   120.7924   5   7   2.0536   2.2234   5.9898  -1.2130   0.9326  -1.2255   0.00    0.0
2014/08/09 21:33:30.000  -12.843707165  131.132744871   120.5528   5   7   2.0538   2.2220   6.0227  -1.2133   0.9727  -1.2370   0.00    0.0
2014/08/09 21:34:00.000  -12.843706991  131.132745012   120.4677   5   7   2.0539   2.2205   6.0558  -1.2137   1.0116  -1.2484   0.00    0.0
2014/08/09 21:34:30.000  -12.843706851  131.132745238   120.5135   5   7   2.0540   2.2192   6.0891  -1.2140   1.0496  -1.2598   0.00    0.0
2014/08/09 21:35:00.000  -12.843706970  131.132745832   120.6248   5   7   2.0541   2.2179   6.1226  -1.2143   1.0867  -1.2710   0.00    0.0
2014/08/09 21:35:30.000  -12.843706400  131.132745639   120.6496   5   7   2.0541   2.2167   6.1563  -1.2145   1.1230  -1.2821   0.00    0.0
2014/08/09 21:36:00.000  -12.843707208  131.132746183   120.7248   5   7   2.0542   2.2156   6.1902  -1.2147   1.1585  -1.2931   0.00    0.0
2014/08/09 21:36:30.000  -12.843706853  131.132745973   120.8502   5   7   2.0542   2.2145   6.2242  -1.2149   1.1934  -1.3040   0.00    0.0
2014/08/09 21:37:00.000  -12.843707685  131.132746321   120.7559   5   7   2.0543   2.2134   6.2583  -1.2150   1.2277  -1.3148   0.00    0.0
2014/08/09 21:37:30.000  -12.843707569  131.132747897   121.0294   5   7   2.0543   2.2125   6.2926  -1.2151   1.2614  -1.3254   0.00    0.0
2014/08/09 21:38:00.000  -12.843706199  131.132746794   120.9678   5   7   2.0543   2.2116   6.3270  -1.2152   1.2945  -1.3358   0.00    0.0
2014/08/09 21:38:30.000  -12.843705454  131.132746722   121.0839   5   7   2.0542   2.2107   6.3614  -1.2152   1.3272  -1.3461   0.00    0.0
2014/08/09 21:39:00.000  -12.843706228  131.132745668   120.7254   5   7   2.0542   2.2100   6.3960  -1.2151   1.3594  -1.3562   0.00    0.0
2014/08/09 21:39:30.000  -12.843706851  131.132745979   120.5914   5   7   2.0541   2.2093   6.4305  -1.2150   1.3911  -1.3662   0.00    0.0
2014/08/09 21:40:00.000  -12.843707114  131.132745470   120.6450   5   7   2.0541   2.2086   6.4651  -1.2149   1.4224  -1.3759   0.00    0.0
2014/08/09 21:40:30.000  -12.843706874  131.132744788   120.6726   5   7   2.0540   2.2081   6.4996  -1.2147   1.4533  -1.3854   0.00    0.0
2014/08/09 21:41:00.000  -12.843706758  131.132744129   120.7752   5   7   2.0539   2.2076   6.5342  -1.2145   1.4838  -1.3948   0.00    0.0
2014/08/09 21:41:30.000  -12.843706580  131.132743596   120.8891   5   7   2.0537   2.2071   6.5686  -1.2142   1.5139  -1.4039   0.00    0.0
2014/08/09 21:42:00.000  -12.843706853  131.132744174   120.9777   5   7   2.0536   2.2067   6.6030  -1.2139   1.5436  -1.4127   0.00    0.0
2014/08/09 21:42:30.000  -12.843707530  131.132743225   120.8740   5   7   2.0534   2.2064   6.6373  -1.2135   1.5730  -1.4213   0.00    0.0
2014/08/09 21:43:00.000  -12.843708691  131.132743762   120.9014   5   7   2.0532   2.2062   6.6714  -1.2131   1.6020  -1.4296   0.00    0.0
2014/08/09 21:43:30.000  -12.843708426  131.132744374   120.7152   5   7   2.0530   2.2060   6.7053  -1.2126   1.6306  -1.4377   0.00    0.0
2014/08/09 21:44:00.000  -12.843707226  131.132744014   120.8344   5   7   2.0528   2.2058   6.7390  -1.2120   1.6589  -1.4455   0.00    0.0
2014/08/09 21:44:30.000  -12.843706833  131.132744187   121.0153   5   7   2.0525   2.2058   6.7725  -1.2114   1.6868  -1.4529   0.00    0.0
2014/08/09 21:45:00.000  -12.843706658  131.132743760   121.0813   5   7   2.0522   2.2058   6.8057  -1.2107   1.7144  -1.4601   0.00    0.0
2014/08/09 21:45:30.000  -12.843706147  131.132742997   120.7296   5   7   2.0519   2.2058   6.8386  -1.2099   1.7416  -1.4669   0.00    0.0
2014/08/09 21:46:00.000  -12.843706006  131.132742894   120.4287   5   7   2.0516   2.2059   6.8712  -1.2091   1.7685  -1.4733   0.00    0.0
2014/08/09 21:46:30.000  -12.843705764  131.132743862   120.3266   5   7   2.0512   2.2060   6.9034  -1.2082   1.7950  -1.4794   0.00    0.0
2014/08/09 21:47:00.000  -12.843705572  131.132743041   120.4441   5   7   2.0509   2.2062   6.9351  -1.2072   1.8211  -1.4852   0.00    0.0
2014/08/09 21:47:30.000  -12.843705068  131.132743386   120.8435   5   7   2.0505   2.2065   6.9665  -1.2062   1.8469  -1.4905   0.00    0.0
2014/08/09 21:48:00.000  -12.843704538  131.132743643   121.2642   5   7   2.0501   2.2068   6.9973  -1.2050   1.8722  -1.4954   0.00    0.0
2014/08/09 21:48:30.000  -12.843704815  131.132743709   121.4792   5   7   2.0496   2.2071   7.0276  -1.2038   1.8972  -1.4999   0.00    0.0
2014/08/09 21:49:00.000  -12.843705706  131.132743074   121.1432   5   7   2.0491   2.2075   7.0573  -1.2024   1.9218  -1.5040   0.00    0.0
2014/08/09 21:49:30.000  -12.843707404  131.132742930   120.9233   5   7   2.0486   2.2079   7.0864  -1.2010   1.9460  -1.5076   0.00    0.0
2014/08/09 21:50:00.000  -12.843707788  131.132741765   121.1402   5   7   2.0481   2.2083   7.1148  -1.1995   1.9698  -1.5108   0.00    0.0
2014/08/09 21:50:30.000  -12.843707662  131.132742710   121.0261   5   7   2.0476   2.2088   7.1426  -1.1979   1.9932  -1.5135   0.00    0.0
2014/08/09 21:51:00.000  -12.843707182  131.132743434   120.7933   5   7   2.0470   2.2093   7.1697  -1.1961   2.0161  -1.5157   0.00    0.0
2014/08/09 21:51:30.000  -12.843706679  131.132743897   121.1431   5   7   2.0464   2.2099   7.1959  -1.1943   2.0386  -1.5173   0.00    0.0
2014/08/09 21:52:00.000  -12.843705844  131.132743114   121.3941   5   7   2.0458   2.2105   7.2214  -1.1923   2.0606  -1.5185   0.00    0.0
2014/08/09 21:52:30.000  -12.843704965  131.132742492   121.7260   5   7   2.0451   2.2111   7.2460  -1.1903   2.0822  -1.5191   0.00    0.0
2014/08/09 21:53:00.000  -12.843704614  131.132741546   121.8194   5   7   2.0445   2.2117   7.2697  -1.1881   2.1033  -1.5191   0.00    0.0
2014/08/09 21:53:30.000  -12.843705328  131.132742073   121.9075   5   7   2.0438   2.2123   7.2925  -1.1858   2.1239  -1.5186   0.00    0.0
2014/08/09 21:54:00.000  -12.843705677  131.132741425   121.3869   5   7   2.0430   2.2129   7.3143  -1.1833   2.1440  -1.5176   0.00    0.0
2014/08/09 21:54:30.000  -12.843705273  131.132740491   120.9305   5   7   2.0423   2.2136   7.3351  -1.1808   2.1636  -1.5159   0.00    0.0
2014/08/09 21:55:00.000  -12.843704727  131.132741563   120.6733   5   7   2.0415   2.2142   7.3549  -1.1780   2.1827  -1.5136   0.00    0.0
2014/08/09 21:55:30.000  -12.843705316  131.132741982   120.6448   5   7   2.0407   2.2149   7.3736  -1.1752   2.2012  -1.5107   0.00    0.0
2014/08/09 21:56:00.000  -12.843705693  131.132742533   121.1402   5   7   2.0399   2.2156   7.3913  -1.1722   2.2192  -1.5071   0.00    0.0
2014/08/09 21:56:30.000  -12.843706351  131.132742358   121.4927   5   7   2.0391   2.2162   7.4077  -1.1691   2.2367  -1.5029   0.00    0.0
2014/08/09 21:57:00.000  -12.843706952  131.132741385   121.7747   5   7   2.0383   2.2168   7.4230  -1.1658   2.2536  -1.4981   0.00    0.0
2014/08/09 21:57:30.000  -12.843708471  131.132741944   121.9382   5   7   2.0374   2.2175   7.4371  -1.1623   2.2699  -1.4926   0.00    0.0
2014/08/09 21:58:00.000  -12.843708518  131.132742518   121.7472   5   7   2.0365   2.2181   7.4500  -1.1588   2.2856  -1.4864   0.00    0.0
2014/08/09 21:58:30.000  -12.843708534  131.132743143   121.6804   5   7   2.0356   2.2187   7.4617  -1.1550   2.3008  -1.4795   0.00    0.0
2014/08/09 21:59:00.000  -12.843707886  131.132742042   121.7109   5   7   2.0347   2.2192   7.4721  -1.1511   2.3153  -1.4720   0.00    0.0
2014/08/09 21:59:30.000  -12.843706886  131.132741178   121.9870   5   7   2.0338   2.2198   7.4811  -1.1470   2.3293  -1.4637   0.00    0.0
2014/08/09 22:00:00.000  -12.843706903  131.132741798   121.9503   5   7   2.1433   2.2799   7.5183  -1.2875   2.4149  -1.6022   0.00    0.0
2014/08/09 22:00:30.000  -12.843707311  131.132742000   121.7437   5   7   2.1419   2.2795   7.5215  -1.2823   2.4228  -1.5851   0.00    0.0
2014/08/09 22:01:00.000  -12.843707475  131.132741280   121.6837   5   7   2.1406   2.2791   7.5236  -1.2770   2.4302  -1.5671   0.00    0.0
2014/08/09 22:01:30.000  -12.843706505  131.132741728   121.4713   5   7   2.1392   2.2786   7.5244  -1.2714   2.4369  -1.5483   0.00    0.0
2014/08/09 22:02:00.000  -12.843706112  131.132741266   121.4551   5   7   2.1378   2.2781   7.5241  -1.2657   2.4431  -1.5286   0.00    0.0
2014/08/09 22:02:30.000  -12.843706009  131.132740841   121.7441   5   7   2.1364   2.2775   7.5227  -1.2598   2.4488  -1.5080   0.00    0.0
2014/08/09 22:03:00.000  -12.843706911  131.132741267   122.3104   5   7   2.1351   2.2768   7.5200  -1.2537   2.4538  -1.4865   0.00    0.0
2014/08/09 22:03:30.000  -12.843707634  131.132743121   122.6247   5   7   2.1337   2.2761   7.5162  -1.2474   2.4584  -1.4641   0.00    0.0
2014/08/09 22:04:00.000  -12.843707911  131.132743946   122.6642   5   7   2.1324   2.2753   7.5113  -1.2409   2.4624  -1.4407   0.00    0.0
2014/08/09 22:04:30.000  -12.843707969  131.132743011   122.6286   5   7   2.1311   2.2745   7.5051  -1.2342   2.4658  -1.4164   0.00    0.0
2014/08/09 22:05:00.000  -12.843706902  131.132741473   122.6282   5   7   2.1298   2.2736   7.4979  -1.2274   2.4688  -1.3912   0.00    0.0
2014/08/09 22:05:30.000  -12.843705948  131.132740466   122.3616   5   7   2.1285   2.2726   7.4895  -1.2204   2.4712  -1.3649   0.00    0.0
2014/08/09 22:06:00.000  -12.843705417  131.132741703   122.3147   5   7   2.1273   2.2716   7.4801  -1.2132   2.4730  -1.3376   0.00    0.0
2014/08/09 22:06:30.000  -12.843705810  131.132742641   122.3188   5   7   2.1261   2.2705   7.4695  -1.2058   2.4744  -1.3093   0.00    0.0
2014/08/09 22:07:00.000  -12.843706854  131.132741562   122.3412   5   7   2.1249   2.2693   7.4579  -1.1983   2.4753  -1.2799   0.00    0.0
2014/08/09 22:07:30.000  -12.843707530  131.132740577   122.5160   5   7   2.1238   2.2681   7.4453  -1.1905   2.4757  -1.2493   0.00    0.0
2014/08/09 22:08:00.000  -12.843708687  131.132741695   122.4738   5   7   2.1227   2.2669   7.4316  -1.1827   2.4756  -1.2176   0.00    0.0
2014/08/09 22:08:30.000  -12.843708031  131.132741594   122.5450   5   7   2.1217   2.2656   7.4169  -1.1746   2.4751  -1.1847   0.00    0.0
2014/08/09 22:09:00.000  -12.843707872  131.132741825   122.9246   5   7   2.1207   2.2642   7.4012  -1.1664   2.4741  -1.1504   0.00    0.0
2014/08/09 22:09:30.000  -12.843706542  131.132741833   123.2024   5   7   2.1198   2.2628   7.3846  -1.1580   2.4727  -1.1148   0.00    0.0
2014/08/09 22:10:00.000  -12.843705611  131.132741920   123.1175   5   7   2.1189   2.2613   7.3671  -1.1495   2.4708  -1.0777   0.00    0.0
2014/08/09 22:10:30.000  -12.843706376  131.132742309   122.9709   5   7   2.1181   2.2598   7.3486  -1.1408   2.4685  -1.0390   0.00    0.0
2014/08/09 22:11:00.000  -12.843707571  131.132742317   122.9285   5   7   2.1173   2.2583   7.3293  -1.1320   2.4658  -0.9986   0.00    0.0
2014/08/09 22:11:30.000  -12.843708811  131.132741055   122.7397   5   7   2.1167   2.2567   7.3092  -1.1230   2.4628  -0.9563   0.00    0.0
2014/08/09 22:12:00.000  -12.843708690  131.132740874   123.1861   5   7   2.1160   2.2551   7.2882  -1.1138   2.4594  -0.9119   0.00    0.0
2014/08/09 22:12:30.000  -12.843707349  131.132740408   123.3088   5   7   2.1155   2.2534   7.2665  -1.1046   2.4556  -0.8651   0.00    0.0
2014/08/09 22:13:00.000  -12.843706079  131.132739667   122.7988   5   7   2.1150   2.2517   7.2441  -1.0951   2.4515  -0.8156   0.00    0.0
2014/08/09 22:13:30.000  -12.843705795  131.132740475   122.4041   5   7   2.1146   2.2500   7.2209  -1.0855   2.4470  -0.7627   0.00    0.0
2014/08/09 22:14:00.000  -12.843706194  131.132740809   122.7617   5   7   2.1143   2.2482   7.1971  -1.0758   2.4422  -0.7060   0.00    0.0
2014/08/09 22:14:30.000  -12.843706819  131.132740383   123.0926   5   7   2.1140   2.2465   7.1726  -1.0659   2.4372  -0.6444   0.00    0.0
2014/08/09 22:15:00.000  -12.843708022  131.132740055   123.3225   5   7   2.1138   2.2447   7.1475  -1.0559   2.4318  -0.5763   0.00    0.0
2014/08/09 22:15:30.000  -12.843709002  131.132740214   123.5014   5   7   2.1137   2.2428   7.1218  -1.0457   2.4262  -0.4993   0.00    0.0
2014/08/09 22:16:00.000  -12.843709384  131.132740327   123.5068   5   7   2.1137   2.2410   7.0956  -1.0354   2.4203  -0.4084   0.00    0.0
2014/08/09 22:16:30.000  -12.843708630  131.132739962   123.8241   5   7   2.1138   2.2392   7.0689  -1.0249   2.4142  -0.2909   0.00    0.0
2014/08/09 22:17:00.000  -12.843707755  131.132740658   124.0120   5   7   2.1140   2.2373   7.0416  -1.0143   2.4079  -0.0538   0.00    0.0
2014/08/09 22:17:30.000  -12.843707196  131.132741369   124.1502   5   7   2.1142   2.2354   7.0140  -1.0036   2.4014   0.2800   0.00    0.0
2014/08/09 22:18:00.000  -12.843706562  131.132741287   124.0150   5   7   2.1145   2.2335   6.9859  -0.9927   2.3947   0.3989   0.00    0.0
2014/08/09 22:18:30.000  -12.843705805  131.132740584   123.8439   5   7   2.1149   2.2317   6.9574  -0.9817   2.3878   0.4892   0.00    0.0
2014/08/09 22:19:00.000  -12.843705697  131.132739763   123.5851   5   7   2.1154   2.2298   6.9286  -0.9705   2.3807   0.5648   0.00    0.0
2014/08/09 22:19:30.000  -12.843706467  131.132741151   123.7215   5   7   2.1160   2.2279   6.8994  -0.9592   2.3735   0.6308   0.00    0.0
2014/08/09 22:20:00.000  -12.843707831  131.132742729   123.9029   5   7   2.1167   2.2260   6.8700  -0.9477   2.3661   0.6900   0.00    0.0
2014/08/09 22:20:30.000  -12.843708639  131.132742474   124.1482   5   7   2.1174   2.2242   6.8402  -0.9361   2.3587   0.7441   0.00    0.0
2014/08/09 22:21:00.000  -12.843708676  131.132741550   124.1756   5   7   2.1183   2.2223   6.8103  -0.9243   2.3511   0.7940   0.00    0.0
2014/08/09 22:21:30.000  -12.843708638  131.132741399   124.3672   5   7   2.1192   2.2205   6.7801  -0.9123   2.3434   0.8405   0.00    0.0
2014/08/09 22:22:00.000  -12.843709284  131.132741064   124.5198   5   7   2.1202   2.2186   6.7497  -0.9002   2.3356   0.8841   0.00    0.0
2014/08/09 22:22:30.000  -12.843710088  131.132741393   124.7835   5   7   2.1214   2.2168   6.7192  -0.8879   2.3278   0.9251   0.00    0.0
2014/08/09 22:23:00.000  -12.843711116  131.132741629   124.9070   5   7   2.1226   2.2150   6.6885  -0.8755   2.3199   0.9640   0.00    0.0
2014/08/09 22:23:30.000  -12.843711056  131.132741431   124.9122   5   7   2.1238   2.2132   6.6577  -0.8628   2.3119   1.0010   0.00    0.0
2014/08/09 22:24:00.000  -12.843710455  131.132740936   124.8406   5   7   2.1252   2.2115   6.6269  -0.8500   2.3039   1.0362   0.00    0.0
2014/08/09 22:24:30.000  -12.843709493  131.132740963   124.9112   5   7   2.1267   2.2098   6.5959  -0.8370   2.2959   1.0698   0.00    0.0
2014/08/09 22:25:00.000  -12.843708644  131.132740298   124.7408   5   7   2.1282   2.2081   6.5649  -0.8237   2.2879   1.1020   0.00    0.0
2014/08/09 22:25:30.000  -12.843709000  131.132741097   124.8458   5   7   2.1299   2.2064   6.5340  -0.8103   2.2799   1.1329   0.00    0.0
2014/08/09 22:26:00.000  -12.843709081  131.132741114   124.4355   5   7   2.1316   2.2048   6.5030  -0.7966   2.2718   1.1625   0.00    0.0
2014/08/09 22:26:30.000  -12.843708726  131.132741213   124.6184   5   7   2.1334   2.2032   6.4720  -0.7827   2.2638   1.1910   0.00    0.0
2014/08/09 22:27:00.000  -12.843708958  131.132741292   124.6790   5   7   2.1353   2.2016   6.4410  -0.7685   2.2558   1.2185   0.00    0.0
2014/08/09 22:27:30.000  -12.843709893  131.132741826   124.8131   5   7   2.1373   2.2001   6.4101  -0.7540   2.2479   1.2450   0.00    0.0
2014/08/09 22:28:00.000  -12.843710098  131.132742490   125.2196   5   7   2.1394   2.1986   6.3793  -0.7393   2.2399   1.2705   0.00    0.0
2014/08/09 22:28:30.000  -12.843710305  131.132742793   125.4439   5   7   2.1415   2.1972   6.3486  -0.7243   2.2321   1.2952   0.00    0.0
2014/08/09 22:29:00.000  -12.843711096  131.132742247   125.6199   5   7   2.1437   2.1958   6.3180  -0.7089   2.2242   1.3191   0.00    0.0
2014/08/09 22:29:30.000  -12.843710903  131.132741744   125.5345   5   7   2.1461   2.1945   6.2875  -0.6932   2.2165   1.3422   0.00    0.0
2014/08/09 22:30:00.000  -12.843710649  131.132742561   125.6546   5   7   2.1485   2.1932   6.2571  -0.6772   2.2088   1.3646   0.00    0.0
2014/08/09 22:30:30.000  -12.843709632  131.132742557   125.7134   5   7   2.1509   2.1919   6.2269  -0.6607   2.2012   1.3863   0.00    0.0
2014/08/09 22:31:00.000  -12.843709061  131.132741768   125.6325   5   7   2.1535   2.1907   6.1968  -0.6438   2.1937   1.4073   0.00    0.0
2014/08/09 22:31:30.000  -12.843709406  131.132740511   125.6492   5   8   2.0999   1.7791   5.1606   0.4816   0.6857   1.9210   0.00    0.0
2014/08/09 22:32:00.000  -12.843709766  131.132740022   125.5670   5   8   2.1042   1.7785   5.1501   0.4950   0.7006   1.9251   0.00    0.0
2014/08/09 22:32:30.000  -12.843710062  131.132739255   125.6372   5   8   2.1086   1.7780   5.1395   0.5081   0.7150   1.9293   0.00    0.0
2014/08/09 22:33:00.000  -12.843704996  131.132744302   124.5956   5   7   2.4534   2.0590   5.7255   1.2518  -1.4538   0.7520   0.00    0.0
2014/08/09 22:33:30.000  -12.843705570  131.132744949   124.6407   5   7   2.4603   2.0575   5.7169   1.2585  -1.4459   0.7499   0.00    0.0
2014/08/09 22:34:00.000  -12.843705763  131.132745271   124.7737   5   7   2.4672   2.0561   5.7081   1.2652  -1.4378   0.7483   0.00    0.0
2014/08/09 22:34:30.000  -12.843705688  131.132744993   124.9673   5   7   2.4742   2.0546   5.6989   1.2719  -1.4295   0.7469   0.00    0.0
2014/08/09 22:35:00.000  -12.843705145  131.132745033   125.2195   5   7   2.4813   2.0532   5.6895   1.2785  -1.4210   0.7460   0.00    0.0
2014/08/09 22:35:30.000  -12.843705104  131.132745663   125.0602   5   7   2.4883   2.0519   5.6797   1.2851  -1.4123   0.7453   0.00    0.0
2014/08/09 22:36:00.000  -12.843705393  131.132746206   124.9308   5   7   2.4954   2.0505   5.6697   1.2917  -1.4034   0.7451   0.00    0.0
2014/08/09 22:36:30.000  -12.843704629  131.132745334   124.3725   5   7   2.5026   2.0493   5.6593   1.2983  -1.3944   0.7452   0.00    0.0
2014/08/09 22:37:00.000  -12.843704820  131.132744881   124.6786   5   7   2.5097   2.0480   5.6487   1.3048  -1.3851   0.7457   0.00    0.0
2014/08/09 22:37:30.000  -12.843704705  131.132745349   125.3006   5   7   2.5169   2.0468   5.6378   1.3113  -1.3756   0.7466   0.00    0.0
2014/08/09 22:38:00.000  -12.843704609  131.132745326   125.3468   5   7   2.5242   2.0456   5.6267   1.3178  -1.3660   0.7479   0.00    0.0
2014/08/09 22:38:30.000  -12.843705066  131.132744730   125.1543   5   7   2.5314   2.0444   5.6153   1.3243  -1.3561   0.7496   0.00    0.0
2014/08/09 22:39:00.000  -12.843705496  131.132745260   124.9641   5   7   2.5387   2.0433   5.6037   1.3307  -1.3461   0.7517   0.00    0.0
2014/08/09 22:39:30.000  -12.843705372  131.132745847   124.5360   5   7   2.5460   2.0422   5.5918   1.3372  -1.3359   0.7541   0.00    0.0
2014/08/09 22:40:00.000  -12.843705457  131.132745044   124.6743   5   7   2.5533   2.0412   5.5797   1.3435  -1.3254   0.7570   0.00    0.0
2014/08/09 22:40:30.000  -12.843705221  131.132744832   124.6341   5   7   2.5607   2.0401   5.5674   1.3499  -1.3148   0.7602   0.00    0.0
2014/08/09 22:41:00.000  -12.843705115  131.132746150   124.4900   5   7   2.5681   2.0391   5.5548   1.3562  -1.3039   0.7639   0.00    0.0
2014/08/09 22:41:30.000  -12.843704958  131.132746394   124.8251   5   7   2.5755   2.0382   5.5421   1.3626  -1.2929   0.7679   0.00    0.0
2014/08/09 22:42:00.000  -12.843703058  131.132745852   124.8203   5   8   2.2885   1.9574   4.9836   1.0942  -1.7307  -1.5072   0.00    0.0
2014/08/09 22:42:30.000  -12.843702643  131.132746453   124.9811   5   8   2.2917   1.9544   4.9802   1.0957  -1.7231  -1.5032   0.00    0.0
2014/08/09 22:43:00.000  -12.843702692  131.132746296   124.9767   5   8   2.2949   1.9515   4.9766   1.0971  -1.7154  -1.4989   0.00    0.0
2014/08/09 22:43:30.000  -12.843703940  131.132745209   125.3240   5   8   2.2981   1.9486   4.9727   1.0985  -1.7074  -1.4942   0.00    0.0
2014/08/09 22:44:00.000  -12.843704984  131.132743433   125.4199   5   8   2.3012   1.9457   4.9686   1.0997  -1.6993  -1.4892   0.00    0.0
2014/08/09 22:44:30.000  -12.843705748  131.132743819   125.7305   5   8   2.3043   1.9427   4.9642   1.1009  -1.6909  -1.4838   0.00    0.0
2014/08/09 22:45:00.000  -12.843704293  131.132744962   125.6049   5   8   2.3074   1.9398   4.9596   1.1021  -1.6823  -1.4780   0.00    0.0
2014/08/09 22:45:30.000  -12.843702666  131.132745635   125.6923   5   8   2.3105   1.9369   4.9548   1.1031  -1.6735  -1.4719   0.00    0.0
2014/08/09 22:46:00.000  -12.843702344  131.132746908   125.9136   5   8   2.3135   1.9340   4.9498   1.1041  -1.6645  -1.4654   0.00    0.0
2014/08/09 22:46:30.000  -12.843701843  131.132747660   126.0621   5   8   2.3165   1.9311   4.9445   1.1050  -1.6553  -1.4585   0.00    0.0
2014/08/09 22:47:00.000  -12.843701975  131.132747543   126.3227   5   8   2.3195   1.9283   4.9390   1.1059  -1.6459  -1.4513   0.00    0.0
2014/08/09 22:47:30.000  -12.843701808  131.132746584   126.4571   5   8   2.3224   1.9254   4.9334   1.1067  -1.6363  -1.4437   0.00    0.0
2014/08/09 22:48:00.000  -12.843701065  131.132746490   126.0738   5   8   2.3254   1.9225   4.9275   1.1074  -1.6264  -1.4357   0.00    0.0
2014/08/09 22:48:30.000  -12.843701729  131.132746445   125.6977   5   8   2.3283   1.9197   4.9214   1.1081  -1.6164  -1.4273   0.00    0.0
2014/08/09 22:49:00.000  -12.843703602  131.132746161   125.6175   5   8   2.3311   1.9169   4.9152   1.1087  -1.6062  -1.4186   0.00    0.0
2014/08/09 22:49:30.000  -12.843705296  131.132744684   125.5114   5   8   2.3339   1.9140   4.9087   1.1093  -1.5957  -1.4095   0.00    0.0
2014/08/09 22:50:00.000  -12.843706544  131.132744001   125.7483   5   8   2.3367   1.9112   4.9021   1.1098  -1.5851  -1.4000   0.00    0.0
2014/08/09 22:50:30.000  -12.843706848  131.132744685   125.6800   5   8   2.3395   1.9084   4.8953   1.1102  -1.5742  -1.3902   0.00    0.0
2014/08/09 22:51:00.000  -12.843706873  131.132745063   125.5035   5   8   2.3423   1.9056   4.8884   1.1106  -1.5632  -1.3799   0.00    0.0
2014/08/09 22:51:30.000  -12.843706346  131.132744065   125.5443   5   8   2.3450   1.9029   4.8812   1.1110  -1.5519  -1.3693   0.00    0.0
2014/08/09 22:52:00.000  -12.843706426  131.132744232   125.4946   5   8   2.3477   1.9001   4.8740   1.1113  -1.5405  -1.3582   0.00    0.0
2014/08/09 22:52:30.000  -12.843707280  131.132744362   125.7081   5   8   2.3504   1.8974   4.8666   1.1116  -1.5288  -1.3468   0.00    0.0
2014/08/09 22:53:00.000  -12.843706622  131.132745222   125.7401   5   8   2.3530   1.8947   4.8590   1.1118  -1.5170  -1.3350   0.00    0.0
2014/08/09 22:53:30.000  -12.843704567  131.132746163   125.8530   5   8   2.3556   1.8920   4.8513   1.1120  -1.5049  -1.3227   0.00    0.0
2014/08/09 22:54:00.000  -12.843703124  131.132747729   126.1174   5   8   2.3582   1.8894   4.8435   1.1121  -1.4927  -1.3101   0.00    0.0
2014/08/09 22:54:30.000  -12.843703447  131.132746685   125.9614   5   8   2.3608   1.8867   4.8356   1.1122  -1.4802  -1.2970   0.00    0.0
2014/08/09 22:55:00.000  -12.843703849  131.132745555   125.8695   5   8   2.3634   1.8841   4.8276   1.1123  -1.4675  -1.2836   0.00    0.0
2014/08/09 22:55:30.000  -12.843703775  131.132744984   126.1075   5   8   2.3659   1.8815   4.8195   1.1123  -1.4547  -1.2697   0.00    0.0
2014/08/09 22:56:00.000  -12.843702276  131.132745169   126.1955   5   8   2.3684   1.8789   4.8112   1.1124  -1.4416  -1.2554   0.00    0.0
2014/08/09 22:56:30.000  -12.843701651  131.132744987   125.8821   5   8   2.3709   1.8764   4.8029   1.1124  -1.4283  -1.2406   0.00    0.0
2014/08/09 22:57:00.000  -12.843702611  131.132744796   125.6091   5   8   2.3733   1.8739   4.7945   1.1123  -1.4149  -1.2254   0.00    0.0
2014/08/09 22:57:30.000  -12.843705467  131.132745944   125.5499   5   8   2.3758   1.8714   4.7860   1.1123  -1.4012  -1.2097   0.00    0.0
2014/08/09 22:58:00.000  -12.843707281  131.132746296   125.5495   5   8   2.3782   1.8689   4.7775   1.1122  -1.3873  -1.1936   0.00    0.0
2014/08/09 22:58:30.000  -12.843707493  131.132745325   125.8977   5   8   2.3806   1.8665   4.7689   1.1121  -1.3732  -1.1770   0.00    0.0
2014/08/09 22:59:00.000  -12.843707824  131.132745169   126.2574   5   8   2.3830   1.8641   4.7602   1.1120  -1.3589  -1.1599   0.00    0.0
2014/08/09 22:59:30.000  -12.843707394  131.132745875   126.3297   5   8   2.3854   1.8617   4.7515   1.1118  -1.3444  -1.1424   0.00    0.0
2014/08/09 23:00:00.000  -12.843706638  131.132746678   126.3271   5   8   2.3652   1.8175   4.5686   1.1681  -1.1262  -1.2966   0.00    0.0
2014/08/09 23:00:30.000  -12.843704728  131.132747138   126.4842   5   8   2.3674   1.8156   4.5587   1.1678  -1.1092  -1.2813   0.00    0.0
2014/08/09 23:01:00.000  -12.843703373  131.132746199   126.3074   5   8   2.3696   1.8137   4.5488   1.1675  -1.0919  -1.2656   0.00    0.0
2014/08/09 23:01:30.000  -12.843704515  131.132744985   126.0479   5   8   2.3718   1.8118   4.5389   1.1672  -1.0744  -1.2496   0.00    0.0
2014/08/09 23:02:00.000  -12.843706013  131.132744615   126.2071   5   8   2.3740   1.8100   4.5291   1.1669  -1.0565  -1.2332   0.00    0.0
2014/08/09 23:02:30.000  -12.843706656  131.132744344   126.1342   5   8   2.3761   1.8083   4.5192   1.1666  -1.0384  -1.2163   0.00    0.0
2014/08/09 23:03:00.000  -12.843706330  131.132744657   125.9377   5   8   2.3782   1.8065   4.5094   1.1663  -1.0199  -1.1991   0.00    0.0
2014/08/09 23:03:30.000  -12.843705061  131.132744978   126.0118   5   8   2.3803   1.8048   4.4996   1.1660  -1.0011  -1.1814   0.00    0.0
2014/08/09 23:04:00.000  -12.843704469  131.132745798   125.9762   5   8   2.3824   1.8032   4.4899   1.1657  -0.9819  -1.1633   0.00    0.0
2014/08/09 23:04:30.000  -12.843704643  131.132747484   125.6763   5   8   2.3845   1.8016   4.4802   1.1654  -0.9624  -1.1447   0.00    0.0
2014/08/09 23:05:00.000  -12.843704747  131.132749320   125.8079   5   8   2.3866   1.8000   4.4706   1.1651  -0.9424  -1.1257   0.00    0.0
2014/08/09 23:05:30.000  -12.843703866  131.132747370   125.9268   5   8   2.3886   1.7985   4.4610   1.1648  -0.9221  -1.1063   0.00    0.0
2014/08/09 23:06:00.000  -12.843702552  131.132745939   126.1612   5   8   2.3906   1.7971   4.4515   1.1645  -0.9014  -1.0863   0.00    0.0
2014/08/09 23:06:30.000  -12.843702128  131.132745754   126.3866   5   8   2.3940   1.8007   4.4451   1.1690  -0.8926  -1.0721   0.00    0.0
2014/08/09 23:07:00.000  -12.843703756  131.132746551   126.3392   5   8   2.3962   1.7999   4.4361   1.1694  -0.8727  -1.0520   0.00    0.0
2014/08/09 23:07:30.000  -12.843705005  131.132746045   125.9003   5   8   2.3984   1.7992   4.4271   1.1698  -0.8524  -1.0314   0.00    0.0
2014/08/09 23:08:00.000  -12.843703791  131.132744584   126.5001   5   7   2.5099   1.9575   5.2286   0.8961  -1.6887   1.0141   0.00    0.0
2014/08/09 23:08:30.000  -12.843703295  131.132745784   126.4972   5   7   2.5132   1.9561   5.2261   0.8959  -1.6785   1.0440   0.00    0.0
2014/08/09 23:09:00.000  -12.843703297  131.132745953   126.6438   5   7   2.5164   1.9546   5.2236   0.8958  -1.6681   1.0730   0.00    0.0
2014/08/09 23:09:30.000  -12.843702741  131.132744721   126.5548   5   7   2.5197   1.9531   5.2211   0.8958  -1.6575   1.1015   0.00    0.0
2014/08/09 23:10:00.000  -12.843701489  131.132744538   126.6590   5   7   2.5229   1.9517   5.2186   0.8957  -1.6467   1.1293   0.00    0.0
2014/08/09 23:10:30.000  -12.843703267  131.132743864   126.8878   5   7   2.5262   1.9503   5.2161   0.8958  -1.6358   1.1565   0.00    0.0
2014/08/09 23:11:00.000  -12.843704451  131.132744226   126.8214   5   7   2.5294   1.9489   5.2136   0.8959  -1.6247   1.1831   0.00    0.0
2014/08/09 23:11:30.000  -12.843704958  131.132746744   126.5021   5   7   2.5327   1.9476   5.2111   0.8960  -1.6135   1.2092   0.00    0.0
2014/08/09 23:12:00.000  -12.843703920  131.132746263   126.7301   5   7   2.5360   1.9463   5.2085   0.8962  -1.6020   1.2348   0.00    0.0
2014/08/09 23:12:30.000  -12.843703000  131.132746076   126.8583   5   7   2.5392   1.9450   5.2060   0.8965  -1.5904   1.2600   0.00    0.0
2014/08/09 23:13:00.000  -12.843703127  131.132746830   127.0647   5   7   2.5425   1.9437   5.2035   0.8968  -1.5786   1.2846   0.00    0.0
2014/08/09 23:13:30.000  -12.843702484  131.132747172   126.8863   5   7   2.5458   1.9425   5.2009   0.8972  -1.5667   1.3088   0.00    0.0
2014/08/09 23:14:00.000  -12.843702097  131.132745473   127.1177   5   7   2.5491   1.9413   5.1984   0.8977  -1.5545   1.3326   0.00    0.0
2014/08/09 23:14:30.000  -12.843702354  131.132745573   127.2426   5   7   2.5523   1.9401   5.1959   0.8983  -1.5422   1.3559   0.00    0.0
2014/08/09 23:15:00.000  -12.843701787  131.132747667   126.8838   5   7   2.5556   1.9390   5.1934   0.8989  -1.5297   1.3789   0.00    0.0
2014/08/09 23:15:30.000  -12.843701533  131.132748386   126.5148   5   7   2.5589   1.9378   5.1909   0.8996  -1.5170   1.4015   0.00    0.0
2014/08/09 23:16:00.000  -12.843702275  131.132747250   126.5757   5   7   2.5621   1.9368   5.1885   0.9004  -1.5040   1.4237   0.00    0.0
2014/08/09 23:16:30.000  -12.843702626  131.132745657   126.6766   5   7   2.5654   1.9357   5.1860   0.9012  -1.4910   1.4455   0.00    0.0
2014/08/09 23:17:00.000  -12.843702538  131.132746242   126.8230   5   7   2.5686   1.9347   5.1836   0.9022  -1.4777   1.4669   0.00    0.0
2014/08/09 23:17:30.000  -12.843702649  131.132745591   126.8684   5   7   2.5719   1.9337   5.1812   0.9032  -1.4642   1.4880   0.00    0.0
2014/08/09 23:18:00.000  -12.843702835  131.132745025   126.7880   5   7   2.5751   1.9328   5.1788   0.9043  -1.4504   1.5088   0.00    0.0
2014/08/09 23:18:30.000  -12.843702901  131.132745199   126.8338   5   7   2.5783   1.9319   5.1765   0.9055  -1.4365   1.5292   0.00    0.0
2014/08/09 23:19:00.000  -12.843703406  131.132746638   126.8700   5   7   2.5815   1.9310   5.1742   0.9068  -1.4224   1.5493   0.00    0.0
2014/08/09 23:19:30.000  -12.843701565  131.132746945   126.8571   5   7   2.5847   1.9302   5.1719   0.9082  -1.4080   1.5690   0.00    0.0
2014/08/09 23:20:00.000  -12.843702919  131.132745941   127.0412   5   7   2.5879   1.9294   5.1696   0.9096  -1.3934   1.5885   0.00    0.0
2014/08/09 23:20:30.000  -12.843709447  131.132743316   127.9956   5   8   2.1948   1.8248   4.9256  -0.1726  -0.9618   2.1760   0.00    0.0
2014/08/09 23:21:00.000  -12.843710235  131.132745251   127.8911   5   8   2.1980   1.8242   4.9304  -0.1627  -0.9480   2.1831   0.00    0.0
2014/08/09 23:21:30.000  -12.843711179  131.132745631   127.8845   5   8   2.2012   1.8237   4.9351  -0.1519  -0.9338   2.1901   0.00    0.0
2014/08/09 23:22:00.000  -12.843710254  131.132745351   127.9775   5   8   2.2043   1.8232   4.9397  -0.1399  -0.9193   2.1971   0.00    0.0
2014/08/09 23:22:30.000  -12.843709174  131.132745036   128.2892   5   8   2.2074   1.8228   4.9442  -0.1264  -0.9044   2.2038   0.00    0.0
2014/08/09 23:23:00.000  -12.843708885  131.132745399   128.3432   5   8   2.2105   1.8223   4.9487  -0.1107  -0.8890   2.2105   0.00    0.0
2014/08/09 23:23:30.000  -12.843708434  131.132745602   128.1520   5   8   2.2135   1.8219   4.9532  -0.0919  -0.8733   2.2171   0.00    0.0
2014/08/09 23:24:00.000  -12.843708224  131.132746897   128.0306   5   8   2.2164   1.8216   4.9575  -0.0673  -0.8571   2.2235   0.00    0.0
2014/08/09 23:24:30.000  -12.843709053  131.132747571   128.0476   5   8   2.2193   1.8212   4.9618  -0.0229  -0.8404   2.2298   0.00    0.0
2014/08/09 23:25:00.000  -12.843709852  131.132747974   127.8673   5   8   2.2221   1.8209   4.9660   0.0599  -0.8233   2.2360   0.00    0.0
2014/08/09 23:25:30.000  -12.843708119  131.132746432   127.9528   5   8   2.2249   1.8207   4.9702   0.0884  -0.8056   2.2420   0.00    0.0
2014/08/09 23:26:00.000  -12.843707508  131.132745945   128.1176   5   8   2.2281   1.8208   4.9791   0.1176  -0.7821   2.2501   0.00    0.0
2014/08/09 23:26:30.000  -12.843707367  131.132745670   128.1676   5   8   2.2307   1.8207   4.9835   0.1356  -0.7626   2.2561   0.00    0.0
2014/08/09 23:27:00.000  -12.843708839  131.132745535   128.2387   5   8   2.2334   1.8205   4.9878   0.1518  -0.7425   2.2619   0.00    0.0
2014/08/09 23:27:30.000  -12.843709485  131.132744685   128.3561   5   8   2.2359   1.8204   4.9921   0.1667  -0.7216   2.2675   0.00    0.0
2014/08/09 23:28:00.000  -12.843709228  131.132744806   128.3598   5   8   2.2384   1.8204   4.9962   0.1807  -0.6999   2.2730   0.00    0.0
2014/08/09 23:28:30.000  -12.843708298  131.132745732   128.2375   5   8   2.2408   1.8204   5.0003   0.1939  -0.6773   2.2783   0.00    0.0
2014/08/09 23:29:00.000  -12.843708343  131.132746118   128.0809   5   8   2.2432   1.8204   5.0043   0.2064  -0.6537   2.2835   0.00    0.0
2014/08/09 23:29:30.000  -12.843708667  131.132744860   128.0201   5   8   2.2454   1.8204   5.0082   0.2185  -0.6291   2.2885   0.00    0.0
2014/08/09 23:30:00.000  -12.843708011  131.132744321   128.0117   5   8   2.2476   1.8205   5.0120   0.2301  -0.6033   2.2934   0.00    0.0
2014/08/09 23:30:30.000  -12.843709470  131.132745516   127.9704   5   8   2.2498   1.8206   5.0157   0.2414  -0.5761   2.2980   0.00    0.0
2014/08/09 23:31:00.000  -12.843710590  131.132745574   127.9675   5   8   2.2518   1.8208   5.0194   0.2523  -0.5473   2.3026   0.00    0.0
2014/08/09 23:31:30.000  -12.843708932  131.132746018   127.9667   5   8   2.2538   1.8210   5.0229   0.2630  -0.5167   2.3069   0.00    0.0
2014/08/09 23:32:00.000  -12.843707742  131.132744533   128.1508   5   8   2.2557   1.8212   5.0263   0.2734  -0.4839   2.3111   0.00    0.0
2014/08/09 23:32:30.000  -12.843707825  131.132744260   128.2069   5   8   2.2575   1.8215   5.0297   0.2835  -0.4485   2.3151   0.00    0.0
2014/08/09 23:33:00.000  -12.843709287  131.132744970   127.9595   5   8   2.2592   1.8218   5.0329   0.2934  -0.4098   2.3189   0.00    0.0
2014/08/09 23:33:30.000  -12.843708852  131.132745795   127.9557   5   8   2.2608   1.8222   5.0360   0.3032  -0.3667   2.3226   0.00    0.0
2014/08/09 23:34:00.000  -12.843709381  131.132746787   127.8434   5   8   2.2624   1.8226   5.0391   0.3127  -0.3175   2.3260   0.00    0.0
2014/08/09 23:34:30.000  -12.843710080  131.132746587   127.8744   5   8   2.2638   1.8230   5.0420   0.3221  -0.2587   2.3293   0.00    0.0
2014/08/09 23:35:00.000  -12.843709310  131.132747688   127.9729   5   8   2.2718   1.8255   5.0519   0.3094  -0.1953   2.3365   0.00    0.0
2014/08/09 23:35:30.000  -12.843709595  131.132746273   128.1102   5   8   2.2739   1.8263   5.0556   0.3164  -0.0657   2.3400   0.00    0.0
2014/08/09 23:36:00.000  -12.843709348  131.132744920   128.3046   5   8   2.2760   1.8271   5.0592   0.3234   0.1724   2.3432   0.00    0.0
2014/08/09 23:36:30.000  -12.843710007  131.132745075   128.4188   5   8   2.2779   1.8279   5.0627   0.3303   0.2529   2.3463   0.00    0.0
2014/08/09 23:37:00.000  -12.843710722  131.132745452   128.3606   5   8   2.2798   1.8288   5.0661   0.3372   0.3137   2.3492   0.00    0.0
2014/08/09 23:37:30.000  -12.843711994  131.132746341   127.9287   5   8   2.2816   1.8297   5.0695   0.3439   0.3648   2.3520   0.00    0.0
2014/08/09 23:38:00.000  -12.843711498  131.132746564   127.8605   5   8   2.2833   1.8306   5.0727   0.3506   0.4099   2.3545   0.00    0.0
2014/08/09 23:38:30.000  -12.843710032  131.132746503   128.1261   5   8   2.2849   1.8316   5.0759   0.3572   0.4507   2.3569   0.00    0.0
2014/08/09 23:39:00.000  -12.843708718  131.132746496   128.5092   5   8   2.2865   1.8326   5.0791   0.3637   0.4883   2.3591   0.00    0.0
2014/08/09 23:39:30.000  -12.843708155  131.132745901   128.7017   5   8   2.2879   1.8337   5.0821   0.3701   0.5234   2.3610   0.00    0.0
2014/08/09 23:40:00.000  -12.843707991  131.132746195   128.6787   5   8   2.2893   1.8348   5.0851   0.3765   0.5565   2.3628   0.00    0.0
2014/08/09 23:40:30.000  -12.843707882  131.132746647   128.7495   5   8   2.2906   1.8360   5.0880   0.3828   0.5879   2.3644   0.00    0.0
2014/08/09 23:41:00.000  -12.843709087  131.132747191   128.5866   5   8   2.2918   1.8372   5.0908   0.3890   0.6178   2.3659   0.00    0.0
2014/08/09 23:41:30.000  -12.843710156  131.132748360   128.4446   5   8   2.2930   1.8384   5.0936   0.3951   0.6465   2.3671   0.00    0.0
2014/08/09 23:42:00.000  -12.843709686  131.132747176   128.3965   5   8   2.2940   1.8397   5.0962   0.4011   0.6741   2.3681   0.00    0.0
2014/08/09 23:42:30.000  -12.843709153  131.132745156   128.5346   5   8   2.2949   1.8411   5.0988   0.4071   0.7008   2.3689   0.00    0.0
2014/08/09 23:43:00.000  -12.843709309  131.132744093   128.5033   5   8   2.2958   1.8425   5.1013   0.4130   0.7266   2.3696   0.00    0.0
2014/08/09 23:43:30.000  -12.843709199  131.132742905   128.2487   5   8   2.2966   1.8439   5.1038   0.4188   0.7517   2.3700   0.00    0.0
2014/08/09 23:44:00.000  -12.843709434  131.132743412   128.0981   5   8   2.2973   1.8453   5.1061   0.4245   0.7760   2.3702   0.00    0.0
2014/08/09 23:44:30.000  -12.843709263  131.132743851   128.1092   5   8   2.2979   1.8469   5.1084   0.4302   0.7997   2.3702   0.00    0.0
2014/08/09 23:45:00.000  -12.843708794  131.132745456   128.4316   5   8   2.2984   1.8484   5.1107   0.4358   0.8229   2.3701   0.00    0.0
2014/08/09 23:45:30.000  -12.843708850  131.132745804   128.4710   5   8   2.2988   1.8500   5.1128   0.4412   0.8454   2.3697   0.00    0.0
2014/08/09 23:46:00.000  -12.843707906  131.132745476   128.4574   5   8   2.2992   1.8517   5.1149   0.4466   0.8675   2.3691   0.00    0.0
2014/08/09 23:46:30.000  -12.843707871  131.132745723   128.3334   5   8   2.3009   1.8541   5.1173   0.4566   0.8910   2.3694   0.00    0.0
2014/08/09 23:47:00.000  -12.843708993  131.132745687   128.5651   5   8   2.3012   1.8559   5.1193   0.4623   0.9123   2.3685   0.00    0.0
2014/08/09 23:47:30.000  -12.843709201  131.132744372   128.6728   5   8   2.3014   1.8578   5.1211   0.4679   0.9332   2.3674   0.00    0.0
2014/08/09 23:48:00.000  -12.843708767  131.132744924   128.6074   5   8   2.3015   1.8597   5.1230   0.4733   0.9537   2.3660   0.00    0.0
2014/08/09 23:48:30.000  -12.843708952  131.132746095   128.4756   5   8   2.3015   1.8616   5.1247   0.4787   0.9738   2.3644   0.00    0.0
2014/08/09 23:49:00.000  -12.843709276  131.132746201   128.4349   5   8   2.3014   1.8636   5.1264   0.4839   0.9936   2.3626   0.00    0.0
2014/08/09 23:49:30.000  -12.843709718  131.132746103   128.6113   5   8   2.3012   1.8657   5.1280   0.4891   1.0130   2.3606   0.00    0.0
2014/08/09 23:50:00.000  -12.843709484  131.132746071   128.7465   5   8   2.3009   1.8678   5.1296   0.4941   1.0321   2.3584   0.00    0.0
2014/08/09 23:50:30.000  -12.843708758  131.132745896   128.7677   5   8   2.3006   1.8699   5.1311   0.4990   1.0509   2.3560   0.00    0.0
2014/08/09 23:51:00.000  -12.843708210  131.132745307   128.7436   5   8   2.3001   1.8721   5.1326   0.5039   1.0695   2.3533   0.00    0.0
2014/08/09 23:51:30.000  -12.843707104  131.132745039   128.8075   5   8   2.2996   1.8743   5.1340   0.5086   1.0877   2.3504   0.00    0.0
2014/08/09 23:52:00.000  -12.843706534  131.132743629   128.7276   5   8   2.2989   1.8766   5.1353   0.5132   1.1057   2.3473   0.00    0.0
2014/08/09 23:52:30.000  -12.843706918  131.132743398   128.6646   5   8   2.2982   1.8789   5.1366   0.5177   1.1235   2.3440   0.00    0.0
2014/08/09 23:53:00.000  -12.843707197  131.132744063   128.7537   5   8   2.2974   1.8813   5.1378   0.5220   1.1410   2.3405   0.00    0.0
2014/08/09 23:53:30.000  -12.843707325  131.132744738   128.7517   5   8   2.2969   1.8873   5.1421   0.5314   1.1672   2.3385   0.00    0.0
2014/08/09 23:54:00.000  -12.843708500  131.132744494   128.7458   5   8   2.2960   1.8901   5.1437   0.5361   1.1851   2.3347   0.00    0.0
2014/08/09 23:54:30.000  -12.843708484  131.132744263   128.6014   5   8   2.2950   1.8930   5.1451   0.5407   1.2028   2.3308   0.00    0.0
2014/08/09 23:55:00.000  -12.843706592  131.132743908   128.6268   5   8   2.2939   1.8959   5.1466   0.5452   1.2203   2.3267   0.00    0.0
2014/08/09 23:55:30.000  -12.843706130  131.132744296   128.7630   5   8   2.2927   1.8989   5.1481   0.5496   1.2375   2.3223   0.00    0.0
2014/08/09 23:56:00.000  -12.843706171  131.132744275   128.8392   5   8   2.2914   1.9019   5.1495   0.5538   1.2546   2.3177   0.00    0.0
2014/08/09 23:56:30.000  -12.843706655  131.132743083   129.0061   5   8   2.2901   1.9049   5.1509   0.5580   1.2715   2.3130   0.00    0.0
2014/08/09 23:57:00.000  -12.843708052  131.132742683   129.0469   5   8   2.2887   1.9080   5.1523   0.5621   1.2883   2.3080   0.00    0.0
2014/08/09 23:57:30.000  -12.843708892  131.132743013   128.9561   5   8   2.2872   1.9112   5.1537   0.5661   1.3049   2.3029   0.00    0.0
2014/08/09 23:58:00.000  -12.843709007  131.132743498   128.9842   5   8   2.2857   1.9144   5.1551   0.5700   1.3213   2.2975   0.00    0.0
2014/08/09 23:58:30.000  -12.843707214  131.132743232   129.1366   5   8   2.2840   1.9177   5.1565   0.5738   1.3375   2.2920   0.00    0.0
2014/08/09 23:59:00.000  -12.843706611  131.132742325   129.2364   5   8   2.2823   1.9210   5.1579   0.5774   1.3536   2.2862   0.00    0.0
2014/08/09 23:59:30.000  -12.843706488  131.132742613   129.3743   5   8   2.2806   1.9243   5.1593   0.5810   1.3696   2.2803   0.00    0.0
