% program   : RTKPOST-QT ver.2.4.3 Emlid b28
% inp file  : /media/renato/OPERATION/Research/In preparation/ION ITM 2021/data/darw3610.14o
% inp file  : /media/renato/OPERATION/Research/In preparation/ION ITM 2021/data/brdc3610.14n
% obs start : 2014/12/27 00:00:00.0 GPST (week1824 518400.0s)
% obs end   : 2014/12/27 23:59:30.0 GPST (week1824 604770.0s)
%
% (lat/lon/height=WGS84/ellipsoidal,Q=1:fix,2:float,3:sbas,4:dgps,5:single,6:ppp,ns=# of satellites)
%  GPST                  latitude(deg) longitude(deg)  height(m)   Q  ns   sdn(m)   sde(m)   sdu(m)  sdne(m)  sdeu(m)  sdun(m) age(s)  ratio
2014/12/27 00:00:00.000  -12.843714397  131.132737531   119.7457   5   8   3.5059   3.9867  10.1120  -1.5738   2.4956  -3.1395   0.00    0.0
2014/12/27 00:00:30.000  -12.843714544  131.132737653   119.8166   5   8   3.5003   3.9882  10.1603  -1.5745   2.5149  -3.1304   0.00    0.0
2014/12/27 00:01:00.000  -12.843715204  131.132735726   119.8990   5   8   3.4947   3.9898  10.2093  -1.5750   2.5340  -3.1211   0.00    0.0
2014/12/27 00:01:30.000  -12.843715939  131.132735130   120.0168   5   8   3.4892   3.9914  10.2587  -1.5753   2.5530  -3.1116   0.00    0.0
2014/12/27 00:02:00.000  -12.843716016  131.132735408   119.9999   5   8   3.4837   3.9930  10.3087  -1.5754   2.5719  -3.1018   0.00    0.0
2014/12/27 00:02:30.000  -12.843716234  131.132736987   120.2066   5   8   3.4782   3.9947  10.3592  -1.5753   2.5906  -3.0918   0.00    0.0
2014/12/27 00:03:00.000  -12.843716318  131.132736735   119.8729   5   8   3.4727   3.9963  10.4102  -1.5750   2.6091  -3.0815   0.00    0.0
2014/12/27 00:03:30.000  -12.843715991  131.132737432   119.8288   5   8   3.4673   3.9979  10.4617  -1.5746   2.6275  -3.0709   0.00    0.0
2014/12/27 00:04:00.000  -12.843715264  131.132736105   119.7159   5   8   3.4619   3.9996  10.5137  -1.5739   2.6458  -3.0601   0.00    0.0
2014/12/27 00:04:30.000  -12.843714621  131.132734772   119.7205   5   8   3.4565   4.0013  10.5661  -1.5731   2.6639  -3.0490   0.00    0.0
2014/12/27 00:05:00.000  -12.843714440  131.132734587   119.9010   5   8   3.4512   4.0030  10.6190  -1.5720   2.6819  -3.0376   0.00    0.0
2014/12/27 00:05:30.000  -12.843714879  131.132734999   120.0107   5   8   3.4459   4.0047  10.6724  -1.5708   2.6997  -3.0259   0.00    0.0
2014/12/27 00:06:00.000  -12.843714772  131.132735419   119.8120   5   8   3.4406   4.0063  10.7262  -1.5694   2.7174  -3.0138   0.00    0.0
2014/12/27 00:06:30.000  -12.843714180  131.132734851   119.7924   5   8   3.4354   4.0081  10.7804  -1.5679   2.7349  -3.0014   0.00    0.0
2014/12/27 00:07:00.000  -12.843714058  131.132733917   119.6706   5   8   3.4303   4.0098  10.8350  -1.5661   2.7523  -2.9887   0.00    0.0
2014/12/27 00:07:30.000  -12.843714252  131.132734038   119.7629   5   8   3.4251   4.0115  10.8900  -1.5641   2.7694  -2.9756   0.00    0.0
2014/12/27 00:08:00.000  -12.843714211  131.132734631   120.0527   5   8   3.4201   4.0132  10.9453  -1.5620   2.7865  -2.9621   0.00    0.0
2014/12/27 00:08:30.000  -12.843714977  131.132735009   120.3981   5   8   3.4150   4.0149  11.0010  -1.5597   2.8033  -2.9483   0.00    0.0
2014/12/27 00:09:00.000  -12.843714970  131.132734885   120.2427   5   8   3.4101   4.0167  11.0570  -1.5572   2.8200  -2.9340   0.00    0.0
2014/12/27 00:09:30.000  -12.843715214  131.132735856   120.1392   5   8   3.4052   4.0184  11.1132  -1.5545   2.8364  -2.9194   0.00    0.0
2014/12/27 00:10:00.000  -12.843715706  131.132736426   120.1293   5   8   3.4003   4.0201  11.1697  -1.5516   2.8527  -2.9042   0.00    0.0
2014/12/27 00:10:30.000  -12.843715092  131.132735761   119.8960   5   8   3.3955   4.0219  11.2264  -1.5485   2.8688  -2.8887   0.00    0.0
2014/12/27 00:11:00.000  -12.843715078  131.132735909   120.0658   5   8   3.3908   4.0236  11.2833  -1.5453   2.8847  -2.8726   0.00    0.0
2014/12/27 00:11:30.000  -12.843714561  131.132735269   120.1578   5   8   3.3861   4.0253  11.3403  -1.5419   2.9003  -2.8561   0.00    0.0
2014/12/27 00:12:00.000  -12.843713548  131.132735224   120.4648   5   8   3.3815   4.0271  11.3975  -1.5382   2.9158  -2.8391   0.00    0.0
2014/12/27 00:12:30.000  -12.843713074  131.132734029   120.1627   5   8   3.3769   4.0288  11.4547  -1.5344   2.9310  -2.8215   0.00    0.0
2014/12/27 00:13:00.000  -12.843713572  131.132735439   120.0674   5   8   3.3725   4.0305  11.5120  -1.5304   2.9460  -2.8034   0.00    0.0
2014/12/27 00:13:30.000  -12.843714281  131.132735023   120.4918   5   8   3.3681   4.0323  11.5693  -1.5263   2.9607  -2.7847   0.00    0.0
2014/12/27 00:14:00.000  -12.843715046  131.132734609   120.1635   5   9   3.3345   3.8858  10.2383  -1.6721   1.6981  -3.1761   0.00    0.0
2014/12/27 00:14:30.000  -12.843714329  131.132734665   120.0514   5   9   3.3292   3.8867  10.2866  -1.6706   1.7078  -3.1670   0.00    0.0
2014/12/27 00:15:00.000  -12.843713472  131.132734658   120.2091   5   9   3.3241   3.8876  10.3349  -1.6690   1.7173  -3.1576   0.00    0.0
2014/12/27 00:15:30.000  -12.843713695  131.132734960   120.2899   5   9   3.3190   3.8885  10.3833  -1.6673   1.7265  -3.1479   0.00    0.0
2014/12/27 00:16:00.000  -12.843714184  131.132734493   120.1565   5   9   3.3139   3.8893  10.4317  -1.6655   1.7353  -3.1378   0.00    0.0
2014/12/27 00:16:30.000  -12.843715008  131.132734404   120.2227   5   9   3.3089   3.8902  10.4801  -1.6636   1.7438  -3.1274   0.00    0.0
2014/12/27 00:17:00.000  -12.843714400  131.132733739   120.0730   5   9   3.3039   3.8911  10.5285  -1.6616   1.7520  -3.1166   0.00    0.0
2014/12/27 00:17:30.000  -12.843713722  131.132734457   120.0676   5   9   3.2990   3.8920  10.5768  -1.6595   1.7599  -3.1054   0.00    0.0
2014/12/27 00:18:00.000  -12.843714228  131.132735051   119.9601   5   9   3.2942   3.8928  10.6249  -1.6572   1.7675  -3.0938   0.00    0.0
2014/12/27 00:18:30.000  -12.843713685  131.132735266   120.1026   5   9   3.2894   3.8937  10.6729  -1.6549   1.7747  -3.0818   0.00    0.0
2014/12/27 00:19:00.000  -12.843714057  131.132735575   120.2691   5   9   3.2847   3.8946  10.7207  -1.6524   1.7816  -3.0694   0.00    0.0
2014/12/27 00:19:30.000  -12.843713981  131.132735064   120.3775   5   9   3.2800   3.8954  10.7683  -1.6499   1.7882  -3.0565   0.00    0.0
2014/12/27 00:20:00.000  -12.843713790  131.132734951   120.4149   5   9   3.2754   3.8963  10.8156  -1.6472   1.7945  -3.0432   0.00    0.0
2014/12/27 00:20:30.000  -12.843713685  131.132733851   120.4637   5   9   3.2709   3.8971  10.8625  -1.6445   1.8004  -3.0294   0.00    0.0
2014/12/27 00:21:00.000  -12.843714559  131.132733958   120.2734   5   9   3.2664   3.8980  10.9092  -1.6416   1.8060  -3.0150   0.00    0.0
2014/12/27 00:21:30.000  -12.843715011  131.132734367   120.0352   5   9   3.2620   3.8988  10.9554  -1.6387   1.8112  -3.0002   0.00    0.0
2014/12/27 00:22:00.000  -12.843715247  131.132734626   120.2501   5   9   3.2577   3.8997  11.0012  -1.6356   1.8161  -2.9848   0.00    0.0
2014/12/27 00:22:30.000  -12.843715257  131.132734285   120.3161   5   9   3.2534   3.9005  11.0464  -1.6325   1.8207  -2.9689   0.00    0.0
2014/12/27 00:23:00.000  -12.843714875  131.132734288   120.3666   5   9   3.2492   3.9014  11.0912  -1.6292   1.8249  -2.9524   0.00    0.0
2014/12/27 00:23:30.000  -12.843714438  131.132735306   120.4403   5   9   3.2451   3.9022  11.1354  -1.6259   1.8288  -2.9354   0.00    0.0
2014/12/27 00:24:00.000  -12.843714752  131.132735632   120.4538   5   9   3.2411   3.9030  11.1789  -1.6225   1.8324  -2.9177   0.00    0.0
2014/12/27 00:24:30.000  -12.843715330  131.132734963   120.5461   5   9   3.2372   3.9039  11.2217  -1.6190   1.8356  -2.8994   0.00    0.0
2014/12/27 00:25:00.000  -12.843715553  131.132733477   120.6416   5   9   3.2333   3.9047  11.2638  -1.6154   1.8385  -2.8805   0.00    0.0
2014/12/27 00:25:30.000  -12.843714488  131.132732934   120.8957   5   9   3.2296   3.9056  11.3052  -1.6118   1.8410  -2.8609   0.00    0.0
2014/12/27 00:26:00.000  -12.843714139  131.132732709   121.1486   5   9   3.2259   3.9064  11.3457  -1.6080   1.8431  -2.8406   0.00    0.0
2014/12/27 00:26:30.000  -12.843714451  131.132733474   120.9217   5   9   3.2223   3.9072  11.3853  -1.6042   1.8450  -2.8196   0.00    0.0
2014/12/27 00:27:00.000  -12.843714450  131.132733784   120.7521   5   9   3.2188   3.9081  11.4240  -1.6003   1.8465  -2.7979   0.00    0.0
2014/12/27 00:27:30.000  -12.843714125  131.132735061   120.6192   5   9   3.2154   3.9089  11.4617  -1.5963   1.8476  -2.7755   0.00    0.0
2014/12/27 00:28:00.000  -12.843714467  131.132735784   120.4966   5   9   3.2121   3.9097  11.4983  -1.5922   1.8484  -2.7523   0.00    0.0
2014/12/27 00:28:30.000  -12.843714536  131.132734867   120.7593   5   9   3.2089   3.9106  11.5339  -1.5880   1.8489  -2.7283   0.00    0.0
2014/12/27 00:29:00.000  -12.843714406  131.132734498   120.6722   5   9   3.2058   3.9114  11.5684  -1.5838   1.8490  -2.7035   0.00    0.0
2014/12/27 00:29:30.000  -12.843713231  131.132734200   120.6359   5   9   3.2028   3.9123  11.6016  -1.5795   1.8488  -2.6779   0.00    0.0
2014/12/27 00:30:00.000  -12.843712904  131.132735653   120.4357   5   9   3.1999   3.9131  11.6337  -1.5751   1.8483  -2.6514   0.00    0.0
2014/12/27 00:30:30.000  -12.843712740  131.132736223   120.6932   5   9   3.1971   3.9140  11.6645  -1.5707   1.8475  -2.6241   0.00    0.0
2014/12/27 00:31:00.000  -12.843713315  131.132735628   120.7277   5   9   3.1945   3.9148  11.6939  -1.5662   1.8463  -2.5959   0.00    0.0
2014/12/27 00:31:30.000  -12.843712903  131.132735326   120.7973   5   9   3.1920   3.9157  11.7220  -1.5617   1.8448  -2.5668   0.00    0.0
2014/12/27 00:32:00.000  -12.843712305  131.132734195   120.8256   5   9   3.1896   3.9165  11.7487  -1.5570   1.8430  -2.5367   0.00    0.0
2014/12/27 00:32:30.000  -12.843712175  131.132733857   121.1984   5   9   3.1873   3.9174  11.7739  -1.5523   1.8410  -2.5057   0.00    0.0
2014/12/27 00:33:00.000  -12.843711661  131.132734064   121.6875   5   9   3.1851   3.9183  11.7976  -1.5476   1.8386  -2.4737   0.00    0.0
2014/12/27 00:33:30.000  -12.843711622  131.132734837   121.8040   5   9   3.1831   3.9192  11.8198  -1.5428   1.8360  -2.4407   0.00    0.0
2014/12/27 00:34:00.000  -12.843712388  131.132735280   121.5745   5   9   3.1812   3.9200  11.8405  -1.5379   1.8330  -2.4067   0.00    0.0
2014/12/27 00:34:30.000  -12.843712238  131.132735470   121.7584   5   9   3.1795   3.9209  11.8595  -1.5330   1.8299  -2.3715   0.00    0.0
2014/12/27 00:35:00.000  -12.843712143  131.132735486   121.5390   5   9   3.1779   3.9218  11.8769  -1.5280   1.8264  -2.3353   0.00    0.0
2014/12/27 00:35:30.000  -12.843712888  131.132735110   121.6701   5   9   3.1764   3.9227  11.8927  -1.5230   1.8228  -2.2980   0.00    0.0
2014/12/27 00:36:00.000  -12.843713091  131.132735468   121.6803   5   9   3.1751   3.9236  11.9068  -1.5179   1.8189  -2.2595   0.00    0.0
2014/12/27 00:36:30.000  -12.843712989  131.132735542   121.6119   5   9   3.1739   3.9246  11.9192  -1.5128   1.8148  -2.2198   0.00    0.0
2014/12/27 00:37:00.000  -12.843712916  131.132735829   121.6458   5   9   3.1729   3.9255  11.9298  -1.5076   1.8104  -2.1789   0.00    0.0
2014/12/27 00:37:30.000  -12.843712817  131.132736576   121.5607   5   9   3.1720   3.9265  11.9388  -1.5024   1.8060  -2.1366   0.00    0.0
2014/12/27 00:38:00.000  -12.843712586  131.132736727   121.8454   5   9   3.1713   3.9274  11.9460  -1.4971   1.8013  -2.0930   0.00    0.0
2014/12/27 00:38:30.000  -12.843712606  131.132736907   121.7701   5   9   3.1708   3.9284  11.9514  -1.4918   1.7965  -2.0481   0.00    0.0
2014/12/27 00:39:00.000  -12.843713356  131.132736611   122.0301   5   9   3.1704   3.9294  11.9550  -1.4865   1.7915  -2.0017   0.00    0.0
2014/12/27 00:39:30.000  -12.843713225  131.132736151   122.2989   5   9   3.1702   3.9304  11.9569  -1.4811   1.7865  -1.9537   0.00    0.0
2014/12/27 00:40:00.000  -12.843713859  131.132736119   122.1833   5   9   3.1701   3.9314  11.9570  -1.4757   1.7813  -1.9041   0.00    0.0
2014/12/27 00:40:30.000  -12.843714184  131.132735823   122.1540   5   9   3.1703   3.9324  11.9554  -1.4702   1.7761  -1.8529   0.00    0.0
2014/12/27 00:41:00.000  -12.843714345  131.132735627   122.3640   5   9   3.1706   3.9334  11.9519  -1.4647   1.7708  -1.7998   0.00    0.0
2014/12/27 00:41:30.000  -12.843714356  131.132736074   122.5513   5   9   3.1710   3.9345  11.9468  -1.4591   1.7654  -1.7448   0.00    0.0
2014/12/27 00:42:00.000  -12.843713828  131.132736257   122.2881   5   9   3.1717   3.9355  11.9398  -1.4535   1.7600  -1.6877   0.00    0.0
2014/12/27 00:42:30.000  -12.843713465  131.132735851   122.1611   5   9   3.1725   3.9366  11.9312  -1.4479   1.7546  -1.6284   0.00    0.0
2014/12/27 00:43:00.000  -12.843713299  131.132736732   122.1465   5   9   3.1735   3.9377  11.9208  -1.4422   1.7492  -1.5666   0.00    0.0
2014/12/27 00:43:30.000  -12.843713480  131.132735119   121.9868   5   9   3.1747   3.9388  11.9088  -1.4365   1.7439  -1.5021   0.00    0.0
2014/12/27 00:44:00.000  -12.843713598  131.132734429   122.0055   5   9   3.1761   3.9400  11.8951  -1.4308   1.7386  -1.4345   0.00    0.0
2014/12/27 00:44:30.000  -12.843713791  131.132734198   122.0293   5   9   3.1777   3.9411  11.8797  -1.4250   1.7334  -1.3635   0.00    0.0
2014/12/27 00:45:00.000  -12.843714295  131.132735367   122.2426   5   9   3.1794   3.9423  11.8628  -1.4192   1.7283  -1.2885   0.00    0.0
2014/12/27 00:45:30.000  -12.843714308  131.132735462   122.2035   5   9   3.1813   3.9435  11.8443  -1.4133   1.7233  -1.2089   0.00    0.0
2014/12/27 00:46:00.000  -12.843714018  131.132735052   122.3338   5   9   3.1835   3.9447  11.8242  -1.4074   1.7184  -1.1237   0.00    0.0
2014/12/27 00:46:30.000  -12.843713731  131.132734926   122.5091   5   9   3.1858   3.9459  11.8027  -1.4014   1.7137  -1.0316   0.00    0.0
2014/12/27 00:47:00.000  -12.843713217  131.132735513   122.6091   5   9   3.1883   3.9472  11.7797  -1.3954   1.7092  -0.9306   0.00    0.0
2014/12/27 00:47:30.000  -12.843713146  131.132736716   122.6564   5   9   3.1910   3.9484  11.7552  -1.3894   1.7049  -0.8174   0.00    0.0
2014/12/27 00:48:00.000  -12.843713026  131.132736630   122.8002   5   9   3.1939   3.9497  11.7294  -1.3833   1.7007  -0.6864   0.00    0.0
2014/12/27 00:48:30.000  -12.843712500  131.132737272   122.8040   5   9   3.1970   3.9510  11.7023  -1.3771   1.6968  -0.5241   0.00    0.0
2014/12/27 00:49:00.000  -12.843712110  131.132736509   122.9204   5   9   3.2003   3.9524  11.6738  -1.3709   1.6932  -0.2811   0.00    0.0
2014/12/27 00:49:30.000  -12.843712197  131.132735298   122.9428   5   9   3.2038   3.9537  11.6441  -1.3647   1.6898   0.3402   0.00    0.0
2014/12/27 00:50:00.000  -12.843712325  131.132735074   123.1204   5   9   3.2075   3.9551  11.6133  -1.3584   1.6867   0.5564   0.00    0.0
2014/12/27 00:50:30.000  -12.843712615  131.132735911   123.0893   5   9   3.2113   3.9565  11.5813  -1.3520   1.6839   0.7087   0.00    0.0
2014/12/27 00:51:00.000  -12.843712971  131.132736637   122.8478   5   9   3.2154   3.9579  11.5482  -1.3456   1.6814   0.8330   0.00    0.0
2014/12/27 00:51:30.000  -12.843712913  131.132737258   122.8801   5   9   3.2197   3.9594  11.5141  -1.3391   1.6793   0.9404   0.00    0.0
2014/12/27 00:52:00.000  -12.843712475  131.132736519   123.0667   5   9   3.2241   3.9609  11.4789  -1.3325   1.6775   1.0360   0.00    0.0
2014/12/27 00:52:30.000  -12.843712952  131.132737186   123.3208   5   9   3.2288   3.9624  11.4429  -1.3259   1.6760   1.1230   0.00    0.0
2014/12/27 00:53:00.000  -12.843712665  131.132737252   123.7259   5   9   3.2336   3.9639  11.4059  -1.3192   1.6749   1.2032   0.00    0.0
2014/12/27 00:53:30.000  -12.843713111  131.132738089   123.4637   5   9   3.2387   3.9655  11.3682  -1.3124   1.6742   1.2777   0.00    0.0
2014/12/27 00:54:00.000  -12.843712337  131.132736851   123.5361   5   9   3.2439   3.9670  11.3296  -1.3056   1.6738   1.3477   0.00    0.0
2014/12/27 00:54:30.000  -12.843711554  131.132736010   123.3773   5   9   3.2494   3.9687  11.2903  -1.2986   1.6739   1.4136   0.00    0.0
2014/12/27 00:55:00.000  -12.843710815  131.132735444   123.1052   5   9   3.2550   3.9703  11.2504  -1.2915   1.6743   1.4760   0.00    0.0
2014/12/27 00:55:30.000  -12.843711296  131.132735714   123.1135   5   9   3.2609   3.9720  11.2098  -1.2844   1.6752   1.5355   0.00    0.0
2014/12/27 00:56:00.000  -12.843711401  131.132736553   123.0248   5   9   3.2669   3.9737  11.1686  -1.2772   1.6764   1.5922   0.00    0.0
2014/12/27 00:56:30.000  -12.843712134  131.132737263   122.9612   5   9   3.2731   3.9754  11.1269  -1.2698   1.6781   1.6465   0.00    0.0
2014/12/27 00:57:00.000  -12.843713229  131.132737023   123.0340   5   9   3.2795   3.9771  11.0848  -1.2623   1.6802   1.6986   0.00    0.0
2014/12/27 00:57:30.000  -12.843713811  131.132736865   123.0574   5   9   3.2862   3.9789  11.0422  -1.2547   1.6828   1.7487   0.00    0.0
2014/12/27 00:58:00.000  -12.843714455  131.132736418   123.3161   5   9   3.2930   3.9807  10.9992  -1.2470   1.6857   1.7969   0.00    0.0
2014/12/27 00:58:30.000  -12.843714831  131.132735874   123.6822   5   9   3.3000   3.9826  10.9559  -1.2392   1.6891   1.8435   0.00    0.0
2014/12/27 00:59:00.000  -12.843714246  131.132735646   123.8639   5   9   3.3072   3.9844  10.9123  -1.2312   1.6929   1.8885   0.00    0.0
2014/12/27 00:59:30.000  -12.843713450  131.132735964   123.7013   5   9   3.3146   3.9864  10.8684  -1.2231   1.6972   1.9321   0.00    0.0
2014/12/27 01:00:00.000  -12.843713777  131.132735480   123.3450   5   9   3.3096   3.9771  10.8288  -1.1593   1.6493   1.9840   0.00    0.0
2014/12/27 01:00:30.000  -12.843713895  131.132734757   123.4679   5   9   3.3180   3.9793  10.7804  -1.1519   1.6542   2.0302   0.00    0.0
2014/12/27 01:01:00.000  -12.843714037  131.132733119   123.5757   5   9   3.3267   3.9816  10.7322  -1.1444   1.6596   2.0750   0.00    0.0
2014/12/27 01:01:30.000  -12.843714056  131.132733922   123.5579   5   9   3.3356   3.9840  10.6842  -1.1366   1.6655   2.1184   0.00    0.0
2014/12/27 01:02:00.000  -12.843714297  131.132735619   123.3972   5   9   3.3448   3.9863  10.6365  -1.1287   1.6717   2.1605   0.00    0.0
2014/12/27 01:02:30.000  -12.843714103  131.132736036   123.4975   5   9   3.3541   3.9887  10.5891  -1.1206   1.6784   2.2014   0.00    0.0
2014/12/27 01:03:00.000  -12.843714450  131.132735745   123.7890   5   9   3.3636   3.9912  10.5420  -1.1122   1.6856   2.2412   0.00    0.0
2014/12/27 01:03:30.000  -12.843713649  131.132735134   124.0013   5   9   3.3734   3.9936  10.4952  -1.1037   1.6931   2.2800   0.00    0.0
2014/12/27 01:04:00.000  -12.843713796  131.132734629   123.9888   5   9   3.3833   3.9961  10.4488  -1.0949   1.7011   2.3178   0.00    0.0
2014/12/27 01:04:30.000  -12.843713752  131.132735749   123.9516   5   9   3.3934   3.9987  10.4028  -1.0859   1.7095   2.3546   0.00    0.0
2014/12/27 01:05:00.000  -12.843713488  131.132735069   123.8910   5   9   3.4038   4.0012  10.3572  -1.0766   1.7183   2.3906   0.00    0.0
2014/12/27 01:05:30.000  -12.843713759  131.132735212   123.9891   5   9   3.4144   4.0038  10.3120  -1.0670   1.7274   2.4258   0.00    0.0
2014/12/27 01:06:00.000  -12.843714135  131.132737097   123.8476   5   9   3.4251   4.0065  10.2672  -1.0572   1.7370   2.4603   0.00    0.0
2014/12/27 01:06:30.000  -12.843714193  131.132738569   123.5380   5   9   3.4361   4.0091  10.2229  -1.0471   1.7470   2.4940   0.00    0.0
2014/12/27 01:07:00.000  -12.843714222  131.132738035   123.8161   5   9   3.4473   4.0118  10.1791  -1.0367   1.7573   2.5271   0.00    0.0
2014/12/27 01:07:30.000  -12.843713931  131.132737737   123.9310   5   9   3.4587   4.0146  10.1357  -1.0259   1.7680   2.5595   0.00    0.0
2014/12/27 01:08:00.000  -12.843713904  131.132737241   124.1383   5   9   3.4703   4.0174  10.0929  -1.0148   1.7791   2.5914   0.00    0.0
2014/12/27 01:08:30.000  -12.843713588  131.132737342   124.0066   5   9   3.4821   4.0202  10.0506  -1.0034   1.7906   2.6227   0.00    0.0
2014/12/27 01:09:00.000  -12.843713774  131.132736958   124.0077   5   9   3.4941   4.0231  10.0088  -0.9915   1.8023   2.6535   0.00    0.0
2014/12/27 01:09:30.000  -12.843713093  131.132735950   124.1515   5   9   3.5064   4.0260   9.9675  -0.9793   1.8145   2.6838   0.00    0.0
2014/12/27 01:10:00.000  -12.843713722  131.132735871   124.0276   5   9   3.5188   4.0289   9.9268  -0.9666   1.8270   2.7136   0.00    0.0
2014/12/27 01:10:30.000  -12.843714325  131.132736223   123.7381   5   9   3.5314   4.0319   9.8867  -0.9535   1.8398   2.7430   0.00    0.0
2014/12/27 01:11:00.000  -12.843714938  131.132736352   123.7762   5   9   3.5443   4.0350   9.8471  -0.9398   1.8529   2.7721   0.00    0.0
2014/12/27 01:11:30.000  -12.843715078  131.132737060   123.8645   5   9   3.5574   4.0381   9.8081  -0.9257   1.8664   2.8007   0.00    0.0
2014/12/27 01:12:00.000  -12.843715195  131.132737132   124.0060   5   9   3.5707   4.0412   9.7697  -0.9110   1.8802   2.8290   0.00    0.0
2014/12/27 01:12:30.000  -12.843714626  131.132737740   123.9920   5   9   3.5842   4.0444   9.7319  -0.8957   1.8943   2.8570   0.00    0.0
2014/12/27 01:13:00.000  -12.843714362  131.132737358   123.8782   5   9   3.5979   4.0477   9.6947  -0.8798   1.9087   2.8847   0.00    0.0
2014/12/27 01:13:30.000  -12.843714257  131.132736845   124.2275   5   9   3.6118   4.0509   9.6582  -0.8633   1.9234   2.9121   0.00    0.0
2014/12/27 01:14:00.000  -12.843714914  131.132735712   124.4220   5   9   3.6260   4.0543   9.6222  -0.8460   1.9384   2.9392   0.00    0.0
2014/12/27 01:14:30.000  -12.843715196  131.132736257   124.1024   5   9   3.6404   4.0577   9.5868  -0.8279   1.9537   2.9661   0.00    0.0
2014/12/27 01:15:00.000  -12.843715929  131.132739652   123.5795   5   8   3.7070   4.5536  10.6947  -1.3890  -2.4555   3.4546   0.00    0.0
2014/12/27 01:15:30.000  -12.843715853  131.132739731   123.5758   5   8   3.7211   4.5536  10.6442  -1.3737  -2.4167   3.4715   0.00    0.0
2014/12/27 01:16:00.000  -12.843716068  131.132738648   123.6039   5   8   3.7354   4.5535  10.5945  -1.3579  -2.3773   3.4884   0.00    0.0
2014/12/27 01:16:30.000  -12.843716538  131.132737795   123.8737   5   8   3.7500   4.5536  10.5456  -1.3415  -2.3372   3.5052   0.00    0.0
2014/12/27 01:17:00.000  -12.843716480  131.132737897   124.0504   5   8   3.7647   4.5537  10.4976  -1.3246  -2.2964   3.5221   0.00    0.0
2014/12/27 01:17:30.000  -12.843716658  131.132738611   123.9580   5   8   3.7796   4.5539  10.4504  -1.3070  -2.2549   3.5389   0.00    0.0
2014/12/27 01:18:00.000  -12.843716143  131.132738893   124.0740   5   8   3.7948   4.5541  10.4040  -1.2888  -2.2125   3.5558   0.00    0.0
2014/12/27 01:18:30.000  -12.843716291  131.132739057   124.3270   5   8   3.8102   4.5544  10.3585  -1.2700  -2.1692   3.5727   0.00    0.0
2014/12/27 01:19:00.000  -12.843717558  131.132739274   124.3111   5   7   3.9898   4.9654  11.7280   0.8213  -3.9439   2.5624   0.00    0.0
2014/12/27 01:19:30.000  -12.843717723  131.132739391   124.2098   5   7   4.0058   4.9577  11.6560   0.8413  -3.8874   2.5982   0.00    0.0
2014/12/27 01:20:00.000  -12.843718051  131.132738925   124.2598   5   7   4.0221   4.9502  11.5855   0.8616  -3.8309   2.6336   0.00    0.0
2014/12/27 01:20:30.000  -12.843718504  131.132738983   124.2588   5   7   4.0386   4.9430  11.5163   0.8823  -3.7743   2.6684   0.00    0.0
2014/12/27 01:21:00.000  -12.843718421  131.132739162   123.9751   5   7   4.0554   4.9360  11.4485   0.9034  -3.7176   2.7027   0.00    0.0
2014/12/27 01:21:30.000  -12.843717807  131.132740381   123.8414   5   7   4.0724   4.9293  11.3821   0.9248  -3.6609   2.7366   0.00    0.0
2014/12/27 01:22:00.000  -12.843717981  131.132740179   124.0462   5   7   4.0897   4.9228  11.3170   0.9466  -3.6040   2.7700   0.00    0.0
2014/12/27 01:22:30.000  -12.843718503  131.132740218   124.1999   5   7   4.1072   4.9165  11.2533   0.9687  -3.5469   2.8031   0.00    0.0
2014/12/27 01:23:00.000  -12.843719632  131.132740417   124.1058   5   7   4.1250   4.9105  11.1910   0.9911  -3.4896   2.8359   0.00    0.0
2014/12/27 01:23:30.000  -12.843718591  131.132739125   124.1070   5   7   4.1430   4.9048  11.1300   1.0138  -3.4321   2.8684   0.00    0.0
2014/12/27 01:24:00.000  -12.843718535  131.132739919   124.1990   5   7   4.1613   4.8993  11.0703   1.0368  -3.3743   2.9005   0.00    0.0
2014/12/27 01:24:30.000  -12.843717970  131.132740335   124.1699   5   7   4.1798   4.8940  11.0119   1.0601  -3.3162   2.9324   0.00    0.0
2014/12/27 01:25:00.000  -12.843717727  131.132740527   123.8826   5   7   4.1986   4.8890  10.9549   1.0836  -3.2578   2.9641   0.00    0.0
2014/12/27 01:25:30.000  -12.843718490  131.132740295   123.7054   5   7   4.2177   4.8842  10.8991   1.1075  -3.1989   2.9955   0.00    0.0
2014/12/27 01:26:00.000  -12.843718906  131.132739334   123.8448   5   7   4.2370   4.8797  10.8446   1.1316  -3.1396   3.0268   0.00    0.0
2014/12/27 01:26:30.000  -12.843719354  131.132738576   123.9550   5   7   4.2566   4.8754  10.7914   1.1560  -3.0798   3.0579   0.00    0.0
2014/12/27 01:27:00.000  -12.843719414  131.132738783   123.8992   5   7   4.2764   4.8714  10.7394   1.1806  -3.0194   3.0888   0.00    0.0
2014/12/27 01:27:30.000  -12.843718408  131.132738590   123.8794   5   7   4.2965   4.8676  10.6887   1.2055  -2.9584   3.1197   0.00    0.0
2014/12/27 01:28:00.000  -12.843719103  131.132739068   123.9769   5   7   4.3169   4.8641  10.6392   1.2307  -2.8967   3.1504   0.00    0.0
2014/12/27 01:28:30.000  -12.843719931  131.132739657   123.9995   5   7   4.3375   4.8608  10.5909   1.2561  -2.8342   3.1810   0.00    0.0
2014/12/27 01:29:00.000  -12.843721033  131.132739377   124.0602   5   7   4.3584   4.8578  10.5439   1.2818  -2.7709   3.2115   0.00    0.0
2014/12/27 01:29:30.000  -12.843721555  131.132740242   124.0117   5   7   4.3795   4.8550  10.4980   1.3077  -2.7066   3.2420   0.00    0.0
2014/12/27 01:30:00.000  -12.843721908  131.132740172   124.0563   5   7   4.4009   4.8525  10.4533   1.3339  -2.6413   3.2724   0.00    0.0
2014/12/27 01:30:30.000  -12.843721480  131.132739707   124.1016   5   7   4.4226   4.8502  10.4098   1.3604  -2.5749   3.3028   0.00    0.0
2014/12/27 01:31:00.000  -12.843721789  131.132740990   123.8908   5   7   4.4446   4.8482  10.3675   1.3871  -2.5071   3.3331   0.00    0.0
2014/12/27 01:31:30.000  -12.843721553  131.132741058   123.7354   5   7   4.4668   4.8465  10.3263   1.4140  -2.4380   3.3635   0.00    0.0
2014/12/27 01:32:00.000  -12.843721293  131.132739959   123.8676   5   7   4.4893   4.8450  10.2862   1.4412  -2.3673   3.3938   0.00    0.0
2014/12/27 01:32:30.000  -12.843722296  131.132739677   124.2034   5   7   4.5121   4.8438  10.2473   1.4687  -2.2948   3.4242   0.00    0.0
2014/12/27 01:33:00.000  -12.843722404  131.132738827   124.3357   5   7   4.5351   4.8428  10.2095   1.4964  -2.2204   3.4546   0.00    0.0
2014/12/27 01:33:30.000  -12.843720196  131.132739734   124.1890   5   8   4.2287   4.7302   9.6255   0.7495  -1.0902   4.2128   0.00    0.0
2014/12/27 01:34:00.000  -12.843719404  131.132740421   124.0905   5   8   4.2474   4.7297   9.6086   0.7943  -0.9581   4.2322   0.00    0.0
2014/12/27 01:34:30.000  -12.843719467  131.132740916   123.9262   5   8   4.2663   4.7294   9.5923   0.8376  -0.8043   4.2517   0.00    0.0
2014/12/27 01:35:00.000  -12.843719585  131.132740381   123.9377   5   8   4.2853   4.7292   9.5767   0.8796  -0.6128   4.2714   0.00    0.0
2014/12/27 01:35:30.000  -12.843720174  131.132739033   124.0278   5   8   4.3044   4.7293   9.5618   0.9205  -0.3222   4.2912   0.00    0.0
2014/12/27 01:36:00.000  -12.843720660  131.132739983   123.9968   5   8   4.3237   4.7296   9.5475   0.9605   0.4105   4.3112   0.00    0.0
2014/12/27 01:36:30.000  -12.843721236  131.132741159   123.9978   5   8   4.3432   4.7302   9.5340   0.9996   0.6643   4.3313   0.00    0.0
2014/12/27 01:37:00.000  -12.843719747  131.132741017   124.1084   5   8   4.3628   4.7309   9.5211   1.0381   0.8454   4.3516   0.00    0.0
2014/12/27 01:37:30.000  -12.843719195  131.132740343   124.1917   5   8   4.3825   4.7318   9.5089   1.0759   0.9944   4.3720   0.00    0.0
2014/12/27 01:38:00.000  -12.843718969  131.132740126   124.0577   5   8   4.4023   4.7329   9.4973   1.1132   1.1242   4.3926   0.00    0.0
2014/12/27 01:38:30.000  -12.843719525  131.132741397   124.2038   5   8   4.4223   4.7343   9.4864   1.1500   1.2408   4.4133   0.00    0.0
2014/12/27 01:39:00.000  -12.843719079  131.132740510   124.2729   5   8   4.4424   4.7358   9.4762   1.1864   1.3477   4.4342   0.00    0.0
2014/12/27 01:39:30.000  -12.843718930  131.132739211   124.3849   5   8   4.4627   4.7376   9.4666   1.2223   1.4471   4.4552   0.00    0.0
2014/12/27 01:40:00.000  -12.843719385  131.132740607   124.3100   5   8   4.4831   4.7396   9.4577   1.2580   1.5403   4.4763   0.00    0.0
2014/12/27 01:40:30.000  -12.843720027  131.132741193   124.3384   5   8   4.5035   4.7418   9.4494   1.2934   1.6286   4.4976   0.00    0.0
2014/12/27 01:41:00.000  -12.843720346  131.132741277   124.4480   5   8   4.5241   4.7443   9.4417   1.3284   1.7127   4.5190   0.00    0.0
2014/12/27 01:41:30.000  -12.843720939  131.132741074   124.4274   5   8   4.5449   4.7470   9.4347   1.3633   1.7932   4.5405   0.00    0.0
2014/12/27 01:42:00.000  -12.843721414  131.132740857   124.3904   5   8   4.5657   4.7499   9.4283   1.3979   1.8706   4.5622   0.00    0.0
2014/12/27 01:42:30.000  -12.843722346  131.132742230   124.2608   5   8   4.5866   4.7530   9.4225   1.4324   1.9453   4.5839   0.00    0.0
2014/12/27 01:43:00.000  -12.843722211  131.132741972   124.0812   5   8   4.6076   4.7564   9.4173   1.4667   2.0176   4.6058   0.00    0.0
2014/12/27 01:43:30.000  -12.843716988  131.132741931   123.2783   5   7   5.0441   4.7600   9.7406   1.4959   2.0921   4.0488   0.00    0.0
2014/12/27 01:44:00.000  -12.843716931  131.132742045   123.4040   5   7   5.0641   4.7638   9.7341   1.5310   2.1592   4.0762   0.00    0.0
2014/12/27 01:44:30.000  -12.843717163  131.132741213   123.5030   5   7   5.0841   4.7679   9.7282   1.5660   2.2247   4.1036   0.00    0.0
2014/12/27 01:45:00.000  -12.843717547  131.132741894   123.4542   5   7   5.1042   4.7723   9.7230   1.6008   2.2887   4.1309   0.00    0.0
2014/12/27 01:45:30.000  -12.843717509  131.132742197   123.4206   5   7   5.1243   4.7768   9.7183   1.6354   2.3514   4.1583   0.00    0.0
2014/12/27 01:46:00.000  -12.843716685  131.132742351   123.6798   5   7   5.1445   4.7817   9.7144   1.6700   2.4128   4.1857   0.00    0.0
2014/12/27 01:46:30.000  -12.843715413  131.132741739   123.8671   5   7   5.1647   4.7868   9.7110   1.7044   2.4730   4.2131   0.00    0.0
2014/12/27 01:47:00.000  -12.843715473  131.132742823   123.9455   5   7   5.1849   4.7921   9.7082   1.7387   2.5323   4.2404   0.00    0.0
2014/12/27 01:47:30.000  -12.843716481  131.132743462   124.1415   5   7   5.2051   4.7977   9.7061   1.7728   2.5905   4.2677   0.00    0.0
2014/12/27 01:48:00.000  -12.843716637  131.132742005   123.8796   5   7   5.2254   4.8035   9.7045   1.8069   2.6479   4.2950   0.00    0.0
2014/12/27 01:48:30.000  -12.843716329  131.132742254   123.7834   5   7   5.2456   4.8097   9.7035   1.8409   2.7044   4.3222   0.00    0.0
2014/12/27 01:49:00.000  -12.843715115  131.132742688   123.8213   5   7   5.2658   4.8160   9.7031   1.8748   2.7602   4.3494   0.00    0.0
2014/12/27 01:49:30.000  -12.843715494  131.132743958   123.4560   5   7   5.2860   4.8227   9.7033   1.9087   2.8153   4.3765   0.00    0.0
2014/12/27 01:50:00.000  -12.843715481  131.132743474   123.2065   5   7   5.3061   4.8296   9.7041   1.9424   2.8697   4.4035   0.00    0.0
2014/12/27 01:50:30.000  -12.843715652  131.132741299   123.2126   5   7   5.3262   4.8368   9.7054   1.9761   2.9235   4.4304   0.00    0.0
2014/12/27 01:51:00.000  -12.843716054  131.132741035   123.1793   5   7   5.3463   4.8442   9.7073   2.0097   2.9767   4.4573   0.00    0.0
2014/12/27 01:51:30.000  -12.843715724  131.132741540   123.3514   5   7   5.3662   4.8520   9.7097   2.0432   3.0294   4.4840   0.00    0.0
2014/12/27 01:52:00.000  -12.843714084  131.132742572   123.4388   5   7   5.3862   4.8600   9.7127   2.0767   3.0816   4.5106   0.00    0.0
2014/12/27 01:52:30.000  -12.843713107  131.132743207   123.7921   5   7   5.4060   4.8683   9.7162   2.1100   3.1333   4.5371   0.00    0.0
2014/12/27 01:53:00.000  -12.843713773  131.132743124   123.7397   5   7   5.4257   4.8768   9.7202   2.1433   3.1845   4.5635   0.00    0.0
2014/12/27 01:53:30.000  -12.843719522  131.132737910   122.2018   5   8   4.7725   4.4409   7.9555  -0.7765  -0.9613   2.5301   0.00    0.0
2014/12/27 01:54:00.000  -12.843718365  131.132737626   122.4045   5   8   4.7809   4.4387   7.9499  -0.7609  -0.8817   2.5408   0.00    0.0
2014/12/27 01:54:30.000  -12.843717097  131.132737571   122.2640   5   8   4.7891   4.4367   7.9446  -0.7449  -0.7943   2.5512   0.00    0.0
2014/12/27 01:55:00.000  -12.843718177  131.132737678   122.0250   5   8   4.7971   4.4347   7.9396  -0.7284  -0.6962   2.5613   0.00    0.0
2014/12/27 01:55:30.000  -12.843720270  131.132738053   121.9937   5   8   4.8049   4.4328   7.9349  -0.7115  -0.5820   2.5709   0.00    0.0
2014/12/27 01:56:00.000  -12.843721361  131.132737708   122.0374   5   8   4.8126   4.4309   7.9305  -0.6941  -0.4392   2.5802   0.00    0.0
2014/12/27 01:56:30.000  -12.843721904  131.132736733   122.1470   5   8   4.8201   4.4292   7.9264  -0.6762  -0.2175   2.5891   0.00    0.0
2014/12/27 01:57:00.000  -12.843722139  131.132735750   122.3176   5   8   4.8273   4.4275   7.9226  -0.6578   0.3133   2.5976   0.00    0.0
2014/12/27 01:57:30.000  -12.843722150  131.132736305   122.5035   5   8   4.8344   4.4259   7.9190  -0.6388   0.4933   2.6057   0.00    0.0
2014/12/27 01:58:00.000  -12.843721205  131.132736605   122.6816   5   8   4.8413   4.4244   7.9158  -0.6191   0.6232   2.6134   0.00    0.0
2014/12/27 01:58:30.000  -12.843722490  131.132736068   122.5094   5   8   4.8480   4.4230   7.9128  -0.5988   0.7303   2.6207   0.00    0.0
2014/12/27 01:59:00.000  -12.843722650  131.132736291   122.4483   5   8   4.8544   4.4216   7.9100  -0.5778   0.8235   2.6276   0.00    0.0
2014/12/27 01:59:30.000  -12.843722274  131.132736153   122.3265   5   8   4.8607   4.4203   7.9076  -0.5560   0.9071   2.6340   0.00    0.0
2014/12/27 02:00:00.000  -12.843722376  131.132735455   122.0915   5   8   4.8668   4.4191   7.9054  -0.5333   0.9835   2.6401   0.00    0.0
2014/12/27 02:00:30.000  -12.843721382  131.132736224   122.4024   5   8   4.8726   4.4180   7.9035  -0.5097   1.0543   2.6457   0.00    0.0
2014/12/27 02:01:00.000  -12.843721558  131.132735354   122.4303   5   8   4.8782   4.4169   7.9019  -0.4849   1.1207   2.6510   0.00    0.0
2014/12/27 02:01:30.000  -12.843722134  131.132735493   122.4311   5   8   4.8836   4.4159   7.9005  -0.4589   1.1832   2.6557   0.00    0.0
2014/12/27 02:02:00.000  -12.843722219  131.132735199   122.5047   5   8   4.8887   4.4150   7.8994  -0.4314   1.2426   2.6601   0.00    0.0
2014/12/27 02:02:30.000  -12.843722342  131.132735571   122.4315   5   8   4.8937   4.4142   7.8986  -0.4021   1.2993   2.6640   0.00    0.0
2014/12/27 02:03:00.000  -12.843722013  131.132737122   122.4389   5   8   4.8984   4.4134   7.8980  -0.3707   1.3535   2.6675   0.00    0.0
2014/12/27 02:03:30.000  -12.843721238  131.132737027   122.6033   5   8   4.9029   4.4127   7.8977  -0.3366   1.4056   2.6705   0.00    0.0
2014/12/27 02:04:00.000  -12.843721413  131.132737762   122.7568   5   8   4.9071   4.4121   7.8976  -0.2988   1.4559   2.6730   0.00    0.0
2014/12/27 02:04:30.000  -12.843720508  131.132736826   122.7972   5   8   4.9111   4.4116   7.8978  -0.2558   1.5044   2.6751   0.00    0.0
2014/12/27 02:05:00.000  -12.843722054  131.132737180   122.8516   5   8   4.9149   4.4111   7.8983  -0.2043   1.5514   2.6768   0.00    0.0
2014/12/27 02:05:30.000  -12.843721319  131.132737861   123.1563   5   8   4.9184   4.4107   7.8990  -0.1352   1.5970   2.6780   0.00    0.0
2014/12/27 02:06:00.000  -12.843720313  131.132738928   123.0234   5   8   4.9217   4.4104   7.8999   0.0706   1.6414   2.6787   0.00    0.0
2014/12/27 02:06:30.000  -12.843720897  131.132738367   123.0665   5   8   4.9247   4.4102   7.9011   0.1674   1.6845   2.6789   0.00    0.0
2014/12/27 02:07:00.000  -12.843721247  131.132736951   123.1334   5   8   4.9276   4.4100   7.9026   0.2254   1.7266   2.6787   0.00    0.0
2014/12/27 02:07:30.000  -12.843721595  131.132737163   123.0916   5   8   4.9301   4.4099   7.9043   0.2708   1.7677   2.6780   0.00    0.0
2014/12/27 02:08:00.000  -12.843720390  131.132737032   123.2349   5   8   4.9325   4.4098   7.9063   0.3092   1.8078   2.6768   0.00    0.0
2014/12/27 02:08:30.000  -12.843720602  131.132736809   123.2330   5   8   4.9346   4.4099   7.9085   0.3429   1.8471   2.6751   0.00    0.0
2014/12/27 02:09:00.000  -12.843719391  131.132736513   123.3619   5   8   4.9364   4.4100   7.9109   0.3731   1.8855   2.6729   0.00    0.0
2014/12/27 02:09:30.000  -12.843719438  131.132736417   123.4061   5   8   4.9381   4.4102   7.9136   0.4007   1.9232   2.6703   0.00    0.0
2014/12/27 02:10:00.000  -12.843720195  131.132737805   123.6746   5   8   4.9395   4.4104   7.9166   0.4260   1.9601   2.6671   0.00    0.0
2014/12/27 02:10:30.000  -12.843719782  131.132738991   123.8043   5   8   4.9406   4.4107   7.9198   0.4496   1.9964   2.6634   0.00    0.0
2014/12/27 02:11:00.000  -12.843719001  131.132738259   123.7935   5   8   4.9416   4.4111   7.9232   0.4716   2.0321   2.6593   0.00    0.0
2014/12/27 02:11:30.000  -12.843718831  131.132737223   123.6124   5   8   4.9423   4.4116   7.9269   0.4922   2.0671   2.6546   0.00    0.0
2014/12/27 02:12:00.000  -12.843718048  131.132737590   123.6393   5   8   4.9427   4.4121   7.9309   0.5116   2.1016   2.6494   0.00    0.0
2014/12/27 02:12:30.000  -12.843717146  131.132737944   123.6310   5   8   4.9430   4.4127   7.9351   0.5298   2.1355   2.6437   0.00    0.0
2014/12/27 02:13:00.000  -12.843718024  131.132738487   123.6775   5   8   4.9430   4.4133   7.9395   0.5471   2.1689   2.6375   0.00    0.0
2014/12/27 02:13:30.000  -12.843718984  131.132738222   123.6341   5   8   4.9428   4.4140   7.9442   0.5635   2.2018   2.6308   0.00    0.0
2014/12/27 02:14:00.000  -12.843719214  131.132737604   123.6926   5   8   4.9424   4.4148   7.9492   0.5789   2.2343   2.6236   0.00    0.0
2014/12/27 02:14:30.000  -12.843718760  131.132736420   123.9322   5   8   4.9418   4.4157   7.9544   0.5936   2.2663   2.6158   0.00    0.0
2014/12/27 02:15:00.000  -12.843718871  131.132737393   124.1663   5   8   4.9410   4.4166   7.9598   0.6076   2.2978   2.6075   0.00    0.0
2014/12/27 02:15:30.000  -12.843719345  131.132738780   124.2840   5   8   4.9400   4.4176   7.9656   0.6208   2.3290   2.5987   0.00    0.0
2014/12/27 02:16:00.000  -12.843720488  131.132739467   124.1304   5   8   4.9387   4.4186   7.9716   0.6333   2.3598   2.5893   0.00    0.0
2014/12/27 02:16:30.000  -12.843719566  131.132740100   124.1540   5   8   4.9373   4.4197   7.9778   0.6452   2.3902   2.5794   0.00    0.0
2014/12/27 02:17:00.000  -12.843719448  131.132739128   124.2173   5   8   4.9357   4.4209   7.9843   0.6565   2.4203   2.5690   0.00    0.0
2014/12/27 02:17:30.000  -12.843720760  131.132738956   124.2033   5   8   4.9339   4.4221   7.9911   0.6671   2.4500   2.5580   0.00    0.0
2014/12/27 02:18:00.000  -12.843722235  131.132738161   124.2413   5   8   4.9319   4.4234   7.9981   0.6772   2.4794   2.5465   0.00    0.0
2014/12/27 02:18:30.000  -12.843721890  131.132737550   124.3492   5   8   4.9298   4.4248   8.0054   0.6868   2.5085   2.5344   0.00    0.0
2014/12/27 02:19:00.000  -12.843720699  131.132738463   124.4115   5   8   4.9274   4.4262   8.0130   0.6958   2.5373   2.5218   0.00    0.0
2014/12/27 02:19:30.000  -12.843719796  131.132739452   124.2739   5   8   4.9250   4.4277   8.0209   0.7042   2.5658   2.5086   0.00    0.0
2014/12/27 02:20:00.000  -12.843719419  131.132739622   124.4572   5   8   4.9223   4.4292   8.0290   0.7122   2.5940   2.4948   0.00    0.0
2014/12/27 02:20:30.000  -12.843719017  131.132740017   124.6138   5   8   4.9195   4.4308   8.0374   0.7196   2.6220   2.4805   0.00    0.0
2014/12/27 02:21:00.000  -12.843717528  131.132740280   124.6857   5   8   4.9165   4.4324   8.0461   0.7266   2.6497   2.4655   0.00    0.0
2014/12/27 02:21:30.000  -12.843715729  131.132740401   124.8117   5   8   4.9134   4.4342   8.0551   0.7331   2.6772   2.4500   0.00    0.0
2014/12/27 02:22:00.000  -12.843716065  131.132740482   124.8875   5   8   4.9102   4.4359   8.0643   0.7391   2.7044   2.4340   0.00    0.0
2014/12/27 02:22:30.000  -12.843716523  131.132740100   124.8115   5   8   4.9068   4.4378   8.0739   0.7446   2.7314   2.4173   0.00    0.0
2014/12/27 02:23:00.000  -12.843717786  131.132740806   124.8530   5   8   4.9033   4.4397   8.0837   0.7497   2.7583   2.4000   0.00    0.0
2014/12/27 02:23:30.000  -12.843718063  131.132740531   124.7331   5   8   4.8997   4.4416   8.0939   0.7543   2.7849   2.3821   0.00    0.0
2014/12/27 02:24:00.000  -12.843718591  131.132740256   124.8330   5   8   4.8960   4.4436   8.1043   0.7585   2.8113   2.3636   0.00    0.0
2014/12/27 02:24:30.000  -12.843717621  131.132740628   125.0000   5   8   4.8922   4.4457   8.1151   0.7623   2.8375   2.3445   0.00    0.0
2014/12/27 02:25:00.000  -12.843717348  131.132740793   125.1313   5   8   4.8883   4.4478   8.1261   0.7656   2.8635   2.3247   0.00    0.0
2014/12/27 02:25:30.000  -12.843717100  131.132740856   125.1601   5   8   4.8842   4.4500   8.1375   0.7685   2.8894   2.3043   0.00    0.0
2014/12/27 02:26:00.000  -12.843715870  131.132741717   125.2335   5   8   4.8801   4.4522   8.1492   0.7709   2.9151   2.2832   0.00    0.0
2014/12/27 02:26:30.000  -12.843715922  131.132742320   125.3441   5   8   4.8760   4.4545   8.1611   0.7730   2.9406   2.2615   0.00    0.0
2014/12/27 02:27:00.000  -12.843716792  131.132740797   125.1503   5   8   4.8717   4.4568   8.1735   0.7746   2.9660   2.2391   0.00    0.0
2014/12/27 02:27:30.000  -12.843716704  131.132740443   125.2486   5   8   4.8674   4.4592   8.1861   0.7758   2.9913   2.2159   0.00    0.0
2014/12/27 02:28:00.000  -12.843716494  131.132740685   125.5060   5   8   4.8630   4.4616   8.1991   0.7766   3.0164   2.1921   0.00    0.0
2014/12/27 02:28:30.000  -12.843715950  131.132741550   125.6610   5   8   4.8586   4.4641   8.2123   0.7769   3.0413   2.1675   0.00    0.0
2014/12/27 02:29:00.000  -12.843715873  131.132742351   125.6414   5   8   4.8541   4.4667   8.2260   0.7769   3.0662   2.1422   0.00    0.0
2014/12/27 02:29:30.000  -12.843716729  131.132742808   125.7477   5   8   4.8496   4.4693   8.2399   0.7765   3.0909   2.1161   0.00    0.0
2014/12/27 02:30:00.000  -12.843717485  131.132742084   125.6569   5   8   4.8450   4.4719   8.2542   0.7756   3.1155   2.0892   0.00    0.0
2014/12/27 02:30:30.000  -12.843716488  131.132742233   125.7503   5   8   4.8404   4.4746   8.2689   0.7743   3.1400   2.0615   0.00    0.0
2014/12/27 02:31:00.000  -12.843715749  131.132741591   125.7443   5   8   4.8358   4.4774   8.2839   0.7726   3.1644   2.0330   0.00    0.0
2014/12/27 02:31:30.000  -12.843721735  131.132742842   126.6346   5   9   4.3787   4.4469   7.8585   1.3060   2.9520   3.0760   0.00    0.0
2014/12/27 02:32:00.000  -12.843721781  131.132742270   126.6020   5   9   4.3732   4.4496   7.8709   1.3061   2.9762   3.0608   0.00    0.0
2014/12/27 02:32:30.000  -12.843721510  131.132742678   126.7334   5   9   4.3676   4.4523   7.8837   1.3059   3.0003   3.0453   0.00    0.0
2014/12/27 02:33:00.000  -12.843721222  131.132742685   126.7840   5   9   4.3620   4.4551   7.8967   1.3055   3.0243   3.0296   0.00    0.0
2014/12/27 02:33:30.000  -12.843721430  131.132743337   126.9584   5   9   4.3564   4.4579   7.9101   1.3049   3.0482   3.0135   0.00    0.0
2014/12/27 02:34:00.000  -12.843721617  131.132743730   127.0756   5   9   4.3509   4.4608   7.9237   1.3041   3.0720   2.9971   0.00    0.0
2014/12/27 02:34:30.000  -12.843721725  131.132745036   127.2977   5   9   4.3453   4.4637   7.9377   1.3030   3.0957   2.9804   0.00    0.0
2014/12/27 02:35:00.000  -12.843722011  131.132744815   127.3472   5   9   4.3397   4.4667   7.9521   1.3017   3.1193   2.9634   0.00    0.0
2014/12/27 02:35:30.000  -12.843722081  131.132744608   127.1313   5   9   4.3342   4.4697   7.9667   1.3002   3.1428   2.9461   0.00    0.0
2014/12/27 02:36:00.000  -12.843722663  131.132744928   127.1698   5   9   4.3287   4.4728   7.9817   1.2984   3.1662   2.9285   0.00    0.0
2014/12/27 02:36:30.000  -12.843722356  131.132745663   127.2370   5   9   4.3232   4.4759   7.9971   1.2965   3.1896   2.9106   0.00    0.0
2014/12/27 02:37:00.000  -12.843721998  131.132745353   127.3257   5   9   4.3177   4.4790   8.0128   1.2943   3.2129   2.8924   0.00    0.0
2014/12/27 02:37:30.000  -12.843722325  131.132745897   127.4746   5   9   4.3123   4.4822   8.0289   1.2919   3.2361   2.8738   0.00    0.0
2014/12/27 02:38:00.000  -12.843722663  131.132746816   127.5397   5   9   4.3070   4.4855   8.0453   1.2893   3.2593   2.8550   0.00    0.0
2014/12/27 02:38:30.000  -12.843722191  131.132745818   127.5824   5   9   4.3016   4.4888   8.0621   1.2865   3.2824   2.8357   0.00    0.0
2014/12/27 02:39:00.000  -12.843722271  131.132744850   127.6471   5   9   4.2964   4.4921   8.0792   1.2834   3.3054   2.8162   0.00    0.0
2014/12/27 02:39:30.000  -12.843722631  131.132744505   127.4249   5   9   4.2912   4.4955   8.0968   1.2802   3.3284   2.7963   0.00    0.0
2014/12/27 02:40:00.000  -12.843721319  131.132744426   127.4622   5   9   4.2860   4.4990   8.1147   1.2767   3.3514   2.7761   0.00    0.0
2014/12/27 02:40:30.000  -12.843718927  131.132744688   127.9375   5   8   4.8913   4.5747   9.0827  -0.5424   2.8485   4.1425   0.00    0.0
2014/12/27 02:41:00.000  -12.843719838  131.132745779   127.8538   5   8   4.8789   4.5775   9.0948  -0.5307   2.8798   4.1176   0.00    0.0
2014/12/27 02:41:30.000  -12.843719571  131.132746043   128.0096   5   8   4.8667   4.5803   9.1074  -0.5194   2.9108   4.0925   0.00    0.0
2014/12/27 02:42:00.000  -12.843718883  131.132746051   128.1490   5   8   4.8547   4.5832   9.1205  -0.5087   2.9416   4.0673   0.00    0.0
2014/12/27 02:42:30.000  -12.843718320  131.132746081   128.3770   5   8   4.8427   4.5862   9.1341  -0.4985   2.9721   4.0419   0.00    0.0
2014/12/27 02:43:00.000  -12.843718096  131.132746109   128.2987   5   8   4.8310   4.5892   9.1481  -0.4888   3.0025   4.0164   0.00    0.0
2014/12/27 02:43:30.000  -12.843714715  131.132740187   127.0951   5   7   5.0650   5.0948  10.2983  -1.9153   4.4237   2.9326   0.00    0.0
2014/12/27 02:44:00.000  -12.843714499  131.132739830   127.1496   5   7   5.0530   5.0993  10.3377  -1.9126   4.4603   2.8852   0.00    0.0
2014/12/27 02:44:30.000  -12.843715280  131.132740575   127.1273   5   7   5.0412   5.1039  10.3779  -1.9103   4.4970   2.8367   0.00    0.0
2014/12/27 02:45:00.000  -12.843715090  131.132740960   127.2516   5   7   5.0298   5.1086  10.4190  -1.9085   4.5337   2.7870   0.00    0.0
2014/12/27 02:45:30.000  -12.843715317  131.132741105   127.5241   5   7   5.0185   5.1135  10.4610  -1.9071   4.5705   2.7361   0.00    0.0
2014/12/27 02:46:00.000  -12.843715917  131.132740533   127.5737   5   7   5.0076   5.1185  10.5039  -1.9062   4.6074   2.6838   0.00    0.0
2014/12/27 02:46:30.000  -12.843716878  131.132739004   127.2972   5   7   4.9969   5.1236  10.5478  -1.9058   4.6444   2.6301   0.00    0.0
2014/12/27 02:47:00.000  -12.843717258  131.132738502   126.9822   5   7   4.9865   5.1289  10.5926  -1.9058   4.6815   2.5748   0.00    0.0
2014/12/27 02:47:30.000  -12.843717533  131.132737864   127.0062   5   7   4.9764   5.1343  10.6383  -1.9062   4.7187   2.5179   0.00    0.0
2014/12/27 02:48:00.000  -12.843717540  131.132737313   127.0182   5   7   4.9666   5.1399  10.6851  -1.9071   4.7561   2.4592   0.00    0.0
2014/12/27 02:48:30.000  -12.843717942  131.132737575   126.9230   5   7   4.9571   5.1456  10.7328  -1.9085   4.7935   2.3986   0.00    0.0
2014/12/27 02:49:00.000  -12.843717477  131.132739590   127.0488   5   7   4.9478   5.1514  10.7815  -1.9102   4.8312   2.3358   0.00    0.0
2014/12/27 02:49:30.000  -12.843716017  131.132740213   127.5166   5   7   4.9389   5.1574  10.8312  -1.9124   4.8689   2.2708   0.00    0.0
2014/12/27 02:50:00.000  -12.843714511  131.132741146   127.9022   5   7   4.9303   5.1635  10.8820  -1.9151   4.9068   2.2032   0.00    0.0
2014/12/27 02:50:30.000  -12.843714813  131.132741250   127.9093   5   7   4.9219   5.1697  10.9338  -1.9181   4.9449   2.1328   0.00    0.0
2014/12/27 02:51:00.000  -12.843714384  131.132741128   127.9600   5   7   4.9139   5.1761  10.9867  -1.9216   4.9832   2.0593   0.00    0.0
2014/12/27 02:51:30.000  -12.843714395  131.132739816   127.7391   5   7   4.9062   5.1826  11.0406  -1.9255   5.0216   1.9824   0.00    0.0
2014/12/27 02:52:00.000  -12.843714512  131.132739199   127.5619   5   7   4.8988   5.1892  11.0957  -1.9298   5.0603   1.9015   0.00    0.0
2014/12/27 02:52:30.000  -12.843714580  131.132739887   127.6157   5   7   4.8918   5.1960  11.1518  -1.9346   5.0991   1.8161   0.00    0.0
2014/12/27 02:53:00.000  -12.843714602  131.132739412   127.7310   5   7   4.8850   5.2029  11.2090  -1.9397   5.1381   1.7255   0.00    0.0
2014/12/27 02:53:30.000  -12.843714638  131.132740095   127.7239   5   7   4.8786   5.2099  11.2674  -1.9453   5.1773   1.6288   0.00    0.0
2014/12/27 02:54:00.000  -12.843714335  131.132740748   127.7989   5   7   4.8724   5.2171  11.3269  -1.9512   5.2168   1.5248   0.00    0.0
2014/12/27 02:54:30.000  -12.843714948  131.132736651   127.0828   5   8   4.8641   4.2194   8.9574  -2.0786   2.4428   0.9375   0.00    0.0
2014/12/27 02:55:00.000  -12.843714170  131.132737480   127.4188   5   8   4.8587   4.2201   8.9911  -2.0827   2.4759   0.7483   0.00    0.0
2014/12/27 02:55:30.000  -12.843713380  131.132737079   127.4005   5   8   4.8537   4.2209   9.0257  -2.0870   2.5088   0.4883   0.00    0.0
2014/12/27 02:56:00.000  -12.843713316  131.132736316   126.9189   5   8   4.8490   4.2218   9.0611  -2.0915   2.5416  -0.2925   0.00    0.0
2014/12/27 02:56:30.000  -12.843713384  131.132735716   126.9969   5   8   4.8447   4.2228   9.0975  -2.0963   2.5743  -0.6421   0.00    0.0
2014/12/27 02:57:00.000  -12.843713028  131.132736791   127.1964   5   8   4.8406   4.2238   9.1347  -2.1013   2.6068  -0.8612   0.00    0.0
2014/12/27 02:57:30.000  -12.843712665  131.132736785   127.2747   5   8   4.8370   4.2250   9.1729  -2.1065   2.6393  -1.0364   0.00    0.0
2014/12/27 02:58:00.000  -12.843713424  131.132735403   127.2241   5   8   4.8336   4.2262   9.2120  -2.1119   2.6717  -1.1872   0.00    0.0
2014/12/27 02:58:30.000  -12.843714150  131.132735759   127.2460   5   8   4.8306   4.2275   9.2520  -2.1175   2.7041  -1.3221   0.00    0.0
2014/12/27 02:59:00.000  -12.843714221  131.132735857   127.1537   5   8   4.8280   4.2288   9.2930  -2.1234   2.7363  -1.4456   0.00    0.0
2014/12/27 02:59:30.000  -12.843714210  131.132737322   127.4314   5   8   4.8257   4.2303   9.3349  -2.1294   2.7685  -1.5605   0.00    0.0
2014/12/27 03:00:00.000  -12.843714349  131.132737285   127.2627   5   8   4.8237   4.2318   9.3777  -2.1356   2.8007  -1.6685   0.00    0.0
2014/12/27 03:00:30.000  -12.843713442  131.132736804   127.2047   5   8   4.8221   4.2334   9.4216  -2.1420   2.8328  -1.7710   0.00    0.0
2014/12/27 03:01:00.000  -12.843714144  131.132737603   127.4681   5   8   4.8208   4.2350   9.4664  -2.1487   2.8650  -1.8689   0.00    0.0
2014/12/27 03:01:30.000  -12.843714304  131.132737800   127.6901   5   8   4.8199   4.2367   9.5122  -2.1555   2.8970  -1.9630   0.00    0.0
2014/12/27 03:02:00.000  -12.843714367  131.132738712   127.6923   5   8   4.8193   4.2385   9.5590  -2.1625   2.9291  -2.0537   0.00    0.0
2014/12/27 03:02:30.000  -12.843713773  131.132738424   127.5212   5   8   4.8191   4.2404   9.6068  -2.1697   2.9612  -2.1416   0.00    0.0
2014/12/27 03:03:00.000  -12.843712716  131.132737784   127.2334   5   8   4.8192   4.2423   9.6557  -2.1770   2.9932  -2.2270   0.00    0.0
2014/12/27 03:03:30.000  -12.843713024  131.132737362   127.2830   5   8   4.8196   4.2444   9.7056  -2.1846   3.0253  -2.3103   0.00    0.0
2014/12/27 03:04:00.000  -12.843713040  131.132736958   127.1312   5   8   4.8205   4.2464   9.7565  -2.1923   3.0574  -2.3916   0.00    0.0
2014/12/27 03:04:30.000  -12.843712848  131.132736981   127.3296   5   8   4.8216   4.2486   9.8084  -2.2002   3.0894  -2.4712   0.00    0.0
2014/12/27 03:05:00.000  -12.843712728  131.132737771   127.3965   5   8   4.8231   4.2508   9.8614  -2.2082   3.1215  -2.5494   0.00    0.0
2014/12/27 03:05:30.000  -12.843714159  131.132736333   127.1964   5   8   4.8250   4.2530   9.9155  -2.2165   3.1537  -2.6262   0.00    0.0
2014/12/27 03:06:00.000  -12.843715253  131.132735649   127.3180   5   8   4.8272   4.2554   9.9707  -2.2248   3.1858  -2.7017   0.00    0.0
2014/12/27 03:06:30.000  -12.843715980  131.132735740   127.3397   5   8   4.8298   4.2578  10.0269  -2.2334   3.2179  -2.7763   0.00    0.0
2014/12/27 03:07:00.000  -12.843715530  131.132735558   127.1290   5   8   4.8328   4.2602  10.0842  -2.2421   3.2501  -2.8498   0.00    0.0
2014/12/27 03:07:30.000  -12.843714828  131.132736357   127.2485   5   8   4.8360   4.2627  10.1426  -2.2509   3.2823  -2.9225   0.00    0.0
2014/12/27 03:08:00.000  -12.843712815  131.132736856   127.3043   5   8   4.8397   4.2653  10.2022  -2.2599   3.3146  -2.9944   0.00    0.0
2014/12/27 03:08:30.000  -12.843712395  131.132737096   127.4371   5   8   4.8437   4.2679  10.2628  -2.2690   3.3469  -3.0656   0.00    0.0
2014/12/27 03:09:00.000  -12.843711486  131.132735866   127.5430   5   8   4.8480   4.2706  10.3246  -2.2782   3.3792  -3.1362   0.00    0.0
2014/12/27 03:09:30.000  -12.843711559  131.132736308   127.7293   5   8   4.8527   4.2733  10.3875  -2.2876   3.4115  -3.2062   0.00    0.0
2014/12/27 03:10:00.000  -12.843712074  131.132735764   127.9152   5   8   4.8577   4.2760  10.4515  -2.2971   3.4438  -3.2757   0.00    0.0
2014/12/27 03:10:30.000  -12.843712668  131.132736340   128.0177   5   8   4.8631   4.2789  10.5167  -2.3068   3.4762  -3.3447   0.00    0.0
2014/12/27 03:11:00.000  -12.843712514  131.132736514   127.9823   5   8   4.8689   4.2817  10.5830  -2.3165   3.5086  -3.4134   0.00    0.0
2014/12/27 03:11:30.000  -12.843712518  131.132736714   128.0825   5   8   4.8750   4.2846  10.6504  -2.3264   3.5410  -3.4817   0.00    0.0
2014/12/27 03:12:00.000  -12.843713216  131.132736543   128.1452   5   8   4.8814   4.2876  10.7190  -2.3363   3.5735  -3.5497   0.00    0.0
2014/12/27 03:12:30.000  -12.843713776  131.132737070   128.2517   5   8   4.8882   4.2906  10.7888  -2.3464   3.6059  -3.6173   0.00    0.0
2014/12/27 03:13:00.000  -12.843713854  131.132736702   128.2884   5   8   4.8953   4.2936  10.8597  -2.3565   3.6384  -3.6848   0.00    0.0
2014/12/27 03:13:30.000  -12.843712582  131.132735751   128.2041   5   8   4.9028   4.2966  10.9317  -2.3668   3.6708  -3.7520   0.00    0.0
2014/12/27 03:14:00.000  -12.843713075  131.132735525   128.0757   5   8   4.9106   4.2997  11.0049  -2.3771   3.7033  -3.8190   0.00    0.0
2014/12/27 03:14:30.000  -12.843713467  131.132735705   128.0998   5   8   4.9188   4.3028  11.0793  -2.3874   3.7357  -3.8859   0.00    0.0
2014/12/27 03:15:00.000  -12.843713151  131.132734395   128.0174   5   8   4.9272   4.3060  11.1548  -2.3979   3.7682  -3.9526   0.00    0.0
2014/12/27 03:15:30.000  -12.843714028  131.132734683   128.4890   5   8   4.9361   4.3091  11.2315  -2.4084   3.8006  -4.0192   0.00    0.0
2014/12/27 03:16:00.000  -12.843713746  131.132734596   128.4076   5   8   4.9452   4.3123  11.3093  -2.4189   3.8329  -4.0857   0.00    0.0
2014/12/27 03:16:30.000  -12.843717890  131.132731522   126.8426   5   9   4.7895   4.2165  10.6006  -2.6587   3.3340  -4.7454   0.00    0.0
2014/12/27 03:17:00.000  -12.843718259  131.132731873   126.9595   5   9   4.7994   4.2198  10.6885  -2.6685   3.3720  -4.8031   0.00    0.0
2014/12/27 03:17:30.000  -12.843718962  131.132733092   127.0501   5   9   4.8096   4.2231  10.7778  -2.6783   3.4100  -4.8611   0.00    0.0
2014/12/27 03:18:00.000  -12.843718840  131.132732895   126.9221   5   9   4.8200   4.2264  10.8684  -2.6882   3.4480  -4.9192   0.00    0.0
2014/12/27 03:18:30.000  -12.843719236  131.132732202   127.3512   5   9   4.8307   4.2298  10.9603  -2.6982   3.4860  -4.9776   0.00    0.0
2014/12/27 03:19:00.000  -12.843719695  131.132731491   127.5191   5   9   4.8415   4.2332  11.0536  -2.7082   3.5239  -5.0361   0.00    0.0
2014/12/27 03:19:30.000  -12.843719704  131.132731902   127.5167   5   9   4.8526   4.2367  11.1482  -2.7182   3.5618  -5.0948   0.00    0.0
2014/12/27 03:20:00.000  -12.843719865  131.132731679   127.3978   5   9   4.8638   4.2401  11.2442  -2.7282   3.5996  -5.1536   0.00    0.0
2014/12/27 03:20:30.000  -12.843720020  131.132731591   127.6268   5   9   4.8752   4.2436  11.3414  -2.7382   3.6374  -5.2126   0.00    0.0
2014/12/27 03:21:00.000  -12.843719123  131.132731824   127.7580   5   9   4.8868   4.2471  11.4400  -2.7481   3.6750  -5.2717   0.00    0.0
2014/12/27 03:21:30.000  -12.843719176  131.132732627   128.2523   5   9   4.8985   4.2506  11.5398  -2.7581   3.7126  -5.3309   0.00    0.0
2014/12/27 03:22:00.000  -12.843719721  131.132733892   128.6207   5   9   4.9104   4.2541  11.6408  -2.7680   3.7500  -5.3902   0.00    0.0
2014/12/27 03:22:30.000  -12.843720438  131.132733278   128.7719   5   9   4.9224   4.2576  11.7430  -2.7778   3.7872  -5.4496   0.00    0.0
2014/12/27 03:23:00.000  -12.843721195  131.132733050   129.0492   5   9   4.9345   4.2611  11.8464  -2.7876   3.8243  -5.5090   0.00    0.0
2014/12/27 03:23:30.000  -12.843721544  131.132733370   129.0159   5   9   4.9468   4.2645  11.9510  -2.7973   3.8612  -5.5684   0.00    0.0
2014/12/27 03:24:00.000  -12.843721724  131.132734180   128.9426   5   9   4.9591   4.2680  12.0566  -2.8069   3.8979  -5.6279   0.00    0.0
2014/12/27 03:24:30.000  -12.843721619  131.132733246   128.6892   5   9   4.9715   4.2714  12.1633  -2.8164   3.9344  -5.6873   0.00    0.0
2014/12/27 03:25:00.000  -12.843721762  131.132732127   128.4666   5   9   4.9839   4.2748  12.2710  -2.8258   3.9705  -5.7466   0.00    0.0
2014/12/27 03:25:30.000  -12.843721255  131.132731231   128.7067   5   9   4.9964   4.2782  12.3796  -2.8350   4.0064  -5.8058   0.00    0.0
2014/12/27 03:26:00.000  -12.843721126  131.132731751   129.0779   5   9   5.0088   4.2816  12.4891  -2.8441   4.0420  -5.8648   0.00    0.0
2014/12/27 03:26:30.000  -12.843721653  131.132731669   129.2930   5   9   5.0213   4.2849  12.5995  -2.8529   4.0772  -5.9237   0.00    0.0
2014/12/27 03:27:00.000  -12.843722248  131.132731394   129.2575   5   9   5.0337   4.2881  12.7106  -2.8616   4.1120  -5.9823   0.00    0.0
2014/12/27 03:27:30.000  -12.843722868  131.132732002   129.7633   5   9   5.0460   4.2913  12.8224  -2.8701   4.1463  -6.0407   0.00    0.0
2014/12/27 03:28:00.000  -12.843724481  131.132732029   130.4257   5   9   5.0583   4.2944  12.9347  -2.8783   4.1802  -6.0987   0.00    0.0
2014/12/27 03:28:30.000  -12.843725569  131.132732681   131.1013   5   9   5.0705   4.2974  13.0476  -2.8862   4.2136  -6.1563   0.00    0.0
2014/12/27 03:29:00.000  -12.843725267  131.132732198   130.9616   5   9   5.0825   4.3004  13.1609  -2.8939   4.2464  -6.2135   0.00    0.0
2014/12/27 03:29:30.000  -12.843726181  131.132732039   131.0344   5   9   5.0944   4.3033  13.2746  -2.9012   4.2786  -6.2702   0.00    0.0
2014/12/27 03:30:00.000  -12.843726233  131.132732416   131.2708   5   9   5.1060   4.3060  13.3884  -2.9082   4.3102  -6.3264   0.00    0.0
2014/12/27 03:30:30.000  -12.843727005  131.132731814   131.4401   5   9   5.1175   4.3087  13.5024  -2.9149   4.3411  -6.3819   0.00    0.0
2014/12/27 03:31:00.000  -12.843727041  131.132731011   131.5980   5   9   5.1287   4.3113  13.6164  -2.9212   4.3712  -6.4367   0.00    0.0
2014/12/27 03:31:30.000  -12.843726864  131.132730918   131.7715   5   9   5.1396   4.3137  13.7302  -2.9270   4.4006  -6.4907   0.00    0.0
2014/12/27 03:32:00.000  -12.843714702  131.132736942   126.1561   5   8   5.6982   4.4429  17.0704  -2.4554   3.0147  -8.1960   0.00    0.0
2014/12/27 03:32:30.000  -12.843713533  131.132736314   125.6815   5   8   5.7354   4.4401  17.3135  -2.4581   3.0457  -8.3159   0.00    0.0
2014/12/27 03:33:00.000  -12.843713893  131.132736629   125.8728   5   8   5.7732   4.4374  17.5612  -2.4605   3.0756  -8.4372   0.00    0.0
2014/12/27 03:33:30.000  -12.843713677  131.132737828   126.1123   5   8   5.8116   4.4346  17.8133  -2.4625   3.1043  -8.5598   0.00    0.0
2014/12/27 03:34:00.000  -12.843714049  131.132738598   126.2396   5   8   5.8506   4.4318  18.0699  -2.4641   3.1318  -8.6838   0.00    0.0
2014/12/27 03:34:30.000  -12.843715265  131.132738497   126.3331   5   8   5.8900   4.4290  18.3307  -2.4653   3.1579  -8.8089   0.00    0.0
2014/12/27 03:35:00.000  -12.843714975  131.132738516   126.1947   5   8   5.9298   4.4263  18.5958  -2.4660   3.1825  -8.9352   0.00    0.0
2014/12/27 03:35:30.000  -12.843715661  131.132739353   126.7916   5   8   5.9701   4.4235  18.8648  -2.4662   3.2055  -9.0624   0.00    0.0
2014/12/27 03:36:00.000  -12.843714593  131.132739400   126.7202   5   8   6.0107   4.4207  19.1375  -2.4657   3.2267  -9.1906   0.00    0.0
2014/12/27 03:36:30.000  -12.843713147  131.132739262   126.3662   5   8   6.0515   4.4179  19.4139  -2.4647   3.2462  -9.3194   0.00    0.0
2014/12/27 03:37:00.000  -12.843713689  131.132739976   126.5887   5   8   6.0925   4.4151  19.6935  -2.4629   3.2636  -9.4489   0.00    0.0
2014/12/27 03:37:30.000  -12.843713803  131.132740289   126.4751   5   8   6.1336   4.4123  19.9761  -2.4604   3.2789  -9.5787   0.00    0.0
2014/12/27 03:38:00.000  -12.843713156  131.132740161   126.3360   5   8   6.1747   4.4094  20.2613  -2.4571   3.2918  -9.7087   0.00    0.0
2014/12/27 03:38:30.000  -12.843713473  131.132739406   126.7238   5   8   6.2157   4.4066  20.5487  -2.4529   3.3023  -9.8386   0.00    0.0
2014/12/27 03:39:00.000  -12.843713901  131.132739518   127.0916   5   8   6.2565   4.4037  20.8378  -2.4477   3.3101  -9.9682   0.00    0.0
2014/12/27 03:39:30.000  -12.843715286  131.132739127   127.3593   5   8   6.2969   4.4009  21.1282  -2.4416   3.3150 -10.0973   0.00    0.0
2014/12/27 03:40:00.000  -12.843715384  131.132739024   127.1142   5   8   6.3369   4.3980  21.4193  -2.4343   3.3167 -10.2255   0.00    0.0
2014/12/27 03:40:30.000  -12.843716047  131.132739519   127.1760   5   8   6.3762   4.3951  21.7105  -2.4259   3.3152 -10.3526   0.00    0.0
2014/12/27 03:41:00.000  -12.843715311  131.132739081   127.0899   5   8   6.4148   4.3922  22.0011  -2.4163   3.3101 -10.4781   0.00    0.0
2014/12/27 03:41:30.000  -12.843714738  131.132738997   127.0027   5   8   6.4524   4.3892  22.2904  -2.4054   3.3012 -10.6017   0.00    0.0
2014/12/27 03:42:00.000  -12.843714445  131.132738488   126.7523   5   8   6.4890   4.3863  22.5777  -2.3931   3.2883 -10.7230   0.00    0.0
2014/12/27 03:42:30.000  -12.843715083  131.132738373   126.5614   5   8   6.5242   4.3834  22.8620  -2.3794   3.2710 -10.8416   0.00    0.0
2014/12/27 03:43:00.000  -12.843716449  131.132738932   127.3831   5   8   6.5580   4.3805  23.1425  -2.3641   3.2491 -10.9571   0.00    0.0
2014/12/27 03:43:30.000  -12.843715984  131.132738790   127.6474   5   8   6.5900   4.3776  23.4183  -2.3472   3.2222 -11.0689   0.00    0.0
2014/12/27 03:44:00.000  -12.843715326  131.132738253   127.5001   5   8   6.6202   4.3748  23.6883  -2.3286   3.1902 -11.1767   0.00    0.0
2014/12/27 03:44:30.000  -12.843716164  131.132736868   127.6264   5   8   6.6483   4.3719  23.9516  -2.3083   3.1525 -11.2799   0.00    0.0
2014/12/27 03:45:00.000  -12.843717023  131.132738274   128.3419   5   8   6.6742   4.3692  24.2071  -2.2862   3.1090 -11.3779   0.00    0.0
2014/12/27 03:45:30.000  -12.843718338  131.132738892   128.5699   5   8   6.6975   4.3664  24.4537  -2.2622   3.0592 -11.4704   0.00    0.0
2014/12/27 03:46:00.000  -12.843718700  131.132739089   128.2985   5   8   6.7181   4.3638  24.6903  -2.2364   3.0028 -11.5568   0.00    0.0
2014/12/27 03:46:30.000  -12.843719208  131.132738532   127.9095   5   8   6.7358   4.3612  24.9159  -2.2085   2.9394 -11.6366   0.00    0.0
2014/12/27 03:47:00.000  -12.843720439  131.132739158   128.6698   5   8   6.7504   4.3587  25.1292  -2.1787   2.8684 -11.7093   0.00    0.0
2014/12/27 03:47:30.000  -12.843720538  131.132738941   129.1937   5   8   6.7617   4.3564  25.3292  -2.1469   2.7895 -11.7744   0.00    0.0
2014/12/27 03:48:00.000  -12.843720466  131.132739165   129.5969   5   8   6.7696   4.3541  25.5150  -2.1130   2.7020 -11.8314   0.00    0.0
2014/12/27 03:48:30.000  -12.843720251  131.132738933   129.4211   5   8   6.7739   4.3520  25.6855  -2.0771   2.6054 -11.8801   0.00    0.0
2014/12/27 03:49:00.000  -12.843720731  131.132739325   129.4465   5   8   6.7745   4.3501  25.8398  -2.0392   2.4988 -11.9199   0.00    0.0
2014/12/27 03:49:30.000  -12.843719831  131.132738743   129.0960   5   8   6.7712   4.3483  25.9771  -1.9993   2.3814 -11.9505   0.00    0.0
2014/12/27 03:50:00.000  -12.843718234  131.132738708   128.6304   5   8   6.7640   4.3467  26.0965  -1.9574   2.2518 -11.9718   0.00    0.0
2014/12/27 03:50:30.000  -12.843719808  131.132738473   128.9654   5   8   6.7529   4.3453  26.1975  -1.9137   2.1085 -11.9833   0.00    0.0
2014/12/27 03:51:00.000  -12.843720809  131.132738825   128.9212   5   8   6.7378   4.3441  26.2796  -1.8680   1.9491 -11.9850   0.00    0.0
2014/12/27 03:51:30.000  -12.843722396  131.132739209   129.5773   5   8   6.7187   4.3432  26.3423  -1.8206   1.7701 -11.9767   0.00    0.0
2014/12/27 03:52:00.000  -12.843723745  131.132739157   130.1156   5   8   6.6956   4.3425  26.3853  -1.7715   1.5659 -11.9584   0.00    0.0
2014/12/27 03:52:30.000  -12.843724008  131.132739549   130.3371   5   8   6.6686   4.3420  26.4086  -1.7208   1.3261 -11.9302   0.00    0.0
2014/12/27 03:53:00.000  -12.843723008  131.132738930   130.0806   5   8   6.6379   4.3418  26.4122  -1.6686   1.0277 -11.8921   0.00    0.0
2014/12/27 03:53:30.000  -12.843721327  131.132738461   129.4570   5   8   6.6035   4.3418  26.3961  -1.6150   0.5905 -11.8443   0.00    0.0
2014/12/27 03:54:00.000  -12.843721370  131.132737925   129.6807   5   8   6.5656   4.3421  26.3607  -1.5600  -0.6003 -11.7870   0.00    0.0
2014/12/27 03:54:30.000  -12.843721617  131.132737472   130.0122   5   8   6.5243   4.3426  26.3064  -1.5039  -1.0333 -11.7206   0.00    0.0
2014/12/27 03:55:00.000  -12.843722219  131.132738021   130.4236   5   8   6.4799   4.3435  26.2336  -1.4467  -1.3303 -11.6452   0.00    0.0
2014/12/27 03:55:30.000  -12.843723009  131.132738931   130.3969   5   8   6.4325   4.3445  26.1431  -1.3886  -1.5695 -11.5614   0.00    0.0
2014/12/27 03:56:00.000  -12.843724735  131.132738836   130.5827   5   8   6.3824   4.3459  26.0356  -1.3295  -1.7735 -11.4695   0.00    0.0
2014/12/27 03:56:30.000  -12.843726352  131.132738912   131.1895   5   8   6.3299   4.3475  25.9118  -1.2697  -1.9526 -11.3700   0.00    0.0
2014/12/27 03:57:00.000  -12.843729044  131.132739990   132.2219   5   8   6.2751   4.3493  25.7728  -1.2091  -2.1127 -11.2634   0.00    0.0
2014/12/27 03:57:30.000  -12.843729392  131.132739203   132.0407   5   8   6.2184   4.3514  25.6193  -1.1480  -2.2572 -11.1503   0.00    0.0
2014/12/27 03:58:00.000  -12.843729018  131.132738503   131.8428   5   8   6.1600   4.3537  25.4525  -1.0862  -2.3885 -11.0310   0.00    0.0
2014/12/27 03:58:30.000  -12.843728576  131.132738272   131.6859   5   8   6.1002   4.3562  25.2733  -1.0238  -2.5085 -10.9063   0.00    0.0
2014/12/27 03:59:00.000  -12.843728388  131.132738564   131.7588   5   8   6.0391   4.3589  25.0828  -0.9608  -2.6183 -10.7765   0.00    0.0
2014/12/27 03:59:30.000  -12.843727717  131.132739142   131.4341   5   8   5.9771   4.3618  24.8820  -0.8972  -2.7189 -10.6423   0.00    0.0
2014/12/27 04:00:00.000  -12.843730114  131.132739154   131.8858   5   8   6.0096   4.3729  24.7599  -0.6426  -2.9073 -10.6094   0.00    0.0
2014/12/27 04:00:30.000  -12.843732043  131.132738380   132.6752   5   8   5.9482   4.3765  24.5453  -0.5488  -2.9929 -10.4714   0.00    0.0
2014/12/27 04:01:00.000  -12.843732730  131.132738601   132.9441   5   8   5.8866   4.3803  24.3233  -0.4429  -3.0715 -10.3304   0.00    0.0
2014/12/27 04:01:30.000  -12.843732629  131.132737799   133.1293   5   8   5.8247   4.3842  24.0948  -0.3130  -3.1437 -10.1868   0.00    0.0
2014/12/27 04:02:00.000  -12.843731495  131.132736754   133.0444   5   8   5.7629   4.3883  23.8607  -0.0804  -3.2100 -10.0410   0.00    0.0
2014/12/27 04:02:30.000  -12.843730668  131.132736889   133.0235   5   8   5.7013   4.3926  23.6220   0.2803  -3.2706  -9.8935   0.00    0.0
2014/12/27 04:03:00.000  -12.843730739  131.132736508   133.0447   5   8   5.6401   4.3970  23.3794   0.3967  -3.3261  -9.7447   0.00    0.0
2014/12/27 04:03:30.000  -12.843730877  131.132737341   132.6384   5   8   5.5794   4.4015  23.1338   0.4796  -3.3767  -9.5949   0.00    0.0
2014/12/27 04:04:00.000  -12.843732716  131.132737802   133.0023   5   8   5.5193   4.4061  22.8858   0.5448  -3.4227  -9.4445   0.00    0.0
2014/12/27 04:04:30.000  -12.843733955  131.132737705   133.3521   5   8   5.4600   4.4108  22.6361   0.5984  -3.4645  -9.2938   0.00    0.0
2014/12/27 04:05:00.000  -12.843735050  131.132737785   133.4896   5   8   5.4016   4.4156  22.3855   0.6434  -3.5022  -9.1430   0.00    0.0
2014/12/27 04:05:30.000  -12.843734336  131.132738039   133.3776   5   8   5.3442   4.4206  22.1343   0.6817  -3.5362  -8.9926   0.00    0.0
2014/12/27 04:06:00.000  -12.843733277  131.132742410   131.1583   5   7   5.2974   5.2602  29.2914   1.1895  -8.2511  -9.1860   0.00    0.0
2014/12/27 04:06:30.000  -12.843732215  131.132741960   130.4473   5   7   5.2409   5.2733  29.1103   1.1817  -8.2837  -9.0180   0.00    0.0
2014/12/27 04:07:00.000  -12.843732337  131.132741987   129.5076   5   7   5.1856   5.2860  28.9185   1.1687  -8.3103  -8.8472   0.00    0.0
2014/12/27 04:07:30.000  -12.843732790  131.132742071   129.7151   5   7   5.1315   5.2980  28.7168   1.1506  -8.3313  -8.6740   0.00    0.0
2014/12/27 04:08:00.000  -12.843733179  131.132741348   130.3846   5   7   5.0788   5.3095  28.5060   1.1277  -8.3467  -8.4988   0.00    0.0
2014/12/27 04:08:30.000  -12.843733542  131.132741979   130.2802   5   7   5.0274   5.3203  28.2870   1.1001  -8.3570  -8.3217   0.00    0.0
2014/12/27 04:09:00.000  -12.843733995  131.132741944   130.6208   5   7   4.9775   5.3306  28.0605   1.0678  -8.3623  -8.1432   0.00    0.0
2014/12/27 04:09:30.000  -12.843734929  131.132742034   130.4418   5   7   4.9292   5.3402  27.8272   1.0310  -8.3628  -7.9635   0.00    0.0
2014/12/27 04:10:00.000  -12.843735379  131.132741703   130.9328   5   7   4.8824   5.3493  27.5880   0.9894  -8.3589  -7.7829   0.00    0.0
2014/12/27 04:10:30.000  -12.843736133  131.132741017   130.9412   5   7   4.8372   5.3577  27.3435   0.9431  -8.3508  -7.6016   0.00    0.0
2014/12/27 04:11:00.000  -12.843736312  131.132741683   129.9922   5   7   4.7937   5.3656  27.0945   0.8917  -8.3387  -7.4199   0.00    0.0
2014/12/27 04:11:30.000  -12.843735437  131.132742796   130.0631   5   7   4.7518   5.3729  26.8417   0.8347  -8.3229  -7.2381   0.00    0.0
2014/12/27 04:12:00.000  -12.843735772  131.132742832   130.1135   5   7   4.7115   5.3797  26.5856   0.7714  -8.3036  -7.0562   0.00    0.0
2014/12/27 04:12:30.000  -12.843735987  131.132741791   130.3929   5   7   4.6730   5.3859  26.3270   0.7006  -8.2811  -6.8744   0.00    0.0
2014/12/27 04:13:00.000  -12.843735831  131.132741870   130.9962   5   7   4.6361   5.3916  26.0663   0.6202  -8.2555  -6.6930   0.00    0.0
2014/12/27 04:13:30.000  -12.843736313  131.132741569   131.3206   5   7   4.6008   5.3968  25.8041   0.5263  -8.2271  -6.5120   0.00    0.0
2014/12/27 04:14:00.000  -12.843737213  131.132741505   130.7823   5   7   4.5671   5.4016  25.5409   0.4107  -8.1961  -6.3316   0.00    0.0
2014/12/27 04:14:30.000  -12.843737974  131.132741799   131.2586   5   7   4.5351   5.4059  25.2772   0.2449  -8.1628  -6.1518   0.00    0.0
2014/12/27 04:15:00.000  -12.843739151  131.132740557   131.5738   5   7   4.5046   5.4098  25.0135  -0.2204  -8.1272  -5.9727   0.00    0.0
2014/12/27 04:15:30.000  -12.843739864  131.132740017   131.6775   5   7   4.4757   5.4133  24.7501  -0.3956  -8.0896  -5.7943   0.00    0.0
2014/12/27 04:16:00.000  -12.843739906  131.132738820   132.7037   5   7   4.4482   5.4164  24.4874  -0.5134  -8.0502  -5.6168   0.00    0.0
2014/12/27 04:16:30.000  -12.843740001  131.132738836   132.7798   5   7   4.4222   5.4192  24.2258  -0.6077  -8.0091  -5.4400   0.00    0.0
2014/12/27 04:17:00.000  -12.843739138  131.132739905   133.0165   5   7   4.3977   5.4217  23.9655  -0.6881  -7.9665  -5.2639   0.00    0.0
2014/12/27 04:17:30.000  -12.843738451  131.132740084   133.1606   5   7   4.3745   5.4239  23.7069  -0.7588  -7.9225  -5.0886   0.00    0.0
2014/12/27 04:18:00.000  -12.843739610  131.132739129   132.4509   5   7   4.3527   5.4258  23.4502  -0.8222  -7.8773  -4.9140   0.00    0.0
2014/12/27 04:18:30.000  -12.843739632  131.132738985   132.4240   5   7   4.3321   5.4274  23.1956  -0.8798  -7.8311  -4.7399   0.00    0.0
2014/12/27 04:19:00.000  -12.843738924  131.132739106   131.8958   5   7   4.3128   5.4289  22.9433  -0.9326  -7.7838  -4.5663   0.00    0.0
2014/12/27 04:19:30.000  -12.843739284  131.132740024   131.0561   5   7   4.2946   5.4301  22.6936  -0.9812  -7.7356  -4.3931   0.00    0.0
2014/12/27 04:20:00.000  -12.843739353  131.132739817   131.8818   5   7   4.2777   5.4312  22.4466  -1.0262  -7.6868  -4.2200   0.00    0.0
2014/12/27 04:20:30.000  -12.843739626  131.132739278   133.0439   5   7   4.2618   5.4321  22.2024  -1.0680  -7.6372  -4.0469   0.00    0.0
2014/12/27 04:21:00.000  -12.843740242  131.132739399   133.2775   5   7   4.2470   5.4328  21.9612  -1.1070  -7.5871  -3.8735   0.00    0.0
2014/12/27 04:21:30.000  -12.843741286  131.132738000   133.1809   5   7   4.2332   5.4335  21.7230  -1.1433  -7.5365  -3.6996   0.00    0.0
2014/12/27 04:22:00.000  -12.843742737  131.132738208   132.9973   5   7   4.2203   5.4340  21.4880  -1.1773  -7.4855  -3.5247   0.00    0.0
2014/12/27 04:22:30.000  -12.843743767  131.132738142   133.1010   5   7   4.2084   5.4344  21.2562  -1.2091  -7.4342  -3.3485   0.00    0.0
2014/12/27 04:23:00.000  -12.843743638  131.132736081   133.9738   5   7   4.1974   5.4348  21.0276  -1.2388  -7.3827  -3.1705   0.00    0.0
2014/12/27 04:23:30.000  -12.843743539  131.132735300   134.2114   5   7   4.1872   5.4351  20.8025  -1.2667  -7.3309  -2.9899   0.00    0.0
2014/12/27 04:24:00.000  -12.843744217  131.132736054   133.9068   5   7   4.1779   5.4354  20.5807  -1.2928  -7.2790  -2.8061   0.00    0.0
2014/12/27 04:24:30.000  -12.843744734  131.132737605   133.9633   5   7   4.1693   5.4356  20.3623  -1.3172  -7.2270  -2.6179   0.00    0.0
2014/12/27 04:25:00.000  -12.843744848  131.132737570   134.0006   5   7   4.1614   5.4359  20.1473  -1.3401  -7.1749  -2.4240   0.00    0.0
2014/12/27 04:25:30.000  -12.843744413  131.132738073   133.7537   5   7   4.1542   5.4361  19.9358  -1.3614  -7.1229  -2.2226   0.00    0.0
2014/12/27 04:26:00.000  -12.843744352  131.132737830   134.1480   5   7   4.1477   5.4363  19.7277  -1.3814  -7.0709  -2.0108   0.00    0.0
2014/12/27 04:26:30.000  -12.843745106  131.132737610   134.0500   5   7   4.1418   5.4366  19.5231  -1.4001  -7.0189  -1.7847   0.00    0.0
2014/12/27 04:27:00.000  -12.843745347  131.132737989   133.6205   5   7   4.1366   5.4369  19.3219  -1.4175  -6.9671  -1.5373   0.00    0.0
2014/12/27 04:27:30.000  -12.843744492  131.132736816   133.7595   5   7   4.1319   5.4372  19.1241  -1.4337  -6.9154  -1.2557   0.00    0.0
2014/12/27 04:28:00.000  -12.843744059  131.132736717   133.5911   5   7   4.1277   5.4376  18.9297  -1.4488  -6.8639  -0.9076   0.00    0.0
2014/12/27 04:28:30.000  -12.843743322  131.132736164   134.0965   5   7   4.1241   5.4380  18.7387  -1.4628  -6.8126  -0.3204   0.00    0.0
2014/12/27 04:29:00.000  -12.843743921  131.132736311   134.3444   5   7   4.1209   5.4386  18.5510  -1.4757  -6.7614   0.7666   0.00    0.0
2014/12/27 04:29:30.000  -12.843745350  131.132736195   133.9196   5   7   4.1183   5.4391  18.3666  -1.4877  -6.7105   1.1173   0.00    0.0
2014/12/27 04:30:00.000  -12.843746025  131.132735383   134.6651   5   7   4.1160   5.4398  18.1855  -1.4986  -6.6598   1.3715   0.00    0.0
2014/12/27 04:30:30.000  -12.843746483  131.132735460   134.8196   5   7   4.1142   5.4406  18.0077  -1.5087  -6.6094   1.5770   0.00    0.0
2014/12/27 04:31:00.000  -12.843747403  131.132734483   134.4502   5   7   4.1129   5.4414  17.8330  -1.5179  -6.5592   1.7513   0.00    0.0
2014/12/27 04:31:30.000  -12.843747555  131.132735591   134.2463   5   7   4.1119   5.4423  17.6615  -1.5262  -6.5093   1.9033   0.00    0.0
2014/12/27 04:32:00.000  -12.843748032  131.132735843   134.5569   5   7   4.1112   5.4434  17.4931  -1.5337  -6.4597   2.0382   0.00    0.0
2014/12/27 04:32:30.000  -12.843747833  131.132735275   134.6173   5   7   4.1110   5.4446  17.3278  -1.5404  -6.4104   2.1596   0.00    0.0
2014/12/27 04:33:00.000  -12.843748222  131.132735201   134.2796   5   7   4.1110   5.4458  17.1655  -1.5464  -6.3614   2.2697   0.00    0.0
2014/12/27 04:33:30.000  -12.843748271  131.132734585   134.3947   5   7   4.1114   5.4473  17.0062  -1.5515  -6.3127   2.3705   0.00    0.0
2014/12/27 04:34:00.000  -12.843748436  131.132735699   134.5162   5   7   4.1121   5.4488  16.8498  -1.5560  -6.2643   2.4631   0.00    0.0
2014/12/27 04:34:30.000  -12.843748726  131.132735692   134.7794   5   7   4.1131   5.4504  16.6963  -1.5598  -6.2162   2.5488   0.00    0.0
2014/12/27 04:35:00.000  -12.843749260  131.132735922   135.1105   5   7   4.1143   5.4522  16.5456  -1.5629  -6.1684   2.6282   0.00    0.0
2014/12/27 04:35:30.000  -12.843749113  131.132735820   135.2183   5   7   4.1158   5.4542  16.3978  -1.5653  -6.1209   2.7021   0.00    0.0
2014/12/27 04:36:00.000  -12.843749008  131.132735982   135.3444   5   7   4.1176   5.4562  16.2526  -1.5671  -6.0737   2.7712   0.00    0.0
2014/12/27 04:36:30.000  -12.843749103  131.132736473   135.1895   5   7   4.1197   5.4584  16.1102  -1.5682  -6.0268   2.8358   0.00    0.0
2014/12/27 04:37:00.000  -12.843749218  131.132736118   135.1057   5   7   4.1219   5.4608  15.9703  -1.5687  -5.9802   2.8964   0.00    0.0
2014/12/27 04:37:30.000  -12.843748346  131.132735817   135.2312   5   7   4.1244   5.4633  15.8331  -1.5687  -5.9339   2.9533   0.00    0.0
2014/12/27 04:38:00.000  -12.843748230  131.132735736   135.1272   5   7   4.1271   5.4660  15.6985  -1.5680  -5.8879   3.0069   0.00    0.0
2014/12/27 04:38:30.000  -12.843748670  131.132735582   135.0012   5   7   4.1300   5.4688  15.5663  -1.5667  -5.8422   3.0575   0.00    0.0
2014/12/27 04:39:00.000  -12.843748918  131.132734583   134.7248   5   7   4.1331   5.4718  15.4366  -1.5649  -5.7968   3.1052   0.00    0.0
2014/12/27 04:39:30.000  -12.843749268  131.132734856   134.8601   5   7   4.1364   5.4749  15.3093  -1.5625  -5.7516   3.1503   0.00    0.0
2014/12/27 04:40:00.000  -12.843748913  131.132734356   135.2203   5   7   4.1399   5.4782  15.1843  -1.5595  -5.7067   3.1931   0.00    0.0
2014/12/27 04:40:30.000  -12.843749077  131.132734760   135.0567   5   7   4.1436   5.4817  15.0617  -1.5560  -5.6621   3.2336   0.00    0.0
2014/12/27 04:41:00.000  -12.843750307  131.132735030   134.3453   5   7   4.1474   5.4853  14.9413  -1.5519  -5.6178   3.2720   0.00    0.0
2014/12/27 04:41:30.000  -12.843749568  131.132735027   134.3828   5   7   4.1514   5.4891  14.8232  -1.5473  -5.5737   3.3085   0.00    0.0
2014/12/27 04:42:00.000  -12.843749513  131.132734640   134.6238   5   7   4.1556   5.4930  14.7073  -1.5421  -5.5298   3.3431   0.00    0.0
2014/12/27 04:42:30.000  -12.843750642  131.132734228   134.7385   5   7   4.1599   5.4972  14.5935  -1.5364  -5.4862   3.3761   0.00    0.0
2014/12/27 04:43:00.000  -12.843751682  131.132735420   134.3673   5   7   4.1644   5.5015  14.4817  -1.5301  -5.4429   3.4075   0.00    0.0
2014/12/27 04:43:30.000  -12.843751083  131.132735906   134.0061   5   7   4.1690   5.5060  14.3721  -1.5233  -5.3997   3.4375   0.00    0.0
2014/12/27 04:44:00.000  -12.843750355  131.132736165   133.8523   5   7   4.1737   5.5106  14.2645  -1.5160  -5.3568   3.4660   0.00    0.0
2014/12/27 04:44:30.000  -12.843750469  131.132736060   134.1305   5   7   4.1786   5.5155  14.1588  -1.5081  -5.3140   3.4933   0.00    0.0
2014/12/27 04:45:00.000  -12.843752769  131.132738242   135.8060   5   8   4.1631   5.3515  13.3391  -1.2993  -5.8131   3.7706   0.00    0.0
2014/12/27 04:45:30.000  -12.843754264  131.132738438   135.5853   5   8   4.1687   5.3483  13.2643  -1.2857  -5.7756   3.7861   0.00    0.0
2014/12/27 04:46:00.000  -12.843753682  131.132739811   135.6344   5   8   4.1744   5.3452  13.1901  -1.2715  -5.7381   3.8010   0.00    0.0
2014/12/27 04:46:30.000  -12.843752827  131.132740521   135.2443   5   8   4.1802   5.3422  13.1167  -1.2567  -5.7004   3.8154   0.00    0.0
2014/12/27 04:47:00.000  -12.843752707  131.132740952   134.9541   5   8   4.1861   5.3392  13.0440  -1.2411  -5.6628   3.8292   0.00    0.0
2014/12/27 04:47:30.000  -12.843752235  131.132739748   135.0230   5   8   4.1921   5.3362  12.9720  -1.2248  -5.6251   3.8424   0.00    0.0
2014/12/27 04:48:00.000  -12.843753063  131.132739361   135.0096   5   8   4.1981   5.3334  12.9007  -1.2078  -5.5873   3.8551   0.00    0.0
2014/12/27 04:48:30.000  -12.843754109  131.132738075   134.8122   5   8   4.2043   5.3305  12.8302  -1.1901  -5.5495   3.8674   0.00    0.0
2014/12/27 04:49:00.000  -12.843754177  131.132738058   134.6466   5   8   4.2106   5.3278  12.7604  -1.1715  -5.5117   3.8792   0.00    0.0
2014/12/27 04:49:30.000  -12.843753878  131.132739782   134.3497   5   8   4.2170   5.3251  12.6914  -1.1521  -5.4738   3.8905   0.00    0.0
2014/12/27 04:50:00.000  -12.843754202  131.132740933   134.0539   5   8   4.2235   5.3225  12.6232  -1.1319  -5.4360   3.9014   0.00    0.0
2014/12/27 04:50:30.000  -12.843754316  131.132741933   133.9134   5   8   4.2300   5.3199  12.5557  -1.1108  -5.3981   3.9119   0.00    0.0
2014/12/27 04:51:00.000  -12.843752615  131.132741086   133.9550   5   8   4.2367   5.3174  12.4890  -1.0887  -5.3602   3.9220   0.00    0.0
2014/12/27 04:51:30.000  -12.843751372  131.132740443   133.9866   5   8   4.2435   5.3151  12.4230  -1.0656  -5.3224   3.9318   0.00    0.0
2014/12/27 04:52:00.000  -12.843751609  131.132742461   133.6142   5   8   4.2503   5.3128  12.3579  -1.0415  -5.2845   3.9412   0.00    0.0
2014/12/27 04:52:30.000  -12.843752068  131.132743405   133.4016   5   8   4.2572   5.3105  12.2935  -1.0163  -5.2466   3.9502   0.00    0.0
2014/12/27 04:53:00.000  -12.843752201  131.132743388   133.3472   5   8   4.2642   5.3084  12.2299  -0.9898  -5.2087   3.9590   0.00    0.0
2014/12/27 04:53:30.000  -12.843751923  131.132742432   133.4943   5   8   4.2713   5.3064  12.1671  -0.9620  -5.1708   3.9674   0.00    0.0
2014/12/27 04:54:00.000  -12.843752348  131.132742701   133.4704   5   8   4.2785   5.3044  12.1050  -0.9328  -5.1329   3.9755   0.00    0.0
2014/12/27 04:54:30.000  -12.843753158  131.132743575   133.4051   5   8   4.2857   5.3026  12.0438  -0.9021  -5.0951   3.9833   0.00    0.0
2014/12/27 04:55:00.000  -12.843753558  131.132743972   133.1536   5   8   4.2930   5.3008  11.9833  -0.8697  -5.0572   3.9909   0.00    0.0
2014/12/27 04:55:30.000  -12.843753730  131.132744456   132.8487   5   8   4.3005   5.2992  11.9236  -0.8354  -5.0193   3.9982   0.00    0.0
2014/12/27 04:56:00.000  -12.843753874  131.132744333   132.8823   5   8   4.3079   5.2976  11.8647  -0.7989  -4.9815   4.0053   0.00    0.0
2014/12/27 04:56:30.000  -12.843754906  131.132741916   133.5669   5   7   4.5525   5.6116  13.1364   1.4530  -5.9264   2.7835   0.00    0.0
2014/12/27 04:57:00.000  -12.843754162  131.132741188   133.5952   5   7   4.5596   5.6091  13.0629   1.4719  -5.8852   2.8064   0.00    0.0
2014/12/27 04:57:30.000  -12.843753548  131.132740867   133.4865   5   7   4.5668   5.6067  12.9904   1.4911  -5.8441   2.8285   0.00    0.0
2014/12/27 04:58:00.000  -12.843754373  131.132739504   133.4542   5   7   4.5742   5.6044  12.9189   1.5105  -5.8031   2.8498   0.00    0.0
2014/12/27 04:58:30.000  -12.843755238  131.132739171   133.1744   5   7   4.5816   5.6022  12.8483   1.5301  -5.7621   2.8704   0.00    0.0
2014/12/27 04:59:00.000  -12.843755575  131.132740768   132.8857   5   7   4.5892   5.6002  12.7787   1.5500  -5.7213   2.8903   0.00    0.0
2014/12/27 04:59:30.000  -12.843755382  131.132741488   132.9130   5   7   4.5969   5.5983  12.7100   1.5700  -5.6806   2.9095   0.00    0.0
2014/12/27 05:00:00.000  -12.843753109  131.132744990   132.0471   5   7   4.5480   5.4717  12.3290   1.2967  -5.3407   3.2542   0.00    0.0
2014/12/27 05:00:30.000  -12.843753515  131.132744495   131.9725   5   7   4.5571   5.4699  12.2612   1.3244  -5.2981   3.2671   0.00    0.0
2014/12/27 05:01:00.000  -12.843756063  131.132745393   131.6474   5   7   4.5663   5.4682  12.1944   1.3522  -5.2556   3.2795   0.00    0.0
2014/12/27 05:01:30.000  -12.843756965  131.132745148   131.9681   5   7   4.5756   5.4667  12.1286   1.3799  -5.2132   3.2914   0.00    0.0
2014/12/27 05:02:00.000  -12.843757681  131.132744446   132.1970   5   7   4.5851   5.4653  12.0636   1.4076  -5.1710   3.3029   0.00    0.0
2014/12/27 05:02:30.000  -12.843756710  131.132744847   132.1376   5   7   4.5946   5.4642  11.9996   1.4353  -5.1288   3.3140   0.00    0.0
2014/12/27 05:03:00.000  -12.843755654  131.132744364   132.2999   5   7   4.6042   5.4632  11.9365   1.4630  -5.0868   3.3246   0.00    0.0
2014/12/27 05:03:30.000  -12.843755241  131.132743026   132.2519   5   7   4.6139   5.4623  11.8743   1.4907  -5.0448   3.3349   0.00    0.0
2014/12/27 05:04:00.000  -12.843756086  131.132742735   132.1634   5   7   4.6237   5.4617  11.8129   1.5184  -5.0030   3.3447   0.00    0.0
2014/12/27 05:04:30.000  -12.843757723  131.132743521   131.7562   5   7   4.6336   5.4612  11.7525   1.5460  -4.9613   3.3542   0.00    0.0
2014/12/27 05:05:00.000  -12.843758270  131.132744646   131.3578   5   7   4.6435   5.4609  11.6930   1.5736  -4.9196   3.3633   0.00    0.0
2014/12/27 05:05:30.000  -12.843758788  131.132745089   131.1764   5   7   4.6536   5.4608  11.6343   1.6012  -4.8781   3.3720   0.00    0.0
2014/12/27 05:06:00.000  -12.843757481  131.132743605   131.3356   5   7   4.6637   5.4609  11.5765   1.6288  -4.8367   3.3804   0.00    0.0
2014/12/27 05:06:30.000  -12.843756720  131.132743081   131.5106   5   7   4.6739   5.4611  11.5196   1.6563  -4.7953   3.3885   0.00    0.0
2014/12/27 05:07:00.000  -12.843756802  131.132743458   131.5726   5   7   4.6842   5.4615  11.4635   1.6838  -4.7540   3.3962   0.00    0.0
2014/12/27 05:07:30.000  -12.843756280  131.132743176   131.4374   5   7   4.6945   5.4621  11.4083   1.7112  -4.7128   3.4037   0.00    0.0
2014/12/27 05:08:00.000  -12.843756629  131.132742415   131.2674   5   7   4.7049   5.4629  11.3539   1.7386  -4.6717   3.4108   0.00    0.0
2014/12/27 05:08:30.000  -12.843756218  131.132742089   131.4166   5   7   4.7154   5.4639  11.3004   1.7660  -4.6307   3.4176   0.00    0.0
2014/12/27 05:09:00.000  -12.843755638  131.132741882   131.4986   5   7   4.7259   5.4650  11.2476   1.7933  -4.5897   3.4242   0.00    0.0
2014/12/27 05:09:30.000  -12.843754862  131.132741440   131.7842   5   7   4.7365   5.4663  11.1957   1.8205  -4.5488   3.4305   0.00    0.0
2014/12/27 05:10:00.000  -12.843755569  131.132740877   131.7232   5   7   4.7471   5.4678  11.1446   1.8477  -4.5080   3.4365   0.00    0.0
2014/12/27 05:10:30.000  -12.843757043  131.132740579   131.5973   5   7   4.7578   5.4695  11.0943   1.8749  -4.4672   3.4422   0.00    0.0
2014/12/27 05:11:00.000  -12.843757752  131.132741528   131.5165   5   7   4.7685   5.4714  11.0447   1.9020  -4.4265   3.4477   0.00    0.0
2014/12/27 05:11:30.000  -12.843757417  131.132742146   131.4899   5   7   4.7793   5.4734  10.9960   1.9290  -4.3858   3.4530   0.00    0.0
2014/12/27 05:12:00.000  -12.843756471  131.132742729   131.2039   5   7   4.7901   5.4757  10.9480   1.9560  -4.3452   3.4580   0.00    0.0
2014/12/27 05:12:30.000  -12.843755293  131.132743208   130.6661   5   7   4.8009   5.4781  10.9008   1.9829  -4.3046   3.4627   0.00    0.0
2014/12/27 05:13:00.000  -12.843754553  131.132742344   130.3956   5   7   4.8117   5.4807  10.8544   2.0098  -4.2641   3.4673   0.00    0.0
2014/12/27 05:13:30.000  -12.843759357  131.132735143   131.8418   5   8   4.5628   5.0168  10.0642   0.8311  -3.0186   4.2671   0.00    0.0
2014/12/27 05:14:00.000  -12.843759270  131.132735442   131.8728   5   8   4.5693   5.0175  10.0353   0.8710  -2.9764   4.2680   0.00    0.0
2014/12/27 05:14:30.000  -12.843759634  131.132737042   132.0275   5   8   4.5757   5.0182  10.0068   0.9093  -2.9338   4.2687   0.00    0.0
2014/12/27 05:15:00.000  -12.843760720  131.132737145   132.0237   5   8   4.5821   5.0190   9.9787   0.9461  -2.8909   4.2693   0.00    0.0
2014/12/27 05:15:30.000  -12.843761052  131.132737880   131.9203   5   8   4.5884   5.0199   9.9511   0.9816  -2.8475   4.2698   0.00    0.0
2014/12/27 05:16:00.000  -12.843760491  131.132737020   131.6377   5   8   4.5947   5.0208   9.9238   1.0160  -2.8038   4.2700   0.00    0.0
2014/12/27 05:16:30.000  -12.843761425  131.132736869   131.5504   5   8   4.6008   5.0218   9.8970   1.0493  -2.7597   4.2701   0.00    0.0
2014/12/27 05:17:00.000  -12.843762023  131.132735264   131.7623   5   8   4.6069   5.0229   9.8705   1.0816  -2.7151   4.2700   0.00    0.0
2014/12/27 05:17:30.000  -12.843761530  131.132734229   131.7076   5   8   4.6129   5.0241   9.8444   1.1130  -2.6701   4.2698   0.00    0.0
2014/12/27 05:18:00.000  -12.843759905  131.132733598   131.4909   5   8   4.6188   5.0253   9.8188   1.1436  -2.6247   4.2694   0.00    0.0
2014/12/27 05:18:30.000  -12.843759350  131.132734871   131.6492   5   8   4.6247   5.0266   9.7935   1.1734  -2.5787   4.2688   0.00    0.0
2014/12/27 05:19:00.000  -12.843760102  131.132734339   131.7488   5   8   4.6304   5.0280   9.7686   1.2024  -2.5322   4.2681   0.00    0.0
2014/12/27 05:19:30.000  -12.843760859  131.132733300   131.9731   5   8   4.6361   5.0294   9.7442   1.2307  -2.4851   4.2672   0.00    0.0
2014/12/27 05:20:00.000  -12.843760177  131.132734356   132.0903   5   8   4.6416   5.0309   9.7201   1.2584  -2.4375   4.2661   0.00    0.0
2014/12/27 05:20:30.000  -12.843760419  131.132735211   131.9569   5   8   4.6471   5.0324   9.6964   1.2855  -2.3892   4.2648   0.00    0.0
2014/12/27 05:21:00.000  -12.843761692  131.132735624   131.7466   5   8   4.6524   5.0340   9.6730   1.3120  -2.3403   4.2634   0.00    0.0
2014/12/27 05:21:30.000  -12.843762641  131.132735587   131.7187   5   8   4.6577   5.0357   9.6501   1.3379  -2.2907   4.2618   0.00    0.0
2014/12/27 05:22:00.000  -12.843762138  131.132735070   131.7791   5   8   4.6628   5.0374   9.6275   1.3632  -2.2403   4.2600   0.00    0.0
2014/12/27 05:22:30.000  -12.843768163  131.132731042   132.5010   5   7   5.0437   5.0958   9.9378   1.8365  -2.5927   3.6416   0.00    0.0
2014/12/27 05:23:00.000  -12.843769906  131.132730423   132.4762   5   7   5.0477   5.0981   9.9172   1.8563  -2.5508   3.6390   0.00    0.0
2014/12/27 05:23:30.000  -12.843771233  131.132729654   132.5750   5   7   5.0517   5.1004   9.8970   1.8758  -2.5085   3.6362   0.00    0.0
2014/12/27 05:24:00.000  -12.843771451  131.132728730   132.6051   5   7   5.0555   5.1028   9.8772   1.8949  -2.4657   3.6332   0.00    0.0
2014/12/27 05:24:30.000  -12.843770521  131.132728328   132.9248   5   7   5.0592   5.1052   9.8578   1.9137  -2.4225   3.6299   0.00    0.0
2014/12/27 05:25:00.000  -12.843770368  131.132727845   133.0793   5   7   5.0627   5.1077   9.8387   1.9322  -2.3788   3.6265   0.00    0.0
2014/12/27 05:25:30.000  -12.843770515  131.132726147   132.8355   5   7   5.0661   5.1102   9.8201   1.9503  -2.3346   3.6228   0.00    0.0
2014/12/27 05:26:00.000  -12.843770469  131.132726164   132.9676   5   7   5.0694   5.1127   9.8018   1.9681  -2.2898   3.6188   0.00    0.0
2014/12/27 05:26:30.000  -12.843770671  131.132726153   132.9068   5   7   5.0725   5.1153   9.7839   1.9856  -2.2444   3.6146   0.00    0.0
2014/12/27 05:27:00.000  -12.843771616  131.132725866   132.8652   5   7   5.0755   5.1179   9.7664   2.0028  -2.1985   3.6102   0.00    0.0
2014/12/27 05:27:30.000  -12.843772662  131.132725617   132.6996   5   7   5.0783   5.1205   9.7493   2.0196  -2.1519   3.6056   0.00    0.0
2014/12/27 05:28:00.000  -12.843773927  131.132724678   132.6961   5   7   5.0809   5.1231   9.7325   2.0361  -2.1045   3.6007   0.00    0.0
2014/12/27 05:28:30.000  -12.843773917  131.132725882   132.8726   5   7   5.0835   5.1258   9.7162   2.0523  -2.0565   3.5955   0.00    0.0
2014/12/27 05:29:00.000  -12.843774273  131.132724621   132.9840   5   7   5.0858   5.1285   9.7002   2.0682  -2.0077   3.5901   0.00    0.0
2014/12/27 05:29:30.000  -12.843774863  131.132724973   133.0150   5   7   5.0880   5.1312   9.6846   2.0837  -1.9580   3.5845   0.00    0.0
2014/12/27 05:30:00.000  -12.843774634  131.132725174   133.1608   5   7   5.0900   5.1340   9.6693   2.0990  -1.9073   3.5786   0.00    0.0
2014/12/27 05:30:30.000  -12.843773740  131.132725774   133.1239   5   7   5.0918   5.1367   9.6545   2.1139  -1.8557   3.5725   0.00    0.0
2014/12/27 05:31:00.000  -12.843774043  131.132724753   133.2052   5   7   5.0935   5.1395   9.6400   2.1285  -1.8030   3.5661   0.00    0.0
2014/12/27 05:31:30.000  -12.843776224  131.132723094   133.3560   5   7   5.0950   5.1423   9.6259   2.1427  -1.7492   3.5594   0.00    0.0
2014/12/27 05:32:00.000  -12.843778173  131.132721817   133.4699   5   7   5.0963   5.1451   9.6122   2.1567  -1.6940   3.5525   0.00    0.0
2014/12/27 05:32:30.000  -12.843777950  131.132722343   133.4641   5   7   5.0975   5.1480   9.5989   2.1703  -1.6374   3.5453   0.00    0.0
2014/12/27 05:33:00.000  -12.843778023  131.132721857   133.5920   5   7   5.0984   5.1508   9.5859   2.1836  -1.5793   3.5378   0.00    0.0
2014/12/27 05:33:30.000  -12.843778405  131.132721788   133.7959   5   7   5.0992   5.1536   9.5733   2.1966  -1.5194   3.5301   0.00    0.0
2014/12/27 05:34:00.000  -12.843778348  131.132722792   133.9023   5   7   5.0998   5.1565   9.5611   2.2092  -1.4575   3.5221   0.00    0.0
2014/12/27 05:34:30.000  -12.843779226  131.132723274   133.7205   5   7   5.1002   5.1594   9.5492   2.2216  -1.3933   3.5139   0.00    0.0
2014/12/27 05:35:00.000  -12.843779650  131.132723806   133.6061   5   7   5.1005   5.1622   9.5377   2.2336  -1.3266   3.5054   0.00    0.0
2014/12/27 05:35:30.000  -12.843779242  131.132723296   133.5966   5   7   5.1005   5.1651   9.5266   2.2453  -1.2570   3.4966   0.00    0.0
2014/12/27 05:36:00.000  -12.843778510  131.132723033   133.7839   5   7   5.1004   5.1680   9.5159   2.2567  -1.1838   3.4875   0.00    0.0
2014/12/27 05:36:30.000  -12.843778944  131.132721528   133.5176   5   7   5.1001   5.1708   9.5055   2.2678  -1.1064   3.4781   0.00    0.0
2014/12/27 05:37:00.000  -12.843779127  131.132721808   133.5251   5   7   5.0996   5.1737   9.4955   2.2785  -1.0239   3.4685   0.00    0.0
2014/12/27 05:37:30.000  -12.843779096  131.132722766   133.7167   5   7   5.0989   5.1766   9.4859   2.2890  -0.9348   3.4585   0.00    0.0
2014/12/27 05:38:00.000  -12.843780574  131.132722402   133.9211   5   7   5.0981   5.1794   9.4767   2.2991  -0.8371   3.4483   0.00    0.0
2014/12/27 05:38:30.000  -12.843780155  131.132721554   134.0555   5   7   5.0970   5.1823   9.4678   2.3089  -0.7274   3.4378   0.00    0.0
2014/12/27 05:39:00.000  -12.843779859  131.132721313   133.9643   5   7   5.0958   5.1851   9.4593   2.3183  -0.5989   3.4271   0.00    0.0
2014/12/27 05:39:30.000  -12.843779377  131.132721099   134.1031   5   7   5.0943   5.1879   9.4511   2.3275  -0.4355   3.4160   0.00    0.0
2014/12/27 05:40:00.000  -12.843780780  131.132720317   134.0034   5   7   5.0927   5.1908   9.4434   2.3363  -0.1483   3.4046   0.00    0.0
2014/12/27 05:40:30.000  -12.843781074  131.132719742   134.0325   5   7   5.0909   5.1936   9.4360   2.3449   0.3799   3.3930   0.00    0.0
2014/12/27 05:41:00.000  -12.843780436  131.132720779   134.3491   5   7   5.0890   5.1964   9.4289   2.3531   0.5562   3.3810   0.00    0.0
2014/12/27 05:41:30.000  -12.843781383  131.132721080   134.4413   5   7   5.0868   5.1992   9.4223   2.3610   0.6878   3.3688   0.00    0.0
2014/12/27 05:42:00.000  -12.843783238  131.132720505   134.4048   5   7   5.0845   5.2019   9.4160   2.3685   0.7971   3.3563   0.00    0.0
2014/12/27 05:42:30.000  -12.843784385  131.132720367   134.3348   5   7   5.0820   5.2047   9.4101   2.3758   0.8925   3.3434   0.00    0.0
2014/12/27 05:43:00.000  -12.843784044  131.132721265   134.4865   5   7   5.0793   5.2074   9.4045   2.3828   0.9779   3.3303   0.00    0.0
2014/12/27 05:43:30.000  -12.843783551  131.132721273   134.6020   5   7   5.0764   5.2101   9.3993   2.3894   1.0559   3.3169   0.00    0.0
2014/12/27 05:44:00.000  -12.843783095  131.132719839   134.5565   5   7   5.0734   5.2128   9.3945   2.3958   1.1279   3.3031   0.00    0.0
2014/12/27 05:44:30.000  -12.843783131  131.132719904   134.6716   5   7   5.0701   5.2155   9.3901   2.4018   1.1951   3.2891   0.00    0.0
2014/12/27 05:45:00.000  -12.843783093  131.132719470   134.7950   5   7   5.0668   5.2182   9.3860   2.4075   1.2582   3.2748   0.00    0.0
2014/12/27 05:45:30.000  -12.843783200  131.132720140   134.8404   5   7   5.0632   5.2208   9.3823   2.4129   1.3178   3.2601   0.00    0.0
2014/12/27 05:46:00.000  -12.843785132  131.132720761   134.8494   5   7   5.0595   5.2234   9.3789   2.4180   1.3744   3.2452   0.00    0.0
2014/12/27 05:46:30.000  -12.843786305  131.132719556   134.9874   5   7   5.0556   5.2260   9.3760   2.4229   1.4283   3.2299   0.00    0.0
2014/12/27 05:47:00.000  -12.843786003  131.132718525   135.2195   5   7   5.0516   5.2285   9.3734   2.4274   1.4799   3.2143   0.00    0.0
2014/12/27 05:47:30.000  -12.843784884  131.132717479   135.1801   5   7   5.0474   5.2311   9.3711   2.4316   1.5294   3.1984   0.00    0.0
2014/12/27 05:48:00.000  -12.843784852  131.132716683   135.2212   5   7   5.0431   5.2336   9.3693   2.4355   1.5769   3.1822   0.00    0.0
2014/12/27 05:48:30.000  -12.843784933  131.132716544   135.2109   5   7   5.0386   5.2360   9.3678   2.4391   1.6227   3.1657   0.00    0.0
2014/12/27 05:49:00.000  -12.843785062  131.132716669   135.1143   5   7   5.0339   5.2385   9.3666   2.4425   1.6669   3.1489   0.00    0.0
2014/12/27 05:49:30.000  -12.843785814  131.132716930   135.0955   5   7   5.0291   5.2409   9.3659   2.4455   1.7096   3.1317   0.00    0.0
2014/12/27 05:50:00.000  -12.843786118  131.132717687   135.1498   5   7   5.0242   5.2433   9.3655   2.4482   1.7510   3.1143   0.00    0.0
2014/12/27 05:50:30.000  -12.843784646  131.132718415   135.2389   5   7   5.0191   5.2456   9.3655   2.4507   1.7911   3.0965   0.00    0.0
2014/12/27 05:51:00.000  -12.843783876  131.132719054   135.1965   5   7   5.0139   5.2480   9.3658   2.4529   1.8300   3.0783   0.00    0.0
2014/12/27 05:51:30.000  -12.843783553  131.132718849   135.2799   5   7   5.0086   5.2503   9.3665   2.4548   1.8678   3.0599   0.00    0.0
2014/12/27 05:52:00.000  -12.843784914  131.132717953   134.9844   5   8   4.5690   4.8940   8.4839   1.4648  -1.9870   1.0730   0.00    0.0
2014/12/27 05:52:30.000  -12.843786198  131.132717242   135.0864   5   8   4.5641   4.8939   8.4882   1.4644  -1.9556   1.0286   0.00    0.0
2014/12/27 05:53:00.000  -12.843786018  131.132716818   135.0037   5   8   4.5591   4.8938   8.4930   1.4637  -1.9238   0.9819   0.00    0.0
2014/12/27 05:53:30.000  -12.843785793  131.132716780   135.0935   5   8   4.5541   4.8937   8.4981   1.4627  -1.8916   0.9324   0.00    0.0
2014/12/27 05:54:00.000  -12.843784846  131.132717188   135.2567   5   8   4.5490   4.8937   8.5037   1.4615  -1.8589   0.8799   0.00    0.0
2014/12/27 05:54:30.000  -12.843784666  131.132716323   135.1467   5   8   4.5438   4.8936   8.5097   1.4601  -1.8258   0.8236   0.00    0.0
2014/12/27 05:55:00.000  -12.843782318  131.132716677   135.1416   5   8   4.5386   4.8936   8.5161   1.4584  -1.7921   0.7628   0.00    0.0
2014/12/27 05:55:30.000  -12.843780974  131.132716883   135.0831   5   8   4.5334   4.8936   8.5229   1.4565  -1.7578   0.6963   0.00    0.0
2014/12/27 05:56:00.000  -12.843779604  131.132719113   134.9896   5   8   4.5281   4.8936   8.5301   1.4543  -1.7229   0.6223   0.00    0.0
2014/12/27 05:56:30.000  -12.843779135  131.132720786   134.8263   5   8   4.5228   4.8936   8.5377   1.4519  -1.6875   0.5376   0.00    0.0
2014/12/27 05:57:00.000  -12.843779588  131.132721224   134.9714   5   8   4.5174   4.8936   8.5458   1.4492  -1.6513   0.4362   0.00    0.0
2014/12/27 05:57:30.000  -12.843780108  131.132721171   134.7486   5   8   4.5120   4.8936   8.5542   1.4463  -1.6144   0.3016   0.00    0.0
2014/12/27 05:58:00.000  -12.843779254  131.132721379   134.8277   5   8   4.5065   4.8937   8.5631   1.4432  -1.5767  -0.0944   0.00    0.0
2014/12/27 05:58:30.000  -12.843777608  131.132720555   134.8987   5   8   4.5010   4.8937   8.5724   1.4398  -1.5382  -0.3306   0.00    0.0
2014/12/27 05:59:00.000  -12.843772007  131.132711238   136.9911   5   7   4.7487   5.3289   9.6916  -1.0787  -3.4267   2.5842   0.00    0.0
2014/12/27 05:59:30.000  -12.843772000  131.132711015   136.9938   5   7   4.7392   5.3215   9.6999  -1.0572  -3.3962   2.5524   0.00    0.0
2014/12/27 06:00:00.000  -12.843770984  131.132711806   137.1162   5   7   4.7296   5.3142   9.7089  -1.0359  -3.3658   2.5203   0.00    0.0
2014/12/27 06:00:30.000  -12.843770041  131.132711756   137.1950   5   7   4.7201   5.3070   9.7185  -1.0149  -3.3354   2.4878   0.00    0.0
2014/12/27 06:01:00.000  -12.843769602  131.132712131   137.5260   5   7   4.7106   5.3000   9.7287  -0.9941  -3.3050   2.4550   0.00    0.0
2014/12/27 06:01:30.000  -12.843769381  131.132712324   137.5976   5   7   4.7011   5.2932   9.7395  -0.9736  -3.2747   2.4218   0.00    0.0
2014/12/27 06:02:00.000  -12.843769790  131.132712353   137.4743   5   7   4.6916   5.2864   9.7509  -0.9534  -3.2444   2.3883   0.00    0.0
2014/12/27 06:02:30.000  -12.843769241  131.132711707   136.9999   5   7   4.6822   5.2798   9.7630  -0.9335  -3.2141   2.3543   0.00    0.0
2014/12/27 06:03:00.000  -12.843768465  131.132710304   136.8805   5   7   4.6727   5.2733   9.7757  -0.9138  -3.1838   2.3200   0.00    0.0
2014/12/27 06:03:30.000  -12.843767012  131.132709637   137.1372   5   7   4.6633   5.2670   9.7890  -0.8944  -3.1535   2.2853   0.00    0.0
2014/12/27 06:04:00.000  -12.843765871  131.132709357   137.4346   5   7   4.6540   5.2607   9.8030  -0.8754  -3.1233   2.2501   0.00    0.0
2014/12/27 06:04:30.000  -12.843764255  131.132710406   137.6179   5   7   4.6446   5.2546   9.8176  -0.8567  -3.0930   2.2145   0.00    0.0
2014/12/27 06:05:00.000  -12.843763100  131.132711850   137.6016   5   7   4.6353   5.2486   9.8328  -0.8382  -3.0627   2.1784   0.00    0.0
2014/12/27 06:05:30.000  -12.843763498  131.132712384   137.2786   5   7   4.6260   5.2427   9.8486  -0.8202  -3.0324   2.1418   0.00    0.0
2014/12/27 06:06:00.000  -12.843764138  131.132711754   136.8434   5   7   4.6167   5.2370   9.8651  -0.8025  -3.0021   2.1047   0.00    0.0
2014/12/27 06:06:30.000  -12.843762702  131.132712475   136.7431   5   7   4.6075   5.2314   9.8822  -0.7851  -2.9717   2.0670   0.00    0.0
2014/12/27 06:07:00.000  -12.843760789  131.132714400   136.4416   5   7   4.5984   5.2258   9.8999  -0.7682  -2.9413   2.0288   0.00    0.0
2014/12/27 06:07:30.000  -12.843760712  131.132715655   136.6804   5   7   4.5893   5.2204   9.9183  -0.7516  -2.9109   1.9899   0.00    0.0
2014/12/27 06:08:00.000  -12.843760559  131.132715312   137.0774   5   7   4.5802   5.2151   9.9372  -0.7354  -2.8804   1.9504   0.00    0.0
2014/12/27 06:08:30.000  -12.843760832  131.132714249   137.0994   5   7   4.5712   5.2099   9.9569  -0.7196  -2.8499   1.9103   0.00    0.0
2014/12/27 06:09:00.000  -12.843759711  131.132714661   136.9565   5   7   4.5622   5.2049   9.9771  -0.7043  -2.8193   1.8694   0.00    0.0
2014/12/27 06:09:30.000  -12.843758949  131.132714285   136.9967   5   7   4.5533   5.1999   9.9980  -0.6894  -2.7887   1.8277   0.00    0.0
2014/12/27 06:10:00.000  -12.843758176  131.132715425   137.1504   5   7   4.5444   5.1951  10.0195  -0.6750  -2.7579   1.7853   0.00    0.0
2014/12/27 06:10:30.000  -12.843758487  131.132716809   136.7876   5   7   4.5356   5.1903  10.0416  -0.6610  -2.7271   1.7419   0.00    0.0
2014/12/27 06:11:00.000  -12.843759652  131.132717090   136.7145   5   7   4.5269   5.1857  10.0643  -0.6476  -2.6962   1.6977   0.00    0.0
2014/12/27 06:11:30.000  -12.843759968  131.132716349   136.9684   5   7   4.5182   5.1811  10.0877  -0.6346  -2.6653   1.6524   0.00    0.0
2014/12/27 06:12:00.000  -12.843759239  131.132716297   137.0259   5   7   4.5096   5.1767  10.1117  -0.6222  -2.6342   1.6060   0.00    0.0
2014/12/27 06:12:30.000  -12.843758238  131.132717248   137.0471   5   7   4.5010   5.1724  10.1363  -0.6103  -2.6030   1.5585   0.00    0.0
2014/12/27 06:13:00.000  -12.843757395  131.132717236   137.0233   5   7   4.4925   5.1681  10.1616  -0.5990  -2.5717   1.5096   0.00    0.0
2014/12/27 06:13:30.000  -12.843756570  131.132716419   136.9474   5   7   4.4841   5.1640  10.1874  -0.5882  -2.5402   1.4594   0.00    0.0
2014/12/27 06:14:00.000  -12.843756893  131.132715307   137.0431   5   7   4.4758   5.1599  10.2139  -0.5781  -2.5087   1.4076   0.00    0.0
2014/12/27 06:14:30.000  -12.843756359  131.132714865   137.1800   5   7   4.4675   5.1560  10.2410  -0.5685  -2.4770   1.3541   0.00    0.0
2014/12/27 06:15:00.000  -12.843755460  131.132715197   137.0983   5   7   4.4593   5.1522  10.2687  -0.5595  -2.4451   1.2986   0.00    0.0
2014/12/27 06:15:30.000  -12.843754773  131.132716285   136.9359   5   7   4.4511   5.1484  10.2970  -0.5512  -2.4131   1.2410   0.00    0.0
2014/12/27 06:16:00.000  -12.843753840  131.132717497   136.9641   5   7   4.4431   5.1447  10.3259  -0.5435  -2.3810   1.1808   0.00    0.0
2014/12/27 06:16:30.000  -12.843753440  131.132716682   136.9761   5   7   4.4351   5.1412  10.3554  -0.5365  -2.3486   1.1178   0.00    0.0
2014/12/27 06:17:00.000  -12.843753734  131.132718036   136.7048   5   7   4.4272   5.1377  10.3855  -0.5301  -2.3161   1.0514   0.00    0.0
2014/12/27 06:17:30.000  -12.843752517  131.132719233   136.2212   5   7   4.4193   5.1343  10.4162  -0.5244  -2.2834   0.9809   0.00    0.0
2014/12/27 06:18:00.000  -12.843751805  131.132718804   136.0383   5   7   4.4115   5.1310  10.4474  -0.5193  -2.2504   0.9053   0.00    0.0
2014/12/27 06:18:30.000  -12.843750671  131.132717691   136.1778   5   7   4.4039   5.1278  10.4793  -0.5149  -2.2173   0.8234   0.00    0.0
2014/12/27 06:19:00.000  -12.843750422  131.132718029   136.3894   5   7   4.3963   5.1247  10.5117  -0.5112  -2.1839   0.7331   0.00    0.0
2014/12/27 06:19:30.000  -12.843750334  131.132719042   136.6258   5   7   4.3887   5.1217  10.5447  -0.5082  -2.1504   0.6306   0.00    0.0
2014/12/27 06:20:00.000  -12.843749955  131.132719823   136.6859   5   7   4.3813   5.1187  10.5782  -0.5058  -2.1165   0.5088   0.00    0.0
2014/12/27 06:20:30.000  -12.843749908  131.132721369   136.2686   5   7   4.3739   5.1159  10.6123  -0.5040  -2.0824   0.3479   0.00    0.0
2014/12/27 06:21:00.000  -12.843748929  131.132722078   135.9215   5   7   4.3666   5.1131  10.6470  -0.5029  -2.0481  -0.1254   0.00    0.0
2014/12/27 06:21:30.000  -12.843749022  131.132722080   135.8455   5   7   4.3594   5.1104  10.6822  -0.5024  -2.0134  -0.3891   0.00    0.0
2014/12/27 06:22:00.000  -12.843748568  131.132722735   135.4667   5   7   4.3523   5.1078  10.7179  -0.5025  -1.9785  -0.5348   0.00    0.0
2014/12/27 06:22:30.000  -12.843748444  131.132722376   135.6052   5   7   4.3453   5.1053  10.7542  -0.5031  -1.9432  -0.6476   0.00    0.0
2014/12/27 06:23:00.000  -12.843741424  131.132720513   134.0742   5   6   5.4960   5.1415  13.2505  -1.5417   1.0944  -5.1476   0.00    0.0
2014/12/27 06:23:30.000  -12.843740853  131.132720503   133.9524   5   6   5.4931   5.1392  13.3416  -1.5439   1.1852  -5.1975   0.00    0.0
2014/12/27 06:24:00.000  -12.843740777  131.132720229   133.8758   5   6   5.4905   5.1370  13.4342  -1.5465   1.2697  -5.2475   0.00    0.0
2014/12/27 06:24:30.000  -12.843740487  131.132720727   134.1233   5   6   5.4881   5.1350  13.5281  -1.5494   1.3492  -5.2974   0.00    0.0
2014/12/27 06:25:00.000  -12.843739942  131.132720521   133.9029   5   6   5.4858   5.1330  13.6234  -1.5526   1.4244  -5.3474   0.00    0.0
2014/12/27 06:25:30.000  -12.843739250  131.132722357   133.7445   5   6   5.4838   5.1311  13.7201  -1.5561   1.4961  -5.3974   0.00    0.0
2014/12/27 06:26:00.000  -12.843737822  131.132721779   133.4665   5   6   5.4819   5.1293  13.8182  -1.5600   1.5647  -5.4474   0.00    0.0
2014/12/27 06:26:30.000  -12.843737353  131.132721814   133.5413   5   6   5.4802   5.1276  13.9176  -1.5641   1.6305  -5.4974   0.00    0.0
2014/12/27 06:27:00.000  -12.843736486  131.132722900   133.3380   5   6   5.4787   5.1259  14.0184  -1.5684   1.6940  -5.5474   0.00    0.0
2014/12/27 06:27:30.000  -12.843736320  131.132723718   133.0587   5   6   5.4773   5.1244  14.1205  -1.5731   1.7552  -5.5974   0.00    0.0
2014/12/27 06:28:00.000  -12.843736787  131.132723097   133.0551   5   6   5.4761   5.1229  14.2239  -1.5779   1.8145  -5.6474   0.00    0.0
2014/12/27 06:28:30.000  -12.843737901  131.132723865   133.4408   5   6   5.4751   5.1216  14.3286  -1.5830   1.8720  -5.6973   0.00    0.0
2014/12/27 06:29:00.000  -12.843737772  131.132724816   133.8382   5   6   5.4742   5.1203  14.4346  -1.5883   1.9279  -5.7472   0.00    0.0
2014/12/27 06:29:30.000  -12.843737205  131.132725507   133.6385   5   6   5.4734   5.1190  14.5419  -1.5937   1.9822  -5.7970   0.00    0.0
2014/12/27 06:30:00.000  -12.843736699  131.132725368   133.3083   5   6   5.4728   5.1179  14.6503  -1.5994   2.0351  -5.8467   0.00    0.0
2014/12/27 06:30:30.000  -12.843736547  131.132725189   132.9620   5   6   5.4724   5.1168  14.7599  -1.6052   2.0866  -5.8963   0.00    0.0
2014/12/27 06:31:00.000  -12.843736611  131.132725322   132.7147   5   6   5.4720   5.1158  14.8707  -1.6111   2.1369  -5.9458   0.00    0.0
2014/12/27 06:31:30.000  -12.843736202  131.132725911   132.5280   5   6   5.4718   5.1149  14.9826  -1.6171   2.1860  -5.9952   0.00    0.0
2014/12/27 06:32:00.000  -12.843736414  131.132726129   132.5834   5   6   5.4717   5.1141  15.0955  -1.6233   2.2339  -6.0444   0.00    0.0
2014/12/27 06:32:30.000  -12.843735447  131.132724904   132.4462   5   6   5.4716   5.1133  15.2095  -1.6295   2.2807  -6.0934   0.00    0.0
2014/12/27 06:33:00.000  -12.843735903  131.132725933   132.4955   5   6   5.4717   5.1126  15.3244  -1.6358   2.3264  -6.1422   0.00    0.0
2014/12/27 06:33:30.000  -12.843734806  131.132726543   132.3918   5   6   5.4718   5.1119  15.4402  -1.6422   2.3711  -6.1908   0.00    0.0
2014/12/27 06:34:00.000  -12.843733841  131.132726506   132.2707   5   6   5.4720   5.1114  15.5569  -1.6486   2.4147  -6.2391   0.00    0.0
2014/12/27 06:34:30.000  -12.843734247  131.132725698   132.7285   5   6   5.4722   5.1109  15.6744  -1.6550   2.4574  -6.2871   0.00    0.0
2014/12/27 06:35:00.000  -12.843735688  131.132726171   133.0482   5   6   5.4725   5.1104  15.7926  -1.6615   2.4991  -6.3348   0.00    0.0
2014/12/27 06:35:30.000  -12.843735433  131.132726389   132.9026   5   6   5.4728   5.1100  15.9115  -1.6679   2.5398  -6.3820   0.00    0.0
2014/12/27 06:36:00.000  -12.843735146  131.132726136   132.7100   5   6   5.4731   5.1097  16.0310  -1.6743   2.5795  -6.4289   0.00    0.0
2014/12/27 06:36:30.000  -12.843734451  131.132726311   132.3661   5   6   5.4734   5.1094  16.1510  -1.6806   2.6183  -6.4753   0.00    0.0
2014/12/27 06:37:00.000  -12.843733723  131.132726816   131.9814   5   6   5.4737   5.1092  16.2714  -1.6869   2.6561  -6.5212   0.00    0.0
2014/12/27 06:37:30.000  -12.843733011  131.132727876   131.7576   5   6   5.4739   5.1091  16.3921  -1.6931   2.6929  -6.5666   0.00    0.0
2014/12/27 06:38:00.000  -12.843731679  131.132729343   131.6653   5   6   5.4742   5.1090  16.5130  -1.6992   2.7288  -6.6114   0.00    0.0
2014/12/27 06:38:30.000  -12.843731731  131.132729621   131.3944   5   6   5.4743   5.1089  16.6341  -1.7052   2.7636  -6.6556   0.00    0.0
2014/12/27 06:39:00.000  -12.843730783  131.132728763   130.7873   5   6   5.4744   5.1089  16.7553  -1.7111   2.7975  -6.6991   0.00    0.0
2014/12/27 06:39:30.000  -12.843730090  131.132728887   130.8388   5   6   5.4744   5.1090  16.8763  -1.7168   2.8304  -6.7418   0.00    0.0
2014/12/27 06:40:00.000  -12.843730405  131.132727912   130.9723   5   6   5.4743   5.1091  16.9971  -1.7224   2.8622  -6.7838   0.00    0.0
2014/12/27 06:40:30.000  -12.843729994  131.132727790   130.8939   5   6   5.4740   5.1092  17.1177  -1.7278   2.8930  -6.8249   0.00    0.0
2014/12/27 06:41:00.000  -12.843729907  131.132728830   131.2549   5   6   5.4737   5.1094  17.2378  -1.7329   2.9228  -6.8652   0.00    0.0
2014/12/27 06:41:30.000  -12.843730922  131.132729535   131.8712   5   6   5.4731   5.1096  17.3573  -1.7379   2.9515  -6.9044   0.00    0.0
2014/12/27 06:42:00.000  -12.843731050  131.132730962   131.9225   5   6   5.4724   5.1099  17.4761  -1.7427   2.9790  -6.9427   0.00    0.0
2014/12/27 06:42:30.000  -12.843731205  131.132731870   131.7111   5   6   5.4715   5.1102  17.5941  -1.7472   3.0055  -6.9799   0.00    0.0
2014/12/27 06:43:00.000  -12.843730815  131.132732237   131.4968   5   6   5.4703   5.1105  17.7111  -1.7514   3.0307  -7.0159   0.00    0.0
2014/12/27 06:43:30.000  -12.843730564  131.132732314   131.2570   5   6   5.4690   5.1109  17.8270  -1.7554   3.0548  -7.0507   0.00    0.0
2014/12/27 06:44:00.000  -12.843730725  131.132731564   131.0807   5   6   5.4673   5.1113  17.9415  -1.7591   3.0777  -7.0842   0.00    0.0
2014/12/27 06:44:30.000  -12.843731232  131.132731872   131.2892   5   6   5.4655   5.1118  18.0547  -1.7625   3.0994  -7.1165   0.00    0.0
2014/12/27 06:45:00.000  -12.843730090  131.132731559   131.0379   5   6   5.4633   5.1123  18.1662  -1.7656   3.1198  -7.1473   0.00    0.0
2014/12/27 06:45:30.000  -12.843729777  131.132731176   131.3195   5   6   5.4608   5.1128  18.2760  -1.7683   3.1390  -7.1766   0.00    0.0
2014/12/27 06:46:00.000  -12.843729010  131.132731643   131.1404   5   6   5.4580   5.1134  18.3839  -1.7707   3.1568  -7.2044   0.00    0.0
2014/12/27 06:46:30.000  -12.843727852  131.132732779   130.6664   5   6   5.4549   5.1140  18.4897  -1.7728   3.1732  -7.2306   0.00    0.0
2014/12/27 06:47:00.000  -12.843728356  131.132731864   130.5272   5   6   5.4515   5.1146  18.5932  -1.7745   3.1883  -7.2552   0.00    0.0
2014/12/27 06:47:30.000  -12.843729243  131.132731590   130.8492   5   6   5.4476   5.1153  18.6944  -1.7759   3.2020  -7.2780   0.00    0.0
2014/12/27 06:48:00.000  -12.843728928  131.132732100   130.9817   5   6   5.4434   5.1160  18.7929  -1.7769   3.2143  -7.2990   0.00    0.0
2014/12/27 06:48:30.000  -12.843728057  131.132733691   131.0417   5   6   5.4388   5.1167  18.8887  -1.7775   3.2251  -7.3182   0.00    0.0
2014/12/27 06:49:00.000  -12.843727556  131.132734032   131.0835   5   6   5.4339   5.1174  18.9817  -1.7778   3.2345  -7.3354   0.00    0.0
2014/12/27 06:49:30.000  -12.843727943  131.132733742   130.7457   5   6   5.4285   5.1182  19.0715  -1.7776   3.2424  -7.3507   0.00    0.0
2014/12/27 06:50:00.000  -12.843728387  131.132734615   130.9542   5   6   5.4226   5.1191  19.1581  -1.7771   3.2487  -7.3639   0.00    0.0
2014/12/27 06:50:30.000  -12.843728232  131.132734556   130.9258   5   6   5.4164   5.1199  19.2414  -1.7762   3.2535  -7.3751   0.00    0.0
2014/12/27 06:51:00.000  -12.843727502  131.132734589   130.8016   5   6   5.4097   5.1208  19.3211  -1.7748   3.2567  -7.3841   0.00    0.0
2014/12/27 06:51:30.000  -12.843726894  131.132734735   130.2914   5   6   5.4026   5.1218  19.3972  -1.7731   3.2584  -7.3909   0.00    0.0
2014/12/27 06:52:00.000  -12.843725909  131.132735197   129.6840   5   6   5.3950   5.1227  19.4694  -1.7711   3.2585  -7.3955   0.00    0.0
2014/12/27 06:52:30.000  -12.843725357  131.132735300   129.2775   5   6   5.3870   5.1238  19.5377  -1.7686   3.2570  -7.3979   0.00    0.0
2014/12/27 06:53:00.000  -12.843726870  131.132736468   129.6484   5   6   5.3786   5.1248  19.6020  -1.7657   3.2538  -7.3979   0.00    0.0
2014/12/27 06:53:30.000  -12.843727210  131.132737088   129.7817   5   6   5.3697   5.1259  19.6620  -1.7625   3.2491  -7.3956   0.00    0.0
2014/12/27 06:54:00.000  -12.843727803  131.132737709   129.8015   5   6   5.3603   5.1271  19.7178  -1.7589   3.2427  -7.3909   0.00    0.0
2014/12/27 06:54:30.000  -12.843727474  131.132737630   129.6467   5   6   5.3506   5.1283  19.7692  -1.7550   3.2347  -7.3839   0.00    0.0
2014/12/27 06:55:00.000  -12.843726560  131.132737854   129.1624   5   6   5.3404   5.1295  19.8161  -1.7507   3.2251  -7.3745   0.00    0.0
2014/12/27 06:55:30.000  -12.843727349  131.132737173   129.2046   5   6   5.3298   5.1308  19.8584  -1.7461   3.2139  -7.3626   0.00    0.0
2014/12/27 06:56:00.000  -12.843727201  131.132736786   128.8978   5   6   5.3188   5.1322  19.8961  -1.7412   3.2010  -7.3483   0.00    0.0
2014/12/27 06:56:30.000  -12.843758668  131.132753206   143.8334   5   7   4.2087   4.8586  14.2147   1.5318  -3.6059  -2.9303   0.00    0.0
2014/12/27 06:57:00.000  -12.843757958  131.132754002   143.8535   5   7   4.2043   4.8581  14.2662   1.5370  -3.6289  -2.9219   0.00    0.0
2014/12/27 06:57:30.000  -12.843758213  131.132755420   144.0885   5   7   4.2001   4.8576  14.3169   1.5420  -3.6518  -2.9127   0.00    0.0
2014/12/27 06:58:00.000  -12.843759861  131.132754946   144.5009   5   7   4.1959   4.8572  14.3666   1.5469  -3.6745  -2.9025   0.00    0.0
2014/12/27 06:58:30.000  -12.843760037  131.132755609   144.7287   5   7   4.1918   4.8568  14.4154   1.5516  -3.6971  -2.8914   0.00    0.0
2014/12/27 06:59:00.000  -12.843760434  131.132756121   145.0028   5   7   4.1879   4.8564  14.4630   1.5562  -3.7194  -2.8793   0.00    0.0
2014/12/27 06:59:30.000  -12.843760979  131.132756347   145.5764   5   7   4.1840   4.8561  14.5096   1.5607  -3.7414  -2.8663   0.00    0.0
2014/12/27 07:00:00.000  -12.843760531  131.132757783   146.1316   5   7   4.1802   4.8558  14.5551   1.5650  -3.7632  -2.8524   0.00    0.0
2014/12/27 07:00:30.000  -12.843760406  131.132759398   146.0084   5   7   4.1765   4.8555  14.5994   1.5691  -3.7846  -2.8374   0.00    0.0
2014/12/27 07:01:00.000  -12.843760304  131.132760701   145.7956   5   7   4.1729   4.8553  14.6424   1.5731  -3.8057  -2.8215   0.00    0.0
2014/12/27 07:01:30.000  -12.843760201  131.132762110   145.7416   5   7   4.1694   4.8550  14.6842   1.5770  -3.8265  -2.8046   0.00    0.0
2014/12/27 07:02:00.000  -12.843759873  131.132763151   145.7378   5   7   4.1659   4.8548  14.7246   1.5807  -3.8468  -2.7867   0.00    0.0
2014/12/27 07:02:30.000  -12.843760042  131.132763590   145.8613   5   7   4.1626   4.8546  14.7637   1.5843  -3.8667  -2.7678   0.00    0.0
2014/12/27 07:03:00.000  -12.843759608  131.132764489   145.5180   5   7   4.1594   4.8544  14.8014   1.5877  -3.8862  -2.7478   0.00    0.0
2014/12/27 07:03:30.000  -12.843758855  131.132764488   145.4404   5   7   4.1563   4.8543  14.8377   1.5909  -3.9052  -2.7268   0.00    0.0
2014/12/27 07:04:00.000  -12.843759607  131.132764017   145.2779   5   7   4.1533   4.8541  14.8725   1.5940  -3.9237  -2.7048   0.00    0.0
2014/12/27 07:04:30.000  -12.843760437  131.132763655   145.5410   5   7   4.1504   4.8539  14.9057   1.5970  -3.9416  -2.6816   0.00    0.0
2014/12/27 07:05:00.000  -12.843761551  131.132765234   145.9242   5   7   4.1476   4.8538  14.9374   1.5998  -3.9590  -2.6575   0.00    0.0
2014/12/27 07:05:30.000  -12.843762065  131.132765845   146.0423   5   7   4.1449   4.8536  14.9674   1.6025  -3.9758  -2.6322   0.00    0.0
2014/12/27 07:06:00.000  -12.843761484  131.132765930   145.8047   5   7   4.1424   4.8534  14.9959   1.6050  -3.9920  -2.6059   0.00    0.0
2014/12/27 07:06:30.000  -12.843761246  131.132766425   145.2315   5   7   4.1399   4.8532  15.0226   1.6074  -4.0076  -2.5784   0.00    0.0
2014/12/27 07:07:00.000  -12.843760750  131.132767469   145.2321   5   7   4.1376   4.8530  15.0477   1.6097  -4.0225  -2.5499   0.00    0.0
2014/12/27 07:07:30.000  -12.843761028  131.132767546   145.3300   5   7   4.1353   4.8528  15.0710   1.6118  -4.0367  -2.5202   0.00    0.0
2014/12/27 07:08:00.000  -12.843761064  131.132768090   145.0283   5   7   4.1332   4.8526  15.0926   1.6138  -4.0503  -2.4893   0.00    0.0
2014/12/27 07:08:30.000  -12.843760662  131.132769556   144.6595   5   7   4.1312   4.8523  15.1123   1.6157  -4.0631  -2.4574   0.00    0.0
2014/12/27 07:09:00.000  -12.843760125  131.132770484   143.9119   5   7   4.1294   4.8520  15.1303   1.6174  -4.0752  -2.4243   0.00    0.0
2014/12/27 07:09:30.000  -12.843760661  131.132770451   143.5839   5   7   4.1276   4.8517  15.1464   1.6190  -4.0865  -2.3900   0.00    0.0
2014/12/27 07:10:00.000  -12.843760604  131.132770794   143.2463   5   7   4.1260   4.8513  15.1606   1.6205  -4.0970  -2.3545   0.00    0.0
2014/12/27 07:10:30.000  -12.843759884  131.132771696   143.0627   5   7   4.1245   4.8509  15.1730   1.6219  -4.1067  -2.3178   0.00    0.0
2014/12/27 07:11:00.000  -12.843759250  131.132771902   143.0901   5   7   4.1231   4.8505  15.1834   1.6232  -4.1156  -2.2799   0.00    0.0
2014/12/27 07:11:30.000  -12.843760048  131.132772025   143.3681   5   7   4.1219   4.8500  15.1920   1.6243  -4.1237  -2.2407   0.00    0.0
2014/12/27 07:12:00.000  -12.843761342  131.132771994   143.1065   5   7   4.1207   4.8495  15.1986   1.6254  -4.1309  -2.2003   0.00    0.0
2014/12/27 07:12:30.000  -12.843761945  131.132773559   142.7576   5   7   4.1198   4.8489  15.2034   1.6264  -4.1373  -2.1586   0.00    0.0
2014/12/27 07:13:00.000  -12.843761676  131.132775044   142.7676   5   7   4.1189   4.8483  15.2061   1.6273  -4.1428  -2.1156   0.00    0.0
2014/12/27 07:13:30.000  -12.843761725  131.132775978   142.7659   5   7   4.1182   4.8476  15.2070   1.6281  -4.1474  -2.0713   0.00    0.0
2014/12/27 07:14:00.000  -12.843761490  131.132777117   142.1333   5   7   4.1176   4.8469  15.2059   1.6288  -4.1511  -2.0256   0.00    0.0
2014/12/27 07:14:30.000  -12.843760426  131.132777884   141.6523   5   7   4.1171   4.8461  15.2029   1.6295  -4.1539  -1.9784   0.00    0.0
2014/12/27 07:15:00.000  -12.843760928  131.132778944   141.3928   5   7   4.1168   4.8453  15.1979   1.6301  -4.1558  -1.9298   0.00    0.0
2014/12/27 07:15:30.000  -12.843761176  131.132777667   141.0175   5   7   4.1166   4.8444  15.1910   1.6306  -4.1568  -1.8797   0.00    0.0
2014/12/27 07:16:00.000  -12.843761237  131.132778150   140.6576   5   7   4.1165   4.8434  15.1822   1.6311  -4.1568  -1.8279   0.00    0.0
2014/12/27 07:16:30.000  -12.843761066  131.132778051   140.6036   5   7   4.1166   4.8423  15.1715   1.6316  -4.1559  -1.7745   0.00    0.0
2014/12/27 07:17:00.000  -12.843759995  131.132778883   140.1491   5   7   4.1168   4.8412  15.1589   1.6320  -4.1541  -1.7194   0.00    0.0
2014/12/27 07:17:30.000  -12.843759978  131.132778821   139.7768   5   7   4.1172   4.8401  15.1444   1.6324  -4.1513  -1.6624   0.00    0.0
2014/12/27 07:18:00.000  -12.843759672  131.132778540   139.2928   5   7   4.1176   4.8388  15.1281   1.6327  -4.1476  -1.6034   0.00    0.0
2014/12/27 07:18:30.000  -12.843759272  131.132778731   139.0667   5   7   4.1182   4.8375  15.1099   1.6331  -4.1429  -1.5422   0.00    0.0
2014/12/27 07:19:00.000  -12.843758948  131.132779457   138.7739   5   7   4.1190   4.8362  15.0899   1.6334  -4.1373  -1.4787   0.00    0.0
2014/12/27 07:19:30.000  -12.843758566  131.132779226   138.5309   5   7   4.1199   4.8347  15.0681   1.6338  -4.1308  -1.4125   0.00    0.0
2014/12/27 07:20:00.000  -12.843757836  131.132778676   138.1025   5   7   4.1209   4.8332  15.0446   1.6341  -4.1233  -1.3435   0.00    0.0
2014/12/27 07:20:30.000  -12.843757980  131.132779310   137.8007   5   7   4.1220   4.8316  15.0193   1.6345  -4.1149  -1.2712   0.00    0.0
2014/12/27 07:21:00.000  -12.843757816  131.132779512   137.5346   5   7   4.1232   4.8300  14.9924   1.6348  -4.1055  -1.1950   0.00    0.0
2014/12/27 07:21:30.000  -12.843758217  131.132779963   136.9818   5   7   4.1246   4.8283  14.9638   1.6352  -4.0952  -1.1143   0.00    0.0
2014/12/27 07:22:00.000  -12.843758532  131.132780432   136.7963   5   7   4.1261   4.8265  14.9335   1.6356  -4.0841  -1.0281   0.00    0.0
2014/12/27 07:22:30.000  -12.843758731  131.132781064   136.0476   5   7   4.1278   4.8247  14.9017   1.6361  -4.0720  -0.9350   0.00    0.0
2014/12/27 07:23:00.000  -12.843757874  131.132780493   135.8129   5   7   4.1295   4.8228  14.8683   1.6366  -4.0589  -0.8328   0.00    0.0
2014/12/27 07:23:30.000  -12.843758148  131.132779657   135.3990   5   7   4.1314   4.8208  14.8334   1.6372  -4.0450  -0.7177   0.00    0.0
2014/12/27 07:24:00.000  -12.843757663  131.132780944   135.4029   5   7   4.1334   4.8188  14.7970   1.6378  -4.0303  -0.5821   0.00    0.0
2014/12/27 07:24:30.000  -12.843757493  131.132780819   135.1679   5   7   4.1355   4.8167  14.7592   1.6384  -4.0146  -0.4065   0.00    0.0
2014/12/27 07:25:00.000  -12.843758040  131.132781299   134.5863   5   7   4.1378   4.8146  14.7201   1.6391  -3.9981   0.0758   0.00    0.0
2014/12/27 07:25:30.000  -12.843757275  131.132781118   134.1408   5   7   4.1401   4.8124  14.6795   1.6399  -3.9807   0.4170   0.00    0.0
2014/12/27 07:26:00.000  -12.843756489  131.132781125   133.9034   5   7   4.1426   4.8101  14.6377   1.6408  -3.9625   0.5824   0.00    0.0
2014/12/27 07:26:30.000  -12.843756391  131.132781304   133.8294   5   7   4.1451   4.8078  14.5946   1.6417  -3.9434   0.7081   0.00    0.0
2014/12/27 07:27:00.000  -12.843755896  131.132781375   133.3961   5   7   4.1478   4.8055  14.5503   1.6427  -3.9235   0.8127   0.00    0.0
2014/12/27 07:27:30.000  -12.843755672  131.132781913   133.3395   5   7   4.1506   4.8031  14.5049   1.6437  -3.9029   0.9035   0.00    0.0
2014/12/27 07:28:00.000  -12.843755777  131.132781905   133.0483   5   7   4.1535   4.8006  14.4583   1.6449  -3.8814   0.9843   0.00    0.0
2014/12/27 07:28:30.000  -12.843756110  131.132782283   132.7924   5   7   4.1564   4.7981  14.4107   1.6461  -3.8592   1.0573   0.00    0.0
2014/12/27 07:29:00.000  -12.843757182  131.132782724   132.2328   5   7   4.1595   4.7956  14.3620   1.6475  -3.8362   1.1240   0.00    0.0
2014/12/27 07:29:30.000  -12.843757378  131.132782412   131.8694   5   7   4.1627   4.7931  14.3124   1.6489  -3.8124   1.1854   0.00    0.0
2014/12/27 07:30:00.000  -12.843757235  131.132781374   131.6250   5   7   4.1659   4.7905  14.2618   1.6504  -3.7879   1.2424   0.00    0.0
2014/12/27 07:30:30.000  -12.843757222  131.132781519   131.2393   5   7   4.1693   4.7879  14.2104   1.6519  -3.7627   1.2954   0.00    0.0
2014/12/27 07:31:00.000  -12.843756497  131.132780794   131.0160   5   7   4.1727   4.7852  14.1581   1.6536  -3.7368   1.3449   0.00    0.0
2014/12/27 07:31:30.000  -12.843756080  131.132780016   130.9388   5   7   4.1762   4.7825  14.1051   1.6554  -3.7101   1.3913   0.00    0.0
2014/12/27 07:32:00.000  -12.843755788  131.132779804   130.5987   5   7   4.1798   4.7798  14.0513   1.6572  -3.6828   1.4348   0.00    0.0
2014/12/27 07:32:30.000  -12.843756100  131.132779837   130.8579   5   7   4.1835   4.7771  13.9969   1.6591  -3.6549   1.4757   0.00    0.0
2014/12/27 07:33:00.000  -12.843756884  131.132780499   130.6162   5   7   4.1873   4.7744  13.9417   1.6611  -3.6262   1.5143   0.00    0.0
2014/12/27 07:33:30.000  -12.843757417  131.132780590   130.1172   5   7   4.1911   4.7717  13.8860   1.6632  -3.5970   1.5506   0.00    0.0
2014/12/27 07:34:00.000  -12.843758679  131.132781223   130.0008   5   7   4.1950   4.7689  13.8298   1.6654  -3.5671   1.5848   0.00    0.0
2014/12/27 07:34:30.000  -12.843757615  131.132780760   130.2187   5   7   4.1990   4.7662  13.7730   1.6677  -3.5366   1.6171   0.00    0.0
2014/12/27 07:35:00.000  -12.843757246  131.132779045   130.3860   5   7   4.2030   4.7634  13.7157   1.6700  -3.5055   1.6476   0.00    0.0
2014/12/27 07:35:30.000  -12.843756194  131.132778922   130.2078   5   7   4.2071   4.7607  13.6580   1.6724  -3.4738   1.6763   0.00    0.0
2014/12/27 07:36:00.000  -12.843756306  131.132779905   129.6460   5   6   4.7566   5.4388  20.8614  -1.7384  -7.3160   6.1552   0.00    0.0
2014/12/27 07:36:30.000  -12.843756735  131.132780108   129.3268   5   6   4.7631   5.4272  20.7820  -1.7283  -7.2701   6.1602   0.00    0.0
2014/12/27 07:37:00.000  -12.843757040  131.132780309   129.0832   5   6   4.7694   5.4153  20.6984  -1.7170  -7.2222   6.1631   0.00    0.0
2014/12/27 07:37:30.000  -12.843757024  131.132780447   128.5945   5   6   4.7755   5.4031  20.6107  -1.7047  -7.1724   6.1639   0.00    0.0
2014/12/27 07:38:00.000  -12.843757082  131.132780451   128.4091   5   6   4.7813   5.3906  20.5191  -1.6912  -7.1207   6.1627   0.00    0.0
2014/12/27 07:38:30.000  -12.843757342  131.132779695   128.1744   5   6   4.7868   5.3779  20.4238  -1.6766  -7.0672   6.1595   0.00    0.0
2014/12/27 07:39:00.000  -12.843757525  131.132779645   128.2480   5   6   4.7921   5.3651  20.3251  -1.6610  -7.0121   6.1543   0.00    0.0
2014/12/27 07:39:30.000  -12.843757147  131.132778479   128.5372   5   6   4.7972   5.3521  20.2231  -1.6443  -6.9553   6.1473   0.00    0.0
2014/12/27 07:40:00.000  -12.843757275  131.132778730   128.9711   5   6   4.8020   5.3389  20.1180  -1.6265  -6.8971   6.1385   0.00    0.0
2014/12/27 07:40:30.000  -12.843757666  131.132779678   128.4129   5   6   4.8066   5.3256  20.0101  -1.6077  -6.8375   6.1280   0.00    0.0
2014/12/27 07:41:00.000  -12.843758352  131.132779746   127.6718   5   6   4.8109   5.3122  19.8995  -1.5880  -6.7765   6.1157   0.00    0.0
2014/12/27 07:41:30.000  -12.843758680  131.132778591   127.5508   5   6   4.8150   5.2988  19.7864  -1.5672  -6.7143   6.1019   0.00    0.0
2014/12/27 07:42:00.000  -12.843758849  131.132777623   127.9508   5   6   4.8189   5.2853  19.6710  -1.5454  -6.6510   6.0865   0.00    0.0
2014/12/27 07:42:30.000  -12.843758514  131.132777738   128.0623   5   6   4.8225   5.2718  19.5536  -1.5227  -6.5865   6.0695   0.00    0.0
2014/12/27 07:43:00.000  -12.843758897  131.132777869   127.7551   5   6   4.8260   5.2583  19.4343  -1.4991  -6.5211   6.0512   0.00    0.0
2014/12/27 07:43:30.000  -12.843759003  131.132777903   127.7742   5   6   4.8292   5.2449  19.3133  -1.4745  -6.4548   6.0315   0.00    0.0
2014/12/27 07:44:00.000  -12.843758828  131.132778174   127.8940   5   6   4.8322   5.2314  19.1908  -1.4490  -6.3877   6.0105   0.00    0.0
2014/12/27 07:44:30.000  -12.843759045  131.132776860   127.6913   5   6   4.8350   5.2181  19.0669  -1.4226  -6.3198   5.9882   0.00    0.0
2014/12/27 07:45:00.000  -12.843759786  131.132776416   127.3484   5   6   4.8376   5.2048  18.9419  -1.3953  -6.2513   5.9648   0.00    0.0
2014/12/27 07:45:30.000  -12.843759952  131.132777215   127.0511   5   6   4.8400   5.1917  18.8159  -1.3672  -6.1821   5.9403   0.00    0.0
2014/12/27 07:46:00.000  -12.843759756  131.132777692   126.9981   5   6   4.8423   5.1786  18.6891  -1.3381  -6.1124   5.9147   0.00    0.0
2014/12/27 07:46:30.000  -12.843759737  131.132777468   127.1793   5   6   4.8444   5.1657  18.5616  -1.3081  -6.0422   5.8881   0.00    0.0
2014/12/27 07:47:00.000  -12.843760094  131.132776113   127.2949   5   6   4.8463   5.1529  18.4335  -1.2773  -5.9716   5.8605   0.00    0.0
2014/12/27 07:47:30.000  -12.843760142  131.132774512   127.4301   5   6   4.8480   5.1403  18.3051  -1.2455  -5.9006   5.8320   0.00    0.0
2014/12/27 07:48:00.000  -12.843760024  131.132773648   127.4072   5   6   4.8496   5.1279  18.1764  -1.2128  -5.8293   5.8027   0.00    0.0
2014/12/27 07:48:30.000  -12.843759472  131.132773345   127.3026   5   6   4.8510   5.1157  18.0476  -1.1792  -5.7578   5.7727   0.00    0.0
2014/12/27 07:49:00.000  -12.843758435  131.132773168   127.5353   5   6   4.8523   5.1036  17.9187  -1.1446  -5.6861   5.7418   0.00    0.0
2014/12/27 07:49:30.000  -12.843757783  131.132772826   127.6479   5   6   4.8535   5.0918  17.7900  -1.1090  -5.6142   5.7103   0.00    0.0
2014/12/27 07:50:00.000  -12.843757906  131.132772869   127.8179   5   6   4.8545   5.0802  17.6615  -1.0724  -5.5422   5.6782   0.00    0.0
2014/12/27 07:50:30.000  -12.843758615  131.132772315   128.0285   5   6   4.8555   5.0688  17.5333  -1.0347  -5.4701   5.6454   0.00    0.0
2014/12/27 07:51:00.000  -12.843758349  131.132772147   128.2684   5   6   4.8563   5.0576  17.4056  -0.9958  -5.3980   5.6121   0.00    0.0
2014/12/27 07:51:30.000  -12.843758235  131.132771803   128.1806   5   6   4.8569   5.0466  17.2783  -0.9556  -5.3259   5.5783   0.00    0.0
2014/12/27 07:52:00.000  -12.843757335  131.132770751   128.6182   5   6   4.8575   5.0359  17.1517  -0.9141  -5.2538   5.5439   0.00    0.0
2014/12/27 07:52:30.000  -12.843758279  131.132772285   128.3426   5   6   4.8580   5.0255  17.0257  -0.8711  -5.1817   5.5092   0.00    0.0
2014/12/27 07:53:00.000  -12.843759420  131.132772330   128.3474   5   6   4.8584   5.0152  16.9004  -0.8263  -5.1098   5.4740   0.00    0.0
2014/12/27 07:53:30.000  -12.843759245  131.132771884   128.7002   5   6   4.8587   5.0053  16.7760  -0.7796  -5.0380   5.4384   0.00    0.0
2014/12/27 07:54:00.000  -12.843760018  131.132770796   128.6037   5   6   4.8589   4.9956  16.6525  -0.7306  -4.9662   5.4025   0.00    0.0
2014/12/27 07:54:30.000  -12.843759333  131.132769381   128.5543   5   6   4.8591   4.9861  16.5299  -0.6790  -4.8947   5.3663   0.00    0.0
2014/12/27 07:55:00.000  -12.843757967  131.132768291   129.0379   5   6   4.8591   4.9769  16.4083  -0.6240  -4.8233   5.3298   0.00    0.0
2014/12/27 07:55:30.000  -12.843757639  131.132768067   129.1272   5   6   4.8591   4.9680  16.2877  -0.5647  -4.7520   5.2930   0.00    0.0
2014/12/27 07:56:00.000  -12.843758372  131.132767885   129.1368   5   6   4.8590   4.9593  16.1682  -0.4997  -4.6810   5.2560   0.00    0.0
2014/12/27 07:56:30.000  -12.843758631  131.132767527   129.3450   5   6   4.8589   4.9508  16.0499  -0.4266  -4.6102   5.2188   0.00    0.0
2014/12/27 07:57:00.000  -12.843759195  131.132767953   129.1723   5   6   4.8587   4.9427  15.9327  -0.3399  -4.5395   5.1814   0.00    0.0
2014/12/27 07:57:30.000  -12.843758577  131.132768594   129.4025   5   6   4.8585   4.9348  15.8167  -0.2250  -4.4691   5.1438   0.00    0.0
2014/12/27 07:58:00.000  -12.843758810  131.132768718   129.4489   5   6   4.8582   4.9271  15.7020   0.1134  -4.3989   5.1061   0.00    0.0
2014/12/27 07:58:30.000  -12.843758864  131.132768690   129.4375   5   6   4.8578   4.9197  15.5885   0.2735  -4.3289   5.0682   0.00    0.0
2014/12/27 07:59:00.000  -12.843758817  131.132767412   129.4394   5   6   4.8574   4.9126  15.4762   0.3677  -4.2591   5.0302   0.00    0.0
2014/12/27 07:59:30.000  -12.843758427  131.132767264   129.7189   5   6   4.8569   4.9057  15.3653   0.4404  -4.1895   4.9921   0.00    0.0
2014/12/27 08:00:00.000  -12.843757832  131.132768486   129.9938   5   6   4.8564   4.8990  15.2557   0.5011  -4.1202   4.9540   0.00    0.0
2014/12/27 08:00:30.000  -12.843757455  131.132768703   130.1569   5   6   4.8559   4.8926  15.1475   0.5537  -4.0510   4.9157   0.00    0.0
2014/12/27 08:01:00.000  -12.843756747  131.132767409   130.1165   5   6   4.8553   4.8865  15.0406   0.6004  -3.9820   4.8774   0.00    0.0
2014/12/27 08:01:30.000  -12.843757142  131.132766509   129.9833   5   6   4.8547   4.8806  14.9350   0.6423  -3.9132   4.8391   0.00    0.0
2014/12/27 08:02:00.000  -12.843757240  131.132765921   129.9730   5   6   4.8541   4.8749  14.8308   0.6804  -3.8446   4.8007   0.00    0.0
2014/12/27 08:02:30.000  -12.843757364  131.132764737   129.7607   5   6   4.8534   4.8695  14.7280   0.7153  -3.7761   4.7622   0.00    0.0
2014/12/27 08:03:00.000  -12.843757191  131.132764945   129.9423   5   6   4.8527   4.8643  14.6266   0.7473  -3.7078   4.7238   0.00    0.0
2014/12/27 08:03:30.000  -12.843756805  131.132766622   130.0227   5   6   4.8520   4.8593  14.5266   0.7769  -3.6395   4.6853   0.00    0.0
2014/12/27 08:04:00.000  -12.843757251  131.132766726   129.9115   5   6   4.8512   4.8546  14.4279   0.8044  -3.5714   4.6469   0.00    0.0
2014/12/27 08:04:30.000  -12.843757488  131.132766603   130.1340   5   6   4.8504   4.8501  14.3307   0.8298  -3.5034   4.6084   0.00    0.0
2014/12/27 08:05:00.000  -12.843757734  131.132766134   130.4711   5   6   4.8496   4.8458  14.2348   0.8534  -3.4354   4.5699   0.00    0.0
2014/12/27 08:05:30.000  -12.843756926  131.132766540   130.6010   5   6   4.8488   4.8418  14.1403   0.8753  -3.3674   4.5315   0.00    0.0
2014/12/27 08:06:00.000  -12.843755933  131.132765861   130.6420   5   6   4.8479   4.8379  14.0472   0.8957  -3.2995   4.4931   0.00    0.0
2014/12/27 08:06:30.000  -12.843754786  131.132765783   130.8036   5   6   4.8470   4.8343  13.9554   0.9147  -3.2315   4.4547   0.00    0.0
2014/12/27 08:07:00.000  -12.843754491  131.132765263   130.8929   5   6   4.8461   4.8309  13.8650   0.9323  -3.1634   4.4163   0.00    0.0
2014/12/27 08:07:30.000  -12.843753828  131.132765425   130.9991   5   6   4.8451   4.8277  13.7760   0.9485  -3.0952   4.3779   0.00    0.0
2014/12/27 08:08:00.000  -12.843754286  131.132766433   130.7813   5   6   4.8442   4.8247  13.6883   0.9636  -3.0269   4.3396   0.00    0.0
2014/12/27 08:08:30.000  -12.843753937  131.132765846   130.5393   5   6   4.8432   4.8220  13.6020   0.9775  -2.9584   4.3013   0.00    0.0
2014/12/27 08:09:00.000  -12.843753995  131.132765138   130.4891   5   6   4.8422   4.8194  13.5171   0.9903  -2.8896   4.2630   0.00    0.0
2014/12/27 08:09:30.000  -12.843752844  131.132764168   130.3915   5   6   4.8412   4.8170  13.4334   1.0020  -2.8205   4.2248   0.00    0.0
2014/12/27 08:10:00.000  -12.843750537  131.132762915   130.1814   5   7   4.6296   4.7961  12.3175   1.2748  -3.1235   4.9800   0.00    0.0
2014/12/27 08:10:30.000  -12.843750616  131.132763785   130.3630   5   7   4.6226   4.7929  12.2554   1.2932  -3.0692   4.9490   0.00    0.0
2014/12/27 08:11:00.000  -12.843750964  131.132764105   130.5752   5   7   4.6155   4.7899  12.1940   1.3108  -3.0149   4.9180   0.00    0.0
2014/12/27 08:11:30.000  -12.843751778  131.132763512   130.7982   5   7   4.6084   4.7870  12.1334   1.3276  -2.9605   4.8870   0.00    0.0
2014/12/27 08:12:00.000  -12.843751356  131.132763555   131.0771   5   7   4.6013   4.7843  12.0735   1.3436  -2.9060   4.8561   0.00    0.0
2014/12/27 08:12:30.000  -12.843754627  131.132760482   129.8995   5   8   4.1585   4.5533  10.5722  -1.0024  -4.0576   3.4840   0.00    0.0
2014/12/27 08:13:00.000  -12.843755941  131.132760689   129.6751   5   8   4.1561   4.5446  10.5326  -0.9923  -4.0237   3.4650   0.00    0.0
2014/12/27 08:13:30.000  -12.843756196  131.132759901   129.7695   5   8   4.1537   4.5361  10.4933  -0.9824  -3.9900   3.4459   0.00    0.0
2014/12/27 08:14:00.000  -12.843755884  131.132759717   129.9435   5   8   4.1512   4.5276  10.4545  -0.9727  -3.9564   3.4266   0.00    0.0
2014/12/27 08:14:30.000  -12.843755592  131.132760028   129.7186   5   8   4.1488   4.5194  10.4160  -0.9633  -3.9229   3.4073   0.00    0.0
2014/12/27 08:15:00.000  -12.843754440  131.132760491   129.5643   5   8   4.1462   4.5112  10.3779  -0.9540  -3.8895   3.3878   0.00    0.0
2014/12/27 08:15:30.000  -12.843753050  131.132760060   129.5747   5   8   4.1436   4.5032  10.3401  -0.9449  -3.8562   3.3682   0.00    0.0
2014/12/27 08:16:00.000  -12.843752521  131.132759799   129.7236   5   8   4.1410   4.4954  10.3028  -0.9361  -3.8230   3.3485   0.00    0.0
2014/12/27 08:16:30.000  -12.843752867  131.132760722   129.2964   5   8   4.1384   4.4877  10.2659  -0.9275  -3.7899   3.3287   0.00    0.0
2014/12/27 08:17:00.000  -12.843753225  131.132761476   129.4030   5   8   4.1357   4.4801  10.2294  -0.9192  -3.7570   3.3088   0.00    0.0
2014/12/27 08:17:30.000  -12.843752536  131.132760789   129.6401   5   8   4.1329   4.4727  10.1933  -0.9110  -3.7241   3.2888   0.00    0.0
2014/12/27 08:18:00.000  -12.843752097  131.132761645   129.8125   5   8   4.1302   4.4654  10.1576  -0.9032  -3.6914   3.2686   0.00    0.0
2014/12/27 08:18:30.000  -12.843752295  131.132761981   129.8531   5   8   4.1273   4.4582  10.1223  -0.8956  -3.6588   3.2485   0.00    0.0
2014/12/27 08:19:00.000  -12.843751369  131.132762084   130.0708   5   8   4.1245   4.4512  10.0874  -0.8883  -3.6262   3.2282   0.00    0.0
2014/12/27 08:19:30.000  -12.843751631  131.132760759   130.0521   5   8   4.1216   4.4444  10.0529  -0.8812  -3.5938   3.2078   0.00    0.0
2014/12/27 08:20:00.000  -12.843751519  131.132759514   130.1903   5   8   4.1187   4.4376  10.0189  -0.8745  -3.5615   3.1873   0.00    0.0
2014/12/27 08:20:30.000  -12.843751968  131.132761223   130.1611   5   8   4.1158   4.4310   9.9853  -0.8680  -3.5293   3.1668   0.00    0.0
2014/12/27 08:21:00.000  -12.843752715  131.132761642   130.0993   5   8   4.1128   4.4246   9.9521  -0.8618  -3.4971   3.1461   0.00    0.0
2014/12/27 08:21:30.000  -12.843753507  131.132761341   130.1380   5   8   4.1098   4.4183   9.9193  -0.8559  -3.4651   3.1254   0.00    0.0
2014/12/27 08:22:00.000  -12.843754460  131.132761268   130.1672   5   8   4.1068   4.4121   9.8869  -0.8503  -3.4332   3.1046   0.00    0.0
2014/12/27 08:22:30.000  -12.843754904  131.132759772   130.1681   5   8   4.1038   4.4061   9.8550  -0.8450  -3.4013   3.0837   0.00    0.0
2014/12/27 08:23:00.000  -12.843754556  131.132759002   130.2326   5   8   4.1007   4.4002   9.8235  -0.8400  -3.3695   3.0628   0.00    0.0
2014/12/27 08:23:30.000  -12.843753795  131.132759791   130.0686   5   8   4.0976   4.3945   9.7924  -0.8353  -3.3378   3.0417   0.00    0.0
2014/12/27 08:24:00.000  -12.843752911  131.132760958   130.3615   5   8   4.0945   4.3889   9.7617  -0.8310  -3.3062   3.0206   0.00    0.0
2014/12/27 08:24:30.000  -12.843753220  131.132761501   130.4827   5   8   4.0913   4.3834   9.7315  -0.8269  -3.2747   2.9994   0.00    0.0
2014/12/27 08:25:00.000  -12.843753754  131.132761027   130.3044   5   8   4.0882   4.3781   9.7017  -0.8232  -3.2432   2.9781   0.00    0.0
2014/12/27 08:25:30.000  -12.843753070  131.132761078   130.4609   5   8   4.0850   4.3728   9.6723  -0.8197  -3.2118   2.9568   0.00    0.0
2014/12/27 08:26:00.000  -12.843753095  131.132761194   130.4432   5   8   4.0818   4.3678   9.6433  -0.8166  -3.1804   2.9353   0.00    0.0
2014/12/27 08:26:30.000  -12.843752945  131.132761074   130.5714   5   8   4.0785   4.3629   9.6147  -0.8138  -3.1491   2.9138   0.00    0.0
2014/12/27 08:27:00.000  -12.843752641  131.132761419   130.7869   5   8   4.0753   4.3581   9.5866  -0.8113  -3.1179   2.8922   0.00    0.0
2014/12/27 08:27:30.000  -12.843752952  131.132761613   131.0788   5   8   4.0720   4.3534   9.5589  -0.8092  -3.0867   2.8705   0.00    0.0
2014/12/27 08:28:00.000  -12.843752442  131.132762331   130.9160   5   8   4.0687   4.3489   9.5316  -0.8073  -3.0555   2.8487   0.00    0.0
2014/12/27 08:28:30.000  -12.843752084  131.132762965   130.4960   5   8   4.0654   4.3445   9.5047  -0.8058  -3.0244   2.8269   0.00    0.0
2014/12/27 08:29:00.000  -12.843751919  131.132762747   130.4149   5   8   4.0621   4.3402   9.4782  -0.8045  -2.9933   2.8049   0.00    0.0
2014/12/27 08:29:30.000  -12.843752626  131.132763501   130.4273   5   8   4.0588   4.3361   9.4522  -0.8036  -2.9622   2.7829   0.00    0.0
2014/12/27 08:30:00.000  -12.843753639  131.132763504   130.3914   5   8   4.0554   4.3321   9.4265  -0.8030  -2.9311   2.7608   0.00    0.0
2014/12/27 08:30:30.000  -12.843753740  131.132763619   130.5223   5   8   4.0521   4.3282   9.4013  -0.8026  -2.9000   2.7386   0.00    0.0
2014/12/27 08:31:00.000  -12.843752746  131.132764092   130.6630   5   8   4.0487   4.3244   9.3765  -0.8026  -2.8690   2.7163   0.00    0.0
2014/12/27 08:31:30.000  -12.843753673  131.132762696   130.1942   5   8   4.0453   4.3208   9.3520  -0.8028  -2.8379   2.6939   0.00    0.0
2014/12/27 08:32:00.000  -12.843754998  131.132761640   129.8035   5   8   4.0419   4.3173   9.3280  -0.8034  -2.8068   2.6714   0.00    0.0
2014/12/27 08:32:30.000  -12.843755576  131.132762799   129.8203   5   8   4.0385   4.3140   9.3044  -0.8042  -2.7757   2.6489   0.00    0.0
2014/12/27 08:33:00.000  -12.843754475  131.132763372   129.9656   5   8   4.0351   4.3108   9.2811  -0.8052  -2.7446   2.6262   0.00    0.0
2014/12/27 08:33:30.000  -12.843754052  131.132763947   129.8284   5   8   4.0317   4.3076   9.2583  -0.8066  -2.7134   2.6034   0.00    0.0
2014/12/27 08:34:00.000  -12.843754068  131.132764086   129.8719   5   8   4.0283   4.3047   9.2358  -0.8082  -2.6822   2.5805   0.00    0.0
2014/12/27 08:34:30.000  -12.843753598  131.132764144   130.0119   5   8   4.0249   4.3018   9.2138  -0.8100  -2.6509   2.5575   0.00    0.0
2014/12/27 08:35:00.000  -12.843759207  131.132761658   131.4878   5   7   4.4981   4.3614  10.1972   0.9063  -3.1790  -1.5725   0.00    0.0
2014/12/27 08:35:30.000  -12.843760450  131.132761514   131.3109   5   7   4.4917   4.3583  10.1856   0.8973  -3.1528  -1.6099   0.00    0.0
2014/12/27 08:36:00.000  -12.843759868  131.132763335   131.2894   5   7   4.4852   4.3553  10.1744   0.8880  -3.1266  -1.6461   0.00    0.0
2014/12/27 08:36:30.000  -12.843759616  131.132763672   131.3415   5   7   4.4789   4.3523  10.1634   0.8784  -3.1003  -1.6814   0.00    0.0
2014/12/27 08:37:00.000  -12.843760260  131.132762729   131.5238   5   7   4.4725   4.3495  10.1528   0.8684  -3.0739  -1.7157   0.00    0.0
2014/12/27 08:37:30.000  -12.843759959  131.132762159   131.5553   5   7   4.4662   4.3468  10.1424   0.8581  -3.0474  -1.7491   0.00    0.0
2014/12/27 08:38:00.000  -12.843759939  131.132762413   131.6848   5   7   4.4600   4.3443  10.1324   0.8475  -3.0209  -1.7817   0.00    0.0
2014/12/27 08:38:30.000  -12.843759826  131.132762410   131.5815   5   7   4.4538   4.3418  10.1227   0.8365  -2.9942  -1.8136   0.00    0.0
2014/12/27 08:39:00.000  -12.843759732  131.132763376   131.1204   5   7   4.4476   4.3394  10.1132   0.8252  -2.9675  -1.8447   0.00    0.0
2014/12/27 08:39:30.000  -12.843759691  131.132763899   131.1297   5   7   4.4415   4.3372  10.1041   0.8136  -2.9407  -1.8751   0.00    0.0
2014/12/27 08:40:00.000  -12.843760370  131.132763614   131.1299   5   7   4.4354   4.3350  10.0952   0.8016  -2.9137  -1.9049   0.00    0.0
2014/12/27 08:40:30.000  -12.843760475  131.132762833   130.9911   5   7   4.4294   4.3330  10.0867   0.7892  -2.8867  -1.9340   0.00    0.0
2014/12/27 08:41:00.000  -12.843760433  131.132763567   131.0269   5   7   4.4234   4.3311  10.0784   0.7765  -2.8596  -1.9626   0.00    0.0
2014/12/27 08:41:30.000  -12.843760420  131.132764243   131.0799   5   7   4.4175   4.3293  10.0704   0.7634  -2.8323  -1.9907   0.00    0.0
2014/12/27 08:42:00.000  -12.843760356  131.132763623   131.0139   5   7   4.4116   4.3276  10.0627   0.7499  -2.8049  -2.0182   0.00    0.0
2014/12/27 08:42:30.000  -12.843760940  131.132763603   131.1347   5   7   4.4058   4.3260  10.0553   0.7360  -2.7774  -2.0452   0.00    0.0
2014/12/27 08:43:00.000  -12.843761262  131.132764820   131.3143   5   7   4.4000   4.3245  10.0482   0.7217  -2.7497  -2.0718   0.00    0.0
2014/12/27 08:43:30.000  -12.843760279  131.132764753   131.3942   5   7   4.3942   4.3231  10.0414   0.7070  -2.7219  -2.0979   0.00    0.0
2014/12/27 08:44:00.000  -12.843760078  131.132764861   131.1266   5   7   4.3885   4.3219  10.0348   0.6918  -2.6939  -2.1236   0.00    0.0
2014/12/27 08:44:30.000  -12.843758948  131.132764549   130.7748   5   7   4.3829   4.3207  10.0286   0.6761  -2.6658  -2.1489   0.00    0.0
2014/12/27 08:45:00.000  -12.843758204  131.132765252   130.8209   5   7   4.3773   4.3197  10.0226   0.6599  -2.6376  -2.1739   0.00    0.0
2014/12/27 08:45:30.000  -12.843757881  131.132764687   130.9455   5   7   4.3718   4.3188  10.0168   0.6432  -2.6091  -2.1984   0.00    0.0
2014/12/27 08:46:00.000  -12.843757642  131.132763245   130.6931   5   7   4.3663   4.3180  10.0114   0.6259  -2.5805  -2.2226   0.00    0.0
2014/12/27 08:46:30.000  -12.843756689  131.132762364   130.5667   5   7   4.3609   4.3172  10.0062   0.6081  -2.5517  -2.2465   0.00    0.0
2014/12/27 08:47:00.000  -12.843755773  131.132763009   130.4540   5   7   4.3555   4.3166  10.0013   0.5895  -2.5227  -2.2700   0.00    0.0
2014/12/27 08:47:30.000  -12.843754585  131.132763599   130.3512   5   7   4.3502   4.3161   9.9966   0.5703  -2.4934  -2.2933   0.00    0.0
2014/12/27 08:48:00.000  -12.843753498  131.132763806   130.0459   5   7   4.3449   4.3157   9.9922   0.5503  -2.4640  -2.3162   0.00    0.0
2014/12/27 08:48:30.000  -12.843752588  131.132764037   130.2132   5   7   4.3397   4.3154   9.9881   0.5295  -2.4344  -2.3389   0.00    0.0
2014/12/27 08:49:00.000  -12.843752041  131.132764539   130.1261   5   7   4.3346   4.3153   9.9842   0.5077  -2.4045  -2.3613   0.00    0.0
2014/12/27 08:49:30.000  -12.843752903  131.132764197   129.9771   5   7   4.3295   4.3152   9.9806   0.4849  -2.3744  -2.3834   0.00    0.0
2014/12/27 08:50:00.000  -12.843752373  131.132764472   130.0666   5   7   4.3244   4.3152   9.9772   0.4609  -2.3440  -2.4052   0.00    0.0
2014/12/27 08:50:30.000  -12.843751549  131.132764439   130.0151   5   7   4.3194   4.3153   9.9740   0.4355  -2.3133  -2.4268   0.00    0.0
2014/12/27 08:51:00.000  -12.843751462  131.132764528   129.8835   5   7   4.3145   4.3156   9.9712   0.4084  -2.2824  -2.4482   0.00    0.0
2014/12/27 08:51:30.000  -12.843751222  131.132764292   129.7944   5   7   4.3096   4.3159   9.9685   0.3794  -2.2512  -2.4693   0.00    0.0
2014/12/27 08:52:00.000  -12.843750846  131.132763940   129.9011   5   7   4.3048   4.3163   9.9661   0.3479  -2.2197  -2.4903   0.00    0.0
2014/12/27 08:52:30.000  -12.843751222  131.132763379   129.8007   5   7   4.3001   4.3168   9.9639   0.3132  -2.1879  -2.5110   0.00    0.0
2014/12/27 08:53:00.000  -12.843750646  131.132764066   129.6517   5   7   4.2954   4.3175   9.9619   0.2742  -2.1557  -2.5314   0.00    0.0
2014/12/27 08:53:30.000  -12.843748726  131.132764669   129.3178   5   7   4.2907   4.3182   9.9602   0.2286  -2.1232  -2.5517   0.00    0.0
2014/12/27 08:54:00.000  -12.843746897  131.132765692   129.2950   5   7   4.2861   4.3190   9.9587   0.1712  -2.0903  -2.5718   0.00    0.0
2014/12/27 08:54:30.000  -12.843745273  131.132766030   129.1383   5   7   4.2816   4.3200   9.9574   0.0799  -2.0570  -2.5917   0.00    0.0
2014/12/27 08:55:00.000  -12.843744642  131.132765761   128.9092   5   7   4.2771   4.3210   9.9563  -0.1286  -2.0233  -2.6114   0.00    0.0
2014/12/27 08:55:30.000  -12.843744633  131.132765562   128.9065   5   7   4.2727   4.3221   9.9554  -0.1985  -1.9892  -2.6309   0.00    0.0
2014/12/27 08:56:00.000  -12.843743884  131.132765328   128.9572   5   7   4.2683   4.3233   9.9548  -0.2495  -1.9546  -2.6502   0.00    0.0
2014/12/27 08:56:30.000  -12.843743487  131.132764426   128.9635   5   7   4.2640   4.3246   9.9543  -0.2916  -1.9196  -2.6694   0.00    0.0
2014/12/27 08:57:00.000  -12.843742888  131.132764117   128.8417   5   7   4.2598   4.3260   9.9540  -0.3283  -1.8841  -2.6883   0.00    0.0
2014/12/27 08:57:30.000  -12.843742812  131.132764280   128.5501   5   7   4.2556   4.3275   9.9539  -0.3612  -1.8480  -2.7071   0.00    0.0
2014/12/27 08:58:00.000  -12.843742578  131.132763776   128.4849   5   7   4.2515   4.3291   9.9540  -0.3913  -1.8114  -2.7257   0.00    0.0
2014/12/27 08:58:30.000  -12.843742126  131.132764266   128.6168   5   7   4.2474   4.3307   9.9543  -0.4191  -1.7741  -2.7442   0.00    0.0
2014/12/27 08:59:00.000  -12.843742269  131.132764012   128.7989   5   7   4.2434   4.3325   9.9548  -0.4451  -1.7363  -2.7625   0.00    0.0
2014/12/27 08:59:30.000  -12.843741124  131.132763122   128.6006   5   7   4.2395   4.3343   9.9554  -0.4696  -1.6977  -2.7806   0.00    0.0
2014/12/27 09:00:00.000  -12.843741458  131.132765266   128.5751   5   7   4.2356   4.3363   9.9562  -0.4927  -1.6584  -2.7985   0.00    0.0
2014/12/27 09:00:30.000  -12.843741972  131.132764535   128.7643   5   7   4.2317   4.3383   9.9571  -0.5147  -1.6184  -2.8163   0.00    0.0
2014/12/27 09:01:00.000  -12.843742538  131.132764840   128.8476   5   7   4.2279   4.3404   9.9582  -0.5357  -1.5775  -2.8339   0.00    0.0
2014/12/27 09:01:30.000  -12.843742100  131.132764958   128.7456   5   7   4.2242   4.3426   9.9594  -0.5558  -1.5357  -2.8514   0.00    0.0
2014/12/27 09:02:00.000  -12.843740831  131.132764683   128.2938   5   7   4.2205   4.3449   9.9608  -0.5751  -1.4929  -2.8687   0.00    0.0
2014/12/27 09:02:30.000  -12.843741026  131.132764381   128.3052   5   7   4.2169   4.3472   9.9623  -0.5937  -1.4491  -2.8858   0.00    0.0
2014/12/27 09:03:00.000  -12.843741086  131.132765197   128.4869   5   7   4.2134   4.3496   9.9640  -0.6116  -1.4041  -2.9027   0.00    0.0
2014/12/27 09:03:30.000  -12.843741453  131.132765885   128.5491   5   7   4.2099   4.3521   9.9657  -0.6288  -1.3579  -2.9195   0.00    0.0
2014/12/27 09:04:00.000  -12.843741365  131.132765640   128.5158   5   7   4.2064   4.3547   9.9676  -0.6455  -1.3102  -2.9361   0.00    0.0
2014/12/27 09:04:30.000  -12.843740673  131.132765492   128.3488   5   7   4.2030   4.3574   9.9695  -0.6616  -1.2610  -2.9525   0.00    0.0
2014/12/27 09:05:00.000  -12.843739549  131.132765936   128.3348   5   7   4.1997   4.3601   9.9716  -0.6772  -1.2101  -2.9688   0.00    0.0
2014/12/27 09:05:30.000  -12.843738477  131.132765449   128.4835   5   7   4.1964   4.3629   9.9737  -0.6924  -1.1571  -2.9849   0.00    0.0
2014/12/27 09:06:00.000  -12.843739214  131.132765492   128.6505   5   7   4.1931   4.3658   9.9760  -0.7070  -1.1020  -3.0008   0.00    0.0
2014/12/27 09:06:30.000  -12.843738730  131.132766278   128.3329   5   7   4.1899   4.3688   9.9783  -0.7213  -1.0442  -3.0166   0.00    0.0
2014/12/27 09:07:00.000  -12.843738222  131.132767338   127.9320   5   7   4.1868   4.3718   9.9806  -0.7351  -0.9834  -3.0321   0.00    0.0
2014/12/27 09:07:30.000  -12.843737669  131.132767536   127.9276   5   7   4.1837   4.3749   9.9831  -0.7485  -0.9189  -3.0475   0.00    0.0
2014/12/27 09:08:00.000  -12.843736803  131.132767571   128.0420   5   7   4.1806   4.3781   9.9855  -0.7616  -0.8499  -3.0627   0.00    0.0
2014/12/27 09:08:30.000  -12.843744555  131.132757650   131.3041   5   8   3.9662   4.1372   8.8181  -1.5784   2.4824  -1.8215   0.00    0.0
2014/12/27 09:09:00.000  -12.843744507  131.132756567   131.0926   5   8   3.9647   4.1397   8.8244  -1.5836   2.5074  -1.8546   0.00    0.0
2014/12/27 09:09:30.000  -12.843738290  131.132750220   132.8670   5   7   4.4639   4.5058   9.8231  -2.4832  -1.1033   2.2972   0.00    0.0
2014/12/27 09:10:00.000  -12.843738420  131.132749977   133.2327   5   7   4.4581   4.5020   9.8286  -2.4765  -1.0124   2.2612   0.00    0.0
2014/12/27 09:10:30.000  -12.843737654  131.132748941   132.9524   5   7   4.4523   4.4983   9.8344  -2.4698  -0.9131   2.2247   0.00    0.0
2014/12/27 09:11:00.000  -12.843737288  131.132750339   132.7334   5   7   4.4465   4.4946   9.8403  -2.4630  -0.8022   2.1878   0.00    0.0
2014/12/27 09:11:30.000  -12.843737854  131.132751419   132.7879   5   7   4.4407   4.4910   9.8465  -2.4562  -0.6740   2.1505   0.00    0.0
2014/12/27 09:12:00.000  -12.843738292  131.132752062   133.0590   5   7   4.4350   4.4875   9.8528  -2.4493  -0.5159   2.1127   0.00    0.0
2014/12/27 09:12:30.000  -12.843737997  131.132751166   133.4071   5   7   4.4292   4.4840   9.8593  -2.4424  -0.2814   2.0745   0.00    0.0
2014/12/27 09:13:00.000  -12.843737384  131.132750190   133.3208   5   7   4.4235   4.4806   9.8660  -2.4355   0.3266   2.0358   0.00    0.0
2014/12/27 09:13:30.000  -12.843737553  131.132751773   132.9646   5   7   4.4178   4.4773   9.8729  -2.4285   0.5399   1.9967   0.00    0.0
2014/12/27 09:14:00.000  -12.843736443  131.132751306   132.8417   5   7   4.4121   4.4740   9.8799  -2.4214   0.6892   1.9570   0.00    0.0
2014/12/27 09:14:30.000  -12.843734974  131.132750650   132.9506   5   7   4.4064   4.4708   9.8871  -2.4143   0.8108   1.9168   0.00    0.0
2014/12/27 09:15:00.000  -12.843734329  131.132750796   133.2707   5   7   4.4007   4.4676   9.8945  -2.4072   0.9158   1.8761   0.00    0.0
2014/12/27 09:15:30.000  -12.843734518  131.132752527   133.2460   5   7   4.3951   4.4645   9.9019  -2.4000   1.0093   1.8348   0.00    0.0
2014/12/27 09:16:00.000  -12.843734107  131.132753800   133.1725   5   7   4.3894   4.4615   9.9095  -2.3928   1.0943   1.7929   0.00    0.0
2014/12/27 09:16:30.000  -12.843733984  131.132753167   133.0548   5   7   4.3838   4.4585   9.9172  -2.3855   1.1725   1.7504   0.00    0.0
2014/12/27 09:17:00.000  -12.843734368  131.132752761   133.1589   5   7   4.3782   4.4555   9.9250  -2.3782   1.2454   1.7072   0.00    0.0
2014/12/27 09:17:30.000  -12.843734703  131.132751827   133.3744   5   7   4.3727   4.4526   9.9329  -2.3708   1.3137   1.6634   0.00    0.0
2014/12/27 09:18:00.000  -12.843734892  131.132751735   133.0217   5   7   4.3671   4.4498   9.9409  -2.3634   1.3781   1.6188   0.00    0.0
2014/12/27 09:18:30.000  -12.843734244  131.132753600   132.5628   5   7   4.3616   4.4470   9.9489  -2.3559   1.4392   1.5735   0.00    0.0
2014/12/27 09:19:00.000  -12.843734363  131.132754040   132.3896   5   7   4.3561   4.4442   9.9570  -2.3484   1.4973   1.5273   0.00    0.0
2014/12/27 09:19:30.000  -12.843734567  131.132754227   132.5865   5   7   4.3507   4.4415   9.9651  -2.3408   1.5528   1.4802   0.00    0.0
2014/12/27 09:20:00.000  -12.843734493  131.132754296   132.8617   5   7   4.3452   4.4389   9.9733  -2.3331   1.6059   1.4322   0.00    0.0
2014/12/27 09:20:30.000  -12.843734013  131.132752932   132.5895   5   7   4.3398   4.4363   9.9814  -2.3254   1.6568   1.3832   0.00    0.0
2014/12/27 09:21:00.000  -12.843733235  131.132753692   132.3332   5   7   4.3344   4.4337   9.9896  -2.3177   1.7058   1.3331   0.00    0.0
2014/12/27 09:21:30.000  -12.843732893  131.132754431   132.0850   5   7   4.3291   4.4312   9.9978  -2.3098   1.7529   1.2817   0.00    0.0
2014/12/27 09:22:00.000  -12.843732011  131.132753943   132.2648   5   7   4.3238   4.4288  10.0059  -2.3019   1.7983   1.2290   0.00    0.0
2014/12/27 09:22:30.000  -12.843731153  131.132752852   132.5323   5   7   4.3185   4.4263  10.0140  -2.2940   1.8422   1.1747   0.00    0.0
2014/12/27 09:23:00.000  -12.843730395  131.132753761   132.5440   5   7   4.3132   4.4240  10.0221  -2.2860   1.8846   1.1188   0.00    0.0
2014/12/27 09:23:30.000  -12.843730601  131.132755236   132.2092   5   7   4.3079   4.4216  10.0301  -2.2779   1.9257   1.0609   0.00    0.0
2014/12/27 09:24:00.000  -12.843730956  131.132754860   132.0773   5   7   4.3027   4.4193  10.0380  -2.2697   1.9654   1.0007   0.00    0.0
2014/12/27 09:24:30.000  -12.843731575  131.132754473   132.3809   5   7   4.2975   4.4170  10.0458  -2.2615   2.0039   0.9380   0.00    0.0
2014/12/27 09:25:00.000  -12.843731042  131.132753460   132.2528   5   7   4.2924   4.4148  10.0535  -2.2532   2.0412   0.8720   0.00    0.0
2014/12/27 09:25:30.000  -12.843730366  131.132754469   132.0953   5   7   4.2872   4.4126  10.0611  -2.2448   2.0773   0.8021   0.00    0.0
2014/12/27 09:26:00.000  -12.843730326  131.132755983   132.1610   5   7   4.2821   4.4105  10.0685  -2.2364   2.1125   0.7271   0.00    0.0
2014/12/27 09:26:30.000  -12.843731177  131.132756900   132.3142   5   7   4.2771   4.4083  10.0758  -2.2278   2.1465   0.6455   0.00    0.0
2014/12/27 09:27:00.000  -12.843731066  131.132756891   132.1902   5   7   4.2720   4.4062  10.0829  -2.2192   2.1796   0.5542   0.00    0.0
2014/12/27 09:27:30.000  -12.843730565  131.132758413   132.1575   5   7   4.2670   4.4042  10.0899  -2.2105   2.2117   0.4475   0.00    0.0
2014/12/27 09:28:00.000  -12.843729601  131.132757320   132.2446   5   7   4.2620   4.4022  10.0966  -2.2017   2.2429   0.3100   0.00    0.0
2014/12/27 09:28:30.000  -12.843729679  131.132756780   132.4520   5   7   4.2570   4.4002  10.1031  -2.1928   2.2732  -0.0727   0.00    0.0
2014/12/27 09:29:00.000  -12.843729417  131.132755476   132.4764   5   7   4.2521   4.3982  10.1094  -2.1838   2.3027  -0.3223   0.00    0.0
2014/12/27 09:29:30.000  -12.843729393  131.132756000   132.4427   5   7   4.2472   4.3963  10.1154  -2.1747   2.3313  -0.4467   0.00    0.0
2014/12/27 09:30:00.000  -12.843728990  131.132757381   132.2870   5   7   4.2423   4.3943  10.1212  -2.1655   2.3591  -0.5407   0.00    0.0
2014/12/27 09:30:30.000  -12.843728067  131.132757944   132.5684   5   7   4.2375   4.3925  10.1267  -2.1562   2.3861  -0.6181   0.00    0.0
2014/12/27 09:31:00.000  -12.843728867  131.132759334   132.7197   5   7   4.2326   4.3906  10.1319  -2.1469   2.4123  -0.6846   0.00    0.0
2014/12/27 09:31:30.000  -12.843731681  131.132762272   133.5697   5   8   3.9835   4.1619   9.1280  -1.6110  -0.4448   2.3859   0.00    0.0
2014/12/27 09:32:00.000  -12.843732483  131.132762803   133.7150   5   8   3.9776   4.1581   9.1332  -1.5948  -0.3184   2.3709   0.00    0.0
2014/12/27 09:32:30.000  -12.843733334  131.132764169   133.5884   5   8   3.9719   4.1543   9.1383  -1.5784  -0.0770   2.3562   0.00    0.0
2014/12/27 09:33:00.000  -12.843735178  131.132764724   133.5156   5   8   3.9662   4.1506   9.1433  -1.5619   0.2975   2.3418   0.00    0.0
2014/12/27 09:33:30.000  -12.843736027  131.132764065   133.7469   5   8   3.9606   4.1470   9.1483  -1.5452   0.4265   2.3277   0.00    0.0
2014/12/27 09:34:00.000  -12.843735424  131.132763677   134.3395   5   8   3.9551   4.1434   9.1532  -1.5284   0.5237   2.3138   0.00    0.0
2014/12/27 09:34:30.000  -12.843735137  131.132764302   134.5393   5   8   3.9496   4.1399   9.1580  -1.5113   0.6047   2.3003   0.00    0.0
2014/12/27 09:35:00.000  -12.843734241  131.132764384   134.4957   5   8   3.9443   4.1364   9.1627  -1.4941   0.6753   2.2870   0.00    0.0
2014/12/27 09:35:30.000  -12.843733798  131.132764195   134.4289   5   8   3.9390   4.1329   9.1673  -1.4766   0.7385   2.2741   0.00    0.0
2014/12/27 09:36:00.000  -12.843734270  131.132764620   134.6568   5   8   3.9338   4.1295   9.1717  -1.4590   0.7960   2.2615   0.00    0.0
2014/12/27 09:36:30.000  -12.843733962  131.132764970   134.6320   5   8   3.9286   4.1262   9.1760  -1.4412   0.8491   2.2493   0.00    0.0
2014/12/27 09:37:00.000  -12.843734032  131.132765107   134.7057   5   8   3.9236   4.1229   9.1802  -1.4231   0.8985   2.2374   0.00    0.0
2014/12/27 09:37:30.000  -12.843734453  131.132766374   134.6975   5   8   3.9186   4.1196   9.1843  -1.4048   0.9448   2.2259   0.00    0.0
2014/12/27 09:38:00.000  -12.843733996  131.132767333   134.9087   5   8   3.9137   4.1164   9.1882  -1.3863   0.9885   2.2147   0.00    0.0
2014/12/27 09:38:30.000  -12.843733500  131.132768173   135.0137   5   8   3.9089   4.1133   9.1919  -1.3676   1.0298   2.2040   0.00    0.0
2014/12/27 09:39:00.000  -12.843734425  131.132769774   134.9521   5   8   3.9042   4.1102   9.1954  -1.3485   1.0691   2.1936   0.00    0.0
2014/12/27 09:39:30.000  -12.843734452  131.132770565   135.0881   5   8   3.8996   4.1071   9.1988  -1.3293   1.1066   2.1836   0.00    0.0
2014/12/27 09:40:00.000  -12.843734743  131.132771752   135.2440   5   8   3.8950   4.1041   9.2020  -1.3097   1.1424   2.1740   0.00    0.0
2014/12/27 09:40:30.000  -12.843734795  131.132771141   135.3719   5   8   3.8906   4.1012   9.2050  -1.2898   1.1768   2.1649   0.00    0.0
2014/12/27 09:41:00.000  -12.843735197  131.132770741   135.6177   5   8   3.8862   4.0983   9.2078  -1.2697   1.2098   2.1562   0.00    0.0
2014/12/27 09:41:30.000  -12.843735053  131.132771187   135.7388   5   8   3.8819   4.0954   9.2104  -1.2492   1.2416   2.1479   0.00    0.0
2014/12/27 09:42:00.000  -12.843735139  131.132770638   135.7651   5   8   3.8777   4.0926   9.2128  -1.2284   1.2722   2.1400   0.00    0.0
2014/12/27 09:42:30.000  -12.843734991  131.132771927   135.7268   5   8   3.8735   4.0899   9.2150  -1.2072   1.3018   2.1327   0.00    0.0
2014/12/27 09:43:00.000  -12.843734913  131.132773010   135.8052   5   8   3.8695   4.0872   9.2169  -1.1856   1.3303   2.1257   0.00    0.0
2014/12/27 09:43:30.000  -12.843735516  131.132773981   136.0809   5   8   3.8656   4.0845   9.2186  -1.1637   1.3580   2.1193   0.00    0.0
2014/12/27 09:44:00.000  -12.843735398  131.132774664   136.1676   5   8   3.8617   4.0819   9.2200  -1.1413   1.3848   2.1133   0.00    0.0
2014/12/27 09:44:30.000  -12.843735754  131.132775016   136.2530   5   8   3.8579   4.0794   9.2212  -1.1185   1.4108   2.1078   0.00    0.0
2014/12/27 09:45:00.000  -12.843735626  131.132775972   136.4714   5   8   3.8543   4.0769   9.2222  -1.0952   1.4361   2.1027   0.00    0.0
2014/12/27 09:45:30.000  -12.843735110  131.132776757   136.6977   5   8   3.8507   4.0745   9.2229  -1.0714   1.4607   2.0982   0.00    0.0
2014/12/27 09:46:00.000  -12.843735617  131.132776368   136.7397   5   8   3.8472   4.0721   9.2233  -1.0470   1.4846   2.0941   0.00    0.0
2014/12/27 09:46:30.000  -12.843736219  131.132777062   136.8099   5   8   3.8438   4.0697   9.2235  -1.0221   1.5078   2.0906   0.00    0.0
2014/12/27 09:47:00.000  -12.843736878  131.132777945   136.9064   5   8   3.8404   4.0675   9.2234  -0.9965   1.5305   2.0875   0.00    0.0
2014/12/27 09:47:30.000  -12.843737505  131.132778078   137.0552   5   8   3.8372   4.0652   9.2230  -0.9703   1.5526   2.0850   0.00    0.0
2014/12/27 09:48:00.000  -12.843737339  131.132778300   137.4098   5   8   3.8341   4.0631   9.2223  -0.9433   1.5741   2.0830   0.00    0.0
2014/12/27 09:48:30.000  -12.843737606  131.132779574   137.7329   5   8   3.8311   4.0609   9.2213  -0.9156   1.5952   2.0814   0.00    0.0
2014/12/27 09:49:00.000  -12.843737000  131.132779602   137.5916   5   8   3.8281   4.0589   9.2201  -0.8869   1.6158   2.0804   0.00    0.0
2014/12/27 09:49:30.000  -12.843737012  131.132778884   137.5244   5   8   3.8252   4.0568   9.2186  -0.8573   1.6359   2.0799   0.00    0.0
2014/12/27 09:50:00.000  -12.843736626  131.132779153   137.4048   5   8   3.8225   4.0549   9.2167  -0.8266   1.6556   2.0799   0.00    0.0
2014/12/27 09:50:30.000  -12.843736270  131.132779972   137.4056   5   8   3.8198   4.0530   9.2146  -0.7948   1.6749   2.0804   0.00    0.0
2014/12/27 09:51:00.000  -12.843735425  131.132781207   137.4374   5   8   3.8173   4.0511   9.2122  -0.7616   1.6938   2.0814   0.00    0.0
2014/12/27 09:51:30.000  -12.843735006  131.132782398   137.2981   5   8   3.8148   4.0493   9.2095  -0.7268   1.7123   2.0829   0.00    0.0
2014/12/27 09:52:00.000  -12.843735578  131.132782532   137.3078   5   8   3.8124   4.0476   9.2064  -0.6903   1.7304   2.0849   0.00    0.0
2014/12/27 09:52:30.000  -12.843736622  131.132781835   137.3869   5   8   3.8101   4.0459   9.2031  -0.6518   1.7482   2.0874   0.00    0.0
2014/12/27 09:53:00.000  -12.843738009  131.132781888   137.7885   5   8   3.8079   4.0443   9.1995  -0.6108   1.7657   2.0904   0.00    0.0
2014/12/27 09:53:30.000  -12.843738086  131.132782549   137.9701   5   8   3.8059   4.0427   9.1956  -0.5668   1.7829   2.0939   0.00    0.0
2014/12/27 09:54:00.000  -12.843737280  131.132783288   137.9934   5   8   3.8039   4.0412   9.1913  -0.5191   1.7998   2.0979   0.00    0.0
2014/12/27 09:54:30.000  -12.843735459  131.132783399   138.3192   5   8   3.8020   4.0397   9.1868  -0.4665   1.8165   2.1023   0.00    0.0
2014/12/27 09:55:00.000  -12.843735270  131.132782987   138.1935   5   8   3.8002   4.0383   9.1820  -0.4072   1.8328   2.1073   0.00    0.0
2014/12/27 09:55:30.000  -12.843735808  131.132783786   137.9542   5   8   3.7985   4.0369   9.1768  -0.3375   1.8489   2.1127   0.00    0.0
2014/12/27 09:56:00.000  -12.843735527  131.132786316   137.7914   5   8   3.7969   4.0356   9.1714  -0.2491   1.8648   2.1185   0.00    0.0
2014/12/27 09:56:30.000  -12.843735361  131.132786961   137.8208   5   8   3.7954   4.0344   9.1657  -0.1004   1.8805   2.1248   0.00    0.0
2014/12/27 09:57:00.000  -12.843734738  131.132787700   137.6022   5   8   3.7940   4.0332   9.1597   0.2046   1.8959   2.1315   0.00    0.0
2014/12/27 09:57:30.000  -12.843733920  131.132789031   137.7470   5   8   3.7928   4.0321   9.1534   0.3064   1.9111   2.1387   0.00    0.0
2014/12/27 09:58:00.000  -12.843733500  131.132790780   138.1531   5   8   3.7916   4.0310   9.1468   0.3820   1.9262   2.1463   0.00    0.0
2014/12/27 09:58:30.000  -12.843733967  131.132790567   138.2962   5   8   3.7905   4.0300   9.1399   0.4450   1.9411   2.1543   0.00    0.0
2014/12/27 09:59:00.000  -12.843734267  131.132791247   138.3093   5   8   3.7895   4.0291   9.1327   0.5001   1.9558   2.1627   0.00    0.0
2014/12/27 09:59:30.000  -12.843733035  131.132791782   138.1398   5   8   3.7887   4.0282   9.1253   0.5498   1.9703   2.1716   0.00    0.0
2014/12/27 10:00:00.000  -12.843732279  131.132790467   137.8902   5   8   3.7879   4.0828   9.1870   0.5893   1.7840   2.1835   0.00    0.0
2014/12/27 10:00:30.000  -12.843732719  131.132790354   137.5661   5   8   3.7872   4.0822   9.1786   0.6317   1.8004   2.1933   0.00    0.0
2014/12/27 10:01:00.000  -12.843732013  131.132790879   137.6840   5   8   3.7867   4.0816   9.1699   0.6714   1.8166   2.2034   0.00    0.0
2014/12/27 10:01:30.000  -12.843730110  131.132792111   137.7282   5   8   3.7862   4.0811   9.1609   0.7089   1.8327   2.2138   0.00    0.0
2014/12/27 10:02:00.000  -12.843729600  131.132791613   137.5475   5   8   3.7859   4.0807   9.1516   0.7446   1.8486   2.2246   0.00    0.0
2014/12/27 10:02:30.000  -12.843728685  131.132791014   137.3829   5   8   3.7857   4.0803   9.1421   0.7786   1.8644   2.2358   0.00    0.0
2014/12/27 10:03:00.000  -12.843728650  131.132791007   137.2826   5   8   3.7855   4.0800   9.1324   0.8113   1.8801   2.2473   0.00    0.0
2014/12/27 10:03:30.000  -12.843728927  131.132791381   137.1324   5   8   3.7855   4.0797   9.1224   0.8427   1.8956   2.2591   0.00    0.0
2014/12/27 10:04:00.000  -12.843728301  131.132792432   136.8774   5   8   3.7856   4.0795   9.1122   0.8730   1.9111   2.2712   0.00    0.0
2014/12/27 10:04:30.000  -12.843727329  131.132792545   136.6672   5   8   3.7858   4.0793   9.1017   0.9023   1.9264   2.2836   0.00    0.0
2014/12/27 10:05:00.000  -12.843730399  131.132791169   137.7703   5   7   4.0241   4.2286  10.3803   1.5444  -1.3459  -1.2483   0.00    0.0
2014/12/27 10:05:30.000  -12.843730116  131.132791495   137.8353   5   7   4.0235   4.2268  10.3745   1.5572  -1.3144  -1.2225   0.00    0.0
2014/12/27 10:06:00.000  -12.843729679  131.132791944   138.0087   5   7   4.0230   4.2251  10.3682   1.5699  -1.2816  -1.1947   0.00    0.0
2014/12/27 10:06:30.000  -12.843729396  131.132791738   138.7216   5   7   4.0225   4.2235  10.3614   1.5824  -1.2475  -1.1648   0.00    0.0
2014/12/27 10:07:00.000  -12.843729450  131.132791861   138.9621   5   7   4.0221   4.2219  10.3539   1.5949  -1.2120  -1.1326   0.00    0.0
2014/12/27 10:07:30.000  -12.843729470  131.132791398   138.6348   5   7   4.0217   4.2204  10.3459   1.6073  -1.1749  -1.0980   0.00    0.0
2014/12/27 10:08:00.000  -12.843728865  131.132792048   138.3787   5   7   4.0214   4.2189  10.3373   1.6195  -1.1360  -1.0607   0.00    0.0
2014/12/27 10:08:30.000  -12.843728642  131.132793530   138.3363   5   7   4.0212   4.2176  10.3282   1.6316  -1.0952  -1.0205   0.00    0.0
2014/12/27 10:09:00.000  -12.843728088  131.132793975   138.2022   5   7   4.0211   4.2163  10.3186   1.6437  -1.0523  -0.9771   0.00    0.0
2014/12/27 10:09:30.000  -12.843727180  131.132793089   138.1647   5   7   4.0210   4.2150  10.3084   1.6556  -1.0070  -0.9301   0.00    0.0
2014/12/27 10:10:00.000  -12.843726467  131.132794093   138.1693   5   7   4.0210   4.2138  10.2978   1.6675  -0.9590  -0.8788   0.00    0.0
2014/12/27 10:10:30.000  -12.843726032  131.132793915   138.1443   5   7   4.0210   4.2127  10.2867   1.6793  -0.9077  -0.8227   0.00    0.0
2014/12/27 10:11:00.000  -12.843725902  131.132794222   138.0756   5   7   4.0212   4.2117  10.2751   1.6910  -0.8528  -0.7605   0.00    0.0
2014/12/27 10:11:30.000  -12.843725064  131.132796318   137.6857   5   7   4.0214   4.2107  10.2630   1.7026  -0.7933  -0.6908   0.00    0.0
2014/12/27 10:12:00.000  -12.843725109  131.132797395   137.8574   5   7   4.0217   4.2098  10.2506   1.7141  -0.7283  -0.6111   0.00    0.0
2014/12/27 10:12:30.000  -12.843724840  131.132797738   137.7720   5   7   4.0220   4.2090  10.2376   1.7256  -0.6560  -0.5168   0.00    0.0
2014/12/27 10:13:00.000  -12.843724448  131.132795540   137.6049   5   7   4.0225   4.2083  10.2243   1.7370  -0.5738  -0.3976   0.00    0.0
2014/12/27 10:13:30.000  -12.843724528  131.132794130   137.5458   5   7   4.0230   4.2076  10.2106   1.7483  -0.4765  -0.2162   0.00    0.0
2014/12/27 10:14:00.000  -12.843724748  131.132794624   137.5545   5   7   4.0236   4.2069  10.1965   1.7595  -0.3518   0.2589   0.00    0.0
2014/12/27 10:14:30.000  -12.843724283  131.132794568   137.6182   5   7   4.0243   4.2064  10.1820   1.7707  -0.1396   0.4279   0.00    0.0
2014/12/27 10:15:00.000  -12.843723526  131.132794269   137.4508   5   7   4.0251   4.2059  10.1672   1.7819   0.2929   0.5490   0.00    0.0
2014/12/27 10:15:30.000  -12.843722529  131.132796034   137.5760   5   7   4.0260   4.2055  10.1521   1.7929   0.4383   0.6495   0.00    0.0
2014/12/27 10:16:00.000  -12.843721019  131.132795818   137.6051   5   7   4.0269   4.2051  10.1367   1.8040   0.5471   0.7378   0.00    0.0
2014/12/27 10:16:30.000  -12.843720058  131.132794778   137.7343   5   7   4.0280   4.2049  10.1209   1.8149   0.6384   0.8179   0.00    0.0
2014/12/27 10:17:00.000  -12.843720948  131.132794191   137.7334   5   7   4.0291   4.2047  10.1049   1.8258   0.7189   0.8919   0.00    0.0
2014/12/27 10:17:30.000  -12.843720451  131.132795068   137.4708   5   7   4.0303   4.2045  10.0886   1.8367   0.7918   0.9612   0.00    0.0
2014/12/27 10:18:00.000  -12.843720052  131.132797213   137.7709   5   7   4.0316   4.2044  10.0721   1.8475   0.8590   1.0266   0.00    0.0
2014/12/27 10:18:30.000  -12.843720358  131.132797809   137.7208   5   7   4.0330   4.2044  10.0553   1.8583   0.9219   1.0890   0.00    0.0
2014/12/27 10:19:00.000  -12.843719831  131.132797330   137.6958   5   7   4.0345   4.2045  10.0384   1.8691   0.9811   1.1487   0.00    0.0
2014/12/27 10:19:30.000  -12.843719064  131.132797341   138.0476   5   7   4.0361   4.2047  10.0212   1.8798   1.0375   1.2061   0.00    0.0
2014/12/27 10:20:00.000  -12.843718385  131.132797662   138.2035   5   7   4.0377   4.2049  10.0039   1.8904   1.0912   1.2615   0.00    0.0
2014/12/27 10:20:30.000  -12.843717633  131.132797943   137.7176   5   7   4.0395   4.2052   9.9864   1.9010   1.1429   1.3152   0.00    0.0
2014/12/27 10:21:00.000  -12.843717770  131.132799233   137.7025   5   7   4.0413   4.2055   9.9687   1.9116   1.1926   1.3672   0.00    0.0
2014/12/27 10:21:30.000  -12.843718154  131.132797977   137.7329   5   7   4.0433   4.2059   9.9509   1.9222   1.2407   1.4178   0.00    0.0
2014/12/27 10:22:00.000  -12.843717579  131.132797877   137.6130   5   7   4.0453   4.2064   9.9330   1.9327   1.2872   1.4671   0.00    0.0
2014/12/27 10:22:30.000  -12.843716706  131.132799806   137.7353   5   7   4.0475   4.2070   9.9150   1.9432   1.3325   1.5152   0.00    0.0
2014/12/27 10:23:00.000  -12.843716274  131.132798895   137.7260   5   7   4.0497   4.2076   9.8969   1.9536   1.3765   1.5622   0.00    0.0
2014/12/27 10:23:30.000  -12.843716506  131.132797720   137.6428   5   7   4.0520   4.2083   9.8787   1.9641   1.4194   1.6082   0.00    0.0
2014/12/27 10:24:00.000  -12.843716321  131.132796567   137.4449   5   7   4.0544   4.2091   9.8605   1.9745   1.4613   1.6533   0.00    0.0
2014/12/27 10:24:30.000  -12.843716028  131.132796043   137.1948   5   7   4.0569   4.2100   9.8423   1.9848   1.5022   1.6974   0.00    0.0
2014/12/27 10:25:00.000  -12.843715187  131.132795816   137.0122   5   7   4.0595   4.2109   9.8240   1.9952   1.5423   1.7407   0.00    0.0
2014/12/27 10:25:30.000  -12.843714768  131.132795973   136.9231   5   7   4.0622   4.2119   9.8057   2.0055   1.5816   1.7832   0.00    0.0
2014/12/27 10:26:00.000  -12.843714339  131.132796654   137.2348   5   7   4.0650   4.2129   9.7874   2.0158   1.6201   1.8249   0.00    0.0
2014/12/27 10:26:30.000  -12.843713921  131.132798421   137.3775   5   7   4.0679   4.2141   9.7691   2.0261   1.6580   1.8659   0.00    0.0
2014/12/27 10:27:00.000  -12.843713397  131.132797958   137.3269   5   7   4.0708   4.2153   9.7508   2.0363   1.6952   1.9063   0.00    0.0
2014/12/27 10:27:30.000  -12.843713796  131.132798832   137.3612   5   7   4.0739   4.2166   9.7326   2.0466   1.7317   1.9459   0.00    0.0
2014/12/27 10:28:00.000  -12.843714722  131.132798296   137.1444   5   7   4.0770   4.2179   9.7144   2.0568   1.7677   1.9850   0.00    0.0
2014/12/27 10:28:30.000  -12.843715151  131.132798889   137.2940   5   7   4.0803   4.2193   9.6963   2.0669   1.8031   2.0235   0.00    0.0
2014/12/27 10:29:00.000  -12.843715433  131.132798320   137.0289   5   7   4.0836   4.2208   9.6782   2.0771   1.8380   2.0614   0.00    0.0
2014/12/27 10:29:30.000  -12.843714755  131.132797579   136.9144   5   7   4.0870   4.2224   9.6603   2.0872   1.8724   2.0988   0.00    0.0
2014/12/27 10:30:00.000  -12.843714045  131.132797616   136.8632   5   7   4.0905   4.2240   9.6424   2.0973   1.9063   2.1356   0.00    0.0
2014/12/27 10:30:30.000  -12.843713293  131.132795868   136.4104   5   7   4.0940   4.2257   9.6246   2.1074   1.9398   2.1719   0.00    0.0
2014/12/27 10:31:00.000  -12.843713862  131.132794072   136.1178   5   7   4.0977   4.2275   9.6070   2.1175   1.9728   2.2077   0.00    0.0
2014/12/27 10:31:30.000  -12.843715093  131.132794304   136.3802   5   7   4.1014   4.2294   9.5895   2.1275   2.0054   2.2431   0.00    0.0
2014/12/27 10:32:00.000  -12.843715263  131.132794106   136.5091   5   7   4.1053   4.2313   9.5721   2.1375   2.0377   2.2780   0.00    0.0
2014/12/27 10:32:30.000  -12.843714753  131.132793709   136.3836   5   7   4.1092   4.2333   9.5548   2.1475   2.0695   2.3124   0.00    0.0
2014/12/27 10:33:00.000  -12.843715091  131.132792329   136.2989   5   7   4.1131   4.2354   9.5377   2.1575   2.1010   2.3464   0.00    0.0
2014/12/27 10:33:30.000  -12.843714388  131.132763896   128.0313   5   6   4.1177   5.3396  12.6945   2.1188   5.6414   2.2640   0.00    0.0
2014/12/27 10:34:00.000  -12.843714541  131.132764358   128.0542   5   6   4.1217   5.3432  12.6748   2.1323   5.6523   2.3071   0.00    0.0
2014/12/27 10:34:30.000  -12.843714790  131.132764109   128.1751   5   6   4.1259   5.3470  12.6552   2.1458   5.6632   2.3494   0.00    0.0
2014/12/27 10:35:00.000  -12.843715054  131.132764275   128.4297   5   6   4.1301   5.3508  12.6356   2.1591   5.6742   2.3909   0.00    0.0
2014/12/27 10:35:30.000  -12.843713870  131.132764338   128.3276   5   6   4.1343   5.3547  12.6161   2.1724   5.6852   2.4317   0.00    0.0
2014/12/27 10:36:00.000  -12.843714193  131.132762815   128.0733   5   6   4.1387   5.3587  12.5968   2.1855   5.6962   2.4717   0.00    0.0
2014/12/27 10:36:30.000  -12.843714336  131.132762311   128.1538   5   6   4.1431   5.3627  12.5776   2.1986   5.7072   2.5110   0.00    0.0
2014/12/27 10:37:00.000  -12.843714172  131.132761992   128.5333   5   6   4.1476   5.3669  12.5585   2.2115   5.7183   2.5496   0.00    0.0
2014/12/27 10:37:30.000  -12.843714332  131.132761201   128.4609   5   6   4.1522   5.3711  12.5395   2.2244   5.7294   2.5875   0.00    0.0
2014/12/27 10:38:00.000  -12.843715052  131.132761183   128.3164   5   6   4.1568   5.3755  12.5208   2.2372   5.7406   2.6248   0.00    0.0
2014/12/27 10:38:30.000  -12.843714677  131.132761286   128.0667   5   6   4.1614   5.3799  12.5022   2.2498   5.7518   2.6615   0.00    0.0
2014/12/27 10:39:00.000  -12.843714635  131.132760846   127.8678   5   6   4.1662   5.3844  12.4838   2.2624   5.7631   2.6976   0.00    0.0
2014/12/27 10:39:30.000  -12.843715685  131.132760578   127.9786   5   6   4.1710   5.3890  12.4656   2.2748   5.7745   2.7330   0.00    0.0
2014/12/27 10:40:00.000  -12.843715837  131.132760123   128.2084   5   6   4.1758   5.3937  12.4476   2.2872   5.7859   2.7679   0.00    0.0
2014/12/27 10:40:30.000  -12.843715352  131.132757825   128.1335   5   6   4.1807   5.3985  12.4299   2.2994   5.7973   2.8023   0.00    0.0
2014/12/27 10:41:00.000  -12.843715769  131.132757554   128.1221   5   6   4.1856   5.4034  12.4123   2.3116   5.8088   2.8361   0.00    0.0
2014/12/27 10:41:30.000  -12.843716297  131.132758039   128.2025   5   6   4.1906   5.4084  12.3951   2.3236   5.8204   2.8694   0.00    0.0
2014/12/27 10:42:00.000  -12.843716242  131.132758153   128.3195   5   6   4.1956   5.4135  12.3781   2.3355   5.8321   2.9021   0.00    0.0
2014/12/27 10:42:30.000  -12.843716657  131.132758820   128.4140   5   6   4.2007   5.4187  12.3613   2.3474   5.8439   2.9344   0.00    0.0
2014/12/27 10:43:00.000  -12.843716377  131.132758470   128.1869   5   6   4.2058   5.4240  12.3448   2.3591   5.8557   2.9662   0.00    0.0
2014/12/27 10:43:30.000  -12.843716775  131.132758127   128.2022   5   6   4.2109   5.4293  12.3286   2.3707   5.8676   2.9975   0.00    0.0
2014/12/27 10:44:00.000  -12.843717210  131.132757260   128.1197   5   6   4.2161   5.4348  12.3127   2.3821   5.8796   3.0283   0.00    0.0
2014/12/27 10:44:30.000  -12.843717241  131.132756572   128.1275   5   6   4.2213   5.4404  12.2970   2.3935   5.8917   3.0587   0.00    0.0
2014/12/27 10:45:00.000  -12.843717415  131.132756566   128.2231   5   6   4.2265   5.4461  12.2817   2.4047   5.9038   3.0886   0.00    0.0
2014/12/27 10:45:30.000  -12.843717689  131.132755356   128.0101   5   6   4.2317   5.4518  12.2667   2.4159   5.9161   3.1181   0.00    0.0
2014/12/27 10:46:00.000  -12.843718125  131.132754197   128.1616   5   6   4.2370   5.4577  12.2519   2.4269   5.9284   3.1471   0.00    0.0
2014/12/27 10:46:30.000  -12.843717509  131.132754690   128.1439   5   6   4.2423   5.4637  12.2375   2.4378   5.9408   3.1758   0.00    0.0
2014/12/27 10:47:00.000  -12.843717305  131.132755251   128.4574   5   6   4.2475   5.4698  12.2234   2.4486   5.9533   3.2040   0.00    0.0
2014/12/27 10:47:30.000  -12.843717040  131.132756064   128.6429   5   6   4.2528   5.4760  12.2097   2.4592   5.9660   3.2318   0.00    0.0
2014/12/27 10:48:00.000  -12.843717012  131.132756981   128.5948   5   6   4.2581   5.4822  12.1962   2.4698   5.9787   3.2593   0.00    0.0
2014/12/27 10:48:30.000  -12.843718512  131.132756297   128.6742   5   6   4.2634   5.4886  12.1831   2.4802   5.9915   3.2863   0.00    0.0
2014/12/27 10:49:00.000  -12.843719552  131.132756242   128.8128   5   6   4.2687   5.4951  12.1703   2.4905   6.0044   3.3129   0.00    0.0
2014/12/27 10:49:30.000  -12.843720951  131.132755269   128.7263   5   6   4.2740   5.5017  12.1579   2.5007   6.0174   3.3392   0.00    0.0
2014/12/27 10:50:00.000  -12.843721398  131.132754578   128.9137   5   6   4.2793   5.5084  12.1458   2.5107   6.0305   3.3652   0.00    0.0
2014/12/27 10:50:30.000  -12.843727064  131.132742220   125.8903   5   7   3.8485   4.2279   8.8989  -0.5627   2.7040  -2.0098   0.00    0.0
2014/12/27 10:51:00.000  -12.843727097  131.132742101   125.9750   5   7   3.8495   4.2237   8.8863  -0.5760   2.7118  -1.9856   0.00    0.0
2014/12/27 10:51:30.000  -12.843727842  131.132741207   125.8610   5   7   3.8507   4.2195   8.8740  -0.5892   2.7197  -1.9611   0.00    0.0
2014/12/27 10:52:00.000  -12.843726881  131.132742651   125.7144   5   7   3.8518   4.2153   8.8619  -0.6022   2.7275  -1.9364   0.00    0.0
2014/12/27 10:52:30.000  -12.843726443  131.132742897   125.9141   5   7   3.8531   4.2112   8.8500  -0.6152   2.7354  -1.9113   0.00    0.0
2014/12/27 10:53:00.000  -12.843726850  131.132743997   126.1750   5   7   3.8543   4.2072   8.8383  -0.6280   2.7433  -1.8860   0.00    0.0
2014/12/27 10:53:30.000  -12.843726565  131.132743241   126.0863   5   7   3.8557   4.2032   8.8268  -0.6407   2.7512  -1.8603   0.00    0.0
2014/12/27 10:54:00.000  -12.843726941  131.132741356   125.9265   5   7   3.8571   4.1993   8.8156  -0.6533   2.7591  -1.8344   0.00    0.0
2014/12/27 10:54:30.000  -12.843727821  131.132741370   126.2132   5   7   3.8585   4.1954   8.8045  -0.6658   2.7671  -1.8081   0.00    0.0
2014/12/27 10:55:00.000  -12.843728271  131.132742329   126.3911   5   7   3.8600   4.1915   8.7937  -0.6782   2.7751  -1.7814   0.00    0.0
2014/12/27 10:55:30.000  -12.843728446  131.132742538   126.6014   5   7   3.8615   4.1877   8.7831  -0.6904   2.7831  -1.7544   0.00    0.0
2014/12/27 10:56:00.000  -12.843728873  131.132742513   126.3738   5   7   3.8631   4.1840   8.7727  -0.7026   2.7911  -1.7270   0.00    0.0
2014/12/27 10:56:30.000  -12.843730190  131.132742891   126.2654   5   7   3.8647   4.1803   8.7626  -0.7147   2.7991  -1.6991   0.00    0.0
2014/12/27 10:57:00.000  -12.843731118  131.132742693   126.6268   5   7   3.8664   4.1766   8.7527  -0.7266   2.8072  -1.6708   0.00    0.0
2014/12/27 10:57:30.000  -12.843731229  131.132740758   126.7092   5   7   3.8681   4.1730   8.7430  -0.7384   2.8153  -1.6421   0.00    0.0
2014/12/27 10:58:00.000  -12.843731940  131.132739680   126.6033   5   7   3.8699   4.1695   8.7335  -0.7501   2.8234  -1.6128   0.00    0.0
2014/12/27 10:58:30.000  -12.843731562  131.132741482   126.8619   5   7   3.8717   4.1660   8.7243  -0.7617   2.8315  -1.5831   0.00    0.0
2014/12/27 10:59:00.000  -12.843730929  131.132742843   126.9273   5   7   3.8736   4.1626   8.7153  -0.7732   2.8397  -1.5527   0.00    0.0
2014/12/27 10:59:30.000  -12.843728534  131.132744232   126.9883   5   7   3.8755   4.1592   8.7066  -0.7845   2.8479  -1.5218   0.00    0.0
2014/12/27 11:00:00.000  -12.843733588  131.132743850   126.6975   5   7   3.8755   4.1014   8.6438  -0.7414   2.9678  -1.5303   0.00    0.0
2014/12/27 11:00:30.000  -12.843734738  131.132741584   126.4926   5   7   3.8773   4.0985   8.6357  -0.7516   2.9750  -1.5002   0.00    0.0
2014/12/27 11:01:00.000  -12.843735531  131.132741362   126.5508   5   7   3.8792   4.0957   8.6279  -0.7616   2.9823  -1.4696   0.00    0.0
2014/12/27 11:01:30.000  -12.843735678  131.132742375   126.9023   5   7   3.8811   4.0929   8.6203  -0.7716   2.9896  -1.4383   0.00    0.0
2014/12/27 11:02:00.000  -12.843736287  131.132744133   126.7630   5   7   3.8831   4.0902   8.6129  -0.7815   2.9969  -1.4062   0.00    0.0
2014/12/27 11:02:30.000  -12.843736995  131.132744215   126.9395   5   7   3.8851   4.0875   8.6058  -0.7913   3.0043  -1.3734   0.00    0.0
2014/12/27 11:03:00.000  -12.843738084  131.132743760   126.9333   5   7   3.8871   4.0849   8.5989  -0.8010   3.0117  -1.3397   0.00    0.0
2014/12/27 11:03:30.000  -12.843738027  131.132742592   127.0494   5   7   3.8892   4.0824   8.5922  -0.8106   3.0191  -1.3052   0.00    0.0
2014/12/27 11:04:00.000  -12.843737988  131.132742824   127.1512   5   7   3.8913   4.0799   8.5858  -0.8200   3.0266  -1.2697   0.00    0.0
2014/12/27 11:04:30.000  -12.843736700  131.132742036   127.2497   5   7   3.8934   4.0774   8.5796  -0.8294   3.0342  -1.2331   0.00    0.0
2014/12/27 11:05:00.000  -12.843737892  131.132742666   126.9584   5   7   3.8956   4.0750   8.5737  -0.8386   3.0417  -1.1953   0.00    0.0
2014/12/27 11:05:30.000  -12.843738584  131.132743730   126.8310   5   7   3.8978   4.0727   8.5680  -0.8478   3.0493  -1.1562   0.00    0.0
2014/12/27 11:06:00.000  -12.843738709  131.132743238   127.0998   5   7   3.9000   4.0704   8.5625  -0.8568   3.0570  -1.1157   0.00    0.0
2014/12/27 11:06:30.000  -12.843739694  131.132741877   127.0542   5   7   3.9023   4.0682   8.5573  -0.8657   3.0647  -1.0735   0.00    0.0
2014/12/27 11:07:00.000  -12.843739843  131.132741645   127.0370   5   7   3.9046   4.0660   8.5523  -0.8744   3.0724  -1.0296   0.00    0.0
2014/12/27 11:07:30.000  -12.843738895  131.132741366   127.3792   5   7   3.9069   4.0638   8.5476  -0.8831   3.0802  -0.9836   0.00    0.0
2014/12/27 11:08:00.000  -12.843738261  131.132741725   127.4807   5   7   3.9092   4.0618   8.5431  -0.8916   3.0880  -0.9352   0.00    0.0
2014/12/27 11:08:30.000  -12.843737518  131.132742487   127.4408   5   7   3.9116   4.0597   8.5389  -0.8999   3.0959  -0.8840   0.00    0.0
2014/12/27 11:09:00.000  -12.843737458  131.132740587   127.0026   5   7   3.9140   4.0577   8.5349  -0.9082   3.1038  -0.8295   0.00    0.0
2014/12/27 11:09:30.000  -12.843737218  131.132739883   126.8052   5   7   3.9164   4.0558   8.5311  -0.9163   3.1117  -0.7710   0.00    0.0
2014/12/27 11:10:00.000  -12.843735376  131.132740178   126.6073   5   8   3.4665   3.9627   7.7589   0.8420   2.5897   2.4427   0.00    0.0
2014/12/27 11:10:30.000  -12.843735010  131.132741627   127.2552   5   8   3.4659   3.9609   7.7665   0.8366   2.6035   2.4573   0.00    0.0
2014/12/27 11:11:00.000  -12.843735007  131.132742460   127.5852   5   8   3.4653   3.9591   7.7743   0.8312   2.6173   2.4718   0.00    0.0
2014/12/27 11:11:30.000  -12.843734922  131.132741678   127.5270   5   8   3.4647   3.9573   7.7824   0.8260   2.6311   2.4862   0.00    0.0
2014/12/27 11:12:00.000  -12.843734804  131.132743708   127.3769   5   8   3.4641   3.9556   7.7908   0.8207   2.6450   2.5005   0.00    0.0
2014/12/27 11:12:30.000  -12.843733825  131.132744609   127.5342   5   8   3.4634   3.9540   7.7995   0.8156   2.6590   2.5147   0.00    0.0
2014/12/27 11:13:00.000  -12.843734364  131.132743597   127.4788   5   8   3.4628   3.9525   7.8084   0.8105   2.6731   2.5287   0.00    0.0
2014/12/27 11:13:30.000  -12.843735043  131.132742519   127.2928   5   8   3.4621   3.9510   7.8175   0.8055   2.6872   2.5427   0.00    0.0
2014/12/27 11:14:00.000  -12.843735455  131.132742915   127.4216   5   8   3.4614   3.9496   7.8270   0.8005   2.7014   2.5565   0.00    0.0
2014/12/27 11:14:30.000  -12.843734428  131.132743201   127.6042   5   8   3.4607   3.9482   7.8366   0.7957   2.7156   2.5703   0.00    0.0
2014/12/27 11:15:00.000  -12.843734629  131.132743381   127.6890   5   8   3.4599   3.9469   7.8466   0.7909   2.7300   2.5839   0.00    0.0
2014/12/27 11:15:30.000  -12.843734616  131.132743167   127.6233   5   8   3.4592   3.9457   7.8568   0.7863   2.7444   2.5974   0.00    0.0
2014/12/27 11:16:00.000  -12.843733940  131.132743360   127.6596   5   8   3.4584   3.9445   7.8672   0.7817   2.7589   2.6108   0.00    0.0
2014/12/27 11:16:30.000  -12.843732521  131.132742136   127.5900   5   8   3.4576   3.9434   7.8780   0.7773   2.7735   2.6241   0.00    0.0
2014/12/27 11:17:00.000  -12.843731896  131.132741960   127.4521   5   8   3.4568   3.9424   7.8889   0.7730   2.7881   2.6373   0.00    0.0
2014/12/27 11:17:30.000  -12.843732331  131.132742711   127.6210   5   8   3.4560   3.9414   7.9002   0.7687   2.8029   2.6504   0.00    0.0
2014/12/27 11:18:00.000  -12.843732825  131.132743347   127.5822   5   8   3.4551   3.9405   7.9116   0.7647   2.8177   2.6633   0.00    0.0
2014/12/27 11:18:30.000  -12.843732685  131.132742795   127.3523   5   8   3.4542   3.9396   7.9234   0.7607   2.8326   2.6762   0.00    0.0
2014/12/27 11:19:00.000  -12.843732843  131.132743946   127.4615   5   8   3.4533   3.9388   7.9353   0.7569   2.8476   2.6889   0.00    0.0
2014/12/27 11:19:30.000  -12.843732133  131.132745207   127.4669   5   8   3.4524   3.9381   7.9476   0.7532   2.8627   2.7015   0.00    0.0
2014/12/27 11:20:00.000  -12.843732049  131.132743996   127.2645   5   8   3.4514   3.9375   7.9600   0.7497   2.8779   2.7140   0.00    0.0
2014/12/27 11:20:30.000  -12.843731385  131.132743302   127.2916   5   8   3.4505   3.9369   7.9727   0.7464   2.8932   2.7264   0.00    0.0
2014/12/27 11:21:00.000  -12.843730688  131.132743642   127.4509   5   8   3.4494   3.9364   7.9857   0.7432   2.9085   2.7387   0.00    0.0
2014/12/27 11:21:30.000  -12.843730246  131.132743941   127.7608   5   8   3.4484   3.9359   7.9989   0.7401   2.9240   2.7509   0.00    0.0
2014/12/27 11:22:00.000  -12.843731075  131.132745171   128.0090   5   8   3.4473   3.9355   8.0123   0.7372   2.9396   2.7629   0.00    0.0
2014/12/27 11:22:30.000  -12.843731221  131.132745882   128.1616   5   8   3.4462   3.9352   8.0260   0.7345   2.9552   2.7749   0.00    0.0
2014/12/27 11:23:00.000  -12.843731524  131.132746388   128.3609   5   8   3.4451   3.9350   8.0399   0.7320   2.9710   2.7867   0.00    0.0
2014/12/27 11:23:30.000  -12.843731822  131.132746285   128.2062   5   8   3.4439   3.9348   8.0540   0.7297   2.9868   2.7983   0.00    0.0
2014/12/27 11:24:00.000  -12.843730640  131.132745609   128.1422   5   8   3.4427   3.9347   8.0684   0.7275   3.0028   2.8099   0.00    0.0
2014/12/27 11:24:30.000  -12.843730448  131.132745387   128.1401   5   8   3.4415   3.9347   8.0829   0.7256   3.0188   2.8213   0.00    0.0
2014/12/27 11:25:00.000  -12.843731092  131.132745444   127.8976   5   8   3.4402   3.9347   8.0977   0.7238   3.0350   2.8326   0.00    0.0
2014/12/27 11:25:30.000  -12.843730254  131.132745723   127.7734   5   8   3.4389   3.9348   8.1127   0.7223   3.0512   2.8438   0.00    0.0
2014/12/27 11:26:00.000  -12.843730150  131.132746183   127.7457   5   8   3.4376   3.9349   8.1279   0.7209   3.0676   2.8549   0.00    0.0
2014/12/27 11:26:30.000  -12.843731056  131.132747267   128.0144   5   8   3.4362   3.9352   8.1434   0.7197   3.0840   2.8658   0.00    0.0
2014/12/27 11:27:00.000  -12.843731353  131.132746641   128.2244   5   8   3.4348   3.9355   8.1590   0.7188   3.1006   2.8766   0.00    0.0
2014/12/27 11:27:30.000  -12.843731196  131.132746649   128.4592   5   8   3.4333   3.9358   8.1748   0.7180   3.1172   2.8872   0.00    0.0
2014/12/27 11:28:00.000  -12.843730753  131.132747960   128.7227   5   7   3.8256   3.9381   8.7295   0.5593   3.1910   1.8146   0.00    0.0
2014/12/27 11:28:30.000  -12.843731526  131.132748057   129.0760   5   7   3.8188   3.9389   8.7553   0.5450   3.2128   1.8272   0.00    0.0
2014/12/27 11:29:00.000  -12.843732439  131.132747940   128.9860   5   7   3.8120   3.9398   8.7814   0.5308   3.2349   1.8396   0.00    0.0
2014/12/27 11:29:30.000  -12.843732110  131.132748302   128.9925   5   7   3.8053   3.9409   8.8080   0.5166   3.2571   1.8517   0.00    0.0
2014/12/27 11:30:00.000  -12.843732447  131.132748173   129.1797   5   7   3.7985   3.9420   8.8349   0.5024   3.2794   1.8636   0.00    0.0
2014/12/27 11:30:30.000  -12.843732802  131.132746846   129.0739   5   7   3.7916   3.9432   8.8622   0.4883   3.3019   1.8752   0.00    0.0
2014/12/27 11:31:00.000  -12.843732668  131.132746750   129.0452   5   7   3.7848   3.9445   8.8899   0.4743   3.3246   1.8866   0.00    0.0
2014/12/27 11:31:30.000  -12.843731873  131.132747927   129.1027   5   7   3.7779   3.9459   8.9179   0.4603   3.3475   1.8978   0.00    0.0
2014/12/27 11:32:00.000  -12.843732975  131.132747726   128.8209   5   7   3.7711   3.9474   8.9464   0.4463   3.3705   1.9086   0.00    0.0
2014/12/27 11:32:30.000  -12.843734128  131.132746693   128.6808   5   7   3.7642   3.9490   8.9752   0.4325   3.3937   1.9192   0.00    0.0
2014/12/27 11:33:00.000  -12.843735221  131.132746406   128.8671   5   7   3.7573   3.9507   9.0044   0.4186   3.4171   1.9296   0.00    0.0
2014/12/27 11:33:30.000  -12.843735819  131.132747325   129.1296   5   7   3.7504   3.9525   9.0340   0.4048   3.4406   1.9397   0.00    0.0
2014/12/27 11:34:00.000  -12.843736015  131.132747321   129.2017   5   7   3.7435   3.9544   9.0639   0.3911   3.4643   1.9495   0.00    0.0
2014/12/27 11:34:30.000  -12.843735718  131.132746842   128.8597   5   7   3.7366   3.9564   9.0942   0.3774   3.4882   1.9590   0.00    0.0
2014/12/27 11:35:00.000  -12.843735503  131.132748092   129.1674   5   7   3.7296   3.9586   9.1249   0.3637   3.5122   1.9683   0.00    0.0
2014/12/27 11:35:30.000  -12.843735752  131.132747985   129.0512   5   7   3.7227   3.9608   9.1560   0.3501   3.5364   1.9773   0.00    0.0
2014/12/27 11:36:00.000  -12.843736698  131.132746852   129.2386   5   7   3.7157   3.9631   9.1874   0.3365   3.5608   1.9860   0.00    0.0
2014/12/27 11:36:30.000  -12.843736473  131.132748178   129.6084   5   7   3.7088   3.9655   9.2191   0.3229   3.5854   1.9944   0.00    0.0
2014/12/27 11:37:00.000  -12.843735836  131.132749966   129.7558   5   7   3.7018   3.9680   9.2512   0.3094   3.6101   2.0025   0.00    0.0
2014/12/27 11:37:30.000  -12.843736241  131.132749959   129.7474   5   7   3.6949   3.9706   9.2837   0.2958   3.6350   2.0103   0.00    0.0
2014/12/27 11:38:00.000  -12.843738252  131.132750394   129.9210   5   7   3.6879   3.9733   9.3165   0.2822   3.6600   2.0177   0.00    0.0
2014/12/27 11:38:30.000  -12.843738536  131.132750477   129.9393   5   7   3.6809   3.9762   9.3496   0.2685   3.6852   2.0249   0.00    0.0
2014/12/27 11:39:00.000  -12.843739523  131.132751033   129.9459   5   7   3.6739   3.9791   9.3831   0.2548   3.7106   2.0318   0.00    0.0
2014/12/27 11:39:30.000  -12.843739549  131.132749441   129.5585   5   7   3.6670   3.9821   9.4168   0.2410   3.7361   2.0383   0.00    0.0
2014/12/27 11:40:00.000  -12.843739452  131.132749354   129.5668   5   7   3.6600   3.9852   9.4509   0.2269   3.7617   2.0445   0.00    0.0
2014/12/27 11:40:30.000  -12.843738640  131.132749099   129.8328   5   7   3.6530   3.9885   9.4853   0.2127   3.7875   2.0503   0.00    0.0
2014/12/27 11:41:00.000  -12.843738901  131.132749195   129.7895   5   7   3.6460   3.9918   9.5200   0.1982   3.8135   2.0558   0.00    0.0
2014/12/27 11:41:30.000  -12.843738006  131.132750185   129.7636   5   7   3.6390   3.9952   9.5550   0.1833   3.8396   2.0610   0.00    0.0
2014/12/27 11:42:00.000  -12.843737443  131.132750765   129.6377   5   7   3.6320   3.9987   9.5902   0.1678   3.8658   2.0658   0.00    0.0
2014/12/27 11:42:30.000  -12.843737897  131.132750990   129.3099   5   7   3.6251   4.0024   9.6257   0.1515   3.8921   2.0702   0.00    0.0
2014/12/27 11:43:00.000  -12.843738218  131.132750777   129.3296   5   7   3.6181   4.0061   9.6615   0.1342   3.9186   2.0742   0.00    0.0
2014/12/27 11:43:30.000  -12.843737479  131.132750904   129.4323   5   7   3.6111   4.0099   9.6976   0.1151   3.9452   2.0779   0.00    0.0
2014/12/27 11:44:00.000  -12.843738106  131.132750765   129.4249   5   7   3.6041   4.0138   9.7338   0.0934   3.9719   2.0811   0.00    0.0
2014/12/27 11:44:30.000  -12.843738620  131.132750191   129.4095   5   7   3.5972   4.0179   9.7703   0.0661   3.9987   2.0840   0.00    0.0
2014/12/27 11:45:00.000  -12.843738744  131.132749214   129.4406   5   7   3.5902   4.0220   9.8070   0.0139   4.0256   2.0865   0.00    0.0
2014/12/27 11:45:30.000  -12.843738391  131.132749924   129.5902   5   7   3.5833   4.0262   9.8439  -0.0619   4.0527   2.0885   0.00    0.0
2014/12/27 11:46:00.000  -12.843737895  131.132750284   129.3068   5   7   3.5763   4.0305   9.8810  -0.0878   4.0798   2.0901   0.00    0.0
2014/12/27 11:46:30.000  -12.843736689  131.132751593   129.5045   5   7   3.5694   4.0349   9.9182  -0.1071   4.1069   2.0913   0.00    0.0
2014/12/27 11:47:00.000  -12.843736701  131.132753231   129.7284   5   7   3.5625   4.0393   9.9556  -0.1230   4.1342   2.0920   0.00    0.0
2014/12/27 11:47:30.000  -12.843737114  131.132752459   129.4029   5   7   3.5556   4.0439   9.9932  -0.1367   4.1615   2.0923   0.00    0.0
2014/12/27 11:48:00.000  -12.843735929  131.132751828   129.4442   5   7   3.5487   4.0485  10.0308  -0.1489   4.1888   2.0921   0.00    0.0
2014/12/27 11:48:30.000  -12.843735422  131.132751388   129.6329   5   7   3.5418   4.0533  10.0686  -0.1600   4.2162   2.0914   0.00    0.0
2014/12/27 11:49:00.000  -12.843735522  131.132751346   129.4503   5   7   3.5349   4.0581  10.1064  -0.1703   4.2436   2.0902   0.00    0.0
2014/12/27 11:49:30.000  -12.843735209  131.132751443   129.4829   5   7   3.5281   4.0629  10.1443  -0.1800   4.2711   2.0886   0.00    0.0
2014/12/27 11:50:00.000  -12.843734078  131.132751857   129.7236   5   7   3.5212   4.0679  10.1822  -0.1892   4.2985   2.0864   0.00    0.0
2014/12/27 11:50:30.000  -12.843733460  131.132750766   129.3678   5   7   3.5144   4.0729  10.2202  -0.1980   4.3259   2.0837   0.00    0.0
2014/12/27 11:51:00.000  -12.843732037  131.132750546   128.9871   5   7   3.5076   4.0780  10.2581  -0.2065   4.3534   2.0804   0.00    0.0
2014/12/27 11:51:30.000  -12.843731057  131.132749697   128.5112   5   7   3.5008   4.0832  10.2960  -0.2148   4.3807   2.0766   0.00    0.0
2014/12/27 11:52:00.000  -12.843731584  131.132748870   128.2799   5   7   3.4941   4.0884  10.3339  -0.2229   4.4081   2.0722   0.00    0.0
2014/12/27 11:52:30.000  -12.843730099  131.132746897   128.8908   5   6   3.7920   4.1772  12.2809  -1.1364   3.7691   3.7507   0.00    0.0
2014/12/27 11:53:00.000  -12.843734923  131.132742711   125.9602   5   7   3.4880   3.9020   9.4263  -1.8607   1.6283   1.5487   0.00    0.0
2014/12/27 11:53:30.000  -12.843734631  131.132743682   126.0416   5   7   3.4817   3.8973   9.4657  -1.8587   1.6748   1.5459   0.00    0.0
2014/12/27 11:54:00.000  -12.843734110  131.132742884   125.9262   5   7   3.4753   3.8926   9.5055  -1.8567   1.7207   1.5426   0.00    0.0
2014/12/27 11:54:30.000  -12.843732431  131.132742753   126.0897   5   7   3.4690   3.8879   9.5457  -1.8545   1.7660   1.5388   0.00    0.0
2014/12/27 11:55:00.000  -12.843732327  131.132742223   125.9978   5   7   3.4627   3.8833   9.5863  -1.8523   1.8107   1.5345   0.00    0.0
2014/12/27 11:55:30.000  -12.843732186  131.132743147   126.1300   5   7   3.4563   3.8788   9.6273  -1.8499   1.8550   1.5296   0.00    0.0
2014/12/27 11:56:00.000  -12.843732797  131.132744394   126.2764   5   7   3.4500   3.8744   9.6687  -1.8474   1.8988   1.5242   0.00    0.0
2014/12/27 11:56:30.000  -12.843732760  131.132744190   126.3080   5   7   3.4437   3.8699   9.7105  -1.8449   1.9421   1.5182   0.00    0.0
2014/12/27 11:57:00.000  -12.843732838  131.132743008   126.2838   5   7   3.4374   3.8656   9.7527  -1.8422   1.9851   1.5116   0.00    0.0
2014/12/27 11:57:30.000  -12.843731696  131.132742411   126.3937   5   7   3.4311   3.8613   9.7952  -1.8395   2.0277   1.5045   0.00    0.0
2014/12/27 11:58:00.000  -12.843731064  131.132743263   126.5468   5   7   3.4248   3.8571   9.8381  -1.8366   2.0699   1.4968   0.00    0.0
2014/12/27 11:58:30.000  -12.843730497  131.132742566   126.3875   5   7   3.4186   3.8530   9.8814  -1.8337   2.1118   1.4884   0.00    0.0
2014/12/27 11:59:00.000  -12.843729554  131.132743023   126.5831   5   7   3.4123   3.8489   9.9249  -1.8308   2.1534   1.4795   0.00    0.0
2014/12/27 11:59:30.000  -12.843729077  131.132742848   126.4757   5   7   3.4061   3.8449   9.9688  -1.8277   2.1947   1.4699   0.00    0.0
2014/12/27 12:00:00.000  -12.843724059  131.132739170   126.8039   5   7   3.3999   3.8409  10.0130  -1.8246   2.2357   1.4597   0.00    0.0
2014/12/27 12:00:30.000  -12.843723744  131.132740557   126.9942   5   7   3.3937   3.8370  10.0575  -1.8215   2.2764   1.4489   0.00    0.0
2014/12/27 12:01:00.000  -12.843722847  131.132739843   126.8501   5   7   3.3875   3.8332  10.1022  -1.8182   2.3168   1.4373   0.00    0.0
2014/12/27 12:01:30.000  -12.843722030  131.132738523   126.6117   5   7   3.3814   3.8295  10.1473  -1.8150   2.3570   1.4251   0.00    0.0
2014/12/27 12:02:00.000  -12.843721962  131.132737366   126.4662   5   7   3.3753   3.8258  10.1925  -1.8116   2.3970   1.4122   0.00    0.0
2014/12/27 12:02:30.000  -12.843721835  131.132737072   126.4590   5   7   3.3692   3.8222  10.2380  -1.8083   2.4367   1.3985   0.00    0.0
2014/12/27 12:03:00.000  -12.843722224  131.132736848   126.4270   5   7   3.3631   3.8187  10.2837  -1.8049   2.4762   1.3841   0.00    0.0
2014/12/27 12:03:30.000  -12.843722655  131.132737329   126.5237   5   7   3.3571   3.8153  10.3296  -1.8014   2.5154   1.3689   0.00    0.0
2014/12/27 12:04:00.000  -12.843722598  131.132737763   126.3333   5   7   3.3511   3.8119  10.3756  -1.7980   2.5544   1.3530   0.00    0.0
2014/12/27 12:04:30.000  -12.843722709  131.132738466   126.3362   5   7   3.3452   3.8086  10.4218  -1.7945   2.5931   1.3362   0.00    0.0
2014/12/27 12:05:00.000  -12.843722460  131.132739147   126.3713   5   7   3.3393   3.8054  10.4680  -1.7910   2.6316   1.3185   0.00    0.0
2014/12/27 12:05:30.000  -12.843722394  131.132738770   126.3467   5   7   3.3334   3.8023  10.5144  -1.7874   2.6699   1.3000   0.00    0.0
2014/12/27 12:06:00.000  -12.843721656  131.132739089   126.3067   5   7   3.3276   3.7992  10.5608  -1.7839   2.7079   1.2806   0.00    0.0
2014/12/27 12:06:30.000  -12.843720866  131.132738303   126.2151   5   7   3.3218   3.7962  10.6073  -1.7803   2.7457   1.2602   0.00    0.0
2014/12/27 12:07:00.000  -12.843720554  131.132738619   126.3248   5   7   3.3160   3.7933  10.6537  -1.7768   2.7832   1.2388   0.00    0.0
2014/12/27 12:07:30.000  -12.843720181  131.132738591   126.2803   5   7   3.3103   3.7904  10.7001  -1.7732   2.8204   1.2164   0.00    0.0
2014/12/27 12:08:00.000  -12.843719808  131.132738658   126.4237   5   7   3.3047   3.7877  10.7464  -1.7696   2.8574   1.1930   0.00    0.0
2014/12/27 12:08:30.000  -12.843718876  131.132737564   126.5033   5   7   3.2990   3.7850  10.7927  -1.7660   2.8941   1.1683   0.00    0.0
2014/12/27 12:09:00.000  -12.843719438  131.132736834   126.3896   5   7   3.2935   3.7824  10.8387  -1.7624   2.9305   1.1425   0.00    0.0
2014/12/27 12:09:30.000  -12.843719404  131.132735932   126.5268   5   7   3.2880   3.7798  10.8847  -1.7589   2.9667   1.1154   0.00    0.0
2014/12/27 12:10:00.000  -12.843718984  131.132735605   126.1649   5   7   3.2826   3.7773  10.9303  -1.7553   3.0025   1.0870   0.00    0.0
2014/12/27 12:10:30.000  -12.843718932  131.132735143   125.8623   5   7   3.2772   3.7749  10.9758  -1.7517   3.0380   1.0572   0.00    0.0
2014/12/27 12:11:00.000  -12.843719240  131.132735044   125.9619   5   7   3.2718   3.7725  11.0209  -1.7482   3.0732   1.0258   0.00    0.0
2014/12/27 12:11:30.000  -12.843718556  131.132735579   126.0432   5   7   3.2666   3.7703  11.0657  -1.7447   3.1080   0.9927   0.00    0.0
2014/12/27 12:12:00.000  -12.843718482  131.132736539   126.1362   5   7   3.2613   3.7680  11.1100  -1.7412   3.1425   0.9578   0.00    0.0
2014/12/27 12:12:30.000  -12.843718333  131.132736293   126.2044   5   7   3.2562   3.7659  11.1540  -1.7377   3.1765   0.9210   0.00    0.0
2014/12/27 12:13:00.000  -12.843718041  131.132735046   126.2575   5   7   3.2511   3.7637  11.1974  -1.7342   3.2103   0.8819   0.00    0.0
2014/12/27 12:13:30.000  -12.843717153  131.132735225   126.3594   5   7   3.2461   3.7617  11.2403  -1.7307   3.2435   0.8404   0.00    0.0
2014/12/27 12:14:00.000  -12.843716051  131.132734622   126.4267   5   7   3.2411   3.7597  11.2826  -1.7273   3.2764   0.7960   0.00    0.0
2014/12/27 12:14:30.000  -12.843716623  131.132735027   126.4973   5   7   3.2362   3.7577  11.3243  -1.7239   3.3088   0.7484   0.00    0.0
2014/12/27 12:15:00.000  -12.843716313  131.132734677   126.3522   5   7   3.2314   3.7558  11.3652  -1.7205   3.3408   0.6968   0.00    0.0
2014/12/27 12:15:30.000  -12.843715268  131.132735270   126.1108   5   7   3.2267   3.7539  11.4054  -1.7171   3.3723   0.6405   0.00    0.0
2014/12/27 12:16:00.000  -12.843715257  131.132735685   126.4238   5   7   3.2220   3.7521  11.4448  -1.7137   3.4033   0.5781   0.00    0.0
2014/12/27 12:16:30.000  -12.843715756  131.132734336   126.4140   5   7   3.2174   3.7503  11.4833  -1.7104   3.4337   0.5075   0.00    0.0
2014/12/27 12:17:00.000  -12.843716670  131.132734409   126.6509   5   7   3.2128   3.7485  11.5209  -1.7071   3.4637   0.4245   0.00    0.0
2014/12/27 12:17:30.000  -12.843716465  131.132733695   126.6257   5   7   3.2084   3.7467  11.5575  -1.7038   3.4930   0.3201   0.00    0.0
2014/12/27 12:18:00.000  -12.843716042  131.132732761   126.7336   5   7   3.2040   3.7450  11.5931  -1.7005   3.5218   0.1560   0.00    0.0
2014/12/27 12:18:30.000  -12.843716810  131.132732768   126.5745   5   7   3.1997   3.7432  11.6275  -1.6972   3.5500  -0.2325   0.00    0.0
2014/12/27 12:19:00.000  -12.843716605  131.132732673   126.5050   5   7   3.1954   3.7415  11.6608  -1.6939   3.5775  -0.3642   0.00    0.0
2014/12/27 12:19:30.000  -12.843715627  131.132734380   126.7785   5   7   3.1912   3.7398  11.6928  -1.6906   3.6044  -0.4596   0.00    0.0
2014/12/27 12:20:00.000  -12.843714233  131.132735626   127.0073   5   7   3.1871   3.7381  11.7235  -1.6874   3.6306  -0.5383   0.00    0.0
2014/12/27 12:20:30.000  -12.843714116  131.132736340   127.1721   5   7   3.1831   3.7364  11.7529  -1.6841   3.6561  -0.6067   0.00    0.0
2014/12/27 12:21:00.000  -12.843714554  131.132736827   127.3699   5   7   3.1792   3.7346  11.7808  -1.6809   3.6809  -0.6680   0.00    0.0
2014/12/27 12:21:30.000  -12.843714777  131.132735214   127.1253   5   7   3.1753   3.7329  11.8073  -1.6776   3.7049  -0.7237   0.00    0.0
2014/12/27 12:22:00.000  -12.843715116  131.132735056   127.0819   5   7   3.1715   3.7311  11.8323  -1.6743   3.7282  -0.7751   0.00    0.0
2014/12/27 12:22:30.000  -12.843715043  131.132735363   127.0550   5   7   3.1678   3.7293  11.8556  -1.6710   3.7507  -0.8229   0.00    0.0
2014/12/27 12:23:00.000  -12.843715371  131.132735714   126.7100   5   7   3.1642   3.7274  11.8774  -1.6677   3.7724  -0.8676   0.00    0.0
2014/12/27 12:23:30.000  -12.843716008  131.132735704   126.9636   5   7   3.1606   3.7255  11.8974  -1.6644   3.7932  -0.9096   0.00    0.0
2014/12/27 12:24:00.000  -12.843716118  131.132736621   127.0638   5   7   3.1571   3.7236  11.9156  -1.6610   3.8132  -0.9491   0.00    0.0
2014/12/27 12:24:30.000  -12.843715881  131.132736309   127.1015   5   7   3.1537   3.7216  11.9321  -1.6576   3.8324  -0.9864   0.00    0.0
2014/12/27 12:25:00.000  -12.843715673  131.132735099   126.9880   5   7   3.1504   3.7196  11.9466  -1.6542   3.8506  -1.0217   0.00    0.0
2014/12/27 12:25:30.000  -12.843715667  131.132733955   127.4177   5   7   3.1471   3.7175  11.9593  -1.6507   3.8680  -1.0552   0.00    0.0
2014/12/27 12:26:00.000  -12.843716165  131.132733563   127.5106   5   7   3.1439   3.7153  11.9700  -1.6472   3.8844  -1.0868   0.00    0.0
2014/12/27 12:26:30.000  -12.843715384  131.132733566   127.8126   5   7   3.1408   3.7130  11.9788  -1.6436   3.8999  -1.1167   0.00    0.0
2014/12/27 12:27:00.000  -12.843714413  131.132733942   127.7535   5   7   3.1378   3.7107  11.9855  -1.6400   3.9144  -1.1451   0.00    0.0
2014/12/27 12:27:30.000  -12.843714180  131.132733678   127.4497   5   7   3.1348   3.7083  11.9901  -1.6363   3.9280  -1.1719   0.00    0.0
2014/12/27 12:28:00.000  -12.843714318  131.132734242   127.5576   5   7   3.1319   3.7058  11.9926  -1.6325   3.9406  -1.1971   0.00    0.0
2014/12/27 12:28:30.000  -12.843714917  131.132735122   127.6526   5   7   3.1291   3.7032  11.9930  -1.6286   3.9522  -1.2210   0.00    0.0
2014/12/27 12:29:00.000  -12.843715169  131.132734782   127.8095   5   7   3.1263   3.7005  11.9913  -1.6247   3.9628  -1.2434   0.00    0.0
2014/12/27 12:29:30.000  -12.843716143  131.132734039   127.9560   5   7   3.1237   3.6977  11.9874  -1.6206   3.9724  -1.2644   0.00    0.0
2014/12/27 12:30:00.000  -12.843717017  131.132733707   128.1347   5   7   3.1210   3.6948  11.9813  -1.6165   3.9810  -1.2841   0.00    0.0
2014/12/27 12:30:30.000  -12.843716775  131.132733907   128.0507   5   7   3.1185   3.6918  11.9730  -1.6123   3.9885  -1.3024   0.00    0.0
2014/12/27 12:31:00.000  -12.843717585  131.132733897   128.1358   5   7   3.1160   3.6887  11.9625  -1.6079   3.9951  -1.3194   0.00    0.0
2014/12/27 12:31:30.000  -12.843717944  131.132734179   128.2604   5   7   3.1136   3.6855  11.9498  -1.6035   4.0007  -1.3351   0.00    0.0
2014/12/27 12:32:00.000  -12.843717005  131.132734357   128.0611   5   7   3.1112   3.6821  11.9349  -1.5989   4.0052  -1.3495   0.00    0.0
2014/12/27 12:32:30.000  -12.843716391  131.132734994   128.4150   5   7   3.1089   3.6787  11.9178  -1.5942   4.0087  -1.3626   0.00    0.0
2014/12/27 12:33:00.000  -12.843716799  131.132735339   128.9062   5   7   3.1067   3.6751  11.8985  -1.5894   4.0112  -1.3745   0.00    0.0
2014/12/27 12:33:30.000  -12.843716647  131.132734760   129.2022   5   7   3.1046   3.6714  11.8770  -1.5845   4.0127  -1.3851   0.00    0.0
2014/12/27 12:34:00.000  -12.843715975  131.132734705   129.5618   5   7   3.1025   3.6676  11.8533  -1.5794   4.0132  -1.3945   0.00    0.0
2014/12/27 12:34:30.000  -12.843716028  131.132735166   129.8335   5   7   3.1004   3.6637  11.8275  -1.5742   4.0128  -1.4026   0.00    0.0
2014/12/27 12:35:00.000  -12.843716630  131.132734572   129.6235   5   7   3.0985   3.6596  11.7996  -1.5688   4.0113  -1.4095   0.00    0.0
2014/12/27 12:35:30.000  -12.843717559  131.132734069   129.5502   5   7   3.0965   3.6555  11.7696  -1.5633   4.0089  -1.4152   0.00    0.0
2014/12/27 12:36:00.000  -12.843719413  131.132733331   129.6408   5   7   3.0947   3.6512  11.7376  -1.5576   4.0056  -1.4197   0.00    0.0
2014/12/27 12:36:30.000  -12.843719830  131.132733084   129.8530   5   7   3.0929   3.6468  11.7035  -1.5518   4.0013  -1.4230   0.00    0.0
2014/12/27 12:37:00.000  -12.843719772  131.132734096   130.0906   5   7   3.0912   3.6423  11.6675  -1.5458   3.9961  -1.4251   0.00    0.0
2014/12/27 12:37:30.000  -12.843720025  131.132735761   130.6530   5   7   3.0895   3.6377  11.6295  -1.5397   3.9901  -1.4260   0.00    0.0
2014/12/27 12:38:00.000  -12.843719257  131.132735832   130.9586   5   7   3.0879   3.6330  11.5897  -1.5333   3.9831  -1.4258   0.00    0.0
2014/12/27 12:38:30.000  -12.843718703  131.132735507   130.9274   5   7   3.0863   3.6282  11.5481  -1.5269   3.9753  -1.4243   0.00    0.0
2014/12/27 12:39:00.000  -12.843719085  131.132736919   130.9182   5   7   3.0848   3.6232  11.5047  -1.5202   3.9667  -1.4217   0.00    0.0
2014/12/27 12:39:30.000  -12.843720018  131.132736526   130.7752   5   7   3.0834   3.6182  11.4596  -1.5134   3.9573  -1.4180   0.00    0.0
2014/12/27 12:40:00.000  -12.843720685  131.132734926   130.7890   5   7   3.0820   3.6131  11.4128  -1.5065   3.9472  -1.4131   0.00    0.0
2014/12/27 12:40:30.000  -12.843720345  131.132734565   130.8047   5   7   3.0807   3.6079  11.3644  -1.4993   3.9362  -1.4071   0.00    0.0
2014/12/27 12:41:00.000  -12.843720731  131.132735947   131.2001   5   7   3.0794   3.6026  11.3146  -1.4920   3.9246  -1.3999   0.00    0.0
2014/12/27 12:41:30.000  -12.843720271  131.132734673   131.6568   5   7   3.0782   3.5973  11.2632  -1.4845   3.9123  -1.3916   0.00    0.0
2014/12/27 12:42:00.000  -12.843720132  131.132733820   131.8272   5   7   3.0770   3.5918  11.2104  -1.4768   3.8993  -1.3822   0.00    0.0
2014/12/27 12:42:30.000  -12.843720879  131.132734432   132.1306   5   7   3.0760   3.5863  11.1564  -1.4690   3.8857  -1.3716   0.00    0.0
2014/12/27 12:43:00.000  -12.843720601  131.132733738   131.8760   5   7   3.0749   3.5807  11.1010  -1.4610   3.8714  -1.3599   0.00    0.0
2014/12/27 12:43:30.000  -12.843721153  131.132733043   131.6485   5   7   3.0740   3.5751  11.0445  -1.4528   3.8566  -1.3471   0.00    0.0
2014/12/27 12:44:00.000  -12.843721443  131.132733173   131.7696   5   7   3.0731   3.5694  10.9868  -1.4445   3.8413  -1.3332   0.00    0.0
2014/12/27 12:44:30.000  -12.843721101  131.132733730   132.1922   5   7   3.0722   3.5636  10.9281  -1.4359   3.8254  -1.3181   0.00    0.0
2014/12/27 12:45:00.000  -12.843720213  131.132734527   132.7670   5   7   3.0714   3.5578  10.8683  -1.4272   3.8091  -1.3019   0.00    0.0
2014/12/27 12:45:30.000  -12.843720970  131.132735116   133.1048   5   7   3.0707   3.5520  10.8077  -1.4183   3.7923  -1.2846   0.00    0.0
2014/12/27 12:46:00.000  -12.843722121  131.132734862   132.9577   5   7   3.0701   3.5461  10.7462  -1.4093   3.7750  -1.2661   0.00    0.0
2014/12/27 12:46:30.000  -12.843722715  131.132733372   132.4779   5   7   3.0695   3.5402  10.6839  -1.4000   3.7574  -1.2464   0.00    0.0
2014/12/27 12:47:00.000  -12.843723650  131.132733872   132.3879   5   7   3.0690   3.5343  10.6209  -1.3906   3.7394  -1.2256   0.00    0.0
2014/12/27 12:47:30.000  -12.843723252  131.132734723   132.7770   5   7   3.0685   3.5284  10.5572  -1.3811   3.7211  -1.2035   0.00    0.0
2014/12/27 12:48:00.000  -12.843722959  131.132734606   132.8127   5   7   3.0681   3.5224  10.4930  -1.3713   3.7025  -1.1802   0.00    0.0
2014/12/27 12:48:30.000  -12.843724084  131.132733691   133.3869   5   7   3.0678   3.5165  10.4282  -1.3614   3.6836  -1.1556   0.00    0.0
2014/12/27 12:49:00.000  -12.843732413  131.132748948   139.2334   5   8   2.9315   2.9601   8.6019  -0.3476   1.5881   1.9863   0.00    0.0
2014/12/27 12:49:30.000  -12.843732762  131.132748479   139.4316   5   8   2.9324   2.9552   8.5667  -0.3214   1.5884   1.9813   0.00    0.0
2014/12/27 12:50:00.000  -12.843732877  131.132746815   139.2489   5   8   2.9335   2.9503   8.5311  -0.2928   1.5887   1.9766   0.00    0.0
2014/12/27 12:50:30.000  -12.843733267  131.132747063   138.8323   5   8   2.9347   2.9454   8.4951  -0.2610   1.5888   1.9723   0.00    0.0
2014/12/27 12:51:00.000  -12.843736946  131.132742419   140.1429   5   7   3.3448   3.2427  10.1826   1.4627  -2.2855  -2.2825   0.00    0.0
2014/12/27 12:51:30.000  -12.843735870  131.132742518   140.2195   5   7   3.3499   3.2357  10.1561   1.4691  -2.2800  -2.2982   0.00    0.0
2014/12/27 12:52:00.000  -12.843736525  131.132742481   140.6507   5   7   3.3550   3.2289  10.1285   1.4755  -2.2742  -2.3129   0.00    0.0
2014/12/27 12:52:30.000  -12.843736803  131.132741773   140.1650   5   7   3.3603   3.2221  10.0999   1.4818  -2.2680  -2.3267   0.00    0.0
2014/12/27 12:53:00.000  -12.843736981  131.132742380   139.9589   5   7   3.3656   3.2154  10.0702   1.4881  -2.2615  -2.3395   0.00    0.0
2014/12/27 12:53:30.000  -12.843737081  131.132742378   139.9824   5   7   3.3710   3.2087  10.0395   1.4943  -2.2546  -2.3515   0.00    0.0
2014/12/27 12:54:00.000  -12.843736931  131.132742798   139.3140   5   7   3.3765   3.2021  10.0079   1.5005  -2.2474  -2.3625   0.00    0.0
2014/12/27 12:54:30.000  -12.843736963  131.132743055   139.0989   5   7   3.3820   3.1956   9.9753   1.5067  -2.2398  -2.3727   0.00    0.0
2014/12/27 12:55:00.000  -12.843736569  131.132742941   138.8487   5   7   3.3876   3.1891   9.9417   1.5129  -2.2318  -2.3819   0.00    0.0
2014/12/27 12:55:30.000  -12.843735099  131.132742679   139.1370   5   7   3.3933   3.1827   9.9073   1.5190  -2.2235  -2.3903   0.00    0.0
2014/12/27 12:56:00.000  -12.843734445  131.132743967   138.8225   5   7   3.3991   3.1763   9.8720   1.5250  -2.2149  -2.3979   0.00    0.0
2014/12/27 12:56:30.000  -12.843734937  131.132745586   138.2173   5   7   3.4049   3.1700   9.8359   1.5311  -2.2058  -2.4046   0.00    0.0
2014/12/27 12:57:00.000  -12.843735382  131.132745520   138.0054   5   7   3.4108   3.1638   9.7989   1.5371  -2.1965  -2.4105   0.00    0.0
2014/12/27 12:57:30.000  -12.843736228  131.132743952   137.9752   5   7   3.4168   3.1576   9.7611   1.5430  -2.1867  -2.4155   0.00    0.0
2014/12/27 12:58:00.000  -12.843736362  131.132742813   138.1281   5   7   3.4228   3.1515   9.7226   1.5489  -2.1766  -2.4197   0.00    0.0
2014/12/27 12:58:30.000  -12.843735529  131.132742078   137.8439   5   7   3.4288   3.1454   9.6834   1.5548  -2.1662  -2.4232   0.00    0.0
2014/12/27 12:59:00.000  -12.843734461  131.132742254   137.6087   5   7   3.4350   3.1394   9.6435   1.5607  -2.1554  -2.4258   0.00    0.0
2014/12/27 12:59:30.000  -12.843733771  131.132742641   137.4351   5   7   3.4412   3.1334   9.6029   1.5665  -2.1443  -2.4277   0.00    0.0
2014/12/27 13:00:00.000  -12.843733181  131.132746946   136.4314   5   7   3.4474   3.1275   9.5617   1.5723  -2.1329  -2.4288   0.00    0.0
2014/12/27 13:00:30.000  -12.843731456  131.132746498   135.9624   5   7   3.4537   3.1217   9.5198   1.5780  -2.1211  -2.4292   0.00    0.0
2014/12/27 13:01:00.000  -12.843730254  131.132746994   135.4638   5   7   3.4601   3.1159   9.4775   1.5837  -2.1090  -2.4288   0.00    0.0
2014/12/27 13:01:30.000  -12.843730177  131.132746275   135.1556   5   7   3.4665   3.1102   9.4345   1.5894  -2.0965  -2.4277   0.00    0.0
2014/12/27 13:02:00.000  -12.843730250  131.132746947   134.3935   5   7   3.4730   3.1045   9.3911   1.5951  -2.0837  -2.4258   0.00    0.0
2014/12/27 13:02:30.000  -12.843730643  131.132746844   134.1841   5   7   3.4795   3.0989   9.3472   1.6007  -2.0706  -2.4233   0.00    0.0
2014/12/27 13:03:00.000  -12.843730975  131.132745752   134.0051   5   7   3.4861   3.0933   9.3029   1.6063  -2.0572  -2.4201   0.00    0.0
2014/12/27 13:03:30.000  -12.843731740  131.132745831   134.0226   5   7   3.4928   3.0878   9.2582   1.6119  -2.0435  -2.4162   0.00    0.0
2014/12/27 13:04:00.000  -12.843731341  131.132744867   133.6894   5   7   3.4995   3.0824   9.2131   1.6175  -2.0295  -2.4116   0.00    0.0
2014/12/27 13:04:30.000  -12.843730926  131.132744900   133.4332   5   7   3.5063   3.0770   9.1676   1.6230  -2.0151  -2.4064   0.00    0.0
2014/12/27 13:05:00.000  -12.843730619  131.132746263   133.2940   5   7   3.5131   3.0717   9.1219   1.6286  -2.0005  -2.4006   0.00    0.0
2014/12/27 13:05:30.000  -12.843730303  131.132746164   133.2280   5   7   3.5199   3.0664   9.0759   1.6341  -1.9855  -2.3941   0.00    0.0
2014/12/27 13:06:00.000  -12.843729943  131.132745771   133.3050   5   7   3.5269   3.0612   9.0296   1.6396  -1.9703  -2.3869   0.00    0.0
2014/12/27 13:06:30.000  -12.843729616  131.132745074   133.4224   5   7   3.5339   3.0560   8.9831   1.6451  -1.9547  -2.3792   0.00    0.0
2014/12/27 13:07:00.000  -12.843734728  131.132741516   130.9544   5   8   3.4101   2.9802   8.2822   1.4497  -2.4394  -2.9701   0.00    0.0
2014/12/27 13:07:30.000  -12.843734420  131.132740771   130.8719   5   8   3.4135   2.9734   8.2510   1.4503  -2.4251  -2.9632   0.00    0.0
2014/12/27 13:08:00.000  -12.843733298  131.132740664   130.5890   5   8   3.4168   2.9667   8.2193   1.4509  -2.4105  -2.9558   0.00    0.0
2014/12/27 13:08:30.000  -12.843733487  131.132740553   130.6095   5   8   3.4201   2.9600   8.1872   1.4513  -2.3956  -2.9478   0.00    0.0
2014/12/27 13:09:00.000  -12.843733542  131.132741930   130.5756   5   8   3.4234   2.9533   8.1548   1.4516  -2.3805  -2.9393   0.00    0.0
2014/12/27 13:09:30.000  -12.843732461  131.132743039   130.3949   5   8   3.4267   2.9467   8.1221   1.4518  -2.3651  -2.9304   0.00    0.0
2014/12/27 13:10:00.000  -12.843730798  131.132743185   130.2004   5   8   3.4299   2.9400   8.0891   1.4519  -2.3495  -2.9209   0.00    0.0
2014/12/27 13:10:30.000  -12.843731208  131.132742028   130.1414   5   8   3.4330   2.9334   8.0558   1.4520  -2.3336  -2.9110   0.00    0.0
2014/12/27 13:11:00.000  -12.843730640  131.132740627   129.9228   5   8   3.4362   2.9269   8.0223   1.4519  -2.3174  -2.9005   0.00    0.0
2014/12/27 13:11:30.000  -12.843730432  131.132740285   129.4451   5   8   3.4392   2.9203   7.9885   1.4517  -2.3010  -2.8896   0.00    0.0
2014/12/27 13:12:00.000  -12.843730246  131.132740123   129.4789   5   8   3.4423   2.9138   7.9545   1.4514  -2.2844  -2.8783   0.00    0.0
2014/12/27 13:12:30.000  -12.843731173  131.132740650   129.6666   5   8   3.4453   2.9073   7.9203   1.4510  -2.2675  -2.8665   0.00    0.0
2014/12/27 13:13:00.000  -12.843730736  131.132741305   129.7388   5   8   3.4483   2.9009   7.8859   1.4505  -2.2504  -2.8543   0.00    0.0
2014/12/27 13:13:30.000  -12.843730398  131.132740974   129.8769   5   8   3.4512   2.8945   7.8514   1.4500  -2.2330  -2.8416   0.00    0.0
2014/12/27 13:14:00.000  -12.843730957  131.132740844   129.9163   5   8   3.4542   2.8881   7.8167   1.4494  -2.2155  -2.8285   0.00    0.0
2014/12/27 13:14:30.000  -12.843730307  131.132741743   129.7905   5   8   3.4570   2.8817   7.7819   1.4487  -2.1977  -2.8150   0.00    0.0
2014/12/27 13:15:00.000  -12.843728806  131.132742374   129.5274   5   8   3.4599   2.8754   7.7471   1.4479  -2.1797  -2.8011   0.00    0.0
2014/12/27 13:15:30.000  -12.843728679  131.132742056   129.5771   5   8   3.4627   2.8691   7.7121   1.4470  -2.1614  -2.7867   0.00    0.0
2014/12/27 13:16:00.000  -12.843729454  131.132742032   129.3349   5   8   3.4655   2.8629   7.6771   1.4461  -2.1430  -2.7720   0.00    0.0
2014/12/27 13:16:30.000  -12.843730359  131.132742689   129.0225   5   8   3.4683   2.8567   7.6420   1.4451  -2.1244  -2.7569   0.00    0.0
2014/12/27 13:17:00.000  -12.843730960  131.132743523   129.1812   5   8   3.4710   2.8505   7.6070   1.4441  -2.1056  -2.7414   0.00    0.0
2014/12/27 13:17:30.000  -12.843730900  131.132741724   129.2236   5   8   3.4737   2.8444   7.5719   1.4430  -2.0865  -2.7255   0.00    0.0
2014/12/27 13:18:00.000  -12.843729604  131.132740656   129.4362   5   8   3.4764   2.8383   7.5368   1.4418  -2.0673  -2.7093   0.00    0.0
2014/12/27 13:18:30.000  -12.843728702  131.132740356   129.6372   5   8   3.4791   2.8322   7.5018   1.4406  -2.0479  -2.6926   0.00    0.0
2014/12/27 13:19:00.000  -12.843727701  131.132741311   129.7048   5   8   3.4817   2.8262   7.4668   1.4393  -2.0282  -2.6757   0.00    0.0
2014/12/27 13:19:30.000  -12.843727482  131.132741522   129.6172   5   8   3.4844   2.8202   7.4318   1.4380  -2.0084  -2.6584   0.00    0.0
2014/12/27 13:20:00.000  -12.843727397  131.132741961   129.0486   5   8   3.4870   2.8142   7.3970   1.4367  -1.9884  -2.6407   0.00    0.0
2014/12/27 13:20:30.000  -12.843726072  131.132741685   128.4655   5   8   3.4896   2.8083   7.3622   1.4353  -1.9682  -2.6227   0.00    0.0
2014/12/27 13:21:00.000  -12.843726941  131.132741500   128.4827   5   8   3.4921   2.8025   7.3276   1.4338  -1.9479  -2.6044   0.00    0.0
2014/12/27 13:21:30.000  -12.843727778  131.132741158   128.3709   5   8   3.4947   2.7966   7.2930   1.4323  -1.9273  -2.5857   0.00    0.0
2014/12/27 13:22:00.000  -12.843726919  131.132741187   128.3503   5   8   3.4972   2.7909   7.2586   1.4308  -1.9065  -2.5667   0.00    0.0
2014/12/27 13:22:30.000  -12.843726513  131.132742493   128.3875   5   8   3.4997   2.7851   7.2243   1.4293  -1.8856  -2.5474   0.00    0.0
2014/12/27 13:23:00.000  -12.843726752  131.132741206   128.6556   5   8   3.5022   2.7794   7.1902   1.4277  -1.8645  -2.5277   0.00    0.0
2014/12/27 13:23:30.000  -12.843727209  131.132740910   128.5696   5   8   3.5047   2.7738   7.1563   1.4261  -1.8432  -2.5078   0.00    0.0
2014/12/27 13:24:00.000  -12.843726244  131.132741062   128.3994   5   8   3.5072   2.7682   7.1225   1.4245  -1.8217  -2.4875   0.00    0.0
2014/12/27 13:24:30.000  -12.843725551  131.132740551   128.6461   5   8   3.5097   2.7626   7.0889   1.4229  -1.8000  -2.4669   0.00    0.0
2014/12/27 13:25:00.000  -12.843726399  131.132739796   128.8467   5   8   3.5121   2.7571   7.0556   1.4212  -1.7781  -2.4460   0.00    0.0
2014/12/27 13:25:30.000  -12.843726810  131.132739919   129.2047   5   8   3.5146   2.7516   7.0224   1.4196  -1.7560  -2.4248   0.00    0.0
2014/12/27 13:26:00.000  -12.843726693  131.132740127   129.0712   5   8   3.5170   2.7462   6.9895   1.4179  -1.7337  -2.4033   0.00    0.0
2014/12/27 13:26:30.000  -12.843727779  131.132740450   129.0776   5   8   3.5194   2.7408   6.9568   1.4162  -1.7112  -2.3815   0.00    0.0
2014/12/27 13:27:00.000  -12.843727700  131.132741606   129.0218   5   8   3.5218   2.7355   6.9243   1.4145  -1.6885  -2.3594   0.00    0.0
2014/12/27 13:27:30.000  -12.843727261  131.132742507   129.0762   5   8   3.5242   2.7302   6.8921   1.4128  -1.6656  -2.3369   0.00    0.0
2014/12/27 13:28:00.000  -12.843727134  131.132742806   128.8332   5   8   3.5266   2.7250   6.8602   1.4111  -1.6424  -2.3142   0.00    0.0
2014/12/27 13:28:30.000  -12.843727286  131.132742617   128.7595   5   8   3.5290   2.7198   6.8285   1.4094  -1.6191  -2.2912   0.00    0.0
2014/12/27 13:29:00.000  -12.843727624  131.132741259   128.5827   5   8   3.5314   2.7147   6.7971   1.4077  -1.5955  -2.2678   0.00    0.0
2014/12/27 13:29:30.000  -12.843727993  131.132740311   128.5094   5   8   3.5337   2.7096   6.7660   1.4060  -1.5717  -2.2442   0.00    0.0
2014/12/27 13:30:00.000  -12.843728979  131.132741943   128.6327   5   8   3.5361   2.7046   6.7351   1.4043  -1.5476  -2.2202   0.00    0.0
2014/12/27 13:30:30.000  -12.843727807  131.132741847   128.5992   5   8   3.5384   2.6996   6.7046   1.4026  -1.5232  -2.1959   0.00    0.0
2014/12/27 13:31:00.000  -12.843726831  131.132740722   128.7874   5   8   3.5408   2.6946   6.6743   1.4009  -1.4986  -2.1713   0.00    0.0
2014/12/27 13:31:30.000  -12.843726464  131.132739309   128.9986   5   8   3.5431   2.6898   6.6444   1.3993  -1.4737  -2.1464   0.00    0.0
2014/12/27 13:32:00.000  -12.843725935  131.132739800   128.9295   5   8   3.5454   2.6849   6.6148   1.3976  -1.4485  -2.1211   0.00    0.0
2014/12/27 13:32:30.000  -12.843725409  131.132740445   128.6851   5   8   3.5477   2.6802   6.5855   1.3960  -1.4230  -2.0956   0.00    0.0
2014/12/27 13:33:00.000  -12.843726448  131.132740352   128.6401   5   8   3.5499   2.6754   6.5565   1.3943  -1.3972  -2.0696   0.00    0.0
2014/12/27 13:33:30.000  -12.843727283  131.132740579   128.4144   5   8   3.5522   2.6708   6.5278   1.3927  -1.3711  -2.0434   0.00    0.0
2014/12/27 13:34:00.000  -12.843728064  131.132741091   128.3971   5   8   3.5545   2.6662   6.4995   1.3911  -1.3445  -2.0168   0.00    0.0
2014/12/27 13:34:30.000  -12.843728521  131.132740082   128.3431   5   8   3.5567   2.6616   6.4715   1.3895  -1.3176  -1.9898   0.00    0.0
2014/12/27 13:35:00.000  -12.843729637  131.132739933   128.4896   5   8   3.5589   2.6571   6.4439   1.3880  -1.2903  -1.9624   0.00    0.0
2014/12/27 13:35:30.000  -12.843732109  131.132741143   129.0200   5   8   3.5611   2.6526   6.4165   1.3865  -1.2625  -1.9347   0.00    0.0
2014/12/27 13:36:00.000  -12.843731666  131.132741585   128.9412   5   8   3.5633   2.6482   6.3896   1.3850  -1.2343  -1.9066   0.00    0.0
2014/12/27 13:36:30.000  -12.843731313  131.132741356   129.0054   5   8   3.5655   2.6439   6.3630   1.3835  -1.2056  -1.8781   0.00    0.0
2014/12/27 13:37:00.000  -12.843732098  131.132741626   129.2558   5   8   3.5676   2.6396   6.3367   1.3821  -1.1763  -1.8491   0.00    0.0
2014/12/27 13:37:30.000  -12.843731484  131.132741652   129.2170   5   8   3.5698   2.6354   6.3108   1.3806  -1.1465  -1.8198   0.00    0.0
2014/12/27 13:38:00.000  -12.843731862  131.132741381   129.2186   5   8   3.5719   2.6312   6.2852   1.3793  -1.1160  -1.7899   0.00    0.0
2014/12/27 13:38:30.000  -12.843732784  131.132740875   129.3937   5   8   3.5740   2.6271   6.2600   1.3779  -1.0849  -1.7597   0.00    0.0
2014/12/27 13:39:00.000  -12.843732889  131.132742087   129.2853   5   8   3.5760   2.6230   6.2351   1.3766  -1.0530  -1.7289   0.00    0.0
2014/12/27 13:39:30.000  -12.843732568  131.132742645   129.2707   5   8   3.5780   2.6190   6.2106   1.3753  -1.0203  -1.6976   0.00    0.0
2014/12/27 13:40:00.000  -12.843730564  131.132742489   129.2875   5   8   3.5801   2.6150   6.1865   1.3741  -0.9867  -1.6658   0.00    0.0
2014/12/27 13:40:30.000  -12.843731507  131.132741893   129.3382   5   8   3.5820   2.6111   6.1627   1.3729  -0.9521  -1.6335   0.00    0.0
2014/12/27 13:41:00.000  -12.843731557  131.132742154   129.0619   5   8   3.5840   2.6073   6.1393   1.3717  -0.9165  -1.6005   0.00    0.0
2014/12/27 13:41:30.000  -12.843732217  131.132742574   128.8623   5   8   3.5859   2.6035   6.1163   1.3706  -0.8795  -1.5669   0.00    0.0
2014/12/27 13:42:00.000  -12.843732323  131.132742206   128.8963   5   8   3.5878   2.5998   6.0936   1.3695  -0.8412  -1.5327   0.00    0.0
2014/12/27 13:42:30.000  -12.843732619  131.132742000   128.8191   5   8   3.5896   2.5961   6.0713   1.3684  -0.8012  -1.4978   0.00    0.0
2014/12/27 13:43:00.000  -12.843732159  131.132741867   128.8597   5   8   3.5914   2.5925   6.0493   1.3674  -0.7593  -1.4622   0.00    0.0
2014/12/27 13:43:30.000  -12.843731436  131.132741785   128.9897   5   8   3.5932   2.5889   6.0277   1.3665  -0.7153  -1.4257   0.00    0.0
2014/12/27 13:44:00.000  -12.843732872  131.132742306   128.9065   5   8   3.5950   2.5855   6.0065   1.3655  -0.6685  -1.3884   0.00    0.0
2014/12/27 13:44:30.000  -12.843734773  131.132741228   128.9805   5   8   3.5966   2.5820   5.9856   1.3647  -0.6186  -1.3502   0.00    0.0
2014/12/27 13:45:00.000  -12.843735260  131.132740684   129.0800   5   8   3.5983   2.5786   5.9651   1.3638  -0.5644  -1.3110   0.00    0.0
2014/12/27 13:45:30.000  -12.843735468  131.132741557   129.1896   5   8   3.5999   2.5753   5.9450   1.3631  -0.5048  -1.2707   0.00    0.0
2014/12/27 13:46:00.000  -12.843741888  131.132744878   128.6228   5   8   3.2143   2.6521   6.3750  -0.9324  -1.3087   2.8756   0.00    0.0
2014/12/27 13:46:30.000  -12.843742679  131.132744585   128.5913   5   8   3.2171   2.6477   6.3715  -0.9317  -1.2893   2.8855   0.00    0.0
2014/12/27 13:47:00.000  -12.843742468  131.132745582   128.4759   5   8   3.2199   2.6433   6.3680  -0.9308  -1.2696   2.8953   0.00    0.0
2014/12/27 13:47:30.000  -12.843743011  131.132745453   128.2684   5   8   3.2226   2.6389   6.3647  -0.9299  -1.2496   2.9049   0.00    0.0
2014/12/27 13:48:00.000  -12.843744210  131.132744226   128.4833   5   8   3.2253   2.6346   6.3616  -0.9289  -1.2292   2.9145   0.00    0.0
2014/12/27 13:48:30.000  -12.843746371  131.132744388   128.6443   5   8   3.2279   2.6303   6.3586  -0.9278  -1.2083   2.9239   0.00    0.0
2014/12/27 13:49:00.000  -12.843745728  131.132745153   129.0416   5   8   3.2305   2.6261   6.3558  -0.9266  -1.1871   2.9332   0.00    0.0
2014/12/27 13:49:30.000  -12.843744487  131.132745527   129.0815   5   8   3.2330   2.6219   6.3531  -0.9253  -1.1654   2.9424   0.00    0.0
2014/12/27 13:50:00.000  -12.843743628  131.132745208   128.8724   5   8   3.2355   2.6178   6.3505  -0.9238  -1.1432   2.9515   0.00    0.0
2014/12/27 13:50:30.000  -12.843745414  131.132746153   128.8088   5   8   3.2379   2.6137   6.3481  -0.9223  -1.1205   2.9604   0.00    0.0
2014/12/27 13:51:00.000  -12.843745807  131.132745294   128.7314   5   8   3.2402   2.6097   6.3458  -0.9207  -1.0972   2.9692   0.00    0.0
2014/12/27 13:51:30.000  -12.843746048  131.132744939   128.7374   5   8   3.2425   2.6056   6.3436  -0.9190  -1.0734   2.9778   0.00    0.0
2014/12/27 13:52:00.000  -12.843745609  131.132744305   128.9877   5   8   3.2446   2.6017   6.3416  -0.9171  -1.0489   2.9864   0.00    0.0
2014/12/27 13:52:30.000  -12.843745790  131.132745789   128.9777   5   8   3.2467   2.5978   6.3397  -0.9152  -1.0238   2.9947   0.00    0.0
2014/12/27 13:53:00.000  -12.843745125  131.132745831   128.6787   5   8   3.2488   2.5939   6.3379  -0.9131  -0.9979   3.0030   0.00    0.0
2014/12/27 13:53:30.000  -12.843745869  131.132745641   128.5002   5   8   3.2507   2.5901   6.3362  -0.9109  -0.9713   3.0110   0.00    0.0
2014/12/27 13:54:00.000  -12.843747542  131.132746486   128.4120   5   8   3.2526   2.5863   6.3346  -0.9086  -0.9437   3.0190   0.00    0.0
2014/12/27 13:54:30.000  -12.843749575  131.132746477   128.6242   5   8   3.2544   2.5826   6.3332  -0.9062  -0.9153   3.0267   0.00    0.0
2014/12/27 13:55:00.000  -12.843750901  131.132746746   128.9468   5   8   3.2560   2.5789   6.3318  -0.9036  -0.8858   3.0343   0.00    0.0
2014/12/27 13:55:30.000  -12.843751965  131.132747065   129.0879   5   8   3.2576   2.5752   6.3306  -0.9009  -0.8551   3.0418   0.00    0.0
2014/12/27 13:56:00.000  -12.843752192  131.132746839   128.9407   5   8   3.2591   2.5716   6.3294  -0.8981  -0.8232   3.0490   0.00    0.0
2014/12/27 13:56:30.000  -12.843753291  131.132747298   128.6459   5   8   3.2605   2.5681   6.3283  -0.8952  -0.7899   3.0561   0.00    0.0
2014/12/27 13:57:00.000  -12.843753786  131.132748769   128.4929   5   8   3.2618   2.5646   6.3273  -0.8922  -0.7549   3.0630   0.00    0.0
2014/12/27 13:57:30.000  -12.843753577  131.132749019   128.4624   5   8   3.2630   2.5611   6.3264  -0.8890  -0.7181   3.0698   0.00    0.0
2014/12/27 13:58:00.000  -12.843753222  131.132749274   128.6116   5   8   3.2641   2.5577   6.3256  -0.8857  -0.6791   3.0763   0.00    0.0
2014/12/27 13:58:30.000  -12.843752263  131.132749169   128.6519   5   8   3.2651   2.5544   6.3248  -0.8822  -0.6375   3.0827   0.00    0.0
2014/12/27 13:59:00.000  -12.843751772  131.132748842   128.5376   5   8   3.2659   2.5511   6.3241  -0.8786  -0.5928   3.0888   0.00    0.0
2014/12/27 13:59:30.000  -12.843752228  131.132748200   128.5680   5   8   3.2666   2.5478   6.3235  -0.8749  -0.5442   3.0948   0.00    0.0
2014/12/27 14:00:00.000  -12.843751862  131.132748496   128.1909   5   8   3.2673   2.5446   6.3229  -0.8710  -0.4905   3.1006   0.00    0.0
2014/12/27 14:00:30.000  -12.843751567  131.132748834   128.0701   5   8   3.2678   2.5414   6.3224  -0.8670  -0.4299   3.1062   0.00    0.0
2014/12/27 14:01:00.000  -12.843752382  131.132749655   128.3165   5   8   3.2681   2.5383   6.3219  -0.8628  -0.3589   3.1115   0.00    0.0
2014/12/27 14:01:30.000  -12.843752533  131.132748525   128.4330   5   8   3.2684   2.5353   6.3215  -0.8586  -0.2693   3.1167   0.00    0.0
2014/12/27 14:02:00.000  -12.843752803  131.132747637   128.5567   5   8   3.2685   2.5322   6.3211  -0.8541  -0.1262   3.1216   0.00    0.0
2014/12/27 14:02:30.000  -12.843752083  131.132747506   128.5792   5   8   3.2685   2.5293   6.3208  -0.8495   0.2023   3.1264   0.00    0.0
2014/12/27 14:03:00.000  -12.843752026  131.132749669   128.4385   5   8   3.2683   2.5264   6.3205  -0.8448   0.3131   3.1309   0.00    0.0
2014/12/27 14:03:30.000  -12.843751823  131.132749804   128.4040   5   8   3.2680   2.5235   6.3202  -0.8399   0.3942   3.1352   0.00    0.0
2014/12/27 14:04:00.000  -12.843753491  131.132750930   128.2096   5   8   3.2676   2.5207   6.3199  -0.8349   0.4616   3.1392   0.00    0.0
2014/12/27 14:04:30.000  -12.843754595  131.132751938   128.2190   5   8   3.2670   2.5180   6.3197  -0.8297   0.5206   3.1430   0.00    0.0
2014/12/27 14:05:00.000  -12.843753505  131.132751808   128.3812   5   8   3.2663   2.5152   6.3194  -0.8243   0.5738   3.1466   0.00    0.0
2014/12/27 14:05:30.000  -12.843753148  131.132750935   128.5152   5   8   3.2654   2.5126   6.3192  -0.8188   0.6227   3.1500   0.00    0.0
2014/12/27 14:06:00.000  -12.843752689  131.132750725   128.9544   5   8   3.2644   2.5100   6.3190  -0.8132   0.6683   3.1531   0.00    0.0
2014/12/27 14:06:30.000  -12.843753764  131.132750338   128.7479   5   8   3.2632   2.5075   6.3187  -0.8074   0.7111   3.1559   0.00    0.0
2014/12/27 14:07:00.000  -12.843754632  131.132750417   128.6294   5   8   3.2619   2.5050   6.3185  -0.8014   0.7516   3.1586   0.00    0.0
2014/12/27 14:07:30.000  -12.843755384  131.132751912   128.4179   5   8   3.2604   2.5025   6.3183  -0.7953   0.7903   3.1609   0.00    0.0
2014/12/27 14:08:00.000  -12.843753610  131.132752724   128.4418   5   8   3.2588   2.5002   6.3180  -0.7890   0.8273   3.1630   0.00    0.0
2014/12/27 14:08:30.000  -12.843750981  131.132753721   128.3911   5   8   3.2570   2.4978   6.3177  -0.7825   0.8629   3.1649   0.00    0.0
2014/12/27 14:09:00.000  -12.843749299  131.132751868   128.4982   5   8   3.2550   2.4956   6.3174  -0.7759   0.8972   3.1665   0.00    0.0
2014/12/27 14:09:30.000  -12.843749394  131.132750794   128.7478   5   8   3.2529   2.4933   6.3171  -0.7692   0.9304   3.1678   0.00    0.0
2014/12/27 14:10:00.000  -12.843750154  131.132750921   128.7801   5   8   3.2507   2.4912   6.3167  -0.7622   0.9626   3.1689   0.00    0.0
2014/12/27 14:10:30.000  -12.843750343  131.132751079   128.5669   5   8   3.2482   2.4891   6.3163  -0.7551   0.9939   3.1697   0.00    0.0
2014/12/27 14:11:00.000  -12.843750824  131.132751214   128.3983   5   8   3.2456   2.4870   6.3159  -0.7479   1.0244   3.1703   0.00    0.0
2014/12/27 14:11:30.000  -12.843751130  131.132752270   128.6690   5   8   3.2429   2.4850   6.3154  -0.7404   1.0541   3.1706   0.00    0.0
2014/12/27 14:12:00.000  -12.843751057  131.132753312   128.7130   5   8   3.2399   2.4831   6.3149  -0.7328   1.0830   3.1706   0.00    0.0
2014/12/27 14:12:30.000  -12.843749590  131.132752825   128.7083   5   8   3.2369   2.4812   6.3143  -0.7251   1.1114   3.1703   0.00    0.0
2014/12/27 14:13:00.000  -12.843748393  131.132752471   128.5871   5   8   3.2336   2.4794   6.3137  -0.7171   1.1391   3.1698   0.00    0.0
2014/12/27 14:13:30.000  -12.843747491  131.132752200   128.6136   5   8   3.2302   2.4777   6.3130  -0.7090   1.1663   3.1690   0.00    0.0
2014/12/27 14:14:00.000  -12.843747443  131.132751684   128.5303   5   8   3.2266   2.4760   6.3123  -0.7007   1.1929   3.1679   0.00    0.0
2014/12/27 14:14:30.000  -12.843747366  131.132751646   128.5575   5   8   3.2228   2.4743   6.3115  -0.6923   1.2191   3.1665   0.00    0.0
2014/12/27 14:15:00.000  -12.843748107  131.132751428   128.3537   5   8   3.2189   2.4727   6.3106  -0.6837   1.2447   3.1648   0.00    0.0
2014/12/27 14:15:30.000  -12.843748196  131.132750224   128.6119   5   8   3.2148   2.4712   6.3097  -0.6749   1.2700   3.1629   0.00    0.0
2014/12/27 14:16:00.000  -12.843749109  131.132750400   128.7092   5   8   3.2106   2.4697   6.3087  -0.6659   1.2948   3.1607   0.00    0.0
2014/12/27 14:16:30.000  -12.843748951  131.132750733   128.6830   5   8   3.2061   2.4683   6.3076  -0.6568   1.3192   3.1582   0.00    0.0
2014/12/27 14:17:00.000  -12.843749879  131.132749578   128.3971   5   9   2.8400   2.4139   5.4577  -1.0822   0.4436   2.2993   0.00    0.0
2014/12/27 14:17:30.000  -12.843748948  131.132749835   128.2285   5   9   2.8345   2.4119   5.4561  -1.0790   0.4995   2.2948   0.00    0.0
2014/12/27 14:18:00.000  -12.843747570  131.132750967   128.2462   5   9   2.8289   2.4099   5.4546  -1.0758   0.5500   2.2901   0.00    0.0
2014/12/27 14:18:30.000  -12.843744633  131.132751664   128.2189   5   9   2.8232   2.4079   5.4531  -1.0725   0.5964   2.2853   0.00    0.0
2014/12/27 14:19:00.000  -12.843744357  131.132752450   128.2068   5   9   2.8175   2.4060   5.4517  -1.0692   0.6396   2.2804   0.00    0.0
2014/12/27 14:19:30.000  -12.843745662  131.132752711   128.0338   5   9   2.8116   2.4041   5.4504  -1.0658   0.6802   2.2752   0.00    0.0
2014/12/27 14:20:00.000  -12.843745748  131.132751047   128.0688   5   9   2.8057   2.4023   5.4491  -1.0623   0.7187   2.2699   0.00    0.0
2014/12/27 14:20:30.000  -12.843745182  131.132750756   128.3338   5   9   2.7997   2.4005   5.4479  -1.0588   0.7553   2.2645   0.00    0.0
2014/12/27 14:21:00.000  -12.843743183  131.132750365   128.2237   5   9   2.7937   2.3988   5.4468  -1.0552   0.7904   2.2589   0.00    0.0
2014/12/27 14:21:30.000  -12.843741018  131.132750286   128.2506   5   9   2.7876   2.3971   5.4457  -1.0516   0.8241   2.2531   0.00    0.0
2014/12/27 14:22:00.000  -12.843739603  131.132750905   128.1717   5   9   2.7814   2.3955   5.4447  -1.0480   0.8565   2.2472   0.00    0.0
2014/12/27 14:22:30.000  -12.843740238  131.132751372   128.4116   5   9   2.7751   2.3940   5.4438  -1.0443   0.8879   2.2411   0.00    0.0
2014/12/27 14:23:00.000  -12.843741212  131.132750922   128.3845   5   9   2.7688   2.3924   5.4429  -1.0405   0.9184   2.2349   0.00    0.0
2014/12/27 14:23:30.000  -12.843740872  131.132750608   128.4154   5   9   2.7624   2.3910   5.4421  -1.0367   0.9479   2.2285   0.00    0.0
2014/12/27 14:24:00.000  -12.843740044  131.132751221   128.1235   5   9   2.7559   2.3896   5.4414  -1.0329   0.9767   2.2220   0.00    0.0
2014/12/27 14:24:30.000  -12.843739060  131.132752874   128.1033   5   9   2.7494   2.3882   5.4407  -1.0290   1.0047   2.2153   0.00    0.0
2014/12/27 14:25:00.000  -12.843737508  131.132752957   128.3372   5   9   2.7428   2.3869   5.4401  -1.0251   1.0320   2.2085   0.00    0.0
2014/12/27 14:25:30.000  -12.843737681  131.132752207   128.3958   5   9   2.7361   2.3857   5.4396  -1.0211   1.0588   2.2016   0.00    0.0
2014/12/27 14:26:00.000  -12.843737563  131.132754631   128.4683   5   9   2.7294   2.3845   5.4391  -1.0171   1.0849   2.1945   0.00    0.0
2014/12/27 14:26:30.000  -12.843737488  131.132754860   127.9843   5   9   2.7227   2.3834   5.4388  -1.0131   1.1105   2.1873   0.00    0.0
2014/12/27 14:27:00.000  -12.843736862  131.132754286   127.9569   5   9   2.7158   2.3823   5.4384  -1.0090   1.1356   2.1800   0.00    0.0
2014/12/27 14:27:30.000  -12.843737929  131.132753372   128.1492   5   9   2.7090   2.3813   5.4382  -1.0049   1.1602   2.1725   0.00    0.0
2014/12/27 14:28:00.000  -12.843737620  131.132751621   128.4813   5   9   2.7021   2.3803   5.4380  -1.0008   1.1844   2.1649   0.00    0.0
2014/12/27 14:28:30.000  -12.843736476  131.132752391   128.6248   5   9   2.6951   2.3794   5.4379  -0.9966   1.2082   2.1572   0.00    0.0
2014/12/27 14:29:00.000  -12.843733294  131.132752276   128.5012   5   9   2.6881   2.3785   5.4378  -0.9924   1.2316   2.1494   0.00    0.0
2014/12/27 14:29:30.000  -12.843732129  131.132751588   128.6802   5   9   2.6811   2.3777   5.4379  -0.9882   1.2546   2.1414   0.00    0.0
2014/12/27 14:30:00.000  -12.843732018  131.132751829   128.6481   5   9   2.6740   2.3769   5.4380  -0.9839   1.2772   2.1334   0.00    0.0
2014/12/27 14:30:30.000  -12.843732268  131.132752444   128.4634   5   9   2.6669   2.3762   5.4381  -0.9797   1.2995   2.1252   0.00    0.0
2014/12/27 14:31:00.000  -12.843732536  131.132753625   128.0609   5   9   2.6597   2.3756   5.4384  -0.9754   1.3215   2.1169   0.00    0.0
2014/12/27 14:31:30.000  -12.843732868  131.132753358   127.9636   5   9   2.6525   2.3750   5.4387  -0.9711   1.3431   2.1085   0.00    0.0
2014/12/27 14:32:00.000  -12.843732082  131.132753637   128.2044   5   9   2.6453   2.3745   5.4390  -0.9667   1.3645   2.1000   0.00    0.0
2014/12/27 14:32:30.000  -12.843730448  131.132753464   128.5377   5   9   2.6380   2.3740   5.4395  -0.9624   1.3856   2.0914   0.00    0.0
2014/12/27 14:33:00.000  -12.843730096  131.132754094   128.4635   5   9   2.6307   2.3736   5.4400  -0.9580   1.4064   2.0827   0.00    0.0
2014/12/27 14:33:30.000  -12.843730295  131.132754765   128.3953   5   9   2.6234   2.3732   5.4406  -0.9536   1.4269   2.0739   0.00    0.0
2014/12/27 14:34:00.000  -12.843730454  131.132754954   128.4029   5   9   2.6161   2.3729   5.4412  -0.9492   1.4472   2.0650   0.00    0.0
2014/12/27 14:34:30.000  -12.843728090  131.132753644   128.4077   5   9   2.6088   2.3726   5.4419  -0.9448   1.4673   2.0560   0.00    0.0
2014/12/27 14:35:00.000  -12.843726471  131.132753780   128.4956   5   9   2.6014   2.3724   5.4427  -0.9404   1.4871   2.0470   0.00    0.0
2014/12/27 14:35:30.000  -12.843727171  131.132753311   128.5540   5   9   2.5940   2.3723   5.4436  -0.9359   1.5067   2.0378   0.00    0.0
2014/12/27 14:36:00.000  -12.843728016  131.132754599   128.6629   5   9   2.5866   2.3722   5.4445  -0.9315   1.5260   2.0286   0.00    0.0
2014/12/27 14:36:30.000  -12.843728510  131.132753619   128.5360   5   9   2.5792   2.3722   5.4454  -0.9270   1.5452   2.0193   0.00    0.0
2014/12/27 14:37:00.000  -12.843728061  131.132754132   128.9837   5   9   2.5717   2.3722   5.4465  -0.9225   1.5641   2.0099   0.00    0.0
2014/12/27 14:37:30.000  -12.843728824  131.132753019   128.8486   5   9   2.5643   2.3723   5.4476  -0.9180   1.5828   2.0005   0.00    0.0
2014/12/27 14:38:00.000  -12.843728599  131.132752200   128.7513   5   9   2.5568   2.3724   5.4488  -0.9136   1.6014   1.9910   0.00    0.0
2014/12/27 14:38:30.000  -12.843727709  131.132753179   128.5018   5   8   2.5513   2.7596   5.9271  -0.8299  -0.8125   1.9231   0.00    0.0
2014/12/27 14:39:00.000  -12.843726030  131.132753500   128.5600   5   8   2.5441   2.7545   5.9281  -0.8198  -0.7590   1.9091   0.00    0.0
2014/12/27 14:39:30.000  -12.843726125  131.132753867   128.7250   5   8   2.5369   2.7494   5.9294  -0.8098  -0.7018   1.8950   0.00    0.0
2014/12/27 14:40:00.000  -12.843725271  131.132754147   128.7357   5   8   2.5297   2.7445   5.9308  -0.7998  -0.6400   1.8808   0.00    0.0
2014/12/27 14:40:30.000  -12.843725320  131.132754426   128.8277   5   8   2.5226   2.7396   5.9324  -0.7898  -0.5719   1.8665   0.00    0.0
2014/12/27 14:41:00.000  -12.843716567  131.132749548   126.9181   5   7   2.9991   2.9129   6.9770  -1.4986   1.8533  -1.6004   0.00    0.0
2014/12/27 14:41:30.000  -12.843715062  131.132749646   126.8280   5   7   2.9945   2.9097   7.0105  -1.4962   1.8944  -1.6500   0.00    0.0
2014/12/27 14:42:00.000  -12.843714363  131.132749631   126.6800   5   7   2.9901   2.9066   7.0449  -1.4940   1.9351  -1.6989   0.00    0.0
2014/12/27 14:42:30.000  -12.843715028  131.132749254   126.4675   5   7   2.9859   2.9037   7.0804  -1.4921   1.9754  -1.7472   0.00    0.0
2014/12/27 14:43:00.000  -12.843714899  131.132748484   126.1780   5   7   2.9819   2.9010   7.1169  -1.4905   2.0155  -1.7949   0.00    0.0
2014/12/27 14:43:30.000  -12.843713945  131.132748538   126.1059   5   7   2.9780   2.8985   7.1544  -1.4893   2.0552  -1.8422   0.00    0.0
2014/12/27 14:44:00.000  -12.843713187  131.132749794   126.2462   5   7   2.9743   2.8962   7.1930  -1.4884   2.0947  -1.8890   0.00    0.0
2014/12/27 14:44:30.000  -12.843712352  131.132749815   126.3454   5   7   2.9708   2.8941   7.2327  -1.4878   2.1340  -1.9356   0.00    0.0
2014/12/27 14:45:00.000  -12.843712054  131.132748272   126.3467   5   7   2.9674   2.8922   7.2734  -1.4875   2.1732  -1.9818   0.00    0.0
2014/12/27 14:45:30.000  -12.843712227  131.132748582   126.6377   5   7   2.9643   2.8905   7.3154  -1.4876   2.2123  -2.0277   0.00    0.0
2014/12/27 14:46:00.000  -12.843711303  131.132749610   126.5091   5   7   2.9614   2.8890   7.3584  -1.4880   2.2512  -2.0735   0.00    0.0
2014/12/27 14:46:30.000  -12.843710876  131.132750067   126.5288   5   7   2.9586   2.8877   7.4027  -1.4888   2.2901  -2.1191   0.00    0.0
2014/12/27 14:47:00.000  -12.843710625  131.132748710   126.5062   5   7   2.9561   2.8865   7.4481  -1.4899   2.3290  -2.1646   0.00    0.0
2014/12/27 14:47:30.000  -12.843711707  131.132744729   124.5724   5   8   2.9379   2.7643   6.4894  -1.5739   1.5818  -2.4555   0.00    0.0
2014/12/27 14:48:00.000  -12.843711783  131.132745020   124.4258   5   8   2.9370   2.7601   6.5275  -1.5738   1.6187  -2.4899   0.00    0.0
2014/12/27 14:48:30.000  -12.843712237  131.132745756   124.6938   5   8   2.9362   2.7561   6.5665  -1.5739   1.6552  -2.5244   0.00    0.0
2014/12/27 14:49:00.000  -12.843712535  131.132746014   124.9861   5   8   2.9356   2.7522   6.6066  -1.5743   1.6914  -2.5591   0.00    0.0
2014/12/27 14:49:30.000  -12.843712461  131.132746026   125.2213   5   8   2.9353   2.7484   6.6477  -1.5750   1.7274  -2.5939   0.00    0.0
2014/12/27 14:50:00.000  -12.843711952  131.132746088   125.5313   5   8   2.9351   2.7448   6.6900  -1.5758   1.7632  -2.6290   0.00    0.0
2014/12/27 14:50:30.000  -12.843711463  131.132746884   125.7215   5   8   2.9352   2.7414   6.7333  -1.5770   1.7988  -2.6643   0.00    0.0
2014/12/27 14:51:00.000  -12.843710051  131.132747155   125.5592   5   8   2.9355   2.7380   6.7778  -1.5784   1.8342  -2.6998   0.00    0.0
2014/12/27 14:51:30.000  -12.843709748  131.132746590   125.2831   5   8   2.9361   2.7349   6.8235  -1.5800   1.8696  -2.7355   0.00    0.0
2014/12/27 14:52:00.000  -12.843709407  131.132745960   125.0410   5   8   2.9368   2.7318   6.8703  -1.5820   1.9049  -2.7716   0.00    0.0
2014/12/27 14:52:30.000  -12.843709537  131.132746101   124.9689   5   8   2.9378   2.7290   6.9184  -1.5842   1.9402  -2.8079   0.00    0.0
2014/12/27 14:53:00.000  -12.843710357  131.132746790   125.0772   5   8   2.9391   2.7262   6.9676  -1.5867   1.9755  -2.8445   0.00    0.0
2014/12/27 14:53:30.000  -12.843710810  131.132746351   125.0912   5   8   2.9406   2.7237   7.0182  -1.5894   2.0107  -2.8814   0.00    0.0
2014/12/27 14:54:00.000  -12.843709523  131.132746030   124.4180   5   8   2.9423   2.7212   7.0700  -1.5925   2.0461  -2.9187   0.00    0.0
2014/12/27 14:54:30.000  -12.843707858  131.132747213   123.9674   5   8   2.9443   2.7190   7.1232  -1.5958   2.0815  -2.9563   0.00    0.0
2014/12/27 14:55:00.000  -12.843707345  131.132746337   124.0110   5   8   2.9466   2.7169   7.1777  -1.5995   2.1170  -2.9943   0.00    0.0
2014/12/27 14:55:30.000  -12.843707635  131.132746388   124.0675   5   8   2.9491   2.7149   7.2336  -1.6034   2.1526  -3.0326   0.00    0.0
2014/12/27 14:56:00.000  -12.843707831  131.132745735   124.0542   5   8   2.9519   2.7131   7.2908  -1.6076   2.1884  -3.0714   0.00    0.0
2014/12/27 14:56:30.000  -12.843707389  131.132745708   124.0843   5   8   2.9550   2.7115   7.3496  -1.6122   2.2244  -3.1106   0.00    0.0
2014/12/27 14:57:00.000  -12.843706275  131.132745837   123.9602   5   8   2.9583   2.7101   7.4098  -1.6170   2.2605  -3.1502   0.00    0.0
2014/12/27 14:57:30.000  -12.843706367  131.132746248   123.9838   5   8   2.9620   2.7088   7.4715  -1.6222   2.2969  -3.1902   0.00    0.0
2014/12/27 14:58:00.000  -12.843708404  131.132746720   124.4354   5   8   2.9660   2.7077   7.5347  -1.6277   2.3336  -3.2308   0.00    0.0
2014/12/27 14:58:30.000  -12.843710556  131.132746547   124.7892   5   8   2.9702   2.7068   7.5995  -1.6335   2.3704  -3.2718   0.00    0.0
2014/12/27 14:59:00.000  -12.843710940  131.132745976   124.8890   5   8   2.9748   2.7061   7.6660  -1.6397   2.4076  -3.3133   0.00    0.0
2014/12/27 14:59:30.000  -12.843710103  131.132745855   125.0152   5   8   2.9797   2.7055   7.7340  -1.6461   2.4451  -3.3553   0.00    0.0
2014/12/27 15:00:00.000  -12.843698106  131.132724122   125.4561   5   8   2.8757   2.4845   7.7126  -1.4229   2.6167  -3.5239   0.00    0.0
2014/12/27 15:00:30.000  -12.843698239  131.132724787   125.7347   5   8   2.8845   2.4869   7.7843  -1.4373   2.6548  -3.5652   0.00    0.0
2014/12/27 15:01:00.000  -12.843698958  131.132725886   125.6797   5   8   2.8935   2.4895   7.8576  -1.4521   2.6934  -3.6072   0.00    0.0
2014/12/27 15:01:30.000  -12.843697304  131.132726395   125.5895   5   8   2.9028   2.4924   7.9327  -1.4671   2.7325  -3.6497   0.00    0.0
2014/12/27 15:02:00.000  -12.843696017  131.132726843   125.4093   5   8   2.9124   2.4955   8.0095  -1.4826   2.7722  -3.6929   0.00    0.0
2014/12/27 15:02:30.000  -12.843695835  131.132726869   125.3304   5   8   2.9224   2.4990   8.0881  -1.4983   2.8125  -3.7367   0.00    0.0
2014/12/27 15:03:00.000  -12.843705455  131.132725345   127.4373   5   8   2.7399   2.4890   7.9759  -1.6019   2.9328  -3.5290   0.00    0.0
2014/12/27 15:03:30.000  -12.843705171  131.132726235   127.7463   5   8   2.7532   2.4933   8.0602  -1.6162   2.9725  -3.5787   0.00    0.0
2014/12/27 15:04:00.000  -12.843704756  131.132726768   127.7132   5   8   2.7669   2.4978   8.1465  -1.6309   3.0129  -3.6291   0.00    0.0
2014/12/27 15:04:30.000  -12.843705436  131.132727564   128.0267   5   8   2.7809   2.5026   8.2347  -1.6461   3.0539  -3.6801   0.00    0.0
2014/12/27 15:05:00.000  -12.843705144  131.132726263   127.7208   5   8   2.7954   2.5077   8.3251  -1.6616   3.0957  -3.7319   0.00    0.0
2014/12/27 15:05:30.000  -12.843705447  131.132725467   127.2788   5   8   2.8101   2.5131   8.4174  -1.6776   3.1382  -3.7844   0.00    0.0
2014/12/27 15:06:00.000  -12.843706039  131.132725684   127.2549   5   8   2.8253   2.5188   8.5119  -1.6939   3.1814  -3.8377   0.00    0.0
2014/12/27 15:06:30.000  -12.843704834  131.132724668   126.8384   5   8   2.8408   2.5248   8.6085  -1.7107   3.2254  -3.8917   0.00    0.0
2014/12/27 15:07:00.000  -12.843704172  131.132723775   126.2135   5   8   2.8567   2.5312   8.7072  -1.7279   3.2702  -3.9464   0.00    0.0
2014/12/27 15:07:30.000  -12.843704235  131.132722802   125.8578   5   8   2.8730   2.5378   8.8081  -1.7455   3.3157  -4.0019   0.00    0.0
2014/12/27 15:08:00.000  -12.843703565  131.132722579   125.6366   5   8   2.8896   2.5448   8.9112  -1.7635   3.3620  -4.0581   0.00    0.0
2014/12/27 15:08:30.000  -12.843702995  131.132722105   125.6179   5   8   2.9066   2.5521   9.0164  -1.7819   3.4091  -4.1151   0.00    0.0
2014/12/27 15:09:00.000  -12.843695498  131.132716465   123.1569   5   8   2.7531   2.4328   8.6638  -1.5680   3.1102  -3.8204   0.00    0.0
2014/12/27 15:09:30.000  -12.843696230  131.132716442   123.3297   5   8   2.7678   2.4391   8.7651  -1.5851   3.1559  -3.8743   0.00    0.0
2014/12/27 15:10:00.000  -12.843695496  131.132716288   123.5087   5   8   2.7828   2.4458   8.8684  -1.6027   3.2023  -3.9289   0.00    0.0
2014/12/27 15:10:30.000  -12.843694987  131.132717014   123.8198   5   8   2.7982   2.4528   8.9739  -1.6207   3.2496  -3.9843   0.00    0.0
2014/12/27 15:11:00.000  -12.843694977  131.132717268   123.7415   5   8   2.8139   2.4601   9.0815  -1.6391   3.2977  -4.0404   0.00    0.0
2014/12/27 15:11:30.000  -12.843696206  131.132718145   123.8988   5   8   2.8299   2.4679   9.1912  -1.6579   3.3466  -4.0971   0.00    0.0
2014/12/27 15:12:00.000  -12.843696945  131.132718421   124.3237   5   8   2.8463   2.4759   9.3030  -1.6772   3.3963  -4.1546   0.00    0.0
2014/12/27 15:12:30.000  -12.843697425  131.132718792   124.5577   5   8   2.8631   2.4844   9.4169  -1.6969   3.4468  -4.2127   0.00    0.0
2014/12/27 15:13:00.000  -12.843697053  131.132718622   124.3510   5   8   2.8801   2.4932   9.5329  -1.7169   3.4981  -4.2714   0.00    0.0
2014/12/27 15:13:30.000  -12.843696488  131.132719206   124.4884   5   8   2.8975   2.5023   9.6510  -1.7374   3.5502  -4.3308   0.00    0.0
2014/12/27 15:14:00.000  -12.843697266  131.132720111   124.5380   5   8   2.9151   2.5119   9.7710  -1.7582   3.6031  -4.3908   0.00    0.0
2014/12/27 15:14:30.000  -12.843698270  131.132720398   124.5662   5   8   2.9331   2.5218   9.8929  -1.7795   3.6568  -4.4513   0.00    0.0
2014/12/27 15:15:00.000  -12.843697990  131.132720717   124.6567   5   8   2.9513   2.5321  10.0167  -1.8010   3.7112  -4.5123   0.00    0.0
2014/12/27 15:15:30.000  -12.843696993  131.132719984   124.5053   5   8   2.9697   2.5428  10.1422  -1.8229   3.7663  -4.5738   0.00    0.0
2014/12/27 15:16:00.000  -12.843697474  131.132719249   124.6207   5   8   2.9884   2.5539  10.2695  -1.8451   3.8221  -4.6357   0.00    0.0
2014/12/27 15:16:30.000  -12.843697746  131.132719483   124.8069   5   8   3.0073   2.5653  10.3982  -1.8676   3.8786  -4.6979   0.00    0.0
2014/12/27 15:17:00.000  -12.843697918  131.132720551   125.2787   5   8   3.0263   2.5771  10.5285  -1.8904   3.9357  -4.7605   0.00    0.0
2014/12/27 15:17:30.000  -12.843696866  131.132720615   125.0023   5   8   3.0454   2.5892  10.6600  -1.9134   3.9933  -4.8231   0.00    0.0
2014/12/27 15:18:00.000  -12.843696744  131.132720583   125.0135   5   8   3.0646   2.6017  10.7926  -1.9366   4.0514  -4.8859   0.00    0.0
2014/12/27 15:18:30.000  -12.843695766  131.132719595   124.6391   5   8   3.0838   2.6146  10.9261  -1.9599   4.1100  -4.9487   0.00    0.0
2014/12/27 15:19:00.000  -12.843695683  131.132718496   124.3412   5   8   3.1031   2.6277  11.0604  -1.9834   4.1689  -5.0114   0.00    0.0
2014/12/27 15:19:30.000  -12.843700190  131.132719751   123.9974   5   8   3.0761   2.6314  11.1950  -1.9764   4.2271  -5.0720   0.00    0.0
2014/12/27 15:20:00.000  -12.843700757  131.132720338   124.2335   5   8   3.0935   2.6447  11.3297  -1.9988   4.2849  -5.1310   0.00    0.0
2014/12/27 15:20:30.000  -12.843700501  131.132720182   124.1441   5   8   3.1106   2.6581  11.4639  -2.0211   4.3427  -5.1893   0.00    0.0
2014/12/27 15:21:00.000  -12.843701052  131.132721820   124.6024   5   8   3.1273   2.6718  11.5975  -2.0432   4.4002  -5.2468   0.00    0.0
2014/12/27 15:21:30.000  -12.843701648  131.132722391   125.2351   5   8   3.1436   2.6856  11.7300  -2.0650   4.4576  -5.3032   0.00    0.0
2014/12/27 15:22:00.000  -12.843702493  131.132722674   125.7461   5   8   3.1595   2.6995  11.8610  -2.0865   4.5144  -5.3584   0.00    0.0
2014/12/27 15:22:30.000  -12.843693765  131.132723492   121.9387   5   8   3.1082   2.7094  11.6943  -2.1228   4.5702  -5.2943   0.00    0.0
2014/12/27 15:23:00.000  -12.843693437  131.132722869   121.2748   5   8   3.1204   2.7241  11.8141  -2.1413   4.6240  -5.3410   0.00    0.0
2014/12/27 15:23:30.000  -12.843693953  131.132722276   121.0702   5   8   3.1318   2.7386  11.9309  -2.1592   4.6767  -5.3859   0.00    0.0
2014/12/27 15:24:00.000  -12.843695570  131.132722988   121.7279   5   8   3.1423   2.7530  12.0444  -2.1764   4.7282  -5.4286   0.00    0.0
2014/12/27 15:24:30.000  -12.843697068  131.132723515   122.0627   5   8   3.1518   2.7672  12.1539  -2.1927   4.7782  -5.4690   0.00    0.0
2014/12/27 15:25:00.000  -12.843698229  131.132724625   122.8323   5   8   3.1603   2.7811  12.2592  -2.2082   4.8267  -5.5069   0.00    0.0
2014/12/27 15:25:30.000  -12.843698628  131.132724678   123.0413   5   8   3.1677   2.7947  12.3597  -2.2227   4.8733  -5.5420   0.00    0.0
2014/12/27 15:26:00.000  -12.843697828  131.132723755   122.9152   5   8   3.1740   2.8079  12.4550  -2.2361   4.9180  -5.5743   0.00    0.0
2014/12/27 15:26:30.000  -12.843698057  131.132723769   123.5008   5   8   3.1789   2.8206  12.5446  -2.2484   4.9604  -5.6034   0.00    0.0
2014/12/27 15:27:00.000  -12.843697557  131.132723390   122.9626   5   8   3.1825   2.8328  12.6281  -2.2594   5.0006  -5.6291   0.00    0.0
2014/12/27 15:27:30.000  -12.843696501  131.132723515   122.1478   5   8   3.1848   2.8444  12.7050  -2.2691   5.0382  -5.6514   0.00    0.0
2014/12/27 15:28:00.000  -12.843698086  131.132730337   124.6311   5   8   3.1760   2.7354  12.5201  -2.2328   4.8638  -5.6146   0.00    0.0
2014/12/27 15:28:30.000  -12.843699520  131.132736398   127.2812   5   8   3.1544   2.6130  12.1322  -2.1704   4.5999  -5.5208   0.00    0.0
2014/12/27 15:29:00.000  -12.843699235  131.132736410   127.3809   5   8   3.1537   2.6253  12.2022  -2.1794   4.6382  -5.5375   0.00    0.0
2014/12/27 15:29:30.000  -12.843700599  131.132738024   128.2398   5   8   3.1514   2.6371  12.2652  -2.1870   4.6738  -5.5505   0.00    0.0
2014/12/27 15:30:00.000  -12.843701438  131.132737616   128.4260   5   8   3.1476   2.6483  12.3210  -2.1932   4.7068  -5.5597   0.00    0.0
2014/12/27 15:30:30.000  -12.843702782  131.132737999   128.0753   5   8   3.1423   2.6589  12.3692  -2.1980   4.7368  -5.5649   0.00    0.0
2014/12/27 15:31:00.000  -12.843702324  131.132738332   128.2001   5   8   3.1353   2.6688  12.4096  -2.2013   4.7640  -5.5661   0.00    0.0
2014/12/27 15:31:30.000  -12.843701700  131.132739269   128.5036   5   8   3.1269   2.6780  12.4420  -2.2031   4.7880  -5.5632   0.00    0.0
2014/12/27 15:32:00.000  -12.843701384  131.132738858   128.7013   5   8   3.1168   2.6864  12.4663  -2.2033   4.8089  -5.5562   0.00    0.0
2014/12/27 15:32:30.000  -12.843701862  131.132740463   128.7902   5   8   3.1052   2.6940  12.4822  -2.2019   4.8266  -5.5451   0.00    0.0
2014/12/27 15:33:00.000  -12.843702251  131.132740424   128.7322   5   8   3.0920   2.7008  12.4899  -2.1989   4.8411  -5.5298   0.00    0.0
2014/12/27 15:33:30.000  -12.843703225  131.132739883   129.0835   5   8   3.0773   2.7068  12.4892  -2.1943   4.8523  -5.5105   0.00    0.0
2014/12/27 15:34:00.000  -12.843703771  131.132739533   129.4259   5   8   3.0612   2.7120  12.4802  -2.1881   4.8603  -5.4871   0.00    0.0
2014/12/27 15:34:30.000  -12.843704758  131.132740505   129.4636   5   8   3.0437   2.7163  12.4631  -2.1804   4.8650  -5.4597   0.00    0.0
2014/12/27 15:35:00.000  -12.843703536  131.132740715   128.6884   5   8   3.0249   2.7198  12.4379  -2.1711   4.8666  -5.4285   0.00    0.0
2014/12/27 15:35:30.000  -12.843703208  131.132740522   128.7768   5   8   3.0049   2.7224  12.4049  -2.1604   4.8650  -5.3936   0.00    0.0
2014/12/27 15:36:00.000  -12.843702698  131.132740430   128.3494   5   8   2.9836   2.7243  12.3644  -2.1482   4.8604  -5.3551   0.00    0.0
2014/12/27 15:36:30.000  -12.843703645  131.132740162   128.7882   5   8   2.9613   2.7253  12.3166  -2.1345   4.8529  -5.3132   0.00    0.0
2014/12/27 15:37:00.000  -12.843704426  131.132740168   129.1608   5   8   2.9380   2.7256  12.2618  -2.1196   4.8425  -5.2681   0.00    0.0
2014/12/27 15:37:30.000  -12.843704731  131.132741090   129.5868   5   8   2.9138   2.7251  12.2003  -2.1034   4.8294  -5.2200   0.00    0.0
2014/12/27 15:38:00.000  -12.843701925  131.132737193   127.1424   5   9   2.5781   2.0849   8.0545  -1.4374   2.6956  -3.8591   0.00    0.0
2014/12/27 15:38:30.000  -12.843702339  131.132738171   127.3715   5   9   2.5668   2.0873   8.0526  -1.4344   2.7044  -3.8445   0.00    0.0
2014/12/27 15:39:00.000  -12.843703232  131.132738392   127.7477   5   9   2.5551   2.0896   8.0486  -1.4309   2.7124  -3.8288   0.00    0.0
2014/12/27 15:39:30.000  -12.843704633  131.132738477   128.4374   5   9   2.5430   2.0919   8.0424  -1.4271   2.7197  -3.8117   0.00    0.0
2014/12/27 15:40:00.000  -12.843704978  131.132738100   128.5652   5   9   2.5305   2.0941   8.0342  -1.4228   2.7263  -3.7935   0.00    0.0
2014/12/27 15:40:30.000  -12.843703643  131.132736333   127.9262   5   9   2.5177   2.0963   8.0238  -1.4181   2.7322  -3.7741   0.00    0.0
2014/12/27 15:41:00.000  -12.843704883  131.132737137   128.3666   5   9   2.5045   2.0983   8.0115  -1.4131   2.7373  -3.7535   0.00    0.0
2014/12/27 15:41:30.000  -12.843705235  131.132736389   128.3608   5   9   2.4909   2.1004   7.9972  -1.4076   2.7418  -3.7318   0.00    0.0
2014/12/27 15:42:00.000  -12.843705277  131.132736571   127.9406   5   9   2.4770   2.1023   7.9809  -1.4018   2.7456  -3.7090   0.00    0.0
2014/12/27 15:42:30.000  -12.843704261  131.132736518   127.1687   5   9   2.4629   2.1043   7.9628  -1.3956   2.7488  -3.6852   0.00    0.0
2014/12/27 15:43:00.000  -12.843703320  131.132736159   126.5039   5   9   2.4485   2.1061   7.9429  -1.3891   2.7513  -3.6603   0.00    0.0
2014/12/27 15:43:30.000  -12.843703828  131.132736564   126.8043   5   9   2.4339   2.1079   7.9212  -1.3821   2.7533  -3.6345   0.00    0.0
2014/12/27 15:44:00.000  -12.843727451  131.132753189   136.1255   5  10   1.6513   1.7648   5.0487   0.3910   0.7535  -1.5099   0.00    0.0
2014/12/27 15:44:30.000  -12.843727358  131.132752581   136.2004   5  10   1.6500   1.7649   5.0570   0.3956   0.7742  -1.5060   0.00    0.0
2014/12/27 15:45:00.000  -12.843726751  131.132751432   136.2534   5  10   1.6487   1.7650   5.0648   0.4002   0.7945  -1.5017   0.00    0.0
2014/12/27 15:45:30.000  -12.843726589  131.132751945   136.4329   5  10   1.6474   1.7651   5.0723   0.4047   0.8145  -1.4971   0.00    0.0
2014/12/27 15:46:00.000  -12.843726742  131.132751749   136.7265   5  10   1.6461   1.7653   5.0793   0.4092   0.8342  -1.4922   0.00    0.0
2014/12/27 15:46:30.000  -12.843725764  131.132752145   136.4621   5  10   1.6448   1.7656   5.0859   0.4137   0.8536  -1.4870   0.00    0.0
2014/12/27 15:47:00.000  -12.843725026  131.132751624   136.5160   5  10   1.6435   1.7659   5.0921   0.4181   0.8728  -1.4814   0.00    0.0
2014/12/27 15:47:30.000  -12.843724742  131.132751690   136.0704   5  10   1.6422   1.7662   5.0979   0.4226   0.8916  -1.4754   0.00    0.0
2014/12/27 15:48:00.000  -12.843724064  131.132750960   135.3628   5  10   1.6409   1.7666   5.1032   0.4270   0.9102  -1.4691   0.00    0.0
2014/12/27 15:48:30.000  -12.843724024  131.132751591   135.4464   5  10   1.6396   1.7670   5.1080   0.4314   0.9286  -1.4624   0.00    0.0
2014/12/27 15:49:00.000  -12.843724070  131.132751769   135.1884   5  10   1.6383   1.7675   5.1125   0.4358   0.9467  -1.4554   0.00    0.0
2014/12/27 15:49:30.000  -12.843723917  131.132750554   134.6370   5  10   1.6370   1.7680   5.1165   0.4402   0.9646  -1.4481   0.00    0.0
2014/12/27 15:50:00.000  -12.843723211  131.132748993   134.2615   5  10   1.6358   1.7686   5.1200   0.4446   0.9823  -1.4403   0.00    0.0
2014/12/27 15:50:30.000  -12.843722549  131.132748152   133.7314   5  10   1.6345   1.7692   5.1231   0.4490   0.9997  -1.4322   0.00    0.0
2014/12/27 15:51:00.000  -12.843722248  131.132748101   133.5137   5  10   1.6332   1.7698   5.1258   0.4535   1.0169  -1.4237   0.00    0.0
2014/12/27 15:51:30.000  -12.843722018  131.132747188   133.6133   5  10   1.6320   1.7705   5.1280   0.4579   1.0339  -1.4149   0.00    0.0
2014/12/27 15:52:00.000  -12.843721743  131.132746878   133.5093   5  10   1.6308   1.7713   5.1298   0.4624   1.0507  -1.4057   0.00    0.0
2014/12/27 15:52:30.000  -12.843720970  131.132746978   133.5721   5  10   1.6295   1.7721   5.1311   0.4669   1.0673  -1.3961   0.00    0.0
2014/12/27 15:53:00.000  -12.843720319  131.132747355   133.5686   5  10   1.6283   1.7730   5.1320   0.4714   1.0837  -1.3861   0.00    0.0
2014/12/27 15:53:30.000  -12.843720510  131.132747951   133.6818   5  10   1.6271   1.7739   5.1324   0.4760   1.0999  -1.3758   0.00    0.0
2014/12/27 15:54:00.000  -12.843720510  131.132747316   134.0117   5  10   1.6260   1.7749   5.1325   0.4806   1.1159  -1.3650   0.00    0.0
2014/12/27 15:54:30.000  -12.843719271  131.132746177   133.7518   5  10   1.6248   1.7759   5.1321   0.4852   1.1317  -1.3539   0.00    0.0
2014/12/27 15:55:00.000  -12.843719229  131.132746959   133.6282   5  10   1.6237   1.7769   5.1312   0.4898   1.1473  -1.3424   0.00    0.0
2014/12/27 15:55:30.000  -12.843718834  131.132746245   133.3953   5  10   1.6226   1.7780   5.1300   0.4945   1.1628  -1.3304   0.00    0.0
2014/12/27 15:56:00.000  -12.843718656  131.132743868   132.8701   5  10   1.6215   1.7792   5.1283   0.4993   1.1780  -1.3181   0.00    0.0
2014/12/27 15:56:30.000  -12.843718459  131.132744073   132.4172   5  10   1.6204   1.7804   5.1262   0.5041   1.1931  -1.3054   0.00    0.0
2014/12/27 15:57:00.000  -12.843718189  131.132743595   132.4939   5  10   1.6194   1.7817   5.1238   0.5089   1.2080  -1.2923   0.00    0.0
2014/12/27 15:57:30.000  -12.843718884  131.132744535   132.6884   5  10   1.6184   1.7830   5.1209   0.5138   1.2227  -1.2788   0.00    0.0
2014/12/27 15:58:00.000  -12.843717569  131.132744728   132.9265   5  10   1.6174   1.7843   5.1177   0.5187   1.2372  -1.2649   0.00    0.0
2014/12/27 15:58:30.000  -12.843716964  131.132745814   132.7418   5  10   1.6165   1.7857   5.1140   0.5237   1.2515  -1.2505   0.00    0.0
2014/12/27 15:59:00.000  -12.843716315  131.132744735   132.3970   5  10   1.6156   1.7872   5.1100   0.5287   1.2657  -1.2358   0.00    0.0
2014/12/27 15:59:30.000  -12.843715999  131.132743455   132.1433   5  10   1.6147   1.7887   5.1057   0.5338   1.2797  -1.2206   0.00    0.0
2014/12/27 16:00:00.000  -12.843712403  131.132750751   128.7980   5  10   1.6581   1.8669   5.5145   0.5598   0.9853  -1.4569   0.00    0.0
2014/12/27 16:00:30.000  -12.843713445  131.132745706   127.1458   5  11   1.6531   1.7270   4.9748   0.4890  -0.8216  -1.5319   0.00    0.0
2014/12/27 16:01:00.000  -12.843713024  131.132745277   126.6328   5  11   1.6513   1.7268   4.9713   0.4889  -0.7998  -1.5237   0.00    0.0
2014/12/27 16:01:30.000  -12.843712526  131.132745341   126.0559   5  11   1.6495   1.7266   4.9674   0.4888  -0.7773  -1.5153   0.00    0.0
2014/12/27 16:02:00.000  -12.843712227  131.132744373   126.0401   5  11   1.6477   1.7264   4.9631   0.4887  -0.7540  -1.5065   0.00    0.0
2014/12/27 16:02:30.000  -12.843711751  131.132744624   126.0725   5  11   1.6459   1.7263   4.9585   0.4886  -0.7297  -1.4974   0.00    0.0
2014/12/27 16:03:00.000  -12.843711644  131.132744582   126.0344   5  11   1.6442   1.7262   4.9535   0.4886  -0.7045  -1.4880   0.00    0.0
2014/12/27 16:03:30.000  -12.843712248  131.132744239   126.2539   5  11   1.6424   1.7262   4.9481   0.4885  -0.6782  -1.4784   0.00    0.0
2014/12/27 16:04:00.000  -12.843711686  131.132742708   126.1078   5  11   1.6406   1.7262   4.9424   0.4885  -0.6507  -1.4684   0.00    0.0
2014/12/27 16:04:30.000  -12.843711425  131.132742996   126.0367   5  11   1.6389   1.7263   4.9364   0.4885  -0.6219  -1.4582   0.00    0.0
2014/12/27 16:05:00.000  -12.843710736  131.132743861   125.9447   5  11   1.6371   1.7264   4.9300   0.4885  -0.5916  -1.4477   0.00    0.0
2014/12/27 16:05:30.000  -12.843711072  131.132742299   126.8380   5  10   1.6384   2.0048   5.4041   0.5838  -1.6073  -1.5126   0.00    0.0
2014/12/27 16:06:00.000  -12.843711661  131.132740114   126.7590   5  10   1.6368   2.0036   5.3952   0.5843  -1.5921  -1.5025   0.00    0.0
2014/12/27 16:06:30.000  -12.843711499  131.132739570   126.8190   5  10   1.6351   2.0025   5.3859   0.5849  -1.5765  -1.4921   0.00    0.0
2014/12/27 16:07:00.000  -12.843711647  131.132740022   126.5081   5  10   1.6334   2.0015   5.3761   0.5854  -1.5605  -1.4813   0.00    0.0
2014/12/27 16:07:30.000  -12.843711550  131.132739648   126.7939   5  10   1.6318   2.0005   5.3659   0.5858  -1.5443  -1.4702   0.00    0.0
2014/12/27 16:08:00.000  -12.843711180  131.132740698   126.5269   5  10   1.6301   1.9995   5.3553   0.5863  -1.5277  -1.4589   0.00    0.0
2014/12/27 16:08:30.000  -12.843711806  131.132741163   126.2858   5  10   1.6285   1.9986   5.3443   0.5867  -1.5109  -1.4472   0.00    0.0
2014/12/27 16:09:00.000  -12.843712245  131.132740687   126.1722   5  10   1.6269   1.9977   5.3329   0.5872  -1.4937  -1.4353   0.00    0.0
2014/12/27 16:09:30.000  -12.843713405  131.132740672   125.7739   5  10   1.6254   1.9968   5.3211   0.5876  -1.4762  -1.4230   0.00    0.0
2014/12/27 16:10:00.000  -12.843713295  131.132740876   125.6125   5  10   1.6238   1.9960   5.3091   0.5880  -1.4583  -1.4104   0.00    0.0
2014/12/27 16:10:30.000  -12.843713044  131.132741560   125.8500   5  10   1.6223   1.9952   5.2966   0.5885  -1.4402  -1.3976   0.00    0.0
2014/12/27 16:11:00.000  -12.843713080  131.132741963   125.9077   5  10   1.6208   1.9945   5.2839   0.5890  -1.4218  -1.3845   0.00    0.0
2014/12/27 16:11:30.000  -12.843712778  131.132741050   126.1980   5  10   1.6193   1.9939   5.2709   0.5894  -1.4030  -1.3711   0.00    0.0
2014/12/27 16:12:00.000  -12.843712274  131.132739694   126.4572   5  10   1.6178   1.9932   5.2576   0.5899  -1.3839  -1.3574   0.00    0.0
2014/12/27 16:12:30.000  -12.843712550  131.132738128   126.8626   5  10   1.6164   1.9927   5.2440   0.5905  -1.3645  -1.3435   0.00    0.0
2014/12/27 16:13:00.000  -12.843711487  131.132736898   126.8571   5  10   1.6150   1.9922   5.2302   0.5911  -1.3448  -1.3293   0.00    0.0
2014/12/27 16:13:30.000  -12.843710748  131.132736476   126.9359   5  10   1.6136   1.9917   5.2162   0.5917  -1.3247  -1.3148   0.00    0.0
2014/12/27 16:14:00.000  -12.843711055  131.132737364   127.1026   5  10   1.6123   1.9913   5.2019   0.5923  -1.3044  -1.3001   0.00    0.0
2014/12/27 16:14:30.000  -12.843710898  131.132735901   126.8811   5  10   1.6110   1.9910   5.1875   0.5930  -1.2836  -1.2851   0.00    0.0
2014/12/27 16:15:00.000  -12.843711428  131.132733658   126.6321   5  10   1.6097   1.9907   5.1728   0.5937  -1.2626  -1.2699   0.00    0.0
2014/12/27 16:15:30.000  -12.843711573  131.132733466   126.6163   5  10   1.6085   1.9905   5.1580   0.5945  -1.2412  -1.2543   0.00    0.0
2014/12/27 16:16:00.000  -12.843711825  131.132734934   126.6674   5  10   1.6073   1.9903   5.1430   0.5954  -1.2194  -1.2386   0.00    0.0
2014/12/27 16:16:30.000  -12.843715820  131.132748843   122.8200   5   9   1.6687   2.5709   6.7091  -0.6172  -2.9110   0.6807   0.00    0.0
2014/12/27 16:17:00.000  -12.843715659  131.132747890   123.0013   5   9   1.6681   2.5663   6.7032  -0.6160  -2.8989   0.7175   0.00    0.0
2014/12/27 16:17:30.000  -12.843716139  131.132747728   122.8819   5   9   1.6676   2.5617   6.6965  -0.6148  -2.8864   0.7525   0.00    0.0
2014/12/27 16:18:00.000  -12.843715815  131.132747818   123.3459   5   9   1.6672   2.5570   6.6891  -0.6135  -2.8732   0.7859   0.00    0.0
2014/12/27 16:18:30.000  -12.843715393  131.132748096   123.1730   5   9   1.6668   2.5522   6.6810  -0.6121  -2.8595   0.8179   0.00    0.0
2014/12/27 16:19:00.000  -12.843715128  131.132747899   122.9017   5   9   1.6665   2.5473   6.6721  -0.6107  -2.8453   0.8487   0.00    0.0
2014/12/27 16:19:30.000  -12.843715566  131.132749471   122.8324   5   9   1.6663   2.5423   6.6625  -0.6091  -2.8306   0.8783   0.00    0.0
2014/12/27 16:20:00.000  -12.843715919  131.132750354   122.7322   5   9   1.6661   2.5373   6.6522  -0.6075  -2.8154   0.9069   0.00    0.0
2014/12/27 16:20:30.000  -12.843715970  131.132749322   122.7777   5   9   1.6660   2.5322   6.6413  -0.6057  -2.7996   0.9345   0.00    0.0
2014/12/27 16:21:00.000  -12.843715682  131.132749206   123.0323   5   9   1.6659   2.5270   6.6297  -0.6038  -2.7833   0.9611   0.00    0.0
2014/12/27 16:21:30.000  -12.843715021  131.132748680   123.0826   5   9   1.6660   2.5218   6.6175  -0.6018  -2.7666   0.9869   0.00    0.0
2014/12/27 16:22:00.000  -12.843715563  131.132747394   122.9451   5   9   1.6661   2.5166   6.6047  -0.5997  -2.7494   1.0119   0.00    0.0
2014/12/27 16:22:30.000  -12.843714973  131.132746246   122.9829   5   9   1.6662   2.5113   6.5913  -0.5974  -2.7317   1.0362   0.00    0.0
2014/12/27 16:23:00.000  -12.843714719  131.132745917   122.6549   5   9   1.6664   2.5060   6.5774  -0.5949  -2.7136   1.0597   0.00    0.0
2014/12/27 16:23:30.000  -12.843714832  131.132745829   123.0129   5   9   1.6667   2.5007   6.5629  -0.5923  -2.6950   1.0825   0.00    0.0
2014/12/27 16:24:00.000  -12.843715685  131.132746074   123.0567   5   9   1.6670   2.4953   6.5479  -0.5895  -2.6760   1.1047   0.00    0.0
2014/12/27 16:24:30.000  -12.843716572  131.132745593   122.5808   5   9   1.6674   2.4899   6.5324  -0.5865  -2.6565   1.1262   0.00    0.0
2014/12/27 16:25:00.000  -12.843715658  131.132745476   122.8183   5   9   1.6679   2.4846   6.5164  -0.5833  -2.6367   1.1472   0.00    0.0
2014/12/27 16:25:30.000  -12.843714889  131.132745554   123.1439   5   9   1.6684   2.4792   6.5000  -0.5799  -2.6164   1.1675   0.00    0.0
2014/12/27 16:26:00.000  -12.843714763  131.132744181   123.4889   5   9   1.6690   2.4738   6.4832  -0.5764  -2.5958   1.1873   0.00    0.0
2014/12/27 16:26:30.000  -12.843715673  131.132744178   123.3587   5   9   1.6696   2.4684   6.4659  -0.5726  -2.5747   1.2066   0.00    0.0
2014/12/27 16:27:00.000  -12.843716387  131.132744317   123.1491   5   9   1.6703   2.4631   6.4483  -0.5686  -2.5533   1.2253   0.00    0.0
2014/12/27 16:27:30.000  -12.843716647  131.132744208   122.7420   5   9   1.6710   2.4578   6.4303  -0.5643  -2.5315   1.2436   0.00    0.0
2014/12/27 16:28:00.000  -12.843716513  131.132743859   122.8980   5   9   1.6718   2.4525   6.4120  -0.5599  -2.5093   1.2613   0.00    0.0
2014/12/27 16:28:30.000  -12.843716706  131.132743746   123.1844   5   9   1.6727   2.4473   6.3933  -0.5551  -2.4868   1.2786   0.00    0.0
2014/12/27 16:29:00.000  -12.843716529  131.132744241   122.8908   5   9   1.6735   2.4420   6.3744  -0.5502  -2.4640   1.2954   0.00    0.0
2014/12/27 16:29:30.000  -12.843717461  131.132744268   122.4132   5   9   1.6745   2.4369   6.3552  -0.5449  -2.4408   1.3118   0.00    0.0
2014/12/27 16:30:00.000  -12.843717111  131.132743969   122.8438   5   9   1.6755   2.4318   6.3357  -0.5394  -2.4173   1.3278   0.00    0.0
2014/12/27 16:30:30.000  -12.843717249  131.132743827   123.0034   5   9   1.6765   2.4267   6.3160  -0.5337  -2.3934   1.3433   0.00    0.0
2014/12/27 16:31:00.000  -12.843716041  131.132742572   123.1351   5   9   1.6776   2.4217   6.2960  -0.5276  -2.3693   1.3584   0.00    0.0
2014/12/27 16:31:30.000  -12.843715743  131.132741772   123.3638   5   9   1.6787   2.4168   6.2759  -0.5212  -2.3448   1.3732   0.00    0.0
2014/12/27 16:32:00.000  -12.843715874  131.132742198   123.0964   5   9   1.6799   2.4119   6.2556  -0.5145  -2.3200   1.3875   0.00    0.0
2014/12/27 16:32:30.000  -12.843716473  131.132743062   122.9764   5   9   1.6811   2.4071   6.2351  -0.5075  -2.2950   1.4015   0.00    0.0
2014/12/27 16:33:00.000  -12.843715878  131.132741967   123.0787   5   9   1.6824   2.4024   6.2145  -0.5002  -2.2696   1.4151   0.00    0.0
2014/12/27 16:33:30.000  -12.843716560  131.132740994   123.0254   5   9   1.6837   2.3978   6.1937  -0.4925  -2.2439   1.4284   0.00    0.0
2014/12/27 16:34:00.000  -12.843716575  131.132740933   123.2584   5   9   1.6850   2.3933   6.1729  -0.4844  -2.2180   1.4413   0.00    0.0
2014/12/27 16:34:30.000  -12.843715164  131.132740931   123.4893   5   9   1.6864   2.3888   6.1519  -0.4760  -2.1917   1.4539   0.00    0.0
2014/12/27 16:35:00.000  -12.843716119  131.132741115   123.2927   5   9   1.6878   2.3845   6.1309  -0.4672  -2.1652   1.4662   0.00    0.0
2014/12/27 16:35:30.000  -12.843716982  131.132740087   123.5562   5   9   1.6892   2.3802   6.1098  -0.4579  -2.1384   1.4781   0.00    0.0
2014/12/27 16:36:00.000  -12.843717178  131.132739072   124.1305   5   9   1.6907   2.3761   6.0886  -0.4482  -2.1113   1.4898   0.00    0.0
2014/12/27 16:36:30.000  -12.843718091  131.132737854   124.0289   5   9   1.6922   2.3720   6.0674  -0.4380  -2.0839   1.5011   0.00    0.0
2014/12/27 16:37:00.000  -12.843718636  131.132738547   123.6702   5   9   1.6937   2.3681   6.0462  -0.4273  -2.0563   1.5122   0.00    0.0
2014/12/27 16:37:30.000  -12.843717007  131.132740557   123.7291   5   9   1.6953   2.3642   6.0250  -0.4160  -2.0283   1.5229   0.00    0.0
2014/12/27 16:38:00.000  -12.843718196  131.132741099   123.3569   5   9   1.6968   2.3605   6.0038  -0.4042  -2.0001   1.5334   0.00    0.0
2014/12/27 16:38:30.000  -12.843719457  131.132741032   123.4074   5   9   1.6985   2.3569   5.9826  -0.3918  -1.9716   1.5436   0.00    0.0
2014/12/27 16:39:00.000  -12.843720271  131.132739725   123.4990   5   9   1.7001   2.3534   5.9614  -0.3786  -1.9427   1.5536   0.00    0.0
2014/12/27 16:39:30.000  -12.843720123  131.132739169   123.8919   5   9   1.7018   2.3500   5.9403  -0.3647  -1.9136   1.5633   0.00    0.0
2014/12/27 16:40:00.000  -12.843718971  131.132739356   123.5064   5   9   1.7035   2.3468   5.9192  -0.3499  -1.8842   1.5727   0.00    0.0
2014/12/27 16:40:30.000  -12.843717987  131.132739032   123.2912   5   9   1.7052   2.3436   5.8981  -0.3342  -1.8544   1.5819   0.00    0.0
2014/12/27 16:41:00.000  -12.843717505  131.132738952   123.4608   5   9   1.7069   2.3406   5.8772  -0.3174  -1.8243   1.5908   0.00    0.0
2014/12/27 16:41:30.000  -12.843716805  131.132738219   123.5605   5   9   1.7086   2.3377   5.8563  -0.2993  -1.7939   1.5996   0.00    0.0
2014/12/27 16:42:00.000  -12.843716511  131.132737216   123.8329   5   9   1.7104   2.3350   5.8355  -0.2797  -1.7631   1.6081   0.00    0.0
2014/12/27 16:42:30.000  -12.843717003  131.132737164   123.7232   5   9   1.7122   2.3323   5.8147  -0.2583  -1.7320   1.6163   0.00    0.0
2014/12/27 16:43:00.000  -12.843718379  131.132737147   123.2591   5   9   1.7140   2.3298   5.7941  -0.2345  -1.7005   1.6244   0.00    0.0
2014/12/27 16:43:30.000  -12.843718903  131.132735830   123.1941   5   9   1.7158   2.3274   5.7736  -0.2076  -1.6686   1.6322   0.00    0.0
2014/12/27 16:44:00.000  -12.843719183  131.132737121   123.6600   5   9   1.7176   2.3252   5.7532  -0.1761  -1.6363   1.6398   0.00    0.0
2014/12/27 16:44:30.000  -12.843718753  131.132738691   124.4023   5   9   1.7195   2.3231   5.7330  -0.1370  -1.6036   1.6473   0.00    0.0
2014/12/27 16:45:00.000  -12.843718562  131.132736892   124.5761   5   9   1.7213   2.3211   5.7128  -0.0796  -1.5704   1.6545   0.00    0.0
2014/12/27 16:45:30.000  -12.843718470  131.132735310   124.2472   5   9   1.7232   2.3193   5.6928   0.0790  -1.5368   1.6616   0.00    0.0
2014/12/27 16:46:00.000  -12.843718339  131.132735988   124.3946   5   9   1.7251   2.3175   5.6729   0.1378  -1.5026   1.6684   0.00    0.0
2014/12/27 16:46:30.000  -12.843718199  131.132735927   124.4243   5   9   1.7269   2.3160   5.6532   0.1786  -1.4679   1.6751   0.00    0.0
2014/12/27 16:47:00.000  -12.843718981  131.132735129   124.2206   5   9   1.7288   2.3145   5.6336   0.2120  -1.4326   1.6816   0.00    0.0
2014/12/27 16:47:30.000  -12.843720866  131.132733720   123.5006   5   9   1.7307   2.3132   5.6142   0.2412  -1.3967   1.6879   0.00    0.0
2014/12/27 16:48:00.000  -12.843720666  131.132733617   123.8381   5   9   1.7326   2.3120   5.5949   0.2674  -1.3601   1.6940   0.00    0.0
2014/12/27 16:48:30.000  -12.843719091  131.132734314   124.3177   5   9   1.7345   2.3110   5.5758   0.2916  -1.3228   1.7000   0.00    0.0
2014/12/27 16:49:00.000  -12.843718177  131.132734222   124.7004   5   9   1.7364   2.3101   5.5568   0.3141  -1.2847   1.7058   0.00    0.0
2014/12/27 16:49:30.000  -12.843717368  131.132733848   124.8407   5   9   1.7383   2.3093   5.5381   0.3353  -1.2458   1.7114   0.00    0.0
2014/12/27 16:50:00.000  -12.843718165  131.132732705   124.4015   5   9   1.7402   2.3087   5.5194   0.3554  -1.2059   1.7169   0.00    0.0
2014/12/27 16:50:30.000  -12.843718202  131.132732308   124.3882   5   9   1.7421   2.3082   5.5010   0.3745  -1.1650   1.7222   0.00    0.0
2014/12/27 16:51:00.000  -12.843718427  131.132732641   124.1317   5   9   1.7440   2.3078   5.4827   0.3929  -1.1229   1.7274   0.00    0.0
2014/12/27 16:51:30.000  -12.843719323  131.132732971   124.2374   5   9   1.7459   2.3075   5.4646   0.4107  -1.0796   1.7324   0.00    0.0
2014/12/27 16:52:00.000  -12.843719411  131.132733084   124.5875   5   9   1.7478   2.3074   5.4467   0.4278  -1.0348   1.7373   0.00    0.0
2014/12/27 16:52:30.000  -12.843719308  131.132732484   124.6889   5   9   1.7497   2.3075   5.4290   0.4443  -0.9884   1.7420   0.00    0.0
2014/12/27 16:53:00.000  -12.843718883  131.132733515   124.2257   5   9   1.7516   2.3076   5.4114   0.4604  -0.9400   1.7466   0.00    0.0
2014/12/27 16:53:30.000  -12.843717710  131.132734585   124.0469   5   9   1.7535   2.3079   5.3941   0.4760  -0.8895   1.7511   0.00    0.0
2014/12/27 16:54:00.000  -12.843717701  131.132733441   124.1514   5   9   1.7553   2.3083   5.3769   0.4913  -0.8364   1.7554   0.00    0.0
2014/12/27 16:54:30.000  -12.843719265  131.132732541   124.2942   5   9   1.7572   2.3088   5.3599   0.5061  -0.7802   1.7596   0.00    0.0
2014/12/27 16:55:00.000  -12.843720278  131.132733125   124.8263   5   9   1.7591   2.3095   5.3431   0.5206  -0.7201   1.7636   0.00    0.0
2014/12/27 16:55:30.000  -12.843721133  131.132733782   124.8739   5   9   1.7609   2.3103   5.3265   0.5348  -0.6551   1.7676   0.00    0.0
2014/12/27 16:56:00.000  -12.843720382  131.132734024   124.8189   5   9   1.7627   2.3112   5.3100   0.5487  -0.5835   1.7713   0.00    0.0
2014/12/27 16:56:30.000  -12.843719169  131.132734799   124.9495   5   9   1.7645   2.3123   5.2938   0.5623  -0.5025   1.7750   0.00    0.0
2014/12/27 16:57:00.000  -12.843719764  131.132734435   124.7878   5   9   1.7664   2.3134   5.2777   0.5756  -0.4066   1.7785   0.00    0.0
2014/12/27 16:57:30.000  -12.843720443  131.132732765   124.7304   5   9   1.7681   2.3147   5.2618   0.5887  -0.2809   1.7820   0.00    0.0
2014/12/27 16:58:00.000  -12.843720322  131.132731470   124.6525   5   9   1.7699   2.3161   5.2461   0.6015   0.0829   1.7853   0.00    0.0
2014/12/27 16:58:30.000  -12.843719077  131.132731604   124.6298   5   9   1.7717   2.3177   5.2306   0.6141   0.3031   1.7884   0.00    0.0
2014/12/27 16:59:00.000  -12.843718724  131.132732878   124.6818   5   9   1.7734   2.3193   5.2153   0.6265   0.4198   1.7915   0.00    0.0
2014/12/27 16:59:30.000  -12.843719503  131.132733039   124.4685   5   9   1.7752   2.3211   5.2001   0.6387   0.5097   1.7944   0.00    0.0
2014/12/27 17:00:00.000  -12.843717004  131.132734274   127.0850   5   9   1.7575   2.3117   4.7068   0.6030  -0.3922   1.6312   0.00    0.0
2014/12/27 17:00:30.000  -12.843716073  131.132734139   127.3180   5   9   1.7585   2.3130   4.6922   0.6132  -0.2935   1.6313   0.00    0.0
2014/12/27 17:01:00.000  -12.843715187  131.132733753   127.2550   5   9   1.7594   2.3144   4.6778   0.6233  -0.1383   1.6312   0.00    0.0
2014/12/27 17:01:30.000  -12.843714192  131.132734111   127.1867   5   9   1.7604   2.3159   4.6635   0.6332   0.2174   1.6311   0.00    0.0
2014/12/27 17:02:00.000  -12.843714380  131.132734319   126.9945   5   8   2.1381   2.4764   5.4573   1.2130  -1.5431  -0.8966   0.00    0.0
2014/12/27 17:02:30.000  -12.843712609  131.132735037   126.7714   5   8   2.1373   2.4764   5.4399   1.2149  -1.5147  -0.8855   0.00    0.0
2014/12/27 17:03:00.000  -12.843711873  131.132734057   126.6760   5   8   2.1364   2.4765   5.4226   1.2168  -1.4858  -0.8745   0.00    0.0
2014/12/27 17:03:30.000  -12.843711993  131.132735104   126.9753   5   8   2.1355   2.4767   5.4055   1.2186  -1.4567  -0.8634   0.00    0.0
2014/12/27 17:04:00.000  -12.843713564  131.132734780   127.3102   5   8   2.1345   2.4769   5.3886   1.2203  -1.4272  -0.8524   0.00    0.0
2014/12/27 17:04:30.000  -12.843714891  131.132733593   127.0797   5   8   2.1336   2.4772   5.3719   1.2221  -1.3973  -0.8415   0.00    0.0
2014/12/27 17:05:00.000  -12.843714593  131.132733916   126.8777   5   8   2.1325   2.4776   5.3554   1.2237  -1.3670  -0.8306   0.00    0.0
2014/12/27 17:05:30.000  -12.843713339  131.132734211   127.3248   5   8   2.1314   2.4781   5.3390   1.2254  -1.3363  -0.8197   0.00    0.0
2014/12/27 17:06:00.000  -12.843712400  131.132733738   127.3283   5   8   2.1303   2.4787   5.3229   1.2270  -1.3051  -0.8089   0.00    0.0
2014/12/27 17:06:30.000  -12.843711997  131.132733351   127.0863   5   8   2.1292   2.4793   5.3069   1.2285  -1.2734  -0.7982   0.00    0.0
2014/12/27 17:07:00.000  -12.843712821  131.132734597   126.9767   5   8   2.1280   2.4800   5.2912   1.2300  -1.2412  -0.7875   0.00    0.0
2014/12/27 17:07:30.000  -12.843713595  131.132735793   126.9284   5   8   2.1267   2.4808   5.2756   1.2315  -1.2083  -0.7768   0.00    0.0
2014/12/27 17:08:00.000  -12.843712546  131.132735419   126.9176   5   8   2.1254   2.4817   5.2603   1.2329  -1.1749  -0.7663   0.00    0.0
2014/12/27 17:08:30.000  -12.843710940  131.132736176   127.0646   5   8   2.1241   2.4826   5.2451   1.2342  -1.1407  -0.7558   0.00    0.0
2014/12/27 17:09:00.000  -12.843709596  131.132736158   127.0087   5   8   2.1227   2.4837   5.2302   1.2355  -1.1058  -0.7454   0.00    0.0
2014/12/27 17:09:30.000  -12.843711278  131.132734992   127.0806   5   8   2.1213   2.4847   5.2154   1.2368  -1.0700  -0.7350   0.00    0.0
2014/12/27 17:10:00.000  -12.843712358  131.132734777   126.6721   5   8   2.1198   2.4859   5.2009   1.2380  -1.0333  -0.7248   0.00    0.0
2014/12/27 17:10:30.000  -12.843711907  131.132735272   126.5952   5   8   2.1183   2.4871   5.1865   1.2391  -0.9956  -0.7146   0.00    0.0
2014/12/27 17:11:00.000  -12.843710842  131.132735621   126.6944   5   8   2.1168   2.4884   5.1724   1.2402  -0.9567  -0.7046   0.00    0.0
2014/12/27 17:11:30.000  -12.843709177  131.132734496   126.7804   5   8   2.1152   2.4898   5.1584   1.2413  -0.9165  -0.6946   0.00    0.0
2014/12/27 17:12:00.000  -12.843709367  131.132733994   126.9532   5   8   2.1135   2.4912   5.1447   1.2423  -0.8748  -0.6847   0.00    0.0
2014/12/27 17:12:30.000  -12.843710011  131.132733400   127.0887   5   8   2.1118   2.4927   5.1311   1.2433  -0.8313  -0.6749   0.00    0.0
2014/12/27 17:13:00.000  -12.843708328  131.132738488   128.5512   5   9   2.0200   2.3588   4.4469   1.0263  -1.6345  -1.4100   0.00    0.0
2014/12/27 17:13:30.000  -12.843709564  131.132737716   128.3218   5   9   2.0171   2.3575   4.4378   1.0233  -1.6162  -1.4064   0.00    0.0
2014/12/27 17:14:00.000  -12.843708336  131.132737285   128.5685   5   9   2.0141   2.3563   4.4288   1.0202  -1.5978  -1.4028   0.00    0.0
2014/12/27 17:14:30.000  -12.843706253  131.132739259   129.0536   5   9   2.0111   2.3551   4.4200   1.0172  -1.5793  -1.3993   0.00    0.0
2014/12/27 17:15:00.000  -12.843706965  131.132738378   128.8315   5   9   2.0081   2.3540   4.4113   1.0140  -1.5607  -1.3958   0.00    0.0
2014/12/27 17:15:30.000  -12.843707793  131.132737219   128.2924   5   9   2.0051   2.3530   4.4028   1.0109  -1.5419  -1.3924   0.00    0.0
2014/12/27 17:16:00.000  -12.843707655  131.132736473   128.0366   5   9   2.0020   2.3520   4.3944   1.0077  -1.5231  -1.3890   0.00    0.0
2014/12/27 17:16:30.000  -12.843707517  131.132736966   128.2717   5   9   1.9990   2.3511   4.3863   1.0044  -1.5040  -1.3856   0.00    0.0
2014/12/27 17:17:00.000  -12.843707227  131.132737811   128.1436   5   9   1.9959   2.3503   4.3782   1.0011  -1.4849  -1.3822   0.00    0.0
2014/12/27 17:17:30.000  -12.843706849  131.132738953   128.1757   5   9   1.9927   2.3495   4.3704   0.9977  -1.4655  -1.3789   0.00    0.0
2014/12/27 17:18:00.000  -12.843706405  131.132740748   128.4475   5   9   1.9896   2.3488   4.3627   0.9943  -1.4460  -1.3757   0.00    0.0
2014/12/27 17:18:30.000  -12.843706507  131.132741089   128.7690   5   9   1.9864   2.3481   4.3552   0.9909  -1.4264  -1.3724   0.00    0.0
2014/12/27 17:19:00.000  -12.843706444  131.132739749   128.7772   5   9   1.9832   2.3475   4.3479   0.9874  -1.4065  -1.3693   0.00    0.0
2014/12/27 17:19:30.000  -12.843707147  131.132738753   128.4139   5   9   1.9800   2.3470   4.3407   0.9839  -1.3865  -1.3661   0.00    0.0
2014/12/27 17:20:00.000  -12.843707016  131.132738496   128.0611   5   9   1.9768   2.3465   4.3337   0.9803  -1.3663  -1.3630   0.00    0.0
2014/12/27 17:20:30.000  -12.843705506  131.132737899   127.6858   5   9   1.9735   2.3461   4.3268   0.9767  -1.3458  -1.3599   0.00    0.0
2014/12/27 17:21:00.000  -12.843704136  131.132737962   127.9370   5   9   1.9702   2.3458   4.3201   0.9731  -1.3252  -1.3569   0.00    0.0
2014/12/27 17:21:30.000  -12.843705283  131.132737516   128.4706   5   9   1.9669   2.3455   4.3136   0.9694  -1.3043  -1.3539   0.00    0.0
2014/12/27 17:22:00.000  -12.843707294  131.132737467   128.7620   5   9   1.9636   2.3453   4.3073   0.9657  -1.2831  -1.3509   0.00    0.0
2014/12/27 17:22:30.000  -12.843707114  131.132737548   128.5173   5   9   1.9603   2.3452   4.3011   0.9619  -1.2617  -1.3480   0.00    0.0
2014/12/27 17:23:00.000  -12.843706509  131.132738057   128.2586   5   9   1.9569   2.3451   4.2951   0.9581  -1.2400  -1.3451   0.00    0.0
2014/12/27 17:23:30.000  -12.843706868  131.132738025   127.8628   5   9   1.9536   2.3451   4.2892   0.9542  -1.2181  -1.3423   0.00    0.0
2014/12/27 17:24:00.000  -12.843707582  131.132740137   128.3128   5  10   1.8839   2.2384   3.8946   1.1207  -1.6363  -0.9460   0.00    0.0
2014/12/27 17:24:30.000  -12.843706802  131.132738935   128.6928   5  10   1.8818   2.2352   3.8902   1.1180  -1.6249  -0.9482   0.00    0.0
2014/12/27 17:25:00.000  -12.843705569  131.132738373   128.8341   5  10   1.8797   2.2320   3.8858   1.1152  -1.6134  -0.9504   0.00    0.0
2014/12/27 17:25:30.000  -12.843705323  131.132737960   129.0119   5  10   1.8776   2.2288   3.8816   1.1124  -1.6020  -0.9525   0.00    0.0
2014/12/27 17:26:00.000  -12.843704996  131.132740433   129.0672   5  10   1.8755   2.2256   3.8775   1.1094  -1.5905  -0.9547   0.00    0.0
2014/12/27 17:26:30.000  -12.843705977  131.132741952   128.6831   5  10   1.8733   2.2379   3.8791   1.1054  -1.5963  -0.9559   0.00    0.0
2014/12/27 17:27:00.000  -12.843706188  131.132742525   128.6512   5  10   1.8711   2.2357   3.8756   1.1022  -1.5860  -0.9578   0.00    0.0
2014/12/27 17:27:30.000  -12.843705336  131.132741695   128.7846   5  10   1.8689   2.2336   3.8722   1.0988  -1.5757  -0.9597   0.00    0.0
2014/12/27 17:28:00.000  -12.843705642  131.132739346   128.6872   5  10   1.8666   2.2315   3.8689   1.0954  -1.5654  -0.9615   0.00    0.0
2014/12/27 17:28:30.000  -12.843707089  131.132738277   128.6431   5  10   1.8643   2.2294   3.8657   1.0919  -1.5551  -0.9634   0.00    0.0
2014/12/27 17:29:00.000  -12.843707120  131.132739478   128.4623   5  10   1.8620   2.2273   3.8626   1.0883  -1.5448  -0.9652   0.00    0.0
2014/12/27 17:29:30.000  -12.843706041  131.132740003   128.3136   5  10   1.8597   2.2253   3.8596   1.0846  -1.5345  -0.9669   0.00    0.0
2014/12/27 17:30:00.000  -12.843705662  131.132740886   128.5230   5  10   1.8573   2.2233   3.8568   1.0808  -1.5242  -0.9686   0.00    0.0
2014/12/27 17:30:30.000  -12.843706365  131.132740288   128.5376   5  10   1.8550   2.2213   3.8540   1.0769  -1.5139  -0.9703   0.00    0.0
2014/12/27 17:31:00.000  -12.843705627  131.132740466   128.3588   5  10   1.8526   2.2193   3.8514   1.0730  -1.5036  -0.9720   0.00    0.0
2014/12/27 17:31:30.000  -12.843705106  131.132740356   128.4028   5  10   1.8501   2.2173   3.8489   1.0689  -1.4933  -0.9736   0.00    0.0
2014/12/27 17:32:00.000  -12.843703724  131.132741653   128.2888   5  10   1.8477   2.2154   3.8464   1.0648  -1.4829  -0.9752   0.00    0.0
2014/12/27 17:32:30.000  -12.843703253  131.132743359   128.1871   5  10   1.8452   2.2135   3.8441   1.0606  -1.4726  -0.9767   0.00    0.0
2014/12/27 17:33:00.000  -12.843702602  131.132744122   128.4212   5  10   1.8427   2.2116   3.8419   1.0563  -1.4622  -0.9782   0.00    0.0
2014/12/27 17:33:30.000  -12.843703300  131.132744112   128.4226   5  10   1.8402   2.2098   3.8398   1.0520  -1.4519  -0.9797   0.00    0.0
2014/12/27 17:34:00.000  -12.843704024  131.132743029   128.2312   5  10   1.8389   2.2112   3.8379   1.0438  -1.4424  -0.9804   0.00    0.0
2014/12/27 17:34:30.000  -12.843703476  131.132742751   127.9825   5  10   1.8364   2.2096   3.8360   1.0390  -1.4320  -0.9818   0.00    0.0
2014/12/27 17:35:00.000  -12.843703820  131.132742792   128.2308   5  10   1.8338   2.2080   3.8342   1.0342  -1.4216  -0.9832   0.00    0.0
2014/12/27 17:35:30.000  -12.843703559  131.132742799   128.5288   5  10   1.8313   2.2065   3.8326   1.0294  -1.4112  -0.9846   0.00    0.0
2014/12/27 17:36:00.000  -12.843703232  131.132743849   128.6026   5  10   1.8287   2.2050   3.8310   1.0244  -1.4008  -0.9859   0.00    0.0
2014/12/27 17:36:30.000  -12.843703307  131.132744747   128.4593   5  10   1.8262   2.2035   3.8296   1.0193  -1.3903  -0.9872   0.00    0.0
2014/12/27 17:37:00.000  -12.843703722  131.132744927   128.4827   5  10   1.8236   2.2021   3.8283   1.0142  -1.3799  -0.9884   0.00    0.0
2014/12/27 17:37:30.000  -12.843699561  131.132748829   127.5727   5  11   1.5882   1.8343   3.4322  -0.2551   0.4280   0.7273   0.00    0.0
2014/12/27 17:38:00.000  -12.843700193  131.132748876   127.7299   5  11   1.5873   1.8343   3.4338  -0.2626   0.4480   0.7177   0.00    0.0
2014/12/27 17:38:30.000  -12.843701217  131.132748528   127.9346   5  11   1.5906   1.8344   3.4368  -0.2650   0.4694   0.7154   0.00    0.0
2014/12/27 17:39:00.000  -12.843701560  131.132747677   127.8994   5  11   1.5900   1.8344   3.4386  -0.2723   0.4875   0.7058   0.00    0.0
2014/12/27 17:39:30.000  -12.843700309  131.132747161   127.6257   5  11   1.5893   1.8344   3.4405  -0.2795   0.5049   0.6962   0.00    0.0
2014/12/27 17:40:00.000  -12.843700441  131.132745516   127.3781   5  11   1.5887   1.8344   3.4425  -0.2867   0.5217   0.6863   0.00    0.0
2014/12/27 17:40:30.000  -12.843701244  131.132744075   127.4580   5  11   1.5881   1.8345   3.4447  -0.2939   0.5378   0.6764   0.00    0.0
2014/12/27 17:41:00.000  -12.843701414  131.132745058   127.3905   5  11   1.5875   1.8346   3.4469  -0.3010   0.5534   0.6663   0.00    0.0
2014/12/27 17:41:30.000  -12.843702476  131.132747257   127.7415   5  11   1.5869   1.8347   3.4492  -0.3080   0.5685   0.6561   0.00    0.0
2014/12/27 17:42:00.000  -12.843702606  131.132747060   127.7090   5  11   1.5907   1.8369   3.4594  -0.2981   0.6004   0.6665   0.00    0.0
2014/12/27 17:42:30.000  -12.843702241  131.132747096   127.6838   5  11   1.5903   1.8372   3.4622  -0.3046   0.6149   0.6572   0.00    0.0
2014/12/27 17:43:00.000  -12.843703200  131.132747407   127.6521   5  11   1.5900   1.8375   3.4652  -0.3111   0.6290   0.6479   0.00    0.0
2014/12/27 17:43:30.000  -12.843704206  131.132747061   127.6560   5  11   1.5897   1.8378   3.4681  -0.3176   0.6427   0.6384   0.00    0.0
2014/12/27 17:44:00.000  -12.843703662  131.132746960   127.3799   5  11   1.5893   1.8381   3.4712  -0.3240   0.6560   0.6287   0.00    0.0
2014/12/27 17:44:30.000  -12.843701603  131.132748320   127.3340   5  11   1.5890   1.8384   3.4744  -0.3305   0.6690   0.6189   0.00    0.0
2014/12/27 17:45:00.000  -12.843700355  131.132748224   127.3656   5  11   1.5887   1.8388   3.4777  -0.3368   0.6817   0.6090   0.00    0.0
2014/12/27 17:45:30.000  -12.843699710  131.132748467   127.5992   5  11   1.5884   1.8391   3.4810  -0.3432   0.6941   0.5990   0.00    0.0
2014/12/27 17:46:00.000  -12.843699170  131.132749723   127.8261   5  11   1.5881   1.8395   3.4844  -0.3496   0.7061   0.5887   0.00    0.0
2014/12/27 17:46:30.000  -12.843699874  131.132749582   127.4391   5  11   1.5878   1.8400   3.4880  -0.3559   0.7179   0.5783   0.00    0.0
2014/12/27 17:47:00.000  -12.843700478  131.132749879   127.3218   5  11   1.5876   1.8404   3.4916  -0.3621   0.7295   0.5678   0.00    0.0
2014/12/27 17:47:30.000  -12.843701149  131.132748907   127.5801   5  11   1.5873   1.8408   3.4953  -0.3684   0.7407   0.5571   0.00    0.0
2014/12/27 17:48:00.000  -12.843700884  131.132746285   127.6344   5  11   1.5871   1.8413   3.4990  -0.3746   0.7518   0.5462   0.00    0.0
2014/12/27 17:48:30.000  -12.843700402  131.132745162   127.3777   5  11   1.5868   1.8418   3.5029  -0.3808   0.7626   0.5351   0.00    0.0
2014/12/27 17:49:00.000  -12.843700770  131.132746444   127.3963   5  11   1.5866   1.8423   3.5069  -0.3869   0.7732   0.5238   0.00    0.0
2014/12/27 17:49:30.000  -12.843700238  131.132747764   127.4846   5  11   1.5864   1.8428   3.5109  -0.3930   0.7836   0.5124   0.00    0.0
2014/12/27 17:50:00.000  -12.843699634  131.132749287   127.4192   5  11   1.5861   1.8434   3.5150  -0.3991   0.7938   0.5007   0.00    0.0
2014/12/27 17:50:30.000  -12.843700254  131.132748646   127.6760   5  11   1.5859   1.8439   3.5193  -0.4052   0.8038   0.4888   0.00    0.0
2014/12/27 17:51:00.000  -12.843701111  131.132748746   127.5276   5  11   1.5857   1.8445   3.5236  -0.4112   0.8136   0.4766   0.00    0.0
2014/12/27 17:51:30.000  -12.843701643  131.132749745   127.4269   5  11   1.5855   1.8451   3.5280  -0.4171   0.8232   0.4642   0.00    0.0
2014/12/27 17:52:00.000  -12.843701370  131.132749678   127.4270   5  11   1.5854   1.8457   3.5324  -0.4231   0.8327   0.4516   0.00    0.0
2014/12/27 17:52:30.000  -12.843701360  131.132750040   127.4664   5  11   1.5852   1.8463   3.5370  -0.4289   0.8420   0.4386   0.00    0.0
2014/12/27 17:53:00.000  -12.843700661  131.132750989   127.5368   5  11   1.5850   1.8469   3.5416  -0.4348   0.8511   0.4253   0.00    0.0
2014/12/27 17:53:30.000  -12.843699837  131.132750059   127.1924   5  11   1.5849   1.8476   3.5464  -0.4406   0.8601   0.4118   0.00    0.0
2014/12/27 17:54:00.000  -12.843700954  131.132749077   127.2143   5  11   1.5847   1.8483   3.5562  -0.4463   0.8678   0.3969   0.00    0.0
2014/12/27 17:54:30.000  -12.843701626  131.132749021   127.2992   5  11   1.5846   1.8490   3.5613  -0.4520   0.8764   0.3825   0.00    0.0
2014/12/27 17:55:00.000  -12.843700986  131.132748177   127.0269   5  11   1.5845   1.8497   3.5666  -0.4577   0.8849   0.3678   0.00    0.0
2014/12/27 17:55:30.000  -12.843701674  131.132749604   127.1705   5  11   1.5843   1.8504   3.5719  -0.4633   0.8932   0.3525   0.00    0.0
2014/12/27 17:56:00.000  -12.843702656  131.132749553   127.4516   5  11   1.5842   1.8511   3.5773  -0.4689   0.9014   0.3367   0.00    0.0
2014/12/27 17:56:30.000  -12.843702405  131.132748933   127.3342   5  11   1.5882   1.8609   3.5905  -0.4518   0.8855   0.2753   0.00    0.0
2014/12/27 17:57:00.000  -12.843701832  131.132749079   127.3102   5  11   1.5884   1.8623   3.5966  -0.4562   0.8921   0.2521   0.00    0.0
2014/12/27 17:57:30.000  -12.843700969  131.132749717   127.4403   5  11   1.5888   1.8668   3.6027  -0.4567   0.8989   0.2274   0.00    0.0
2014/12/27 17:58:00.000  -12.843699686  131.132749397   127.2835   5  10   1.9657   1.8716   4.1602  -0.5741   1.0193  -1.5266   0.00    0.0
2014/12/27 17:58:30.000  -12.843699298  131.132747076   127.1719   5  10   1.9672   1.8733   4.1788  -0.5790   1.0280  -1.5416   0.00    0.0
2014/12/27 17:59:00.000  -12.843700044  131.132747342   127.2543   5  10   1.9686   1.8749   4.1976  -0.5840   1.0366  -1.5564   0.00    0.0
2014/12/27 17:59:30.000  -12.843700837  131.132747316   126.9943   5  10   1.9700   1.8766   4.2165  -0.5890   1.0451  -1.5710   0.00    0.0
2014/12/27 18:00:00.000  -12.843700536  131.132748065   126.7352   5  10   1.9714   1.8783   4.2356  -0.5939   1.0535  -1.5854   0.00    0.0
2014/12/27 18:00:30.000  -12.843701959  131.132749404   127.0206   5  10   1.9727   1.8801   4.2549  -0.5988   1.0619  -1.5996   0.00    0.0
2014/12/27 18:01:00.000  -12.843702435  131.132750663   127.0935   5  10   1.9740   1.8818   4.2743  -0.6036   1.0702  -1.6136   0.00    0.0
2014/12/27 18:01:30.000  -12.843702636  131.132750091   127.1931   5  10   1.9753   1.8835   4.2938  -0.6085   1.0783  -1.6275   0.00    0.0
2014/12/27 18:02:00.000  -12.843702785  131.132748992   127.2716   5  10   1.9765   1.8853   4.3135  -0.6132   1.0864  -1.6411   0.00    0.0
2014/12/27 18:02:30.000  -12.843702206  131.132749577   127.3103   5  10   1.9777   1.8870   4.3334  -0.6180   1.0944  -1.6545   0.00    0.0
2014/12/27 18:03:00.000  -12.843701638  131.132750543   127.1763   5  10   1.9788   1.8888   4.3533  -0.6227   1.1024  -1.6678   0.00    0.0
2014/12/27 18:03:30.000  -12.843701586  131.132750986   127.1024   5  10   1.9799   1.8905   4.3734  -0.6273   1.1102  -1.6808   0.00    0.0
2014/12/27 18:04:00.000  -12.843701404  131.132751130   127.3418   5  10   1.9830   1.8927   4.3946  -0.6347   1.1162  -1.6912   0.00    0.0
2014/12/27 18:04:30.000  -12.843701509  131.132752187   127.4672   5  10   1.9841   1.8945   4.4150  -0.6394   1.1238  -1.7037   0.00    0.0
2014/12/27 18:05:00.000  -12.843700547  131.132751710   127.0942   5  10   1.9852   1.8963   4.4354  -0.6441   1.1313  -1.7161   0.00    0.0
2014/12/27 18:05:30.000  -12.843699587  131.132750949   126.9064   5  10   1.9862   1.8982   4.4559  -0.6486   1.1387  -1.7282   0.00    0.0
2014/12/27 18:06:00.000  -12.843700044  131.132749914   127.1227   5  10   1.9872   1.9000   4.4766  -0.6531   1.1459  -1.7402   0.00    0.0
2014/12/27 18:06:30.000  -12.843700083  131.132749899   127.1892   5  10   1.9881   1.9018   4.4973  -0.6576   1.1531  -1.7519   0.00    0.0
2014/12/27 18:07:00.000  -12.843698097  131.132750012   126.7098   5  11   1.6352   1.8388   3.7688   0.3459   0.3442  -0.5364   0.00    0.0
2014/12/27 18:07:30.000  -12.843699125  131.132750031   126.7529   5  11   1.6346   1.8397   3.7846   0.3452   0.3444  -0.5533   0.00    0.0
2014/12/27 18:08:00.000  -12.843699919  131.132750058   126.8235   5  11   1.6341   1.8406   3.8006   0.3444   0.3444  -0.5696   0.00    0.0
2014/12/27 18:08:30.000  -12.843701300  131.132749438   126.9795   5  11   1.6335   1.8416   3.8168   0.3437   0.3443  -0.5855   0.00    0.0
2014/12/27 18:09:00.000  -12.843701273  131.132749052   126.7564   5  11   1.6330   1.8425   3.8333   0.3429   0.3439  -0.6009   0.00    0.0
2014/12/27 18:09:30.000  -12.843700647  131.132749185   126.6584   5  11   1.6325   1.8434   3.8499   0.3421   0.3434  -0.6159   0.00    0.0
2014/12/27 18:10:00.000  -12.843699639  131.132751230   126.4332   5  11   1.6321   1.8444   3.8668   0.3412   0.3427  -0.6305   0.00    0.0
2014/12/27 18:10:30.000  -12.843698628  131.132750580   126.1695   5  11   1.6316   1.8453   3.8840   0.3404   0.3418  -0.6447   0.00    0.0
2014/12/27 18:11:00.000  -12.843698358  131.132750169   125.9969   5  11   1.6312   1.8463   3.9013   0.3395   0.3407  -0.6586   0.00    0.0
2014/12/27 18:11:30.000  -12.843698261  131.132748857   125.8550   5  11   1.6308   1.8472   3.9189   0.3386   0.3394  -0.6721   0.00    0.0
2014/12/27 18:12:00.000  -12.843698076  131.132749036   126.1369   5  11   1.6304   1.8482   3.9367   0.3377   0.3380  -0.6853   0.00    0.0
2014/12/27 18:12:30.000  -12.843698433  131.132748822   126.3904   5  11   1.6300   1.8492   3.9548   0.3368   0.3363  -0.6982   0.00    0.0
2014/12/27 18:13:00.000  -12.843698600  131.132749076   126.6625   5  11   1.6297   1.8501   3.9730   0.3358   0.3344  -0.7108   0.00    0.0
2014/12/27 18:13:30.000  -12.843698099  131.132749754   126.9534   5  11   1.6293   1.8511   3.9915   0.3349   0.3323  -0.7232   0.00    0.0
2014/12/27 18:14:00.000  -12.843698277  131.132749481   126.8809   5  11   1.6290   1.8521   4.0102   0.3339   0.3299  -0.7352   0.00    0.0
2014/12/27 18:14:30.000  -12.843699127  131.132749933   126.7871   5  11   1.6287   1.8531   4.0292   0.3330   0.3274  -0.7470   0.00    0.0
2014/12/27 18:15:00.000  -12.843699241  131.132749946   126.6040   5  11   1.6284   1.8641   4.0587   0.3332   0.4019  -0.7578   0.00    0.0
2014/12/27 18:15:30.000  -12.843698924  131.132749385   126.2673   5  11   1.6281   1.8658   4.0789   0.3325   0.4045  -0.7690   0.00    0.0
2014/12/27 18:16:00.000  -12.843699519  131.132749904   125.8187   5  10   1.7028   2.0003   4.4654  -0.4981  -1.0506   0.5260   0.00    0.0
2014/12/27 18:16:30.000  -12.843700018  131.132749775   125.8275   5  10   1.7016   2.0005   4.4938  -0.4943  -1.0545   0.5159   0.00    0.0
2014/12/27 18:17:00.000  -12.843700455  131.132750481   126.0457   5  10   1.7005   2.0007   4.5227  -0.4904  -1.0584   0.5058   0.00    0.0
2014/12/27 18:17:30.000  -12.843699763  131.132750457   126.0311   5  10   1.6993   2.0009   4.5520  -0.4865  -1.0625   0.4957   0.00    0.0
2014/12/27 18:18:00.000  -12.843699855  131.132749255   126.1784   5  10   1.6982   2.0011   4.5818  -0.4825  -1.0667   0.4855   0.00    0.0
2014/12/27 18:18:30.000  -12.843700411  131.132748737   126.0663   5  10   1.6970   2.0014   4.6119  -0.4786  -1.0709   0.4754   0.00    0.0
2014/12/27 18:19:00.000  -12.843700408  131.132749183   126.0070   5  10   1.6959   2.0017   4.6425  -0.4746  -1.0753   0.4653   0.00    0.0
2014/12/27 18:19:30.000  -12.843699833  131.132749666   125.7503   5  10   1.6948   2.0020   4.6735  -0.4706  -1.0797   0.4551   0.00    0.0
2014/12/27 18:20:00.000  -12.843699845  131.132749441   125.5394   5  10   1.6938   2.0023   4.7050  -0.4666  -1.0843   0.4450   0.00    0.0
2014/12/27 18:20:30.000  -12.843700778  131.132747756   125.9409   5  10   1.6927   2.0026   4.7369  -0.4626  -1.0889   0.4350   0.00    0.0
2014/12/27 18:21:00.000  -12.843700734  131.132747466   126.0430   5  10   1.6916   2.0030   4.7693  -0.4586  -1.0936   0.4250   0.00    0.0
2014/12/27 18:21:30.000  -12.843699971  131.132748374   125.9852   5  10   1.6906   2.0034   4.8021  -0.4545  -1.0984   0.4151   0.00    0.0
2014/12/27 18:22:00.000  -12.843699996  131.132748959   125.6609   5  10   1.6896   2.0038   4.8353  -0.4504  -1.1033   0.4053   0.00    0.0
2014/12/27 18:22:30.000  -12.843699992  131.132749375   125.8395   5  10   1.6886   2.0042   4.8690  -0.4463  -1.1083   0.3956   0.00    0.0
2014/12/27 18:23:00.000  -12.843700505  131.132748944   125.9361   5  10   1.6876   2.0047   4.9031  -0.4422  -1.1134   0.3860   0.00    0.0
2014/12/27 18:23:30.000  -12.843700212  131.132749276   126.2162   5  10   1.6866   2.0052   4.9377  -0.4381  -1.1186   0.3766   0.00    0.0
2014/12/27 18:24:00.000  -12.843700188  131.132748571   126.2917   5  10   1.6857   2.0057   4.9728  -0.4339  -1.1238   0.3675   0.00    0.0
2014/12/27 18:24:30.000  -12.843700508  131.132747675   126.3338   5  10   1.6848   2.0062   5.0082  -0.4297  -1.1292   0.3585   0.00    0.0
2014/12/27 18:25:00.000  -12.843700350  131.132747992   126.1247   5  10   1.6839   2.0067   5.0442  -0.4256  -1.1346   0.3499   0.00    0.0
2014/12/27 18:25:30.000  -12.843700092  131.132748256   125.9863   5  10   1.6830   2.0073   5.0806  -0.4214  -1.1401   0.3415   0.00    0.0
2014/12/27 18:26:00.000  -12.843699267  131.132747313   125.9624   5  10   1.6821   2.0079   5.1174  -0.4171  -1.1456   0.3335   0.00    0.0
2014/12/27 18:26:30.000  -12.843699343  131.132748112   125.7492   5  10   1.6812   2.0085   5.1547  -0.4129  -1.1512   0.3260   0.00    0.0
2014/12/27 18:27:00.000  -12.843700131  131.132747503   125.8958   5  10   1.6804   2.0092   5.1924  -0.4087  -1.1569   0.3189   0.00    0.0
2014/12/27 18:27:30.000  -12.843700075  131.132748203   125.8003   5  10   1.6796   2.0098   5.2305  -0.4044  -1.1627   0.3124   0.00    0.0
2014/12/27 18:28:00.000  -12.843699577  131.132748239   126.0004   5  10   1.6787   2.0105   5.2691  -0.4001  -1.1685   0.3064   0.00    0.0
2014/12/27 18:28:30.000  -12.843700622  131.132748034   126.2082   5  10   1.6780   2.0112   5.3082  -0.3959  -1.1744   0.3012   0.00    0.0
2014/12/27 18:29:00.000  -12.843700595  131.132749204   126.2512   5  10   1.6772   2.0119   5.3477  -0.3916  -1.1803   0.2966   0.00    0.0
2014/12/27 18:29:30.000  -12.843701033  131.132748661   126.2417   5  10   1.6765   2.0127   5.3876  -0.3873  -1.1863   0.2929   0.00    0.0
2014/12/27 18:30:00.000  -12.843700435  131.132747968   126.0056   5  10   1.6825   2.0155   5.4475  -0.4005  -1.1746   0.1201   0.00    0.0
2014/12/27 18:30:30.000  -12.843700092  131.132746948   125.8342   5  10   1.6823   2.0165   5.4896  -0.3977  -1.1793   0.0910   0.00    0.0
2014/12/27 18:31:00.000  -12.843700129  131.132747844   125.6414   5  10   1.6820   2.0175   5.5321  -0.3949  -1.1840   0.0531   0.00    0.0
2014/12/27 18:31:30.000  -12.843699913  131.132748444   125.5971   5  10   1.6818   2.0185   5.5749  -0.3922  -1.1888  -0.0441   0.00    0.0
2014/12/27 18:32:00.000  -12.843700120  131.132746425   125.8623   5  10   1.6815   2.0195   5.6181  -0.3894  -1.1936  -0.0772   0.00    0.0
2014/12/27 18:32:30.000  -12.843699127  131.132746322   126.0550   5  10   1.6813   2.0206   5.6616  -0.3867  -1.1984  -0.0960   0.00    0.0
2014/12/27 18:33:00.000  -12.843699078  131.132747384   125.9870   5  10   1.6811   2.0217   5.7055  -0.3840  -1.2033  -0.1080   0.00    0.0
2014/12/27 18:33:30.000  -12.843698694  131.132747717   126.3105   5  10   1.6809   2.0228   5.7497  -0.3813  -1.2082  -0.1152   0.00    0.0
2014/12/27 18:34:00.000  -12.843698361  131.132746946   126.4459   5  10   1.6807   2.0239   5.7942  -0.3786  -1.2131  -0.1185   0.00    0.0
2014/12/27 18:34:30.000  -12.843698764  131.132745547   126.0727   5  10   1.6805   2.0251   5.8389  -0.3760  -1.2180  -0.1179   0.00    0.0
2014/12/27 18:35:00.000  -12.843698658  131.132746486   126.0186   5  10   1.6803   2.0263   5.8839  -0.3734  -1.2230  -0.1133   0.00    0.0
2014/12/27 18:35:30.000  -12.843698531  131.132748104   125.8292   5  10   1.6801   2.0275   5.9292  -0.3708  -1.2279  -0.1040   0.00    0.0
2014/12/27 18:36:00.000  -12.843698633  131.132748107   125.6438   5  10   1.6799   2.0287   5.9747  -0.3682  -1.2328  -0.0883   0.00    0.0
2014/12/27 18:36:30.000  -12.843698453  131.132747032   125.7051   5  10   1.6798   2.0299   6.0204  -0.3657  -1.2378  -0.0613   0.00    0.0
2014/12/27 18:37:00.000  -12.843698220  131.132746332   125.7416   5  10   1.6796   2.0312   6.0663  -0.3632  -1.2427   0.0368   0.00    0.0
2014/12/27 18:37:30.000  -12.843698868  131.132746765   125.9814   5  10   1.6795   2.0325   6.1124  -0.3608  -1.2475   0.0869   0.00    0.0
2014/12/27 18:38:00.000  -12.843699252  131.132747804   125.8499   5  10   1.6794   2.0338   6.1586  -0.3584  -1.2524   0.1220   0.00    0.0
2014/12/27 18:38:30.000  -12.843699459  131.132747856   125.8173   5  10   1.6793   2.0352   6.2050  -0.3560  -1.2572   0.1529   0.00    0.0
2014/12/27 18:39:00.000  -12.843699425  131.132746221   125.8431   5  10   1.6792   2.0365   6.2514  -0.3537  -1.2619   0.1819   0.00    0.0
2014/12/27 18:39:30.000  -12.843699241  131.132746712   125.6681   5  10   1.6791   2.0379   6.2979  -0.3515  -1.2666   0.2098   0.00    0.0
2014/12/27 18:40:00.000  -12.843699564  131.132748094   125.8745   5  10   1.6791   2.0393   6.3445  -0.3492  -1.2712   0.2371   0.00    0.0
2014/12/27 18:40:30.000  -12.843700003  131.132748376   126.0930   5  10   1.6790   2.0407   6.3910  -0.3471  -1.2758   0.2640   0.00    0.0
2014/12/27 18:41:00.000  -12.843700253  131.132747698   126.4983   5  10   1.6790   2.0422   6.4376  -0.3450  -1.2802   0.2908   0.00    0.0
2014/12/27 18:41:30.000  -12.843700197  131.132747012   126.1237   5  10   1.6790   2.0437   6.4841  -0.3429  -1.2846   0.3174   0.00    0.0
2014/12/27 18:42:00.000  -12.843700055  131.132745986   126.0595   5  10   1.6790   2.0451   6.5304  -0.3409  -1.2889   0.3440   0.00    0.0
2014/12/27 18:42:30.000  -12.843699795  131.132746100   126.2083   5  10   1.6791   2.0467   6.5767  -0.3390  -1.2930   0.3707   0.00    0.0
2014/12/27 18:43:00.000  -12.843699489  131.132746955   126.2030   5  10   1.6791   2.0482   6.6228  -0.3371  -1.2970   0.3974   0.00    0.0
2014/12/27 18:43:30.000  -12.843699706  131.132747050   126.1041   5  10   1.6792   2.0497   6.6688  -0.3353  -1.3009   0.4241   0.00    0.0
2014/12/27 18:44:00.000  -12.843698758  131.132746248   125.9448   5  10   1.6793   2.0513   6.7145  -0.3335  -1.3047   0.4510   0.00    0.0
2014/12/27 18:44:30.000  -12.843698071  131.132745416   125.8718   5  10   1.6795   2.0529   6.7599  -0.3319  -1.3082   0.4779   0.00    0.0
2014/12/27 18:45:00.000  -12.843697937  131.132745118   126.0254   5  10   1.6797   2.0545   6.8050  -0.3302  -1.3116   0.5050   0.00    0.0
2014/12/27 18:45:30.000  -12.843698299  131.132745760   126.3682   5  10   1.6799   2.0561   6.8498  -0.3287  -1.3149   0.5322   0.00    0.0
2014/12/27 18:46:00.000  -12.843699274  131.132745980   126.5173   5  10   1.6801   2.0578   6.8941  -0.3272  -1.3179   0.5594   0.00    0.0
2014/12/27 18:46:30.000  -12.843699245  131.132747014   126.5403   5  10   1.6804   2.0595   6.9381  -0.3258  -1.3207   0.5868   0.00    0.0
2014/12/27 18:47:00.000  -12.843699402  131.132747149   126.5157   5  10   1.6807   2.0612   6.9815  -0.3245  -1.3233   0.6143   0.00    0.0
2014/12/27 18:47:30.000  -12.843698842  131.132747737   126.2443   5  10   1.6810   2.0629   7.0244  -0.3232  -1.3257   0.6419   0.00    0.0
2014/12/27 18:48:00.000  -12.843699145  131.132746452   126.1229   5  10   1.6814   2.0646   7.0668  -0.3220  -1.3278   0.6696   0.00    0.0
2014/12/27 18:48:30.000  -12.843699439  131.132746258   126.5026   5  10   1.6818   2.0663   7.1085  -0.3208  -1.3297   0.6974   0.00    0.0
2014/12/27 18:49:00.000  -12.843699496  131.132747166   126.2318   5  10   1.6823   2.0681   7.1496  -0.3198  -1.3313   0.7253   0.00    0.0
2014/12/27 18:49:30.000  -12.843699968  131.132746400   126.4569   5  10   1.6828   2.0699   7.1899  -0.3187  -1.3326   0.7532   0.00    0.0
2014/12/27 18:50:00.000  -12.843700422  131.132747221   126.5285   5  10   1.6834   2.0717   7.2296  -0.3178  -1.3336   0.7812   0.00    0.0
2014/12/27 18:50:30.000  -12.843700006  131.132746960   126.6794   5  10   1.6840   2.0735   7.2684  -0.3169  -1.3343   0.8092   0.00    0.0
2014/12/27 18:51:00.000  -12.843699386  131.132747236   127.0097   5  10   1.6847   2.0753   7.3063  -0.3161  -1.3347   0.8372   0.00    0.0
2014/12/27 18:51:30.000  -12.843698965  131.132746034   126.9209   5  10   1.6854   2.0772   7.3434  -0.3153  -1.3348   0.8653   0.00    0.0
2014/12/27 18:52:00.000  -12.843698472  131.132744716   127.0556   5  10   1.6861   2.0791   7.3795  -0.3145  -1.3345   0.8934   0.00    0.0
2014/12/27 18:52:30.000  -12.843697922  131.132744548   126.6914   5  10   1.6870   2.0810   7.4147  -0.3139  -1.3339   0.9214   0.00    0.0
2014/12/27 18:53:00.000  -12.843697961  131.132744836   126.4624   5  10   1.6878   2.0829   7.4488  -0.3132  -1.3329   0.9495   0.00    0.0
2014/12/27 18:53:30.000  -12.843697668  131.132744760   126.3334   5  10   1.6888   2.0848   7.4818  -0.3126  -1.3315   0.9774   0.00    0.0
2014/12/27 18:54:00.000  -12.843697576  131.132745927   126.1001   5  10   1.6898   2.0868   7.5138  -0.3121  -1.3298   1.0054   0.00    0.0
2014/12/27 18:54:30.000  -12.843698323  131.132745725   125.5091   5  10   1.6908   2.0887   7.5446  -0.3115  -1.3276   1.0332   0.00    0.0
2014/12/27 18:55:00.000  -12.843698157  131.132745628   125.9103   5  10   1.6920   2.0907   7.5742  -0.3110  -1.3250   1.0610   0.00    0.0
2014/12/27 18:55:30.000  -12.843697985  131.132746472   126.1839   5  10   1.6932   2.0927   7.6026  -0.3105  -1.3220   1.0887   0.00    0.0
2014/12/27 18:56:00.000  -12.843698215  131.132746573   126.1601   5  10   1.6944   2.0948   7.6297  -0.3101  -1.3186   1.1162   0.00    0.0
2014/12/27 18:56:30.000  -12.843697984  131.132747108   126.1297   5  10   1.6957   2.0968   7.6556  -0.3096  -1.3147   1.1436   0.00    0.0
2014/12/27 18:57:00.000  -12.843697331  131.132746070   126.3277   5  10   1.6971   2.0989   7.6801  -0.3091  -1.3104   1.1708   0.00    0.0
2014/12/27 18:57:30.000  -12.843697023  131.132745494   126.5377   5  10   1.6986   2.1010   7.7032  -0.3087  -1.3056   1.1978   0.00    0.0
2014/12/27 18:58:00.000  -12.843697070  131.132746360   126.4567   5  10   1.7002   2.1031   7.7250  -0.3082  -1.3004   1.2247   0.00    0.0
2014/12/27 18:58:30.000  -12.843697167  131.132746359   126.5320   5  10   1.7018   2.1052   7.7454  -0.3077  -1.2947   1.2513   0.00    0.0
2014/12/27 18:59:00.000  -12.843697063  131.132746902   126.6494   5  10   1.7035   2.1074   7.7644  -0.3072  -1.2885   1.2778   0.00    0.0
2014/12/27 18:59:30.000  -12.843696616  131.132746748   126.4874   5  10   1.7052   2.1096   7.7819  -0.3067  -1.2818   1.3039   0.00    0.0
2014/12/27 19:00:00.000  -12.843697144  131.132746638   126.0573   5  10   1.7071   2.1118   7.7979  -0.3062  -1.2746   1.3298   0.00    0.0
2014/12/27 19:00:30.000  -12.843697021  131.132745984   125.9352   5  10   1.7090   2.1140   7.8125  -0.3056  -1.2669   1.3555   0.00    0.0
2014/12/27 19:01:00.000  -12.843696659  131.132744877   126.6083   5  10   1.7110   2.1163   7.8257  -0.3049  -1.2587   1.3808   0.00    0.0
2014/12/27 19:01:30.000  -12.843696646  131.132744921   126.6250   5  10   1.7130   2.1186   7.8373  -0.3042  -1.2500   1.4059   0.00    0.0
2014/12/27 19:02:00.000  -12.843696274  131.132746021   126.1722   5  10   1.7152   2.1209   7.8475  -0.3035  -1.2408   1.4306   0.00    0.0
2014/12/27 19:02:30.000  -12.843696254  131.132745548   126.0626   5  10   1.7174   2.1232   7.8561  -0.3027  -1.2310   1.4550   0.00    0.0
2014/12/27 19:03:00.000  -12.843696645  131.132745983   126.1639   5  10   1.7197   2.1256   7.8633  -0.3018  -1.2208   1.4790   0.00    0.0
2014/12/27 19:03:30.000  -12.843697322  131.132745898   126.1693   5  10   1.7221   2.1279   7.8690  -0.3009  -1.2100   1.5027   0.00    0.0
2014/12/27 19:04:00.000  -12.843697627  131.132744995   126.4601   5  10   1.7245   2.1304   7.8732  -0.2998  -1.1986   1.5260   0.00    0.0
2014/12/27 19:04:30.000  -12.843698085  131.132744601   126.3986   5  10   1.7270   2.1328   7.8759  -0.2987  -1.1867   1.5490   0.00    0.0
2014/12/27 19:05:00.000  -12.843698335  131.132745071   126.0968   5  10   1.7296   2.1353   7.8772  -0.2975  -1.1743   1.5715   0.00    0.0
2014/12/27 19:05:30.000  -12.843697453  131.132746799   126.1434   5  10   1.7323   2.1378   7.8771  -0.2962  -1.1614   1.5937   0.00    0.0
2014/12/27 19:06:00.000  -12.843697114  131.132747614   126.0548   5  10   1.7350   2.1403   7.8755  -0.2948  -1.1479   1.6154   0.00    0.0
2014/12/27 19:06:30.000  -12.843697152  131.132747324   125.9350   5  10   1.7378   2.1429   7.8726  -0.2933  -1.1338   1.6368   0.00    0.0
2014/12/27 19:07:00.000  -12.843697178  131.132746608   125.9407   5  10   1.7407   2.1455   7.8683  -0.2917  -1.1192   1.6577   0.00    0.0
2014/12/27 19:07:30.000  -12.843697472  131.132746134   125.9443   5  10   1.7437   2.1482   7.8626  -0.2900  -1.1040   1.6782   0.00    0.0
2014/12/27 19:08:00.000  -12.843697950  131.132746015   126.1721   5  10   1.7467   2.1508   7.8556  -0.2882  -1.0882   1.6982   0.00    0.0
2014/12/27 19:08:30.000  -12.843698291  131.132744907   125.8865   5  10   1.7497   2.1535   7.8473  -0.2862  -1.0719   1.7179   0.00    0.0
2014/12/27 19:09:00.000  -12.843697772  131.132745652   125.8187   5  10   1.7529   2.1563   7.8378  -0.2841  -1.0550   1.7370   0.00    0.0
2014/12/27 19:09:30.000  -12.843697509  131.132745821   125.8700   5  10   1.7561   2.1591   7.8271  -0.2819  -1.0375   1.7558   0.00    0.0
2014/12/27 19:10:00.000  -12.843696538  131.132745194   126.0948   5  10   1.7593   2.1619   7.8151  -0.2795  -1.0193   1.7741   0.00    0.0
2014/12/27 19:10:30.000  -12.843696556  131.132744450   126.1175   5  10   1.7627   2.1648   7.8020  -0.2770  -1.0006   1.7919   0.00    0.0
2014/12/27 19:11:00.000  -12.843696406  131.132743603   126.2120   5  10   1.7660   2.1677   7.7878  -0.2744  -0.9812   1.8093   0.00    0.0
2014/12/27 19:11:30.000  -12.843695812  131.132743916   126.6909   5  10   1.7695   2.1706   7.7725  -0.2716  -0.9612   1.8263   0.00    0.0
2014/12/27 19:12:00.000  -12.843696153  131.132745020   126.6072   5  10   1.7730   2.1736   7.7561  -0.2687  -0.9405   1.8428   0.00    0.0
2014/12/27 19:12:30.000  -12.843696394  131.132745381   126.2707   5  10   1.7765   2.1766   7.7388  -0.2656  -0.9192   1.8589   0.00    0.0
2014/12/27 19:13:00.000  -12.843696202  131.132745635   125.9462   5  10   1.7801   2.1797   7.7205  -0.2624  -0.8971   1.8746   0.00    0.0
2014/12/27 19:13:30.000  -12.843696676  131.132745871   125.9676   5  10   1.7837   2.1828   7.7013  -0.2590  -0.8742   1.8898   0.00    0.0
2014/12/27 19:14:00.000  -12.843696400  131.132745371   126.1259   5  10   1.7874   2.1860   7.6812  -0.2554  -0.8506   1.9046   0.00    0.0
2014/12/27 19:14:30.000  -12.843696642  131.132744134   126.0058   5  10   1.7911   2.1892   7.6602  -0.2517  -0.8261   1.9189   0.00    0.0
2014/12/27 19:15:00.000  -12.843696848  131.132744685   125.8823   5  10   1.7949   2.1924   7.6385  -0.2478  -0.8008   1.9328   0.00    0.0
2014/12/27 19:15:30.000  -12.843697240  131.132745194   125.3647   5  10   1.7987   2.1957   7.6160  -0.2437  -0.7745   1.9464   0.00    0.0
2014/12/27 19:16:00.000  -12.843697513  131.132745132   125.4303   5  10   1.8025   2.1991   7.5927  -0.2395  -0.7471   1.9595   0.00    0.0
2014/12/27 19:16:30.000  -12.843696440  131.132744841   125.7568   5  10   1.8064   2.2025   7.5688  -0.2350  -0.7187   1.9721   0.00    0.0
2014/12/27 19:17:00.000  -12.843695596  131.132744549   125.9519   5  10   1.8103   2.2059   7.5443  -0.2304  -0.6890   1.9844   0.00    0.0
2014/12/27 19:17:30.000  -12.843696132  131.132744552   125.5990   5  10   1.8143   2.2094   7.5192  -0.2256  -0.6579   1.9963   0.00    0.0
2014/12/27 19:18:00.000  -12.843696085  131.132743968   125.4175   5  10   1.8183   2.2129   7.4935  -0.2205  -0.6252   2.0078   0.00    0.0
2014/12/27 19:18:30.000  -12.843695510  131.132744823   125.6595   5  10   1.8223   2.2165   7.4672  -0.2153  -0.5908   2.0190   0.00    0.0
2014/12/27 19:19:00.000  -12.843696001  131.132745446   125.3560   5  10   1.8263   2.2201   7.4405  -0.2098  -0.5542   2.0297   0.00    0.0
2014/12/27 19:19:30.000  -12.843696592  131.132745367   125.2129   5  10   1.8304   2.2238   7.4134  -0.2041  -0.5150   2.0401   0.00    0.0
2014/12/27 19:20:00.000  -12.843696732  131.132745213   125.4070   5  10   1.8345   2.2275   7.3858  -0.1981  -0.4727   2.0501   0.00    0.0
2014/12/27 19:20:30.000  -12.843695662  131.132744862   125.5881   5  10   1.8386   2.2313   7.3579  -0.1919  -0.4264   2.0598   0.00    0.0
2014/12/27 19:21:00.000  -12.843695833  131.132744533   125.2365   5  10   1.8427   2.2351   7.3296  -0.1853  -0.3745   2.0692   0.00    0.0
2014/12/27 19:21:30.000  -12.843696138  131.132744106   124.9699   5  10   1.8469   2.2390   7.3010  -0.1785  -0.3143   2.0782   0.00    0.0
2014/12/27 19:22:00.000  -12.843695973  131.132743555   125.0904   5  10   1.8510   2.2430   7.2721  -0.1713  -0.2398   2.0868   0.00    0.0
2014/12/27 19:22:30.000  -12.843696529  131.132743492   124.9394   5  10   1.8552   2.2469   7.2430  -0.1638  -0.1281   2.0952   0.00    0.0
2014/12/27 19:23:00.000  -12.843696695  131.132744032   124.9217   5  10   1.8595   2.2510   7.2136  -0.1558   0.1566   2.1032   0.00    0.0
2014/12/27 19:23:30.000  -12.843695332  131.132744708   125.2019   5  10   1.8637   2.2551   7.1841  -0.1474   0.2555   2.1109   0.00    0.0
2014/12/27 19:24:00.000  -12.843694770  131.132745418   125.3749   5  10   1.8679   2.2592   7.1544  -0.1384   0.3253   2.1184   0.00    0.0
2014/12/27 19:24:30.000  -12.843695434  131.132745708   125.6261   5  11   1.8688   2.1483   6.2038   0.2518  -1.5330   2.2161   0.00    0.0
2014/12/27 19:25:00.000  -12.843695777  131.132745306   125.5288   5  11   1.8730   2.1496   6.1992   0.2607  -1.5184   2.2223   0.00    0.0
2014/12/27 19:25:30.000  -12.843696093  131.132744951   125.5227   5  11   1.8772   2.1509   6.1940   0.2694  -1.5034   2.2283   0.00    0.0
2014/12/27 19:26:00.000  -12.843697055  131.132744465   125.4030   5  11   1.8814   2.1522   6.1883   0.2781  -1.4881   2.2341   0.00    0.0
2014/12/27 19:26:30.000  -12.843697124  131.132744558   125.1955   5  11   1.8856   2.1536   6.1820   0.2867  -1.4724   2.2397   0.00    0.0
2014/12/27 19:27:00.000  -12.843696123  131.132745525   125.1316   5  11   1.8898   2.1550   6.1753   0.2951  -1.4564   2.2451   0.00    0.0
2014/12/27 19:27:30.000  -12.843696720  131.132744799   124.9358   5  11   1.8940   2.1564   6.1680   0.3035  -1.4401   2.2503   0.00    0.0
2014/12/27 19:28:00.000  -12.843697071  131.132744485   124.7308   5  11   1.8982   2.1578   6.1602   0.3117  -1.4234   2.2553   0.00    0.0
2014/12/27 19:28:30.000  -12.843696972  131.132745838   125.0120   5  11   1.9025   2.1593   6.1520   0.3199  -1.4064   2.2601   0.00    0.0
2014/12/27 19:29:00.000  -12.843696878  131.132746561   125.0230   5  11   1.9067   2.1608   6.1433   0.3280  -1.3890   2.2647   0.00    0.0
2014/12/27 19:29:30.000  -12.843696071  131.132746065   124.8622   5  11   1.9109   2.1624   6.1342   0.3360  -1.3714   2.2692   0.00    0.0
2014/12/27 19:30:00.000  -12.843695636  131.132746210   124.6864   5  11   1.9151   2.1639   6.1247   0.3439  -1.3533   2.2734   0.00    0.0
2014/12/27 19:30:30.000  -12.843695509  131.132746050   124.5247   5  11   1.9193   2.1656   6.1147   0.3517  -1.3350   2.2775   0.00    0.0
2014/12/27 19:31:00.000  -12.843695185  131.132745615   124.3599   5  11   1.9234   2.1672   6.1044   0.3594  -1.3163   2.2813   0.00    0.0
2014/12/27 19:31:30.000  -12.843695029  131.132744665   124.5445   5  11   1.9276   2.1689   6.0938   0.3671  -1.2973   2.2851   0.00    0.0
2014/12/27 19:32:00.000  -12.843694696  131.132744886   124.7383   5  11   1.9318   2.1706   6.0827   0.3746  -1.2779   2.2886   0.00    0.0
2014/12/27 19:32:30.000  -12.843694664  131.132745651   124.7762   5  11   1.9360   2.1724   6.0714   0.3821  -1.2582   2.2919   0.00    0.0
2014/12/27 19:33:00.000  -12.843694389  131.132744880   124.7222   5  11   1.9401   2.1742   6.0597   0.3894  -1.2381   2.2951   0.00    0.0
2014/12/27 19:33:30.000  -12.843693977  131.132744431   124.5069   5  11   1.9443   2.1761   6.0477   0.3967  -1.2177   2.2981   0.00    0.0
2014/12/27 19:34:00.000  -12.843694520  131.132744916   124.2403   5  11   1.9484   2.1780   6.0355   0.4039  -1.1969   2.3010   0.00    0.0
2014/12/27 19:34:30.000  -12.843695018  131.132745326   124.2826   5  11   1.9526   2.1799   6.0230   0.4110  -1.1758   2.3037   0.00    0.0
2014/12/27 19:35:00.000  -12.843695433  131.132745643   124.2818   5  11   1.9567   2.1819   6.0102   0.4180  -1.1542   2.3062   0.00    0.0
2014/12/27 19:35:30.000  -12.843695934  131.132746083   124.3586   5  11   1.9608   2.1839   5.9972   0.4249  -1.1323   2.3086   0.00    0.0
2014/12/27 19:36:00.000  -12.843695341  131.132746761   124.4736   5  11   1.9649   2.1860   5.9840   0.4317  -1.1100   2.3108   0.00    0.0
2014/12/27 19:36:30.000  -12.843695445  131.132747327   124.4744   5  11   1.9690   2.1881   5.9706   0.4384  -1.0872   2.3129   0.00    0.0
2014/12/27 19:37:00.000  -12.843695632  131.132745896   124.4230   5  11   1.9731   2.1902   5.9570   0.4450  -1.0640   2.3148   0.00    0.0
2014/12/27 19:37:30.000  -12.843695545  131.132745881   124.4508   5  11   1.9771   2.1924   5.9432   0.4515  -1.0404   2.3166   0.00    0.0
2014/12/27 19:38:00.000  -12.843695956  131.132745115   124.5193   5  11   1.9812   2.1947   5.9292   0.4579  -1.0163   2.3183   0.00    0.0
2014/12/27 19:38:30.000  -12.843696449  131.132744770   124.5579   5  11   1.9852   2.1969   5.9151   0.4642  -0.9917   2.3198   0.00    0.0
2014/12/27 19:39:00.000  -12.843696856  131.132745506   124.2200   5  11   1.9892   2.1993   5.9009   0.4704  -0.9665   2.3212   0.00    0.0
2014/12/27 19:39:30.000  -12.843696514  131.132746366   123.9908   5  11   1.9933   2.2016   5.8865   0.4765  -0.9408   2.3224   0.00    0.0
2014/12/27 19:40:00.000  -12.843696475  131.132745877   123.5905   5  11   1.9973   2.2040   5.8721   0.4825  -0.9145   2.3235   0.00    0.0
2014/12/27 19:40:30.000  -12.843695609  131.132744984   123.6836   5  11   2.0012   2.2065   5.8575   0.4885  -0.8875   2.3245   0.00    0.0
2014/12/27 19:41:00.000  -12.843694096  131.132745081   123.8223   5  11   2.0052   2.2090   5.8428   0.4943  -0.8598   2.3254   0.00    0.0
2014/12/27 19:41:30.000  -12.843695137  131.132745427   123.6834   5  11   2.0092   2.2115   5.8281   0.5000  -0.8313   2.3261   0.00    0.0
2014/12/27 19:42:00.000  -12.843696242  131.132745423   123.6103   5  11   2.0131   2.2141   5.8133   0.5056  -0.8020   2.3268   0.00    0.0
2014/12/27 19:42:30.000  -12.843696246  131.132746282   123.5327   5  11   2.0170   2.2168   5.7984   0.5111  -0.7718   2.3273   0.00    0.0
2014/12/27 19:43:00.000  -12.843695375  131.132746198   123.7246   5  11   2.0209   2.2194   5.7836   0.5164  -0.7405   2.3277   0.00    0.0
2014/12/27 19:43:30.000  -12.843694809  131.132745661   123.8745   5  11   2.0248   2.2222   5.7686   0.5217  -0.7081   2.3280   0.00    0.0
2014/12/27 19:44:00.000  -12.843694989  131.132746492   124.0609   5  11   2.0287   2.2249   5.7537   0.5269  -0.6743   2.3282   0.00    0.0
2014/12/27 19:44:30.000  -12.843695109  131.132746829   124.1539   5  11   2.0325   2.2277   5.7387   0.5320  -0.6389   2.3282   0.00    0.0
2014/12/27 19:45:00.000  -12.843694698  131.132747226   123.8960   5  11   2.0364   2.2306   5.7237   0.5369  -0.6018   2.3282   0.00    0.0
2014/12/27 19:45:30.000  -12.843694420  131.132747437   123.7133   5  11   2.0402   2.2335   5.7087   0.5418  -0.5625   2.3281   0.00    0.0
2014/12/27 19:46:00.000  -12.843693939  131.132746422   123.6581   5  11   2.0440   2.2364   5.6938   0.5465  -0.5205   2.3278   0.00    0.0
2014/12/27 19:46:30.000  -12.843693579  131.132746891   123.6355   5  11   2.0478   2.2394   5.6788   0.5511  -0.4752   2.3275   0.00    0.0
2014/12/27 19:47:00.000  -12.843694093  131.132746453   123.4959   5  11   2.0515   2.2424   5.6639   0.5557  -0.4255   2.3271   0.00    0.0
2014/12/27 19:47:30.000  -12.843694935  131.132746409   123.4340   5  11   2.0553   2.2455   5.6490   0.5601  -0.3696   2.3266   0.00    0.0
2014/12/27 19:48:00.000  -12.843695134  131.132746461   123.5402   5  11   2.0590   2.2486   5.6342   0.5644  -0.3042   2.3260   0.00    0.0
2014/12/27 19:48:30.000  -12.843694999  131.132746383   123.5456   5  11   2.0627   2.2517   5.6194   0.5685  -0.2209   2.3253   0.00    0.0
2014/12/27 19:49:00.000  -12.843694482  131.132745055   123.3272   5  11   2.0664   2.2549   5.6047   0.5726  -0.0735   2.3245   0.00    0.0
2014/12/27 19:49:30.000  -12.843694311  131.132744815   123.4001   5  11   2.0701   2.2581   5.5900   0.5765   0.1940   2.3237   0.00    0.0
2014/12/27 19:50:00.000  -12.843693614  131.132746116   123.4100   5  11   2.0737   2.2614   5.5754   0.5804   0.2835   2.3227   0.00    0.0
2014/12/27 19:50:30.000  -12.843693073  131.132746142   123.4585   5  11   2.0773   2.2647   5.5608   0.5841   0.3503   2.3217   0.00    0.0
2014/12/27 19:51:00.000  -12.843693558  131.132746000   123.5471   5  11   2.0809   2.2681   5.5464   0.5877   0.4058   2.3206   0.00    0.0
2014/12/27 19:51:30.000  -12.843695939  131.132746056   122.9250   5  12   1.8779   2.1433   4.8626  -0.5755  -1.3334   1.7300   0.00    0.0
2014/12/27 19:52:00.000  -12.843696000  131.132745752   122.7423   5  12   1.8822   2.1442   4.8542  -0.5776  -1.3214   1.7327   0.00    0.0
2014/12/27 19:52:30.000  -12.843698268  131.132743501   123.4902   5  11   1.9612   2.1884   5.1443  -0.3225  -1.5691   1.4445   0.00    0.0
2014/12/27 19:53:00.000  -12.843697978  131.132744369   123.5897   5  11   1.9651   2.1888   5.1367  -0.3292  -1.5577   1.4484   0.00    0.0
2014/12/27 19:53:30.000  -12.843697311  131.132744224   123.5811   5  11   1.9689   2.1893   5.1291  -0.3358  -1.5463   1.4522   0.00    0.0
2014/12/27 19:54:00.000  -12.843696246  131.132744507   123.5965   5  11   1.9728   2.1898   5.1216  -0.3422  -1.5349   1.4558   0.00    0.0
2014/12/27 19:54:30.000  -12.843695853  131.132745062   123.6628   5  11   1.9767   2.1904   5.1140  -0.3486  -1.5233   1.4595   0.00    0.0
2014/12/27 19:55:00.000  -12.843696159  131.132744689   123.5249   5  11   1.9806   2.1910   5.1064  -0.3550  -1.5117   1.4630   0.00    0.0
2014/12/27 19:55:30.000  -12.843696163  131.132744147   123.6145   5  11   1.9845   2.1916   5.0989  -0.3612  -1.5001   1.4664   0.00    0.0
2014/12/27 19:56:00.000  -12.843696633  131.132744248   123.6323   5  11   1.9884   2.1922   5.0914  -0.3674  -1.4883   1.4698   0.00    0.0
2014/12/27 19:56:30.000  -12.843696534  131.132743947   123.6540   5  11   1.9923   2.1929   5.0839  -0.3735  -1.4765   1.4731   0.00    0.0
2014/12/27 19:57:00.000  -12.843695635  131.132744221   123.3441   5  11   1.9963   2.1936   5.0764  -0.3795  -1.4647   1.4763   0.00    0.0
2014/12/27 19:57:30.000  -12.843694817  131.132745544   123.2912   5  11   2.0002   2.1943   5.0690  -0.3855  -1.4527   1.4794   0.00    0.0
2014/12/27 19:58:00.000  -12.843695816  131.132745428   123.2188   5  11   2.0042   2.1951   5.0616  -0.3914  -1.4408   1.4825   0.00    0.0
2014/12/27 19:58:30.000  -12.843696745  131.132744806   123.1198   5  11   2.0082   2.1959   5.0543  -0.3973  -1.4287   1.4854   0.00    0.0
2014/12/27 19:59:00.000  -12.843697682  131.132744871   123.0291   5  11   2.0122   2.1967   5.0470  -0.4032  -1.4166   1.4883   0.00    0.0
2014/12/27 19:59:30.000  -12.843697488  131.132746093   122.8713   5  11   2.0162   2.1976   5.0397  -0.4090  -1.4044   1.4911   0.00    0.0
2014/12/27 20:00:00.000  -12.843697077  131.132745029   123.1095   5  11   2.0202   2.1985   5.0325  -0.4147  -1.3922   1.4938   0.00    0.0
2014/12/27 20:00:30.000  -12.843697032  131.132744575   122.9406   5  11   2.0242   2.1994   5.0254  -0.4205  -1.3799   1.4965   0.00    0.0
2014/12/27 20:01:00.000  -12.843697334  131.132744104   122.8927   5  11   2.0282   2.2004   5.0183  -0.4261  -1.3676   1.4990   0.00    0.0
2014/12/27 20:01:30.000  -12.843697013  131.132745514   123.0885   5  11   2.0323   2.2014   5.0113  -0.4318  -1.3551   1.5015   0.00    0.0
2014/12/27 20:02:00.000  -12.843696130  131.132746315   123.3785   5  11   2.0363   2.2024   5.0043  -0.4374  -1.3427   1.5039   0.00    0.0
2014/12/27 20:02:30.000  -12.843696493  131.132746227   123.2261   5  11   2.0403   2.2035   4.9975  -0.4430  -1.3301   1.5063   0.00    0.0
2014/12/27 20:03:00.000  -12.843696960  131.132745045   123.3858   5  11   2.0444   2.2046   4.9907  -0.4486  -1.3175   1.5085   0.00    0.0
2014/12/27 20:03:30.000  -12.843695628  131.132743931   123.4835   5  11   2.0484   2.2057   4.9839  -0.4541  -1.3048   1.5107   0.00    0.0
2014/12/27 20:04:00.000  -12.843694822  131.132744646   123.4966   5  11   2.0525   2.2069   4.9773  -0.4597  -1.2921   1.5128   0.00    0.0
2014/12/27 20:04:30.000  -12.843694433  131.132745070   123.3757   5  11   2.0566   2.2081   4.9707  -0.4652  -1.2793   1.5148   0.00    0.0
2014/12/27 20:05:00.000  -12.843695552  131.132745317   123.2458   5  11   2.0606   2.2093   4.9643  -0.4706  -1.2664   1.5168   0.00    0.0
2014/12/27 20:05:30.000  -12.843697164  131.132745703   122.9454   5  11   2.0647   2.2106   4.9579  -0.4761  -1.2535   1.5186   0.00    0.0
2014/12/27 20:06:00.000  -12.843697084  131.132745620   122.7306   5  11   2.0688   2.2119   4.9516  -0.4816  -1.2405   1.5204   0.00    0.0
2014/12/27 20:06:30.000  -12.843695567  131.132747129   122.7748   5  11   2.0729   2.2133   4.9454  -0.4870  -1.2274   1.5222   0.00    0.0
2014/12/27 20:07:00.000  -12.843694869  131.132747060   122.8418   5  11   2.0769   2.2147   4.9393  -0.4924  -1.2143   1.5238   0.00    0.0
2014/12/27 20:07:30.000  -12.843695428  131.132746612   122.9856   5  11   2.0810   2.2161   4.9333  -0.4978  -1.2010   1.5254   0.00    0.0
2014/12/27 20:08:00.000  -12.843696709  131.132744994   122.8565   5  11   2.0851   2.2175   4.9273  -0.5032  -1.1877   1.5269   0.00    0.0
2014/12/27 20:08:30.000  -12.843696772  131.132744780   122.9778   5  11   2.0892   2.2190   4.9215  -0.5086  -1.1743   1.5284   0.00    0.0
2014/12/27 20:09:00.000  -12.843695684  131.132744673   122.9432   5  11   2.0933   2.2205   4.9158  -0.5140  -1.1608   1.5297   0.00    0.0
2014/12/27 20:09:30.000  -12.843696470  131.132745647   123.2411   5  10   2.2887   2.2399   5.3104  -0.1073  -1.3734   0.7011   0.00    0.0
2014/12/27 20:10:00.000  -12.843696331  131.132745829   123.1319   5  10   2.2921   2.2413   5.3054  -0.1369  -1.3610   0.7049   0.00    0.0
2014/12/27 20:10:30.000  -12.843697009  131.132744382   123.0017   5  10   2.2955   2.2427   5.3005  -0.1613  -1.3484   0.7085   0.00    0.0
2014/12/27 20:11:00.000  -12.843697277  131.132743380   122.8987   5  10   2.2989   2.2442   5.2957  -0.1826  -1.3358   0.7120   0.00    0.0
2014/12/27 20:11:30.000  -12.843696724  131.132743615   122.9265   5  10   2.3023   2.2457   5.2909  -0.2018  -1.3231   0.7154   0.00    0.0
2014/12/27 20:12:00.000  -12.843695280  131.132743468   123.2129   5  10   2.3056   2.2472   5.2863  -0.2195  -1.3103   0.7187   0.00    0.0
2014/12/27 20:12:30.000  -12.843695061  131.132743721   123.3276   5  10   2.3090   2.2488   5.2818  -0.2360  -1.2975   0.7218   0.00    0.0
2014/12/27 20:13:00.000  -12.843696248  131.132744460   123.1755   5  10   2.3124   2.2504   5.2773  -0.2515  -1.2845   0.7249   0.00    0.0
2014/12/27 20:13:30.000  -12.843697106  131.132744801   123.2730   5  10   2.3158   2.2521   5.2730  -0.2663  -1.2715   0.7278   0.00    0.0
2014/12/27 20:14:00.000  -12.843697059  131.132745734   123.2047   5  10   2.3191   2.2537   5.2687  -0.2803  -1.2585   0.7306   0.00    0.0
2014/12/27 20:14:30.000  -12.843697455  131.132746002   123.0843   5  10   2.3225   2.2555   5.2646  -0.2938  -1.2453   0.7333   0.00    0.0
2014/12/27 20:15:00.000  -12.843697076  131.132746493   123.1423   5  10   2.3258   2.2572   5.2606  -0.3068  -1.2321   0.7359   0.00    0.0
2014/12/27 20:15:30.000  -12.843696521  131.132747227   122.9635   5  10   2.3291   2.2590   5.2567  -0.3193  -1.2188   0.7384   0.00    0.0
2014/12/27 20:16:00.000  -12.843696450  131.132746992   122.9066   5  10   2.3325   2.2608   5.2529  -0.3315  -1.2054   0.7408   0.00    0.0
2014/12/27 20:16:30.000  -12.843696405  131.132745906   122.9921   5  10   2.3358   2.2627   5.2493  -0.3433  -1.1919   0.7431   0.00    0.0
2014/12/27 20:17:00.000  -12.843696328  131.132745403   122.9981   5  10   2.3391   2.2646   5.2457  -0.3547  -1.1783   0.7453   0.00    0.0
2014/12/27 20:17:30.000  -12.843695443  131.132745087   122.9745   5  10   2.3423   2.2665   5.2423  -0.3659  -1.1646   0.7474   0.00    0.0
2014/12/27 20:18:00.000  -12.843694545  131.132745156   122.7653   5  10   2.3456   2.2685   5.2390  -0.3769  -1.1508   0.7494   0.00    0.0
2014/12/27 20:18:30.000  -12.843694519  131.132744870   122.6639   5  10   2.3489   2.2705   5.2358  -0.3875  -1.1369   0.7513   0.00    0.0
2014/12/27 20:19:00.000  -12.843694875  131.132744135   122.6520   5  10   2.3521   2.2725   5.2328  -0.3980  -1.1229   0.7530   0.00    0.0
2014/12/27 20:19:30.000  -12.843694650  131.132744114   122.5567   5  10   2.3554   2.2746   5.2299  -0.4083  -1.1088   0.7548   0.00    0.0
2014/12/27 20:20:00.000  -12.843694738  131.132745380   122.6955   5  10   2.3586   2.2767   5.2271  -0.4184  -1.0945   0.7564   0.00    0.0
2014/12/27 20:20:30.000  -12.843695090  131.132746028   122.5080   5  10   2.3618   2.2789   5.2244  -0.4282  -1.0802   0.7579   0.00    0.0
2014/12/27 20:21:00.000  -12.843694701  131.132746678   122.5144   5  10   2.3650   2.2810   5.2219  -0.4380  -1.0657   0.7593   0.00    0.0
2014/12/27 20:21:30.000  -12.843695228  131.132746561   122.6022   5  10   2.3681   2.2833   5.2195  -0.4475  -1.0510   0.7607   0.00    0.0
2014/12/27 20:22:00.000  -12.843695475  131.132747196   122.7564   5  10   2.3713   2.2855   5.2172  -0.4569  -1.0363   0.7620   0.00    0.0
2014/12/27 20:22:30.000  -12.843695106  131.132746413   122.7502   5  10   2.3744   2.2878   5.2151  -0.4662  -1.0213   0.7632   0.00    0.0
2014/12/27 20:23:00.000  -12.843695219  131.132745607   122.5294   5  10   2.3775   2.2901   5.2131  -0.4754  -1.0063   0.7643   0.00    0.0
2014/12/27 20:23:30.000  -12.843694701  131.132744731   122.3530   5  10   2.3806   2.2925   5.2113  -0.4844  -0.9910   0.7654   0.00    0.0
2014/12/27 20:24:00.000  -12.843694336  131.132744383   122.3176   5  10   2.3837   2.2949   5.2096  -0.4933  -0.9756   0.7664   0.00    0.0
2014/12/27 20:24:30.000  -12.843693510  131.132744333   122.3741   5  10   2.3868   2.2973   5.2081  -0.5020  -0.9600   0.7673   0.00    0.0
2014/12/27 20:25:00.000  -12.843693163  131.132744803   122.3754   5  10   2.3898   2.2998   5.2066  -0.5107  -0.9442   0.7681   0.00    0.0
2014/12/27 20:25:30.000  -12.843693477  131.132744809   122.3475   5  10   2.3928   2.3023   5.2054  -0.5193  -0.9282   0.7689   0.00    0.0
2014/12/27 20:26:00.000  -12.843693688  131.132744565   122.3851   5  10   2.3958   2.3048   5.2042  -0.5277  -0.9120   0.7697   0.00    0.0
2014/12/27 20:26:30.000  -12.843694568  131.132744293   122.5796   5  10   2.3988   2.3074   5.2033  -0.5361  -0.8956   0.7704   0.00    0.0
2014/12/27 20:27:00.000  -12.843695690  131.132743685   122.6162   5  10   2.4018   2.3100   5.2024  -0.5443  -0.8789   0.7710   0.00    0.0
2014/12/27 20:27:30.000  -12.843695351  131.132744464   122.4759   5  10   2.4047   2.3127   5.2018  -0.5525  -0.8620   0.7716   0.00    0.0
2014/12/27 20:28:00.000  -12.843694448  131.132745487   122.4645   5  10   2.4076   2.3153   5.2012  -0.5606  -0.8448   0.7722   0.00    0.0
2014/12/27 20:28:30.000  -12.843693621  131.132745703   122.2828   5  10   2.4105   2.3180   5.2008  -0.5686  -0.8273   0.7727   0.00    0.0
2014/12/27 20:29:00.000  -12.843692954  131.132745941   122.0385   5  10   2.4133   2.3208   5.2006  -0.5765  -0.8095   0.7732   0.00    0.0
2014/12/27 20:29:30.000  -12.843692397  131.132746067   122.2234   5  10   2.4162   2.3236   5.2005  -0.5843  -0.7913   0.7737   0.00    0.0
2014/12/27 20:30:00.000  -12.843692452  131.132746220   122.2980   5  10   2.4190   2.3264   5.2006  -0.5920  -0.7728   0.7741   0.00    0.0
2014/12/27 20:30:30.000  -12.843692616  131.132745808   122.3157   5  10   2.4218   2.3292   5.2008  -0.5997  -0.7540   0.7745   0.00    0.0
2014/12/27 20:31:00.000  -12.843692910  131.132745652   122.4227   5  10   2.4245   2.3321   5.2012  -0.6073  -0.7347   0.7749   0.00    0.0
2014/12/27 20:31:30.000  -12.843693095  131.132745920   122.5916   5  10   2.4273   2.3350   5.2017  -0.6148  -0.7149   0.7752   0.00    0.0
2014/12/27 20:32:00.000  -12.843693449  131.132746009   122.6604   5  10   2.4300   2.3379   5.2024  -0.6222  -0.6947   0.7756   0.00    0.0
2014/12/27 20:32:30.000  -12.843693171  131.132745108   122.4874   5  10   2.4326   2.3409   5.2033  -0.6295  -0.6739   0.7760   0.00    0.0
2014/12/27 20:33:00.000  -12.843693879  131.132744001   122.2857   5  10   2.4353   2.3439   5.2043  -0.6368  -0.6526   0.7763   0.00    0.0
2014/12/27 20:33:30.000  -12.843693608  131.132743924   122.1175   5  10   2.4379   2.3470   5.2054  -0.6440  -0.6306   0.7767   0.00    0.0
2014/12/27 20:34:00.000  -12.843693192  131.132745034   122.1591   5  10   2.4405   2.3500   5.2067  -0.6511  -0.6078   0.7770   0.00    0.0
2014/12/27 20:34:30.000  -12.843692679  131.132744278   122.2817   5  10   2.4431   2.3531   5.2082  -0.6582  -0.5843   0.7774   0.00    0.0
2014/12/27 20:35:00.000  -12.843691866  131.132744068   122.5410   5  10   2.4456   2.3563   5.2098  -0.6652  -0.5599   0.7778   0.00    0.0
2014/12/27 20:35:30.000  -12.843692326  131.132743627   122.6456   5  10   2.4481   2.3594   5.2116  -0.6721  -0.5344   0.7782   0.00    0.0
2014/12/27 20:36:00.000  -12.843692340  131.132743550   122.5614   5  10   2.4506   2.3626   5.2135  -0.6790  -0.5077   0.7786   0.00    0.0
2014/12/27 20:36:30.000  -12.843691401  131.132743762   122.3384   5  10   2.4530   2.3659   5.2156  -0.6857  -0.4796   0.7791   0.00    0.0
2014/12/27 20:37:00.000  -12.843691252  131.132744268   122.0032   5  10   2.4554   2.3691   5.2179  -0.6924  -0.4499   0.7796   0.00    0.0
2014/12/27 20:37:30.000  -12.843691194  131.132744514   121.9174   5  10   2.4578   2.3724   5.2203  -0.6991  -0.4181   0.7802   0.00    0.0
2014/12/27 20:38:00.000  -12.843692063  131.132743465   121.9434   5  10   2.4602   2.3758   5.2229  -0.7057  -0.3839   0.7808   0.00    0.0
2014/12/27 20:38:30.000  -12.843692424  131.132743068   122.0436   5  10   2.4625   2.3791   5.2256  -0.7122  -0.3464   0.7814   0.00    0.0
2014/12/27 20:39:00.000  -12.843692219  131.132743988   121.9171   5  10   2.4648   2.3825   5.2285  -0.7186  -0.3044   0.7821   0.00    0.0
2014/12/27 20:39:30.000  -12.843692691  131.132744448   121.7754   5  10   2.4670   2.3859   5.2316  -0.7250  -0.2557   0.7829   0.00    0.0
2014/12/27 20:40:00.000  -12.843692465  131.132744459   121.8607   5  10   2.4693   2.3893   5.2348  -0.7313  -0.1955   0.7837   0.00    0.0
2014/12/27 20:40:30.000  -12.843690738  131.132745604   122.6691   5  11   2.3628   2.3515   4.8886  -0.9299  -0.9187  -0.8647   0.00    0.0
2014/12/27 20:41:00.000  -12.843690948  131.132745035   122.7570   5  11   2.3646   2.3546   4.8946  -0.9362  -0.9053  -0.8631   0.00    0.0
2014/12/27 20:41:30.000  -12.843691277  131.132744879   122.7266   5  11   2.3664   2.3576   4.9007  -0.9424  -0.8916  -0.8613   0.00    0.0
2014/12/27 20:42:00.000  -12.843689692  131.132744824   122.4230   5  11   2.3681   2.3608   4.9070  -0.9486  -0.8778  -0.8595   0.00    0.0
2014/12/27 20:42:30.000  -12.843688362  131.132744477   122.2052   5  11   2.3699   2.3639   4.9135  -0.9547  -0.8638  -0.8575   0.00    0.0
2014/12/27 20:43:00.000  -12.843688101  131.132745539   122.2365   5  11   2.3715   2.3671   4.9201  -0.9608  -0.8496  -0.8554   0.00    0.0
2014/12/27 20:43:30.000  -12.843687839  131.132746057   122.5406   5  11   2.3732   2.3703   4.9269  -0.9668  -0.8351  -0.8531   0.00    0.0
2014/12/27 20:44:00.000  -12.843688517  131.132745419   122.6378   5  11   2.3748   2.3735   4.9338  -0.9727  -0.8204  -0.8507   0.00    0.0
2014/12/27 20:44:30.000  -12.843688548  131.132745452   122.7624   5  11   2.3764   2.3767   4.9409  -0.9786  -0.8055  -0.8481   0.00    0.0
2014/12/27 20:45:00.000  -12.843688040  131.132746328   122.9176   5  11   2.3780   2.3800   4.9482  -0.9844  -0.7904  -0.8454   0.00    0.0
2014/12/27 20:45:30.000  -12.843688103  131.132745758   123.0071   5  11   2.3795   2.3833   4.9556  -0.9902  -0.7749  -0.8425   0.00    0.0
2014/12/27 20:46:00.000  -12.843689337  131.132746159   123.2215   5  11   2.3811   2.3866   4.9632  -0.9959  -0.7592  -0.8395   0.00    0.0
2014/12/27 20:46:30.000  -12.843689145  131.132745473   123.3886   5  11   2.3825   2.3899   4.9709  -1.0015  -0.7432  -0.8363   0.00    0.0
2014/12/27 20:47:00.000  -12.843688829  131.132745730   123.3836   5  11   2.3840   2.3933   4.9788  -1.0071  -0.7269  -0.8328   0.00    0.0
2014/12/27 20:47:30.000  -12.843687768  131.132745548   123.0573   5  11   2.3854   2.3967   4.9869  -1.0126  -0.7102  -0.8292   0.00    0.0
2014/12/27 20:48:00.000  -12.843686392  131.132745896   122.8955   5  11   2.3868   2.4001   4.9951  -1.0181  -0.6931  -0.8254   0.00    0.0
2014/12/27 20:48:30.000  -12.843685663  131.132745725   122.7033   5  11   2.3882   2.4035   5.0035  -1.0235  -0.6757  -0.8213   0.00    0.0
2014/12/27 20:49:00.000  -12.843685138  131.132744603   122.6457   5  11   2.3896   2.4069   5.0120  -1.0288  -0.6578  -0.8170   0.00    0.0
2014/12/27 20:49:30.000  -12.843686505  131.132744841   122.7259   5  11   2.3909   2.4104   5.0207  -1.0341  -0.6394  -0.8125   0.00    0.0
2014/12/27 20:50:00.000  -12.843687460  131.132744393   122.8570   5  11   2.3922   2.4139   5.0296  -1.0393  -0.6206  -0.8078   0.00    0.0
2014/12/27 20:50:30.000  -12.843688134  131.132743711   122.8978   5  11   2.3935   2.4174   5.0387  -1.0444  -0.6012  -0.8027   0.00    0.0
2014/12/27 20:51:00.000  -12.843692281  131.132743525   123.6683   5  10   2.9178   2.4212   5.8005  -1.0774  -0.4859  -2.3236   0.00    0.0
2014/12/27 20:51:30.000  -12.843691751  131.132743279   123.4872   5  10   2.9147   2.4248   5.8134  -1.0831  -0.4570  -2.3207   0.00    0.0
2014/12/27 20:52:00.000  -12.843690486  131.132743475   123.3942   5  10   2.9115   2.4284   5.8263  -1.0886  -0.4263  -2.3176   0.00    0.0
2014/12/27 20:52:30.000  -12.843690156  131.132743404   123.4694   5  10   2.9083   2.4320   5.8394  -1.0941  -0.3934  -2.3142   0.00    0.0
2014/12/27 20:53:00.000  -12.843690387  131.132743937   123.4282   5  10   2.9050   2.4356   5.8525  -1.0994  -0.3578  -2.3106   0.00    0.0
2014/12/27 20:53:30.000  -12.843690520  131.132744075   123.5200   5  10   2.9016   2.4392   5.8658  -1.1046  -0.3184  -2.3067   0.00    0.0
2014/12/27 20:54:00.000  -12.843690388  131.132745389   123.6384   5   9   3.8291   2.6422   8.0778   1.1349  -2.3774  -4.3778   0.00    0.0
2014/12/27 20:54:30.000  -12.843690072  131.132745612   123.7499   5   9   3.8148   2.6413   8.0886   1.1095  -2.3590  -4.3646   0.00    0.0
2014/12/27 20:55:00.000  -12.843689917  131.132746069   123.6952   5   9   3.8003   2.6406   8.0992   1.0838  -2.3406  -4.3509   0.00    0.0
2014/12/27 20:55:30.000  -12.843689651  131.132746587   123.2646   5   9   3.7856   2.6400   8.1096   1.0577  -2.3221  -4.3369   0.00    0.0
2014/12/27 20:56:00.000  -12.843691001  131.132746631   123.6558   5   9   3.7707   2.6394   8.1199   1.0313  -2.3036  -4.3224   0.00    0.0
2014/12/27 20:56:30.000  -12.843691120  131.132746553   124.1143   5   9   3.7557   2.6390   8.1301   1.0045  -2.2849  -4.3074   0.00    0.0
2014/12/27 20:57:00.000  -12.843690263  131.132746391   123.9734   5   9   3.7406   2.6386   8.1401   0.9773  -2.2662  -4.2921   0.00    0.0
2014/12/27 20:57:30.000  -12.843689308  131.132745782   123.5381   5   9   3.7254   2.6384   8.1500   0.9496  -2.2475  -4.2764   0.00    0.0
2014/12/27 20:58:00.000  -12.843688773  131.132744316   123.0955   5   9   3.7100   2.6382   8.1598   0.9216  -2.2287  -4.2603   0.00    0.0
2014/12/27 20:58:30.000  -12.843689501  131.132744826   123.2567   5   9   3.6946   2.6381   8.1695   0.8930  -2.2099  -4.2438   0.00    0.0
2014/12/27 20:59:00.000  -12.843690381  131.132743874   123.3132   5   9   3.6790   2.6382   8.1790   0.8639  -2.1911  -4.2270   0.00    0.0
2014/12/27 20:59:30.000  -12.843691516  131.132742946   123.4868   5   9   3.6634   2.6383   8.1885   0.8342  -2.1722  -4.2098   0.00    0.0
2014/12/27 21:00:00.000  -12.843689699  131.132741170   122.5664   5   9   3.6477   2.6385   8.1979   0.8039  -2.1533  -4.1922   0.00    0.0
2014/12/27 21:00:30.000  -12.843688953  131.132741293   122.4204   5   9   3.6319   2.6388   8.2073   0.7729  -2.1345  -4.1743   0.00    0.0
2014/12/27 21:01:00.000  -12.843688311  131.132741216   122.6613   5   9   3.6161   2.6392   8.2166   0.7411  -2.1156  -4.1560   0.00    0.0
2014/12/27 21:01:30.000  -12.843687969  131.132741101   122.8094   5   9   3.6002   2.6397   8.2258   0.7085  -2.0967  -4.1374   0.00    0.0
2014/12/27 21:02:00.000  -12.843688574  131.132741791   122.8957   5   9   3.5843   2.6403   8.2350   0.6748  -2.0778  -4.1184   0.00    0.0
2014/12/27 21:02:30.000  -12.843689792  131.132743306   123.2935   5  10   2.5155   2.6397   6.1060   0.4547  -1.9481  -1.6682   0.00    0.0
2014/12/27 21:03:00.000  -12.843689468  131.132744093   123.2932   5  10   2.5120   2.6408   6.1340   0.4379  -1.9447  -1.6647   0.00    0.0
2014/12/27 21:03:30.000  -12.843689518  131.132743740   123.2320   5   9   2.5662   3.0208   7.1090  -0.7848  -2.9933  -0.9169   0.00    0.0
2014/12/27 21:04:00.000  -12.843689336  131.132744139   123.1259   5   9   2.5631   3.0195   7.1500  -0.7940  -2.9962  -0.8967   0.00    0.0
2014/12/27 21:04:30.000  -12.843689381  131.132745610   122.7729   5   9   2.5599   3.0183   7.1917  -0.8031  -2.9993  -0.8753   0.00    0.0
2014/12/27 21:05:00.000  -12.843689525  131.132745182   122.6543   5   9   2.5568   3.0172   7.2341  -0.8119  -3.0025  -0.8526   0.00    0.0
2014/12/27 21:05:30.000  -12.843689079  131.132743521   122.4780   5   9   2.5537   3.0161   7.2772  -0.8207  -3.0059  -0.8283   0.00    0.0
2014/12/27 21:06:00.000  -12.843688916  131.132743189   122.2741   5   9   2.5506   3.0151   7.3210  -0.8292  -3.0094  -0.8024   0.00    0.0
2014/12/27 21:06:30.000  -12.843688921  131.132743619   122.2814   5   9   2.5475   3.0141   7.3655  -0.8376  -3.0131  -0.7746   0.00    0.0
2014/12/27 21:07:00.000  -12.843688350  131.132743458   122.1997   5   9   2.5445   3.0132   7.4107  -0.8459  -3.0169  -0.7448   0.00    0.0
2014/12/27 21:07:30.000  -12.843688492  131.132743619   122.0403   5   9   2.5414   3.0123   7.4567  -0.8540  -3.0208  -0.7125   0.00    0.0
2014/12/27 21:08:00.000  -12.843687718  131.132744168   121.9125   5   9   2.5384   3.0115   7.5034  -0.8620  -3.0249  -0.6775   0.00    0.0
2014/12/27 21:08:30.000  -12.843687447  131.132744668   121.8681   5   9   2.5353   3.0107   7.5509  -0.8698  -3.0291  -0.6392   0.00    0.0
2014/12/27 21:09:00.000  -12.843687316  131.132746010   121.7339   5   9   2.5323   3.0100   7.5992  -0.8775  -3.0335  -0.5971   0.00    0.0
2014/12/27 21:09:30.000  -12.843687622  131.132744788   121.8588   5   9   2.5294   3.0093   7.6482  -0.8851  -3.0380  -0.5500   0.00    0.0
2014/12/27 21:10:00.000  -12.843688502  131.132744994   121.6728   5   9   2.5264   3.0087   7.6981  -0.8926  -3.0427  -0.4967   0.00    0.0
2014/12/27 21:10:30.000  -12.843688692  131.132744916   121.4473   5   9   2.5235   3.0081   7.7487  -0.9000  -3.0475  -0.4348   0.00    0.0
2014/12/27 21:11:00.000  -12.843689233  131.132744104   121.7985   5   9   2.5206   3.0076   7.8002  -0.9073  -3.0524  -0.3598   0.00    0.0
2014/12/27 21:11:30.000  -12.843689457  131.132743307   122.2120   5   9   2.5178   3.0070   7.8526  -0.9145  -3.0575  -0.2603   0.00    0.0
2014/12/27 21:12:00.000  -12.843689668  131.132742651   122.2851   5   9   2.5150   3.0066   7.9058  -0.9215  -3.0627  -0.0635   0.00    0.0
2014/12/27 21:12:30.000  -12.843690009  131.132743119   122.4741   5   9   2.5122   3.0062   7.9599  -0.9285  -3.0681   0.2486   0.00    0.0
2014/12/27 21:13:00.000  -12.843689992  131.132743712   122.2010   5   9   2.5095   3.0058   8.0148  -0.9354  -3.0736   0.3604   0.00    0.0
2014/12/27 21:13:30.000  -12.843690023  131.132744577   122.0400   5   9   2.5068   3.0054   8.0707  -0.9422  -3.0792   0.4474   0.00    0.0
2014/12/27 21:14:00.000  -12.843690377  131.132744651   122.0280   5   9   2.5042   3.0051   8.1274  -0.9490  -3.0850   0.5223   0.00    0.0
2014/12/27 21:14:30.000  -12.843691086  131.132744571   122.3666   5   9   2.5016   3.0048   8.1851  -0.9556  -3.0909   0.5898   0.00    0.0
2014/12/27 21:15:00.000  -12.843690930  131.132745522   122.3741   5   9   2.4991   3.0046   8.2437  -0.9622  -3.0970   0.6521   0.00    0.0
2014/12/27 21:15:30.000  -12.843690246  131.132745581   122.1650   5   9   2.4967   3.0044   8.3033  -0.9688  -3.1032   0.7108   0.00    0.0
2014/12/27 21:16:00.000  -12.843690710  131.132744998   122.3650   5   9   2.4943   3.0042   8.3639  -0.9752  -3.1095   0.7667   0.00    0.0
2014/12/27 21:16:30.000  -12.843690996  131.132744909   122.2723   5   9   2.4920   3.0041   8.4254  -0.9816  -3.1159   0.8205   0.00    0.0
2014/12/27 21:17:00.000  -12.843690779  131.132743943   121.8786   5   9   2.4897   3.0039   8.4879  -0.9879  -3.1224   0.8725   0.00    0.0
2014/12/27 21:17:30.000  -12.843691139  131.132743715   121.7398   5   9   2.4875   3.0039   8.5514  -0.9942  -3.1291   0.9231   0.00    0.0
2014/12/27 21:18:00.000  -12.843691569  131.132742975   121.7825   5   9   2.4854   3.0038   8.6159  -1.0004  -3.1359   0.9726   0.00    0.0
2014/12/27 21:18:30.000  -12.843691559  131.132742650   121.8578   5   9   2.4834   3.0038   8.6814  -1.0066  -3.1428   1.0211   0.00    0.0
2014/12/27 21:19:00.000  -12.843691500  131.132742997   122.0708   5   9   2.4815   3.0038   8.7480  -1.0127  -3.1498   1.0689   0.00    0.0
2014/12/27 21:19:30.000  -12.843691502  131.132744161   122.1558   5   9   2.4797   3.0038   8.8156  -1.0188  -3.1569   1.1161   0.00    0.0
2014/12/27 21:20:00.000  -12.843691458  131.132744627   122.1547   5   9   2.4779   3.0038   8.8843  -1.0248  -3.1641   1.1628   0.00    0.0
2014/12/27 21:20:30.000  -12.843691865  131.132744902   122.2129   5   9   2.4762   3.0039   8.9541  -1.0308  -3.1714   1.2091   0.00    0.0
2014/12/27 21:21:00.000  -12.843691857  131.132744533   121.9447   5   9   2.4747   3.0039   9.0249  -1.0368  -3.1787   1.2550   0.00    0.0
2014/12/27 21:21:30.000  -12.843691359  131.132744256   122.0831   5   9   2.4732   3.0040   9.0968  -1.0427  -3.1862   1.3007   0.00    0.0
2014/12/27 21:22:00.000  -12.843691187  131.132743908   122.1137   5   9   2.4719   3.0041   9.1698  -1.0485  -3.1937   1.3463   0.00    0.0
2014/12/27 21:22:30.000  -12.843690750  131.132744376   122.3035   5   9   2.4706   3.0043   9.2439  -1.0544  -3.2013   1.3916   0.00    0.0
2014/12/27 21:23:00.000  -12.843690647  131.132743642   122.3834   5   9   2.4695   3.0044   9.3191  -1.0602  -3.2089   1.4369   0.00    0.0
2014/12/27 21:23:30.000  -12.843691305  131.132744110   122.1151   5   9   2.4685   3.0045   9.3954  -1.0659  -3.2166   1.4822   0.00    0.0
2014/12/27 21:24:00.000  -12.843691832  131.132743766   122.0333   5   9   2.4676   3.0047   9.4728  -1.0717  -3.2243   1.5275   0.00    0.0
2014/12/27 21:24:30.000  -12.843692165  131.132744504   121.6452   5   9   2.4669   3.0049   9.5513  -1.0774  -3.2320   1.5728   0.00    0.0
2014/12/27 21:25:00.000  -12.843692243  131.132745835   121.3141   5   9   2.4663   3.0050   9.6309  -1.0830  -3.2398   1.6181   0.00    0.0
2014/12/27 21:25:30.000  -12.843691912  131.132746402   121.3923   5   9   2.4658   3.0052   9.7117  -1.0886  -3.2475   1.6636   0.00    0.0
2014/12/27 21:26:00.000  -12.843691181  131.132745302   121.5699   5   9   2.4654   3.0054   9.7935  -1.0942  -3.2552   1.7092   0.00    0.0
2014/12/27 21:26:30.000  -12.843690758  131.132744228   121.5760   5   9   2.4652   3.0055   9.8764  -1.0998  -3.2629   1.7549   0.00    0.0
2014/12/27 21:27:00.000  -12.843691022  131.132744166   121.5139   5   9   2.4652   3.0057   9.9605  -1.1053  -3.2706   1.8008   0.00    0.0
2014/12/27 21:27:30.000  -12.843691663  131.132743158   121.7490   5   9   2.4653   3.0059  10.0455  -1.1108  -3.2782   1.8469   0.00    0.0
2014/12/27 21:28:00.000  -12.843691961  131.132742590   121.9629   5   9   2.4656   3.0060  10.1317  -1.1163  -3.2858   1.8932   0.00    0.0
2014/12/27 21:28:30.000  -12.843692240  131.132742964   121.8921   5   9   2.4660   3.0062  10.2189  -1.1217  -3.2932   1.9396   0.00    0.0
2014/12/27 21:29:00.000  -12.843692717  131.132744215   121.6710   5   9   2.4666   3.0063  10.3072  -1.1271  -3.3006   1.9863   0.00    0.0
2014/12/27 21:29:30.000  -12.843692480  131.132744308   121.5317   5   9   2.4673   3.0065  10.3964  -1.1324  -3.3078   2.0333   0.00    0.0
2014/12/27 21:30:00.000  -12.843692426  131.132744494   121.4191   5   9   2.4683   3.0066  10.4867  -1.1377  -3.3149   2.0804   0.00    0.0
2014/12/27 21:30:30.000  -12.843692564  131.132745115   121.4709   5   9   2.4694   3.0067  10.5779  -1.1429  -3.3218   2.1279   0.00    0.0
2014/12/27 21:31:00.000  -12.843692106  131.132745847   121.3949   5   9   2.4707   3.0067  10.6700  -1.1481  -3.3285   2.1755   0.00    0.0
2014/12/27 21:31:30.000  -12.843692393  131.132747045   121.6007   5   9   2.4722   3.0068  10.7630  -1.1532  -3.3349   2.2234   0.00    0.0
2014/12/27 21:32:00.000  -12.843692593  131.132746368   121.5556   5   9   2.4739   3.0068  10.8569  -1.1583  -3.3412   2.2716   0.00    0.0
2014/12/27 21:32:30.000  -12.843692437  131.132745475   121.8239   5   9   2.4758   3.0068  10.9515  -1.1632  -3.3471   2.3200   0.00    0.0
2014/12/27 21:33:00.000  -12.843692830  131.132744927   121.9550   5   9   2.4779   3.0068  11.0469  -1.1682  -3.3528   2.3687   0.00    0.0
2014/12/27 21:33:30.000  -12.843692957  131.132743569   121.4108   5   9   2.4803   3.0067  11.1431  -1.1730  -3.3581   2.4176   0.00    0.0
2014/12/27 21:34:00.000  -12.843692964  131.132743010   121.2499   5   9   2.4828   3.0067  11.2398  -1.1777  -3.3631   2.4668   0.00    0.0
2014/12/27 21:34:30.000  -12.843693007  131.132742476   121.2374   5   9   2.4855   3.0065  11.3372  -1.1824  -3.3677   2.5162   0.00    0.0
2014/12/27 21:35:00.000  -12.843693479  131.132743765   121.3243   5   9   2.4885   3.0064  11.4350  -1.1869  -3.3718   2.5657   0.00    0.0
2014/12/27 21:35:30.000  -12.843693332  131.132744581   121.1717   5   9   2.4916   3.0062  11.5333  -1.1914  -3.3755   2.6155   0.00    0.0
2014/12/27 21:36:00.000  -12.843692574  131.132745146   121.0168   5   9   2.4950   3.0059  11.6319  -1.1957  -3.3786   2.6655   0.00    0.0
2014/12/27 21:36:30.000  -12.843692297  131.132746101   120.9160   5   9   2.4986   3.0056  11.7308  -1.1999  -3.3812   2.7156   0.00    0.0
2014/12/27 21:37:00.000  -12.843692208  131.132746187   120.5733   5   9   2.5025   3.0053  11.8299  -1.2039  -3.3832   2.7659   0.00    0.0
2014/12/27 21:37:30.000  -12.843692366  131.132745638   120.5621   5   9   2.5066   3.0049  11.9290  -1.2078  -3.3846   2.8163   0.00    0.0
2014/12/27 21:38:00.000  -12.843692439  131.132745065   120.6983   5   9   2.5109   3.0045  12.0280  -1.2116  -3.3853   2.8667   0.00    0.0
2014/12/27 21:38:30.000  -12.843693263  131.132745450   121.0634   5   9   2.5154   3.0040  12.1269  -1.2151  -3.3853   2.9173   0.00    0.0
2014/12/27 21:39:00.000  -12.843693341  131.132745435   121.3434   5   9   2.5202   3.0034  12.2256  -1.2185  -3.3845   2.9678   0.00    0.0
2014/12/27 21:39:30.000  -12.843693870  131.132745111   121.1642   5   9   2.5252   3.0028  12.3238  -1.2217  -3.3829   3.0184   0.00    0.0
2014/12/27 21:40:00.000  -12.843693288  131.132745523   121.2301   5   9   2.5304   3.0022  12.4214  -1.2246  -3.3804   3.0689   0.00    0.0
2014/12/27 21:40:30.000  -12.843693794  131.132747101   120.6913   5   9   2.5358   3.0015  12.5184  -1.2274  -3.3770   3.1193   0.00    0.0
2014/12/27 21:41:00.000  -12.843694684  131.132747616   120.5094   5   9   2.5415   3.0007  12.6145  -1.2299  -3.3727   3.1696   0.00    0.0
2014/12/27 21:41:30.000  -12.843694130  131.132746819   120.7391   5   9   2.5474   2.9999  12.7096  -1.2321  -3.3673   3.2196   0.00    0.0
2014/12/27 21:42:00.000  -12.843693678  131.132747222   120.8861   5   9   2.5535   2.9990  12.8036  -1.2341  -3.3608   3.2695   0.00    0.0
2014/12/27 21:42:30.000  -12.843693956  131.132748228   120.6525   5   9   2.5598   2.9981  12.8962  -1.2357  -3.3532   3.3191   0.00    0.0
2014/12/27 21:43:00.000  -12.843694673  131.132748893   120.1219   5   9   2.5663   2.9971  12.9873  -1.2371  -3.3444   3.3683   0.00    0.0
2014/12/27 21:43:30.000  -12.843695173  131.132748266   119.5765   5   9   2.5730   2.9961  13.0767  -1.2381  -3.3343   3.4172   0.00    0.0
2014/12/27 21:44:00.000  -12.843695792  131.132748434   119.3809   5   9   2.5798   2.9950  13.1643  -1.2388  -3.3230   3.4655   0.00    0.0
2014/12/27 21:44:30.000  -12.843695784  131.132747815   119.1745   5   9   2.5869   2.9939  13.2498  -1.2392  -3.3103   3.5134   0.00    0.0
2014/12/27 21:45:00.000  -12.843695693  131.132748432   119.7522   5   9   2.5941   2.9927  13.3331  -1.2391  -3.2961   3.5607   0.00    0.0
2014/12/27 21:45:30.000  -12.843695339  131.132749352   120.2992   5   9   2.6015   2.9915  13.4140  -1.2387  -3.2806   3.6073   0.00    0.0
2014/12/27 21:46:00.000  -12.843694766  131.132747850   120.2671   5   9   2.6090   2.9902  13.4922  -1.2379  -3.2635   3.6533   0.00    0.0
2014/12/27 21:46:30.000  -12.843694847  131.132747238   120.2601   5   9   2.6167   2.9889  13.5676  -1.2366  -3.2448   3.6984   0.00    0.0
2014/12/27 21:47:00.000  -12.843695128  131.132747298   119.6976   5   9   2.6245   2.9876  13.6400  -1.2349  -3.2245   3.7427   0.00    0.0
2014/12/27 21:47:30.000  -12.843695236  131.132747737   118.7281   5   9   2.6323   2.9863  13.7092  -1.2327  -3.2026   3.7860   0.00    0.0
2014/12/27 21:48:00.000  -12.843695542  131.132747217   118.3399   5   9   2.6403   2.9849  13.7751  -1.2301  -3.1789   3.8284   0.00    0.0
2014/12/27 21:48:30.000  -12.843695755  131.132747741   118.2781   5   9   2.6483   2.9836  13.8373  -1.2269  -3.1535   3.8697   0.00    0.0
2014/12/27 21:49:00.000  -12.843695757  131.132747379   118.2402   5   9   2.6564   2.9822  13.8958  -1.2233  -3.1262   3.9099   0.00    0.0
2014/12/27 21:49:30.000  -12.843696742  131.132747801   118.1942   5   9   2.6646   2.9808  13.9505  -1.2191  -3.0972   3.9489   0.00    0.0
2014/12/27 21:50:00.000  -12.843697091  131.132748204   117.5470   5   9   2.6727   2.9795  14.0010  -1.2144  -3.0662   3.9866   0.00    0.0
2014/12/27 21:50:30.000  -12.843696959  131.132747923   117.5189   5   9   2.6809   2.9781  14.0474  -1.2092  -3.0334   4.0230   0.00    0.0
2014/12/27 21:51:00.000  -12.843696959  131.132747662   117.8334   5   9   2.6891   2.9768  14.0894  -1.2034  -2.9986   4.0580   0.00    0.0
2014/12/27 21:51:30.000  -12.843697142  131.132747629   118.2559   5   9   2.6972   2.9755  14.1269  -1.1971  -2.9618   4.0915   0.00    0.0
2014/12/27 21:52:00.000  -12.843697455  131.132747861   118.0851   5   9   2.7053   2.9743  14.1598  -1.1902  -2.9230   4.1236   0.00    0.0
2014/12/27 21:52:30.000  -12.843697279  131.132747238   118.2268   5   9   2.7133   2.9731  14.1880  -1.1827  -2.8822   4.1541   0.00    0.0
2014/12/27 21:53:00.000  -12.843698385  131.132747593   118.1529   5   9   2.7213   2.9720  14.2114  -1.1746  -2.8394   4.1830   0.00    0.0
2014/12/27 21:53:30.000  -12.843698742  131.132748656   117.6305   5   9   2.7291   2.9709  14.2300  -1.1659  -2.7945   4.2103   0.00    0.0
2014/12/27 21:54:00.000  -12.843697927  131.132748383   118.0964   5   9   2.7369   2.9699  14.2437  -1.1567  -2.7475   4.2359   0.00    0.0
2014/12/27 21:54:30.000  -12.843697522  131.132748252   118.6326   5   9   2.7445   2.9690  14.2525  -1.1468  -2.6984   4.2598   0.00    0.0
2014/12/27 21:55:00.000  -12.843697407  131.132749068   118.6166   5   9   2.7520   2.9682  14.2563  -1.1364  -2.6472   4.2820   0.00    0.0
2014/12/27 21:55:30.000  -12.843697426  131.132749432   118.4834   5   9   2.7593   2.9675  14.2552  -1.1254  -2.5939   4.3025   0.00    0.0
2014/12/27 21:56:00.000  -12.843698013  131.132750915   117.9937   5   9   2.7665   2.9669  14.2491  -1.1137  -2.5384   4.3211   0.00    0.0
2014/12/27 21:56:30.000  -12.843698116  131.132750012   117.1754   5   9   2.7735   2.9665  14.2382  -1.1015  -2.4808   4.3380   0.00    0.0
2014/12/27 21:57:00.000  -12.843697896  131.132748870   117.1050   5   9   2.7804   2.9661  14.2224  -1.0888  -2.4209   4.3532   0.00    0.0
2014/12/27 21:57:30.000  -12.843698100  131.132748417   117.2510   5   9   2.7870   2.9659  14.2018  -1.0754  -2.3588   4.3665   0.00    0.0
2014/12/27 21:58:00.000  -12.843698682  131.132749241   117.1182   5   9   2.7935   2.9658  14.1765  -1.0615  -2.2944   4.3782   0.00    0.0
2014/12/27 21:58:30.000  -12.843699435  131.132748637   116.2000   5   9   2.7997   2.9659  14.1466  -1.0470  -2.2277   4.3880   0.00    0.0
2014/12/27 21:59:00.000  -12.843699641  131.132747967   115.7230   5   9   2.8057   2.9661  14.1123  -1.0319  -2.1586   4.3962   0.00    0.0
2014/12/27 21:59:30.000  -12.843699373  131.132747635   115.8823   5   9   2.8116   2.9665  14.0735  -1.0163  -2.0870   4.4026   0.00    0.0
2014/12/27 22:00:00.000  -12.843699864  131.132747056   115.9535   5   9   2.8172   2.9670  14.0306  -1.0002  -2.0127   4.4074   0.00    0.0
2014/12/27 22:00:30.000  -12.843700279  131.132746628   115.9206   5   9   2.8226   2.9677  13.9836  -0.9835  -1.9357   4.4105   0.00    0.0
2014/12/27 22:01:00.000  -12.843700322  131.132747893   116.1377   5   9   2.8278   2.9685  13.9327  -0.9663  -1.8558   4.4121   0.00    0.0
2014/12/27 22:01:30.000  -12.843700518  131.132748606   116.0593   5   9   2.8328   2.9695  13.8781  -0.9485  -1.7727   4.4121   0.00    0.0
2014/12/27 22:02:00.000  -12.843700901  131.132748604   116.2211   5   9   2.8376   2.9707  13.8198  -0.9303  -1.6860   4.4106   0.00    0.0
2014/12/27 22:02:30.000  -12.843701239  131.132747977   116.2892   5   9   2.8422   2.9720  13.7582  -0.9115  -1.5955   4.4076   0.00    0.0
2014/12/27 22:03:00.000  -12.843701106  131.132747203   115.8335   5   9   2.8467   2.9735  13.6934  -0.8922  -1.5005   4.4033   0.00    0.0
2014/12/27 22:03:30.000  -12.843699988  131.132747347   115.9058   5   9   2.8509   2.9751  13.6256  -0.8724  -1.4002   4.3975   0.00    0.0
2014/12/27 22:04:00.000  -12.843700283  131.132747433   116.0774   5   9   2.8549   2.9769  13.5550  -0.8520  -1.2937   4.3905   0.00    0.0
2014/12/27 22:04:30.000  -12.843700047  131.132748262   116.7125   5   9   2.8588   2.9789  13.4817  -0.8312  -1.1793   4.3823   0.00    0.0
2014/12/27 22:05:00.000  -12.843700705  131.132747940   115.8883   5   9   2.8624   2.9810  13.4060  -0.8098  -1.0546   4.3729   0.00    0.0
2014/12/27 22:05:30.000  -12.843700756  131.132748435   115.9233   5   9   2.8660   2.9833  13.3280  -0.7878  -0.9158   4.3624   0.00    0.0
2014/12/27 22:06:00.000  -12.843700563  131.132748822   116.4567   5   9   2.8694   2.9857  13.2480  -0.7653  -0.7551   4.3508   0.00    0.0
2014/12/27 22:06:30.000  -12.843700887  131.132749039   116.6456   5   9   2.8726   2.9883  13.1661  -0.7422  -0.5539   4.3382   0.00    0.0
2014/12/27 22:07:00.000  -12.843700575  131.132748017   116.8114   5   9   2.8757   2.9910  13.0825  -0.7184  -0.2215   4.3247   0.00    0.0
2014/12/27 22:07:30.000  -12.843700582  131.132746259   116.6295   5   9   2.8787   2.9939  12.9974  -0.6940   0.4507   4.3103   0.00    0.0
2014/12/27 22:08:00.000  -12.843700993  131.132745907   116.6660   5   9   2.8815   2.9968  12.9109  -0.6689   0.6705   4.2951   0.00    0.0
2014/12/27 22:08:30.000  -12.843701831  131.132747037   116.7536   5   9   2.8843   3.0000  12.8233  -0.6431   0.8307   4.2791   0.00    0.0
2014/12/27 22:09:00.000  -12.843701576  131.132747576   116.7251   5   9   2.8870   3.0032  12.7347  -0.6164   0.9616   4.2624   0.00    0.0
2014/12/27 22:09:30.000  -12.843702028  131.132747605   116.2559   5   9   2.8896   3.0066  12.6452  -0.5887   1.0739   4.2451   0.00    0.0
2014/12/27 22:10:00.000  -12.843702432  131.132747945   116.1300   5   9   2.8921   3.0101  12.5550  -0.5600   1.1729   4.2271   0.00    0.0
2014/12/27 22:10:30.000  -12.843702623  131.132748539   116.6137   5   9   2.8945   3.0137  12.4642  -0.5301   1.2618   4.2087   0.00    0.0
2014/12/27 22:11:00.000  -12.843702387  131.132747796   116.6280   5   9   2.8969   3.0174  12.3730  -0.4987   1.3427   4.1897   0.00    0.0
2014/12/27 22:11:30.000  -12.843702614  131.132748836   117.1823   5   9   2.8992   3.0213  12.2815  -0.4657   1.4168   4.1703   0.00    0.0
2014/12/27 22:12:00.000  -12.843702656  131.132749208   116.9676   5   9   2.9016   3.0252  12.1899  -0.4306   1.4852   4.1504   0.00    0.0
2014/12/27 22:12:30.000  -12.843702333  131.132749614   117.0369   5   9   2.9038   3.0293  12.0981  -0.3929   1.5487   4.1302   0.00    0.0
2014/12/27 22:13:00.000  -12.843701764  131.132750564   117.1266   5   9   2.9061   3.0334  12.0065  -0.3518   1.6079   4.1097   0.00    0.0
2014/12/27 22:13:30.000  -12.843702073  131.132750499   116.8507   5   9   2.9083   3.0376  11.9150  -0.3058   1.6634   4.0890   0.00    0.0
2014/12/27 22:14:00.000  -12.843701569  131.132750351   117.0935   5   9   2.9106   3.0419  11.8237  -0.2524   1.7153   4.0680   0.00    0.0
2014/12/27 22:14:30.000  -12.843701513  131.132750681   117.3805   5   9   2.9128   3.0463  11.7328  -0.1853   1.7642   4.0468   0.00    0.0
2014/12/27 22:15:00.000  -12.843701967  131.132749807   117.3173   5   9   2.9150   3.0508  11.6423  -0.0731   1.8104   4.0254   0.00    0.0
2014/12/27 22:15:30.000  -12.843702327  131.132748494   116.9883   5   9   2.9173   3.0553  11.5523   0.1524   1.8539   4.0039   0.00    0.0
2014/12/27 22:16:00.000  -12.843702715  131.132747943   116.5111   5   9   2.9196   3.0600  11.4629   0.2266   1.8951   3.9823   0.00    0.0
2014/12/27 22:16:30.000  -12.843703201  131.132748540   116.4264   5   9   2.9219   3.0647  11.3741   0.2813   1.9342   3.9606   0.00    0.0
2014/12/27 22:17:00.000  -12.843703444  131.132748612   116.3891   5   9   2.9243   3.0694  11.2860   0.3263   1.9712   3.9389   0.00    0.0
2014/12/27 22:17:30.000  -12.843703142  131.132748955   116.6631   5   9   2.9266   3.0743  11.1987   0.3652   2.0064   3.9172   0.00    0.0
2014/12/27 22:18:00.000  -12.843703281  131.132748266   116.2721   5   9   2.9291   3.0792  11.1122   0.3999   2.0399   3.8955   0.00    0.0
2014/12/27 22:18:30.000  -12.843702330  131.132748565   116.7925   5   9   2.9316   3.0841  11.0265   0.4314   2.0718   3.8738   0.00    0.0
2014/12/27 22:19:00.000  -12.843702402  131.132748333   116.8974   5   9   2.9341   3.0891  10.9417   0.4604   2.1022   3.8522   0.00    0.0
2014/12/27 22:19:30.000  -12.843702905  131.132746951   116.5073   5   9   2.9367   3.0942  10.8579   0.4872   2.1312   3.8307   0.00    0.0
2014/12/27 22:20:00.000  -12.843703210  131.132747650   116.8614   5   9   2.9394   3.0993  10.7750   0.5124   2.1589   3.8092   0.00    0.0
2014/12/27 22:20:30.000  -12.843703906  131.132747999   116.7709   5   9   2.9421   3.1045  10.6932   0.5360   2.1854   3.7878   0.00    0.0
2014/12/27 22:21:00.000  -12.843704268  131.132748480   116.4282   5   9   2.9449   3.1097  10.6123   0.5583   2.2108   3.7666   0.00    0.0
2014/12/27 22:21:30.000  -12.843704094  131.132748959   116.6483   5   9   2.9477   3.1150  10.5325   0.5795   2.2350   3.7455   0.00    0.0
2014/12/27 22:22:00.000  -12.843703583  131.132747011   116.0995   5   9   2.9507   3.1203  10.4538   0.5997   2.2583   3.7246   0.00    0.0
2014/12/27 22:22:30.000  -12.843703881  131.132746910   116.1494   5   9   2.9537   3.1256  10.3761   0.6190   2.2806   3.7038   0.00    0.0
2014/12/27 22:23:00.000  -12.843704001  131.132748782   116.8544   5   9   2.9568   3.1310  10.2996   0.6374   2.3020   3.6832   0.00    0.0
2014/12/27 22:23:30.000  -12.843703999  131.132750467   117.4590   5   9   2.9600   3.1365  10.2241   0.6552   2.3226   3.6628   0.00    0.0
2014/12/27 22:24:00.000  -12.843703463  131.132749880   117.1732   5   9   2.9633   3.1420  10.1498   0.6723   2.3424   3.6426   0.00    0.0
2014/12/27 22:24:30.000  -12.843703444  131.132748652   116.8041   5   9   2.9667   3.1475  10.0766   0.6887   2.3614   3.6226   0.00    0.0
2014/12/27 22:25:00.000  -12.843703095  131.132748044   116.8175   5   9   2.9701   3.1531  10.0046   0.7046   2.3797   3.6028   0.00    0.0
2014/12/27 22:25:30.000  -12.843703808  131.132747185   117.0318   5   9   2.9737   3.1587   9.9336   0.7200   2.3974   3.5833   0.00    0.0
2014/12/27 22:26:00.000  -12.843704171  131.132747226   117.3413   5   9   2.9773   3.1643   9.8638   0.7349   2.4145   3.5639   0.00    0.0
2014/12/27 22:26:30.000  -12.843704507  131.132747444   116.6639   5   8   3.0464   3.2119  10.7945   0.9416   1.8875   3.1173   0.00    0.0
2014/12/27 22:27:00.000  -12.843704186  131.132747720   116.5161   5   8   3.0510   3.2164  10.7152   0.9515   1.9221   3.0974   0.00    0.0
2014/12/27 22:27:30.000  -12.843703703  131.132748977   116.5832   5   8   3.0556   3.2210  10.6373   0.9612   1.9553   3.0777   0.00    0.0
2014/12/27 22:28:00.000  -12.843703415  131.132749096   116.6478   5   8   3.0603   3.2256  10.5608   0.9707   1.9871   3.0583   0.00    0.0
2014/12/27 22:28:30.000  -12.843703690  131.132749576   117.2149   5   8   3.0651   3.2303  10.4855   0.9800   2.0175   3.0392   0.00    0.0
2014/12/27 22:29:00.000  -12.843703823  131.132749668   117.2220   5   8   3.0700   3.2351  10.4116   0.9891   2.0468   3.0204   0.00    0.0
2014/12/27 22:29:30.000  -12.843703880  131.132750613   117.7105   5   7   3.1110   4.3322  16.8803  -0.6001   6.5330   1.6483   0.00    0.0
2014/12/27 22:30:00.000  -12.843703901  131.132750632   117.4521   5   7   3.1185   4.3324  16.6756  -0.6210   6.4914   1.5795   0.00    0.0
2014/12/27 22:30:30.000  -12.843704180  131.132750012   117.0596   5   7   3.1261   4.3328  16.4775  -0.6407   6.4512   1.5102   0.00    0.0
2014/12/27 22:31:00.000  -12.843704703  131.132749427   116.8087   5   7   3.1338   4.3334  16.2856  -0.6595   6.4124   1.4401   0.00    0.0
2014/12/27 22:31:30.000  -12.843704190  131.132749747   117.0198   5   7   3.1417   4.3342  16.0998  -0.6774   6.3749   1.3690   0.00    0.0
2014/12/27 22:32:00.000  -12.843703809  131.132749775   117.1061   5   7   3.1496   4.3351  15.9199  -0.6945   6.3386   1.2967   0.00    0.0
2014/12/27 22:32:30.000  -12.843703108  131.132750383   117.2081   5   7   3.1577   4.3362  15.7456  -0.7109   6.3037   1.2227   0.00    0.0
2014/12/27 22:33:00.000  -12.843702224  131.132750476   117.1327   5   7   3.1659   4.3375  15.5767  -0.7266   6.2699   1.1467   0.00    0.0
2014/12/27 22:33:30.000  -12.843702189  131.132750149   117.1230   5   7   3.1743   4.3389  15.4130  -0.7417   6.2373   1.0679   0.00    0.0
2014/12/27 22:34:00.000  -12.843702838  131.132750132   117.4127   5   7   3.1827   4.3405  15.2543  -0.7563   6.2058   0.9858   0.00    0.0
2014/12/27 22:34:30.000  -12.843702508  131.132750217   117.3890   5   7   3.1912   4.3423  15.1005  -0.7703   6.1754   0.8990   0.00    0.0
2014/12/27 22:35:00.000  -12.843701992  131.132750779   117.2696   5   7   3.1999   4.3442  14.9513  -0.7839   6.1461   0.8061   0.00    0.0
2014/12/27 22:35:30.000  -12.843702726  131.132750824   117.2532   5   7   3.2086   4.3462  14.8066  -0.7970   6.1178   0.7045   0.00    0.0
2014/12/27 22:36:00.000  -12.843703533  131.132751370   117.5858   5   7   3.2174   4.3484  14.6663  -0.8097   6.0905   0.5894   0.00    0.0
2014/12/27 22:36:30.000  -12.843704523  131.132751701   117.9911   5   7   3.2264   4.3507  14.5302  -0.8220   6.0641   0.4504   0.00    0.0
2014/12/27 22:37:00.000  -12.843704945  131.132752390   118.2763   5   7   3.2354   4.3532  14.3980  -0.8339   6.0387   0.2502   0.00    0.0
2014/12/27 22:37:30.000  -12.843704482  131.132752285   118.4374   5   7   3.2445   4.3559  14.2698  -0.8454   6.0142  -0.2712   0.00    0.0
2014/12/27 22:38:00.000  -12.843704669  131.132751840   118.5233   5   7   3.2537   4.3586  14.1454  -0.8566   5.9906  -0.4537   0.00    0.0
2014/12/27 22:38:30.000  -12.843703805  131.132752374   118.9184   5   7   3.2630   4.3615  14.0246  -0.8675   5.9678  -0.5782   0.00    0.0
2014/12/27 22:39:00.000  -12.843703473  131.132752910   119.2017   5   7   3.2724   4.3645  13.9073  -0.8781   5.9459  -0.6776   0.00    0.0
2014/12/27 22:39:30.000  -12.843703612  131.132752176   119.1653   5   7   3.2819   4.3677  13.7934  -0.8884   5.9247  -0.7619   0.00    0.0
2014/12/27 22:40:00.000  -12.843703792  131.132751987   119.4886   5   7   3.2914   4.3710  13.6828  -0.8984   5.9044  -0.8358   0.00    0.0
2014/12/27 22:40:30.000  -12.843703967  131.132752097   119.7936   5   7   3.3010   4.3744  13.5754  -0.9081   5.8848  -0.9018   0.00    0.0
2014/12/27 22:41:00.000  -12.843704986  131.132753360   120.0184   5   7   3.3107   4.3780  13.4711  -0.9176   5.8659  -0.9617   0.00    0.0
2014/12/27 22:41:30.000  -12.843706268  131.132753431   119.8365   5   7   3.3204   4.3816  13.3697  -0.9268   5.8478  -1.0166   0.00    0.0
2014/12/27 22:42:00.000  -12.843706184  131.132753126   119.7189   5   7   3.3302   4.3854  13.2712  -0.9358   5.8304  -1.0672   0.00    0.0
2014/12/27 22:42:30.000  -12.843705776  131.132752608   119.3348   5   7   3.3401   4.3893  13.1755  -0.9445   5.8136  -1.1143   0.00    0.0
2014/12/27 22:43:00.000  -12.843705696  131.132752140   119.1553   5   7   3.3500   4.3934  13.0825  -0.9530   5.7975  -1.1583   0.00    0.0
2014/12/27 22:43:30.000  -12.843705342  131.132752099   118.9808   5   7   3.3600   4.3975  12.9922  -0.9613   5.7820  -1.1995   0.00    0.0
2014/12/27 22:44:00.000  -12.843704602  131.132752512   118.9902   5   7   3.3701   4.4018  12.9043  -0.9694   5.7672  -1.2383   0.00    0.0
2014/12/27 22:44:30.000  -12.843703360  131.132753281   119.2445   5   7   3.3802   4.4062  12.8190  -0.9773   5.7530  -1.2749   0.00    0.0
2014/12/27 22:45:00.000  -12.843703180  131.132753750   119.4402   5   7   3.3903   4.4107  12.7360  -0.9849   5.7393  -1.3095   0.00    0.0
2014/12/27 22:45:30.000  -12.843702984  131.132753804   119.6075   5   7   3.4005   4.4153  12.6553  -0.9923   5.7262  -1.3423   0.00    0.0
2014/12/27 22:46:00.000  -12.843702514  131.132753888   119.7663   5   7   3.4107   4.4200  12.5769  -0.9996   5.7137  -1.3734   0.00    0.0
2014/12/27 22:46:30.000  -12.843702589  131.132754153   119.8334   5   7   3.4209   4.4248  12.5006  -1.0066   5.7018  -1.4030   0.00    0.0
2014/12/27 22:47:00.000  -12.843703326  131.132755082   119.9536   5   7   3.4312   4.4298  12.4265  -1.0134   5.6904  -1.4311   0.00    0.0
2014/12/27 22:47:30.000  -12.843703307  131.132754328   119.7474   5   7   3.4415   4.4348  12.3544  -1.0201   5.6795  -1.4579   0.00    0.0
2014/12/27 22:48:00.000  -12.843702800  131.132754356   119.4693   5   7   3.4519   4.4400  12.2843  -1.0265   5.6691  -1.4835   0.00    0.0
2014/12/27 22:48:30.000  -12.843703202  131.132754820   119.5747   5   7   3.4622   4.4452  12.2162  -1.0327   5.6592  -1.5078   0.00    0.0
2014/12/27 22:49:00.000  -12.843703637  131.132754685   119.9636   5   7   3.4726   4.4506  12.1499  -1.0387   5.6497  -1.5311   0.00    0.0
2014/12/27 22:49:30.000  -12.843704775  131.132754707   120.4145   5   7   3.4830   4.4560  12.0855  -1.0446   5.6408  -1.5532   0.00    0.0
2014/12/27 22:50:00.000  -12.843705742  131.132754961   120.6855   5   7   3.4934   4.4616  12.0229  -1.0502   5.6323  -1.5744   0.00    0.0
2014/12/27 22:50:30.000  -12.843706269  131.132754539   120.7653   5   7   3.5038   4.4673  11.9619  -1.0556   5.6243  -1.5946   0.00    0.0
2014/12/27 22:51:00.000  -12.843705665  131.132754071   120.6279   5   7   3.5142   4.4730  11.9027  -1.0608   5.6167  -1.6139   0.00    0.0
2014/12/27 22:51:30.000  -12.843704284  131.132754154   120.4749   5   7   3.5246   4.4789  11.8451  -1.0658   5.6095  -1.6322   0.00    0.0
2014/12/27 22:52:00.000  -12.843703717  131.132754969   120.5755   5   7   3.5350   4.4849  11.7891  -1.0706   5.6027  -1.6497   0.00    0.0
2014/12/27 22:52:30.000  -12.843704267  131.132756096   120.9637   5   7   3.5454   4.4910  11.7346  -1.0752   5.5963  -1.6664   0.00    0.0
2014/12/27 22:53:00.000  -12.843704663  131.132755664   121.0388   5   7   3.5558   4.4971  11.6817  -1.0796   5.5904  -1.6823   0.00    0.0
2014/12/27 22:53:30.000  -12.843705744  131.132754860   120.9273   5   7   3.5661   4.5034  11.6302  -1.0838   5.5848  -1.6973   0.00    0.0
2014/12/27 22:54:00.000  -12.843706413  131.132754681   120.7818   5   7   3.5764   4.5098  11.5802  -1.0877   5.5796  -1.7117   0.00    0.0
2014/12/27 22:54:30.000  -12.843706219  131.132754603   120.7442   5   7   3.5867   4.5162  11.5315  -1.0915   5.5748  -1.7252   0.00    0.0
2014/12/27 22:55:00.000  -12.843705476  131.132754330   120.7231   5   7   3.5970   4.5228  11.4842  -1.0950   5.5703  -1.7380   0.00    0.0
2014/12/27 22:55:30.000  -12.843704343  131.132754672   120.7897   5   7   3.6072   4.5294  11.4383  -1.0983   5.5662  -1.7501   0.00    0.0
2014/12/27 22:56:00.000  -12.843703414  131.132756027   121.1329   5   7   3.6174   4.5362  11.3936  -1.1013   5.5625  -1.7615   0.00    0.0
2014/12/27 22:56:30.000  -12.843704411  131.132756189   121.2965   5   7   3.6276   4.5430  11.3502  -1.1041   5.5591  -1.7722   0.00    0.0
2014/12/27 22:57:00.000  -12.843707205  131.132752497   120.5776   5   8   3.5943   3.6255   8.3390  -1.6624   3.1420  -2.7297   0.00    0.0
2014/12/27 22:57:30.000  -12.843708497  131.132750155   120.0956   5   8   3.6040   3.6287   8.3257  -1.6677   3.1484  -2.7353   0.00    0.0
2014/12/27 22:58:00.000  -12.843709604  131.132749360   120.2348   5   9   3.0687   3.5247   7.1669  -1.0620   2.5029   0.7250   0.00    0.0
2014/12/27 22:58:30.000  -12.843709259  131.132750167   120.2498   5   9   3.0744   3.5281   7.1637  -1.0668   2.5143   0.7054   0.00    0.0
2014/12/27 22:59:00.000  -12.843708675  131.132750150   120.0518   5   9   3.0800   3.5314   7.1608  -1.0716   2.5257   0.6857   0.00    0.0
2014/12/27 22:59:30.000  -12.843708406  131.132749677   119.8633   5   9   3.0857   3.5349   7.1582  -1.0763   2.5371   0.6658   0.00    0.0
2014/12/27 23:00:00.000  -12.843708148  131.132749068   119.7529   5   9   3.0913   3.5383   7.1558  -1.0811   2.5483   0.6459   0.00    0.0
2014/12/27 23:00:30.000  -12.843707803  131.132750406   120.1531   5   9   3.0968   3.5417   7.1538  -1.0858   2.5595   0.6258   0.00    0.0
2014/12/27 23:01:00.000  -12.843708276  131.132751412   120.3698   5   9   3.1024   3.5452   7.1520  -1.0905   2.5706   0.6057   0.00    0.0
2014/12/27 23:01:30.000  -12.843709398  131.132751008   120.3010   5   9   3.1079   3.5487   7.1506  -1.0952   2.5817   0.5854   0.00    0.0
2014/12/27 23:02:00.000  -12.843709273  131.132751640   120.6120   5   9   3.1134   3.5523   7.1494  -1.0998   2.5927   0.5649   0.00    0.0
2014/12/27 23:02:30.000  -12.843709595  131.132752045   120.8052   5   9   3.1188   3.5558   7.1485  -1.1044   2.6037   0.5444   0.00    0.0
2014/12/27 23:03:00.000  -12.843708982  131.132751587   120.8346   5   9   3.1242   3.5594   7.1479  -1.1090   2.6146   0.5237   0.00    0.0
2014/12/27 23:03:30.000  -12.843709198  131.132750002   120.6312   5   9   3.1295   3.5630   7.1476  -1.1136   2.6254   0.5028   0.00    0.0
2014/12/27 23:04:00.000  -12.843709370  131.132750154   120.5167   5   9   3.1348   3.5666   7.1476  -1.1181   2.6363   0.4818   0.00    0.0
2014/12/27 23:04:30.000  -12.843708654  131.132751499   120.7458   5   9   3.1401   3.5703   7.1479  -1.1226   2.6470   0.4606   0.00    0.0
2014/12/27 23:05:00.000  -12.843708358  131.132751858   120.7808   5   9   3.1453   3.5739   7.1485  -1.1271   2.6577   0.4392   0.00    0.0
2014/12/27 23:05:30.000  -12.843708807  131.132750866   120.7244   5   9   3.1504   3.5776   7.1494  -1.1315   2.6684   0.4175   0.00    0.0
2014/12/27 23:06:00.000  -12.843708419  131.132750652   120.6521   5   9   3.1555   3.5814   7.1506  -1.1359   2.6791   0.3957   0.00    0.0
2014/12/27 23:06:30.000  -12.843708000  131.132750501   120.7803   5   9   3.1606   3.5851   7.1520  -1.1402   2.6897   0.3735   0.00    0.0
2014/12/27 23:07:00.000  -12.843704254  131.132749186   119.9221   5   8   3.5530   3.5890   7.8949  -1.1288   2.6866  -2.2945   0.00    0.0
2014/12/27 23:07:30.000  -12.843705185  131.132749050   120.0168   5   8   3.5560   3.5927   7.9028  -1.1379   2.7013  -2.3006   0.00    0.0
2014/12/27 23:08:00.000  -12.843707153  131.132749524   119.9258   5   8   3.5588   3.5965   7.9108  -1.1469   2.7160  -2.3062   0.00    0.0
2014/12/27 23:08:30.000  -12.843707392  131.132749993   119.7603   5   8   3.5615   3.6003   7.9191  -1.1557   2.7307  -2.3115   0.00    0.0
2014/12/27 23:09:00.000  -12.843706291  131.132749398   119.6094   5   8   3.5642   3.6042   7.9275  -1.1643   2.7452  -2.3163   0.00    0.0
2014/12/27 23:09:30.000  -12.843705256  131.132748768   119.5819   5   8   3.5667   3.6081   7.9362  -1.1727   2.7597  -2.3208   0.00    0.0
2014/12/27 23:10:00.000  -12.843706211  131.132748721   119.9754   5   8   3.5690   3.6120   7.9450  -1.1810   2.7741  -2.3249   0.00    0.0
2014/12/27 23:10:30.000  -12.843706069  131.132749537   120.3567   5   8   3.5713   3.6160   7.9541  -1.1891   2.7884  -2.3287   0.00    0.0
2014/12/27 23:11:00.000  -12.843706974  131.132751345   120.4595   5   8   3.5734   3.6200   7.9633  -1.1970   2.8027  -2.3320   0.00    0.0
2014/12/27 23:11:30.000  -12.843707065  131.132751612   120.5008   5   8   3.5754   3.6240   7.9728  -1.2047   2.8169  -2.3350   0.00    0.0
2014/12/27 23:12:00.000  -12.843706853  131.132751201   120.4580   5   8   3.5773   3.6280   7.9825  -1.2122   2.8310  -2.3376   0.00    0.0
2014/12/27 23:12:30.000  -12.843706481  131.132750062   120.5382   5   8   3.5791   3.6321   7.9924  -1.2196   2.8451  -2.3398   0.00    0.0
2014/12/27 23:13:00.000  -12.843707327  131.132749739   120.4848   5   8   3.5807   3.6362   8.0025  -1.2268   2.8591  -2.3416   0.00    0.0
2014/12/27 23:13:30.000  -12.843707497  131.132749417   120.4149   5   8   3.5823   3.6404   8.0128  -1.2338   2.8731  -2.3430   0.00    0.0
2014/12/27 23:14:00.000  -12.843707460  131.132747902   120.2229   5   8   3.5836   3.6446   8.0233  -1.2406   2.8869  -2.3441   0.00    0.0
2014/12/27 23:14:30.000  -12.843706293  131.132747386   120.1919   5   8   3.5849   3.6488   8.0340  -1.2472   2.9008  -2.3448   0.00    0.0
2014/12/27 23:15:00.000  -12.843705079  131.132747434   120.2513   5   8   3.5861   3.6530   8.0450  -1.2537   2.9145  -2.3451   0.00    0.0
2014/12/27 23:15:30.000  -12.843705588  131.132747260   120.1070   5   8   3.5871   3.6572   8.0562  -1.2599   2.9282  -2.3451   0.00    0.0
2014/12/27 23:16:00.000  -12.843706020  131.132748180   120.2869   5   8   3.5880   3.6615   8.0676  -1.2660   2.9418  -2.3447   0.00    0.0
2014/12/27 23:16:30.000  -12.843706267  131.132748506   120.6406   5   8   3.5888   3.6658   8.0792  -1.2719   2.9554  -2.3439   0.00    0.0
2014/12/27 23:17:00.000  -12.843706010  131.132747852   120.5660   5   8   3.5895   3.6702   8.0911  -1.2776   2.9689  -2.3427   0.00    0.0
2014/12/27 23:17:30.000  -12.843705095  131.132747282   120.4338   5   8   3.5900   3.6745   8.1032  -1.2831   2.9824  -2.3412   0.00    0.0
2014/12/27 23:18:00.000  -12.843704395  131.132746897   120.3749   5   8   3.5905   3.6789   8.1155  -1.2885   2.9958  -2.3393   0.00    0.0
2014/12/27 23:18:30.000  -12.843705475  131.132746706   120.3899   5   8   3.5908   3.6833   8.1280  -1.2936   3.0092  -2.3370   0.00    0.0
2014/12/27 23:19:00.000  -12.843705694  131.132745848   120.1010   5   8   3.5910   3.6877   8.1408  -1.2986   3.0225  -2.3344   0.00    0.0
2014/12/27 23:19:30.000  -12.843705818  131.132746604   120.0552   5   8   3.5911   3.6921   8.1539  -1.3034   3.0358  -2.3313   0.00    0.0
2014/12/27 23:20:00.000  -12.843706027  131.132747656   120.2724   5   8   3.5910   3.6966   8.1671  -1.3080   3.0490  -2.3280   0.00    0.0
2014/12/27 23:20:30.000  -12.843705673  131.132747725   120.1625   5   8   3.5909   3.7011   8.1807  -1.3124   3.0621  -2.3242   0.00    0.0
2014/12/27 23:21:00.000  -12.843705432  131.132746263   120.0179   5   8   3.5906   3.7056   8.1944  -1.3166   3.0752  -2.3201   0.00    0.0
2014/12/27 23:21:30.000  -12.843704351  131.132746527   119.9375   5   8   3.5903   3.7101   8.2084  -1.3206   3.0883  -2.3156   0.00    0.0
2014/12/27 23:22:00.000  -12.843702883  131.132745762   120.1149   5   8   3.5898   3.7146   8.2227  -1.3244   3.1013  -2.3107   0.00    0.0
2014/12/27 23:22:30.000  -12.843703446  131.132745606   120.1882   5   8   3.5892   3.7192   8.2372  -1.3281   3.1143  -2.3055   0.00    0.0
2014/12/27 23:23:00.000  -12.843703779  131.132744643   120.1119   5   8   3.5886   3.7238   8.2520  -1.3315   3.1272  -2.2998   0.00    0.0
2014/12/27 23:23:30.000  -12.843704081  131.132745209   120.5219   5   8   3.5878   3.7284   8.2670  -1.3348   3.1401  -2.2939   0.00    0.0
2014/12/27 23:24:00.000  -12.843705041  131.132745467   120.6802   5   8   3.5869   3.7330   8.2823  -1.3379   3.1530  -2.2875   0.00    0.0
2014/12/27 23:24:30.000  -12.843706260  131.132745668   120.7981   5   8   3.5859   3.7376   8.2979  -1.3407   3.1658  -2.2808   0.00    0.0
2014/12/27 23:25:00.000  -12.843706423  131.132745510   120.6774   5   8   3.5849   3.7422   8.3137  -1.3434   3.1786  -2.2737   0.00    0.0
2014/12/27 23:25:30.000  -12.843705387  131.132746264   120.5597   5   8   3.5837   3.7469   8.3298  -1.3460   3.1913  -2.2662   0.00    0.0
2014/12/27 23:26:00.000  -12.843705459  131.132746753   120.6265   5   8   3.5825   3.7516   8.3462  -1.3483   3.2041  -2.2583   0.00    0.0
2014/12/27 23:26:30.000  -12.843705456  131.132746045   120.5707   5   8   3.5811   3.7562   8.3628  -1.3504   3.2167  -2.2501   0.00    0.0
2014/12/27 23:27:00.000  -12.843705032  131.132745919   120.5925   5   8   3.5797   3.7609   8.3798  -1.3523   3.2294  -2.2415   0.00    0.0
2014/12/27 23:27:30.000  -12.843704117  131.132745950   120.6191   5   8   3.5782   3.7656   8.3970  -1.3541   3.2420  -2.2324   0.00    0.0
2014/12/27 23:28:00.000  -12.843704125  131.132744761   120.4691   5   8   3.5766   3.7703   8.4145  -1.3556   3.2546  -2.2231   0.00    0.0
2014/12/27 23:28:30.000  -12.843704189  131.132743153   120.2239   5   8   3.5749   3.7751   8.4323  -1.3570   3.2671  -2.2133   0.00    0.0
2014/12/27 23:29:00.000  -12.843704672  131.132742048   119.9244   5   8   3.5732   3.7798   8.4503  -1.3582   3.2797  -2.2031   0.00    0.0
2014/12/27 23:29:30.000  -12.843704750  131.132742804   119.8377   5   8   3.5713   3.7846   8.4687  -1.3591   3.2922  -2.1926   0.00    0.0
2014/12/27 23:30:00.000  -12.843705021  131.132744447   119.8785   5   8   3.5694   3.7893   8.4874  -1.3599   3.3046  -2.1816   0.00    0.0
2014/12/27 23:30:30.000  -12.843704612  131.132744577   119.9588   5   8   3.5675   3.7941   8.5063  -1.3605   3.3171  -2.1703   0.00    0.0
2014/12/27 23:31:00.000  -12.843704965  131.132744297   120.0059   5   8   3.5654   3.7989   8.5256  -1.3610   3.3295  -2.1585   0.00    0.0
2014/12/27 23:31:30.000  -12.843705281  131.132743869   120.0593   5   8   3.5633   3.8037   8.5451  -1.3612   3.3419  -2.1463   0.00    0.0
2014/12/27 23:32:00.000  -12.843704970  131.132744145   120.3517   5   8   3.5612   3.8084   8.5650  -1.3612   3.3543  -2.1338   0.00    0.0
2014/12/27 23:32:30.000  -12.843704562  131.132744309   120.5163   5   8   3.5590   3.8132   8.5851  -1.3610   3.3666  -2.1208   0.00    0.0
2014/12/27 23:33:00.000  -12.843704778  131.132743034   120.3084   5   8   3.5567   3.8181   8.6056  -1.3607   3.3790  -2.1074   0.00    0.0
2014/12/27 23:33:30.000  -12.843705032  131.132742700   120.3747   5   8   3.5544   3.8229   8.6264  -1.3601   3.3913  -2.0936   0.00    0.0
2014/12/27 23:34:00.000  -12.843704718  131.132743894   120.6704   5   9   3.4577   3.6137   7.7380  -1.6953   2.5909  -2.7317   0.00    0.0
2014/12/27 23:34:30.000  -12.843704458  131.132744176   120.7476   5   9   3.4536   3.6181   7.7588  -1.6975   2.6040  -2.7263   0.00    0.0
2014/12/27 23:35:00.000  -12.843704422  131.132745366   120.6668   5   9   3.4494   3.6225   7.7798  -1.6997   2.6170  -2.7207   0.00    0.0
2014/12/27 23:35:30.000  -12.843703936  131.132745237   120.7939   5   9   3.4452   3.6270   7.8011  -1.7017   2.6300  -2.7149   0.00    0.0
2014/12/27 23:36:00.000  -12.843704076  131.132744730   120.8721   5   9   3.4409   3.6314   7.8228  -1.7035   2.6429  -2.7089   0.00    0.0
2014/12/27 23:36:30.000  -12.843705081  131.132743765   120.8915   5   9   3.4365   3.6358   7.8447  -1.7053   2.6558  -2.7027   0.00    0.0
2014/12/27 23:37:00.000  -12.843705388  131.132743135   121.0286   5   9   3.4321   3.6403   7.8669  -1.7068   2.6686  -2.6963   0.00    0.0
2014/12/27 23:37:30.000  -12.843706084  131.132742856   121.0193   5   9   3.4276   3.6447   7.8895  -1.7083   2.6813  -2.6896   0.00    0.0
2014/12/27 23:38:00.000  -12.843705404  131.132742927   120.8864   5   9   3.4231   3.6492   7.9123  -1.7096   2.6940  -2.6828   0.00    0.0
2014/12/27 23:38:30.000  -12.843704490  131.132743533   120.9170   5   9   3.4185   3.6536   7.9355  -1.7108   2.7066  -2.6757   0.00    0.0
2014/12/27 23:39:00.000  -12.843704013  131.132743912   120.8405   5   9   3.4139   3.6581   7.9590  -1.7118   2.7192  -2.6684   0.00    0.0
2014/12/27 23:39:30.000  -12.843703482  131.132743752   120.9588   5   9   3.4092   3.6625   7.9828  -1.7127   2.7318  -2.6608   0.00    0.0
2014/12/27 23:40:00.000  -12.843703494  131.132743446   120.8618   5   9   3.4045   3.6670   8.0069  -1.7134   2.7442  -2.6531   0.00    0.0
2014/12/27 23:40:30.000  -12.843703954  131.132744290   120.8340   5   9   3.3998   3.6714   8.0313  -1.7141   2.7567  -2.6451   0.00    0.0
2014/12/27 23:41:00.000  -12.843704312  131.132743915   120.9678   5   9   3.3950   3.6759   8.0561  -1.7145   2.7690  -2.6369   0.00    0.0
2014/12/27 23:41:30.000  -12.843705078  131.132744521   121.0289   5   9   3.3902   3.6803   8.0811  -1.7149   2.7814  -2.6285   0.00    0.0
2014/12/27 23:42:00.000  -12.843705300  131.132744524   121.0590   5   9   3.3854   3.6848   8.1066  -1.7151   2.7937  -2.6199   0.00    0.0
2014/12/27 23:42:30.000  -12.843705186  131.132743923   120.9481   5   9   3.3805   3.6892   8.1323  -1.7152   2.8059  -2.6110   0.00    0.0
2014/12/27 23:43:00.000  -12.843704582  131.132743668   121.1096   5   9   3.3756   3.6936   8.1584  -1.7152   2.8181  -2.6019   0.00    0.0
2014/12/27 23:43:30.000  -12.843705197  131.132743783   121.4075   5   9   3.3707   3.6981   8.1848  -1.7150   2.8303  -2.5925   0.00    0.0
2014/12/27 23:44:00.000  -12.843706172  131.132743107   121.3455   5   9   3.3658   3.7025   8.2115  -1.7147   2.8424  -2.5830   0.00    0.0
2014/12/27 23:44:30.000  -12.843707423  131.132743052   121.4157   5   9   3.3609   3.7069   8.2386  -1.7142   2.8545  -2.5731   0.00    0.0
2014/12/27 23:45:00.000  -12.843707837  131.132743717   121.5100   5   9   3.3559   3.7113   8.2660  -1.7136   2.8665  -2.5631   0.00    0.0
2014/12/27 23:45:30.000  -12.843706572  131.132743376   121.1424   5   9   3.3510   3.7157   8.2938  -1.7129   2.8785  -2.5528   0.00    0.0
2014/12/27 23:46:00.000  -12.843705346  131.132743855   120.8494   5   9   3.3460   3.7201   8.3219  -1.7121   2.8904  -2.5422   0.00    0.0
2014/12/27 23:46:30.000  -12.843704621  131.132743941   120.8444   5   9   3.3410   3.7245   8.3503  -1.7111   2.9023  -2.5315   0.00    0.0
2014/12/27 23:47:00.000  -12.843704658  131.132743176   120.7672   5   9   3.3361   3.7289   8.3791  -1.7100   2.9142  -2.5204   0.00    0.0
2014/12/27 23:47:30.000  -12.843704786  131.132742252   120.7741   5   9   3.3311   3.7333   8.4082  -1.7088   2.9260  -2.5091   0.00    0.0
2014/12/27 23:48:00.000  -12.843705604  131.132741126   120.9369   5   9   3.3261   3.7377   8.4377  -1.7074   2.9378  -2.4975   0.00    0.0
2014/12/27 23:48:30.000  -12.843705943  131.132741074   120.9729   5   9   3.3211   3.7420   8.4675  -1.7059   2.9495  -2.4857   0.00    0.0
2014/12/27 23:49:00.000  -12.843705449  131.132741176   120.8182   5   9   3.3162   3.7464   8.4976  -1.7043   2.9612  -2.4735   0.00    0.0
2014/12/27 23:49:30.000  -12.843704745  131.132742746   121.1304   5   9   3.3112   3.7507   8.5281  -1.7026   2.9729  -2.4611   0.00    0.0
2014/12/27 23:50:00.000  -12.843703891  131.132743214   120.9387   5   9   3.3063   3.7551   8.5589  -1.7007   2.9845  -2.4485   0.00    0.0
2014/12/27 23:50:30.000  -12.843704124  131.132742458   120.8080   5   8   3.4825   3.8776   9.5219  -1.3537   2.2524  -3.2382   0.00    0.0
2014/12/27 23:51:00.000  -12.843703976  131.132742304   120.7474   5   8   3.4765   3.8791   9.5637  -1.3569   2.2709  -3.2307   0.00    0.0
2014/12/27 23:51:30.000  -12.843704258  131.132742730   120.8535   5   8   3.4704   3.8808   9.6060  -1.3599   2.2892  -3.2230   0.00    0.0
2014/12/27 23:52:00.000  -12.843704899  131.132743034   120.7567   5   8   3.4644   3.8824   9.6489  -1.3627   2.3074  -3.2152   0.00    0.0
2014/12/27 23:52:30.000  -12.843704901  131.132743164   120.9921   5   8   3.4583   3.8841   9.6923  -1.3653   2.3255  -3.2071   0.00    0.0
2014/12/27 23:53:00.000  -12.843705598  131.132743097   120.9961   5   8   3.4523   3.8858   9.7363  -1.3678   2.3434  -3.1989   0.00    0.0
2014/12/27 23:53:30.000  -12.843705624  131.132742241   120.8520   5   8   3.4463   3.8875   9.7808  -1.3700   2.3612  -3.1905   0.00    0.0
2014/12/27 23:54:00.000  -12.843704937  131.132741624   121.0084   5   8   3.4403   3.8893   9.8258  -1.3720   2.3788  -3.1819   0.00    0.0
2014/12/27 23:54:30.000  -12.843704459  131.132742158   120.9091   5   8   3.4344   3.8910   9.8714  -1.3739   2.3963  -3.1731   0.00    0.0
2014/12/27 23:55:00.000  -12.843704101  131.132743531   120.8212   5   8   3.4284   3.8928   9.9175  -1.3756   2.4137  -3.1641   0.00    0.0
2014/12/27 23:55:30.000  -12.843704545  131.132743487   120.7123   5   8   3.4225   3.8946   9.9642  -1.3770   2.4310  -3.1549   0.00    0.0
2014/12/27 23:56:00.000  -12.843704291  131.132744341   120.8445   5   8   3.4167   3.8965  10.0113  -1.3783   2.4481  -3.1455   0.00    0.0
2014/12/27 23:56:30.000  -12.843703909  131.132744053   120.7797   5   8   3.4108   3.8983  10.0591  -1.3794   2.4651  -3.1359   0.00    0.0
2014/12/27 23:57:00.000  -12.843703825  131.132742528   120.6803   5   8   3.4050   3.9002  10.1073  -1.3804   2.4819  -3.1260   0.00    0.0
2014/12/27 23:57:30.000  -12.843704091  131.132741693   120.7195   5   8   3.3992   3.9021  10.1560  -1.3811   2.4987  -3.1159   0.00    0.0
2014/12/27 23:58:00.000  -12.843704756  131.132741300   120.7743   5   8   3.3935   3.9040  10.2053  -1.3816   2.5153  -3.1056   0.00    0.0
2014/12/27 23:58:30.000  -12.843705297  131.132743061   120.8828   5   8   3.3878   3.9059  10.2550  -1.3820   2.5317  -3.0950   0.00    0.0
2014/12/27 23:59:00.000  -12.843705434  131.132743806   120.6822   5   8   3.3821   3.9078  10.3052  -1.3822   2.5480  -3.0841   0.00    0.0
2014/12/27 23:59:30.000  -12.843705136  131.132744356   120.7008   5   8   3.3765   3.9098  10.3559  -1.3822   2.5642  -3.0730   0.00    0.0
