% program   : RTKPOST-QT ver.2.4.3 Emlid b28
% inp file  : /media/renato/OPERATION/Research/In preparation/ION ITM 2021/data/darw1180.14o
% inp file  : /media/renato/OPERATION/Research/In preparation/ION ITM 2021/data/brdc1180.14n
% obs start : 2014/04/28 00:00:00.0 GPST (week1790  86400.0s)
% obs end   : 2014/04/28 23:59:30.0 GPST (week1790 172770.0s)
%
% (lat/lon/height=WGS84/ellipsoidal,Q=1:fix,2:float,3:sbas,4:dgps,5:single,6:ppp,ns=# of satellites)
%  GPST                  latitude(deg) longitude(deg)  height(m)   Q  ns   sdn(m)   sde(m)   sdu(m)  sdne(m)  sdeu(m)  sdun(m) age(s)  ratio
2014/04/28 00:00:00.000  -12.843704005  131.132741142   128.1920   5   7   2.4053   2.8293   9.6123   0.8357  -2.5445   0.9679   0.00    0.0
2014/04/28 00:00:30.000  -12.843704457  131.132741842   127.9841   5   7   2.4105   2.8307   9.5841   0.8402  -2.5234   0.9834   0.00    0.0
2014/04/28 00:01:00.000  -12.843704798  131.132741186   127.8424   5   7   2.4158   2.8322   9.5550   0.8447  -2.5019   0.9985   0.00    0.0
2014/04/28 00:01:30.000  -12.843705541  131.132740873   127.8981   5   7   2.4212   2.8337   9.5249   0.8492  -2.4800   1.0131   0.00    0.0
2014/04/28 00:02:00.000  -12.843706096  131.132740766   127.6652   5   7   2.4267   2.8352   9.4940   0.8538  -2.4578   1.0272   0.00    0.0
2014/04/28 00:02:30.000  -12.843707147  131.132741430   127.7902   5   7   2.4322   2.8368   9.4621   0.8584  -2.4351   1.0408   0.00    0.0
2014/04/28 00:03:00.000  -12.843708105  131.132741149   128.1499   5   7   2.4378   2.8384   9.4295   0.8630  -2.4122   1.0540   0.00    0.0
2014/04/28 00:03:30.000  -12.843707768  131.132739376   128.4686   5   7   2.4435   2.8400   9.3962   0.8677  -2.3889   1.0668   0.00    0.0
2014/04/28 00:04:00.000  -12.843708527  131.132739927   128.6370   5   7   2.4492   2.8417   9.3622   0.8724  -2.3653   1.0791   0.00    0.0
2014/04/28 00:04:30.000  -12.843709397  131.132739644   129.0596   5   7   2.4551   2.8434   9.3276   0.8772  -2.3413   1.0909   0.00    0.0
2014/04/28 00:05:00.000  -12.843709235  131.132740313   129.3244   5   7   2.4610   2.8452   9.2924   0.8819  -2.3171   1.1023   0.00    0.0
2014/04/28 00:05:30.000  -12.843708826  131.132742094   129.3874   5   7   2.4669   2.8470   9.2567   0.8867  -2.2926   1.1133   0.00    0.0
2014/04/28 00:06:00.000  -12.843708671  131.132743591   129.1967   5   7   2.4730   2.8488   9.2205   0.8916  -2.2678   1.1238   0.00    0.0
2014/04/28 00:06:30.000  -12.843708477  131.132743976   128.7271   5   7   2.4791   2.8507   9.1839   0.8964  -2.2427   1.1339   0.00    0.0
2014/04/28 00:07:00.000  -12.843708023  131.132743285   128.4584   5   7   2.4853   2.8526   9.1469   0.9013  -2.2174   1.1436   0.00    0.0
2014/04/28 00:07:30.000  -12.843708699  131.132743215   128.0794   5   7   2.4916   2.8546   9.1096   0.9062  -2.1919   1.1529   0.00    0.0
2014/04/28 00:08:00.000  -12.843708914  131.132742428   128.0932   5   7   2.4980   2.8567   9.0720   0.9112  -2.1661   1.1618   0.00    0.0
2014/04/28 00:08:30.000  -12.843708553  131.132741657   128.3500   5   7   2.5044   2.8588   9.0342   0.9162  -2.1400   1.1702   0.00    0.0
2014/04/28 00:09:00.000  -12.843708195  131.132741118   128.4230   5   7   2.5109   2.8609   8.9961   0.9211  -2.1137   1.1783   0.00    0.0
2014/04/28 00:09:30.000  -12.843708293  131.132741747   128.5307   5   7   2.5175   2.8631   8.9579   0.9262  -2.0872   1.1859   0.00    0.0
2014/04/28 00:10:00.000  -12.843708325  131.132743584   128.2534   5   7   2.5241   2.8653   8.9196   0.9312  -2.0605   1.1932   0.00    0.0
2014/04/28 00:10:30.000  -12.843708201  131.132743992   127.9669   5   7   2.5308   2.8676   8.8811   0.9362  -2.0335   1.2001   0.00    0.0
2014/04/28 00:11:00.000  -12.843707906  131.132743640   127.7163   5   7   2.5376   2.8700   8.8426   0.9413  -2.0064   1.2066   0.00    0.0
2014/04/28 00:11:30.000  -12.843708372  131.132742989   127.4507   5   7   2.5444   2.8724   8.8041   0.9463  -1.9790   1.2127   0.00    0.0
2014/04/28 00:12:00.000  -12.843708335  131.132742363   127.8981   5   7   2.5513   2.8748   8.7656   0.9514  -1.9514   1.2184   0.00    0.0
2014/04/28 00:12:30.000  -12.843708257  131.132741168   128.2577   5   7   2.5583   2.8773   8.7271   0.9565  -1.9236   1.2238   0.00    0.0
2014/04/28 00:13:00.000  -12.843707294  131.132740234   128.2865   5   7   2.5654   2.8799   8.6886   0.9616  -1.8955   1.2289   0.00    0.0
2014/04/28 00:13:30.000  -12.843707059  131.132739369   128.5892   5   7   2.5725   2.8825   8.6503   0.9667  -1.8673   1.2335   0.00    0.0
2014/04/28 00:14:00.000  -12.843708249  131.132741333   128.2817   5   7   2.5797   2.8852   8.6121   0.9718  -1.8388   1.2378   0.00    0.0
2014/04/28 00:14:30.000  -12.843709771  131.132742830   128.3281   5   7   2.5869   2.8879   8.5740   0.9768  -1.8101   1.2418   0.00    0.0
2014/04/28 00:15:00.000  -12.843709444  131.132743253   128.3517   5   7   2.5942   2.8907   8.5361   0.9819  -1.7812   1.2454   0.00    0.0
2014/04/28 00:15:30.000  -12.843708992  131.132742961   128.3365   5   7   2.6016   2.8936   8.4984   0.9870  -1.7520   1.2487   0.00    0.0
2014/04/28 00:16:00.000  -12.843708979  131.132742164   128.1574   5   7   2.6090   2.8965   8.4608   0.9920  -1.7226   1.2516   0.00    0.0
2014/04/28 00:16:30.000  -12.843708816  131.132741950   127.9301   5   7   2.6165   2.8994   8.4235   0.9971  -1.6929   1.2542   0.00    0.0
2014/04/28 00:17:00.000  -12.843708188  131.132742614   127.8437   5   7   2.6241   2.9025   8.3865   1.0021  -1.6629   1.2565   0.00    0.0
2014/04/28 00:17:30.000  -12.843708412  131.132744544   127.8277   5   7   2.6317   2.9055   8.3497   1.0071  -1.6327   1.2584   0.00    0.0
2014/04/28 00:18:00.000  -12.843709048  131.132743563   127.9706   5   7   2.6394   2.9087   8.3132   1.0121  -1.6022   1.2601   0.00    0.0
2014/04/28 00:18:30.000  -12.843712975  131.132746882   125.3870   5   6   3.0883   3.3500  13.0385  -1.2650  -4.3767   4.1972   0.00    0.0
2014/04/28 00:19:00.000  -12.843712838  131.132747782   125.3027   5   6   3.0940   3.3433  12.9542  -1.2475  -4.3282   4.1801   0.00    0.0
2014/04/28 00:19:30.000  -12.843711813  131.132748584   125.3355   5   6   3.0997   3.3367  12.8693  -1.2296  -4.2794   4.1624   0.00    0.0
2014/04/28 00:20:00.000  -12.843711940  131.132748881   125.5705   5   6   3.1052   3.3303  12.7841  -1.2113  -4.2303   4.1441   0.00    0.0
2014/04/28 00:20:30.000  -12.843712206  131.132748779   125.9224   5   6   3.1107   3.3241  12.6986  -1.1927  -4.1811   4.1252   0.00    0.0
2014/04/28 00:21:00.000  -12.843713071  131.132748653   126.1194   5   6   3.1162   3.3180  12.6130  -1.1737  -4.1317   4.1058   0.00    0.0
2014/04/28 00:21:30.000  -12.843713441  131.132749534   125.9756   5   6   3.1216   3.3122  12.5274  -1.1543  -4.0823   4.0859   0.00    0.0
2014/04/28 00:22:00.000  -12.843713790  131.132750207   125.7142   5   6   3.1269   3.3065  12.4418  -1.1346  -4.0328   4.0656   0.00    0.0
2014/04/28 00:22:30.000  -12.843714451  131.132751046   125.3000   5   6   3.1322   3.3010  12.3564  -1.1145  -3.9832   4.0448   0.00    0.0
2014/04/28 00:23:00.000  -12.843714257  131.132750902   125.1228   5   6   3.1374   3.2958  12.2712  -1.0941  -3.9337   4.0237   0.00    0.0
2014/04/28 00:23:30.000  -12.843713803  131.132750821   125.5979   5   6   3.1426   3.2907  12.1863  -1.0734  -3.8841   4.0022   0.00    0.0
2014/04/28 00:24:00.000  -12.843713706  131.132749937   126.0133   5   6   3.1478   3.2859  12.1018  -1.0523  -3.8347   3.9803   0.00    0.0
2014/04/28 00:24:30.000  -12.843714831  131.132750918   125.6643   5   6   3.1529   3.2813  12.0178  -1.0309  -3.7853   3.9582   0.00    0.0
2014/04/28 00:25:00.000  -12.843716916  131.132750989   125.2447   5   6   3.1580   3.2769  11.9343  -1.0092  -3.7360   3.9358   0.00    0.0
2014/04/28 00:25:30.000  -12.843716639  131.132750062   124.9193   5   6   3.1631   3.2727  11.8514  -0.9872  -3.6868   3.9131   0.00    0.0
2014/04/28 00:26:00.000  -12.843714802  131.132748669   125.2107   5   6   3.1682   3.2687  11.7691  -0.9648  -3.6378   3.8901   0.00    0.0
2014/04/28 00:26:30.000  -12.843713354  131.132748314   125.6041   5   6   3.1732   3.2650  11.6874  -0.9421  -3.5889   3.8670   0.00    0.0
2014/04/28 00:27:00.000  -12.843711741  131.132747668   126.0461   5   6   3.1783   3.2615  11.6065  -0.9190  -3.5402   3.8436   0.00    0.0
2014/04/28 00:27:30.000  -12.843710384  131.132747863   126.1172   5   6   3.1833   3.2582  11.5264  -0.8956  -3.4917   3.8200   0.00    0.0
2014/04/28 00:28:00.000  -12.843711239  131.132748944   125.6898   5   6   3.1884   3.2551  11.4471  -0.8718  -3.4433   3.7963   0.00    0.0
2014/04/28 00:28:30.000  -12.843712857  131.132750682   125.0394   5   6   3.1934   3.2523  11.3686  -0.8476  -3.3951   3.7725   0.00    0.0
2014/04/28 00:29:00.000  -12.843714092  131.132751924   125.0762   5   6   3.1984   3.2496  11.2910  -0.8230  -3.3471   3.7484   0.00    0.0
2014/04/28 00:29:30.000  -12.843713945  131.132751938   125.3387   5   6   3.2035   3.2472  11.2142  -0.7980  -3.2994   3.7243   0.00    0.0
2014/04/28 00:30:00.000  -12.843713717  131.132750362   125.3258   5   6   3.2085   3.2450  11.1384  -0.7726  -3.2518   3.7000   0.00    0.0
2014/04/28 00:30:30.000  -12.843713736  131.132749468   125.1045   5   6   3.2136   3.2431  11.0635  -0.7467  -3.2044   3.6756   0.00    0.0
2014/04/28 00:31:00.000  -12.843713654  131.132749000   125.1282   5   6   3.2186   3.2413  10.9896  -0.7202  -3.1572   3.6512   0.00    0.0
2014/04/28 00:31:30.000  -12.843713407  131.132749369   125.3036   5   6   3.2237   3.2398  10.9167  -0.6932  -3.1103   3.6266   0.00    0.0
2014/04/28 00:32:00.000  -12.843713807  131.132749495   125.4853   5   6   3.2288   3.2385  10.8447  -0.6655  -3.0635   3.6019   0.00    0.0
2014/04/28 00:32:30.000  -12.843714317  131.132748853   126.0919   5   6   3.2339   3.2373  10.7738  -0.6372  -3.0170   3.5772   0.00    0.0
2014/04/28 00:33:00.000  -12.843715463  131.132749229   126.0998   5   6   3.2390   3.2364  10.7038  -0.6081  -2.9706   3.5524   0.00    0.0
2014/04/28 00:33:30.000  -12.843716784  131.132749577   125.9214   5   6   3.2441   3.2357  10.6349  -0.5781  -2.9244   3.5275   0.00    0.0
2014/04/28 00:34:00.000  -12.843716115  131.132748994   125.9910   5   6   3.2493   3.2352  10.5670  -0.5471  -2.8784   3.5026   0.00    0.0
2014/04/28 00:34:30.000  -12.843715723  131.132749534   126.0382   5   6   3.2544   3.2349  10.5001  -0.5149  -2.8326   3.4776   0.00    0.0
2014/04/28 00:35:00.000  -12.843716122  131.132750872   125.6239   5   6   3.2596   3.2348  10.4343  -0.4813  -2.7869   3.4525   0.00    0.0
2014/04/28 00:35:30.000  -12.843717415  131.132751462   125.3243   5   6   3.2648   3.2348  10.3695  -0.4459  -2.7414   3.4274   0.00    0.0
2014/04/28 00:36:00.000  -12.843718479  131.132750605   125.0055   5   6   3.2700   3.2351  10.3057  -0.4084  -2.6960   3.4022   0.00    0.0
2014/04/28 00:36:30.000  -12.843718622  131.132750353   125.4759   5   6   3.2752   3.2355  10.2430  -0.3682  -2.6507   3.3770   0.00    0.0
2014/04/28 00:37:00.000  -12.843719756  131.132750541   125.4513   5   6   3.2804   3.2362  10.1813  -0.3241  -2.6056   3.3517   0.00    0.0
2014/04/28 00:37:30.000  -12.843720682  131.132751091   125.6817   5   6   3.2857   3.2370  10.1206  -0.2744  -2.5606   3.3263   0.00    0.0
2014/04/28 00:38:00.000  -12.843721017  131.132750110   125.7306   5   6   3.2909   3.2380  10.0610  -0.2152  -2.5156   3.3009   0.00    0.0
2014/04/28 00:38:30.000  -12.843719796  131.132749126   126.1471   5   6   3.2962   3.2391  10.0024  -0.1346  -2.4707   3.2755   0.00    0.0
2014/04/28 00:39:00.000  -12.843720494  131.132749446   127.0224   5   7   3.1614   3.2386   9.1353   0.3376  -2.5133   3.7819   0.00    0.0
2014/04/28 00:39:30.000  -12.843719623  131.132750172   126.7773   5   7   3.1613   3.2398   9.0963   0.3901  -2.4767   3.7628   0.00    0.0
2014/04/28 00:40:00.000  -12.843719449  131.132751252   126.4357   5   7   3.1612   3.2411   9.0578   0.4357  -2.4400   3.7436   0.00    0.0
2014/04/28 00:40:30.000  -12.843719123  131.132751469   126.2691   5   7   3.1610   3.2425   9.0197   0.4763  -2.4033   3.7244   0.00    0.0
2014/04/28 00:41:00.000  -12.843719262  131.132751189   126.3774   5   7   3.1607   3.2441   8.9820   0.5131  -2.3665   3.7050   0.00    0.0
2014/04/28 00:41:30.000  -12.843719088  131.132751134   126.5603   5   7   3.1605   3.2458   8.9447   0.5468  -2.3296   3.6856   0.00    0.0
2014/04/28 00:42:00.000  -12.843718561  131.132752009   126.6679   5   7   3.1601   3.2477   8.9079   0.5780  -2.2928   3.6660   0.00    0.0
2014/04/28 00:42:30.000  -12.843717964  131.132752765   126.7035   5   7   3.1597   3.2497   8.8716   0.6070  -2.2558   3.6465   0.00    0.0
2014/04/28 00:43:00.000  -12.843718660  131.132752330   126.8405   5   7   3.1593   3.2518   8.8357   0.6342  -2.2188   3.6268   0.00    0.0
2014/04/28 00:43:30.000  -12.843719635  131.132752328   126.7570   5   7   3.1588   3.2540   8.8003   0.6597  -2.1816   3.6070   0.00    0.0
2014/04/28 00:44:00.000  -12.843719892  131.132751627   126.6141   5   7   3.1582   3.2564   8.7653   0.6838  -2.1444   3.5872   0.00    0.0
2014/04/28 00:44:30.000  -12.843720145  131.132751609   126.7703   5   7   3.1576   3.2590   8.7309   0.7066  -2.1070   3.5674   0.00    0.0
2014/04/28 00:45:00.000  -12.843720841  131.132751025   126.8544   5   7   3.1570   3.2616   8.6969   0.7281  -2.0695   3.5475   0.00    0.0
2014/04/28 00:45:30.000  -12.843721756  131.132750700   126.5858   5   7   3.1563   3.2644   8.6634   0.7486  -2.0318   3.5275   0.00    0.0
2014/04/28 00:46:00.000  -12.843720494  131.132750266   126.7216   5   7   3.1556   3.2673   8.6305   0.7681  -1.9940   3.5074   0.00    0.0
2014/04/28 00:46:30.000  -12.843721102  131.132751122   126.5999   5   7   3.1549   3.2703   8.5980   0.7866  -1.9559   3.4873   0.00    0.0
2014/04/28 00:47:00.000  -12.843721825  131.132751851   126.1380   5   7   3.1541   3.2735   8.5660   0.8043  -1.9177   3.4672   0.00    0.0
2014/04/28 00:47:30.000  -12.843721091  131.132752697   126.0228   5   7   3.1532   3.2767   8.5346   0.8211  -1.8791   3.4470   0.00    0.0
2014/04/28 00:48:00.000  -12.843720770  131.132753127   126.1550   5   7   3.1524   3.2801   8.5036   0.8372  -1.8403   3.4268   0.00    0.0
2014/04/28 00:48:30.000  -12.843720835  131.132753146   126.0775   5   7   3.1515   3.2836   8.4732   0.8525  -1.8012   3.4065   0.00    0.0
2014/04/28 00:49:00.000  -12.843720559  131.132753306   126.1312   5   7   3.1505   3.2873   8.4433   0.8672  -1.7618   3.3861   0.00    0.0
2014/04/28 00:49:30.000  -12.843720440  131.132753085   125.9873   5   7   3.1496   3.2910   8.4139   0.8811  -1.7220   3.3658   0.00    0.0
2014/04/28 00:50:00.000  -12.843719755  131.132752560   126.1866   5   7   3.1486   3.2948   8.3851   0.8945  -1.6817   3.3453   0.00    0.0
2014/04/28 00:50:30.000  -12.843719210  131.132753018   126.3085   5   7   3.1475   3.2988   8.3567   0.9072  -1.6410   3.3249   0.00    0.0
2014/04/28 00:51:00.000  -12.843719508  131.132753129   126.4436   5   7   3.1464   3.3029   8.3289   0.9194  -1.5997   3.3044   0.00    0.0
2014/04/28 00:51:30.000  -12.843720241  131.132752536   126.3486   5   7   3.1453   3.3071   8.3016   0.9310  -1.5579   3.2838   0.00    0.0
2014/04/28 00:52:00.000  -12.843719616  131.132752724   126.2763   5   7   3.1442   3.3114   8.2749   0.9420  -1.5154   3.2632   0.00    0.0
2014/04/28 00:52:30.000  -12.843719573  131.132752188   126.2584   5   7   3.1431   3.3158   8.2487   0.9525  -1.4722   3.2425   0.00    0.0
2014/04/28 00:53:00.000  -12.843720396  131.132752113   126.0308   5   7   3.1419   3.3203   8.2229   0.9626  -1.4282   3.2218   0.00    0.0
2014/04/28 00:53:30.000  -12.843720150  131.132751908   126.2842   5   7   3.1407   3.3250   8.1978   0.9721  -1.3833   3.2011   0.00    0.0
2014/04/28 00:54:00.000  -12.843719760  131.132751796   126.7602   5   7   3.1394   3.3297   8.1731   0.9812  -1.3374   3.1803   0.00    0.0
2014/04/28 00:54:30.000  -12.843719059  131.132751750   127.0231   5   7   3.1382   3.3346   8.1490   0.9898  -1.2904   3.1595   0.00    0.0
2014/04/28 00:55:00.000  -12.843718952  131.132753267   127.1706   5   7   3.1369   3.3395   8.1254   0.9980  -1.2421   3.1386   0.00    0.0
2014/04/28 00:55:30.000  -12.843720766  131.132754014   126.7568   5   7   3.1356   3.3446   8.1024   1.0057  -1.1923   3.1176   0.00    0.0
2014/04/28 00:56:00.000  -12.843722252  131.132754980   126.4160   5   7   3.1342   3.3497   8.0798   1.0130  -1.1408   3.0966   0.00    0.0
2014/04/28 00:56:30.000  -12.843721766  131.132755998   126.6917   5   7   3.1329   3.3550   8.0578   1.0199  -1.0874   3.0756   0.00    0.0
2014/04/28 00:57:00.000  -12.843720607  131.132755165   126.8999   5   7   3.1315   3.3604   8.0363   1.0264  -1.0316   3.0545   0.00    0.0
2014/04/28 00:57:30.000  -12.843719526  131.132755178   126.8390   5   7   3.1301   3.3659   8.0154   1.0325  -0.9732   3.0333   0.00    0.0
2014/04/28 00:58:00.000  -12.843718421  131.132755319   126.9084   5   7   3.1287   3.3715   7.9949   1.0382  -0.9116   3.0121   0.00    0.0
2014/04/28 00:58:30.000  -12.843719290  131.132754195   126.8675   5   7   3.1273   3.3772   7.9750   1.0435  -0.8460   2.9908   0.00    0.0
2014/04/28 00:59:00.000  -12.843719533  131.132753686   126.8826   5   7   3.1258   3.3829   7.9556   1.0484  -0.7754   2.9695   0.00    0.0
2014/04/28 00:59:30.000  -12.843720735  131.132754037   126.9723   5   7   3.1244   3.3889   7.9367   1.0530  -0.6981   2.9481   0.00    0.0
2014/04/28 01:00:00.000  -12.843721553  131.132754391   126.9250   5   7   3.1229   3.3949   7.9184   1.0571  -0.6118   2.9266   0.00    0.0
2014/04/28 01:00:30.000  -12.843721453  131.132754576   126.7856   5   7   3.1215   3.4010   7.9005   1.0610  -0.5117   2.9050   0.00    0.0
2014/04/28 01:01:00.000  -12.843720899  131.132753611   126.7734   5   7   3.1200   3.4072   7.8832   1.0645  -0.3873   2.8834   0.00    0.0
2014/04/28 01:01:30.000  -12.843721107  131.132752329   126.8713   5   7   3.1185   3.4135   7.8664   1.0676  -0.1966   2.8617   0.00    0.0
2014/04/28 01:02:00.000  -12.843721986  131.132751633   126.8770   5   7   3.1170   3.4200   7.8501   1.0704   0.2687   2.8399   0.00    0.0
2014/04/28 01:02:30.000  -12.843722379  131.132750999   126.7081   5   7   3.1155   3.4265   7.8343   1.0728   0.4273   2.8180   0.00    0.0
2014/04/28 01:03:00.000  -12.843722803  131.132751398   126.8249   5   7   3.1139   3.4331   7.8191   1.0749   0.5410   2.7961   0.00    0.0
2014/04/28 01:03:30.000  -12.843722150  131.132752979   126.9500   5   7   3.1124   3.4399   7.8043   1.0767   0.6343   2.7740   0.00    0.0
2014/04/28 01:04:00.000  -12.843716754  131.132756717   125.8703   5   6   3.3899   3.4867   8.6765   1.3678  -1.2240   1.5581   0.00    0.0
2014/04/28 01:04:30.000  -12.843716048  131.132756734   126.0531   5   6   3.3872   3.4926   8.6749   1.3646  -1.1727   1.5117   0.00    0.0
2014/04/28 01:05:00.000  -12.843715991  131.132756530   125.6553   5   6   3.3846   3.4985   8.6738   1.3612  -1.1186   1.4640   0.00    0.0
2014/04/28 01:05:30.000  -12.843716038  131.132755789   125.3175   5   6   3.3819   3.5046   8.6731   1.3574  -1.0614   1.4149   0.00    0.0
2014/04/28 01:06:00.000  -12.843716835  131.132754384   125.2390   5   6   3.3794   3.5108   8.6729   1.3533  -1.0004   1.3642   0.00    0.0
2014/04/28 01:06:30.000  -12.843715196  131.132754126   125.4479   5   6   3.3768   3.5171   8.6731   1.3489  -0.9349   1.3118   0.00    0.0
2014/04/28 01:07:00.000  -12.843714261  131.132754996   125.5463   5   6   3.3743   3.5235   8.6738   1.3442  -0.8639   1.2573   0.00    0.0
2014/04/28 01:07:30.000  -12.843714528  131.132756161   125.5488   5   6   3.3718   3.5300   8.6749   1.3391  -0.7858   1.2005   0.00    0.0
2014/04/28 01:08:00.000  -12.843714786  131.132755964   125.3797   5   6   3.3694   3.5367   8.6765   1.3338  -0.6982   1.1411   0.00    0.0
2014/04/28 01:08:30.000  -12.843714608  131.132755093   125.5558   5   6   3.3670   3.5435   8.6785   1.3281  -0.5970   1.0785   0.00    0.0
2014/04/28 01:09:00.000  -12.843713797  131.132754622   125.7479   5   6   3.3646   3.5504   8.6810   1.3221  -0.4733   1.0123   0.00    0.0
2014/04/28 01:09:30.000  -12.843712695  131.132754340   125.8775   5   6   3.3623   3.5574   8.6839   1.3158  -0.3006   0.9415   0.00    0.0
2014/04/28 01:10:00.000  -12.843712731  131.132755307   125.9222   5   6   3.3600   3.5646   8.6873   1.3091   0.2112   0.8650   0.00    0.0
2014/04/28 01:10:30.000  -12.843712850  131.132755343   125.8916   5   6   3.3578   3.5718   8.6911   1.3022   0.4254   0.7813   0.00    0.0
2014/04/28 01:11:00.000  -12.843712333  131.132755865   125.9393   5   6   3.3556   3.5793   8.6954   1.2948   0.5645   0.6875   0.00    0.0
2014/04/28 01:11:30.000  -12.843712456  131.132756384   125.8897   5   6   3.3535   3.5868   8.7001   1.2871   0.6767   0.5788   0.00    0.0
2014/04/28 01:12:00.000  -12.843712857  131.132756394   125.7294   5   6   3.3514   3.5945   8.7053   1.2791   0.7738   0.4443   0.00    0.0
2014/04/28 01:12:30.000  -12.843712758  131.132756600   125.4080   5   6   3.3493   3.6024   8.7109   1.2707   0.8609   0.2447   0.00    0.0
2014/04/28 01:13:00.000  -12.843711719  131.132756196   125.5846   5   6   3.3474   3.6104   8.7170   1.2620   0.9408  -0.2786   0.00    0.0
2014/04/28 01:13:30.000  -12.843710977  131.132756431   125.5694   5   6   3.3454   3.6185   8.7235   1.2529   1.0154  -0.4639   0.00    0.0
2014/04/28 01:14:00.000  -12.843710513  131.132756815   125.8391   5   7   3.2542   3.2422   7.3464   0.5460  -2.5475  -1.9935   0.00    0.0
2014/04/28 01:14:30.000  -12.843710585  131.132756730   125.7536   5   7   3.2558   3.2438   7.3533   0.5348  -2.5335  -2.0109   0.00    0.0
2014/04/28 01:15:00.000  -12.843710607  131.132756500   125.5547   5   7   3.2574   3.2455   7.3604   0.5231  -2.5194  -2.0283   0.00    0.0
2014/04/28 01:15:30.000  -12.843710742  131.132755920   125.5972   5   7   3.2591   3.2473   7.3676   0.5108  -2.5052  -2.0456   0.00    0.0
2014/04/28 01:16:00.000  -12.843711522  131.132755782   125.6139   5   7   3.2607   3.2491   7.3749   0.4980  -2.4909  -2.0628   0.00    0.0
2014/04/28 01:16:30.000  -12.843711644  131.132755326   125.5204   5   7   3.2623   3.2510   7.3823   0.4845  -2.4764  -2.0799   0.00    0.0
2014/04/28 01:17:00.000  -12.843711428  131.132755203   125.6604   5   7   3.2640   3.2530   7.3899   0.4704  -2.4618  -2.0969   0.00    0.0
2014/04/28 01:17:30.000  -12.843710619  131.132755349   125.8295   5   7   3.2657   3.2551   7.3975   0.4556  -2.4470  -2.1138   0.00    0.0
2014/04/28 01:18:00.000  -12.843709585  131.132756572   126.0840   5   7   3.2673   3.2573   7.4053   0.4400  -2.4322  -2.1307   0.00    0.0
2014/04/28 01:18:30.000  -12.843709718  131.132757347   125.8644   5   7   3.2690   3.2595   7.4133   0.4236  -2.4172  -2.1474   0.00    0.0
2014/04/28 01:19:00.000  -12.843709699  131.132758241   125.7693   5   7   3.2708   3.2618   7.4213   0.4062  -2.4020  -2.1641   0.00    0.0
2014/04/28 01:19:30.000  -12.843708266  131.132758681   125.7189   5   7   3.2725   3.2642   7.4294   0.3877  -2.3867  -2.1807   0.00    0.0
2014/04/28 01:20:00.000  -12.843707824  131.132759091   125.7701   5   7   3.2742   3.2667   7.4377   0.3680  -2.3713  -2.1972   0.00    0.0
2014/04/28 01:20:30.000  -12.843707811  131.132758744   125.8546   5   7   3.2760   3.2692   7.4461   0.3469  -2.3557  -2.2137   0.00    0.0
2014/04/28 01:21:00.000  -12.843708350  131.132757704   125.9221   5   7   3.2778   3.2718   7.4546   0.3241  -2.3400  -2.2301   0.00    0.0
2014/04/28 01:21:30.000  -12.843708785  131.132757765   125.9719   5   7   3.2796   3.2746   7.4632   0.2992  -2.3241  -2.2464   0.00    0.0
2014/04/28 01:22:00.000  -12.843709183  131.132757319   125.7462   5   7   3.2814   3.2773   7.4719   0.2716  -2.3081  -2.2626   0.00    0.0
2014/04/28 01:22:30.000  -12.843709197  131.132757379   125.8188   5   7   3.2833   3.2802   7.4807   0.2405  -2.2919  -2.2788   0.00    0.0
2014/04/28 01:23:00.000  -12.843709369  131.132756674   125.9044   5   7   3.2852   3.2832   7.4897   0.2043  -2.2756  -2.2949   0.00    0.0
2014/04/28 01:23:30.000  -12.843709459  131.132756921   125.9166   5   7   3.2871   3.2862   7.4987   0.1595  -2.2591  -2.3109   0.00    0.0
2014/04/28 01:24:00.000  -12.843708550  131.132757048   125.7737   5   7   3.2890   3.2893   7.5079   0.0946  -2.2424  -2.3269   0.00    0.0
2014/04/28 01:24:30.000  -12.843707968  131.132758065   125.7927   5   7   3.2909   3.2925   7.5171  -0.0877  -2.2256  -2.3428   0.00    0.0
2014/04/28 01:25:00.000  -12.843706953  131.132758993   125.9322   5   7   3.2929   3.2958   7.5265  -0.1566  -2.2086  -2.3586   0.00    0.0
2014/04/28 01:25:30.000  -12.843707091  131.132758875   125.6728   5   7   3.2949   3.2992   7.5359  -0.2037  -2.1914  -2.3744   0.00    0.0
2014/04/28 01:26:00.000  -12.843707168  131.132758474   125.8566   5   7   3.2969   3.3026   7.5455  -0.2421  -2.1740  -2.3901   0.00    0.0
2014/04/28 01:26:30.000  -12.843707266  131.132757316   125.7660   5   7   3.2990   3.3061   7.5551  -0.2755  -2.1565  -2.4057   0.00    0.0
2014/04/28 01:27:00.000  -12.843707433  131.132756680   125.8326   5   7   3.3010   3.3097   7.5648  -0.3055  -2.1387  -2.4213   0.00    0.0
2014/04/28 01:27:30.000  -12.843708539  131.132757424   126.1266   5   7   3.3031   3.3134   7.5746  -0.3331  -2.1208  -2.4368   0.00    0.0
2014/04/28 01:28:00.000  -12.843709010  131.132758041   126.3411   5   7   3.3052   3.3172   7.5845  -0.3586  -2.1027  -2.4523   0.00    0.0
2014/04/28 01:28:30.000  -12.843708292  131.132757156   126.3248   5   7   3.3074   3.3211   7.5945  -0.3827  -2.0844  -2.4677   0.00    0.0
2014/04/28 01:29:00.000  -12.843708154  131.132757389   126.1622   5   7   3.3096   3.3250   7.6046  -0.4055  -2.0660  -2.4830   0.00    0.0
2014/04/28 01:29:30.000  -12.843707280  131.132757541   126.1999   5   7   3.3118   3.3291   7.6147  -0.4271  -2.0473  -2.4983   0.00    0.0
2014/04/28 01:30:00.000  -12.843706810  131.132758169   126.0033   5   7   3.3140   3.3332   7.6249  -0.4479  -2.0284  -2.5135   0.00    0.0
2014/04/28 01:30:30.000  -12.843707745  131.132758555   125.7888   5   7   3.3163   3.3374   7.6352  -0.4678  -2.0093  -2.5286   0.00    0.0
2014/04/28 01:31:00.000  -12.843707925  131.132758289   125.6585   5   7   3.3185   3.3416   7.6455  -0.4870  -1.9899  -2.5436   0.00    0.0
2014/04/28 01:31:30.000  -12.843708969  131.132760734   125.6083   5   7   3.3208   3.3460   7.6559  -0.5056  -1.9704  -2.5586   0.00    0.0
2014/04/28 01:32:00.000  -12.843709027  131.132759365   125.7133   5   7   3.3232   3.3504   7.6664  -0.5236  -1.9507  -2.5735   0.00    0.0
2014/04/28 01:32:30.000  -12.843709312  131.132758241   125.5700   5   7   3.3255   3.3550   7.6769  -0.5411  -1.9307  -2.5884   0.00    0.0
2014/04/28 01:33:00.000  -12.843709113  131.132758359   125.4360   5   7   3.3279   3.3596   7.6874  -0.5580  -1.9105  -2.6032   0.00    0.0
2014/04/28 01:33:30.000  -12.843709057  131.132758456   125.7610   5   7   3.3303   3.3643   7.6980  -0.5745  -1.8901  -2.6178   0.00    0.0
2014/04/28 01:34:00.000  -12.843708831  131.132758569   125.8242   5   7   3.3328   3.3690   7.7087  -0.5906  -1.8694  -2.6325   0.00    0.0
2014/04/28 01:34:30.000  -12.843708703  131.132757932   125.7916   5   7   3.3353   3.3739   7.7193  -0.6063  -1.8485  -2.6470   0.00    0.0
2014/04/28 01:35:00.000  -12.843707720  131.132757232   126.0715   5   7   3.3377   3.3788   7.7300  -0.6217  -1.8273  -2.6614   0.00    0.0
2014/04/28 01:35:30.000  -12.843705585  131.132758601   126.1542   5   7   3.3403   3.3839   7.7408  -0.6366  -1.8059  -2.6758   0.00    0.0
2014/04/28 01:36:00.000  -12.843704842  131.132759428   125.6982   5   7   3.3428   3.3889   7.7515  -0.6513  -1.7843  -2.6901   0.00    0.0
2014/04/28 01:36:30.000  -12.843705222  131.132760724   125.8084   5   7   3.3454   3.3941   7.7623  -0.6656  -1.7624  -2.7043   0.00    0.0
2014/04/28 01:37:00.000  -12.843706256  131.132761878   125.8665   5   7   3.3480   3.3994   7.7730  -0.6796  -1.7402  -2.7184   0.00    0.0
2014/04/28 01:37:30.000  -12.843706712  131.132761330   125.9005   5   7   3.3506   3.4047   7.7838  -0.6934  -1.7177  -2.7323   0.00    0.0
2014/04/28 01:38:00.000  -12.843707238  131.132759907   125.8675   5   7   3.3532   3.4101   7.7946  -0.7068  -1.6950  -2.7462   0.00    0.0
2014/04/28 01:38:30.000  -12.843708105  131.132758663   125.9929   5   7   3.3558   3.4156   7.8053  -0.7200  -1.6720  -2.7600   0.00    0.0
2014/04/28 01:39:00.000  -12.843708336  131.132757804   126.3335   5   7   3.3585   3.4212   7.8160  -0.7330  -1.6487  -2.7737   0.00    0.0
2014/04/28 01:39:30.000  -12.843708329  131.132757896   126.2407   5   7   3.3612   3.4268   7.8267  -0.7456  -1.6251  -2.7873   0.00    0.0
2014/04/28 01:40:00.000  -12.843707688  131.132758667   125.8885   5   7   3.3639   3.4325   7.8374  -0.7581  -1.6012  -2.8008   0.00    0.0
2014/04/28 01:40:30.000  -12.843707758  131.132759678   125.7705   5   7   3.3666   3.4383   7.8481  -0.7702  -1.5770  -2.8141   0.00    0.0
2014/04/28 01:41:00.000  -12.843707862  131.132760688   125.7587   5   7   3.3694   3.4442   7.8587  -0.7822  -1.5525  -2.8274   0.00    0.0
2014/04/28 01:41:30.000  -12.843708588  131.132760300   125.5591   5   7   3.3722   3.4501   7.8692  -0.7939  -1.5277  -2.8405   0.00    0.0
2014/04/28 01:42:00.000  -12.843709259  131.132760133   125.1300   5   7   3.3749   3.4561   7.8797  -0.8054  -1.5025  -2.8535   0.00    0.0
2014/04/28 01:42:30.000  -12.843708694  131.132759782   125.1711   5   7   3.3777   3.4622   7.8902  -0.8167  -1.4770  -2.8663   0.00    0.0
2014/04/28 01:43:00.000  -12.843708098  131.132760037   125.2792   5   7   3.3805   3.4684   7.9005  -0.8277  -1.4511  -2.8790   0.00    0.0
2014/04/28 01:43:30.000  -12.843707206  131.132759762   125.4888   5   7   3.3833   3.4746   7.9108  -0.8385  -1.4249  -2.8916   0.00    0.0
2014/04/28 01:44:00.000  -12.843706776  131.132760299   125.4937   5   7   3.3861   3.4809   7.9210  -0.8491  -1.3983  -2.9040   0.00    0.0
2014/04/28 01:44:30.000  -12.843707503  131.132759469   125.7056   5   7   3.3890   3.4872   7.9311  -0.8595  -1.3714  -2.9163   0.00    0.0
2014/04/28 01:45:00.000  -12.843708790  131.132759200   126.0065   5   7   3.3918   3.4936   7.9411  -0.8697  -1.3440  -2.9284   0.00    0.0
2014/04/28 01:45:30.000  -12.843709077  131.132758292   126.2352   5   7   3.3946   3.5001   7.9510  -0.8796  -1.3162  -2.9404   0.00    0.0
2014/04/28 01:46:00.000  -12.843709381  131.132758030   126.5464   5   7   3.3975   3.5067   7.9608  -0.8894  -1.2880  -2.9522   0.00    0.0
2014/04/28 01:46:30.000  -12.843709602  131.132758315   126.9169   5   7   3.4003   3.5133   7.9705  -0.8989  -1.2593  -2.9639   0.00    0.0
2014/04/28 01:47:00.000  -12.843710127  131.132759479   127.1018   5   7   3.4032   3.5200   7.9801  -0.9082  -1.2301  -2.9753   0.00    0.0
2014/04/28 01:47:30.000  -12.843711173  131.132759325   126.8997   5   7   3.4060   3.5267   7.9895  -0.9173  -1.2005  -2.9866   0.00    0.0
2014/04/28 01:48:00.000  -12.843710634  131.132759556   126.6051   5   7   3.4089   3.5335   7.9988  -0.9262  -1.1704  -2.9977   0.00    0.0
2014/04/28 01:48:30.000  -12.843710471  131.132759367   126.6912   5   7   3.4117   3.5403   8.0079  -0.9349  -1.1397  -3.0087   0.00    0.0
2014/04/28 01:49:00.000  -12.843710938  131.132759453   126.7500   5   7   3.4146   3.5472   8.0169  -0.9434  -1.1084  -3.0194   0.00    0.0
2014/04/28 01:49:30.000  -12.843710357  131.132759268   126.4277   5   7   3.4174   3.5542   8.0257  -0.9517  -1.0765  -3.0300   0.00    0.0
2014/04/28 01:50:00.000  -12.843709734  131.132759139   125.9914   5   7   3.4202   3.5612   8.0344  -0.9597  -1.0439  -3.0403   0.00    0.0
2014/04/28 01:50:30.000  -12.843710202  131.132761270   125.7865   5   7   3.4230   3.5683   8.0429  -0.9676  -1.0107  -3.0504   0.00    0.0
2014/04/28 01:51:00.000  -12.843711018  131.132761567   125.7860   5   7   3.4258   3.5754   8.0511  -0.9752  -0.9766  -3.0604   0.00    0.0
2014/04/28 01:51:30.000  -12.843711522  131.132761370   125.9512   5   7   3.4286   3.5826   8.0593  -0.9826  -0.9418  -3.0701   0.00    0.0
2014/04/28 01:52:00.000  -12.843710602  131.132758410   126.3926   5   6   3.6199   4.3841   9.8538  -1.9701  -3.8808  -1.7204   0.00    0.0
2014/04/28 01:52:30.000  -12.843711119  131.132758222   126.6546   5   6   3.6211   4.3850   9.8645  -1.9682  -3.8684  -1.7415   0.00    0.0
2014/04/28 01:53:00.000  -12.843711195  131.132758851   126.5057   5   6   3.6223   4.3860   9.8751  -1.9662  -3.8561  -1.7621   0.00    0.0
2014/04/28 01:53:30.000  -12.843711449  131.132757581   126.5303   5   6   3.6234   4.3870   9.8855  -1.9641  -3.8439  -1.7823   0.00    0.0
2014/04/28 01:54:00.000  -12.843711624  131.132757095   126.4699   5   6   3.6245   4.3881   9.8958  -1.9619  -3.8317  -1.8020   0.00    0.0
2014/04/28 01:54:30.000  -12.843711441  131.132756595   126.5774   5   6   3.6256   4.3893   9.9059  -1.9595  -3.8195  -1.8213   0.00    0.0
2014/04/28 01:55:00.000  -12.843711047  131.132754986   126.7282   5   6   3.6266   4.3905   9.9158  -1.9570  -3.8075  -1.8401   0.00    0.0
2014/04/28 01:55:30.000  -12.843711764  131.132754502   126.5541   5   6   3.6275   4.3918   9.9255  -1.9543  -3.7955  -1.8584   0.00    0.0
2014/04/28 01:56:00.000  -12.843711675  131.132754162   126.3099   5   6   3.6285   4.3931   9.9350  -1.9516  -3.7836  -1.8763   0.00    0.0
2014/04/28 01:56:30.000  -12.843711935  131.132755746   126.6286   5   6   3.6294   4.3946   9.9443  -1.9487  -3.7718  -1.8936   0.00    0.0
2014/04/28 01:57:00.000  -12.843712179  131.132756114   126.7783   5   6   3.6302   4.3961   9.9534  -1.9457  -3.7601  -1.9105   0.00    0.0
2014/04/28 01:57:30.000  -12.843711938  131.132756793   126.9876   5   6   3.6310   4.3976   9.9623  -1.9425  -3.7485  -1.9269   0.00    0.0
2014/04/28 01:58:00.000  -12.843712221  131.132756542   127.0711   5   6   3.6318   4.3992   9.9709  -1.9392  -3.7370  -1.9429   0.00    0.0
2014/04/28 01:58:30.000  -12.843713741  131.132757128   127.6856   5   6   3.6325   4.4009   9.9792  -1.9358  -3.7255  -1.9583   0.00    0.0
2014/04/28 01:59:00.000  -12.843719439  131.132757173   129.7918   5   7   3.3150   4.3875   8.7442  -1.7866  -3.9438   1.8116   0.00    0.0
2014/04/28 01:59:30.000  -12.843719628  131.132757083   129.7768   5   7   3.3141   4.3886   8.7559  -1.7783  -3.9387   1.7984   0.00    0.0
2014/04/28 02:00:00.000  -12.843719282  131.132747078   131.7909   5   8   3.3121   3.6222   7.2962  -1.7094  -1.8485   1.6655   0.00    0.0
2014/04/28 02:00:30.000  -12.843720004  131.132747128   131.7512   5   8   3.3112   3.6217   7.3072  -1.7005  -1.8313   1.6512   0.00    0.0
2014/04/28 02:01:00.000  -12.843720656  131.132747092   131.6603   5   8   3.3103   3.6214   7.3182  -1.6915  -1.8141   1.6368   0.00    0.0
2014/04/28 02:01:30.000  -12.843721121  131.132746422   131.7340   5   8   3.3095   3.6210   7.3293  -1.6823  -1.7969   1.6225   0.00    0.0
2014/04/28 02:02:00.000  -12.843720282  131.132746075   131.7709   5   8   3.3086   3.6207   7.3404  -1.6730  -1.7796   1.6082   0.00    0.0
2014/04/28 02:02:30.000  -12.843720044  131.132748038   131.6260   5   8   3.3078   3.6204   7.3515  -1.6636  -1.7623   1.5939   0.00    0.0
2014/04/28 02:03:00.000  -12.843719551  131.132747406   131.3247   5   8   3.3069   3.6202   7.3625  -1.6540  -1.7449   1.5796   0.00    0.0
2014/04/28 02:03:30.000  -12.843718684  131.132746634   131.4585   5   8   3.3061   3.6200   7.3736  -1.6442  -1.7276   1.5654   0.00    0.0
2014/04/28 02:04:00.000  -12.843718402  131.132746093   131.6332   5   8   3.3053   3.6198   7.3846  -1.6343  -1.7102   1.5512   0.00    0.0
2014/04/28 02:04:30.000  -12.843719123  131.132746048   131.6638   5   8   3.3046   3.6197   7.3957  -1.6243  -1.6928   1.5370   0.00    0.0
2014/04/28 02:05:00.000  -12.843720027  131.132746296   131.5113   5   8   3.3038   3.6196   7.4067  -1.6141  -1.6754   1.5229   0.00    0.0
2014/04/28 02:05:30.000  -12.843719940  131.132746027   131.5348   5   8   3.3031   3.6196   7.4177  -1.6038  -1.6580   1.5089   0.00    0.0
2014/04/28 02:06:00.000  -12.843720631  131.132746859   131.6334   5   8   3.3024   3.6195   7.4287  -1.5933  -1.6405   1.4950   0.00    0.0
2014/04/28 02:06:30.000  -12.843721674  131.132746897   131.5188   5   8   3.3017   3.6196   7.4396  -1.5826  -1.6231   1.4811   0.00    0.0
2014/04/28 02:07:00.000  -12.843722634  131.132747427   131.6242   5   8   3.3010   3.6196   7.4505  -1.5718  -1.6056   1.4674   0.00    0.0
2014/04/28 02:07:30.000  -12.843722835  131.132746757   131.6111   5   8   3.3003   3.6197   7.4614  -1.5608  -1.5881   1.4537   0.00    0.0
2014/04/28 02:08:00.000  -12.843723149  131.132747312   131.5704   5   8   3.2997   3.6199   7.4722  -1.5497  -1.5705   1.4402   0.00    0.0
2014/04/28 02:08:30.000  -12.843723516  131.132747338   131.4924   5   8   3.2991   3.6201   7.4830  -1.5384  -1.5530   1.4267   0.00    0.0
2014/04/28 02:09:00.000  -12.843722996  131.132747313   131.5395   5   8   3.2986   3.6203   7.4937  -1.5269  -1.5354   1.4134   0.00    0.0
2014/04/28 02:09:30.000  -12.843722091  131.132746521   131.6447   5   8   3.2980   3.6206   7.5044  -1.5153  -1.5178   1.4003   0.00    0.0
2014/04/28 02:10:00.000  -12.843721992  131.132746426   131.5573   5   8   3.2975   3.6209   7.5150  -1.5035  -1.5002   1.3873   0.00    0.0
2014/04/28 02:10:30.000  -12.843722336  131.132746991   131.5479   5   8   3.2971   3.6212   7.5256  -1.4915  -1.4826   1.3745   0.00    0.0
2014/04/28 02:11:00.000  -12.843722725  131.132747058   131.4999   5   8   3.2966   3.6216   7.5361  -1.4793  -1.4649   1.3619   0.00    0.0
2014/04/28 02:11:30.000  -12.843723076  131.132747032   131.4073   5   8   3.2962   3.6221   7.5465  -1.4669  -1.4472   1.3495   0.00    0.0
2014/04/28 02:12:00.000  -12.843722476  131.132747168   131.1726   5   8   3.2958   3.6225   7.5568  -1.4544  -1.4295   1.3372   0.00    0.0
2014/04/28 02:12:30.000  -12.843722908  131.132746438   131.2317   5   8   3.2955   3.6231   7.5671  -1.4416  -1.4117   1.3252   0.00    0.0
2014/04/28 02:13:00.000  -12.843722315  131.132746362   131.2068   5   8   3.2952   3.6236   7.5773  -1.4287  -1.3939   1.3134   0.00    0.0
2014/04/28 02:13:30.000  -12.843722478  131.132747077   131.1496   5   8   3.2949   3.6243   7.5873  -1.4155  -1.3760   1.3019   0.00    0.0
2014/04/28 02:14:00.000  -12.843723438  131.132747278   131.0589   5   8   3.2947   3.6249   7.5973  -1.4022  -1.3582   1.2906   0.00    0.0
2014/04/28 02:14:30.000  -12.843723639  131.132746814   131.2394   5   8   3.2945   3.6256   7.6072  -1.3886  -1.3402   1.2796   0.00    0.0
2014/04/28 02:15:00.000  -12.843723463  131.132746980   131.2719   5   8   3.2944   3.6264   7.6170  -1.3748  -1.3223   1.2689   0.00    0.0
2014/04/28 02:15:30.000  -12.843723807  131.132745797   131.3527   5   8   3.2943   3.6272   7.6267  -1.3608  -1.3042   1.2585   0.00    0.0
2014/04/28 02:16:00.000  -12.843724000  131.132744742   131.3385   5   8   3.2942   3.6281   7.6363  -1.3465  -1.2861   1.2484   0.00    0.0
2014/04/28 02:16:30.000  -12.843723944  131.132745362   131.4006   5   8   3.2942   3.6290   7.6458  -1.3320  -1.2679   1.2387   0.00    0.0
2014/04/28 02:17:00.000  -12.843724294  131.132744471   131.2915   5   8   3.2942   3.6299   7.6551  -1.3173  -1.2497   1.2292   0.00    0.0
2014/04/28 02:17:30.000  -12.843724276  131.132743846   131.4064   5   8   3.2943   3.6309   7.6643  -1.3023  -1.2314   1.2202   0.00    0.0
2014/04/28 02:18:00.000  -12.843724612  131.132744204   131.6723   5   8   3.2944   3.6320   7.6735  -1.2870  -1.2129   1.2115   0.00    0.0
2014/04/28 02:18:30.000  -12.843724598  131.132743377   131.6079   5   8   3.2946   3.6331   7.6824  -1.2715  -1.1944   1.2032   0.00    0.0
2014/04/28 02:19:00.000  -12.843724716  131.132743370   131.4921   5   8   3.2948   3.6343   7.6913  -1.2557  -1.1758   1.1953   0.00    0.0
2014/04/28 02:19:30.000  -12.843724167  131.132742766   131.2509   5   8   3.2951   3.6355   7.7000  -1.2396  -1.1570   1.1879   0.00    0.0
2014/04/28 02:20:00.000  -12.843723501  131.132742655   131.1308   5   8   3.2954   3.6368   7.7086  -1.2232  -1.1381   1.1808   0.00    0.0
2014/04/28 02:20:30.000  -12.843723349  131.132744015   131.0356   5   8   3.2958   3.6381   7.7170  -1.2065  -1.1191   1.1743   0.00    0.0
2014/04/28 02:21:00.000  -12.843723687  131.132744522   131.0133   5   8   3.2962   3.6394   7.7253  -1.1895  -1.0999   1.1681   0.00    0.0
2014/04/28 02:21:30.000  -12.843723189  131.132745274   130.9338   5   8   3.2966   3.6409   7.7335  -1.1721  -1.0806   1.1625   0.00    0.0
2014/04/28 02:22:00.000  -12.843723116  131.132745588   131.0761   5   8   3.2972   3.6424   7.7415  -1.1544  -1.0610   1.1573   0.00    0.0
2014/04/28 02:22:30.000  -12.843723334  131.132746312   131.2466   5   8   3.2978   3.6439   7.7493  -1.1363  -1.0413   1.1527   0.00    0.0
2014/04/28 02:23:00.000  -12.843723283  131.132745823   131.1139   5   8   3.2984   3.6455   7.7570  -1.1178  -1.0213   1.1485   0.00    0.0
2014/04/28 02:23:30.000  -12.843723397  131.132745893   131.1911   5   8   3.2991   3.6471   7.7645  -1.0989  -1.0010   1.1449   0.00    0.0
2014/04/28 02:24:00.000  -12.843724194  131.132745100   131.0906   5   8   3.2999   3.6489   7.7719  -1.0796  -0.9805   1.1418   0.00    0.0
2014/04/28 02:24:30.000  -12.843725188  131.132745504   130.8937   5   8   3.3007   3.6506   7.7791  -1.0599  -0.9597   1.1392   0.00    0.0
2014/04/28 02:25:00.000  -12.843725622  131.132745838   131.1292   5   8   3.3015   3.6524   7.7861  -1.0396  -0.9386   1.1372   0.00    0.0
2014/04/28 02:25:30.000  -12.843725545  131.132746531   131.2762   5   8   3.3025   3.6543   7.7930  -1.0189  -0.9171   1.1358   0.00    0.0
2014/04/28 02:26:00.000  -12.843725870  131.132747751   131.6260   5   8   3.3035   3.6563   7.7997  -0.9976  -0.8951   1.1349   0.00    0.0
2014/04/28 02:26:30.000  -12.843726247  131.132747309   131.7561   5   8   3.3045   3.6583   7.8062  -0.9758  -0.8728   1.1346   0.00    0.0
2014/04/28 02:27:00.000  -12.843725818  131.132746492   131.8357   5   8   3.3057   3.6603   7.8126  -0.9534  -0.8500   1.1349   0.00    0.0
2014/04/28 02:27:30.000  -12.843726041  131.132745941   131.8001   5   8   3.3069   3.6625   7.8187  -0.9303  -0.8266   1.1357   0.00    0.0
2014/04/28 02:28:00.000  -12.843726592  131.132745900   131.5802   5   8   3.3081   3.6646   7.8247  -0.9065  -0.8026   1.1371   0.00    0.0
2014/04/28 02:28:30.000  -12.843727303  131.132745779   131.5525   5   8   3.3094   3.6669   7.8306  -0.8819  -0.7780   1.1391   0.00    0.0
2014/04/28 02:29:00.000  -12.843727461  131.132745041   131.7170   5   8   3.3108   3.6692   7.8362  -0.8566  -0.7526   1.1417   0.00    0.0
2014/04/28 02:29:30.000  -12.843728224  131.132745030   131.8439   5   8   3.3123   3.6716   7.8417  -0.8303  -0.7263   1.1448   0.00    0.0
2014/04/28 02:30:00.000  -12.843727146  131.132744385   131.8609   5   8   3.3138   3.6740   7.8470  -0.8031  -0.6991   1.1485   0.00    0.0
2014/04/28 02:30:30.000  -12.843726422  131.132743994   132.0861   5   8   3.3154   3.6765   7.8521  -0.7748  -0.6709   1.1528   0.00    0.0
2014/04/28 02:31:00.000  -12.843726350  131.132743760   132.1542   5   8   3.3171   3.6790   7.8570  -0.7452  -0.6413   1.1577   0.00    0.0
2014/04/28 02:31:30.000  -12.843726536  131.132742344   132.1829   5   8   3.3188   3.6817   7.8617  -0.7143  -0.6104   1.1631   0.00    0.0
2014/04/28 02:32:00.000  -12.843726947  131.132743600   132.3608   5   8   3.3207   3.6844   7.8663  -0.6819  -0.5777   1.1691   0.00    0.0
2014/04/28 02:32:30.000  -12.843727502  131.132742853   132.0881   5   8   3.3226   3.6871   7.8707  -0.6477  -0.5430   1.1756   0.00    0.0
2014/04/28 02:33:00.000  -12.843727591  131.132741857   131.9591   5   8   3.3245   3.6899   7.8749  -0.6114  -0.5059   1.1827   0.00    0.0
2014/04/28 02:33:30.000  -12.843727624  131.132743075   132.0031   5   8   3.3266   3.6928   7.8789  -0.5727  -0.4657   1.1903   0.00    0.0
2014/04/28 02:34:00.000  -12.843727582  131.132743054   132.1502   5   8   3.3287   3.6958   7.8827  -0.5309  -0.4215   1.1984   0.00    0.0
2014/04/28 02:34:30.000  -12.843727558  131.132742844   132.2067   5   8   3.3309   3.6988   7.8863  -0.4854  -0.3719   1.2071   0.00    0.0
2014/04/28 02:35:00.000  -12.843728612  131.132743208   132.1731   5   8   3.3332   3.7019   7.8898  -0.4349  -0.3143   1.2162   0.00    0.0
2014/04/28 02:35:30.000  -12.843728793  131.132742493   132.4590   5   8   3.3356   3.7050   7.8931  -0.3774  -0.2430   1.2259   0.00    0.0
2014/04/28 02:36:00.000  -12.843729040  131.132742953   132.5922   5   8   3.3380   3.7083   7.8962  -0.3092  -0.1382   1.2360   0.00    0.0
2014/04/28 02:36:30.000  -12.843729256  131.132743513   132.6429   5   8   3.3405   3.7115   7.8991  -0.2202   0.1453   1.2466   0.00    0.0
2014/04/28 02:37:00.000  -12.843729763  131.132742917   132.6969   5   8   3.3432   3.7149   7.9019  -0.0350   0.2482   1.2576   0.00    0.0
2014/04/28 02:37:30.000  -12.843730466  131.132743283   133.0805   5   8   3.3459   3.7183   7.9045   0.2151   0.3200   1.2691   0.00    0.0
2014/04/28 02:38:00.000  -12.843730588  131.132743383   133.3227   5   8   3.3486   3.7218   7.9069   0.3065   0.3788   1.2810   0.00    0.0
2014/04/28 02:38:30.000  -12.843731192  131.132743370   133.3797   5   8   3.3515   3.7254   7.9092   0.3766   0.4301   1.2933   0.00    0.0
2014/04/28 02:39:00.000  -12.843731456  131.132742440   133.4304   5   8   3.3545   3.7290   7.9112   0.4358   0.4762   1.3060   0.00    0.0
2014/04/28 02:39:30.000  -12.843731953  131.132742194   133.3682   5   8   3.3575   3.7328   7.9132   0.4881   0.5186   1.3191   0.00    0.0
2014/04/28 02:40:00.000  -12.843732386  131.132743325   133.3168   5   8   3.3607   3.7365   7.9149   0.5355   0.5582   1.3326   0.00    0.0
2014/04/28 02:40:30.000  -12.843732096  131.132743160   133.2514   5   8   3.3639   3.7404   7.9165   0.5792   0.5955   1.3465   0.00    0.0
2014/04/28 02:41:00.000  -12.843732943  131.132742117   133.2321   5   8   3.3672   3.7443   7.9179   0.6200   0.6310   1.3607   0.00    0.0
2014/04/28 02:41:30.000  -12.843733497  131.132741918   133.3177   5   8   3.3707   3.7483   7.9192   0.6584   0.6649   1.3752   0.00    0.0
2014/04/28 02:42:00.000  -12.843734351  131.132742239   133.3120   5   8   3.3742   3.7524   7.9203   0.6949   0.6975   1.3901   0.00    0.0
2014/04/28 02:42:30.000  -12.843734932  131.132741753   133.1844   5   8   3.3778   3.7565   7.9213   0.7297   0.7291   1.4053   0.00    0.0
2014/04/28 02:43:00.000  -12.843735384  131.132741457   133.4950   5   8   3.3815   3.7607   7.9222   0.7631   0.7597   1.4208   0.00    0.0
2014/04/28 02:43:30.000  -12.843735683  131.132741239   133.9090   5   8   3.3853   3.7650   7.9229   0.7952   0.7894   1.4366   0.00    0.0
2014/04/28 02:44:00.000  -12.843735858  131.132740969   133.9356   5   8   3.3892   3.7694   7.9234   0.8262   0.8185   1.4526   0.00    0.0
2014/04/28 02:44:30.000  -12.843736407  131.132740661   134.0252   5   8   3.3932   3.7738   7.9238   0.8562   0.8469   1.4689   0.00    0.0
2014/04/28 02:45:00.000  -12.843736575  131.132740602   134.1514   5   8   3.3973   3.7783   7.9241   0.8853   0.8747   1.4855   0.00    0.0
2014/04/28 02:45:30.000  -12.843737182  131.132741192   133.8861   5   8   3.4015   3.7829   7.9243   0.9136   0.9020   1.5023   0.00    0.0
2014/04/28 02:46:00.000  -12.843736996  131.132742673   134.0508   5   8   3.4058   3.7875   7.9243   0.9412   0.9289   1.5194   0.00    0.0
2014/04/28 02:46:30.000  -12.843736842  131.132741286   134.1716   5   8   3.4102   3.7922   7.9243   0.9681   0.9554   1.5367   0.00    0.0
2014/04/28 02:47:00.000  -12.843737139  131.132741978   134.2633   5   8   3.4147   3.7970   7.9241   0.9944   0.9815   1.5542   0.00    0.0
2014/04/28 02:47:30.000  -12.843737208  131.132741585   134.5342   5   8   3.4193   3.8019   7.9238   1.0202   1.0073   1.5719   0.00    0.0
2014/04/28 02:48:00.000  -12.843736561  131.132740995   134.4723   5   8   3.4240   3.8069   7.9234   1.0454   1.0328   1.5898   0.00    0.0
2014/04/28 02:48:30.000  -12.843736641  131.132740963   134.5197   5   8   3.4288   3.8119   7.9229   1.0701   1.0581   1.6079   0.00    0.0
2014/04/28 02:49:00.000  -12.843737521  131.132740764   134.5665   5   8   3.4337   3.8170   7.9223   1.0944   1.0831   1.6261   0.00    0.0
2014/04/28 02:49:30.000  -12.843737948  131.132741054   134.8155   5   8   3.4387   3.8222   7.9216   1.1183   1.1080   1.6445   0.00    0.0
2014/04/28 02:50:00.000  -12.843738055  131.132741016   134.6721   5   8   3.4439   3.8274   7.9208   1.1418   1.1326   1.6631   0.00    0.0
2014/04/28 02:50:30.000  -12.843737682  131.132741425   134.7261   5   8   3.4491   3.8328   7.9199   1.1650   1.1571   1.6819   0.00    0.0
2014/04/28 02:51:00.000  -12.843737746  131.132741650   134.7415   5   8   3.4545   3.8382   7.9190   1.1878   1.1814   1.7008   0.00    0.0
2014/04/28 02:51:30.000  -12.843737565  131.132742709   134.6645   5   8   3.4599   3.8436   7.9180   1.2102   1.2056   1.7198   0.00    0.0
2014/04/28 02:52:00.000  -12.843737613  131.132742380   134.5464   5   8   3.4655   3.8492   7.9169   1.2324   1.2296   1.7389   0.00    0.0
2014/04/28 02:52:30.000  -12.843737679  131.132742043   134.5214   5   8   3.4711   3.8548   7.9157   1.2543   1.2536   1.7582   0.00    0.0
2014/04/28 02:53:00.000  -12.843724158  131.132754143   130.1159   5   7   3.7369   4.0099   8.8270   1.7643  -1.6144  -1.4807   0.00    0.0
2014/04/28 02:53:30.000  -12.843724593  131.132754087   130.6083   5   7   3.7413   4.0143   8.8244   1.7772  -1.5886  -1.4514   0.00    0.0
2014/04/28 02:54:00.000  -12.843724529  131.132753866   130.6217   5   7   3.7458   4.0187   8.8214   1.7900  -1.5619  -1.4207   0.00    0.0
2014/04/28 02:54:30.000  -12.843725165  131.132754909   130.6115   5   7   3.7503   4.0232   8.8182   1.8028  -1.5342  -1.3886   0.00    0.0
2014/04/28 02:55:00.000  -12.843725057  131.132756642   130.6790   5   7   3.7550   4.0278   8.8148   1.8156  -1.5054  -1.3549   0.00    0.0
2014/04/28 02:55:30.000  -12.843724713  131.132756701   130.8926   5   7   3.7597   4.0325   8.8111   1.8283  -1.4755  -1.3195   0.00    0.0
2014/04/28 02:56:00.000  -12.843725180  131.132756142   130.7311   5   7   3.7645   4.0372   8.8072   1.8409  -1.4444  -1.2824   0.00    0.0
2014/04/28 02:56:30.000  -12.843725656  131.132756581   130.7603   5   7   3.7694   4.0420   8.8030   1.8535  -1.4121  -1.2434   0.00    0.0
2014/04/28 02:57:00.000  -12.843725636  131.132757140   130.9601   5   7   3.7743   4.0469   8.7986   1.8661  -1.3785  -1.2023   0.00    0.0
2014/04/28 02:57:30.000  -12.843724765  131.132757191   130.6720   5   7   3.7794   4.0518   8.7941   1.8786  -1.3434  -1.1589   0.00    0.0
2014/04/28 02:58:00.000  -12.843724290  131.132757465   130.4858   5   7   3.7845   4.0568   8.7894   1.8911  -1.3067  -1.1130   0.00    0.0
2014/04/28 02:58:30.000  -12.843725175  131.132756362   130.6386   5   7   3.7897   4.0619   8.7844   1.9036  -1.2684  -1.0643   0.00    0.0
2014/04/28 02:59:00.000  -12.843726083  131.132755175   130.6520   5   7   3.7951   4.0670   8.7794   1.9160  -1.2283  -1.0123   0.00    0.0
2014/04/28 02:59:30.000  -12.843725659  131.132755016   130.2986   5   7   3.8005   4.0723   8.7741   1.9284  -1.1861  -0.9566   0.00    0.0
2014/04/28 03:00:00.000  -12.843726361  131.132755679   130.2543   5   7   3.8060   4.0776   8.7688   1.9408  -1.1418  -0.8965   0.00    0.0
2014/04/28 03:00:30.000  -12.843725765  131.132755318   130.1126   5   7   3.8115   4.0830   8.7633   1.9532  -1.0949  -0.8310   0.00    0.0
2014/04/28 03:01:00.000  -12.843725762  131.132755247   130.0672   5   7   3.8172   4.0884   8.7576   1.9655  -1.0453  -0.7589   0.00    0.0
2014/04/28 03:01:30.000  -12.843726959  131.132756103   130.2498   5   7   3.8230   4.0940   8.7519   1.9778  -0.9924  -0.6780   0.00    0.0
2014/04/28 03:02:00.000  -12.843727261  131.132756272   129.9185   5   6   3.8311   5.4456  12.1306   1.8671   5.4087  -1.2062   0.00    0.0
2014/04/28 03:02:30.000  -12.843726978  131.132757826   129.9109   5   6   3.8369   5.4544  12.1286   1.8851   5.4253  -1.1359   0.00    0.0
2014/04/28 03:03:00.000  -12.843727586  131.132758490   129.7681   5   6   3.8428   5.4632  12.1263   1.9032   5.4420  -1.0601   0.00    0.0
2014/04/28 03:03:30.000  -12.843728667  131.132758269   129.7254   5   6   3.8488   5.4722  12.1237   1.9211   5.4585  -0.9773   0.00    0.0
2014/04/28 03:04:00.000  -12.843729156  131.132757635   129.5669   5   6   3.8549   5.4812  12.1208   1.9391   5.4751  -0.8858   0.00    0.0
2014/04/28 03:04:30.000  -12.843729933  131.132756637   129.4481   5   6   3.8611   5.4903  12.1175   1.9570   5.4916  -0.7827   0.00    0.0
2014/04/28 03:05:00.000  -12.843730346  131.132755705   129.4391   5   6   3.8674   5.4995  12.1140   1.9748   5.5082  -0.6624   0.00    0.0
2014/04/28 03:05:30.000  -12.843730484  131.132754832   129.5081   5   6   3.8738   5.5088  12.1102   1.9926   5.5247  -0.5134   0.00    0.0
2014/04/28 03:06:00.000  -12.843730775  131.132754056   129.5862   5   6   3.8803   5.5181  12.1062   2.0103   5.5412  -0.2947   0.00    0.0
2014/04/28 03:06:30.000  -12.843730114  131.132754145   129.7591   5   6   3.8869   5.5276  12.1020   2.0280   5.5577   0.3021   0.00    0.0
2014/04/28 03:07:00.000  -12.843730204  131.132754117   129.7525   5   6   3.8936   5.5371  12.0976   2.0456   5.5742   0.5202   0.00    0.0
2014/04/28 03:07:30.000  -12.843729722  131.132754835   129.4874   5   6   3.9004   5.5467  12.0930   2.0631   5.5907   0.6716   0.00    0.0
2014/04/28 03:08:00.000  -12.843728993  131.132753726   129.3286   5   6   3.9074   5.5564  12.0882   2.0806   5.6072   0.7954   0.00    0.0
2014/04/28 03:08:30.000  -12.843728974  131.132754287   129.3113   5   6   3.9144   5.5661  12.0833   2.0980   5.6237   0.9029   0.00    0.0
2014/04/28 03:09:00.000  -12.843729706  131.132755098   129.2491   5   6   3.9215   5.5760  12.0783   2.1153   5.6403   0.9993   0.00    0.0
2014/04/28 03:09:30.000  -12.843730830  131.132754960   129.4416   5   6   3.9288   5.5859  12.0732   2.1326   5.6569   1.0877   0.00    0.0
2014/04/28 03:10:00.000  -12.843731857  131.132753569   129.3829   5   6   3.9361   5.5959  12.0680   2.1497   5.6735   1.1696   0.00    0.0
2014/04/28 03:10:30.000  -12.843733145  131.132751045   129.3478   5   6   3.9436   5.6060  12.0627   2.1668   5.6901   1.2465   0.00    0.0
2014/04/28 03:11:00.000  -12.843733383  131.132750783   129.5739   5   6   3.9511   5.6162  12.0574   2.1838   5.7068   1.3192   0.00    0.0
2014/04/28 03:11:30.000  -12.843733232  131.132751340   129.6115   5   6   3.9588   5.6264  12.0521   2.2007   5.7235   1.3882   0.00    0.0
2014/04/28 03:12:00.000  -12.843733501  131.132752453   129.4885   5   6   3.9665   5.6368  12.0467   2.2176   5.7403   1.4541   0.00    0.0
2014/04/28 03:12:30.000  -12.843734577  131.132753639   129.6866   5   6   3.9744   5.6472  12.0413   2.2343   5.7571   1.5173   0.00    0.0
2014/04/28 03:13:00.000  -12.843734357  131.132754476   129.5287   5   6   3.9823   5.6577  12.0359   2.2509   5.7739   1.5780   0.00    0.0
2014/04/28 03:13:30.000  -12.843734232  131.132755436   129.3573   5   6   3.9904   5.6684  12.0305   2.2675   5.7908   1.6366   0.00    0.0
2014/04/28 03:14:00.000  -12.843733980  131.132754782   129.5029   5   6   3.9985   5.6790  12.0251   2.2839   5.8077   1.6932   0.00    0.0
2014/04/28 03:14:30.000  -12.843734079  131.132754351   129.4356   5   6   4.0067   5.6898  12.0198   2.3002   5.8247   1.7480   0.00    0.0
2014/04/28 03:15:00.000  -12.843734312  131.132755569   129.4930   5   6   4.0150   5.7007  12.0144   2.3165   5.8418   1.8011   0.00    0.0
2014/04/28 03:15:30.000  -12.843734788  131.132756691   129.6401   5   6   4.0234   5.7116  12.0091   2.3326   5.8589   1.8528   0.00    0.0
2014/04/28 03:16:00.000  -12.843735075  131.132756967   129.3745   5   6   4.0319   5.7227  12.0038   2.3486   5.8760   1.9030   0.00    0.0
2014/04/28 03:16:30.000  -12.843735952  131.132756267   129.1923   5   6   4.0405   5.7338  11.9985   2.3645   5.8932   1.9519   0.00    0.0
2014/04/28 03:17:00.000  -12.843735818  131.132757292   129.3949   5   6   4.0491   5.7450  11.9932   2.3802   5.9104   1.9995   0.00    0.0
2014/04/28 03:17:30.000  -12.843735483  131.132757302   129.7613   5   6   4.0579   5.7563  11.9880   2.3959   5.9277   2.0460   0.00    0.0
2014/04/28 03:18:00.000  -12.843736598  131.132756956   129.8015   5   6   4.0667   5.7676  11.9831   2.4114   5.9451   2.0914   0.00    0.0
2014/04/28 03:18:30.000  -12.843737631  131.132757103   129.5401   5   6   4.0755   5.7791  11.9786   2.4268   5.9627   2.1358   0.00    0.0
2014/04/28 03:19:00.000  -12.843738514  131.132756502   129.6131   5   6   4.0845   5.7907  11.9745   2.4421   5.9804   2.1792   0.00    0.0
2014/04/28 03:19:30.000  -12.843739654  131.132756357   129.5965   5   6   4.0935   5.8023  11.9708   2.4572   5.9982   2.2216   0.00    0.0
2014/04/28 03:20:00.000  -12.843740131  131.132755221   129.4130   5   6   4.1025   5.8141  11.9674   2.4722   6.0161   2.2632   0.00    0.0
2014/04/28 03:20:30.000  -12.843739544  131.132755944   129.7107   5   6   4.1117   5.8259  11.9642   2.4871   6.0342   2.3039   0.00    0.0
2014/04/28 03:21:00.000  -12.843740017  131.132757447   129.9050   5   6   4.1209   5.8379  11.9613   2.5019   6.0523   2.3438   0.00    0.0
2014/04/28 03:21:30.000  -12.843740502  131.132758004   130.0128   5   6   4.1301   5.8499  11.9586   2.5165   6.0705   2.3829   0.00    0.0
2014/04/28 03:22:00.000  -12.843740864  131.132758086   130.0954   5   6   4.1394   5.8620  11.9561   2.5309   6.0889   2.4212   0.00    0.0
2014/04/28 03:22:30.000  -12.843741832  131.132756774   129.9451   5   6   4.1488   5.8742  11.9539   2.5452   6.1073   2.4587   0.00    0.0
2014/04/28 03:23:00.000  -12.843742041  131.132757179   130.0995   5   6   4.1582   5.8865  11.9519   2.5594   6.1258   2.4956   0.00    0.0
2014/04/28 03:23:30.000  -12.843742703  131.132756412   130.1062   5   6   4.1676   5.8989  11.9502   2.5734   6.1444   2.5318   0.00    0.0
2014/04/28 03:24:00.000  -12.843743517  131.132755416   130.1414   5   6   4.1771   5.9113  11.9487   2.5872   6.1631   2.5672   0.00    0.0
2014/04/28 03:24:30.000  -12.843744081  131.132755052   130.2274   5   6   4.1866   5.9239  11.9475   2.6009   6.1819   2.6021   0.00    0.0
2014/04/28 03:25:00.000  -12.843744102  131.132756370   130.2619   5   6   4.1961   5.9365  11.9465   2.6145   6.2008   2.6363   0.00    0.0
2014/04/28 03:25:30.000  -12.843744458  131.132756755   130.0736   5   6   4.2057   5.9493  11.9458   2.6278   6.2198   2.6699   0.00    0.0
2014/04/28 03:26:00.000  -12.843744774  131.132757119   129.8628   5   6   4.2153   5.9621  11.9454   2.6410   6.2389   2.7028   0.00    0.0
2014/04/28 03:26:30.000  -12.843745350  131.132757217   129.8833   5   6   4.2249   5.9750  11.9453   2.6541   6.2581   2.7352   0.00    0.0
2014/04/28 03:27:00.000  -12.843746192  131.132757301   130.1245   5   6   4.2345   5.9880  11.9454   2.6669   6.2775   2.7670   0.00    0.0
2014/04/28 03:27:30.000  -12.843746671  131.132756669   130.4835   5   6   4.2442   6.0011  11.9459   2.6796   6.2969   2.7983   0.00    0.0
2014/04/28 03:28:00.000  -12.843746862  131.132756067   130.6295   5   6   4.2538   6.0143  11.9467   2.6921   6.3164   2.8290   0.00    0.0
2014/04/28 03:28:30.000  -12.843747192  131.132756785   130.6583   5   6   4.2635   6.0276  11.9477   2.7044   6.3360   2.8591   0.00    0.0
2014/04/28 03:29:00.000  -12.843748817  131.132755879   130.8347   5   6   4.2731   6.0410  11.9491   2.7166   6.3557   2.8888   0.00    0.0
2014/04/28 03:29:30.000  -12.843749719  131.132754837   131.1039   5   6   4.2828   6.0544  11.9508   2.7285   6.3756   2.9179   0.00    0.0
2014/04/28 03:30:00.000  -12.843751435  131.132755857   130.8084   5   6   4.2925   6.0680  11.9528   2.7403   6.3955   2.9464   0.00    0.0
2014/04/28 03:30:30.000  -12.843752434  131.132758916   131.2420   5   6   4.3021   6.0816  11.9551   2.7519   6.4156   2.9745   0.00    0.0
2014/04/28 03:31:00.000  -12.843752332  131.132760802   131.7515   5   6   4.3118   6.0954  11.9577   2.7633   6.4358   3.0021   0.00    0.0
2014/04/28 03:31:30.000  -12.843752583  131.132761018   131.9267   5   6   4.3214   6.1092  11.9607   2.7745   6.4560   3.0292   0.00    0.0
2014/04/28 03:32:00.000  -12.843753712  131.132759553   131.8051   5   6   4.3310   6.1231  11.9640   2.7855   6.4764   3.0559   0.00    0.0
2014/04/28 03:32:30.000  -12.843755146  131.132758549   131.9752   5   6   4.3406   6.1371  11.9676   2.7962   6.4969   3.0820   0.00    0.0
2014/04/28 03:33:00.000  -12.843755910  131.132755999   131.6608   5   6   4.3501   6.1512  11.9716   2.8068   6.5175   3.1077   0.00    0.0
2014/04/28 03:33:30.000  -12.843758089  131.132751529   130.8476   5   7   3.9324   4.2995   8.3349  -0.6171   2.1791  -2.5241   0.00    0.0
2014/04/28 03:34:00.000  -12.843758358  131.132753280   131.1136   5   7   3.9388   4.2989   8.3368  -0.6333   2.1964  -2.5098   0.00    0.0
2014/04/28 03:34:30.000  -12.843759562  131.132753138   131.0070   5   7   3.9452   4.2983   8.3389  -0.6493   2.2136  -2.4955   0.00    0.0
2014/04/28 03:35:00.000  -12.843760832  131.132751023   130.8524   5   7   3.9516   4.2977   8.3411  -0.6652   2.2308  -2.4812   0.00    0.0
2014/04/28 03:35:30.000  -12.843762523  131.132751399   130.8803   5   7   3.9582   4.2972   8.3435  -0.6809   2.2479  -2.4668   0.00    0.0
2014/04/28 03:36:00.000  -12.843763575  131.132752523   130.9245   5   7   3.9648   4.2967   8.3460  -0.6964   2.2649  -2.4523   0.00    0.0
2014/04/28 03:36:30.000  -12.843764284  131.132752625   130.8781   5   7   3.9715   4.2962   8.3487  -0.7119   2.2819  -2.4378   0.00    0.0
2014/04/28 03:37:00.000  -12.843765523  131.132751843   130.9912   5   7   3.9783   4.2958   8.3516  -0.7272   2.2988  -2.4232   0.00    0.0
2014/04/28 03:37:30.000  -12.843766410  131.132752291   130.9354   5   7   3.9852   4.2954   8.3546  -0.7424   2.3157  -2.4086   0.00    0.0
2014/04/28 03:38:00.000  -12.843767492  131.132752597   131.2083   5   7   3.9921   4.2950   8.3578  -0.7575   2.3325  -2.3939   0.00    0.0
2014/04/28 03:38:30.000  -12.843768366  131.132752372   131.2710   5   7   3.9991   4.2947   8.3612  -0.7724   2.3492  -2.3791   0.00    0.0
2014/04/28 03:39:00.000  -12.843768998  131.132751026   131.1914   5   7   4.0061   4.2944   8.3648  -0.7873   2.3659  -2.3643   0.00    0.0
2014/04/28 03:39:30.000  -12.843768351  131.132752792   131.4122   5   7   4.0132   4.2942   8.3685  -0.8020   2.3826  -2.3494   0.00    0.0
2014/04/28 03:40:00.000  -12.843769115  131.132755296   131.9302   5   7   4.0204   4.2940   8.3725  -0.8166   2.3992  -2.3344   0.00    0.0
2014/04/28 03:40:30.000  -12.843767541  131.132755965   131.7637   5   8   3.5119   4.2553   7.5666   0.6645   1.9422   1.3066   0.00    0.0
2014/04/28 03:41:00.000  -12.843769653  131.132754784   131.5849   5   8   3.5155   4.2549   7.5779   0.6530   1.9629   1.3343   0.00    0.0
2014/04/28 03:41:30.000  -12.843770643  131.132753737   131.6231   5   8   3.5191   4.2546   7.5895   0.6411   1.9835   1.3613   0.00    0.0
2014/04/28 03:42:00.000  -12.843772718  131.132752220   131.4793   5   8   3.5227   4.2542   7.6013   0.6290   2.0040   1.3878   0.00    0.0
2014/04/28 03:42:30.000  -12.843773303  131.132753165   131.8389   5   8   3.5263   4.2540   7.6133   0.6165   2.0244   1.4137   0.00    0.0
2014/04/28 03:43:00.000  -12.843774321  131.132752988   131.9514   5   8   3.5299   4.2538   7.6256   0.6037   2.0447   1.4391   0.00    0.0
2014/04/28 03:43:30.000  -12.843774056  131.132753576   132.3229   5   8   3.5335   4.2536   7.6381   0.5906   2.0649   1.4640   0.00    0.0
2014/04/28 03:44:00.000  -12.843773703  131.132753200   132.4622   5   8   3.5371   4.2534   7.6508   0.5770   2.0851   1.4885   0.00    0.0
2014/04/28 03:44:30.000  -12.843773615  131.132753242   132.4125   5   8   3.5406   4.2533   7.6638   0.5631   2.1052   1.5124   0.00    0.0
2014/04/28 03:45:00.000  -12.843775885  131.132754342   132.6317   5   8   3.5442   4.2533   7.6770   0.5488   2.1252   1.5360   0.00    0.0
2014/04/28 03:45:30.000  -12.843776297  131.132753872   132.5713   5   8   3.5478   4.2533   7.6904   0.5340   2.1452   1.5591   0.00    0.0
2014/04/28 03:46:00.000  -12.843776012  131.132755200   133.0532   5   8   3.5513   4.2533   7.7041   0.5188   2.1651   1.5818   0.00    0.0
2014/04/28 03:46:30.000  -12.843776465  131.132756280   133.1779   5   8   3.5549   4.2534   7.7180   0.5030   2.1850   1.6041   0.00    0.0
2014/04/28 03:47:00.000  -12.843777342  131.132755260   132.8925   5   8   3.5584   4.2535   7.7321   0.4867   2.2049   1.6261   0.00    0.0
2014/04/28 03:47:30.000  -12.843778575  131.132753462   132.6216   5   8   3.5619   4.2537   7.7465   0.4698   2.2247   1.6476   0.00    0.0
2014/04/28 03:48:00.000  -12.843779589  131.132753315   132.7426   5   8   3.5654   4.2539   7.7611   0.4522   2.2445   1.6689   0.00    0.0
2014/04/28 03:48:30.000  -12.843779457  131.132755148   132.9527   5   8   3.5689   4.2542   7.7760   0.4339   2.2643   1.6897   0.00    0.0
2014/04/28 03:49:00.000  -12.843781697  131.132755320   132.9131   5   8   3.5724   4.2545   7.7912   0.4148   2.2840   1.7103   0.00    0.0
2014/04/28 03:49:30.000  -12.843783386  131.132754253   132.9054   5   8   3.5758   4.2548   7.8065   0.3948   2.3038   1.7305   0.00    0.0
2014/04/28 03:50:00.000  -12.843783206  131.132754699   132.9498   5   8   3.5793   4.2553   7.8222   0.3737   2.3235   1.7504   0.00    0.0
2014/04/28 03:50:30.000  -12.843783072  131.132756105   133.0724   5   8   3.5827   4.2557   7.8380   0.3513   2.3432   1.7700   0.00    0.0
2014/04/28 03:51:00.000  -12.843782609  131.132756709   133.1907   5   8   3.5861   4.2562   7.8541   0.3274   2.3629   1.7892   0.00    0.0
2014/04/28 03:51:30.000  -12.843782191  131.132757030   133.1362   5   8   3.5895   4.2568   7.8705   0.3018   2.3826   1.8082   0.00    0.0
2014/04/28 03:52:00.000  -12.843782235  131.132756746   132.9756   5   8   3.5928   4.2574   7.8871   0.2737   2.4024   1.8269   0.00    0.0
2014/04/28 03:52:30.000  -12.843782038  131.132757762   133.0390   5   8   3.5962   4.2581   7.9040   0.2426   2.4221   1.8453   0.00    0.0
2014/04/28 03:53:00.000  -12.843782628  131.132758366   132.8910   5   8   3.5995   4.2588   7.9211   0.2069   2.4419   1.8634   0.00    0.0
2014/04/28 03:53:30.000  -12.843782985  131.132757804   132.6072   5   8   3.6027   4.2596   7.9385   0.1638   2.4617   1.8812   0.00    0.0
2014/04/28 03:54:00.000  -12.843782583  131.132758152   132.5696   5   8   3.6060   4.2604   7.9561   0.1045   2.4815   1.8988   0.00    0.0
2014/04/28 03:54:30.000  -12.843781557  131.132758173   132.7137   5   8   3.6092   4.2613   7.9740  -0.0702   2.5013   1.9161   0.00    0.0
2014/04/28 03:55:00.000  -12.843781426  131.132757767   132.8002   5   8   3.6124   4.2622   7.9921  -0.1439   2.5211   1.9331   0.00    0.0
2014/04/28 03:55:30.000  -12.843781210  131.132757486   132.8958   5   8   3.6156   4.2632   8.0105  -0.1907   2.5410   1.9499   0.00    0.0
2014/04/28 03:56:00.000  -12.843780270  131.132757989   132.7495   5   8   3.6187   4.2642   8.0292  -0.2279   2.5609   1.9664   0.00    0.0
2014/04/28 03:56:30.000  -12.843779323  131.132759447   132.6170   5   8   3.6218   4.2653   8.0480  -0.2597   2.5809   1.9826   0.00    0.0
2014/04/28 03:57:00.000  -12.843779670  131.132760244   132.6587   5   8   3.6248   4.2665   8.0672  -0.2878   2.6009   1.9986   0.00    0.0
2014/04/28 03:57:30.000  -12.843780618  131.132760308   132.5108   5   8   3.6279   4.2677   8.0866  -0.3131   2.6210   2.0143   0.00    0.0
2014/04/28 03:58:00.000  -12.843780455  131.132761754   132.4930   5   8   3.6309   4.2690   8.1062  -0.3365   2.6411   2.0298   0.00    0.0
2014/04/28 03:58:30.000  -12.843781090  131.132762260   132.3834   5   8   3.6338   4.2703   8.1261  -0.3581   2.6612   2.0450   0.00    0.0
2014/04/28 03:59:00.000  -12.843780444  131.132762613   132.1975   5   8   3.6367   4.2717   8.1462  -0.3783   2.6815   2.0600   0.00    0.0
2014/04/28 03:59:30.000  -12.843779114  131.132762131   132.2566   5   8   3.6396   4.2731   8.1666  -0.3973   2.7017   2.0747   0.00    0.0
2014/04/28 04:00:00.000  -12.843777046  131.132763132   132.6368   5   8   3.6424   4.2746   8.1872  -0.4152   2.7221   2.0892   0.00    0.0
2014/04/28 04:00:30.000  -12.843776651  131.132762570   132.6098   5   8   3.6452   4.2762   8.2081  -0.4323   2.7425   2.1034   0.00    0.0
2014/04/28 04:01:00.000  -12.843776912  131.132762167   132.2844   5   8   3.6480   4.2778   8.2292  -0.4485   2.7629   2.1174   0.00    0.0
2014/04/28 04:01:30.000  -12.843777500  131.132761165   132.1920   5   8   3.6507   4.2795   8.2505  -0.4639   2.7834   2.1311   0.00    0.0
2014/04/28 04:02:00.000  -12.843778181  131.132761482   132.0349   5   8   3.6534   4.2812   8.2721  -0.4787   2.8040   2.1446   0.00    0.0
2014/04/28 04:02:30.000  -12.843778048  131.132761886   131.9750   5   8   3.6560   4.2830   8.2940  -0.4929   2.8247   2.1578   0.00    0.0
2014/04/28 04:03:00.000  -12.843777021  131.132762538   131.9629   5   8   3.6586   4.2848   8.3160  -0.5065   2.8454   2.1707   0.00    0.0
2014/04/28 04:03:30.000  -12.843776624  131.132763527   131.8215   5   8   3.6611   4.2867   8.3383  -0.5196   2.8663   2.1835   0.00    0.0
2014/04/28 04:04:00.000  -12.843776352  131.132763871   131.9131   5   8   3.6636   4.2887   8.3609  -0.5321   2.8871   2.1959   0.00    0.0
2014/04/28 04:04:30.000  -12.843776120  131.132763314   131.9159   5   8   3.6660   4.2907   8.3836  -0.5442   2.9081   2.2081   0.00    0.0
2014/04/28 04:05:00.000  -12.843776079  131.132763303   132.1296   5   8   3.6684   4.2928   8.4066  -0.5559   2.9292   2.2201   0.00    0.0
2014/04/28 04:05:30.000  -12.843772740  131.132758841   133.5065   5   7   3.8879   4.6477   9.4231  -1.6116   1.1069   3.2212   0.00    0.0
2014/04/28 04:06:00.000  -12.843772432  131.132759356   133.6749   5   7   3.8937   4.6444   9.4562  -1.6158   1.1673   3.2417   0.00    0.0
2014/04/28 04:06:30.000  -12.843773460  131.132758804   133.4860   5   7   3.8995   4.6411   9.4897  -1.6198   1.2254   3.2620   0.00    0.0
2014/04/28 04:07:00.000  -12.843773951  131.132757984   133.3066   5   7   3.9052   4.6379   9.5235  -1.6236   1.2815   3.2822   0.00    0.0
2014/04/28 04:07:30.000  -12.843774331  131.132757450   133.0677   5   7   3.9108   4.6348   9.5578  -1.6271   1.3361   3.3022   0.00    0.0
2014/04/28 04:08:00.000  -12.843775016  131.132756553   132.7650   5   7   3.9164   4.6318   9.5925  -1.6303   1.3891   3.3221   0.00    0.0
2014/04/28 04:08:30.000  -12.843775333  131.132756887   132.4350   5   7   3.9219   4.6288   9.6275  -1.6333   1.4409   3.3417   0.00    0.0
2014/04/28 04:09:00.000  -12.843776424  131.132757196   132.4805   5   7   3.9273   4.6259   9.6630  -1.6360   1.4915   3.3612   0.00    0.0
2014/04/28 04:09:30.000  -12.843777313  131.132757985   132.6789   5   7   3.9327   4.6231   9.6988  -1.6385   1.5411   3.3806   0.00    0.0
2014/04/28 04:10:00.000  -12.843776892  131.132758263   132.7178   5   7   3.9379   4.6204   9.7350  -1.6407   1.5899   3.3997   0.00    0.0
2014/04/28 04:10:30.000  -12.843776787  131.132756754   132.3031   5   7   3.9431   4.6177   9.7715  -1.6426   1.6378   3.4186   0.00    0.0
2014/04/28 04:11:00.000  -12.843784036  131.132755983   133.8681   5   6   4.2849   4.6155  10.7091  -1.6111   1.6001   2.1585   0.00    0.0
2014/04/28 04:11:30.000  -12.843785714  131.132755607   133.5994   5   6   4.2842   4.6129  10.7593  -1.6186   1.6630   2.1865   0.00    0.0
2014/04/28 04:12:00.000  -12.843786112  131.132757157   133.7249   5   6   4.2834   4.6103  10.8102  -1.6256   1.7245   2.2140   0.00    0.0
2014/04/28 04:12:30.000  -12.843785941  131.132757883   133.8477   5   6   4.2826   4.6078  10.8618  -1.6323   1.7848   2.2411   0.00    0.0
2014/04/28 04:13:00.000  -12.843785719  131.132757908   133.7135   5   6   4.2817   4.6055  10.9141  -1.6385   1.8439   2.2676   0.00    0.0
2014/04/28 04:13:30.000  -12.843786276  131.132758338   133.8231   5   6   4.2808   4.6032  10.9670  -1.6444   1.9021   2.2937   0.00    0.0
2014/04/28 04:14:00.000  -12.843787268  131.132759799   133.9373   5   6   4.2799   4.6010  11.0206  -1.6499   1.9595   2.3193   0.00    0.0
2014/04/28 04:14:30.000  -12.843787866  131.132759531   133.6300   5   6   4.2789   4.5990  11.0749  -1.6550   2.0160   2.3445   0.00    0.0
2014/04/28 04:15:00.000  -12.843787027  131.132757347   133.4931   5   6   4.2779   4.5970  11.1299  -1.6598   2.0719   2.3692   0.00    0.0
2014/04/28 04:15:30.000  -12.843786998  131.132756140   133.6976   5   6   4.2768   4.5952  11.1855  -1.6642   2.1272   2.3934   0.00    0.0
2014/04/28 04:16:00.000  -12.843786988  131.132756532   133.7514   5   6   4.2757   4.5934  11.2418  -1.6682   2.1820   2.4172   0.00    0.0
2014/04/28 04:16:30.000  -12.843787482  131.132756846   133.4935   5   6   4.2745   4.5918  11.2988  -1.6719   2.2362   2.4406   0.00    0.0
2014/04/28 04:17:00.000  -12.843788207  131.132757346   133.5315   5   6   4.2733   4.5902  11.3565  -1.6752   2.2901   2.4635   0.00    0.0
2014/04/28 04:17:30.000  -12.843788027  131.132758323   133.8377   5   6   4.2721   4.5888  11.4148  -1.6782   2.3435   2.4859   0.00    0.0
2014/04/28 04:18:00.000  -12.843789055  131.132759035   134.0696   5   6   4.2708   4.5875  11.4738  -1.6809   2.3966   2.5079   0.00    0.0
2014/04/28 04:18:30.000  -12.843789052  131.132758426   134.1549   5   6   4.2695   4.5863  11.5334  -1.6832   2.4494   2.5294   0.00    0.0
2014/04/28 04:19:00.000  -12.843788605  131.132758613   133.8820   5   6   4.2681   4.5852  11.5936  -1.6852   2.5019   2.5505   0.00    0.0
2014/04/28 04:19:30.000  -12.843788511  131.132758327   133.6513   5   6   4.2667   4.5842  11.6545  -1.6869   2.5542   2.5712   0.00    0.0
2014/04/28 04:20:00.000  -12.843789649  131.132757839   133.4811   5   6   4.2652   4.5833  11.7161  -1.6883   2.6063   2.5914   0.00    0.0
2014/04/28 04:20:30.000  -12.843789339  131.132757145   133.5382   5   6   4.2637   4.5826  11.7782  -1.6894   2.6582   2.6111   0.00    0.0
2014/04/28 04:21:00.000  -12.843789485  131.132757238   133.3861   5   6   4.2622   4.5819  11.8410  -1.6901   2.7099   2.6304   0.00    0.0
2014/04/28 04:21:30.000  -12.843789968  131.132758076   133.3326   5   6   4.2606   4.5814  11.9044  -1.6906   2.7614   2.6492   0.00    0.0
2014/04/28 04:22:00.000  -12.843789327  131.132757983   133.4780   5   6   4.2590   4.5810  11.9684  -1.6908   2.8128   2.6675   0.00    0.0
2014/04/28 04:22:30.000  -12.843789877  131.132756379   133.3275   5   6   4.2573   4.5807  12.0330  -1.6907   2.8641   2.6854   0.00    0.0
2014/04/28 04:23:00.000  -12.843790177  131.132756437   133.3514   5   6   4.2556   4.5805  12.0981  -1.6903   2.9153   2.7028   0.00    0.0
2014/04/28 04:23:30.000  -12.843791488  131.132757148   133.3601   5   6   4.2538   4.5805  12.1638  -1.6896   2.9665   2.7197   0.00    0.0
2014/04/28 04:24:00.000  -12.843791831  131.132757107   133.4195   5   6   4.2520   4.5806  12.2301  -1.6887   3.0175   2.7361   0.00    0.0
2014/04/28 04:24:30.000  -12.843791003  131.132756874   133.2674   5   6   4.2502   4.5808  12.2969  -1.6875   3.0685   2.7520   0.00    0.0
2014/04/28 04:25:00.000  -12.843791146  131.132757367   133.0115   5   6   4.2483   4.5811  12.3641  -1.6861   3.1193   2.7674   0.00    0.0
2014/04/28 04:25:30.000  -12.843791576  131.132757630   132.9308   5   6   4.2464   4.5815  12.4319  -1.6844   3.1702   2.7822   0.00    0.0
2014/04/28 04:26:00.000  -12.843792007  131.132756958   133.0071   5   6   4.2444   4.5821  12.5002  -1.6824   3.2210   2.7966   0.00    0.0
2014/04/28 04:26:30.000  -12.843792836  131.132755079   132.5006   5   6   4.2424   4.5828  12.5689  -1.6803   3.2717   2.8104   0.00    0.0
2014/04/28 04:27:00.000  -12.843791470  131.132754573   132.2411   5   6   4.2404   4.5837  12.6381  -1.6779   3.3223   2.8237   0.00    0.0
2014/04/28 04:27:30.000  -12.843791483  131.132754648   131.7627   5   6   4.2383   4.5846  12.7076  -1.6753   3.3730   2.8364   0.00    0.0
2014/04/28 04:28:00.000  -12.843791245  131.132755002   131.9203   5   6   4.2362   4.5857  12.7776  -1.6724   3.4235   2.8486   0.00    0.0
2014/04/28 04:28:30.000  -12.843792053  131.132756567   132.0533   5   6   4.2341   4.5869  12.8479  -1.6694   3.4740   2.8601   0.00    0.0
2014/04/28 04:29:00.000  -12.843794041  131.132754561   130.9664   5   7   4.0283   4.3166  10.0662  -2.1893  -0.4148  -1.5021   0.00    0.0
2014/04/28 04:29:30.000  -12.843793982  131.132753108   131.2163   5   7   4.0254   4.3139  10.1154  -2.1909   0.0877  -1.5098   0.00    0.0
2014/04/28 04:30:00.000  -12.843793889  131.132752136   131.1908   5   7   4.0224   4.3113  10.1650  -2.1924   0.4358  -1.5182   0.00    0.0
2014/04/28 04:30:30.000  -12.843793245  131.132752741   130.9481   5   7   4.0195   4.3087  10.2152  -2.1937   0.6121  -1.5274   0.00    0.0
2014/04/28 04:31:00.000  -12.843793472  131.132752869   130.8778   5   7   4.0166   4.3061  10.2658  -2.1950   0.7497  -1.5372   0.00    0.0
2014/04/28 04:31:30.000  -12.843793143  131.132753556   130.7258   5   7   4.0137   4.3036  10.3169  -2.1961   0.8671  -1.5476   0.00    0.0
2014/04/28 04:32:00.000  -12.843793245  131.132752327   130.2694   5   7   4.0108   4.3012  10.3686  -2.1971   0.9718  -1.5588   0.00    0.0
2014/04/28 04:32:30.000  -12.843793158  131.132751633   130.2930   5   7   4.0079   4.2988  10.4207  -2.1980   1.0675  -1.5706   0.00    0.0
2014/04/28 04:33:00.000  -12.843792819  131.132752168   130.7101   5   7   4.0050   4.2965  10.4732  -2.1988   1.1564  -1.5830   0.00    0.0
2014/04/28 04:33:30.000  -12.843793435  131.132752538   130.9978   5   7   4.0022   4.2943  10.5263  -2.1995   1.2400  -1.5961   0.00    0.0
2014/04/28 04:34:00.000  -12.843793898  131.132751309   130.6933   5   7   3.9993   4.2921  10.5798  -2.2002   1.3193  -1.6098   0.00    0.0
2014/04/28 04:34:30.000  -12.843794581  131.132750716   130.3836   5   7   3.9965   4.2900  10.6337  -2.2007   1.3951  -1.6241   0.00    0.0
2014/04/28 04:35:00.000  -12.843794240  131.132750935   130.5167   5   7   3.9937   4.2879  10.6881  -2.2011   1.4678  -1.6390   0.00    0.0
2014/04/28 04:35:30.000  -12.843793813  131.132749778   130.2394   5   7   3.9910   4.2859  10.7429  -2.2015   1.5380  -1.6546   0.00    0.0
2014/04/28 04:36:00.000  -12.843792267  131.132749446   130.1204   5   7   3.9882   4.2840  10.7981  -2.2018   1.6060  -1.6707   0.00    0.0
2014/04/28 04:36:30.000  -12.843791529  131.132748992   130.0436   5   7   3.9855   4.2822  10.8538  -2.2020   1.6720  -1.6873   0.00    0.0
2014/04/28 04:37:00.000  -12.843791755  131.132748395   129.9183   5   7   3.9828   4.2804  10.9098  -2.2022   1.7362  -1.7046   0.00    0.0
2014/04/28 04:37:30.000  -12.843793145  131.132748357   129.9310   5   7   3.9802   4.2787  10.9662  -2.2022   1.7989  -1.7223   0.00    0.0
2014/04/28 04:38:00.000  -12.843792655  131.132748630   130.0805   5   7   3.9776   4.2770  11.0229  -2.2023   1.8602  -1.7406   0.00    0.0
2014/04/28 04:38:30.000  -12.843792451  131.132749782   130.1484   5   7   3.9750   4.2755  11.0800  -2.2022   1.9202  -1.7594   0.00    0.0
2014/04/28 04:39:00.000  -12.843792733  131.132749745   130.2277   5   7   3.9725   4.2740  11.1375  -2.2022   1.9791  -1.7787   0.00    0.0
2014/04/28 04:39:30.000  -12.843792608  131.132749794   130.5894   5   7   3.9700   4.2726  11.1952  -2.2020   2.0368  -1.7984   0.00    0.0
2014/04/28 04:40:00.000  -12.843792148  131.132748329   130.6271   5   7   3.9675   4.2712  11.2532  -2.2019   2.0936  -1.8187   0.00    0.0
2014/04/28 04:40:30.000  -12.843791274  131.132748011   130.4268   5   7   3.9651   4.2700  11.3115  -2.2016   2.1494  -1.8393   0.00    0.0
2014/04/28 04:41:00.000  -12.843791492  131.132748089   130.2921   5   7   3.9627   4.2688  11.3701  -2.2014   2.2044  -1.8604   0.00    0.0
2014/04/28 04:41:30.000  -12.843791958  131.132747514   129.9386   5   7   3.9604   4.2676  11.4288  -2.2011   2.2586  -1.8819   0.00    0.0
2014/04/28 04:42:00.000  -12.843792100  131.132745529   129.4711   5   7   3.9582   4.2666  11.4878  -2.2008   2.3120  -1.9038   0.00    0.0
2014/04/28 04:42:30.000  -12.843792756  131.132744837   129.1416   5   7   3.9560   4.2656  11.5469  -2.2004   2.3647  -1.9260   0.00    0.0
2014/04/28 04:43:00.000  -12.843792533  131.132743419   128.8029   5   7   3.9538   4.2647  11.6062  -2.2000   2.4166  -1.9486   0.00    0.0
2014/04/28 04:43:30.000  -12.843791736  131.132743452   128.7592   5   7   3.9517   4.2639  11.6656  -2.1996   2.4679  -1.9716   0.00    0.0
2014/04/28 04:44:00.000  -12.843792187  131.132744133   129.0153   5   7   3.9496   4.2632  11.7250  -2.1992   2.5186  -1.9948   0.00    0.0
2014/04/28 04:44:30.000  -12.843792408  131.132743893   129.0849   5   7   3.9477   4.2625  11.7845  -2.1988   2.5686  -2.0184   0.00    0.0
2014/04/28 04:45:00.000  -12.843791298  131.132743230   129.1350   5   7   3.9457   4.2619  11.8441  -2.1983   2.6181  -2.0422   0.00    0.0
2014/04/28 04:45:30.000  -12.843790771  131.132743764   129.2151   5   7   3.9439   4.2614  11.9036  -2.1978   2.6669  -2.0663   0.00    0.0
2014/04/28 04:46:00.000  -12.843791379  131.132743798   129.1041   5   7   3.9420   4.2610  11.9630  -2.1973   2.7151  -2.0906   0.00    0.0
2014/04/28 04:46:30.000  -12.843791440  131.132744165   129.1027   5   7   3.9403   4.2606  12.0224  -2.1968   2.7628  -2.1151   0.00    0.0
2014/04/28 04:47:00.000  -12.843791066  131.132742765   129.0268   5   7   3.9386   4.2603  12.0817  -2.1963   2.8098  -2.1398   0.00    0.0
2014/04/28 04:47:30.000  -12.843791394  131.132742784   129.2466   5   7   3.9370   4.2600  12.1407  -2.1958   2.8564  -2.1647   0.00    0.0
2014/04/28 04:48:00.000  -12.843791821  131.132743643   129.4916   5   7   3.9355   4.2599  12.1996  -2.1952   2.9023  -2.1898   0.00    0.0
2014/04/28 04:48:30.000  -12.843791542  131.132743491   129.4486   5   7   3.9340   4.2597  12.2582  -2.1947   2.9477  -2.2149   0.00    0.0
2014/04/28 04:49:00.000  -12.843791257  131.132742577   129.1336   5   7   3.9326   4.2597  12.3165  -2.1941   2.9925  -2.2402   0.00    0.0
2014/04/28 04:49:30.000  -12.843791779  131.132742334   129.1579   5   7   3.9313   4.2597  12.3744  -2.1936   3.0367  -2.2656   0.00    0.0
2014/04/28 04:50:00.000  -12.843792143  131.132741166   129.0806   5   7   3.9300   4.2598  12.4319  -2.1930   3.0803  -2.2910   0.00    0.0
2014/04/28 04:50:30.000  -12.843792921  131.132742463   128.9940   5   7   3.9288   4.2599  12.4890  -2.1924   3.1234  -2.3165   0.00    0.0
2014/04/28 04:51:00.000  -12.843793086  131.132743165   129.1462   5   7   3.9277   4.2601  12.5456  -2.1918   3.1658  -2.3420   0.00    0.0
2014/04/28 04:51:30.000  -12.843792821  131.132742720   129.3818   5   7   3.9267   4.2603  12.6016  -2.1912   3.2077  -2.3674   0.00    0.0
2014/04/28 04:52:00.000  -12.843792685  131.132742932   129.6026   5   7   3.9258   4.2606  12.6570  -2.1906   3.2489  -2.3929   0.00    0.0
2014/04/28 04:52:30.000  -12.843792966  131.132743499   129.7137   5   7   3.9249   4.2609  12.7118  -2.1900   3.2895  -2.4183   0.00    0.0
2014/04/28 04:53:00.000  -12.843792085  131.132743264   129.9941   5   7   3.9241   4.2612  12.7658  -2.1894   3.3294  -2.4436   0.00    0.0
2014/04/28 04:53:30.000  -12.843791879  131.132742484   130.2566   5   7   3.9233   4.2616  12.8191  -2.1887   3.3687  -2.4688   0.00    0.0
2014/04/28 04:54:00.000  -12.843792517  131.132742594   130.1921   5   7   3.9227   4.2621  12.8715  -2.1881   3.4074  -2.4939   0.00    0.0
2014/04/28 04:54:30.000  -12.843792841  131.132742242   130.2045   5   7   3.9221   4.2625  12.9230  -2.1874   3.4453  -2.5188   0.00    0.0
2014/04/28 04:55:00.000  -12.843792924  131.132742302   130.1577   5   7   3.9216   4.2630  12.9736  -2.1867   3.4825  -2.5435   0.00    0.0
2014/04/28 04:55:30.000  -12.843792418  131.132742021   130.2712   5   7   3.9212   4.2635  13.0231  -2.1859   3.5190  -2.5680   0.00    0.0
2014/04/28 04:56:00.000  -12.843792800  131.132741814   130.5655   5   7   3.9209   4.2640  13.0716  -2.1852   3.5547  -2.5923   0.00    0.0
2014/04/28 04:56:30.000  -12.843792563  131.132741294   130.5148   5   7   3.9206   4.2645  13.1189  -2.1844   3.5897  -2.6164   0.00    0.0
2014/04/28 04:57:00.000  -12.843792323  131.132741867   130.3973   5   7   3.9204   4.2650  13.1650  -2.1835   3.6240  -2.6401   0.00    0.0
2014/04/28 04:57:30.000  -12.843791956  131.132741458   130.4136   5   7   3.9203   4.2656  13.2099  -2.1826   3.6574  -2.6635   0.00    0.0
2014/04/28 04:58:00.000  -12.843792159  131.132740221   130.0300   5   7   3.9203   4.2661  13.2534  -2.1817   3.6900  -2.6866   0.00    0.0
2014/04/28 04:58:30.000  -12.843792144  131.132740246   130.0293   5   7   3.9203   4.2666  13.2955  -2.1807   3.7218  -2.7094   0.00    0.0
2014/04/28 04:59:00.000  -12.843792654  131.132739233   129.9435   5   7   3.9204   4.2671  13.3362  -2.1797   3.7527  -2.7317   0.00    0.0
2014/04/28 04:59:30.000  -12.843792767  131.132739044   130.0369   5   7   3.9206   4.2676  13.3754  -2.1786   3.7827  -2.7536   0.00    0.0
2014/04/28 05:00:00.000  -12.843792984  131.132739248   130.0462   5   7   3.9209   4.2680  13.4130  -2.1774   3.8119  -2.7751   0.00    0.0
2014/04/28 05:00:30.000  -12.843793192  131.132739807   130.3408   5   7   3.9212   4.2685  13.4490  -2.1762   3.8401  -2.7961   0.00    0.0
2014/04/28 05:01:00.000  -12.843794012  131.132740544   130.8628   5   7   3.9216   4.2689  13.4833  -2.1749   3.8674  -2.8166   0.00    0.0
2014/04/28 05:01:30.000  -12.843794122  131.132739922   131.0216   5   7   3.9221   4.2692  13.5159  -2.1735   3.8938  -2.8366   0.00    0.0
2014/04/28 05:02:00.000  -12.843793972  131.132739834   131.4128   5   7   3.9227   4.2696  13.5466  -2.1720   3.9192  -2.8561   0.00    0.0
2014/04/28 05:02:30.000  -12.843793474  131.132739113   131.7557   5   7   3.9233   4.2698  13.5756  -2.1704   3.9437  -2.8750   0.00    0.0
2014/04/28 05:03:00.000  -12.843793260  131.132739514   132.3194   5   7   3.9239   4.2700  13.6026  -2.1688   3.9671  -2.8932   0.00    0.0
2014/04/28 05:03:30.000  -12.843792990  131.132738972   132.4023   5   7   3.9247   4.2702  13.6277  -2.1670   3.9895  -2.9109   0.00    0.0
2014/04/28 05:04:00.000  -12.843793199  131.132738463   132.4208   5   7   3.9255   4.2703  13.6508  -2.1651   4.0110  -2.9280   0.00    0.0
2014/04/28 05:04:30.000  -12.843792713  131.132737998   132.6837   5   7   3.9263   4.2703  13.6719  -2.1631   4.0313  -2.9443   0.00    0.0
2014/04/28 05:05:00.000  -12.843792394  131.132737997   132.6936   5   7   3.9273   4.2703  13.6909  -2.1609   4.0507  -2.9600   0.00    0.0
2014/04/28 05:05:30.000  -12.843792250  131.132738442   132.7399   5   7   3.9283   4.2702  13.7078  -2.1586   4.0689  -2.9750   0.00    0.0
2014/04/28 05:06:00.000  -12.843792820  131.132738915   132.9676   5   7   3.9293   4.2700  13.7226  -2.1562   4.0862  -2.9893   0.00    0.0
2014/04/28 05:06:30.000  -12.843794440  131.132740319   132.9905   5   7   3.9304   4.2697  13.7352  -2.1537   4.1023  -3.0028   0.00    0.0
2014/04/28 05:07:00.000  -12.843795059  131.132741069   133.1550   5   7   3.9315   4.2694  13.7456  -2.1510   4.1173  -3.0156   0.00    0.0
2014/04/28 05:07:30.000  -12.843796088  131.132741356   133.1474   5   7   3.9328   4.2689  13.7539  -2.1481   4.1313  -3.0276   0.00    0.0
2014/04/28 05:08:00.000  -12.843796334  131.132740912   133.3094   5   7   3.9340   4.2684  13.7598  -2.1451   4.1442  -3.0389   0.00    0.0
2014/04/28 05:08:30.000  -12.843796448  131.132740097   133.1678   5   7   3.9353   4.2678  13.7636  -2.1419   4.1560  -3.0493   0.00    0.0
2014/04/28 05:09:00.000  -12.843796456  131.132740444   133.5907   5   7   3.9367   4.2671  13.7650  -2.1386   4.1667  -3.0589   0.00    0.0
2014/04/28 05:09:30.000  -12.843794871  131.132739792   133.9599   5   7   3.9381   4.2662  13.7643  -2.1351   4.1763  -3.0677   0.00    0.0
2014/04/28 05:10:00.000  -12.843793661  131.132739787   134.1393   5   7   3.9395   4.2653  13.7612  -2.1314   4.1848  -3.0757   0.00    0.0
2014/04/28 05:10:30.000  -12.843793221  131.132740093   134.0987   5   7   3.9410   4.2643  13.7559  -2.1275   4.1922  -3.0828   0.00    0.0
2014/04/28 05:11:00.000  -12.843792835  131.132740522   133.9221   5   7   3.9426   4.2632  13.7483  -2.1234   4.1986  -3.0891   0.00    0.0
2014/04/28 05:11:30.000  -12.843792418  131.132741265   134.0283   5   7   3.9442   4.2620  13.7385  -2.1192   4.2038  -3.0945   0.00    0.0
2014/04/28 05:12:00.000  -12.843792897  131.132741758   134.3882   5   7   3.9458   4.2607  13.7264  -2.1147   4.2080  -3.0990   0.00    0.0
2014/04/28 05:12:30.000  -12.843794659  131.132743580   134.5940   5   7   3.9475   4.2593  13.7122  -2.1101   4.2112  -3.1027   0.00    0.0
2014/04/28 05:13:00.000  -12.843795429  131.132743591   134.8774   5   7   3.9493   4.2578  13.6957  -2.1052   4.2133  -3.1055   0.00    0.0
2014/04/28 05:13:30.000  -12.843796139  131.132741206   134.4135   5   8   3.9407   3.9526  11.2738  -2.2050   2.3529  -3.4453   0.00    0.0
2014/04/28 05:14:00.000  -12.843796404  131.132742309   135.1027   5   8   3.9421   3.9499  11.2798  -2.2019   2.3647  -3.4501   0.00    0.0
2014/04/28 05:14:30.000  -12.843795561  131.132743193   135.3434   5   8   3.9436   3.9472  11.2844  -2.1988   2.3758  -3.4543   0.00    0.0
2014/04/28 05:15:00.000  -12.843795086  131.132742470   135.2250   5   8   3.9451   3.9445  11.2877  -2.1956   2.3862  -3.4579   0.00    0.0
2014/04/28 05:15:30.000  -12.843794319  131.132741938   135.0358   5   8   3.9466   3.9417  11.2896  -2.1923   2.3959  -3.4608   0.00    0.0
2014/04/28 05:16:00.000  -12.843794597  131.132743335   134.7708   5   8   3.9481   3.9390  11.2903  -2.1889   2.4048  -3.4631   0.00    0.0
2014/04/28 05:16:30.000  -12.843793279  131.132743426   134.6459   5   8   3.9496   3.9363  11.2896  -2.1853   2.4131  -3.4647   0.00    0.0
2014/04/28 05:17:00.000  -12.843792451  131.132744481   134.7040   5   8   3.9511   3.9335  11.2875  -2.1817   2.4206  -3.4657   0.00    0.0
2014/04/28 05:17:30.000  -12.843792104  131.132746580   135.0951   5   8   3.9527   3.9307  11.2842  -2.1780   2.4275  -3.4660   0.00    0.0
2014/04/28 05:18:00.000  -12.843792195  131.132747533   135.2693   5   8   3.9542   3.9279  11.2795  -2.1741   2.4338  -3.4656   0.00    0.0
2014/04/28 05:18:30.000  -12.843792183  131.132747967   135.1037   5   8   3.9558   3.9251  11.2735  -2.1702   2.4394  -3.4646   0.00    0.0
2014/04/28 05:19:00.000  -12.843792493  131.132746448   134.9237   5   8   3.9574   3.9223  11.2662  -2.1661   2.4443  -3.4630   0.00    0.0
2014/04/28 05:19:30.000  -12.843792654  131.132746796   134.7893   5   8   3.9590   3.9195  11.2576  -2.1620   2.4487  -3.4606   0.00    0.0
2014/04/28 05:20:00.000  -12.843792269  131.132746172   134.7071   5   8   3.9606   3.9167  11.2477  -2.1577   2.4524  -3.4577   0.00    0.0
2014/04/28 05:20:30.000  -12.843791521  131.132746972   134.4069   5   8   3.9622   3.9138  11.2365  -2.1534   2.4555  -3.4540   0.00    0.0
2014/04/28 05:21:00.000  -12.843791806  131.132748054   134.6275   5   8   3.9639   3.9110  11.2241  -2.1489   2.4580  -3.4497   0.00    0.0
2014/04/28 05:21:30.000  -12.843791923  131.132749434   134.7514   5   8   3.9655   3.9081  11.2105  -2.1443   2.4600  -3.4447   0.00    0.0
2014/04/28 05:22:00.000  -12.843790444  131.132749319   134.8194   5   8   3.9672   3.9053  11.1956  -2.1396   2.4614  -3.4391   0.00    0.0
2014/04/28 05:22:30.000  -12.843789079  131.132749419   134.8570   5   8   3.9689   3.9024  11.1795  -2.1349   2.4623  -3.4329   0.00    0.0
2014/04/28 05:23:00.000  -12.843787885  131.132750028   134.9871   5   8   3.9706   3.8995  11.1623  -2.1300   2.4626  -3.4260   0.00    0.0
2014/04/28 05:23:30.000  -12.843787277  131.132750565   135.0038   5   8   3.9724   3.8966  11.1439  -2.1250   2.4625  -3.4184   0.00    0.0
2014/04/28 05:24:00.000  -12.843786995  131.132751231   134.9898   5   8   3.9741   3.8937  11.1243  -2.1199   2.4619  -3.4102   0.00    0.0
2014/04/28 05:24:30.000  -12.843787171  131.132751395   134.4037   5   8   3.9759   3.8908  11.1037  -2.1147   2.4608  -3.4014   0.00    0.0
2014/04/28 05:25:00.000  -12.843786235  131.132751514   133.9681   5   8   3.9777   3.8879  11.0820  -2.1094   2.4592  -3.3920   0.00    0.0
2014/04/28 05:25:30.000  -12.843786530  131.132751467   133.8171   5   8   3.9796   3.8850  11.0592  -2.1040   2.4572  -3.3820   0.00    0.0
2014/04/28 05:26:00.000  -12.843786413  131.132752871   133.8080   5   8   3.9815   3.8821  11.0354  -2.0985   2.4548  -3.3713   0.00    0.0
2014/04/28 05:26:30.000  -12.843785577  131.132754060   133.9488   5   8   3.9834   3.8792  11.0106  -2.0929   2.4520  -3.3600   0.00    0.0
2014/04/28 05:27:00.000  -12.843785826  131.132755192   133.9583   5   8   3.9853   3.8763  10.9848  -2.0872   2.4488  -3.3482   0.00    0.0
2014/04/28 05:27:30.000  -12.843785554  131.132755748   134.0319   5   8   3.9873   3.8734  10.9581  -2.0814   2.4452  -3.3358   0.00    0.0
2014/04/28 05:28:00.000  -12.843785924  131.132755976   134.0411   5   8   3.9893   3.8705  10.9305  -2.0755   2.4413  -3.3227   0.00    0.0
2014/04/28 05:28:30.000  -12.843786066  131.132754997   133.9914   5   8   3.9914   3.8675  10.9020  -2.0695   2.4371  -3.3092   0.00    0.0
2014/04/28 05:29:00.000  -12.843786228  131.132754588   133.9847   5   8   3.9935   3.8646  10.8727  -2.0634   2.4326  -3.2950   0.00    0.0
2014/04/28 05:29:30.000  -12.843785841  131.132755166   134.0258   5   8   3.9957   3.8618  10.8426  -2.0572   2.4278  -3.2804   0.00    0.0
2014/04/28 05:30:00.000  -12.843785038  131.132755613   134.0945   5   8   3.9979   3.8589  10.8116  -2.0510   2.4227  -3.2651   0.00    0.0
2014/04/28 05:30:30.000  -12.843803179  131.132774744   139.8511   5   9   3.5909   3.4955   9.5352  -1.1451  -1.5306  -1.3020   0.00    0.0
2014/04/28 05:31:00.000  -12.843802641  131.132775869   139.7687   5   9   3.5952   3.4919   9.5169  -1.1353  -1.5225  -1.2916   0.00    0.0
2014/04/28 05:31:30.000  -12.843801714  131.132775826   139.7177   5   9   3.5996   3.4883   9.4981  -1.1254  -1.5144  -1.2805   0.00    0.0
2014/04/28 05:32:00.000  -12.843801766  131.132776531   139.6056   5   9   3.6042   3.4847   9.4788  -1.1154  -1.5062  -1.2687   0.00    0.0
2014/04/28 05:32:30.000  -12.843801574  131.132777529   139.5782   5   9   3.6088   3.4811   9.4590  -1.1052  -1.4978  -1.2562   0.00    0.0
2014/04/28 05:33:00.000  -12.843801961  131.132778253   139.5223   5   9   3.6135   3.4776   9.4386  -1.0949  -1.4893  -1.2430   0.00    0.0
2014/04/28 05:33:30.000  -12.843802883  131.132778635   139.7408   5   9   3.6184   3.4741   9.4179  -1.0846  -1.4807  -1.2291   0.00    0.0
2014/04/28 05:34:00.000  -12.843803829  131.132779337   140.0000   5   9   3.6233   3.4706   9.3967  -1.0741  -1.4720  -1.2144   0.00    0.0
2014/04/28 05:34:30.000  -12.843804099  131.132780427   140.0014   5   9   3.6284   3.4671   9.3750  -1.0634  -1.4631  -1.1989   0.00    0.0
2014/04/28 05:35:00.000  -12.843804721  131.132781576   139.9818   5   9   3.6336   3.4637   9.3530  -1.0527  -1.4540  -1.1827   0.00    0.0
2014/04/28 05:35:30.000  -12.843803661  131.132781398   139.5327   5   9   3.6389   3.4603   9.3306  -1.0418  -1.4448  -1.1656   0.00    0.0
2014/04/28 05:36:00.000  -12.843803650  131.132780421   139.6412   5   8   4.1615   3.7097  10.7886   1.2814  -3.0664  -3.5039   0.00    0.0
2014/04/28 05:36:30.000  -12.843803815  131.132780421   139.8903   5   8   4.1680   3.7040  10.7656   1.2864  -3.0542  -3.4986   0.00    0.0
2014/04/28 05:37:00.000  -12.843804287  131.132780223   139.9713   5   8   4.1744   3.6983  10.7417   1.2913  -3.0417  -3.4926   0.00    0.0
2014/04/28 05:37:30.000  -12.843803760  131.132779750   139.7400   5   8   4.1810   3.6926  10.7168   1.2962  -3.0287  -3.4860   0.00    0.0
2014/04/28 05:38:00.000  -12.843803500  131.132780611   139.3763   5   8   4.1875   3.6870  10.6911   1.3010  -3.0154  -3.4787   0.00    0.0
2014/04/28 05:38:30.000  -12.843803595  131.132780651   139.4629   5   8   4.1941   3.6814  10.6645   1.3056  -3.0017  -3.4707   0.00    0.0
2014/04/28 05:39:00.000  -12.843803789  131.132781644   139.5580   5   8   4.2008   3.6758  10.6372   1.3102  -2.9876  -3.4621   0.00    0.0
2014/04/28 05:39:30.000  -12.843802953  131.132782125   139.3800   5   8   4.2075   3.6702  10.6090   1.3148  -2.9732  -3.4528   0.00    0.0
2014/04/28 05:40:00.000  -12.843803598  131.132781674   139.5490   5   8   4.2142   3.6647  10.5800   1.3192  -2.9584  -3.4429   0.00    0.0
2014/04/28 05:40:30.000  -12.843803576  131.132781790   139.5005   5   8   4.2210   3.6592  10.5504   1.3236  -2.9432  -3.4323   0.00    0.0
2014/04/28 05:41:00.000  -12.843803037  131.132781574   139.6371   5   8   4.2278   3.6538  10.5200   1.3280  -2.9277  -3.4211   0.00    0.0
2014/04/28 05:41:30.000  -12.843802176  131.132781639   139.8322   5   8   4.2347   3.6483  10.4889   1.3322  -2.9118  -3.4093   0.00    0.0
2014/04/28 05:42:00.000  -12.843802066  131.132782552   139.8849   5   8   4.2417   3.6429  10.4572   1.3365  -2.8956  -3.3970   0.00    0.0
2014/04/28 05:42:30.000  -12.843800599  131.132782936   139.6050   5   8   4.2487   3.6375  10.4248   1.3407  -2.8790  -3.3840   0.00    0.0
2014/04/28 05:43:00.000  -12.843801363  131.132782511   139.8858   5   8   4.2558   3.6322  10.3919   1.3449  -2.8620  -3.3704   0.00    0.0
2014/04/28 05:43:30.000  -12.843802023  131.132782860   140.0233   5   8   4.2630   3.6269  10.3584   1.3490  -2.8448  -3.3562   0.00    0.0
2014/04/28 05:44:00.000  -12.843802383  131.132783994   139.8621   5   8   4.2702   3.6216  10.3244   1.3531  -2.8272  -3.3415   0.00    0.0
2014/04/28 05:44:30.000  -12.843802326  131.132784900   139.3271   5   8   4.2776   3.6164  10.2899   1.3572  -2.8092  -3.3262   0.00    0.0
2014/04/28 05:45:00.000  -12.843802137  131.132783792   138.8551   5   8   4.2850   3.6112  10.2549   1.3613  -2.7910  -3.3104   0.00    0.0
2014/04/28 05:45:30.000  -12.843803039  131.132782917   138.7001   5   8   4.2924   3.6060  10.2195   1.3654  -2.7724  -3.2940   0.00    0.0
2014/04/28 05:46:00.000  -12.843803688  131.132783671   138.5924   5   8   4.3000   3.6009  10.1837   1.3695  -2.7535  -3.2771   0.00    0.0
2014/04/28 05:46:30.000  -12.843804013  131.132784613   138.8548   5   8   4.3076   3.5958  10.1475   1.3737  -2.7343  -3.2597   0.00    0.0
2014/04/28 05:47:00.000  -12.843804645  131.132784406   139.0774   5   8   4.3154   3.5907  10.1109   1.3778  -2.7148  -3.2418   0.00    0.0
2014/04/28 05:47:30.000  -12.843804543  131.132785137   139.0645   5   8   4.3232   3.5857  10.0740   1.3820  -2.6950  -3.2233   0.00    0.0
2014/04/28 05:48:00.000  -12.843803204  131.132784634   138.9872   5   8   4.3312   3.5807  10.0369   1.3862  -2.6749  -3.2044   0.00    0.0
2014/04/28 05:48:30.000  -12.843803045  131.132784583   139.1663   5   8   4.3392   3.5758   9.9994   1.3904  -2.6545  -3.1849   0.00    0.0
2014/04/28 05:49:00.000  -12.843802709  131.132784411   138.7799   5   8   4.3474   3.5709   9.9618   1.3947  -2.6338  -3.1650   0.00    0.0
2014/04/28 05:49:30.000  -12.843802942  131.132785033   138.6153   5   8   4.3556   3.5661   9.9239   1.3990  -2.6128  -3.1446   0.00    0.0
2014/04/28 05:50:00.000  -12.843803036  131.132785639   138.8941   5   8   4.3640   3.5613   9.8858   1.4033  -2.5915  -3.1237   0.00    0.0
2014/04/28 05:50:30.000  -12.843803137  131.132784718   138.9855   5   8   4.3725   3.5565   9.8476   1.4078  -2.5699  -3.1024   0.00    0.0
2014/04/28 05:51:00.000  -12.843802888  131.132783396   139.0633   5   8   4.3811   3.5518   9.8093   1.4123  -2.5481  -3.0806   0.00    0.0
2014/04/28 05:51:30.000  -12.843802769  131.132783184   139.1780   5   8   4.3898   3.5472   9.7708   1.4169  -2.5259  -3.0583   0.00    0.0
2014/04/28 05:52:00.000  -12.843803562  131.132784360   139.0677   5   8   4.3987   3.5426   9.7323   1.4215  -2.5035  -3.0357   0.00    0.0
2014/04/28 05:52:30.000  -12.843803777  131.132784631   139.0047   5   8   4.4077   3.5380   9.6937   1.4263  -2.4808  -3.0125   0.00    0.0
2014/04/28 05:53:00.000  -12.843808024  131.132783356   137.7228   5   9   4.3015   3.4897   9.0791   1.2215  -2.8040  -3.4967   0.00    0.0
2014/04/28 05:53:30.000  -12.843808564  131.132783964   137.7094   5   9   4.3069   3.4841   9.0507   1.2203  -2.7844  -3.4793   0.00    0.0
2014/04/28 05:54:00.000  -12.843809288  131.132783412   137.7853   5   9   4.3123   3.4784   9.0222   1.2191  -2.7645  -3.4615   0.00    0.0
2014/04/28 05:54:30.000  -12.843809294  131.132784083   137.6824   5   9   4.3178   3.4728   8.9935   1.2179  -2.7444  -3.4435   0.00    0.0
2014/04/28 05:55:00.000  -12.843809951  131.132784502   137.4733   5   9   4.3234   3.4673   8.9646   1.2167  -2.7241  -3.4250   0.00    0.0
2014/04/28 05:55:30.000  -12.843810665  131.132784667   137.5316   5   9   4.3290   3.4618   8.9356   1.2155  -2.7036  -3.4063   0.00    0.0
2014/04/28 05:56:00.000  -12.843811264  131.132785183   137.6872   5   9   4.3347   3.4563   8.9065   1.2144  -2.6828  -3.3872   0.00    0.0
2014/04/28 05:56:30.000  -12.843811708  131.132785306   137.5448   5   9   4.3404   3.4508   8.8774   1.2133  -2.6619  -3.3678   0.00    0.0
2014/04/28 05:57:00.000  -12.843811533  131.132785978   137.4325   5   9   4.3462   3.4454   8.8481   1.2122  -2.6407  -3.3482   0.00    0.0
2014/04/28 05:57:30.000  -12.843811848  131.132785910   137.5043   5   9   4.3521   3.4401   8.8189   1.2112  -2.6193  -3.3282   0.00    0.0
2014/04/28 05:58:00.000  -12.843811674  131.132785751   137.1926   5   9   4.3580   3.4347   8.7896   1.2102  -2.5977  -3.3079   0.00    0.0
2014/04/28 05:58:30.000  -12.843812619  131.132785197   136.9985   5   9   4.3641   3.4295   8.7603   1.2093  -2.5760  -3.2873   0.00    0.0
2014/04/28 05:59:00.000  -12.843812958  131.132785998   136.9888   5   9   4.3702   3.4242   8.7310   1.2084  -2.5540  -3.2665   0.00    0.0
2014/04/28 05:59:30.000  -12.843812704  131.132786051   137.1606   5   9   4.3764   3.4190   8.7017   1.2076  -2.5318  -3.2453   0.00    0.0
2014/04/28 06:00:00.000  -12.843813835  131.132783204   137.5100   5   9   4.3826   3.4139   8.6724   1.2070  -2.5094  -3.2239   0.00    0.0
2014/04/28 06:00:30.000  -12.843815845  131.132783325   137.7109   5   9   4.3890   3.4088   8.6433   1.2063  -2.4868  -3.2023   0.00    0.0
2014/04/28 06:01:00.000  -12.843816851  131.132783448   137.8250   5   9   4.3954   3.4037   8.6142   1.2058  -2.4640  -3.1803   0.00    0.0
2014/04/28 06:01:30.000  -12.843815765  131.132783535   137.4682   5   9   4.4019   3.3987   8.5851   1.2054  -2.4410  -3.1581   0.00    0.0
2014/04/28 06:02:00.000  -12.843814957  131.132783399   137.4258   5   9   4.4085   3.3938   8.5562   1.2051  -2.4178  -3.1357   0.00    0.0
2014/04/28 06:02:30.000  -12.843815407  131.132784175   137.3299   5   9   4.4151   3.3889   8.5274   1.2049  -2.3944  -3.1130   0.00    0.0
2014/04/28 06:03:00.000  -12.843817668  131.132784092   137.3822   5   9   4.4219   3.3840   8.4987   1.2048  -2.3708  -3.0901   0.00    0.0
2014/04/28 06:03:30.000  -12.843818071  131.132783687   137.4588   5   9   4.4287   3.3792   8.4702   1.2048  -2.3470  -3.0669   0.00    0.0
2014/04/28 06:04:00.000  -12.843816575  131.132783306   137.5268   5   9   4.4357   3.3745   8.4418   1.2049  -2.3230  -3.0434   0.00    0.0
2014/04/28 06:04:30.000  -12.843815993  131.132782786   137.7105   5   9   4.4427   3.3698   8.4136   1.2052  -2.2988  -3.0198   0.00    0.0
2014/04/28 06:05:00.000  -12.843816669  131.132783226   138.0576   5   9   4.4498   3.3651   8.3855   1.2056  -2.2743  -2.9959   0.00    0.0
2014/04/28 06:05:30.000  -12.843817395  131.132782954   138.3700   5   9   4.4570   3.3606   8.3577   1.2062  -2.2496  -2.9717   0.00    0.0
2014/04/28 06:06:00.000  -12.843818187  131.132783403   138.2324   5   9   4.4643   3.3560   8.3300   1.2069  -2.2248  -2.9473   0.00    0.0
2014/04/28 06:06:30.000  -12.843818921  131.132784408   137.8005   5   9   4.4716   3.3516   8.3026   1.2077  -2.1996  -2.9227   0.00    0.0
2014/04/28 06:07:00.000  -12.843819147  131.132785012   137.7268   5   9   4.4791   3.3472   8.2753   1.2087  -2.1743  -2.8979   0.00    0.0
2014/04/28 06:07:30.000  -12.843818952  131.132784914   137.8392   5   9   4.4866   3.3428   8.2483   1.2099  -2.1487  -2.8728   0.00    0.0
2014/04/28 06:08:00.000  -12.843820178  131.132785524   138.1438   5   9   4.4943   3.3385   8.2216   1.2112  -2.1229  -2.8475   0.00    0.0
2014/04/28 06:08:30.000  -12.843821311  131.132786992   137.9334   5   9   4.5020   3.3343   8.1951   1.2127  -2.0968  -2.8219   0.00    0.0
2014/04/28 06:09:00.000  -12.843820706  131.132787152   137.4197   5   9   4.5098   3.3301   8.1688   1.2144  -2.0704  -2.7962   0.00    0.0
2014/04/28 06:09:30.000  -12.843821903  131.132786231   137.6692   5   9   4.5177   3.3260   8.1428   1.2162  -2.0438  -2.7701   0.00    0.0
2014/04/28 06:10:00.000  -12.843821588  131.132784248   138.0608   5   9   4.5257   3.3220   8.1171   1.2182  -2.0169  -2.7439   0.00    0.0
2014/04/28 06:10:30.000  -12.843823029  131.132783241   138.4244   5   8   4.6757   3.7161   9.3201  -0.6515  -3.4203  -1.4473   0.00    0.0
2014/04/28 06:11:00.000  -12.843824840  131.132783225   138.6444   5   8   4.6852   3.7094   9.2991  -0.6490  -3.3999  -1.3851   0.00    0.0
2014/04/28 06:11:30.000  -12.843825192  131.132783291   138.7598   5   8   4.6947   3.7027   9.2783  -0.6460  -3.3793  -1.3199   0.00    0.0
2014/04/28 06:12:00.000  -12.843824729  131.132782808   138.7938   5   8   4.7044   3.6960   9.2575  -0.6426  -3.3585  -1.2514   0.00    0.0
2014/04/28 06:12:30.000  -12.843824827  131.132783107   138.6427   5   8   4.7141   3.6894   9.2370  -0.6388  -3.3374  -1.1790   0.00    0.0
2014/04/28 06:13:00.000  -12.843824585  131.132782992   138.8580   5   8   4.7240   3.6828   9.2166  -0.6344  -3.3162  -1.1019   0.00    0.0
2014/04/28 06:13:30.000  -12.843824951  131.132783550   138.7547   5   8   4.7339   3.6762   9.1963  -0.6296  -3.2947  -1.0190   0.00    0.0
2014/04/28 06:14:00.000  -12.843825899  131.132782938   138.7109   5   8   4.7439   3.6696   9.1763  -0.6242  -3.2730  -0.9290   0.00    0.0
2014/04/28 06:14:30.000  -12.843827674  131.132782253   138.5876   5   8   4.7540   3.6631   9.1564  -0.6183  -3.2511  -0.8293   0.00    0.0
2014/04/28 06:15:00.000  -12.843828324  131.132781568   138.5918   5   8   4.7641   3.6567   9.1368  -0.6117  -3.2290  -0.7161   0.00    0.0
2014/04/28 06:15:30.000  -12.843828804  131.132781868   138.6265   5   8   4.7744   3.6502   9.1173  -0.6045  -3.2067  -0.5815   0.00    0.0
2014/04/28 06:16:00.000  -12.843828822  131.132781087   138.5923   5   8   4.7847   3.6438   9.0981  -0.5967  -3.1842  -0.4048   0.00    0.0
2014/04/28 06:16:30.000  -12.843828125  131.132780588   138.4403   5   8   4.7950   3.6375   9.0791  -0.5882  -3.1614   0.1000   0.00    0.0
2014/04/28 06:17:00.000  -12.843827612  131.132780049   138.5935   5   8   4.8054   3.6312   9.0603  -0.5789  -3.1385   0.4283   0.00    0.0
2014/04/28 06:17:30.000  -12.843829088  131.132779885   138.7929   5   8   4.8159   3.6249   9.0418  -0.5688  -3.1153   0.5971   0.00    0.0
2014/04/28 06:18:00.000  -12.843828555  131.132780448   138.8527   5   8   4.8264   3.6187   9.0235  -0.5578  -3.0919   0.7273   0.00    0.0
2014/04/28 06:18:30.000  -12.843829102  131.132779961   139.1133   5   8   4.8370   3.6126   9.0054  -0.5460  -3.0683   0.8373   0.00    0.0
2014/04/28 06:19:00.000  -12.843828887  131.132779463   139.0241   5   8   4.8476   3.6065   8.9876  -0.5331  -3.0444   0.9341   0.00    0.0
2014/04/28 06:19:30.000  -12.843829606  131.132778607   138.9339   5   8   4.8582   3.6004   8.9701  -0.5192  -3.0203   1.0215   0.00    0.0
2014/04/28 06:20:00.000  -12.843830061  131.132779661   138.7778   5   8   4.8688   3.5944   8.9528  -0.5040  -2.9960   1.1017   0.00    0.0
2014/04/28 06:20:30.000  -12.843831177  131.132779969   138.6990   5   8   4.8795   3.5885   8.9358  -0.4876  -2.9714   1.1761   0.00    0.0
2014/04/28 06:21:00.000  -12.843831068  131.132779093   138.8715   5   8   4.8902   3.5826   8.9191  -0.4697  -2.9466   1.2459   0.00    0.0
2014/04/28 06:21:30.000  -12.843828561  131.132778213   139.0783   5   8   4.9009   3.5768   8.9027  -0.4501  -2.9215   1.3117   0.00    0.0
2014/04/28 06:22:00.000  -12.843827469  131.132777991   139.1074   5   8   4.9116   3.5711   8.8865  -0.4286  -2.8962   1.3740   0.00    0.0
2014/04/28 06:22:30.000  -12.843828805  131.132778162   139.2097   5   8   4.9223   3.5654   8.8706  -0.4050  -2.8706   1.4334   0.00    0.0
2014/04/28 06:23:00.000  -12.843830722  131.132779195   139.0774   5   8   4.9329   3.5598   8.8550  -0.3787  -2.8447   1.4901   0.00    0.0
2014/04/28 06:23:30.000  -12.843830897  131.132779017   138.9829   5   8   4.9436   3.5543   8.8397  -0.3491  -2.8186   1.5445   0.00    0.0
2014/04/28 06:24:00.000  -12.843830826  131.132778574   138.9155   5   8   4.9542   3.5488   8.8247  -0.3155  -2.7921   1.5967   0.00    0.0
2014/04/28 06:24:30.000  -12.843829877  131.132777520   138.9222   5   8   4.9648   3.5434   8.8099  -0.2761  -2.7654   1.6470   0.00    0.0
2014/04/28 06:25:00.000  -12.843828852  131.132776272   138.8242   5   8   4.9754   3.5381   8.7955  -0.2280  -2.7384   1.6955   0.00    0.0
2014/04/28 06:25:30.000  -12.843829162  131.132776430   138.6733   5   8   4.9859   3.5328   8.7814  -0.1639  -2.7110   1.7424   0.00    0.0
2014/04/28 06:26:00.000  -12.843829616  131.132776408   138.9547   5   8   4.9963   3.5277   8.7675  -0.0282  -2.6834   1.7878   0.00    0.0
2014/04/28 06:26:30.000  -12.843829172  131.132774576   139.2235   5   8   5.0067   3.5226   8.7540   0.1619  -2.6554   1.8317   0.00    0.0
2014/04/28 06:27:00.000  -12.843829154  131.132773987   139.6337   5   8   5.0170   3.5176   8.7408   0.2327  -2.6270   1.8743   0.00    0.0
2014/04/28 06:27:30.000  -12.843830054  131.132774093   139.6640   5   8   5.0272   3.5127   8.7279   0.2881  -2.5983   1.9156   0.00    0.0
2014/04/28 06:28:00.000  -12.843830115  131.132772930   139.5433   5   8   5.0374   3.5079   8.7152   0.3359  -2.5693   1.9558   0.00    0.0
2014/04/28 06:28:30.000  -12.843829770  131.132772334   139.2683   5   8   5.0474   3.5032   8.7029   0.3789  -2.5398   1.9948   0.00    0.0
2014/04/28 06:29:00.000  -12.843828168  131.132771675   139.1129   5   8   5.0574   3.4986   8.6909   0.4187  -2.5099   2.0327   0.00    0.0
2014/04/28 06:29:30.000  -12.843828044  131.132771122   139.3794   5   8   5.0672   3.4940   8.6792   0.4561  -2.4797   2.0697   0.00    0.0
2014/04/28 06:30:00.000  -12.843825716  131.132770513   139.0903   5   8   5.0769   3.4896   8.6677   0.4915  -2.4490   2.1056   0.00    0.0
2014/04/28 06:30:30.000  -12.843824304  131.132770419   139.0981   5   8   5.0865   3.4852   8.6566   0.5255  -2.4178   2.1406   0.00    0.0
2014/04/28 06:31:00.000  -12.843822983  131.132769309   139.1660   5   8   5.0959   3.4810   8.6458   0.5583  -2.3862   2.1747   0.00    0.0
2014/04/28 06:31:30.000  -12.843822833  131.132769206   139.1567   5   8   5.1052   3.4768   8.6353   0.5900  -2.3540   2.2079   0.00    0.0
2014/04/28 06:32:00.000  -12.843791943  131.132776704   135.8590   5   9   4.3674   3.4046   8.2229  -1.1988  -1.8991   3.4563   0.00    0.0
2014/04/28 06:32:30.000  -12.843792571  131.132776317   135.7952   5   9   4.3722   3.4003   8.2215  -1.1870  -1.8626   3.4693   0.00    0.0
2014/04/28 06:33:00.000  -12.843793194  131.132775734   135.9976   5   9   4.3769   3.3961   8.2202  -1.1749  -1.8252   3.4820   0.00    0.0
2014/04/28 06:33:30.000  -12.843793031  131.132774530   136.0031   5   9   4.3814   3.3919   8.2191  -1.1623  -1.7869   3.4943   0.00    0.0
2014/04/28 06:34:00.000  -12.843792861  131.132773279   136.0740   5   9   4.3857   3.3879   8.2182  -1.1494  -1.7475   3.5064   0.00    0.0
2014/04/28 06:34:30.000  -12.843792715  131.132773641   136.2346   5   9   4.3898   3.3839   8.2175  -1.1361  -1.7071   3.5180   0.00    0.0
2014/04/28 06:35:00.000  -12.843793741  131.132773687   136.3512   5   9   4.3937   3.3800   8.2169  -1.1224  -1.6654   3.5294   0.00    0.0
2014/04/28 06:35:30.000  -12.843794413  131.132773337   136.3989   5   9   4.3974   3.3762   8.2165  -1.1083  -1.6225   3.5404   0.00    0.0
2014/04/28 06:36:00.000  -12.843793904  131.132773109   136.4290   5   9   4.4008   3.3725   8.2162  -1.0937  -1.5781   3.5510   0.00    0.0
2014/04/28 06:36:30.000  -12.843793118  131.132772378   136.6730   5   9   4.4041   3.3689   8.2161  -1.0787  -1.5323   3.5613   0.00    0.0
2014/04/28 06:37:00.000  -12.843793301  131.132771206   136.7423   5   9   4.4072   3.3654   8.2161  -1.0633  -1.4848   3.5712   0.00    0.0
2014/04/28 06:37:30.000  -12.843792285  131.132770299   136.6610   5   9   4.4100   3.3620   8.2163  -1.0474  -1.4355   3.5807   0.00    0.0
2014/04/28 06:38:00.000  -12.843790877  131.132770217   136.6038   5   9   4.4126   3.3587   8.2166  -1.0310  -1.3841   3.5899   0.00    0.0
2014/04/28 06:38:30.000  -12.843789183  131.132769711   136.7567   5   9   4.4150   3.3555   8.2171  -1.0140  -1.3306   3.5987   0.00    0.0
2014/04/28 06:39:00.000  -12.843788254  131.132768979   136.9466   5   9   4.4171   3.3524   8.2177  -0.9966  -1.2745   3.6071   0.00    0.0
2014/04/28 06:39:30.000  -12.843787431  131.132768781   136.8784   5   9   4.4190   3.3494   8.2184  -0.9787  -1.2155   3.6151   0.00    0.0
2014/04/28 06:40:00.000  -12.843787950  131.132767594   137.0427   5   9   4.4207   3.3465   8.2193  -0.9602  -1.1533   3.6228   0.00    0.0
2014/04/28 06:40:30.000  -12.843788574  131.132767059   136.9930   5   9   4.4221   3.3437   8.2204  -0.9411  -1.0871   3.6301   0.00    0.0
2014/04/28 06:41:00.000  -12.843788489  131.132766880   136.8700   5   9   4.4232   3.3411   8.2215  -0.9214  -1.0163   3.6370   0.00    0.0
2014/04/28 06:41:30.000  -12.843787816  131.132765973   137.0199   5   9   4.4242   3.3385   8.2228  -0.9011  -0.9399   3.6434   0.00    0.0
2014/04/28 06:42:00.000  -12.843788765  131.132765394   137.3484   5   9   4.4248   3.3360   8.2242  -0.8801  -0.8562   3.6495   0.00    0.0
2014/04/28 06:42:30.000  -12.843789068  131.132764128   137.7426   5   9   4.4252   3.3337   8.2257  -0.8584  -0.7630   3.6552   0.00    0.0
2014/04/28 06:43:00.000  -12.843788845  131.132763585   137.7652   5   9   4.4254   3.3315   8.2274  -0.8360  -0.6562   3.6605   0.00    0.0
2014/04/28 06:43:30.000  -12.843788693  131.132763674   137.4946   5   9   4.4252   3.3294   8.2291  -0.8127  -0.5276   3.6654   0.00    0.0
2014/04/28 06:44:00.000  -12.843788747  131.132763028   137.2693   5   9   4.4249   3.3274   8.2310  -0.7887  -0.3541   3.6699   0.00    0.0
2014/04/28 06:44:30.000  -12.843789541  131.132761538   137.1973   5   9   4.4242   3.3255   8.2330  -0.7637   0.1679   3.6739   0.00    0.0
2014/04/28 06:45:00.000  -12.843790149  131.132761317   137.4107   5   9   4.4233   3.3237   8.2352  -0.7377   0.4271   3.6776   0.00    0.0
2014/04/28 06:45:30.000  -12.843789073  131.132760181   137.6232   5   9   4.4221   3.3221   8.2374  -0.7107   0.5808   3.6808   0.00    0.0
2014/04/28 06:46:00.000  -12.843787706  131.132759255   137.6988   5   9   4.4206   3.3206   8.2397  -0.6825   0.7021   3.6836   0.00    0.0
2014/04/28 06:46:30.000  -12.843787068  131.132758675   137.6138   5   9   4.4189   3.3192   8.2422  -0.6529   0.8056   3.6860   0.00    0.0
2014/04/28 06:47:00.000  -12.843786825  131.132758980   137.3716   5   9   4.4169   3.3179   8.2448  -0.6219   0.8977   3.6880   0.00    0.0
2014/04/28 06:47:30.000  -12.843787961  131.132759011   137.4829   5   9   4.4146   3.3167   8.2474  -0.5891   0.9815   3.6896   0.00    0.0
2014/04/28 06:48:00.000  -12.843788640  131.132759015   137.5728   5   9   4.4121   3.3157   8.2502  -0.5544   1.0589   3.6907   0.00    0.0
2014/04/28 06:48:30.000  -12.843787411  131.132758254   137.9292   5   9   4.4093   3.3148   8.2531  -0.5173   1.1313   3.6914   0.00    0.0
2014/04/28 06:49:00.000  -12.843787059  131.132757527   138.1222   5   9   4.4062   3.3140   8.2561  -0.4773   1.1996   3.6917   0.00    0.0
2014/04/28 06:49:30.000  -12.843787485  131.132756317   138.3056   5   9   4.4029   3.3134   8.2592  -0.4336   1.2645   3.6915   0.00    0.0
2014/04/28 06:50:00.000  -12.843788658  131.132755725   138.3359   5   9   4.3992   3.3129   8.2624  -0.3851   1.3264   3.6910   0.00    0.0
2014/04/28 06:50:30.000  -12.843789961  131.132754217   138.2946   5   9   4.3953   3.3125   8.2657  -0.3297   1.3857   3.6900   0.00    0.0
2014/04/28 06:51:00.000  -12.843788881  131.132754006   138.2842   5   9   4.3912   3.3122   8.2691  -0.2630   1.4428   3.6886   0.00    0.0
2014/04/28 06:51:30.000  -12.843788917  131.132755231   138.1724   5   9   4.3868   3.3121   8.2726  -0.1725   1.4979   3.6867   0.00    0.0
2014/04/28 06:52:00.000  -12.843788732  131.132754179   138.1757   5   9   4.3821   3.3121   8.2762   0.0975   1.5512   3.6844   0.00    0.0
2014/04/28 06:52:30.000  -12.843788833  131.132753749   138.4275   5   9   4.3772   3.3123   8.2799   0.2204   1.6029   3.6817   0.00    0.0
2014/04/28 06:53:00.000  -12.843788660  131.132753933   138.6328   5   9   4.3720   3.3125   8.2838   0.2957   1.6531   3.6786   0.00    0.0
2014/04/28 06:53:30.000  -12.843788868  131.132754288   138.6312   5   9   4.3665   3.3130   8.2877   0.3551   1.7020   3.6750   0.00    0.0
2014/04/28 06:54:00.000  -12.843789069  131.132752863   138.7811   5   9   4.3608   3.3135   8.2917   0.4056   1.7497   3.6711   0.00    0.0
2014/04/28 06:54:30.000  -12.843788645  131.132751302   138.8568   5   9   4.3548   3.3142   8.2959   0.4501   1.7963   3.6667   0.00    0.0
2014/04/28 06:55:00.000  -12.843788960  131.132750260   138.7614   5   9   4.3486   3.3150   8.3002   0.4903   1.8418   3.6618   0.00    0.0
2014/04/28 06:55:30.000  -12.843790213  131.132750587   138.8987   5   9   4.3422   3.3159   8.3045   0.5271   1.8863   3.6566   0.00    0.0
2014/04/28 06:56:00.000  -12.843789394  131.132750553   138.9521   5   9   4.3355   3.3170   8.3090   0.5612   1.9299   3.6509   0.00    0.0
2014/04/28 06:56:30.000  -12.843788438  131.132749821   138.8738   5   9   4.3286   3.3182   8.3136   0.5930   1.9727   3.6448   0.00    0.0
2014/04/28 06:57:00.000  -12.843787907  131.132749724   138.9951   5   9   4.3215   3.3195   8.3184   0.6229   2.0147   3.6383   0.00    0.0
2014/04/28 06:57:30.000  -12.843787534  131.132750328   139.2116   5   9   4.3141   3.3210   8.3232   0.6510   2.0559   3.6314   0.00    0.0
2014/04/28 06:58:00.000  -12.843787597  131.132749308   139.0020   5   9   4.3065   3.3226   8.3282   0.6777   2.0964   3.6241   0.00    0.0
2014/04/28 06:58:30.000  -12.843788200  131.132748463   139.1389   5   9   4.2987   3.3243   8.3333   0.7030   2.1362   3.6163   0.00    0.0
2014/04/28 06:59:00.000  -12.843788595  131.132747113   139.3392   5   9   4.2907   3.3262   8.3385   0.7271   2.1754   3.6081   0.00    0.0
2014/04/28 06:59:30.000  -12.843789396  131.132746919   139.3972   5   9   4.2825   3.3282   8.3438   0.7500   2.2140   3.5996   0.00    0.0
2014/04/28 07:00:00.000  -12.843792110  131.132747564   138.7073   5   9   4.1540   3.3113   8.2387   0.9763   2.3564   3.3956   0.00    0.0
2014/04/28 07:00:30.000  -12.843792930  131.132747395   138.8964   5   9   4.1464   3.3138   8.2448   0.9909   2.3914   3.3871   0.00    0.0
2014/04/28 07:01:00.000  -12.843792712  131.132746984   138.9266   5   9   4.1386   3.3164   8.2511   1.0050   2.4260   3.3783   0.00    0.0
2014/04/28 07:01:30.000  -12.843792425  131.132745796   138.7748   5   9   4.1307   3.3192   8.2576   1.0186   2.4602   3.3691   0.00    0.0
2014/04/28 07:02:00.000  -12.843792165  131.132745963   138.8199   5   9   4.1226   3.3221   8.2643   1.0318   2.4940   3.3595   0.00    0.0
2014/04/28 07:02:30.000  -12.843793484  131.132746541   138.6835   5   9   4.1143   3.3251   8.2711   1.0445   2.5274   3.3496   0.00    0.0
2014/04/28 07:03:00.000  -12.843793678  131.132745335   138.6446   5   9   4.1059   3.3282   8.2781   1.0568   2.5604   3.3393   0.00    0.0
2014/04/28 07:03:30.000  -12.843793792  131.132745335   138.8813   5   9   4.0973   3.3314   8.2853   1.0686   2.5931   3.3286   0.00    0.0
2014/04/28 07:04:00.000  -12.843793506  131.132744401   138.8053   5   9   4.0886   3.3348   8.2927   1.0799   2.6254   3.3175   0.00    0.0
2014/04/28 07:04:30.000  -12.843794355  131.132744269   138.9006   5   9   4.0798   3.3383   8.3003   1.0909   2.6574   3.3061   0.00    0.0
2014/04/28 07:05:00.000  -12.843794123  131.132744302   139.1179   5   9   4.0708   3.3419   8.3080   1.1014   2.6891   3.2943   0.00    0.0
2014/04/28 07:05:30.000  -12.843791566  131.132750039   138.1758   5   8   4.1114   3.7421   8.8404   1.5182   1.5403   2.9764   0.00    0.0
2014/04/28 07:06:00.000  -12.843791474  131.132749539   138.1487   5   8   4.1033   3.7395   8.8450   1.5257   1.6119   2.9606   0.00    0.0
2014/04/28 07:06:30.000  -12.843790808  131.132748622   138.2226   5   8   4.0950   3.7370   8.8501   1.5329   1.6803   2.9443   0.00    0.0
2014/04/28 07:07:00.000  -12.843790298  131.132748407   138.1868   5   8   4.0865   3.7347   8.8555   1.5396   1.7456   2.9275   0.00    0.0
2014/04/28 07:07:30.000  -12.843790596  131.132748562   138.2237   5   8   4.0780   3.7325   8.8614   1.5460   1.8084   2.9104   0.00    0.0
2014/04/28 07:08:00.000  -12.843791309  131.132748684   138.3286   5   8   4.0693   3.7306   8.8676   1.5520   1.8688   2.8928   0.00    0.0
2014/04/28 07:08:30.000  -12.843792841  131.132748577   137.9980   5   8   4.0606   3.7287   8.8743   1.5576   1.9271   2.8748   0.00    0.0
2014/04/28 07:09:00.000  -12.843792655  131.132748428   137.8169   5   8   4.0517   3.7271   8.8814   1.5628   1.9834   2.8564   0.00    0.0
2014/04/28 07:09:30.000  -12.843791876  131.132748167   137.9070   5   8   4.0428   3.7255   8.8889   1.5677   2.0381   2.8375   0.00    0.0
2014/04/28 07:10:00.000  -12.843791463  131.132747633   138.0784   5   8   4.0337   3.7242   8.8968   1.5722   2.0911   2.8181   0.00    0.0
2014/04/28 07:10:30.000  -12.843791865  131.132747606   138.0404   5   8   4.0246   3.7230   8.9051   1.5763   2.1426   2.7983   0.00    0.0
2014/04/28 07:11:00.000  -12.843792285  131.132748203   137.8665   5   8   4.0154   3.7219   8.9138   1.5801   2.1928   2.7781   0.00    0.0
2014/04/28 07:11:30.000  -12.843792895  131.132747513   137.8393   5   8   4.0062   3.7210   8.9230   1.5835   2.2417   2.7573   0.00    0.0
2014/04/28 07:12:00.000  -12.843792553  131.132746866   137.7787   5   8   3.9968   3.7202   8.9326   1.5865   2.2895   2.7360   0.00    0.0
2014/04/28 07:12:30.000  -12.843793043  131.132746251   137.6126   5   8   3.9874   3.7195   8.9425   1.5892   2.3361   2.7143   0.00    0.0
2014/04/28 07:13:00.000  -12.843792934  131.132745399   137.6611   5   8   3.9780   3.7190   8.9530   1.5916   2.3817   2.6920   0.00    0.0
2014/04/28 07:13:30.000  -12.843792879  131.132744423   137.6577   5   8   3.9685   3.7187   8.9638   1.5935   2.4264   2.6693   0.00    0.0
2014/04/28 07:14:00.000  -12.843793820  131.132743571   137.5448   5   8   3.9589   3.7184   8.9751   1.5952   2.4702   2.6460   0.00    0.0
2014/04/28 07:14:30.000  -12.843793730  131.132744652   137.6038   5   8   3.9493   3.7184   8.9867   1.5965   2.5131   2.6221   0.00    0.0
2014/04/28 07:15:00.000  -12.843791933  131.132745699   137.7289   5   8   3.9397   3.7184   8.9989   1.5975   2.5552   2.5977   0.00    0.0
2014/04/28 07:15:30.000  -12.843790956  131.132744349   137.6683   5   8   3.9301   3.7185   9.0114   1.5981   2.5966   2.5727   0.00    0.0
2014/04/28 07:16:00.000  -12.843791423  131.132743892   137.7483   5   8   3.9204   3.7188   9.0244   1.5984   2.6372   2.5472   0.00    0.0
2014/04/28 07:16:30.000  -12.843791650  131.132744473   137.5763   5   8   3.9108   3.7192   9.0378   1.5984   2.6772   2.5210   0.00    0.0
2014/04/28 07:17:00.000  -12.843792415  131.132744544   137.4732   5   8   3.9011   3.7198   9.0516   1.5980   2.7166   2.4942   0.00    0.0
2014/04/28 07:17:30.000  -12.843792376  131.132743975   137.3803   5   8   3.8914   3.7204   9.0659   1.5973   2.7553   2.4668   0.00    0.0
2014/04/28 07:18:00.000  -12.843792124  131.132743029   137.4836   5   8   3.8817   3.7212   9.0806   1.5963   2.7935   2.4387   0.00    0.0
2014/04/28 07:18:30.000  -12.843793009  131.132742612   137.6423   5   8   3.8720   3.7220   9.0958   1.5950   2.8311   2.4099   0.00    0.0
2014/04/28 07:19:00.000  -12.843793905  131.132742427   137.8031   5   8   3.8623   3.7230   9.1114   1.5933   2.8683   2.3805   0.00    0.0
2014/04/28 07:19:30.000  -12.843802336  131.132747029   140.5802   5   7   4.3110   3.8431  10.9209   0.8350   3.7585  -2.4649   0.00    0.0
2014/04/28 07:20:00.000  -12.843804341  131.132744208   138.6380   5   8   4.2053   3.5709   9.0524  -0.8038   2.3664  -3.4687   0.00    0.0
2014/04/28 07:20:30.000  -12.843802964  131.132745095   138.6775   5   8   4.2001   3.5701   9.0992  -0.8249   2.4155  -3.5050   0.00    0.0
2014/04/28 07:21:00.000  -12.843802932  131.132745204   138.9461   5   8   4.1950   3.5694   9.1473  -0.8463   2.4644  -3.5417   0.00    0.0
2014/04/28 07:21:30.000  -12.843803815  131.132744169   139.0781   5   8   4.1902   3.5690   9.1966  -0.8681   2.5130  -3.5788   0.00    0.0
2014/04/28 07:22:00.000  -12.843804985  131.132744008   139.0006   5   8   4.1856   3.5688   9.2471  -0.8902   2.5615  -3.6163   0.00    0.0
2014/04/28 07:22:30.000  -12.843805620  131.132745207   139.3648   5   8   4.1813   3.5687   9.2990  -0.9126   2.6099  -3.6543   0.00    0.0
2014/04/28 07:23:00.000  -12.843805933  131.132745835   139.4794   5   8   4.1772   3.5689   9.3521  -0.9353   2.6582  -3.6927   0.00    0.0
2014/04/28 07:23:30.000  -12.843806694  131.132746697   139.5877   5   8   4.1734   3.5692   9.4065  -0.9583   2.7064  -3.7315   0.00    0.0
2014/04/28 07:24:00.000  -12.843807526  131.132746446   139.6146   5   8   4.1699   3.5698   9.4623  -0.9815   2.7546  -3.7708   0.00    0.0
2014/04/28 07:24:30.000  -12.843807205  131.132746139   139.5651   5   8   4.1666   3.5706   9.5195  -1.0051   2.8029  -3.8106   0.00    0.0
2014/04/28 07:25:00.000  -12.843806594  131.132745909   139.3689   5   8   4.1637   3.5715   9.5781  -1.0289   2.8512  -3.8509   0.00    0.0
2014/04/28 07:25:30.000  -12.843806213  131.132745990   139.7296   5   8   4.1610   3.5727   9.6381  -1.0530   2.8996  -3.8917   0.00    0.0
2014/04/28 07:26:00.000  -12.843805503  131.132745059   139.5593   5   8   4.1586   3.5741   9.6997  -1.0774   2.9481  -3.9331   0.00    0.0
2014/04/28 07:26:30.000  -12.843804402  131.132745139   139.3167   5   8   4.1566   3.5757   9.7627  -1.1020   2.9968  -3.9750   0.00    0.0
2014/04/28 07:27:00.000  -12.843804097  131.132745807   139.0264   5   8   4.1549   3.5776   9.8274  -1.1269   3.0457  -4.0175   0.00    0.0
2014/04/28 07:27:30.000  -12.843803511  131.132746128   139.1618   5   8   4.1535   3.5796   9.8936  -1.1520   3.0947  -4.0605   0.00    0.0
2014/04/28 07:28:00.000  -12.843803729  131.132746273   139.1738   5   8   4.1524   3.5819   9.9614  -1.1774   3.1440  -4.1042   0.00    0.0
2014/04/28 07:28:30.000  -12.843804769  131.132746889   139.0564   5   8   4.1517   3.5845  10.0309  -1.2031   3.1936  -4.1485   0.00    0.0
2014/04/28 07:29:00.000  -12.843805376  131.132748256   139.2624   5   8   4.1514   3.5872  10.1021  -1.2290   3.2435  -4.1934   0.00    0.0
2014/04/28 07:29:30.000  -12.843806018  131.132746966   139.1491   5   8   4.1514   3.5903  10.1750  -1.2552   3.2937  -4.2390   0.00    0.0
2014/04/28 07:30:00.000  -12.843805985  131.132746084   139.0515   5   8   4.1518   3.5935  10.2497  -1.2817   3.3443  -4.2853   0.00    0.0
2014/04/28 07:30:30.000  -12.843806474  131.132745864   139.0184   5   8   4.1526   3.5971  10.3263  -1.3084   3.3952  -4.3323   0.00    0.0
2014/04/28 07:31:00.000  -12.843806170  131.132745767   138.7833   5   8   4.1538   3.6009  10.4047  -1.3354   3.4466  -4.3800   0.00    0.0
2014/04/28 07:31:30.000  -12.843805455  131.132745688   139.0022   5   8   4.1554   3.6049  10.4850  -1.3627   3.4984  -4.4284   0.00    0.0
2014/04/28 07:32:00.000  -12.843805153  131.132745834   139.2289   5   8   4.1575   3.6092  10.5673  -1.3903   3.5506  -4.4777   0.00    0.0
2014/04/28 07:32:30.000  -12.843804845  131.132745837   139.1203   5   8   4.1599   3.6139  10.6516  -1.4181   3.6034  -4.5277   0.00    0.0
2014/04/28 07:33:00.000  -12.843804766  131.132745690   138.8456   5   8   4.1628   3.6188  10.7379  -1.4463   3.6567  -4.5785   0.00    0.0
2014/04/28 07:33:30.000  -12.843804145  131.132746779   138.8277   5   8   4.1662   3.6239  10.8264  -1.4747   3.7105  -4.6301   0.00    0.0
2014/04/28 07:34:00.000  -12.843803590  131.132748082   139.2029   5   8   4.1700   3.6294  10.9170  -1.5035   3.7649  -4.6826   0.00    0.0
2014/04/28 07:34:30.000  -12.843803229  131.132748525   139.3676   5   8   4.1742   3.6352  11.0098  -1.5326   3.8199  -4.7360   0.00    0.0
2014/04/28 07:35:00.000  -12.843803126  131.132748099   139.3803   5   8   4.1790   3.6413  11.1049  -1.5620   3.8756  -4.7902   0.00    0.0
2014/04/28 07:35:30.000  -12.843802084  131.132748700   139.2459   5   8   4.1843   3.6477  11.2023  -1.5917   3.9319  -4.8454   0.00    0.0
2014/04/28 07:36:00.000  -12.843800568  131.132748039   138.9459   5   8   4.1900   3.6545  11.3020  -1.6217   3.9889  -4.9016   0.00    0.0
2014/04/28 07:36:30.000  -12.843799237  131.132747562   138.6648   5   8   4.1963   3.6616  11.4042  -1.6521   4.0466  -4.9587   0.00    0.0
2014/04/28 07:37:00.000  -12.843798721  131.132747714   138.4409   5   8   4.2031   3.6690  11.5088  -1.6829   4.1050  -5.0168   0.00    0.0
2014/04/28 07:37:30.000  -12.843798091  131.132747765   137.8976   5   8   4.2104   3.6768  11.6160  -1.7140   4.1643  -5.0759   0.00    0.0
2014/04/28 07:38:00.000  -12.843797292  131.132747748   137.6923   5   8   4.2183   3.6850  11.7258  -1.7455   4.2243  -5.1360   0.00    0.0
2014/04/28 07:38:30.000  -12.843797284  131.132748789   138.2000   5   8   4.2268   3.6935  11.8382  -1.7773   4.2852  -5.1973   0.00    0.0
2014/04/28 07:39:00.000  -12.843797493  131.132749740   138.1962   5   8   4.2358   3.7024  11.9534  -1.8095   4.3469  -5.2596   0.00    0.0
2014/04/28 07:39:30.000  -12.843798421  131.132750354   138.4075   5   8   4.2454   3.7117  12.0713  -1.8422   4.4095  -5.3231   0.00    0.0
2014/04/28 07:40:00.000  -12.843797869  131.132750428   138.1942   5   8   4.2556   3.7214  12.1921  -1.8752   4.4730  -5.3877   0.00    0.0
2014/04/28 07:40:30.000  -12.843797177  131.132751253   138.1250   5   8   4.2665   3.7315  12.3158  -1.9086   4.5375  -5.4535   0.00    0.0
2014/04/28 07:41:00.000  -12.843796487  131.132750580   137.6474   5   8   4.2779   3.7420  12.4424  -1.9425   4.6029  -5.5204   0.00    0.0
2014/04/28 07:41:30.000  -12.843795565  131.132748649   137.3191   5   8   4.2900   3.7530  12.5721  -1.9768   4.6694  -5.5886   0.00    0.0
2014/04/28 07:42:00.000  -12.843796001  131.132748332   137.5524   5   8   4.3027   3.7643  12.7048  -2.0115   4.7369  -5.6580   0.00    0.0
2014/04/28 07:42:30.000  -12.843795229  131.132748546   137.4254   5   8   4.3161   3.7762  12.8407  -2.0467   4.8054  -5.7287   0.00    0.0
2014/04/28 07:43:00.000  -12.843794479  131.132750210   137.3573   5   8   4.3301   3.7885  12.9797  -2.0823   4.8750  -5.8007   0.00    0.0
2014/04/28 07:43:30.000  -12.843793821  131.132750174   137.2698   5   8   4.3448   3.8013  13.1221  -2.1183   4.9457  -5.8740   0.00    0.0
2014/04/28 07:44:00.000  -12.843793691  131.132750387   137.1689   5   8   4.3602   3.8145  13.2677  -2.1549   5.0176  -5.9486   0.00    0.0
2014/04/28 07:44:30.000  -12.843793960  131.132751084   137.1862   5   8   4.3763   3.8283  13.4167  -2.1919   5.0906  -6.0246   0.00    0.0
2014/04/28 07:45:00.000  -12.843792940  131.132752179   137.2114   5   8   4.3931   3.8425  13.5691  -2.2293   5.1648  -6.1019   0.00    0.0
2014/04/28 07:45:30.000  -12.843791156  131.132752709   137.2825   5   8   4.4106   3.8573  13.7250  -2.2673   5.2401  -6.1807   0.00    0.0
2014/04/28 07:46:00.000  -12.843790475  131.132752689   137.2013   5   8   4.4289   3.8726  13.8844  -2.3057   5.3167  -6.2608   0.00    0.0
2014/04/28 07:46:30.000  -12.843790462  131.132752265   137.0225   5   8   4.4478   3.8884  14.0474  -2.3447   5.3946  -6.3423   0.00    0.0
2014/04/28 07:47:00.000  -12.843788745  131.132750816   136.0589   5   8   4.4675   3.9047  14.2139  -2.3841   5.4736  -6.4252   0.00    0.0
2014/04/28 07:47:30.000  -12.843786965  131.132750377   135.4450   5   8   4.4879   3.9216  14.3841  -2.4240   5.5540  -6.5095   0.00    0.0
2014/04/28 07:48:00.000  -12.843786729  131.132749963   134.9359   5   8   4.5090   3.9391  14.5578  -2.4644   5.6356  -6.5953   0.00    0.0
2014/04/28 07:48:30.000  -12.843787360  131.132749554   134.5816   5   8   4.5309   3.9571  14.7352  -2.5052   5.7184  -6.6824   0.00    0.0
2014/04/28 07:49:00.000  -12.843787071  131.132749475   134.3914   5   8   4.5535   3.9756  14.9163  -2.5466   5.8026  -6.7710   0.00    0.0
2014/04/28 07:49:30.000  -12.843786837  131.132750074   134.4196   5   8   4.5768   3.9948  15.1010  -2.5884   5.8880  -6.8609   0.00    0.0
2014/04/28 07:50:00.000  -12.843787857  131.132751864   134.9554   5   8   4.6008   4.0145  15.2893  -2.6307   5.9747  -6.9522   0.00    0.0
2014/04/28 07:50:30.000  -12.843787650  131.132752369   135.1910   5   8   4.6255   4.0347  15.4811  -2.6734   6.0626  -7.0448   0.00    0.0
2014/04/28 07:51:00.000  -12.843786461  131.132753187   135.2329   5   8   4.6509   4.0556  15.6765  -2.7165   6.1517  -7.1387   0.00    0.0
2014/04/28 07:51:30.000  -12.843784523  131.132754041   134.9750   5   8   4.6769   4.0769  15.8753  -2.7600   6.2420  -7.2338   0.00    0.0
2014/04/28 07:52:00.000  -12.843782694  131.132754357   134.4572   5   8   4.7036   4.0989  16.0775  -2.8040   6.3335  -7.3301   0.00    0.0
2014/04/28 07:52:30.000  -12.843781981  131.132755541   134.7782   5   8   4.7310   4.1214  16.2829  -2.8482   6.4260  -7.4276   0.00    0.0
2014/04/28 07:53:00.000  -12.843782287  131.132756227   134.8943   5   8   4.7589   4.1444  16.4915  -2.8928   6.5196  -7.5261   0.00    0.0
2014/04/28 07:53:30.000  -12.843782055  131.132756263   134.6573   5   8   4.7873   4.1680  16.7030  -2.9377   6.6142  -7.6256   0.00    0.0
2014/04/28 07:54:00.000  -12.843782603  131.132755913   134.5849   5   8   4.8163   4.1920  16.9173  -2.9827   6.7097  -7.7259   0.00    0.0
2014/04/28 07:54:30.000  -12.843781808  131.132754224   133.8910   5   8   4.8457   4.2165  17.1342  -3.0280   6.8060  -7.8269   0.00    0.0
2014/04/28 07:55:00.000  -12.843781980  131.132754656   133.6770   5   8   4.8755   4.2414  17.3534  -3.0734   6.9030  -7.9286   0.00    0.0
2014/04/28 07:55:30.000  -12.843781232  131.132753806   133.5841   5   8   4.9056   4.2668  17.5746  -3.1188   7.0006  -8.0307   0.00    0.0
2014/04/28 07:56:00.000  -12.843780968  131.132754197   133.5680   5   8   4.9360   4.2925  17.7975  -3.1643   7.0987  -8.1331   0.00    0.0
2014/04/28 07:56:30.000  -12.843780572  131.132754458   133.6083   5   8   4.9665   4.3185  18.0217  -3.2096   7.1970  -8.2356   0.00    0.0
2014/04/28 07:57:00.000  -12.843778729  131.132754129   132.9851   5   8   4.9972   4.3448  18.2469  -3.2548   7.2955  -8.3380   0.00    0.0
2014/04/28 07:57:30.000  -12.843777694  131.132754965   133.0789   5   8   5.0278   4.3713  18.4725  -3.2996   7.3939  -8.4400   0.00    0.0
2014/04/28 07:58:00.000  -12.843776904  131.132755652   132.7350   5   8   5.0584   4.3979  18.6981  -3.3441   7.4920  -8.5415   0.00    0.0
2014/04/28 07:58:30.000  -12.843776198  131.132755482   132.5253   5   8   5.0887   4.4246  18.9232  -3.3881   7.5897  -8.6421   0.00    0.0
2014/04/28 07:59:00.000  -12.843775234  131.132754145   131.8356   5   8   5.1186   4.4513  19.1470  -3.4315   7.6865  -8.7415   0.00    0.0
2014/04/28 07:59:30.000  -12.843776124  131.132754423   131.9639   5   8   5.1481   4.4779  19.3691  -3.4741   7.7824  -8.8395   0.00    0.0
2014/04/28 08:00:00.000  -12.843777559  131.132754059   133.2778   5   8   5.1840   4.5183  19.9568  -3.5020   7.7903  -8.9935   0.00    0.0
2014/04/28 08:00:30.000  -12.843777806  131.132754816   133.5696   5   8   5.2134   4.5428  20.1907  -3.5423   7.8866  -9.0943   0.00    0.0
2014/04/28 08:01:00.000  -12.843778285  131.132754886   134.0705   5   8   5.2421   4.5670  20.4213  -3.5816   7.9812  -9.1930   0.00    0.0
2014/04/28 08:01:30.000  -12.843779074  131.132756254   134.4744   5   8   5.2698   4.5907  20.6477  -3.6196   8.0738  -9.2890   0.00    0.0
2014/04/28 08:02:00.000  -12.843779311  131.132756823   134.5718   5   8   5.2963   4.6138  20.8691  -3.6562   8.1639  -9.3819   0.00    0.0
2014/04/28 08:02:30.000  -12.843779601  131.132757173   134.6009   5   8   5.3214   4.6363  21.0844  -3.6913   8.2512  -9.4713   0.00    0.0
2014/04/28 08:03:00.000  -12.843779790  131.132758122   134.3584   5   8   5.3450   4.6579  21.2927  -3.7246   8.3353  -9.5567   0.00    0.0
2014/04/28 08:03:30.000  -12.843796007  131.132770759   142.3359   5   9   3.3779   3.4426  11.1084  -0.9454   3.5399  -4.0185   0.00    0.0
2014/04/28 08:04:00.000  -12.843796015  131.132772171   142.5533   5   9   3.3757   3.4403  11.1514  -0.9461   3.5517  -4.0356   0.00    0.0
2014/04/28 08:04:30.000  -12.843796619  131.132773817   142.9771   5   9   3.3733   3.4379  11.1936  -0.9464   3.5630  -4.0520   0.00    0.0
2014/04/28 08:05:00.000  -12.843797131  131.132775700   143.4686   5   9   3.3709   3.4355  11.2350  -0.9462   3.5738  -4.0677   0.00    0.0
2014/04/28 08:05:30.000  -12.843796576  131.132777239   143.6304   5   9   3.3683   3.4330  11.2753  -0.9456   3.5840  -4.0828   0.00    0.0
2014/04/28 08:06:00.000  -12.843797228  131.132777000   144.1414   5   9   3.3657   3.4304  11.3146  -0.9446   3.5937  -4.0971   0.00    0.0
2014/04/28 08:06:30.000  -12.843796899  131.132777422   144.4495   5   9   3.3630   3.4278  11.3528  -0.9431   3.6027  -4.1106   0.00    0.0
2014/04/28 08:07:00.000  -12.843797175  131.132778604   144.7456   5   9   3.3602   3.4251  11.3899  -0.9410   3.6112  -4.1234   0.00    0.0
2014/04/28 08:07:30.000  -12.843797099  131.132779968   145.0060   5   9   3.3573   3.4223  11.4258  -0.9385   3.6190  -4.1353   0.00    0.0
2014/04/28 08:08:00.000  -12.843798003  131.132780630   144.9911   5   9   3.3543   3.4195  11.4605  -0.9355   3.6263  -4.1464   0.00    0.0
2014/04/28 08:08:30.000  -12.843798448  131.132780191   145.1146   5   9   3.3511   3.4167  11.4938  -0.9319   3.6329  -4.1567   0.00    0.0
2014/04/28 08:09:00.000  -12.843800185  131.132781132   145.8110   5   9   3.3478   3.4138  11.5258  -0.9278   3.6389  -4.1660   0.00    0.0
2014/04/28 08:09:30.000  -12.843800148  131.132780583   145.3438   5   9   3.3444   3.4108  11.5563  -0.9232   3.6442  -4.1745   0.00    0.0
2014/04/28 08:10:00.000  -12.843801078  131.132781306   145.7065   5   9   3.3408   3.4078  11.5854  -0.9180   3.6489  -4.1821   0.00    0.0
2014/04/28 08:10:30.000  -12.843800630  131.132782321   146.1693   5   9   3.3371   3.4047  11.6129  -0.9122   3.6530  -4.1887   0.00    0.0
2014/04/28 08:11:00.000  -12.843800247  131.132782337   146.3414   5   9   3.3332   3.4015  11.6389  -0.9058   3.6564  -4.1943   0.00    0.0
2014/04/28 08:11:30.000  -12.843801022  131.132782377   146.7963   5   9   3.3291   3.3983  11.6633  -0.8988   3.6591  -4.1990   0.00    0.0
2014/04/28 08:12:00.000  -12.843802318  131.132782876   147.0675   5   9   3.3249   3.3950  11.6860  -0.8912   3.6612  -4.2027   0.00    0.0
2014/04/28 08:12:30.000  -12.843803450  131.132785003   147.3938   5   9   3.3206   3.3917  11.7070  -0.8829   3.6626  -4.2053   0.00    0.0
2014/04/28 08:13:00.000  -12.843804057  131.132785818   147.6396   5   9   3.3160   3.3883  11.7262  -0.8740   3.6633  -4.2069   0.00    0.0
2014/04/28 08:13:30.000  -12.843804354  131.132785287   147.6600   5   9   3.3113   3.3849  11.7437  -0.8643   3.6633  -4.2075   0.00    0.0
2014/04/28 08:14:00.000  -12.843804574  131.132785572   147.6858   5   9   3.3064   3.3814  11.7593  -0.8540   3.6627  -4.2070   0.00    0.0
2014/04/28 08:14:30.000  -12.843804783  131.132786950   147.9209   5   9   3.3014   3.3779  11.7731  -0.8430   3.6614  -4.2055   0.00    0.0
2014/04/28 08:15:00.000  -12.843804408  131.132788116   147.8892   5   9   3.2961   3.3743  11.7849  -0.8313   3.6595  -4.2028   0.00    0.0
2014/04/28 08:15:30.000  -12.843804866  131.132789591   148.1262   5   9   3.2907   3.3707  11.7949  -0.8187   3.6569  -4.1991   0.00    0.0
2014/04/28 08:16:00.000  -12.843807010  131.132782371   144.3191   5  10   3.2751   3.1937  10.5262  -0.9601   2.7667  -4.3542   0.00    0.0
2014/04/28 08:16:30.000  -12.843808028  131.132782398   144.8468   5  10   3.2685   3.1905  10.5473  -0.9533   2.7691  -4.3535   0.00    0.0
2014/04/28 08:17:00.000  -12.843808387  131.132782634   144.9729   5  10   3.2618   3.1874  10.5670  -0.9462   2.7711  -4.3518   0.00    0.0
2014/04/28 08:17:30.000  -12.843808522  131.132783369   145.4006   5  10   3.2547   3.1842  10.5851  -0.9386   2.7726  -4.3491   0.00    0.0
2014/04/28 08:18:00.000  -12.843808098  131.132784390   145.8097   5  10   3.2475   3.1810  10.6017  -0.9307   2.7738  -4.3455   0.00    0.0
2014/04/28 08:18:30.000  -12.843808662  131.132785126   146.2089   5  10   3.2400   3.1778  10.6168  -0.9224   2.7745  -4.3408   0.00    0.0
2014/04/28 08:19:00.000  -12.843808568  131.132785571   146.1704   5  10   3.2322   3.1747  10.6302  -0.9136   2.7748  -4.3352   0.00    0.0
2014/04/28 08:19:30.000  -12.843807878  131.132785785   146.2821   5  10   3.2242   3.1715  10.6421  -0.9045   2.7747  -4.3285   0.00    0.0
2014/04/28 08:20:00.000  -12.843808758  131.132783020   147.1574   5   9   3.2198   3.4486  11.3341  -0.7678   1.5569  -4.3899   0.00    0.0
2014/04/28 08:20:30.000  -12.843808919  131.132782339   146.6512   5   9   3.2118   3.4446  11.3569  -0.7477   1.5399  -4.3865   0.00    0.0
2014/04/28 08:21:00.000  -12.843809040  131.132782140   146.6504   5   9   3.2037   3.4406  11.3780  -0.7270   1.5224  -4.3820   0.00    0.0
2014/04/28 08:21:30.000  -12.843808620  131.132782489   146.9133   5   9   3.1953   3.4367  11.3973  -0.7056   1.5044  -4.3765   0.00    0.0
2014/04/28 08:22:00.000  -12.843809422  131.132782107   146.8085   5   9   3.1868   3.4328  11.4149  -0.6835   1.4859  -4.3700   0.00    0.0
2014/04/28 08:22:30.000  -12.843809502  131.132782427   147.1036   5   9   3.1780   3.4289  11.4306  -0.6607   1.4669  -4.3623   0.00    0.0
2014/04/28 08:23:00.000  -12.843809267  131.132782476   147.6502   5   9   3.1690   3.4251  11.4445  -0.6371   1.4475  -4.3536   0.00    0.0
2014/04/28 08:23:30.000  -12.843809993  131.132782954   148.1662   5   9   3.1598   3.4214  11.4565  -0.6126   1.4278  -4.3439   0.00    0.0
2014/04/28 08:24:00.000  -12.843809663  131.132783740   148.4789   5   9   3.1504   3.4176  11.4667  -0.5872   1.4077  -4.3330   0.00    0.0
2014/04/28 08:24:30.000  -12.843810271  131.132785011   148.9282   5   9   3.1409   3.4140  11.4750  -0.5608   1.3873  -4.3211   0.00    0.0
2014/04/28 08:25:00.000  -12.843810868  131.132785623   148.8661   5   9   3.1311   3.4103  11.4813  -0.5332   1.3666  -4.3081   0.00    0.0
2014/04/28 08:25:30.000  -12.843811711  131.132786182   148.7528   5   9   3.1212   3.4067  11.4857  -0.5042   1.3457  -4.2940   0.00    0.0
2014/04/28 08:26:00.000  -12.843811426  131.132785993   148.6072   5   9   3.1111   3.4032  11.4882  -0.4736   1.3246  -4.2788   0.00    0.0
2014/04/28 08:26:30.000  -12.843811077  131.132785916   148.8697   5   9   3.1008   3.3997  11.4888  -0.4412   1.3034  -4.2626   0.00    0.0
2014/04/28 08:27:00.000  -12.843810925  131.132786928   148.8565   5   9   3.0904   3.3962  11.4874  -0.4065   1.2821  -4.2453   0.00    0.0
2014/04/28 08:27:30.000  -12.843810944  131.132787493   148.6921   5   9   3.0798   3.3928  11.4841  -0.3689   1.2609  -4.2269   0.00    0.0
2014/04/28 08:28:00.000  -12.843811123  131.132788737   148.3859   5   9   3.0691   3.3894  11.4788  -0.3274   1.2396  -4.2076   0.00    0.0
2014/04/28 08:28:30.000  -12.843811255  131.132788654   148.3453   5   9   3.0582   3.3861  11.4717  -0.2803   1.2185  -4.1871   0.00    0.0
2014/04/28 08:29:00.000  -12.843812681  131.132789604   148.2956   5   9   3.0472   3.3828  11.4626  -0.2241   1.1976  -4.1657   0.00    0.0
2014/04/28 08:29:30.000  -12.843814390  131.132790218   148.9403   5   9   3.0361   3.3796  11.4517  -0.1492   1.1769  -4.1433   0.00    0.0
2014/04/28 08:30:00.000  -12.843814583  131.132790705   148.6143   5   9   3.0249   3.3764  11.4388   0.0734   1.1565  -4.1198   0.00    0.0
2014/04/28 08:30:30.000  -12.843814576  131.132790736   148.2073   5   9   3.0136   3.3733  11.4242   0.1808   1.1365  -4.0954   0.00    0.0
2014/04/28 08:31:00.000  -12.843814423  131.132790265   148.2328   5   9   3.0022   3.3702  11.4077   0.2441   1.1170  -4.0701   0.00    0.0
2014/04/28 08:31:30.000  -12.843814973  131.132791347   148.4295   5   9   2.9908   3.3672  11.3894   0.2935   1.0980  -4.0437   0.00    0.0
2014/04/28 08:32:00.000  -12.843815223  131.132791947   148.9914   5   9   2.9793   3.3642  11.3694   0.3351   1.0796  -4.0165   0.00    0.0
2014/04/28 08:32:30.000  -12.843814558  131.132791022   149.2627   5   9   2.9677   3.3612  11.3476   0.3716   1.0620  -3.9884   0.00    0.0
2014/04/28 08:33:00.000  -12.843814059  131.132790230   148.9347   5   9   2.9561   3.3583  11.3242   0.4043   1.0451  -3.9594   0.00    0.0
2014/04/28 08:33:30.000  -12.843814417  131.132788813   149.2587   5   9   2.9445   3.3554  11.2991   0.4341   1.0291  -3.9295   0.00    0.0
2014/04/28 08:34:00.000  -12.843814745  131.132787835   149.4118   5   9   2.9328   3.3526  11.2723   0.4616   1.0140  -3.8988   0.00    0.0
2014/04/28 08:34:30.000  -12.843813679  131.132786679   148.5593   5   9   2.9212   3.3498  11.2441   0.4870   1.0000  -3.8673   0.00    0.0
2014/04/28 08:35:00.000  -12.843812939  131.132787326   148.2281   5   9   2.9095   3.3471  11.2143   0.5109   0.9871  -3.8350   0.00    0.0
2014/04/28 08:35:30.000  -12.843813157  131.132788122   148.2991   5   9   2.8979   3.3444  11.1830   0.5333   0.9754  -3.8019   0.00    0.0
2014/04/28 08:36:00.000  -12.843813189  131.132788372   148.1889   5   9   2.8863   3.3418  11.1503   0.5544   0.9649  -3.7680   0.00    0.0
2014/04/28 08:36:30.000  -12.843812118  131.132788897   147.9043   5   9   2.8747   3.3392  11.1163   0.5744   0.9558  -3.7335   0.00    0.0
2014/04/28 08:37:00.000  -12.843811072  131.132790145   147.3048   5   9   2.8632   3.3366  11.0809   0.5934   0.9480  -3.6982   0.00    0.0
2014/04/28 08:37:30.000  -12.843810688  131.132791426   147.2237   5   9   2.8518   3.3341  11.0442   0.6115   0.9417  -3.6623   0.00    0.0
2014/04/28 08:38:00.000  -12.843810064  131.132791261   147.2546   5   9   2.8404   3.3316  11.0063   0.6288   0.9369  -3.6257   0.00    0.0
2014/04/28 08:38:30.000  -12.843809519  131.132791120   147.2991   5   9   2.8291   3.3292  10.9673   0.6454   0.9336  -3.5885   0.00    0.0
2014/04/28 08:39:00.000  -12.843809713  131.132790720   147.2718   5   9   2.8179   3.3268  10.9271   0.6613   0.9318  -3.5507   0.00    0.0
2014/04/28 08:39:30.000  -12.843809674  131.132791238   146.8638   5   9   2.8068   3.3245  10.8859   0.6765   0.9316  -3.5123   0.00    0.0
2014/04/28 08:40:00.000  -12.843809123  131.132790917   146.7360   5   9   2.7958   3.3222  10.8437   0.6912   0.9330  -3.4734   0.00    0.0
2014/04/28 08:40:30.000  -12.843808277  131.132790923   146.5969   5   9   2.7849   3.3199  10.8005   0.7054   0.9359  -3.4339   0.00    0.0
2014/04/28 08:41:00.000  -12.843808343  131.132790739   146.0513   5   9   2.7742   3.3177  10.7564   0.7191   0.9404  -3.3939   0.00    0.0
2014/04/28 08:41:30.000  -12.843808353  131.132789847   145.9744   5   9   2.7636   3.3155  10.7115   0.7323   0.9463  -3.3534   0.00    0.0
2014/04/28 08:42:00.000  -12.843807449  131.132788820   145.2845   5   9   2.7531   3.3134  10.6658   0.7451   0.9537  -3.3124   0.00    0.0
2014/04/28 08:42:30.000  -12.843806996  131.132788526   144.8403   5   9   2.7428   3.3113  10.6194   0.7576   0.9626  -3.2709   0.00    0.0
2014/04/28 08:43:00.000  -12.843806656  131.132788231   144.1905   5   9   2.7327   3.3093  10.5723   0.7697   0.9728  -3.2290   0.00    0.0
2014/04/28 08:43:30.000  -12.843806659  131.132788162   143.7682   5   9   2.7227   3.3073  10.5245   0.7814   0.9843  -3.1867   0.00    0.0
2014/04/28 08:44:00.000  -12.843804961  131.132779896   147.3484   5   8   2.7666   3.9549  13.9514  -0.7409  -4.3606  -2.2109   0.00    0.0
2014/04/28 08:44:30.000  -12.843805804  131.132778465   142.8442   5   9   2.7441   3.9503  11.7673  -0.7531  -4.4623  -2.5716   0.00    0.0
2014/04/28 08:45:00.000  -12.843805703  131.132777791   142.8592   5   9   2.7341   3.9470  11.7700  -0.7470  -4.4694  -2.5279   0.00    0.0
2014/04/28 08:45:30.000  -12.843805633  131.132777476   142.7138   5   9   2.7242   3.9436  11.7711  -0.7418  -4.4755  -2.4831   0.00    0.0
2014/04/28 08:46:00.000  -12.843805351  131.132777774   141.8398   5   9   2.7146   3.9400  11.7706  -0.7372  -4.4803  -2.4371   0.00    0.0
2014/04/28 08:46:30.000  -12.843804669  131.132776626   141.7282   5   9   2.7051   3.9362  11.7685  -0.7334  -4.4840  -2.3899   0.00    0.0
2014/04/28 08:47:00.000  -12.843804243  131.132775816   141.9732   5   9   2.6959   3.9322  11.7648  -0.7302  -4.4865  -2.3415   0.00    0.0
2014/04/28 08:47:30.000  -12.843803422  131.132776212   141.9609   5   9   2.6868   3.9281  11.7595  -0.7277  -4.4879  -2.2918   0.00    0.0
2014/04/28 08:48:00.000  -12.843802773  131.132775770   141.4586   5   9   2.6780   3.9237  11.7527  -0.7258  -4.4881  -2.2407   0.00    0.0
2014/04/28 08:48:30.000  -12.843802297  131.132775797   141.0602   5   9   2.6694   3.9192  11.7443  -0.7244  -4.4872  -2.1883   0.00    0.0
2014/04/28 08:49:00.000  -12.843801557  131.132775593   141.0208   5   9   2.6610   3.9145  11.7343  -0.7236  -4.4851  -2.1345   0.00    0.0
2014/04/28 08:49:30.000  -12.843800554  131.132775799   141.2993   5   9   2.6529   3.9096  11.7228  -0.7233  -4.4818  -2.0792   0.00    0.0
2014/04/28 08:50:00.000  -12.843800471  131.132775364   141.3282   5   9   2.6450   3.9045  11.7098  -0.7235  -4.4774  -2.0222   0.00    0.0
2014/04/28 08:50:30.000  -12.843800551  131.132774371   141.3761   5   9   2.6372   3.8992  11.6953  -0.7241  -4.4719  -1.9637   0.00    0.0
2014/04/28 08:51:00.000  -12.843800324  131.132774066   141.4506   5   9   2.6298   3.8937  11.6793  -0.7250  -4.4652  -1.9033   0.00    0.0
2014/04/28 08:51:30.000  -12.843800041  131.132773624   141.2055   5   9   2.6225   3.8880  11.6619  -0.7263  -4.4575  -1.8411   0.00    0.0
2014/04/28 08:52:00.000  -12.843799695  131.132773434   140.7941   5   9   2.6155   3.8821  11.6430  -0.7278  -4.4486  -1.7768   0.00    0.0
2014/04/28 08:52:30.000  -12.843798650  131.132772577   140.8555   5   9   2.6087   3.8760  11.6227  -0.7296  -4.4386  -1.7103   0.00    0.0
2014/04/28 08:53:00.000  -12.843797625  131.132770929   140.8789   5   9   2.6021   3.8697  11.6011  -0.7316  -4.4276  -1.6413   0.00    0.0
2014/04/28 08:53:30.000  -12.843796576  131.132770970   140.7574   5   9   2.5958   3.8633  11.5782  -0.7337  -4.4155  -1.5697   0.00    0.0
2014/04/28 08:54:00.000  -12.843796011  131.132771057   140.4808   5   9   2.5897   3.8567  11.5539  -0.7360  -4.4024  -1.4950   0.00    0.0
2014/04/28 08:54:30.000  -12.843796355  131.132770670   139.9719   5   9   2.5838   3.8499  11.5284  -0.7383  -4.3882  -1.4168   0.00    0.0
2014/04/28 08:55:00.000  -12.843796954  131.132769856   139.9611   5   9   2.5782   3.8429  11.5017  -0.7407  -4.3730  -1.3346   0.00    0.0
2014/04/28 08:55:30.000  -12.843796739  131.132768706   139.9220   5   9   2.5728   3.8357  11.4738  -0.7431  -4.3568  -1.2476   0.00    0.0
2014/04/28 08:56:00.000  -12.843796345  131.132768139   140.1069   5   9   2.5676   3.8284  11.4447  -0.7455  -4.3396  -1.1548   0.00    0.0
2014/04/28 08:56:30.000  -12.843796398  131.132768090   140.4209   5   9   2.5626   3.8209  11.4145  -0.7478  -4.3215  -1.0548   0.00    0.0
2014/04/28 08:57:00.000  -12.843796987  131.132767223   140.0759   5   9   2.5579   3.8133  11.3833  -0.7500  -4.3024  -0.9453   0.00    0.0
2014/04/28 08:57:30.000  -12.843796255  131.132767318   140.2581   5   9   2.5534   3.8056  11.3510  -0.7522  -4.2824  -0.8227   0.00    0.0
2014/04/28 08:58:00.000  -12.843795820  131.132767355   140.4932   5   9   2.5491   3.7977  11.3177  -0.7542  -4.2615  -0.6798   0.00    0.0
2014/04/28 08:58:30.000  -12.843795219  131.132766727   140.4227   5   9   2.5450   3.7897  11.2835  -0.7560  -4.2397  -0.4998   0.00    0.0
2014/04/28 08:59:00.000  -12.843794799  131.132766028   140.4853   5   9   2.5411   3.7815  11.2484  -0.7576  -4.2170  -0.1996   0.00    0.0
2014/04/28 08:59:30.000  -12.843794419  131.132764394   140.7173   5   9   2.5374   3.7733  11.2125  -0.7590  -4.1935   0.4093   0.00    0.0
2014/04/28 09:00:00.000  -12.843792732  131.132764478   140.7606   5   9   2.5340   3.7649  11.1757  -0.7602  -4.1692   0.6102   0.00    0.0
2014/04/28 09:00:30.000  -12.843791986  131.132764580   140.4055   5   9   2.5308   3.7564  11.1382  -0.7611  -4.1440   0.7580   0.00    0.0
2014/04/28 09:01:00.000  -12.843792110  131.132765234   139.8473   5   9   2.5277   3.7479  11.0999  -0.7617  -4.1181   0.8798   0.00    0.0
2014/04/28 09:01:30.000  -12.843791807  131.132765243   139.6480   5   9   2.5249   3.7393  11.0610  -0.7621  -4.0914   0.9852   0.00    0.0
2014/04/28 09:02:00.000  -12.843791158  131.132765126   139.7835   5   9   2.5222   3.7306  11.0214  -0.7621  -4.0639   1.0791   0.00    0.0
2014/04/28 09:02:30.000  -12.843790979  131.132764759   140.0865   5   9   2.5198   3.7218  10.9812  -0.7618  -4.0358   1.1642   0.00    0.0
2014/04/28 09:03:00.000  -12.843791508  131.132764693   140.1200   5   9   2.5175   3.7130  10.9405  -0.7611  -4.0069   1.2423   0.00    0.0
2014/04/28 09:03:30.000  -12.843791379  131.132764684   140.0884   5   9   2.5154   3.7041  10.8993  -0.7601  -3.9773   1.3146   0.00    0.0
2014/04/28 09:04:00.000  -12.843790708  131.132764190   140.4666   5   9   2.5136   3.6952  10.8576  -0.7587  -3.9470   1.3821   0.00    0.0
2014/04/28 09:04:30.000  -12.843790161  131.132763639   140.3452   5   9   2.5118   3.6863  10.8154  -0.7569  -3.9161   1.4454   0.00    0.0
2014/04/28 09:05:00.000  -12.843790121  131.132763000   140.3713   5   9   2.5103   3.6773  10.7729  -0.7547  -3.8846   1.5051   0.00    0.0
2014/04/28 09:05:30.000  -12.843789438  131.132763199   140.1343   5   9   2.5089   3.6684  10.7300  -0.7521  -3.8524   1.5614   0.00    0.0
2014/04/28 09:06:00.000  -12.843788872  131.132762716   139.9538   5   9   2.5077   3.6594  10.6868  -0.7490  -3.8196   1.6149   0.00    0.0
2014/04/28 09:06:30.000  -12.843788711  131.132761796   140.0507   5   9   2.5067   3.6504  10.6433  -0.7455  -3.7862   1.6657   0.00    0.0
2014/04/28 09:07:00.000  -12.843788944  131.132760809   140.4095   5   9   2.5058   3.6415  10.5995  -0.7416  -3.7522   1.7142   0.00    0.0
2014/04/28 09:07:30.000  -12.843789065  131.132760732   140.5641   5   9   2.5051   3.6325  10.5556  -0.7371  -3.7177   1.7604   0.00    0.0
2014/04/28 09:08:00.000  -12.843789320  131.132761108   140.2173   5   9   2.5045   3.6236  10.5115  -0.7322  -3.6826   1.8046   0.00    0.0
2014/04/28 09:08:30.000  -12.843788926  131.132761053   139.9376   5   9   2.5041   3.6147  10.4672  -0.7267  -3.6470   1.8470   0.00    0.0
2014/04/28 09:09:00.000  -12.843787770  131.132760768   140.0750   5   9   2.5038   3.6059  10.4228  -0.7208  -3.6109   1.8876   0.00    0.0
2014/04/28 09:09:30.000  -12.843787770  131.132760376   140.1191   5   9   2.5037   3.5971  10.3784  -0.7143  -3.5742   1.9266   0.00    0.0
2014/04/28 09:10:00.000  -12.843788416  131.132759285   140.0034   5   9   2.5037   3.5884  10.3339  -0.7072  -3.5370   1.9640   0.00    0.0
2014/04/28 09:10:30.000  -12.843787730  131.132759801   140.0763   5   9   2.5038   3.5798  10.2894  -0.6996  -3.4993   2.0000   0.00    0.0
2014/04/28 09:11:00.000  -12.843787207  131.132760651   139.9007   5   9   2.5041   3.5712  10.2449  -0.6914  -3.4611   2.0347   0.00    0.0
2014/04/28 09:11:30.000  -12.843786240  131.132761708   140.0925   5   9   2.5045   3.5627  10.2004  -0.6826  -3.4224   2.0681   0.00    0.0
2014/04/28 09:12:00.000  -12.843785943  131.132763195   140.2513   5   9   2.5050   3.5543  10.1560  -0.6731  -3.3833   2.1003   0.00    0.0
2014/04/28 09:12:30.000  -12.843786724  131.132762087   140.0063   5   9   2.5056   3.5459  10.1117  -0.6630  -3.3436   2.1314   0.00    0.0
2014/04/28 09:13:00.000  -12.843787067  131.132760128   139.5636   5   9   2.5063   3.5377  10.0674  -0.6522  -3.3035   2.1614   0.00    0.0
2014/04/28 09:13:30.000  -12.843787142  131.132759523   139.4382   5   9   2.5072   3.5296  10.0234  -0.6406  -3.2629   2.1903   0.00    0.0
2014/04/28 09:14:00.000  -12.843786661  131.132758528   139.5790   5   9   2.5081   3.5216   9.9794  -0.6283  -3.2219   2.2183   0.00    0.0
2014/04/28 09:14:30.000  -12.843785983  131.132756156   139.8406   5   9   2.5092   3.5137   9.9357  -0.6152  -3.1803   2.2453   0.00    0.0
2014/04/28 09:15:00.000  -12.843785548  131.132755973   139.8770   5   9   2.5103   3.5059   9.8921  -0.6012  -3.1383   2.2715   0.00    0.0
2014/04/28 09:15:30.000  -12.843784256  131.132756902   140.3401   5   9   2.5116   3.4982   9.8487  -0.5863  -3.0958   2.2968   0.00    0.0
2014/04/28 09:16:00.000  -12.843784413  131.132757173   140.3137   5   9   2.5129   3.4907   9.8056  -0.5704  -3.0528   2.3213   0.00    0.0
2014/04/28 09:16:30.000  -12.843784586  131.132757447   140.0956   5   9   2.5143   3.4833   9.7627  -0.5535  -3.0094   2.3450   0.00    0.0
2014/04/28 09:17:00.000  -12.843784369  131.132757912   140.1046   5   9   2.5159   3.4761   9.7201  -0.5354  -2.9654   2.3679   0.00    0.0
2014/04/28 09:17:30.000  -12.843783816  131.132757233   140.2375   5   9   2.5175   3.4690   9.6777  -0.5161  -2.9209   2.3902   0.00    0.0
2014/04/28 09:18:00.000  -12.843783395  131.132756139   140.3586   5   9   2.5191   3.4620   9.6357  -0.4953  -2.8759   2.4118   0.00    0.0
2014/04/28 09:18:30.000  -12.843783475  131.132754349   140.1086   5   9   2.5209   3.4552   9.5939  -0.4729  -2.8303   2.4327   0.00    0.0
2014/04/28 09:19:00.000  -12.843783894  131.132754050   139.9358   5   9   2.5227   3.4486   9.5525  -0.4488  -2.7843   2.4530   0.00    0.0
2014/04/28 09:19:30.000  -12.843783926  131.132754348   140.0522   5   9   2.5246   3.4421   9.5114  -0.4225  -2.7376   2.4727   0.00    0.0
2014/04/28 09:20:00.000  -12.843783390  131.132754611   140.4566   5   9   2.5266   3.4358   9.4706  -0.3936  -2.6903   2.4918   0.00    0.0
2014/04/28 09:20:30.000  -12.843783429  131.132754826   140.6227   5   9   2.5286   3.4297   9.4301  -0.3616  -2.6425   2.5103   0.00    0.0
2014/04/28 09:21:00.000  -12.843784186  131.132755499   139.9937   5   9   2.5307   3.4237   9.3900  -0.3256  -2.5940   2.5283   0.00    0.0
2014/04/28 09:21:30.000  -12.843784322  131.132754671   139.6881   5   9   2.5328   3.4179   9.3503  -0.2840  -2.5448   2.5458   0.00    0.0
2014/04/28 09:22:00.000  -12.843784041  131.132752531   139.6696   5   9   2.5350   3.4123   9.3110  -0.2340  -2.4950   2.5628   0.00    0.0
2014/04/28 09:22:30.000  -12.843784259  131.132752575   139.6040   5   9   2.5373   3.4068   9.2720  -0.1680  -2.4444   2.5793   0.00    0.0
2014/04/28 09:23:00.000  -12.843784952  131.132753141   139.2395   5   9   2.5396   3.4016   9.2334  -0.0339  -2.3930   2.5954   0.00    0.0
2014/04/28 09:23:30.000  -12.843784698  131.132751935   138.8352   5   9   2.5420   3.3965   9.1952   0.1628  -2.3408   2.6110   0.00    0.0
2014/04/28 09:24:00.000  -12.843784496  131.132752130   138.8847   5   9   2.5444   3.3916   9.1574   0.2338  -2.2878   2.6261   0.00    0.0
2014/04/28 09:24:30.000  -12.843783482  131.132752584   139.5988   5   9   2.5468   3.3870   9.1199   0.2888  -2.2338   2.6409   0.00    0.0
2014/04/28 09:25:00.000  -12.843783255  131.132752788   139.7003   5   9   2.5493   3.3825   9.0829   0.3357  -2.1788   2.6552   0.00    0.0
2014/04/28 09:25:30.000  -12.843782327  131.132753471   139.9384   5   9   2.5518   3.3782   9.0463   0.3775  -2.1227   2.6692   0.00    0.0
2014/04/28 09:26:00.000  -12.843782686  131.132754010   139.5565   5   9   2.5544   3.3741   9.0101   0.4157  -2.0655   2.6828   0.00    0.0
2014/04/28 09:26:30.000  -12.843784199  131.132752916   139.1787   5   9   2.5569   3.3702   8.9743   0.4512  -2.0070   2.6960   0.00    0.0
2014/04/28 09:27:00.000  -12.843784673  131.132752150   138.9740   5   9   2.5596   3.3664   8.9389   0.4846  -1.9471   2.7088   0.00    0.0
2014/04/28 09:27:30.000  -12.843784990  131.132752434   139.0499   5   9   2.5622   3.3629   8.9040   0.5164  -1.8858   2.7213   0.00    0.0
2014/04/28 09:28:00.000  -12.843785317  131.132753105   138.8885   5   9   2.5649   3.3596   8.8694   0.5467  -1.8228   2.7335   0.00    0.0
2014/04/28 09:28:30.000  -12.843786423  131.132754046   138.2661   5   9   2.5675   3.3565   8.8353   0.5759  -1.7580   2.7454   0.00    0.0
2014/04/28 09:29:00.000  -12.843785623  131.132754679   137.9775   5   9   2.5703   3.3536   8.8016   0.6040  -1.6911   2.7569   0.00    0.0
2014/04/28 09:29:30.000  -12.843784599  131.132754873   138.0501   5   9   2.5730   3.3509   8.7683   0.6312  -1.6220   2.7682   0.00    0.0
2014/04/28 09:30:00.000  -12.843784062  131.132755257   138.2551   5   9   2.5757   3.3485   8.7354   0.6576  -1.5503   2.7791   0.00    0.0
2014/04/28 09:30:30.000  -12.843783040  131.132755292   138.8293   5   9   2.5785   3.3462   8.7029   0.6833  -1.4756   2.7898   0.00    0.0
2014/04/28 09:31:00.000  -12.843783515  131.132753502   138.9417   5   9   2.5812   3.3441   8.6708   0.7084  -1.3974   2.8002   0.00    0.0
2014/04/28 09:31:30.000  -12.843784040  131.132752822   138.7864   5   9   2.5840   3.3422   8.6392   0.7328  -1.3152   2.8103   0.00    0.0
2014/04/28 09:32:00.000  -12.843784195  131.132753768   138.9205   5   9   2.5868   3.3406   8.6079   0.7568  -1.2281   2.8201   0.00    0.0
2014/04/28 09:32:30.000  -12.843785877  131.132754161   138.6663   5   9   2.5896   3.3391   8.5771   0.7802  -1.1350   2.8297   0.00    0.0
2014/04/28 09:33:00.000  -12.843785741  131.132753733   138.7503   5   9   2.5924   3.3379   8.5467   0.8032  -1.0343   2.8390   0.00    0.0
2014/04/28 09:33:30.000  -12.843785903  131.132753079   138.9269   5   9   2.5951   3.3369   8.5167   0.8258  -0.9234   2.8481   0.00    0.0
2014/04/28 09:34:00.000  -12.843786286  131.132764332   143.6937   5  10   2.5966   3.2309   7.9270   0.8867  -1.7768   2.8995   0.00    0.0
2014/04/28 09:34:30.000  -12.843785734  131.132763544   143.7297   5  10   2.5995   3.2265   7.9021   0.9063  -1.7241   2.9057   0.00    0.0
2014/04/28 09:35:00.000  -12.843785783  131.132763615   143.3279   5  10   2.6024   3.2222   7.8774   0.9255  -1.6702   2.9116   0.00    0.0
2014/04/28 09:35:30.000  -12.843785638  131.132764030   143.0862   5  10   2.6053   3.2181   7.8529   0.9445  -1.6149   2.9173   0.00    0.0
2014/04/28 09:36:00.000  -12.843785447  131.132764545   142.8405   5  10   2.6081   3.2141   7.8285   0.9632  -1.5582   2.9228   0.00    0.0
2014/04/28 09:36:30.000  -12.843786259  131.132766388   143.1741   5  10   2.6110   3.2103   7.8044   0.9816  -1.4998   2.9282   0.00    0.0
2014/04/28 09:37:00.000  -12.843787519  131.132766344   143.0886   5  10   2.6138   3.2067   7.7804   0.9997  -1.4395   2.9333   0.00    0.0
2014/04/28 09:37:30.000  -12.843787579  131.132766600   143.3978   5  10   2.6165   3.2032   7.7567   1.0175  -1.3772   2.9382   0.00    0.0
2014/04/28 09:38:00.000  -12.843787428  131.132766457   143.2903   5  10   2.6193   3.1998   7.7331   1.0350  -1.3125   2.9430   0.00    0.0
2014/04/28 09:38:30.000  -12.843786987  131.132766183   143.0414   5  10   2.6220   3.1965   7.7096   1.0523  -1.2451   2.9475   0.00    0.0
2014/04/28 09:39:00.000  -12.843786954  131.132765941   142.7529   5  10   2.6247   3.1934   7.6864   1.0694  -1.1745   2.9519   0.00    0.0
2014/04/28 09:39:30.000  -12.843793066  131.132760079   144.9373   5   9   2.7773   3.3387   8.1237   1.4373  -1.9654   2.5121   0.00    0.0
2014/04/28 09:40:00.000  -12.843792833  131.132760992   144.8180   5   9   2.7794   3.3349   8.0965   1.4481  -1.9152   2.5205   0.00    0.0
2014/04/28 09:40:30.000  -12.843792732  131.132759345   144.8037   5   9   2.7814   3.3311   8.0695   1.4589  -1.8641   2.5286   0.00    0.0
2014/04/28 09:41:00.000  -12.843792981  131.132759892   144.8484   5   9   2.7834   3.3275   8.0427   1.4696  -1.8121   2.5364   0.00    0.0
2014/04/28 09:41:30.000  -12.843792893  131.132761770   144.8664   5   9   2.7853   3.3241   8.0161   1.4802  -1.7592   2.5439   0.00    0.0
2014/04/28 09:42:00.000  -12.843793455  131.132762299   144.8983   5   9   2.7873   3.3207   7.9897   1.4908  -1.7052   2.5511   0.00    0.0
2014/04/28 09:42:30.000  -12.843793821  131.132762147   144.5188   5   9   2.7891   3.3175   7.9635   1.5013  -1.6500   2.5580   0.00    0.0
2014/04/28 09:43:00.000  -12.843793686  131.132761982   144.8226   5   9   2.7910   3.3144   7.9376   1.5117  -1.5936   2.5647   0.00    0.0
2014/04/28 09:43:30.000  -12.843792490  131.132762776   145.3082   5   9   2.7928   3.3115   7.9118   1.5220  -1.5358   2.5711   0.00    0.0
2014/04/28 09:44:00.000  -12.843792929  131.132762901   145.1250   5   9   2.7946   3.3086   7.8862   1.5322  -1.4764   2.5771   0.00    0.0
2014/04/28 09:44:30.000  -12.843793644  131.132761792   144.5208   5   9   2.7963   3.3059   7.8609   1.5424  -1.4152   2.5829   0.00    0.0
2014/04/28 09:45:00.000  -12.843793671  131.132762022   144.3593   5   9   2.7979   3.3033   7.8357   1.5524  -1.3521   2.5885   0.00    0.0
2014/04/28 09:45:30.000  -12.843792322  131.132762333   144.5760   5   9   2.7995   3.3008   7.8107   1.5623  -1.2867   2.5937   0.00    0.0
2014/04/28 09:46:00.000  -12.843791856  131.132763583   145.1667   5   9   2.8011   3.2985   7.7860   1.5721  -1.2186   2.5987   0.00    0.0
2014/04/28 09:46:30.000  -12.843792317  131.132764365   145.3322   5   9   2.8026   3.2962   7.7614   1.5818  -1.1474   2.6034   0.00    0.0
2014/04/28 09:47:00.000  -12.843792532  131.132764699   145.6110   5   9   2.8040   3.2940   7.7370   1.5914  -1.0726   2.6078   0.00    0.0
2014/04/28 09:47:30.000  -12.843793716  131.132763941   145.3110   5   9   2.8054   3.2920   7.7128   1.6008  -0.9931   2.6120   0.00    0.0
2014/04/28 09:48:00.000  -12.843794091  131.132764389   144.9272   5   9   2.8067   3.2900   7.6887   1.6101  -0.9080   2.6159   0.00    0.0
2014/04/28 09:48:30.000  -12.843793585  131.132765316   144.9633   5   9   2.8079   3.2882   7.6649   1.6193  -0.8153   2.6195   0.00    0.0
2014/04/28 09:49:00.000  -12.843793752  131.132765081   145.4163   5   9   2.8091   3.2864   7.6412   1.6284  -0.7122   2.6228   0.00    0.0
2014/04/28 09:49:30.000  -12.843792764  131.132765508   145.5383   5   9   2.8101   3.2847   7.6177   1.6373  -0.5932   2.6259   0.00    0.0
2014/04/28 09:50:00.000  -12.843791143  131.132766510   145.4999   5   9   2.8111   3.2831   7.5944   1.6460  -0.4458   2.6287   0.00    0.0
2014/04/28 09:50:30.000  -12.843791054  131.132766132   145.3534   5   9   2.8120   3.2816   7.5713   1.6546  -0.2188   2.6313   0.00    0.0
2014/04/28 09:51:00.000  -12.843790978  131.132767338   145.3609   5   9   2.8129   3.2801   7.5483   1.6631   0.3174   2.6336   0.00    0.0
2014/04/28 09:51:30.000  -12.843791942  131.132767081   145.2854   5   9   2.8136   3.2787   7.5255   1.6714   0.4972   2.6356   0.00    0.0
2014/04/28 09:52:00.000  -12.843792450  131.132767874   145.4226   5   9   2.8143   3.2774   7.5028   1.6795   0.6256   2.6374   0.00    0.0
2014/04/28 09:52:30.000  -12.843792416  131.132768481   145.3921   5   9   2.8148   3.2762   7.4803   1.6875   0.7303   2.6388   0.00    0.0
2014/04/28 09:53:00.000  -12.843793461  131.132769116   145.3510   5   9   2.8153   3.2750   7.4580   1.6953   0.8204   2.6401   0.00    0.0
2014/04/28 09:53:30.000  -12.843792899  131.132769608   145.1262   5   9   2.8157   3.2738   7.4358   1.7029   0.9002   2.6410   0.00    0.0
2014/04/28 09:54:00.000  -12.843791149  131.132769335   144.7335   5   9   2.8160   3.2728   7.4138   1.7104   0.9724   2.6417   0.00    0.0
2014/04/28 09:54:30.000  -12.843790361  131.132768834   144.4697   5   9   2.8162   3.2717   7.3919   1.7177   1.0385   2.6422   0.00    0.0
2014/04/28 09:55:00.000  -12.843789789  131.132768426   144.1048   5   9   2.8162   3.2707   7.3701   1.7248   1.0996   2.6424   0.00    0.0
2014/04/28 09:55:30.000  -12.843788827  131.132767856   143.7122   5   9   2.8162   3.2698   7.3485   1.7317   1.1565   2.6423   0.00    0.0
2014/04/28 09:56:00.000  -12.843788964  131.132768146   143.5114   5   9   2.8161   3.2689   7.3271   1.7384   1.2098   2.6420   0.00    0.0
2014/04/28 09:56:30.000  -12.843788230  131.132768078   143.7326   5   9   2.8158   3.2680   7.3057   1.7450   1.2599   2.6414   0.00    0.0
2014/04/28 09:57:00.000  -12.843788825  131.132766406   143.5787   5   9   2.8155   3.2671   7.2845   1.7513   1.3072   2.6405   0.00    0.0
2014/04/28 09:57:30.000  -12.843788476  131.132766219   143.7609   5   9   2.8150   3.2663   7.2635   1.7575   1.3521   2.6394   0.00    0.0
2014/04/28 09:58:00.000  -12.843787610  131.132765697   143.7246   5   9   2.8144   3.2655   7.2425   1.7634   1.3946   2.6380   0.00    0.0
2014/04/28 09:58:30.000  -12.843788124  131.132765855   143.4635   5   9   2.8137   3.2647   7.2217   1.7692   1.4352   2.6364   0.00    0.0
2014/04/28 09:59:00.000  -12.843787491  131.132767426   143.1763   5   9   2.8129   3.2639   7.2010   1.7747   1.4738   2.6346   0.00    0.0
2014/04/28 09:59:30.000  -12.843787639  131.132766250   142.9738   5   9   2.8120   3.2631   7.1805   1.7801   1.5107   2.6324   0.00    0.0
2014/04/28 10:00:00.000  -12.843787264  131.132765508   143.0451   5   9   2.8110   3.2623   7.1600   1.7852   1.5460   2.6301   0.00    0.0
2014/04/28 10:00:30.000  -12.843786400  131.132765380   142.8908   5   9   2.8098   3.2615   7.1397   1.7901   1.5798   2.6274   0.00    0.0
2014/04/28 10:01:00.000  -12.843786097  131.132766640   142.8929   5   9   2.8086   3.2607   7.1194   1.7949   1.6121   2.6246   0.00    0.0
2014/04/28 10:01:30.000  -12.843786047  131.132768055   142.8907   5   9   2.8072   3.2599   7.0993   1.7994   1.6432   2.6214   0.00    0.0
2014/04/28 10:02:00.000  -12.843785518  131.132767790   142.8377   5   9   2.8057   3.2591   7.0793   1.8037   1.6730   2.6181   0.00    0.0
2014/04/28 10:02:30.000  -12.843785076  131.132766658   142.6935   5   9   2.8040   3.2583   7.0594   1.8078   1.7016   2.6144   0.00    0.0
2014/04/28 10:03:00.000  -12.843785094  131.132764867   142.6208   5   9   2.8023   3.2574   7.0396   1.8116   1.7291   2.6106   0.00    0.0
2014/04/28 10:03:30.000  -12.843784311  131.132763067   142.3924   5   9   2.8004   3.2565   7.0199   1.8153   1.7556   2.6065   0.00    0.0
2014/04/28 10:04:00.000  -12.843784888  131.132760607   141.9637   5   9   2.7984   3.2556   7.0003   1.8187   1.7810   2.6021   0.00    0.0
2014/04/28 10:04:30.000  -12.843785051  131.132759374   141.7566   5   9   2.7963   3.2547   6.9808   1.8219   1.8055   2.5976   0.00    0.0
2014/04/28 10:05:00.000  -12.843784562  131.132760876   141.8828   5   9   2.7940   3.2538   6.9614   1.8249   1.8290   2.5927   0.00    0.0
2014/04/28 10:05:30.000  -12.843783996  131.132761121   141.7685   5   9   2.7916   3.2528   6.9421   1.8277   1.8516   2.5877   0.00    0.0
2014/04/28 10:06:00.000  -12.843785988  131.132760591   141.7599   5   8   3.1794   3.3677   7.4148   2.1650   1.0876   1.6174   0.00    0.0
2014/04/28 10:06:30.000  -12.843786102  131.132760887   141.3874   5   8   3.1763   3.3663   7.3958   2.1661   1.1265   1.6114   0.00    0.0
2014/04/28 10:07:00.000  -12.843784802  131.132761983   141.1671   5   8   3.1731   3.3647   7.3769   2.1669   1.1632   1.6051   0.00    0.0
2014/04/28 10:07:30.000  -12.843783303  131.132762707   141.1695   5   8   3.1697   3.3632   7.3582   2.1676   1.1979   1.5984   0.00    0.0
2014/04/28 10:08:00.000  -12.843782771  131.132762423   141.0347   5   8   3.1662   3.3615   7.3396   2.1680   1.2309   1.5913   0.00    0.0
2014/04/28 10:08:30.000  -12.843783144  131.132761215   140.6925   5   8   3.1626   3.3598   7.3212   2.1681   1.2622   1.5839   0.00    0.0
2014/04/28 10:09:00.000  -12.843784405  131.132759891   140.5018   5   8   3.1588   3.3580   7.3029   2.1681   1.2920   1.5760   0.00    0.0
2014/04/28 10:09:30.000  -12.843784820  131.132758527   140.5473   5   8   3.1549   3.3561   7.2847   2.1678   1.3203   1.5678   0.00    0.0
2014/04/28 10:10:00.000  -12.843784419  131.132758028   140.4877   5   8   3.1508   3.3541   7.2667   2.1672   1.3474   1.5593   0.00    0.0
2014/04/28 10:10:30.000  -12.843783705  131.132758237   140.4460   5   8   3.1466   3.3521   7.2488   2.1665   1.3732   1.5503   0.00    0.0
2014/04/28 10:11:00.000  -12.843783837  131.132757104   140.0346   5   8   3.1422   3.3500   7.2310   2.1655   1.3979   1.5410   0.00    0.0
2014/04/28 10:11:30.000  -12.843782865  131.132758094   140.2690   5   8   3.1377   3.3478   7.2134   2.1642   1.4215   1.5314   0.00    0.0
2014/04/28 10:12:00.000  -12.843782788  131.132757941   140.3549   5   8   3.1331   3.3455   7.1960   2.1628   1.4441   1.5213   0.00    0.0
2014/04/28 10:12:30.000  -12.843781251  131.132757811   140.2259   5   8   3.1283   3.3431   7.1786   2.1611   1.4658   1.5110   0.00    0.0
2014/04/28 10:13:00.000  -12.843779508  131.132757973   140.0192   5   8   3.1234   3.3406   7.1614   2.1592   1.4865   1.5002   0.00    0.0
2014/04/28 10:13:30.000  -12.843778981  131.132758484   139.8892   5   8   3.1184   3.3381   7.1443   2.1570   1.5063   1.4891   0.00    0.0
2014/04/28 10:14:00.000  -12.843778910  131.132758781   140.0936   5   8   3.1132   3.3354   7.1274   2.1547   1.5253   1.4777   0.00    0.0
2014/04/28 10:14:30.000  -12.843786354  131.132752052   141.0285   5   9   2.6492   2.9003   6.7209   1.4013   2.4887   2.4334   0.00    0.0
2014/04/28 10:15:00.000  -12.843787407  131.132751116   140.9341   5   9   2.6430   2.8971   6.7087   1.3971   2.4944   2.4207   0.00    0.0
2014/04/28 10:15:30.000  -12.843786910  131.132749157   140.6454   5   9   2.6367   2.8938   6.6965   1.3928   2.4997   2.4078   0.00    0.0
2014/04/28 10:16:00.000  -12.843786314  131.132748610   140.4754   5   9   2.6304   2.8905   6.6844   1.3883   2.5048   2.3946   0.00    0.0
2014/04/28 10:16:30.000  -12.843786026  131.132747796   140.2628   5   9   2.6241   2.8871   6.6722   1.3836   2.5095   2.3813   0.00    0.0
2014/04/28 10:17:00.000  -12.843786716  131.132746730   140.0592   5   9   2.6177   2.8837   6.6601   1.3787   2.5141   2.3678   0.00    0.0
2014/04/28 10:17:30.000  -12.843787476  131.132745109   139.8744   5   9   2.6113   2.8803   6.6480   1.3737   2.5183   2.3541   0.00    0.0
2014/04/28 10:18:00.000  -12.843787238  131.132745041   139.9413   5   9   2.6049   2.8767   6.6360   1.3685   2.5223   2.3403   0.00    0.0
2014/04/28 10:18:30.000  -12.843787935  131.132745348   140.0354   5   9   2.5984   2.8732   6.6239   1.3631   2.5260   2.3262   0.00    0.0
2014/04/28 10:19:00.000  -12.843788257  131.132745326   139.9084   5   9   2.5919   2.8696   6.6119   1.3576   2.5295   2.3120   0.00    0.0
2014/04/28 10:19:30.000  -12.843787904  131.132745296   139.8684   5   9   2.5854   2.8659   6.5998   1.3519   2.5328   2.2977   0.00    0.0
2014/04/28 10:20:00.000  -12.843786924  131.132745724   139.8900   5   9   2.5788   2.8622   6.5879   1.3460   2.5358   2.2831   0.00    0.0
2014/04/28 10:20:30.000  -12.843785111  131.132745673   139.5517   5   9   2.5723   2.8584   6.5759   1.3400   2.5386   2.2685   0.00    0.0
2014/04/28 10:21:00.000  -12.843784217  131.132744596   139.4685   5   9   2.5657   2.8546   6.5640   1.3338   2.5411   2.2536   0.00    0.0
2014/04/28 10:21:30.000  -12.843783878  131.132744621   139.6556   5   9   2.5591   2.8508   6.5521   1.3274   2.5435   2.2386   0.00    0.0
2014/04/28 10:22:00.000  -12.843785735  131.132744474   139.7705   5   9   2.5525   2.8469   6.5402   1.3210   2.5456   2.2235   0.00    0.0
2014/04/28 10:22:30.000  -12.843786833  131.132745507   139.8039   5   9   2.5459   2.8429   6.5284   1.3143   2.5475   2.2082   0.00    0.0
2014/04/28 10:23:00.000  -12.843787187  131.132745124   139.7655   5   9   2.5393   2.8390   6.5165   1.3076   2.5493   2.1927   0.00    0.0
2014/04/28 10:23:30.000  -12.843787782  131.132744601   139.7335   5   9   2.5327   2.8349   6.5048   1.3007   2.5508   2.1772   0.00    0.0
2014/04/28 10:24:00.000  -12.843788634  131.132744581   139.8341   5   9   2.5261   2.8309   6.4930   1.2936   2.5521   2.1614   0.00    0.0
2014/04/28 10:24:30.000  -12.843787889  131.132745190   139.7153   5   9   2.5195   2.8268   6.4813   1.2865   2.5532   2.1456   0.00    0.0
2014/04/28 10:25:00.000  -12.843787032  131.132745459   139.7364   5   9   2.5129   2.8227   6.4696   1.2792   2.5542   2.1296   0.00    0.0
2014/04/28 10:25:30.000  -12.843785490  131.132745675   139.6853   5   9   2.5063   2.8185   6.4580   1.2717   2.5549   2.1135   0.00    0.0
2014/04/28 10:26:00.000  -12.843785226  131.132744362   139.3653   5   9   2.4997   2.8143   6.4464   1.2642   2.5555   2.0972   0.00    0.0
2014/04/28 10:26:30.000  -12.843784656  131.132743093   139.1299   5   9   2.4931   2.8100   6.4348   1.2565   2.5559   2.0808   0.00    0.0
2014/04/28 10:27:00.000  -12.843783150  131.132743515   138.9859   5   9   2.4865   2.8057   6.4233   1.2487   2.5561   2.0643   0.00    0.0
2014/04/28 10:27:30.000  -12.843782094  131.132742001   138.7684   5   9   2.4799   2.8014   6.4118   1.2408   2.5562   2.0477   0.00    0.0
2014/04/28 10:28:00.000  -12.843781843  131.132742542   138.5977   5   9   2.4734   2.7971   6.4003   1.2328   2.5561   2.0310   0.00    0.0
2014/04/28 10:28:30.000  -12.843781298  131.132743831   138.5588   5   9   2.4668   2.7927   6.3889   1.2247   2.5559   2.0141   0.00    0.0
2014/04/28 10:29:00.000  -12.843780853  131.132745352   138.5213   5   9   2.4603   2.7883   6.3775   1.2165   2.5555   1.9972   0.00    0.0
2014/04/28 10:29:30.000  -12.843780290  131.132744870   138.3023   5   9   2.4538   2.7838   6.3661   1.2081   2.5549   1.9801   0.00    0.0
2014/04/28 10:30:00.000  -12.843780546  131.132744170   138.2482   5   9   2.4473   2.7794   6.3548   1.1997   2.5542   1.9629   0.00    0.0
2014/04/28 10:30:30.000  -12.843780222  131.132744420   138.3684   5   9   2.4409   2.7749   6.3435   1.1912   2.5534   1.9456   0.00    0.0
2014/04/28 10:31:00.000  -12.843780736  131.132742869   138.4723   5   9   2.4345   2.7704   6.3323   1.1826   2.5524   1.9282   0.00    0.0
2014/04/28 10:31:30.000  -12.843781426  131.132741901   138.6262   5   9   2.4281   2.7658   6.3210   1.1738   2.5512   1.9107   0.00    0.0
2014/04/28 10:32:00.000  -12.843781499  131.132742186   138.7070   5   9   2.4217   2.7613   6.3098   1.1650   2.5500   1.8931   0.00    0.0
2014/04/28 10:32:30.000  -12.843781369  131.132742170   138.5595   5   9   2.4153   2.7567   6.2987   1.1561   2.5486   1.8754   0.00    0.0
2014/04/28 10:33:00.000  -12.843780993  131.132743435   138.4657   5   9   2.4090   2.7521   6.2876   1.1471   2.5470   1.8576   0.00    0.0
2014/04/28 10:33:30.000  -12.843781392  131.132743846   138.6338   5   9   2.4027   2.7474   6.2765   1.1381   2.5454   1.8397   0.00    0.0
2014/04/28 10:34:00.000  -12.843782204  131.132743616   138.6120   5   9   2.3965   2.7428   6.2654   1.1289   2.5436   1.8217   0.00    0.0
2014/04/28 10:34:30.000  -12.843781753  131.132744386   138.3897   5   9   2.3903   2.7381   6.2544   1.1197   2.5417   1.8036   0.00    0.0
2014/04/28 10:35:00.000  -12.843782401  131.132743273   138.0482   5   9   2.3841   2.7334   6.2433   1.1104   2.5397   1.7854   0.00    0.0
2014/04/28 10:35:30.000  -12.843782820  131.132743245   137.9265   5   9   2.3780   2.7287   6.2323   1.1010   2.5375   1.7671   0.00    0.0
2014/04/28 10:36:00.000  -12.843783087  131.132743824   138.1945   5   9   2.3719   2.7240   6.2214   1.0916   2.5352   1.7487   0.00    0.0
2014/04/28 10:36:30.000  -12.843783157  131.132743472   138.0888   5   9   2.3658   2.7192   6.2104   1.0821   2.5329   1.7302   0.00    0.0
2014/04/28 10:37:00.000  -12.843782626  131.132743047   138.0438   5   9   2.3598   2.7145   6.1995   1.0725   2.5304   1.7117   0.00    0.0
2014/04/28 10:37:30.000  -12.843781012  131.132744009   138.1247   5   9   2.3538   2.7097   6.1886   1.0628   2.5278   1.6930   0.00    0.0
2014/04/28 10:38:00.000  -12.843779765  131.132743538   137.8802   5   9   2.3478   2.7050   6.1777   1.0531   2.5251   1.6743   0.00    0.0
2014/04/28 10:38:30.000  -12.843779961  131.132743162   137.8835   5   9   2.3419   2.7002   6.1669   1.0433   2.5223   1.6554   0.00    0.0
2014/04/28 10:39:00.000  -12.843780326  131.132743279   137.8517   5   9   2.3361   2.6954   6.1560   1.0335   2.5193   1.6365   0.00    0.0
2014/04/28 10:39:30.000  -12.843779307  131.132741586   137.3677   5   9   2.3302   2.6906   6.1452   1.0236   2.5163   1.6175   0.00    0.0
2014/04/28 10:40:00.000  -12.843778101  131.132741969   137.1673   5   9   2.3245   2.6858   6.1344   1.0136   2.5132   1.5984   0.00    0.0
2014/04/28 10:40:30.000  -12.843777649  131.132741989   137.0887   5   9   2.3187   2.6809   6.1235   1.0036   2.5100   1.5792   0.00    0.0
2014/04/28 10:41:00.000  -12.843776558  131.132742304   137.0817   5   9   2.3130   2.6761   6.1127   0.9936   2.5067   1.5599   0.00    0.0
2014/04/28 10:41:30.000  -12.843775722  131.132742319   137.1255   5   9   2.3074   2.6713   6.1019   0.9834   2.5032   1.5406   0.00    0.0
2014/04/28 10:42:00.000  -12.843770716  131.132740960   135.5261   5   8   2.6450   2.6890   6.8561   0.7035   2.7095  -1.3368   0.00    0.0
2014/04/28 10:42:30.000  -12.843771763  131.132740884   135.6613   5   8   2.6392   2.6848   6.8553   0.6854   2.7101  -1.3656   0.00    0.0
2014/04/28 10:43:00.000  -12.843772524  131.132740870   135.3819   5   8   2.6335   2.6806   6.8545   0.6669   2.7106  -1.3935   0.00    0.0
2014/04/28 10:43:30.000  -12.843771277  131.132741292   135.2165   5   8   2.6278   2.6764   6.8536   0.6482   2.7110  -1.4206   0.00    0.0
2014/04/28 10:44:00.000  -12.843769467  131.132742516   135.0713   5   8   2.6222   2.6722   6.8526   0.6290   2.7112  -1.4469   0.00    0.0
2014/04/28 10:44:30.000  -12.843768310  131.132743252   134.8048   5   8   2.6166   2.6680   6.8516   0.6095   2.7114  -1.4725   0.00    0.0
2014/04/28 10:45:00.000  -12.843768035  131.132742826   134.5970   5   8   2.6112   2.6638   6.8504   0.5896   2.7114  -1.4974   0.00    0.0
2014/04/28 10:45:30.000  -12.843767601  131.132741711   134.0832   5   8   2.6058   2.6596   6.8492   0.5691   2.7113  -1.5216   0.00    0.0
2014/04/28 10:46:00.000  -12.843766566  131.132741883   134.0039   5   8   2.6004   2.6553   6.8478   0.5482   2.7110  -1.5452   0.00    0.0
2014/04/28 10:46:30.000  -12.843765713  131.132741916   134.0262   5   8   2.5952   2.6511   6.8464   0.5267   2.7106  -1.5682   0.00    0.0
2014/04/28 10:47:00.000  -12.843765254  131.132741624   133.7760   5   8   2.5900   2.6469   6.8448   0.5045   2.7101  -1.5905   0.00    0.0
2014/04/28 10:47:30.000  -12.843764501  131.132741236   133.4426   5   8   2.5848   2.6427   6.8431   0.4816   2.7095  -1.6123   0.00    0.0
2014/04/28 10:48:00.000  -12.843764262  131.132742214   133.2136   5   8   2.5798   2.6384   6.8412   0.4579   2.7087  -1.6335   0.00    0.0
2014/04/28 10:48:30.000  -12.843762805  131.132741504   132.8068   5   8   2.5748   2.6342   6.8392   0.4332   2.7078  -1.6541   0.00    0.0
2014/04/28 10:49:00.000  -12.843761173  131.132742426   133.0883   5   8   2.5698   2.6300   6.8371   0.4074   2.7068  -1.6743   0.00    0.0
2014/04/28 10:49:30.000  -12.843761751  131.132741406   132.9643   5   8   2.5649   2.6257   6.8348   0.3802   2.7056  -1.6939   0.00    0.0
2014/04/28 10:50:00.000  -12.843761177  131.132741619   132.6846   5   8   2.5601   2.6215   6.8323   0.3514   2.7042  -1.7130   0.00    0.0
2014/04/28 10:50:30.000  -12.843760912  131.132743250   132.5728   5   8   2.5553   2.6172   6.8297   0.3205   2.7028  -1.7316   0.00    0.0
2014/04/28 10:51:00.000  -12.843761060  131.132743199   132.4066   5   8   2.5506   2.6130   6.8269   0.2868   2.7012  -1.7497   0.00    0.0
2014/04/28 10:51:30.000  -12.843760302  131.132743827   132.0669   5   8   2.5459   2.6087   6.8239   0.2492   2.6994  -1.7674   0.00    0.0
2014/04/28 10:52:00.000  -12.843760295  131.132743701   131.5847   5   8   2.5413   2.6045   6.8207   0.2056   2.6975  -1.7845   0.00    0.0
2014/04/28 10:52:30.000  -12.843760985  131.132744989   131.5531   5   8   2.5367   2.6002   6.8174   0.1510   2.6954  -1.8013   0.00    0.0
2014/04/28 10:53:00.000  -12.843760000  131.132746058   131.5667   5   8   2.5322   2.5960   6.8138   0.0605   2.6932  -1.8176   0.00    0.0
2014/04/28 10:53:30.000  -12.843759273  131.132745317   131.6869   5   8   2.5277   2.5917   6.8100  -0.1231   2.6908  -1.8334   0.00    0.0
2014/04/28 10:54:00.000  -12.843758286  131.132745036   131.6806   5   8   2.5232   2.5874   6.8060  -0.1834   2.6883  -1.8488   0.00    0.0
2014/04/28 10:54:30.000  -12.843757404  131.132745582   131.6648   5   8   2.5188   2.5832   6.8018  -0.2275   2.6856  -1.8638   0.00    0.0
2014/04/28 10:55:00.000  -12.843757944  131.132746250   131.6010   5   8   2.5145   2.5789   6.7974  -0.2637   2.6828  -1.8784   0.00    0.0
2014/04/28 10:55:30.000  -12.843756658  131.132745527   131.0279   5   8   2.5101   2.5746   6.7927  -0.2949   2.6798  -1.8926   0.00    0.0
2014/04/28 10:56:00.000  -12.843754849  131.132746024   130.6571   5   8   2.5059   2.5704   6.7878  -0.3226   2.6766  -1.9063   0.00    0.0
2014/04/28 10:56:30.000  -12.843752653  131.132746238   130.2675   5   8   2.5016   2.5661   6.7826  -0.3476   2.6733  -1.9197   0.00    0.0
2014/04/28 10:57:00.000  -12.843751439  131.132746143   130.1152   5   8   2.4974   2.5618   6.7772  -0.3704   2.6698  -1.9326   0.00    0.0
2014/04/28 10:57:30.000  -12.843770715  131.132760835   137.2245   5   9   2.2236   2.3950   5.6502   0.9266   1.9390   0.6518   0.00    0.0
2014/04/28 10:58:00.000  -12.843771750  131.132762202   137.3985   5   9   2.2174   2.3895   5.6452   0.9210   1.9322   0.6205   0.00    0.0
2014/04/28 10:58:30.000  -12.843771263  131.132763118   137.4356   5   9   2.2113   2.3841   5.6401   0.9155   1.9253   0.5877   0.00    0.0
2014/04/28 10:59:00.000  -12.843772176  131.132763156   137.1417   5   9   2.2053   2.3787   5.6351   0.9101   1.9184   0.5533   0.00    0.0
2014/04/28 10:59:30.000  -12.843772812  131.132764238   137.0305   5   9   2.1993   2.3733   5.6301   0.9047   1.9115   0.5168   0.00    0.0
2014/04/28 11:00:00.000  -12.843773338  131.132765175   137.0919   5   9   2.1934   2.3680   5.6250   0.8994   1.9045   0.4779   0.00    0.0
2014/04/28 11:00:30.000  -12.843772874  131.132766619   136.8696   5   9   2.1875   2.3626   5.6200   0.8942   1.8975   0.4357   0.00    0.0
2014/04/28 11:01:00.000  -12.843772224  131.132768390   136.8582   5   9   2.1818   2.3573   5.6150   0.8891   1.8904   0.3894   0.00    0.0
2014/04/28 11:01:30.000  -12.843771388  131.132769511   136.8298   5   9   2.1761   2.3520   5.6100   0.8840   1.8833   0.3371   0.00    0.0
2014/04/28 11:02:00.000  -12.843772055  131.132769101   136.6063   5   9   2.1704   2.3468   5.6050   0.8790   1.8762   0.2754   0.00    0.0
2014/04/28 11:02:30.000  -12.843771746  131.132768704   136.6816   5   9   2.1649   2.3416   5.5999   0.8741   1.8690   0.1958   0.00    0.0
2014/04/28 11:03:00.000  -12.843771203  131.132768142   136.6210   5   9   2.1594   2.3364   5.5949   0.8692   1.8618   0.0330   0.00    0.0
2014/04/28 11:03:30.000  -12.843771621  131.132767635   136.6394   5   9   2.1539   2.3312   5.5898   0.8645   1.8546  -0.1896   0.00    0.0
2014/04/28 11:04:00.000  -12.843773031  131.132768695   136.6830   5   9   2.1485   2.3261   5.5848   0.8598   1.8473  -0.2696   0.00    0.0
2014/04/28 11:04:30.000  -12.843774602  131.132767243   136.4701   5   9   2.1432   2.3210   5.5797   0.8551   1.8400  -0.3305   0.00    0.0
2014/04/28 11:05:00.000  -12.843775069  131.132767494   136.7182   5   9   2.1380   2.3159   5.5746   0.8506   1.8327  -0.3815   0.00    0.0
2014/04/28 11:05:30.000  -12.843774525  131.132768262   136.9700   5   9   2.1328   2.3109   5.5694   0.8461   1.8253  -0.4262   0.00    0.0
2014/04/28 11:06:00.000  -12.843773406  131.132769577   137.0747   5   9   2.1277   2.3059   5.5643   0.8417   1.8180  -0.4663   0.00    0.0
2014/04/28 11:06:30.000  -12.843772452  131.132770334   136.8171   5   9   2.1227   2.3009   5.5591   0.8373   1.8105  -0.5030   0.00    0.0
2014/04/28 11:07:00.000  -12.843772219  131.132770111   136.4420   5   9   2.1177   2.2960   5.5539   0.8331   1.8031  -0.5370   0.00    0.0
2014/04/28 11:07:30.000  -12.843771863  131.132770997   136.3301   5   9   2.1128   2.2911   5.5487   0.8289   1.7957  -0.5688   0.00    0.0
2014/04/28 11:08:00.000  -12.843771632  131.132771547   136.1702   5   9   2.1079   2.2862   5.5434   0.8248   1.7882  -0.5986   0.00    0.0
2014/04/28 11:08:30.000  -12.843772343  131.132772361   136.1162   5   9   2.1031   2.2813   5.5381   0.8208   1.7807  -0.6269   0.00    0.0
2014/04/28 11:09:00.000  -12.843774115  131.132773310   136.3265   5   9   2.0984   2.2765   5.5327   0.8168   1.7732  -0.6538   0.00    0.0
2014/04/28 11:09:30.000  -12.843768006  131.132768815   139.6788   5   8   2.3123   2.3369   6.7648   0.3507   0.9899   1.8345   0.00    0.0
2014/04/28 11:10:00.000  -12.843767791  131.132768859   139.3810   5   8   2.3070   2.3313   6.7819   0.3501   0.9748   1.8324   0.00    0.0
2014/04/28 11:10:30.000  -12.843766695  131.132768740   138.9349   5   8   2.3017   2.3257   6.7993   0.3495   0.9595   1.8303   0.00    0.0
2014/04/28 11:11:00.000  -12.843765495  131.132768072   138.4651   5   8   2.2965   2.3202   6.8168   0.3490   0.9438   1.8282   0.00    0.0
2014/04/28 11:11:30.000  -12.843766072  131.132768174   138.7125   5   8   2.2913   2.3148   6.8346   0.3486   0.9278   1.8261   0.00    0.0
2014/04/28 11:12:00.000  -12.843766202  131.132768820   139.2213   5   8   2.2862   2.3094   6.8525   0.3483   0.9114   1.8239   0.00    0.0
2014/04/28 11:12:30.000  -12.843766970  131.132769451   139.1364   5   8   2.2810   2.3041   6.8707   0.3480   0.8947   1.8217   0.00    0.0
2014/04/28 11:13:00.000  -12.843768031  131.132770077   139.2196   5   8   2.2759   2.2989   6.8890   0.3477   0.8777   1.8195   0.00    0.0
2014/04/28 11:13:30.000  -12.843768347  131.132769916   138.8447   5   8   2.2709   2.2937   6.9075   0.3476   0.8602   1.8173   0.00    0.0
2014/04/28 11:14:00.000  -12.843768011  131.132769626   138.5621   5   8   2.2658   2.2885   6.9262   0.3475   0.8424   1.8150   0.00    0.0
2014/04/28 11:14:30.000  -12.843767724  131.132769495   138.4322   5   8   2.2608   2.2835   6.9451   0.3474   0.8241   1.8128   0.00    0.0
2014/04/28 11:15:00.000  -12.843766636  131.132769498   138.4302   5   8   2.2559   2.2785   6.9642   0.3474   0.8054   1.8104   0.00    0.0
2014/04/28 11:15:30.000  -12.843767245  131.132770040   138.0842   5   8   2.2509   2.2735   6.9834   0.3475   0.7862   1.8081   0.00    0.0
2014/04/28 11:16:00.000  -12.843768731  131.132770543   137.7395   5   8   2.2460   2.2687   7.0027   0.3476   0.7664   1.8057   0.00    0.0
2014/04/28 11:16:30.000  -12.843769565  131.132770937   137.9104   5   8   2.2411   2.2638   7.0222   0.3478   0.7461   1.8032   0.00    0.0
2014/04/28 11:17:00.000  -12.843769708  131.132772306   138.0325   5   8   2.2363   2.2591   7.0419   0.3480   0.7252   1.8007   0.00    0.0
2014/04/28 11:17:30.000  -12.843769711  131.132772351   137.7746   5   8   2.2314   2.2544   7.0617   0.3483   0.7037   1.7982   0.00    0.0
2014/04/28 11:18:00.000  -12.843769962  131.132771059   137.4348   5   8   2.2266   2.2497   7.0816   0.3487   0.6815   1.7956   0.00    0.0
2014/04/28 11:18:30.000  -12.843769428  131.132771589   137.1810   5   8   2.2219   2.2452   7.1016   0.3490   0.6585   1.7930   0.00    0.0
2014/04/28 11:19:00.000  -12.843768634  131.132773060   136.7360   5   8   2.2171   2.2407   7.1217   0.3495   0.6346   1.7903   0.00    0.0
2014/04/28 11:19:30.000  -12.843768873  131.132773049   136.7942   5   8   2.2124   2.2362   7.1420   0.3499   0.6099   1.7876   0.00    0.0
2014/04/28 11:20:00.000  -12.843769297  131.132772158   137.1095   5   8   2.2077   2.2318   7.1623   0.3505   0.5841   1.7848   0.00    0.0
2014/04/28 11:20:30.000  -12.843769404  131.132771348   137.2557   5   8   2.2031   2.2275   7.1827   0.3510   0.5571   1.7819   0.00    0.0
2014/04/28 11:21:00.000  -12.843769832  131.132770960   136.9998   5   8   2.1984   2.2232   7.2031   0.3516   0.5288   1.7790   0.00    0.0
2014/04/28 11:21:30.000  -12.843769057  131.132770202   136.6204   5   8   2.1938   2.2189   7.2237   0.3523   0.4989   1.7760   0.00    0.0
2014/04/28 11:22:00.000  -12.843767371  131.132770388   136.8647   5   8   2.1893   2.2148   7.2442   0.3530   0.4672   1.7729   0.00    0.0
2014/04/28 11:22:30.000  -12.843767189  131.132770161   137.2776   5   8   2.1847   2.2107   7.2648   0.3537   0.4332   1.7698   0.00    0.0
2014/04/28 11:23:00.000  -12.843766476  131.132770925   137.1518   5   8   2.1802   2.2066   7.2854   0.3545   0.3965   1.7666   0.00    0.0
2014/04/28 11:23:30.000  -12.843765857  131.132771110   136.6722   5   8   2.1757   2.2026   7.3061   0.3553   0.3562   1.7633   0.00    0.0
2014/04/28 11:24:00.000  -12.843766383  131.132771275   136.4565   5   8   2.1712   2.1987   7.3267   0.3561   0.3108   1.7600   0.00    0.0
2014/04/28 11:24:30.000  -12.843766891  131.132771311   136.1439   5   8   2.1668   2.1948   7.3473   0.3570   0.2578   1.7566   0.00    0.0
2014/04/28 11:25:00.000  -12.843768067  131.132771172   135.9131   5   8   2.1624   2.1910   7.3678   0.3579   0.1911   1.7531   0.00    0.0
2014/04/28 11:25:30.000  -12.843768904  131.132770390   135.6095   5   8   2.1580   2.1872   7.3883   0.3589   0.0819   1.7495   0.00    0.0
2014/04/28 11:26:00.000  -12.843768625  131.132770963   135.1844   5   8   2.1536   2.1835   7.4088   0.3599  -0.1513   1.7458   0.00    0.0
2014/04/28 11:26:30.000  -12.843768427  131.132769686   134.9366   5   8   2.1493   2.1798   7.4291   0.3609  -0.2287   1.7421   0.00    0.0
2014/04/28 11:27:00.000  -12.843768690  131.132770486   134.6786   5   8   2.1449   2.1762   7.4494   0.3619  -0.2855   1.7382   0.00    0.0
2014/04/28 11:27:30.000  -12.843768248  131.132770951   134.7485   5   8   2.1406   2.1726   7.4696   0.3630  -0.3323   1.7343   0.00    0.0
2014/04/28 11:28:00.000  -12.843767460  131.132770642   135.0730   5   8   2.1364   2.1691   7.4896   0.3641  -0.3730   1.7303   0.00    0.0
2014/04/28 11:28:30.000  -12.843768015  131.132769520   135.2540   5   8   2.1321   2.1657   7.5094   0.3652  -0.4093   1.7262   0.00    0.0
2014/04/28 11:29:00.000  -12.843768038  131.132770474   135.2525   5   8   2.1279   2.1623   7.5291   0.3664  -0.4422   1.7220   0.00    0.0
2014/04/28 11:29:30.000  -12.843768497  131.132771059   134.9893   5   8   2.1237   2.1589   7.5487   0.3676  -0.4726   1.7177   0.00    0.0
2014/04/28 11:30:00.000  -12.843768545  131.132770662   134.5993   5   8   2.1195   2.1556   7.5680   0.3688  -0.5007   1.7133   0.00    0.0
2014/04/28 11:30:30.000  -12.843768031  131.132770558   134.3567   5   8   2.1154   2.1524   7.5871   0.3700  -0.5270   1.7088   0.00    0.0
2014/04/28 11:31:00.000  -12.843768569  131.132770302   133.9183   5   8   2.1113   2.1492   7.6059   0.3713  -0.5517   1.7043   0.00    0.0
2014/04/28 11:31:30.000  -12.843767886  131.132770755   133.5986   5   8   2.1072   2.1460   7.6245   0.3725  -0.5749   1.6996   0.00    0.0
2014/04/28 11:32:00.000  -12.843767262  131.132770591   133.7270   5   8   2.1031   2.1429   7.6428   0.3738  -0.5969   1.6948   0.00    0.0
2014/04/28 11:32:30.000  -12.843766939  131.132770535   133.6923   5   8   2.0990   2.1398   7.6608   0.3751  -0.6176   1.6900   0.00    0.0
2014/04/28 11:33:00.000  -12.843766717  131.132769988   133.5170   5   8   2.0950   2.1368   7.6784   0.3765  -0.6374   1.6850   0.00    0.0
2014/04/28 11:33:30.000  -12.843767742  131.132769336   133.4088   5   8   2.0910   2.1339   7.6957   0.3778  -0.6561   1.6800   0.00    0.0
2014/04/28 11:34:00.000  -12.843768340  131.132769833   133.5859   5   8   2.0870   2.1309   7.7127   0.3792  -0.6739   1.6748   0.00    0.0
2014/04/28 11:34:30.000  -12.843768285  131.132770131   133.7302   5   8   2.0831   2.1281   7.7292   0.3806  -0.6908   1.6696   0.00    0.0
2014/04/28 11:35:00.000  -12.843768197  131.132769294   133.6014   5   8   2.0791   2.1252   7.7454   0.3819  -0.7068   1.6643   0.00    0.0
2014/04/28 11:35:30.000  -12.843768382  131.132769661   133.5165   5   8   2.0752   2.1224   7.7611   0.3833  -0.7221   1.6588   0.00    0.0
2014/04/28 11:36:00.000  -12.843768548  131.132769721   133.1247   5   8   2.0713   2.1197   7.7763   0.3848  -0.7366   1.6533   0.00    0.0
2014/04/28 11:36:30.000  -12.843768787  131.132769038   132.5626   5   8   2.0674   2.1170   7.7911   0.3862  -0.7503   1.6477   0.00    0.0
2014/04/28 11:37:00.000  -12.843768782  131.132768611   132.0426   5   8   2.0636   2.1143   7.8054   0.3876  -0.7633   1.6420   0.00    0.0
2014/04/28 11:37:30.000  -12.843768090  131.132768226   131.7989   5   8   2.0597   2.1117   7.8191   0.3891  -0.7756   1.6363   0.00    0.0
2014/04/28 11:38:00.000  -12.843767256  131.132767954   131.8926   5   8   2.0559   2.1091   7.8323   0.3905  -0.7873   1.6304   0.00    0.0
2014/04/28 11:38:30.000  -12.843766594  131.132768318   132.2309   5   8   2.0521   2.1066   7.8450   0.3919  -0.7982   1.6244   0.00    0.0
2014/04/28 11:39:00.000  -12.843767335  131.132768183   132.2525   5   8   2.0484   2.1041   7.8570   0.3934  -0.8085   1.6184   0.00    0.0
2014/04/28 11:39:30.000  -12.843767140  131.132768571   132.1087   5   8   2.0446   2.1016   7.8685   0.3949  -0.8181   1.6123   0.00    0.0
2014/04/28 11:40:00.000  -12.843766394  131.132768948   132.0836   5   8   2.0409   2.0992   7.8793   0.3963  -0.8271   1.6062   0.00    0.0
2014/04/28 11:40:30.000  -12.843766712  131.132768466   132.0068   5   8   2.0372   2.0968   7.8895   0.3978  -0.8354   1.5999   0.00    0.0
2014/04/28 11:41:00.000  -12.843765529  131.132768161   132.2543   5   8   2.0335   2.0945   7.8990   0.3992  -0.8431   1.5936   0.00    0.0
2014/04/28 11:41:30.000  -12.843765551  131.132768064   132.2031   5   8   2.0298   2.0922   7.9078   0.4007  -0.8502   1.5872   0.00    0.0
2014/04/28 11:42:00.000  -12.843765596  131.132767134   131.6744   5   8   2.0262   2.0899   7.9159   0.4021  -0.8566   1.5808   0.00    0.0
2014/04/28 11:42:30.000  -12.843766287  131.132766435   131.1949   5   8   2.0226   2.0877   7.9233   0.4035  -0.8624   1.5744   0.00    0.0
2014/04/28 11:43:00.000  -12.843767129  131.132766693   131.1272   5   8   2.0190   2.0855   7.9300   0.4049  -0.8676   1.5678   0.00    0.0
2014/04/28 11:43:30.000  -12.843766805  131.132766783   131.1516   5   8   2.0154   2.0833   7.9359   0.4064  -0.8721   1.5613   0.00    0.0
2014/04/28 11:44:00.000  -12.843766650  131.132767182   131.1727   5   8   2.0118   2.0812   7.9411   0.4078  -0.8760   1.5547   0.00    0.0
2014/04/28 11:44:30.000  -12.843766467  131.132767606   130.8180   5   8   2.0082   2.0791   7.9454   0.4092  -0.8792   1.5480   0.00    0.0
2014/04/28 11:45:00.000  -12.843764991  131.132768153   130.5624   5   8   2.0047   2.0770   7.9490   0.4105  -0.8819   1.5414   0.00    0.0
2014/04/28 11:45:30.000  -12.843764038  131.132767212   130.2705   5   8   2.0012   2.0750   7.9517   0.4119  -0.8838   1.5347   0.00    0.0
2014/04/28 11:46:00.000  -12.843764383  131.132766793   130.4467   5   8   1.9977   2.0730   7.9536   0.4132  -0.8852   1.5280   0.00    0.0
2014/04/28 11:46:30.000  -12.843764102  131.132767281   130.7989   5   8   1.9942   2.0710   7.9547   0.4146  -0.8859   1.5213   0.00    0.0
2014/04/28 11:47:00.000  -12.843763509  131.132766069   130.3943   5   8   1.9908   2.0690   7.9549   0.4159  -0.8859   1.5146   0.00    0.0
2014/04/28 11:47:30.000  -12.843763153  131.132765119   130.0660   5   8   1.9873   2.0671   7.9543   0.4171  -0.8853   1.5079   0.00    0.0
2014/04/28 11:48:00.000  -12.843763696  131.132764851   130.1018   5   8   1.9839   2.0653   7.9528   0.4184  -0.8840   1.5012   0.00    0.0
2014/04/28 11:48:30.000  -12.843763642  131.132765458   130.6046   5   8   1.9805   2.0634   7.9505   0.4196  -0.8820   1.4946   0.00    0.0
2014/04/28 11:49:00.000  -12.843764017  131.132765396   130.5866   5   8   1.9771   2.0616   7.9473   0.4208  -0.8794   1.4879   0.00    0.0
2014/04/28 11:49:30.000  -12.843764705  131.132765463   130.5075   5   8   1.9737   2.0599   7.9432   0.4220  -0.8761   1.4813   0.00    0.0
2014/04/28 11:50:00.000  -12.843764321  131.132765860   130.2334   5   8   1.9704   2.0581   7.9382   0.4232  -0.8721   1.4748   0.00    0.0
2014/04/28 11:50:30.000  -12.843763796  131.132765210   130.0459   5   8   1.9670   2.0564   7.9324   0.4243  -0.8674   1.4683   0.00    0.0
2014/04/28 11:51:00.000  -12.843763240  131.132765112   129.8350   5   8   1.9637   2.0547   7.9257   0.4254  -0.8620   1.4618   0.00    0.0
2014/04/28 11:51:30.000  -12.843764194  131.132764401   129.3575   5   8   1.9604   2.0531   7.9181   0.4265  -0.8559   1.4554   0.00    0.0
2014/04/28 11:52:00.000  -12.843764481  131.132764907   129.5597   5   8   1.9571   2.0515   7.9096   0.4275  -0.8491   1.4491   0.00    0.0
2014/04/28 11:52:30.000  -12.843764493  131.132764766   129.7677   5   8   1.9538   2.0499   7.9003   0.4285  -0.8415   1.4428   0.00    0.0
2014/04/28 11:53:00.000  -12.843764772  131.132764628   130.1373   5   8   1.9505   2.0483   7.8901   0.4295  -0.8332   1.4367   0.00    0.0
2014/04/28 11:53:30.000  -12.843764409  131.132765118   130.1907   5   8   1.9472   2.0468   7.8791   0.4304  -0.8241   1.4306   0.00    0.0
2014/04/28 11:54:00.000  -12.843764244  131.132766563   130.1169   5   8   1.9440   2.0453   7.8672   0.4313  -0.8142   1.4246   0.00    0.0
2014/04/28 11:54:30.000  -12.843764451  131.132767503   130.1820   5   8   1.9408   2.0439   7.8545   0.4322  -0.8036   1.4187   0.00    0.0
2014/04/28 11:55:00.000  -12.843764162  131.132767303   130.4393   5   8   1.9376   2.0424   7.8409   0.4330  -0.7921   1.4129   0.00    0.0
2014/04/28 11:55:30.000  -12.843763909  131.132766126   130.3033   5   8   1.9344   2.0411   7.8266   0.4338  -0.7797   1.4073   0.00    0.0
2014/04/28 11:56:00.000  -12.843763659  131.132765803   129.8556   5   8   1.9312   2.0397   7.8114   0.4345  -0.7665   1.4018   0.00    0.0
2014/04/28 11:56:30.000  -12.843762568  131.132765276   130.0969   5   8   1.9280   2.0384   7.7954   0.4352  -0.7524   1.3964   0.00    0.0
2014/04/28 11:57:00.000  -12.843762325  131.132764865   130.0752   5   8   1.9248   2.0371   7.7787   0.4359  -0.7373   1.3911   0.00    0.0
2014/04/28 11:57:30.000  -12.843761967  131.132764491   130.0859   5   8   1.9217   2.0359   7.7612   0.4366  -0.7213   1.3860   0.00    0.0
2014/04/28 11:58:00.000  -12.843762447  131.132763761   129.9985   5   8   1.9185   2.0347   7.7430   0.4372  -0.7042   1.3810   0.00    0.0
2014/04/28 11:58:30.000  -12.843763384  131.132763072   130.1377   5   8   1.9154   2.0335   7.7240   0.4377  -0.6860   1.3762   0.00    0.0
2014/04/28 11:59:00.000  -12.843763972  131.132763130   129.8746   5   8   1.9123   2.0323   7.7044   0.4382  -0.6667   1.3715   0.00    0.0
2014/04/28 11:59:30.000  -12.843763377  131.132762632   129.6535   5   8   1.9091   2.0313   7.6840   0.4387  -0.6461   1.3670   0.00    0.0
2014/04/28 12:00:00.000  -12.843764366  131.132763134   129.5708   5   8   2.0526   2.1567   7.7230   0.5799  -0.4531   1.6089   0.00    0.0
2014/04/28 12:00:30.000  -12.843763969  131.132762836   130.0676   5   8   2.0495   2.1555   7.7014   0.5810  -0.4264   1.6050   0.00    0.0
2014/04/28 12:01:00.000  -12.843763195  131.132763147   130.3214   5   8   2.0465   2.1543   7.6792   0.5820  -0.3970   1.6012   0.00    0.0
2014/04/28 12:01:30.000  -12.843763118  131.132762604   129.9558   5   8   2.0435   2.1532   7.6563   0.5830  -0.3641   1.5974   0.00    0.0
2014/04/28 12:02:00.000  -12.843762984  131.132762400   129.8228   5   8   2.0405   2.1521   7.6329   0.5839  -0.3267   1.5938   0.00    0.0
2014/04/28 12:02:30.000  -12.843764240  131.132762143   129.6794   5   8   2.0374   2.1511   7.6089   0.5848  -0.2832   1.5902   0.00    0.0
2014/04/28 12:03:00.000  -12.843764265  131.132762806   129.3590   5   8   2.0344   2.1500   7.5843   0.5857  -0.2301   1.5868   0.00    0.0
2014/04/28 12:03:30.000  -12.843762856  131.132762279   129.6564   5   8   2.0314   2.1491   7.5592   0.5865  -0.1583   1.5835   0.00    0.0
2014/04/28 12:04:00.000  -12.843761392  131.132761215   130.2306   5   8   2.0284   2.1482   7.5337   0.5873   0.0591   1.5802   0.00    0.0
2014/04/28 12:04:30.000  -12.843760857  131.132760980   130.2118   5   8   2.0254   2.1473   7.5076   0.5880   0.1807   1.5771   0.00    0.0
2014/04/28 12:05:00.000  -12.843761143  131.132760895   130.3199   5   8   2.0224   2.1465   7.4811   0.5887   0.2498   1.5741   0.00    0.0
2014/04/28 12:05:30.000  -12.843760493  131.132760727   130.8388   5   8   2.0192   2.1362   7.4439   0.5932   0.4144   1.5683   0.00    0.0
2014/04/28 12:06:00.000  -12.843769991  131.132774118   142.7773   5   9   1.9933   2.0706   6.3850   0.7156  -1.3394   1.8967   0.00    0.0
2014/04/28 12:06:30.000  -12.843770655  131.132772869   142.7968   5   9   1.9901   2.0691   6.3749   0.7177  -1.3334   1.8929   0.00    0.0
2014/04/28 12:07:00.000  -12.843770211  131.132772656   142.9326   5   9   1.9869   2.0676   6.3646   0.7197  -1.3269   1.8891   0.00    0.0
2014/04/28 12:07:30.000  -12.843770204  131.132772487   142.9443   5   9   1.9837   2.0661   6.3540   0.7217  -1.3200   1.8853   0.00    0.0
2014/04/28 12:08:00.000  -12.843769357  131.132774157   142.7040   5   9   1.9806   2.0646   6.3432   0.7236  -1.3127   1.8815   0.00    0.0
2014/04/28 12:08:30.000  -12.843769146  131.132775998   142.4123   5   9   1.9774   2.0630   6.3321   0.7255  -1.3049   1.8778   0.00    0.0
2014/04/28 12:09:00.000  -12.843770716  131.132776429   142.5104   5   9   1.9743   2.0615   6.3207   0.7274  -1.2967   1.8740   0.00    0.0
2014/04/28 12:09:30.000  -12.843771400  131.132776670   142.6687   5   9   1.9711   2.0599   6.3091   0.7293  -1.2881   1.8702   0.00    0.0
2014/04/28 12:10:00.000  -12.843771406  131.132775971   142.7712   5   9   1.9680   2.0583   6.2973   0.7311  -1.2789   1.8665   0.00    0.0
2014/04/28 12:10:30.000  -12.843771770  131.132774787   142.5130   5   9   1.9649   2.0567   6.2852   0.7328  -1.2694   1.8627   0.00    0.0
2014/04/28 12:11:00.000  -12.843771500  131.132774406   142.3802   5   9   1.9618   2.0551   6.2729   0.7346  -1.2594   1.8590   0.00    0.0
2014/04/28 12:11:30.000  -12.843770499  131.132774314   142.4833   5   9   1.9587   2.0535   6.2604   0.7363  -1.2489   1.8553   0.00    0.0
2014/04/28 12:12:00.000  -12.843768592  131.132775633   142.4411   5   9   1.9556   2.0518   6.2476   0.7379  -1.2380   1.8517   0.00    0.0
2014/04/28 12:12:30.000  -12.843767470  131.132776036   142.1016   5   9   1.9498   2.0481   6.2336   0.7379  -1.2264   1.8449   0.00    0.0
2014/04/28 12:13:00.000  -12.843768217  131.132776577   141.9103   5   9   1.9470   2.0466   6.2206   0.7396  -1.2144   1.8416   0.00    0.0
2014/04/28 12:13:30.000  -12.843768168  131.132775230   141.9630   5   9   1.9442   2.0451   6.2073   0.7413  -1.2021   1.8383   0.00    0.0
2014/04/28 12:14:00.000  -12.843769471  131.132773179   141.7627   5   9   1.9414   2.0436   6.1939   0.7430  -1.1892   1.8351   0.00    0.0
2014/04/28 12:14:30.000  -12.843770685  131.132771658   141.3421   5   9   1.9386   2.0421   6.1803   0.7446  -1.1759   1.8318   0.00    0.0
2014/04/28 12:15:00.000  -12.843771707  131.132772719   140.9677   5   9   1.9359   2.0406   6.1665   0.7462  -1.1620   1.8286   0.00    0.0
2014/04/28 12:15:30.000  -12.843771610  131.132773509   141.0779   5   9   1.9331   2.0391   6.1525   0.7477  -1.1477   1.8255   0.00    0.0
2014/04/28 12:16:00.000  -12.843771645  131.132773848   140.8930   5   9   1.9304   2.0376   6.1384   0.7493  -1.1328   1.8223   0.00    0.0
2014/04/28 12:16:30.000  -12.843771287  131.132774380   140.6978   5   9   1.9276   2.0361   6.1241   0.7507  -1.1174   1.8192   0.00    0.0
2014/04/28 12:17:00.000  -12.843770128  131.132773768   140.6278   5   9   1.9249   2.0346   6.1097   0.7522  -1.1014   1.8161   0.00    0.0
2014/04/28 12:17:30.000  -12.843769558  131.132773119   140.4478   5   9   1.9222   2.0331   6.0951   0.7536  -1.0849   1.8131   0.00    0.0
2014/04/28 12:18:00.000  -12.843768432  131.132772874   140.3729   5   9   1.9194   2.0316   6.0804   0.7549  -1.0678   1.8101   0.00    0.0
2014/04/28 12:18:30.000  -12.843767966  131.132773488   139.9810   5   9   1.9167   2.0301   6.0656   0.7562  -1.0502   1.8071   0.00    0.0
2014/04/28 12:19:00.000  -12.843768600  131.132774174   139.7136   5   9   1.9140   2.0286   6.0507   0.7575  -1.0319   1.8042   0.00    0.0
2014/04/28 12:19:30.000  -12.843768615  131.132774957   139.5613   5   9   1.9113   2.0270   6.0215   0.7587  -1.0176   1.8011   0.00    0.0
2014/04/28 12:20:00.000  -12.843768625  131.132775708   139.5935   5   9   1.9086   2.0255   6.0075   0.7599  -0.9978   1.7982   0.00    0.0
2014/04/28 12:20:30.000  -12.843767988  131.132775477   139.5074   5   9   1.9059   2.0240   5.9935   0.7611  -0.9773   1.7953   0.00    0.0
2014/04/28 12:21:00.000  -12.843766947  131.132774041   139.5193   5   9   1.9033   2.0226   5.9794   0.7622  -0.9561   1.7925   0.00    0.0
2014/04/28 12:21:30.000  -12.843767582  131.132772826   139.3976   5   9   1.9006   2.0211   5.9651   0.7633  -0.9340   1.7898   0.00    0.0
2014/04/28 12:22:00.000  -12.843768929  131.132772847   139.4035   5   9   1.8979   2.0197   5.9509   0.7644  -0.9112   1.7871   0.00    0.0
2014/04/28 12:22:30.000  -12.843770318  131.132772965   139.5054   5   9   1.8953   2.0183   5.9365   0.7654  -0.8874   1.7844   0.00    0.0
2014/04/28 12:23:00.000  -12.843769876  131.132773368   139.4271   5   9   1.8926   2.0169   5.9221   0.7664  -0.8627   1.7819   0.00    0.0
2014/04/28 12:23:30.000  -12.843768430  131.132774023   139.3606   5   9   1.8900   2.0155   5.9076   0.7673  -0.8370   1.7794   0.00    0.0
2014/04/28 12:24:00.000  -12.843768866  131.132774613   139.3745   5   9   1.8790   2.0102   5.8883   0.7537  -0.8284   1.7650   0.00    0.0
2014/04/28 12:24:30.000  -12.843768814  131.132774776   139.2943   5   9   1.8773   2.0093   5.8742   0.7561  -0.7990   1.7638   0.00    0.0
2014/04/28 12:25:00.000  -12.843768767  131.132775848   138.8014   5   9   1.8755   2.0085   5.8601   0.7586  -0.7682   1.7627   0.00    0.0
2014/04/28 12:25:30.000  -12.843767208  131.132775816   138.5741   5   9   1.8738   2.0076   5.8460   0.7610  -0.7358   1.7617   0.00    0.0
2014/04/28 12:26:00.000  -12.843765790  131.132775161   138.7478   5   9   1.8720   2.0068   5.8319   0.7633  -0.7016   1.7607   0.00    0.0
2014/04/28 12:26:30.000  -12.843766034  131.132774919   139.2289   5   9   1.8703   2.0059   5.8178   0.7656  -0.6654   1.7598   0.00    0.0
2014/04/28 12:27:00.000  -12.843767302  131.132774848   139.3615   5   9   1.8686   2.0051   5.8036   0.7678  -0.6269   1.7590   0.00    0.0
2014/04/28 12:27:30.000  -12.843767375  131.132774837   139.3398   5   9   1.8668   2.0044   5.7894   0.7700  -0.5855   1.7582   0.00    0.0
2014/04/28 12:28:00.000  -12.843766801  131.132773829   139.0822   5   9   1.8651   2.0036   5.7753   0.7721  -0.5408   1.7574   0.00    0.0
2014/04/28 12:28:30.000  -12.843766924  131.132773330   138.8579   5   9   1.8634   2.0029   5.7611   0.7742  -0.4916   1.7568   0.00    0.0
2014/04/28 12:29:00.000  -12.843766416  131.132772660   138.4851   5   9   1.8617   2.0022   5.7470   0.7763  -0.4367   1.7561   0.00    0.0
2014/04/28 12:29:30.000  -12.843765790  131.132771824   138.0691   5   9   1.8601   2.0016   5.7329   0.7783  -0.3734   1.7556   0.00    0.0
2014/04/28 12:30:00.000  -12.843765938  131.132771994   137.8017   5   9   1.8584   2.0010   5.7188   0.7802  -0.2965   1.7551   0.00    0.0
2014/04/28 12:30:30.000  -12.843766189  131.132771299   137.3474   5   9   1.8567   2.0004   5.7048   0.7821  -0.1901   1.7547   0.00    0.0
2014/04/28 12:31:00.000  -12.843767668  131.132779402   140.7708   5  10   1.8544   1.9082   5.2603   0.8028  -1.1329   1.7850   0.00    0.0
2014/04/28 12:31:30.000  -12.843768053  131.132779234   140.7025   5  10   1.8527   1.9052   5.2510   0.8045  -1.1135   1.7838   0.00    0.0
2014/04/28 12:32:00.000  -12.843767827  131.132779192   140.8630   5  10   1.8511   1.9021   5.2417   0.8061  -1.0936   1.7828   0.00    0.0
2014/04/28 12:32:30.000  -12.843766413  131.132780438   140.6755   5  10   1.8495   1.8991   5.2324   0.8076  -1.0732   1.7818   0.00    0.0
2014/04/28 12:33:00.000  -12.843765366  131.132780909   140.7451   5  10   1.8479   1.8961   5.2231   0.8091  -1.0523   1.7808   0.00    0.0
2014/04/28 12:33:30.000  -12.843765806  131.132780759   140.8179   5  10   1.8463   1.8930   5.2139   0.8105  -1.0307   1.7800   0.00    0.0
2014/04/28 12:34:00.000  -12.843765813  131.132780709   140.4496   5  10   1.8447   1.8900   5.2046   0.8119  -1.0086   1.7791   0.00    0.0
2014/04/28 12:34:30.000  -12.843764473  131.132780241   140.8891   5  10   1.8430   1.8845   5.1879   0.8146  -0.9719   1.7764   0.00    0.0
2014/04/28 12:35:00.000  -12.843764398  131.132780631   140.9799   5  10   1.8414   1.8818   5.1794   0.8157  -0.9496   1.7759   0.00    0.0
2014/04/28 12:35:30.000  -12.843764130  131.132779830   140.5863   5  10   1.8399   1.8790   5.1710   0.8167  -0.9266   1.7755   0.00    0.0
2014/04/28 12:36:00.000  -12.843764342  131.132779703   140.6561   5  10   1.8383   1.8763   5.1625   0.8177  -0.9028   1.7750   0.00    0.0
2014/04/28 12:36:30.000  -12.843763377  131.132779905   140.6386   5  10   1.8328   1.8736   5.1533   0.8175  -0.8791   1.7715   0.00    0.0
2014/04/28 12:37:00.000  -12.843763038  131.132779870   140.4094   5  10   1.8316   1.8709   5.1450   0.8185  -0.8536   1.7715   0.00    0.0
2014/04/28 12:37:30.000  -12.843761836  131.132779876   139.9943   5  10   1.8303   1.8682   5.1367   0.8194  -0.8272   1.7715   0.00    0.0
2014/04/28 12:38:00.000  -12.843761469  131.132779903   139.9722   5  10   1.8291   1.8656   5.1285   0.8203  -0.7998   1.7716   0.00    0.0
2014/04/28 12:38:30.000  -12.843762002  131.132780741   139.9517   5  10   1.8279   1.8629   5.1203   0.8211  -0.7713   1.7717   0.00    0.0
2014/04/28 12:39:00.000  -12.843763361  131.132780295   139.8105   5  10   1.8266   1.8603   5.1121   0.8219  -0.7415   1.7718   0.00    0.0
2014/04/28 12:39:30.000  -12.843764333  131.132778881   139.7440   5  10   1.8254   1.8578   5.1039   0.8227  -0.7103   1.7719   0.00    0.0
2014/04/28 12:40:00.000  -12.843764975  131.132776885   139.9485   5  10   1.8206   1.8534   5.0846   0.8179  -0.6570   1.7829   0.00    0.0
2014/04/28 12:40:30.000  -12.843764125  131.132776739   140.0361   5  10   1.8197   1.8511   5.0773   0.8191  -0.6232   1.7822   0.00    0.0
2014/04/28 12:41:00.000  -12.843763703  131.132777142   139.8888   5  10   1.8189   1.8487   5.0702   0.8203  -0.5873   1.7815   0.00    0.0
2014/04/28 12:41:30.000  -12.843777575  131.132765537   135.1890   5  11   1.5970   1.7191   4.5099   0.2991  -1.3608   1.0827   0.00    0.0
2014/04/28 12:42:00.000  -12.843776050  131.132766134   135.1291   5  11   1.5973   1.7151   4.5059   0.2994  -1.3460   1.0872   0.00    0.0
2014/04/28 12:42:30.000  -12.843775318  131.132766445   134.9899   5  11   1.5976   1.7112   4.5018   0.2996  -1.3311   1.0917   0.00    0.0
2014/04/28 12:43:00.000  -12.843775352  131.132765365   134.7619   5  11   1.5980   1.7073   4.4978   0.2999  -1.3159   1.0961   0.00    0.0
2014/04/28 12:43:30.000  -12.843774840  131.132765857   134.8410   5  11   1.5984   1.7034   4.4937   0.3001  -1.3005   1.1005   0.00    0.0
2014/04/28 12:44:00.000  -12.843770261  131.132770403   133.1259   5  10   1.7684   1.7825   4.9816   0.7045  -1.6764  -0.6407   0.00    0.0
2014/04/28 12:44:30.000  -12.843770350  131.132769431   132.9027   5  10   1.7679   1.7782   4.9797   0.7027  -1.6637  -0.6322   0.00    0.0
2014/04/28 12:45:00.000  -12.843771226  131.132769194   132.5668   5  10   1.7674   1.7740   4.9778   0.7009  -1.6507  -0.6233   0.00    0.0
2014/04/28 12:45:30.000  -12.843770758  131.132769600   132.3724   5  10   1.7669   1.7698   4.9757   0.6991  -1.6374  -0.6141   0.00    0.0
2014/04/28 12:46:00.000  -12.843769168  131.132769187   132.3574   5  10   1.7665   1.7656   4.9735   0.6972  -1.6239  -0.6046   0.00    0.0
2014/04/28 12:46:30.000  -12.843769330  131.132768949   132.2987   5  10   1.7660   1.7615   4.9713   0.6953  -1.6102  -0.5948   0.00    0.0
2014/04/28 12:47:00.000  -12.843770249  131.132769120   132.0122   5  10   1.7638   1.7558   4.9688   0.6975  -1.5972  -0.5819   0.00    0.0
2014/04/28 12:47:30.000  -12.843769811  131.132770116   132.0174   5  10   1.7636   1.7518   4.9664   0.6950  -1.5829  -0.5719   0.00    0.0
2014/04/28 12:48:00.000  -12.843769680  131.132771211   132.0594   5  10   1.7634   1.7478   4.9639   0.6926  -1.5684  -0.5615   0.00    0.0
2014/04/28 12:48:30.000  -12.843769267  131.132771410   132.1517   5  10   1.7632   1.7439   4.9613   0.6900  -1.5536  -0.5506   0.00    0.0
2014/04/28 12:49:00.000  -12.843768538  131.132771791   132.2435   5  10   1.7630   1.7400   4.9586   0.6875  -1.5387  -0.5393   0.00    0.0
2014/04/28 12:49:30.000  -12.843768514  131.132771266   132.3183   5  10   1.7629   1.7361   4.9558   0.6849  -1.5234  -0.5276   0.00    0.0
2014/04/28 12:50:00.000  -12.843768935  131.132770676   132.4217   5  10   1.7627   1.7323   4.9530   0.6823  -1.5080  -0.5153   0.00    0.0
2014/04/28 12:50:30.000  -12.843767950  131.132770088   132.0828   5  10   1.7625   1.7285   4.9501   0.6796  -1.4924  -0.5025   0.00    0.0
2014/04/28 12:51:00.000  -12.843766415  131.132768557   131.6796   5  10   1.7624   1.7247   4.9472   0.6770  -1.4765  -0.4892   0.00    0.0
2014/04/28 12:51:30.000  -12.843765599  131.132767743   131.6146   5  10   1.7622   1.7210   4.9441   0.6743  -1.4604  -0.4753   0.00    0.0
2014/04/28 12:52:00.000  -12.843764577  131.132768705   131.6748   5  10   1.7621   1.7173   4.9410   0.6715  -1.4440  -0.4607   0.00    0.0
2014/04/28 12:52:30.000  -12.843764632  131.132768331   131.6991   5  10   1.7620   1.7136   4.9379   0.6688  -1.4274  -0.4454   0.00    0.0
2014/04/28 12:53:00.000  -12.843764363  131.132768244   131.6737   5  10   1.7619   1.7100   4.9347   0.6660  -1.4106  -0.4293   0.00    0.0
2014/04/28 12:53:30.000  -12.843763858  131.132767704   131.7175   5  10   1.7617   1.7065   4.9314   0.6632  -1.3935  -0.4124   0.00    0.0
2014/04/28 12:54:00.000  -12.843763312  131.132767634   131.6746   5  10   1.7616   1.7030   4.9281   0.6604  -1.3762  -0.3945   0.00    0.0
2014/04/28 12:54:30.000  -12.843763655  131.132768808   131.7287   5  10   1.7600   1.6976   4.9200   0.6620  -1.3651  -0.3537   0.00    0.0
2014/04/28 12:55:00.000  -12.843763290  131.132769201   131.7504   5  10   1.7601   1.6943   4.9172   0.6587  -1.3466  -0.3351   0.00    0.0
2014/04/28 12:55:30.000  -12.843763323  131.132769557   131.6164   5  10   1.7602   1.6912   4.9144   0.6553  -1.3279  -0.3150   0.00    0.0
2014/04/28 12:56:00.000  -12.843763915  131.132768023   131.5234   5  10   1.7604   1.6880   4.9115   0.6520  -1.3089  -0.2932   0.00    0.0
2014/04/28 12:56:30.000  -12.843763714  131.132767808   131.4322   5  10   1.7605   1.6850   4.9086   0.6486  -1.2896  -0.2690   0.00    0.0
2014/04/28 12:57:00.000  -12.843763402  131.132768495   131.4181   5  10   1.7606   1.6820   4.9057   0.6452  -1.2700  -0.2421   0.00    0.0
2014/04/28 12:57:30.000  -12.843763696  131.132768087   131.3846   5  10   1.7607   1.6790   4.9026   0.6418  -1.2501  -0.2111   0.00    0.0
2014/04/28 12:58:00.000  -12.843763812  131.132767126   131.3225   5  10   1.7608   1.6762   4.8996   0.6384  -1.2299  -0.1741   0.00    0.0
2014/04/28 12:58:30.000  -12.843763853  131.132766253   131.0552   5  10   1.7609   1.6734   4.8965   0.6349  -1.2094  -0.1258   0.00    0.0
2014/04/28 12:59:00.000  -12.843764930  131.132764951   131.0967   5  10   1.7611   1.6706   4.8934   0.6315  -1.1886  -0.0338   0.00    0.0
2014/04/28 12:59:30.000  -12.843764645  131.132763778   131.0442   5  10   1.7612   1.6679   4.8902   0.6281  -1.1674   0.1173   0.00    0.0
2014/04/28 13:00:00.000  -12.843758656  131.132760976   131.5283   5  10   1.6566   1.5551   4.8178   0.5434  -0.9172   0.5275   0.00    0.0
2014/04/28 13:00:30.000  -12.843757152  131.132761578   131.5779   5  10   1.6570   1.5533   4.8147   0.5409  -0.8916   0.5429   0.00    0.0
2014/04/28 13:01:00.000  -12.843755531  131.132763154   131.4947   5  10   1.6573   1.5515   4.8117   0.5384  -0.8653   0.5581   0.00    0.0
2014/04/28 13:01:30.000  -12.843754277  131.132763187   131.3961   5  10   1.6577   1.5498   4.8086   0.5360  -0.8382   0.5730   0.00    0.0
2014/04/28 13:02:00.000  -12.843754275  131.132762059   131.0736   5  10   1.6581   1.5482   4.8055   0.5336  -0.8103   0.5877   0.00    0.0
2014/04/28 13:02:30.000  -12.843755343  131.132761028   131.2318   5  10   1.6585   1.5466   4.8024   0.5312  -0.7816   0.6022   0.00    0.0
2014/04/28 13:03:00.000  -12.843756514  131.132759969   131.2397   5  10   1.6589   1.5451   4.7993   0.5288  -0.7518   0.6165   0.00    0.0
2014/04/28 13:03:30.000  -12.843756182  131.132758749   131.1900   5  10   1.6594   1.5437   4.7962   0.5265  -0.7210   0.6306   0.00    0.0
2014/04/28 13:04:00.000  -12.843754951  131.132758025   130.9193   5  10   1.6598   1.5423   4.7931   0.5242  -0.6889   0.6445   0.00    0.0
2014/04/28 13:04:30.000  -12.843755345  131.132758385   130.9843   5  10   1.6603   1.5410   4.7901   0.5219  -0.6554   0.6583   0.00    0.0
2014/04/28 13:05:00.000  -12.843755283  131.132758698   131.0043   5  10   1.6607   1.5398   4.7870   0.5196  -0.6202   0.6719   0.00    0.0
2014/04/28 13:05:30.000  -12.843755773  131.132758556   130.9303   5  10   1.6612   1.5386   4.7840   0.5174  -0.5832   0.6853   0.00    0.0
2014/04/28 13:06:00.000  -12.843755731  131.132758872   130.9167   5  10   1.6617   1.5375   4.7810   0.5153  -0.5437   0.6986   0.00    0.0
2014/04/28 13:06:30.000  -12.843755603  131.132759222   130.9859   5  10   1.6622   1.5364   4.7779   0.5131  -0.5014   0.7118   0.00    0.0
2014/04/28 13:07:00.000  -12.843754839  131.132758202   131.0642   5  10   1.6628   1.5355   4.7750   0.5110  -0.4555   0.7248   0.00    0.0
2014/04/28 13:07:30.000  -12.843753587  131.132757919   131.2975   5  10   1.6633   1.5346   4.7720   0.5090  -0.4046   0.7377   0.00    0.0
2014/04/28 13:08:00.000  -12.843753020  131.132757305   131.6835   5  10   1.6639   1.5337   4.7690   0.5070  -0.3466   0.7505   0.00    0.0
2014/04/28 13:08:30.000  -12.843752554  131.132756854   131.8838   5  10   1.6644   1.5330   4.7661   0.5050  -0.2772   0.7632   0.00    0.0
2014/04/28 13:09:00.000  -12.843753159  131.132756588   131.9381   5  10   1.6650   1.5322   4.7632   0.5031  -0.1838   0.7757   0.00    0.0
2014/04/28 13:09:30.000  -12.843753629  131.132756557   131.8839   5  10   1.6656   1.5316   4.7604   0.5012   0.0951   0.7882   0.00    0.0
2014/04/28 13:10:00.000  -12.843752784  131.132756665   131.7542   5  10   1.6662   1.5310   4.7575   0.4994   0.2272   0.8005   0.00    0.0
2014/04/28 13:10:30.000  -12.843751815  131.132757119   131.4748   5  10   1.6669   1.5305   4.7547   0.4976   0.3065   0.8127   0.00    0.0
2014/04/28 13:11:00.000  -12.843751850  131.132756227   131.4897   5  10   1.6675   1.5300   4.7520   0.4958   0.3688   0.8248   0.00    0.0
2014/04/28 13:11:30.000  -12.843751458  131.132756131   131.7109   5  10   1.6682   1.5296   4.7492   0.4941   0.4217   0.8368   0.00    0.0
2014/04/28 13:12:00.000  -12.843751481  131.132755664   131.5568   5  10   1.6689   1.5293   4.7465   0.4925   0.4684   0.8487   0.00    0.0
2014/04/28 13:12:30.000  -12.843751828  131.132755250   131.5944   5  10   1.6695   1.5290   4.7439   0.4909   0.5106   0.8606   0.00    0.0
2014/04/28 13:13:00.000  -12.843752651  131.132754294   131.3934   5  10   1.6703   1.5288   4.7412   0.4894   0.5493   0.8723   0.00    0.0
2014/04/28 13:13:30.000  -12.843753147  131.132754033   131.3657   5  10   1.6710   1.5286   4.7386   0.4879   0.5852   0.8840   0.00    0.0
2014/04/28 13:14:00.000  -12.843753596  131.132754558   131.2624   5  10   1.6717   1.5285   4.7361   0.4865   0.6188   0.8955   0.00    0.0
2014/04/28 13:14:30.000  -12.843753749  131.132754769   131.1508   5  10   1.6725   1.5285   4.7336   0.4851   0.6505   0.9070   0.00    0.0
2014/04/28 13:15:00.000  -12.843753996  131.132755509   131.3345   5  10   1.6733   1.5285   4.7311   0.4838   0.6805   0.9184   0.00    0.0
2014/04/28 13:15:30.000  -12.843753908  131.132756043   131.5726   5  10   1.6741   1.5285   4.7287   0.4825   0.7090   0.9297   0.00    0.0
2014/04/28 13:16:00.000  -12.843754581  131.132756130   131.5959   5  10   1.6749   1.5287   4.7263   0.4813   0.7363   0.9410   0.00    0.0
2014/04/28 13:16:30.000  -12.843755140  131.132755513   131.4208   5  10   1.6757   1.5288   4.7240   0.4801   0.7624   0.9521   0.00    0.0
2014/04/28 13:17:00.000  -12.843754844  131.132754790   131.7105   5  10   1.6766   1.5290   4.7217   0.4790   0.7874   0.9632   0.00    0.0
2014/04/28 13:17:30.000  -12.843753390  131.132753782   131.8639   5  10   1.6774   1.5293   4.7194   0.4780   0.8115   0.9742   0.00    0.0
2014/04/28 13:18:00.000  -12.843752311  131.132753083   131.9475   5  10   1.6783   1.5296   4.7172   0.4770   0.8347   0.9852   0.00    0.0
2014/04/28 13:18:30.000  -12.843752018  131.132752819   131.8762   5  10   1.6792   1.5300   4.7151   0.4760   0.8572   0.9961   0.00    0.0
2014/04/28 13:19:00.000  -12.843751867  131.132752977   131.8674   5  10   1.6802   1.5305   4.7129   0.4752   0.8788   1.0069   0.00    0.0
2014/04/28 13:19:30.000  -12.843753350  131.132754434   132.2541   5  10   1.6811   1.5309   4.7109   0.4744   0.8998   1.0176   0.00    0.0
2014/04/28 13:20:00.000  -12.843753488  131.132754438   132.5478   5  10   1.6821   1.5314   4.7088   0.4736   0.9202   1.0283   0.00    0.0
2014/04/28 13:20:30.000  -12.843752609  131.132754590   132.3543   5  10   1.6830   1.5320   4.7069   0.4729   0.9400   1.0389   0.00    0.0
2014/04/28 13:21:00.000  -12.843752308  131.132754588   132.2589   5  10   1.6840   1.5326   4.7049   0.4722   0.9592   1.0495   0.00    0.0
2014/04/28 13:21:30.000  -12.843753022  131.132754438   132.1157   5  10   1.6851   1.5333   4.7030   0.4717   0.9778   1.0600   0.00    0.0
2014/04/28 13:22:00.000  -12.843752374  131.132754110   132.2953   5  10   1.6861   1.5340   4.7012   0.4711   0.9960   1.0704   0.00    0.0
2014/04/28 13:22:30.000  -12.843752185  131.132752830   132.3872   5  10   1.6872   1.5347   4.6994   0.4707   1.0137   1.0808   0.00    0.0
2014/04/28 13:23:00.000  -12.843752754  131.132753665   132.3890   5  10   1.6882   1.5355   4.6977   0.4702   1.0309   1.0911   0.00    0.0
2014/04/28 13:23:30.000  -12.843753364  131.132754318   132.4119   5  10   1.6893   1.5363   4.6960   0.4699   1.0477   1.1014   0.00    0.0
2014/04/28 13:24:00.000  -12.843752909  131.132754387   132.5184   5  10   1.6905   1.5372   4.6943   0.4696   1.0641   1.1116   0.00    0.0
2014/04/28 13:24:30.000  -12.843752333  131.132754007   132.5728   5  10   1.6916   1.5381   4.6927   0.4693   1.0801   1.1218   0.00    0.0
2014/04/28 13:25:00.000  -12.843752239  131.132753354   132.6672   5  10   1.6928   1.5390   4.6911   0.4692   1.0958   1.1319   0.00    0.0
2014/04/28 13:25:30.000  -12.843751527  131.132753870   132.7922   5  10   1.6939   1.5400   4.6896   0.4690   1.1110   1.1419   0.00    0.0
2014/04/28 13:26:00.000  -12.843750589  131.132753591   132.7670   5  10   1.6951   1.5410   4.6881   0.4690   1.1259   1.1519   0.00    0.0
2014/04/28 13:26:30.000  -12.843751079  131.132753653   132.7846   5  10   1.6964   1.5421   4.6867   0.4689   1.1405   1.1619   0.00    0.0
2014/04/28 13:27:00.000  -12.843751606  131.132753999   132.7578   5  10   1.6976   1.5432   4.6853   0.4690   1.1548   1.1718   0.00    0.0
2014/04/28 13:27:30.000  -12.843751281  131.132753628   132.8787   5  10   1.6989   1.5443   4.6840   0.4690   1.1687   1.1816   0.00    0.0
2014/04/28 13:28:00.000  -12.843751398  131.132753280   132.6568   5  10   1.7002   1.5454   4.6827   0.4692   1.1824   1.1914   0.00    0.0
2014/04/28 13:28:30.000  -12.843752399  131.132752848   132.6583   5  10   1.7015   1.5466   4.6814   0.4694   1.1957   1.2012   0.00    0.0
2014/04/28 13:29:00.000  -12.843753363  131.132752367   132.7387   5  10   1.7028   1.5478   4.6802   0.4696   1.2088   1.2109   0.00    0.0
2014/04/28 13:29:30.000  -12.843749164  131.132753193   131.6496   5   9   1.9983   1.5517   5.0803   0.5617   1.1458  -0.7585   0.00    0.0
2014/04/28 13:30:00.000  -12.843748450  131.132753297   131.6446   5   9   1.9979   1.5528   5.0799   0.5590   1.1615  -0.7401   0.00    0.0
2014/04/28 13:30:30.000  -12.843747389  131.132753154   131.8857   5   9   1.9976   1.5539   5.0794   0.5565   1.1769  -0.7209   0.00    0.0
2014/04/28 13:31:00.000  -12.843747044  131.132752836   131.9557   5   9   1.9973   1.5551   5.0789   0.5540   1.1919  -0.7009   0.00    0.0
2014/04/28 13:31:30.000  -12.843745892  131.132753632   132.3933   5   9   1.9969   1.5563   5.0783   0.5516   1.2066  -0.6800   0.00    0.0
2014/04/28 13:32:00.000  -12.843744180  131.132754011   132.6766   5   9   1.9966   1.5575   5.0777   0.5493   1.2209  -0.6581   0.00    0.0
2014/04/28 13:32:30.000  -12.843744459  131.132753273   132.6254   5   9   1.9963   1.5587   5.0771   0.5470   1.2349  -0.6352   0.00    0.0
2014/04/28 13:33:00.000  -12.843744894  131.132752302   132.2102   5   9   1.9959   1.5600   5.0764   0.5448   1.2486  -0.6112   0.00    0.0
2014/04/28 13:33:30.000  -12.843744279  131.132751104   132.1620   5   9   1.9956   1.5613   5.0756   0.5427   1.2620  -0.5858   0.00    0.0
2014/04/28 13:34:00.000  -12.843745759  131.132750948   132.4037   5   9   1.9953   1.5627   5.0748   0.5407   1.2751  -0.5590   0.00    0.0
2014/04/28 13:34:30.000  -12.843741122  131.132754848   131.3603   5   8   2.8440   1.8015   6.5062   1.4500  -1.4079  -2.9217   0.00    0.0
2014/04/28 13:35:00.000  -12.843741515  131.132754687   131.5972   5   8   2.8376   1.7969   6.5027   1.4383  -1.3776  -2.9086   0.00    0.0
2014/04/28 13:35:30.000  -12.843742298  131.132754811   131.8251   5   8   2.8309   1.7924   6.4988   1.4266  -1.3466  -2.8951   0.00    0.0
2014/04/28 13:36:00.000  -12.843741852  131.132754381   131.8202   5   8   2.8241   1.7879   6.4946   1.4148  -1.3150  -2.8810   0.00    0.0
2014/04/28 13:36:30.000  -12.843740018  131.132754421   131.5882   5   8   2.8171   1.7836   6.4900   1.4030  -1.2827  -2.8664   0.00    0.0
2014/04/28 13:37:00.000  -12.843739158  131.132754846   131.3268   5   8   2.8098   1.7793   6.4851   1.3911  -1.2497  -2.8514   0.00    0.0
2014/04/28 13:37:30.000  -12.843738043  131.132755344   131.2394   5   8   2.8024   1.7752   6.4798   1.3791  -1.2160  -2.8359   0.00    0.0
2014/04/28 13:38:00.000  -12.843736922  131.132754276   131.0613   5   8   2.7949   1.7712   6.4742   1.3672  -1.1814  -2.8198   0.00    0.0
2014/04/28 13:38:30.000  -12.843737619  131.132754104   131.1932   5   8   2.7872   1.7673   6.4683   1.3552  -1.1460  -2.8034   0.00    0.0
2014/04/28 13:39:00.000  -12.843737343  131.132754140   131.5036   5   8   2.7793   1.7634   6.4621   1.3432  -1.1097  -2.7864   0.00    0.0
2014/04/28 13:39:30.000  -12.843736733  131.132754931   131.8125   5   8   2.7713   1.7597   6.4556   1.3311  -1.0724  -2.7691   0.00    0.0
2014/04/28 13:40:00.000  -12.843736554  131.132756115   132.0171   5   8   2.7632   1.7561   6.4488   1.3191  -1.0341  -2.7512   0.00    0.0
2014/04/28 13:40:30.000  -12.843736845  131.132757258   132.1456   5   8   2.7550   1.7526   6.4417   1.3071  -0.9946  -2.7330   0.00    0.0
2014/04/28 13:41:00.000  -12.843736383  131.132757545   132.3814   5   8   2.7466   1.7492   6.4344   1.2951  -0.9539  -2.7143   0.00    0.0
2014/04/28 13:41:30.000  -12.843735784  131.132757727   132.2107   5   8   2.7382   1.7460   6.4268   1.2832  -0.9117  -2.6952   0.00    0.0
2014/04/28 13:42:00.000  -12.843735384  131.132758169   131.7511   5   8   2.7296   1.7428   6.4190   1.2712  -0.8679  -2.6757   0.00    0.0
2014/04/28 13:42:30.000  -12.843735953  131.132759289   131.3778   5   8   2.7210   1.7397   6.4109   1.2593  -0.8223  -2.6558   0.00    0.0
2014/04/28 13:43:00.000  -12.843736092  131.132758554   131.0304   5   8   2.7123   1.7368   6.4027   1.2474  -0.7745  -2.6356   0.00    0.0
2014/04/28 13:43:30.000  -12.843735781  131.132759297   130.8536   5   8   2.7035   1.7339   6.3942   1.2356  -0.7242  -2.6149   0.00    0.0
2014/04/28 13:44:00.000  -12.843736400  131.132758998   131.1711   5   8   2.6946   1.7312   6.3855   1.2238  -0.6708  -2.5938   0.00    0.0
2014/04/28 13:44:30.000  -12.843737098  131.132758191   131.9373   5   8   2.6857   1.7285   6.3767   1.2121  -0.6135  -2.5724   0.00    0.0
2014/04/28 13:45:00.000  -12.843737721  131.132757006   132.1663   5   8   2.6767   1.7260   6.3677   1.2005  -0.5511  -2.5506   0.00    0.0
2014/04/28 13:45:30.000  -12.843737242  131.132757890   132.4459   5   8   2.6677   1.7235   6.3585   1.1889  -0.4817  -2.5285   0.00    0.0
2014/04/28 13:46:00.000  -12.843737142  131.132758781   132.4482   5   8   2.6587   1.7212   6.3491   1.1774  -0.4017  -2.5060   0.00    0.0
2014/04/28 13:46:30.000  -12.843737210  131.132758225   132.7811   5   8   2.6496   1.7189   6.3397   1.1660  -0.3029  -2.4832   0.00    0.0
2014/04/28 13:47:00.000  -12.843737429  131.132753779   134.9037   5   7   2.6490   1.9025   8.1763   1.0768  -2.0653  -2.2261   0.00    0.0
2014/04/28 13:47:30.000  -12.843737672  131.132755116   134.5330   5   7   2.6414   1.8959   8.1838   1.0593  -2.0396  -2.1785   0.00    0.0
2014/04/28 13:48:00.000  -12.843737427  131.132755089   135.0162   5   7   2.6339   1.8895   8.1917   1.0419  -2.0140  -2.1294   0.00    0.0
2014/04/28 13:48:30.000  -12.843738080  131.132754996   135.4259   5   7   2.6265   1.8832   8.2000   1.0245  -1.9885  -2.0788   0.00    0.0
2014/04/28 13:49:00.000  -12.843737743  131.132755878   135.0491   5   7   2.6193   1.8772   8.2089   1.0072  -1.9632  -2.0265   0.00    0.0
2014/04/28 13:49:30.000  -12.843736550  131.132756351   135.1236   5   7   2.6122   1.8713   8.2182   0.9900  -1.9379  -1.9723   0.00    0.0
2014/04/28 13:50:00.000  -12.843734850  131.132756965   135.5314   5   7   2.6053   1.8656   8.2280   0.9729  -1.9129  -1.9162   0.00    0.0
2014/04/28 13:50:30.000  -12.843734532  131.132757317   135.9364   5   7   2.5985   1.8601   8.2383   0.9559  -1.8879  -1.8580   0.00    0.0
2014/04/28 13:51:00.000  -12.843734699  131.132757816   136.1875   5   7   2.5919   1.8547   8.2492   0.9389  -1.8631  -1.7974   0.00    0.0
2014/04/28 13:51:30.000  -12.843734770  131.132758138   135.9432   5   7   2.5855   1.8495   8.2606   0.9221  -1.8385  -1.7341   0.00    0.0
2014/04/28 13:52:00.000  -12.843734574  131.132758231   135.8574   5   7   2.5792   1.8445   8.2726   0.9053  -1.8140  -1.6680   0.00    0.0
2014/04/28 13:52:30.000  -12.843735595  131.132758021   136.0367   5   7   2.5732   1.8396   8.2852   0.8886  -1.7896  -1.5986   0.00    0.0
2014/04/28 13:53:00.000  -12.843735763  131.132757827   135.7632   5   7   2.5674   1.8349   8.2984   0.8720  -1.7654  -1.5254   0.00    0.0
2014/04/28 13:53:30.000  -12.843736688  131.132757917   135.9997   5   7   2.5617   1.8303   8.3122   0.8555  -1.7414  -1.4479   0.00    0.0
2014/04/28 13:54:00.000  -12.843736784  131.132757341   136.1428   5   7   2.5563   1.8258   8.3267   0.8391  -1.7175  -1.3653   0.00    0.0
2014/04/28 13:54:30.000  -12.843737960  131.132755835   135.8672   5   7   2.5512   1.8215   8.3417   0.8227  -1.6938  -1.2767   0.00    0.0
2014/04/28 13:55:00.000  -12.843737530  131.132756619   135.1785   5   7   2.5462   1.8174   8.3575   0.8064  -1.6703  -1.1806   0.00    0.0
2014/04/28 13:55:30.000  -12.843735923  131.132756637   136.0122   5   7   2.5415   1.8134   8.3739   0.7902  -1.6469  -1.0750   0.00    0.0
2014/04/28 13:56:00.000  -12.843734830  131.132756681   136.9228   5   7   2.5371   1.8095   8.3910   0.7741  -1.6238  -0.9568   0.00    0.0
2014/04/28 13:56:30.000  -12.843733798  131.132756985   137.2655   5   7   2.5329   1.8057   8.4089   0.7580  -1.6008  -0.8205   0.00    0.0
2014/04/28 13:57:00.000  -12.843732954  131.132758385   137.5656   5   7   2.5290   1.8021   8.4274   0.7420  -1.5779  -0.6548   0.00    0.0
2014/04/28 13:57:30.000  -12.843732456  131.132758111   137.7525   5   7   2.5253   1.7986   8.4468   0.7261  -1.5553  -0.4267   0.00    0.0
2014/04/28 13:58:00.000  -12.843732968  131.132757253   137.8864   5   7   2.5220   1.7952   8.4668   0.7102  -1.5329   0.2586   0.00    0.0
2014/04/28 13:58:30.000  -12.843734602  131.132757315   137.1287   5   7   2.5189   1.7919   8.4877   0.6944  -1.5107   0.5641   0.00    0.0
2014/04/28 13:59:00.000  -12.843734852  131.132757541   136.9721   5   7   2.5161   1.7888   8.5093   0.6786  -1.4886   0.7564   0.00    0.0
2014/04/28 13:59:30.000  -12.843735550  131.132757318   137.2107   5   7   2.5137   1.7858   8.5318   0.6629  -1.4668   0.9102   0.00    0.0
2014/04/28 14:00:00.000  -12.843736221  131.132761949   135.1453   5   7   2.5115   1.7828   8.5550   0.6472  -1.4452   1.0428   0.00    0.0
2014/04/28 14:00:30.000  -12.843736157  131.132762499   135.4124   5   7   2.5097   1.7800   8.5791   0.6315  -1.4238   1.1615   0.00    0.0
2014/04/28 14:01:00.000  -12.843735375  131.132763371   135.7748   5   7   2.5082   1.7773   8.6041   0.6158  -1.4026   1.2703   0.00    0.0
2014/04/28 14:01:30.000  -12.843735017  131.132762267   135.6252   5   7   2.5070   1.7747   8.6300   0.6001  -1.3817   1.3716   0.00    0.0
2014/04/28 14:02:00.000  -12.843734701  131.132761873   135.5700   5   7   2.5062   1.7722   8.6567   0.5844  -1.3610   1.4669   0.00    0.0
2014/04/28 14:02:30.000  -12.843734727  131.132761488   135.6706   5   7   2.5057   1.7698   8.6843   0.5687  -1.3406   1.5574   0.00    0.0
2014/04/28 14:03:00.000  -12.843734611  131.132761419   135.4277   5   7   2.5056   1.7675   8.7129   0.5529  -1.3204   1.6439   0.00    0.0
2014/04/28 14:03:30.000  -12.843734584  131.132761159   135.5686   5   7   2.5058   1.7652   8.7424   0.5371  -1.3004   1.7271   0.00    0.0
2014/04/28 14:04:00.000  -12.843734007  131.132761441   135.6557   5   7   2.5064   1.7631   8.7729   0.5212  -1.2808   1.8075   0.00    0.0
2014/04/28 14:04:30.000  -12.843732353  131.132762138   136.1350   5   7   2.5074   1.7610   8.8044   0.5052  -1.2614   1.8854   0.00    0.0
2014/04/28 14:05:00.000  -12.843731217  131.132763299   136.6059   5   7   2.5088   1.7591   8.8369   0.4890  -1.2423   1.9611   0.00    0.0
2014/04/28 14:05:30.000  -12.843731025  131.132763651   136.6230   5   7   2.5105   1.7572   8.8703   0.4728  -1.2235   2.0351   0.00    0.0
2014/04/28 14:06:00.000  -12.843736761  131.132761868   135.1399   5   8   2.2737   1.7322   8.4125  -0.3098  -1.5108   1.1481   0.00    0.0
2014/04/28 14:06:30.000  -12.843738523  131.132761987   134.4679   5   8   2.2748   1.7302   8.4524  -0.3370  -1.4972   1.2721   0.00    0.0
2014/04/28 14:07:00.000  -12.843737255  131.132762502   135.4077   5   8   2.2765   1.7283   8.4934  -0.3616  -1.4839   1.3871   0.00    0.0
2014/04/28 14:07:30.000  -12.843737827  131.132762676   135.2925   5   8   2.2788   1.7265   8.5358  -0.3841  -1.4709   1.4952   0.00    0.0
2014/04/28 14:08:00.000  -12.843736696  131.132761844   134.8294   5   8   2.2816   1.7247   8.5796  -0.4050  -1.4582   1.5978   0.00    0.0
2014/04/28 14:08:30.000  -12.843735242  131.132761174   134.6785   5   8   2.2850   1.7230   8.6246  -0.4244  -1.4459   1.6962   0.00    0.0
2014/04/28 14:09:00.000  -12.843735981  131.132762197   135.2179   5   8   2.2889   1.7214   8.6711  -0.4426  -1.4338   1.7909   0.00    0.0
2014/04/28 14:09:30.000  -12.843735849  131.132763197   135.3589   5   8   2.2935   1.7199   8.7190  -0.4597  -1.4221   1.8827   0.00    0.0
2014/04/28 14:10:00.000  -12.843736410  131.132763091   135.1151   5   8   2.2987   1.7184   8.7684  -0.4759  -1.4107   1.9721   0.00    0.0
2014/04/28 14:10:30.000  -12.843736856  131.132762616   135.3095   5   8   2.3045   1.7170   8.8192  -0.4913  -1.3996   2.0594   0.00    0.0
2014/04/28 14:11:00.000  -12.843735311  131.132761563   135.3945   5   8   2.3110   1.7156   8.8715  -0.5060  -1.3888   2.1449   0.00    0.0
2014/04/28 14:11:30.000  -12.843735262  131.132760997   135.0455   5   8   2.3181   1.7144   8.9254  -0.5199  -1.3784   2.2290   0.00    0.0
2014/04/28 14:12:00.000  -12.843735811  131.132762394   135.1876   5   8   2.3259   1.7131   8.9809  -0.5333  -1.3683   2.3119   0.00    0.0
2014/04/28 14:12:30.000  -12.843736746  131.132764066   135.1792   5   8   2.3344   1.7120   9.0380  -0.5461  -1.3586   2.3938   0.00    0.0
2014/04/28 14:13:00.000  -12.843737373  131.132763948   134.9066   5   8   2.3436   1.7109   9.0967  -0.5584  -1.3492   2.4748   0.00    0.0
2014/04/28 14:13:30.000  -12.843736763  131.132763396   135.0786   5   8   2.3536   1.7098   9.1571  -0.5703  -1.3402   2.5551   0.00    0.0
2014/04/28 14:14:00.000  -12.843735848  131.132762152   134.1964   5   8   2.3642   1.7088   9.2191  -0.5817  -1.3315   2.6349   0.00    0.0
2014/04/28 14:14:30.000  -12.843735544  131.132760801   133.6552   5   8   2.3757   1.7079   9.2830  -0.5928  -1.3232   2.7142   0.00    0.0
2014/04/28 14:15:00.000  -12.843736270  131.132760997   134.1420   5   8   2.3879   1.7070   9.3486  -0.6035  -1.3153   2.7933   0.00    0.0
2014/04/28 14:15:30.000  -12.843736642  131.132761647   134.3036   5   8   2.4009   1.7062   9.4160  -0.6139  -1.3078   2.8721   0.00    0.0
2014/04/28 14:16:00.000  -12.843736909  131.132762010   134.3781   5   8   2.4147   1.7054   9.4852  -0.6240  -1.3006   2.9508   0.00    0.0
2014/04/28 14:16:30.000  -12.843732682  131.132761914   134.4976   5   9   1.9730   1.6999   9.5423  -0.4699  -1.2682   2.9062   0.00    0.0
2014/04/28 14:17:00.000  -12.843733087  131.132762691   134.9032   5   9   1.9801   1.6988   9.6040  -0.4718  -1.2509   2.9430   0.00    0.0
2014/04/28 14:17:30.000  -12.843733699  131.132762445   134.6382   5   9   1.9873   1.6977   9.6640  -0.4735  -1.2328   2.9793   0.00    0.0
2014/04/28 14:18:00.000  -12.843732803  131.132762729   135.1687   5   9   1.9946   1.6966   9.7221  -0.4748  -1.2138   3.0150   0.00    0.0
2014/04/28 14:18:30.000  -12.843731620  131.132762401   135.7167   5   9   2.0019   1.6956   9.7782  -0.4758  -1.1938   3.0500   0.00    0.0
2014/04/28 14:19:00.000  -12.843730895  131.132763603   135.4247   5   9   2.0093   1.6946   9.8321  -0.4765  -1.1729   3.0844   0.00    0.0
2014/04/28 14:19:30.000  -12.843730899  131.132763817   135.0646   5   9   2.0167   1.6937   9.8837  -0.4769  -1.1511   3.1180   0.00    0.0
2014/04/28 14:20:00.000  -12.843731064  131.132763557   134.8342   5   9   2.0240   1.6928   9.9328  -0.4770  -1.1281   3.1508   0.00    0.0
2014/04/28 14:20:30.000  -12.843730916  131.132764359   134.7981   5   9   2.0314   1.6920   9.9793  -0.4767  -1.1041   3.1827   0.00    0.0
2014/04/28 14:21:00.000  -12.843729271  131.132763320   135.4378   5   9   2.0388   1.6912  10.0230  -0.4762  -1.0789   3.2136   0.00    0.0
2014/04/28 14:21:30.000  -12.843727775  131.132761867   136.2273   5   9   2.0461   1.6904  10.0639  -0.4753  -1.0525   3.2436   0.00    0.0
2014/04/28 14:22:00.000  -12.843727794  131.132762128   136.1552   5   9   2.0533   1.6897  10.1017  -0.4741  -1.0248   3.2725   0.00    0.0
2014/04/28 14:22:30.000  -12.843729029  131.132762955   136.5359   5   9   2.0604   1.6890  10.1363  -0.4726  -0.9958   3.3002   0.00    0.0
2014/04/28 14:23:00.000  -12.843730063  131.132763226   136.2214   5   9   2.0675   1.6884  10.1676  -0.4708  -0.9654   3.3268   0.00    0.0
2014/04/28 14:23:30.000  -12.843729384  131.132764100   137.0237   5   9   2.0744   1.6878  10.1955  -0.4687  -0.9334   3.3522   0.00    0.0
2014/04/28 14:24:00.000  -12.843729287  131.132764298   136.3596   5   9   2.0811   1.6872  10.2200  -0.4663  -0.8998   3.3763   0.00    0.0
2014/04/28 14:24:30.000  -12.843728112  131.132763789   135.9843   5   9   2.0877   1.6867  10.2408  -0.4636  -0.8645   3.3990   0.00    0.0
2014/04/28 14:25:00.000  -12.843726502  131.132763342   136.1508   5   9   2.0941   1.6863  10.2579  -0.4607  -0.8273   3.4204   0.00    0.0
2014/04/28 14:25:30.000  -12.843726729  131.132763632   135.8344   5   9   2.1003   1.6859  10.2713  -0.4575  -0.7879   3.4404   0.00    0.0
2014/04/28 14:26:00.000  -12.843726524  131.132764381   136.5113   5   9   2.1063   1.6855  10.2808  -0.4540  -0.7461   3.4589   0.00    0.0
2014/04/28 14:26:30.000  -12.843726946  131.132765001   136.3236   5   9   2.1121   1.6852  10.2865  -0.4502  -0.7016   3.4760   0.00    0.0
2014/04/28 14:27:00.000  -12.843727321  131.132765903   136.2471   5   9   2.1176   1.6850  10.2883  -0.4462  -0.6540   3.4916   0.00    0.0
2014/04/28 14:27:30.000  -12.843726646  131.132764979   135.8638   5   9   2.1228   1.6847  10.2863  -0.4420  -0.6025   3.5056   0.00    0.0
2014/04/28 14:28:00.000  -12.843726246  131.132764679   136.6418   5   9   2.1278   1.6846  10.2803  -0.4376  -0.5462   3.5181   0.00    0.0
2014/04/28 14:28:30.000  -12.843725494  131.132764334   137.2431   5   9   2.1325   1.6844  10.2705  -0.4329  -0.4836   3.5291   0.00    0.0
2014/04/28 14:29:00.000  -12.843725285  131.132763468   137.2493   5   9   2.1369   1.6843  10.2568  -0.4281  -0.4120   3.5385   0.00    0.0
2014/04/28 14:29:30.000  -12.843725023  131.132763971   137.9822   5   9   2.1410   1.6843  10.2393  -0.4230  -0.3255   3.5463   0.00    0.0
2014/04/28 14:30:00.000  -12.843726233  131.132765357   137.6425   5   9   2.1448   1.6843  10.2180  -0.4178  -0.2067   3.5526   0.00    0.0
2014/04/28 14:30:30.000  -12.843727149  131.132765039   136.9059   5   9   2.1483   1.6844  10.1931  -0.4125   0.1410   3.5574   0.00    0.0
2014/04/28 14:31:00.000  -12.843727367  131.132764999   136.4054   5   9   2.1514   1.6845  10.1646  -0.4070   0.2858   3.5607   0.00    0.0
2014/04/28 14:31:30.000  -12.843727341  131.132764314   136.1669   5   9   2.1542   1.6846  10.1325  -0.4014   0.3777   3.5624   0.00    0.0
2014/04/28 14:32:00.000  -12.843726033  131.132764860   137.6037   5   9   2.1568   1.6848  10.0971  -0.3957   0.4502   3.5627   0.00    0.0
2014/04/28 14:32:30.000  -12.843725961  131.132764215   137.0909   5   9   2.1590   1.6850  10.0583  -0.3899   0.5115   3.5616   0.00    0.0
2014/04/28 14:33:00.000  -12.843725060  131.132764889   137.3543   5   9   2.1608   1.6853  10.0164  -0.3841   0.5652   3.5590   0.00    0.0
2014/04/28 14:33:30.000  -12.843724768  131.132765396   137.6545   5   9   2.1624   1.6856   9.9715  -0.3781   0.6132   3.5551   0.00    0.0
2014/04/28 14:34:00.000  -12.843724445  131.132764938   138.2875   5   9   2.1636   1.6859   9.9237  -0.3722   0.6567   3.5499   0.00    0.0
2014/04/28 14:34:30.000  -12.843724795  131.132764928   137.8048   5   9   2.1646   1.6863   9.8731  -0.3662   0.6966   3.5434   0.00    0.0
2014/04/28 14:35:00.000  -12.843723858  131.132765415   138.2074   5   9   2.1652   1.6867   9.8199  -0.3602   0.7333   3.5356   0.00    0.0
2014/04/28 14:35:30.000  -12.843723691  131.132765748   138.6836   5   9   2.1656   1.6872   9.7643  -0.3542   0.7674   3.5267   0.00    0.0
2014/04/28 14:36:00.000  -12.843723781  131.132766745   138.8510   5   9   2.1656   1.6877   9.7063  -0.3483   0.7991   3.5166   0.00    0.0
2014/04/28 14:36:30.000  -12.843723361  131.132767056   138.9909   5   9   2.1654   1.6882   9.6462  -0.3423   0.8286   3.5055   0.00    0.0
2014/04/28 14:37:00.000  -12.843723627  131.132766088   138.3743   5   9   2.1650   1.6888   9.5841  -0.3364   0.8563   3.4933   0.00    0.0
2014/04/28 14:37:30.000  -12.843723378  131.132765341   138.3463   5   9   2.1642   1.6894   9.5202  -0.3306   0.8822   3.4802   0.00    0.0
2014/04/28 14:38:00.000  -12.843723548  131.132765173   138.2764   5   9   2.1633   1.6900   9.4546  -0.3249   0.9065   3.4661   0.00    0.0
2014/04/28 14:38:30.000  -12.843724991  131.132764402   137.1343   5   9   2.1621   1.6907   9.3875  -0.3192   0.9293   3.4512   0.00    0.0
2014/04/28 14:39:00.000  -12.843725217  131.132765609   136.7120   5   9   2.1607   1.6914   9.3190  -0.3137   0.9508   3.4355   0.00    0.0
2014/04/28 14:39:30.000  -12.843724842  131.132766101   137.0965   5   9   2.1590   1.6921   9.2493  -0.3082   0.9710   3.4190   0.00    0.0
2014/04/28 14:40:00.000  -12.843724689  131.132765648   137.4874   5   9   2.1572   1.6928   9.1784  -0.3029   0.9901   3.4019   0.00    0.0
2014/04/28 14:40:30.000  -12.843724075  131.132765943   136.9685   5   9   2.1552   1.6936   9.1066  -0.2976   1.0080   3.3840   0.00    0.0
2014/04/28 14:41:00.000  -12.843722684  131.132766842   137.3842   5   9   2.1531   1.6944   9.0340  -0.2926   1.0249   3.3656   0.00    0.0
2014/04/28 14:41:30.000  -12.843722235  131.132766812   138.2849   5   9   2.1507   1.6953   8.9607  -0.2876   1.0409   3.3466   0.00    0.0
2014/04/28 14:42:00.000  -12.843722822  131.132766493   138.4260   5   9   2.1482   1.6961   8.8868  -0.2828   1.0559   3.3272   0.00    0.0
2014/04/28 14:42:30.000  -12.843723765  131.132767188   138.6170   5   9   2.1456   1.6970   8.8125  -0.2782   1.0701   3.3072   0.00    0.0
2014/04/28 14:43:00.000  -12.843723914  131.132766950   138.1359   5   9   2.1429   1.6979   8.7378  -0.2737   1.0835   3.2869   0.00    0.0
2014/04/28 14:43:30.000  -12.843724195  131.132768331   138.2917   5   9   2.1400   1.6989   8.6629  -0.2694   1.0962   3.2662   0.00    0.0
2014/04/28 14:44:00.000  -12.843725556  131.132769609   138.1507   5   9   2.1370   1.6998   8.5878  -0.2653   1.1081   3.2452   0.00    0.0
2014/04/28 14:44:30.000  -12.843725198  131.132769991   137.8308   5   9   2.1339   1.7008   8.5127  -0.2613   1.1194   3.2239   0.00    0.0
2014/04/28 14:45:00.000  -12.843724568  131.132769748   137.6869   5   9   2.1308   1.7018   8.4377  -0.2575   1.1300   3.2023   0.00    0.0
2014/04/28 14:45:30.000  -12.843724945  131.132769950   137.3193   5   9   2.1275   1.7029   8.3628  -0.2538   1.1401   3.1806   0.00    0.0
2014/04/28 14:46:00.000  -12.843725973  131.132769473   136.5368   5   9   2.1242   1.7039   8.2880  -0.2504   1.1496   3.1586   0.00    0.0
2014/04/28 14:46:30.000  -12.843726167  131.132769748   136.4749   5   9   2.1208   1.7050   8.2136  -0.2471   1.1586   3.1365   0.00    0.0
2014/04/28 14:47:00.000  -12.843725893  131.132768370   137.0464   5   9   2.1174   1.7061   8.1395  -0.2440   1.1671   3.1143   0.00    0.0
2014/04/28 14:47:30.000  -12.843725022  131.132767590   137.6509   5   9   2.1139   1.7072   8.0658  -0.2410   1.1751   3.0921   0.00    0.0
2014/04/28 14:48:00.000  -12.843724928  131.132766653   137.4358   5   9   2.1104   1.7084   7.9926  -0.2382   1.1827   3.0697   0.00    0.0
2014/04/28 14:48:30.000  -12.843726075  131.132765807   136.2140   5   9   2.1068   1.7095   7.9199  -0.2356   1.1899   3.0473   0.00    0.0
2014/04/28 14:49:00.000  -12.843726706  131.132765033   135.5805   5   9   2.1033   1.7107   7.8477  -0.2331   1.1967   3.0250   0.00    0.0
2014/04/28 14:49:30.000  -12.843726734  131.132764519   135.9842   5   9   2.0997   1.7119   7.7762  -0.2308   1.2031   3.0026   0.00    0.0
2014/04/28 14:50:00.000  -12.843727322  131.132766717   136.8234   5   9   2.0960   1.7132   7.7053  -0.2286   1.2093   2.9803   0.00    0.0
2014/04/28 14:50:30.000  -12.843727011  131.132768537   137.2866   5   9   2.0924   1.7144   7.6351  -0.2265   1.2151   2.9580   0.00    0.0
2014/04/28 14:51:00.000  -12.843727353  131.132769214   136.9728   5   9   2.0888   1.7157   7.5656  -0.2246   1.2206   2.9358   0.00    0.0
2014/04/28 14:51:30.000  -12.843726469  131.132769540   136.8344   5   9   2.0851   1.7170   7.4969  -0.2229   1.2258   2.9136   0.00    0.0
2014/04/28 14:52:00.000  -12.843724948  131.132768952   137.1649   5   9   2.0815   1.7183   7.4289  -0.2212   1.2308   2.8916   0.00    0.0
2014/04/28 14:52:30.000  -12.843725338  131.132769324   137.3083   5   9   2.0779   1.7196   7.3617  -0.2197   1.2355   2.8697   0.00    0.0
2014/04/28 14:53:00.000  -12.843725932  131.132768067   136.8055   5   9   2.0743   1.7210   7.2953  -0.2183   1.2400   2.8479   0.00    0.0
2014/04/28 14:53:30.000  -12.843726184  131.132768134   137.3805   5   9   2.0707   1.7223   7.2298  -0.2170   1.2443   2.8263   0.00    0.0
2014/04/28 14:54:00.000  -12.843726987  131.132767453   137.1793   5   9   2.0671   1.7237   7.1651  -0.2158   1.2484   2.8048   0.00    0.0
2014/04/28 14:54:30.000  -12.843727479  131.132768665   137.0513   5   9   2.0635   1.7252   7.1013  -0.2146   1.2523   2.7834   0.00    0.0
2014/04/28 14:55:00.000  -12.843726539  131.132768526   137.0050   5   9   2.0600   1.7266   7.0383  -0.2136   1.2561   2.7622   0.00    0.0
2014/04/28 14:55:30.000  -12.843725963  131.132768112   137.5434   5   9   2.0565   1.7280   6.9762  -0.2126   1.2597   2.7412   0.00    0.0
2014/04/28 14:56:00.000  -12.843725403  131.132767322   137.3652   5   9   2.0530   1.7295   6.9150  -0.2117   1.2631   2.7204   0.00    0.0
2014/04/28 14:56:30.000  -12.843727274  131.132766030   136.9813   5   9   2.0495   1.7310   6.8546  -0.2109   1.2664   2.6998   0.00    0.0
2014/04/28 14:57:00.000  -12.843728254  131.132764889   136.2145   5   9   2.0461   1.7325   6.7952  -0.2101   1.2696   2.6794   0.00    0.0
2014/04/28 14:57:30.000  -12.843728394  131.132765667   135.7509   5   9   2.0426   1.7341   6.7366  -0.2094   1.2727   2.6591   0.00    0.0
2014/04/28 14:58:00.000  -12.843728201  131.132767683   135.9437   5   9   2.0393   1.7356   6.6790  -0.2087   1.2757   2.6391   0.00    0.0
2014/04/28 14:58:30.000  -12.843727814  131.132768287   135.9172   5   9   2.0359   1.7372   6.6222  -0.2080   1.2786   2.6192   0.00    0.0
2014/04/28 14:59:00.000  -12.843728058  131.132768711   135.8494   5   9   2.0326   1.7388   6.5663  -0.2074   1.2813   2.5996   0.00    0.0
2014/04/28 14:59:30.000  -12.843728153  131.132768341   135.4675   5   9   2.0294   1.7404   6.5113  -0.2067   1.2840   2.5802   0.00    0.0
2014/04/28 15:00:00.000  -12.843730361  131.132766133   135.8410   5   9   2.0261   1.7421   6.4572  -0.2061   1.2867   2.5610   0.00    0.0
2014/04/28 15:00:30.000  -12.843730275  131.132765625   136.3972   5   9   2.0229   1.7437   6.4040  -0.2055   1.2892   2.5420   0.00    0.0
2014/04/28 15:01:00.000  -12.843729906  131.132765495   137.0135   5   9   2.0198   1.7454   6.3516  -0.2050   1.2917   2.5233   0.00    0.0
2014/04/28 15:01:30.000  -12.843729605  131.132765148   136.8408   5   9   2.0166   1.7471   6.3001  -0.2044   1.2942   2.5047   0.00    0.0
2014/04/28 15:02:00.000  -12.843728774  131.132763535   135.8693   5   9   2.0136   1.7489   6.2495  -0.2038   1.2966   2.4864   0.00    0.0
2014/04/28 15:02:30.000  -12.843729308  131.132761229   135.4199   5   9   2.0105   1.7506   6.1997  -0.2031   1.2989   2.4683   0.00    0.0
2014/04/28 15:03:00.000  -12.843730373  131.132763792   136.2622   5   9   2.0075   1.7524   6.1507  -0.2025   1.3013   2.4504   0.00    0.0
2014/04/28 15:03:30.000  -12.843730751  131.132765447   136.1984   5   9   2.0046   1.7542   6.1026  -0.2019   1.3035   2.4328   0.00    0.0
2014/04/28 15:04:00.000  -12.843729688  131.132764313   135.8021   5   9   2.0016   1.7560   6.0553  -0.2012   1.3058   2.4153   0.00    0.0
2014/04/28 15:04:30.000  -12.843729823  131.132764272   135.9680   5   9   1.9987   1.7578   6.0088  -0.2004   1.3080   2.3981   0.00    0.0
2014/04/28 15:05:00.000  -12.843730872  131.132763998   136.2175   5   9   1.9959   1.7597   5.9632  -0.1997   1.3102   2.3811   0.00    0.0
2014/04/28 15:05:30.000  -12.843732390  131.132764009   135.7673   5   9   1.9931   1.7615   5.9183  -0.1989   1.3124   2.3643   0.00    0.0
2014/04/28 15:06:00.000  -12.843732246  131.132764025   135.6561   5   9   1.9903   1.7634   5.8742  -0.1980   1.3146   2.3477   0.00    0.0
2014/04/28 15:06:30.000  -12.843731182  131.132763465   135.3261   5   8   2.1766   1.8127   6.3303   0.5713   0.8484   1.8024   0.00    0.0
2014/04/28 15:07:00.000  -12.843731269  131.132764194   135.6584   5   8   2.1733   1.8137   6.2902   0.5678   0.8580   1.7835   0.00    0.0
2014/04/28 15:07:30.000  -12.843730331  131.132764989   135.9039   5   8   2.1700   1.8148   6.2507   0.5643   0.8675   1.7649   0.00    0.0
2014/04/28 15:08:00.000  -12.843710007  131.132743082   122.2221   5   7   2.8341   2.6666  12.5865  -1.8036   4.7059  -4.1167   0.00    0.0
2014/04/28 15:08:30.000  -12.843709723  131.132743453   122.0259   5   7   2.8461   2.6744  12.5050  -1.8216   4.7039  -4.1378   0.00    0.0
2014/04/28 15:09:00.000  -12.843709227  131.132743228   121.8332   5   7   2.8580   2.6823  12.4254  -1.8394   4.7022  -4.1581   0.00    0.0
2014/04/28 15:09:30.000  -12.843710120  131.132741084   121.6447   5   7   2.8698   2.6904  12.3477  -1.8569   4.7010  -4.1777   0.00    0.0
2014/04/28 15:10:00.000  -12.843710885  131.132738535   121.2896   5   7   2.8815   2.6986  12.2717  -1.8743   4.7001  -4.1965   0.00    0.0
2014/04/28 15:10:30.000  -12.843711196  131.132738167   121.5246   5   7   2.8930   2.7069  12.1975  -1.8915   4.6995  -4.2146   0.00    0.0
2014/04/28 15:11:00.000  -12.843710031  131.132737564   120.8027   5   7   2.9044   2.7154  12.1249  -1.9084   4.6993  -4.2320   0.00    0.0
2014/04/28 15:11:30.000  -12.843709587  131.132738331   120.8589   5   7   2.9156   2.7239  12.0539  -1.9252   4.6994  -4.2486   0.00    0.0
2014/04/28 15:12:00.000  -12.843709362  131.132738987   121.4202   5   7   2.9266   2.7326  11.9844  -1.9417   4.6997  -4.2646   0.00    0.0
2014/04/28 15:12:30.000  -12.843708056  131.132739328   121.6842   5   7   2.9375   2.7414  11.9163  -1.9580   4.7004  -4.2800   0.00    0.0
2014/04/28 15:13:00.000  -12.843707734  131.132740851   121.7454   5   7   2.9482   2.7502  11.8497  -1.9740   4.7012  -4.2946   0.00    0.0
2014/04/28 15:13:30.000  -12.843708323  131.132741594   122.1999   5   7   2.9587   2.7592  11.7844  -1.9899   4.7023  -4.3086   0.00    0.0
2014/04/28 15:14:00.000  -12.843710604  131.132742377   122.9021   5   7   2.9690   2.7682  11.7204  -2.0055   4.7036  -4.3219   0.00    0.0
2014/04/28 15:14:30.000  -12.843711151  131.132742766   122.4011   5   7   2.9791   2.7773  11.6576  -2.0209   4.7051  -4.3346   0.00    0.0
2014/04/28 15:15:00.000  -12.843711964  131.132743633   122.3470   5   7   2.9890   2.7865  11.5960  -2.0360   4.7067  -4.3466   0.00    0.0
2014/04/28 15:15:30.000  -12.843711474  131.132743633   122.7121   5   7   2.9986   2.7957  11.5355  -2.0509   4.7085  -4.3580   0.00    0.0
2014/04/28 15:16:00.000  -12.843712155  131.132743158   123.1169   5   7   3.0080   2.8050  11.4762  -2.0656   4.7104  -4.3688   0.00    0.0
2014/04/28 15:16:30.000  -12.843711313  131.132742179   123.0301   5   7   3.0171   2.8143  11.4178  -2.0800   4.7124  -4.3789   0.00    0.0
2014/04/28 15:17:00.000  -12.843709302  131.132741730   122.2433   5   7   3.0260   2.8237  11.3604  -2.0941   4.7144  -4.3883   0.00    0.0
2014/04/28 15:17:30.000  -12.843707940  131.132741188   121.9902   5   7   3.0345   2.8331  11.3040  -2.1079   4.7166  -4.3971   0.00    0.0
2014/04/28 15:18:00.000  -12.843708783  131.132740891   122.3983   5   7   3.0428   2.8426  11.2484  -2.1215   4.7188  -4.4053   0.00    0.0
2014/04/28 15:18:30.000  -12.843710046  131.132740232   121.9664   5   7   3.0509   2.8520  11.1937  -2.1348   4.7210  -4.4128   0.00    0.0
2014/04/28 15:19:00.000  -12.843710690  131.132740283   122.2375   5   7   3.0586   2.8615  11.1397  -2.1478   4.7232  -4.4197   0.00    0.0
2014/04/28 15:19:30.000  -12.843709409  131.132739489   122.2071   5   7   3.0660   2.8709  11.0865  -2.1605   4.7255  -4.4259   0.00    0.0
2014/04/28 15:20:00.000  -12.843709577  131.132740040   122.3645   5   7   3.0730   2.8804  11.0340  -2.1729   4.7277  -4.4315   0.00    0.0
2014/04/28 15:20:30.000  -12.843708882  131.132740286   122.3073   5   7   3.0798   2.8898  10.9822  -2.1850   4.7298  -4.4364   0.00    0.0
2014/04/28 15:21:00.000  -12.843708281  131.132739646   122.2531   5   7   3.0862   2.8992  10.9311  -2.1967   4.7319  -4.4406   0.00    0.0
2014/04/28 15:21:30.000  -12.843709814  131.132739439   122.4738   5   7   3.0923   2.9086  10.8805  -2.2082   4.7340  -4.4442   0.00    0.0
2014/04/28 15:22:00.000  -12.843710048  131.132739857   122.7709   5   7   3.0980   2.9180  10.8304  -2.2193   4.7359  -4.4471   0.00    0.0
2014/04/28 15:22:30.000  -12.843708613  131.132738303   122.3181   5   7   3.1033   2.9273  10.7809  -2.2301   4.7378  -4.4494   0.00    0.0
2014/04/28 15:23:00.000  -12.843708568  131.132738329   122.5492   5   7   3.1083   2.9365  10.7319  -2.2405   4.7395  -4.4510   0.00    0.0
2014/04/28 15:23:30.000  -12.843709532  131.132738445   122.5498   5   7   3.1129   2.9457  10.6833  -2.2506   4.7411  -4.4519   0.00    0.0
2014/04/28 15:24:00.000  -12.843709747  131.132739624   122.7347   5   7   3.1172   2.9549  10.6352  -2.2603   4.7425  -4.4521   0.00    0.0
2014/04/28 15:24:30.000  -12.843709693  131.132741400   122.9840   5   7   3.1210   2.9639  10.5874  -2.2696   4.7438  -4.4517   0.00    0.0
2014/04/28 15:25:00.000  -12.843711327  131.132741789   123.3590   5   7   3.1245   2.9729  10.5400  -2.2786   4.7449  -4.4506   0.00    0.0
2014/04/28 15:25:30.000  -12.843711019  131.132741598   123.1709   5   7   3.1275   2.9818  10.4930  -2.2872   4.7459  -4.4488   0.00    0.0
2014/04/28 15:26:00.000  -12.843710114  131.132741828   123.2705   5   7   3.1302   2.9906  10.4462  -2.2954   4.7466  -4.4463   0.00    0.0
2014/04/28 15:26:30.000  -12.843710468  131.132741141   123.3120   5   7   3.1324   2.9993  10.3998  -2.3033   4.7472  -4.4432   0.00    0.0
2014/04/28 15:27:00.000  -12.843710606  131.132741911   123.0229   5   7   3.1342   3.0079  10.3536  -2.3107   4.7475  -4.4394   0.00    0.0
2014/04/28 15:27:30.000  -12.843709892  131.132742932   122.6438   5   7   3.1357   3.0164  10.3077  -2.3178   4.7476  -4.4349   0.00    0.0
2014/04/28 15:28:00.000  -12.843708036  131.132741097   121.7429   5   7   3.1367   3.0248  10.2620  -2.3244   4.7475  -4.4297   0.00    0.0
2014/04/28 15:28:30.000  -12.843708272  131.132741327   122.0951   5   7   3.1372   3.0331  10.2165  -2.3306   4.7471  -4.4238   0.00    0.0
2014/04/28 15:29:00.000  -12.843710799  131.132743006   123.4063   5   7   3.1374   3.0412  10.1712  -2.3364   4.7465  -4.4173   0.00    0.0
2014/04/28 15:29:30.000  -12.843713055  131.132744278   124.2998   5   7   3.1371   3.0492  10.1261  -2.3419   4.7456  -4.4101   0.00    0.0
2014/04/28 15:30:00.000  -12.843713828  131.132744123   124.1841   5   7   3.1365   3.0570  10.0812  -2.3468   4.7445  -4.4022   0.00    0.0
2014/04/28 15:30:30.000  -12.843715679  131.132744941   124.5477   5   7   3.1354   3.0647  10.0364  -2.3514   4.7431  -4.3936   0.00    0.0
2014/04/28 15:31:00.000  -12.843716321  131.132744123   124.5116   5   7   3.1338   3.0723   9.9917  -2.3556   4.7414  -4.3844   0.00    0.0
2014/04/28 15:31:30.000  -12.843715472  131.132742883   123.9094   5   7   3.1319   3.0797   9.9472  -2.3593   4.7395  -4.3745   0.00    0.0
2014/04/28 15:32:00.000  -12.843715336  131.132741967   124.1017   5   7   3.1295   3.0870   9.9028  -2.3626   4.7373  -4.3640   0.00    0.0
2014/04/28 15:32:30.000  -12.843715598  131.132741759   124.5053   5   7   3.1267   3.0941   9.8586  -2.3655   4.7348  -4.3528   0.00    0.0
2014/04/28 15:33:00.000  -12.843716801  131.132742195   124.9577   5   7   3.1235   3.1010   9.8144  -2.3679   4.7321  -4.3410   0.00    0.0
2014/04/28 15:33:30.000  -12.843718286  131.132743772   125.2220   5   7   3.1199   3.1078   9.7704  -2.3700   4.7290  -4.3286   0.00    0.0
2014/04/28 15:34:00.000  -12.843718006  131.132743455   124.8787   5   7   3.1158   3.1144   9.7264  -2.3716   4.7257  -4.3155   0.00    0.0
2014/04/28 15:34:30.000  -12.843717309  131.132744848   124.8141   5   7   3.1114   3.1208   9.6826  -2.3727   4.7221  -4.3019   0.00    0.0
2014/04/28 15:35:00.000  -12.843717641  131.132746195   125.3827   5   7   3.1066   3.1271   9.6389  -2.3735   4.7182  -4.2876   0.00    0.0
2014/04/28 15:35:30.000  -12.843716175  131.132746322   124.9162   5   7   3.1013   3.1332   9.5953  -2.3738   4.7141  -4.2727   0.00    0.0
2014/04/28 15:36:00.000  -12.843713720  131.132747010   124.3979   5   7   3.0957   3.1392   9.5518  -2.3737   4.7096  -4.2572   0.00    0.0
2014/04/28 15:36:30.000  -12.843715279  131.132747078   124.7358   5   7   3.0897   3.1449   9.5083  -2.3732   4.7049  -4.2412   0.00    0.0
2014/04/28 15:37:00.000  -12.843715918  131.132745693   124.4782   5   7   3.0833   3.1505   9.4651  -2.3723   4.7000  -4.2246   0.00    0.0
2014/04/28 15:37:30.000  -12.843715235  131.132743804   124.2024   5   7   3.0766   3.1559   9.4219  -2.3710   4.6948  -4.2074   0.00    0.0
2014/04/28 15:38:00.000  -12.843713908  131.132744110   124.2670   5   7   3.0695   3.1612   9.3788  -2.3693   4.6893  -4.1897   0.00    0.0
2014/04/28 15:38:30.000  -12.843716683  131.132746923   125.5252   5   7   3.0620   3.1663   9.3359  -2.3671   4.6835  -4.1715   0.00    0.0
2014/04/28 15:39:00.000  -12.843718109  131.132748376   126.2906   5   7   3.0542   3.1712   9.2931  -2.3646   4.6776  -4.1528   0.00    0.0
2014/04/28 15:39:30.000  -12.843714248  131.132742410   123.9011   5   8   2.8018   2.1799   5.7189  -1.6785   2.2422  -2.8978   0.00    0.0
2014/04/28 15:40:00.000  -12.843715076  131.132743034   123.7404   5   8   2.7960   2.1812   5.7103  -1.6775   2.2451  -2.8894   0.00    0.0
2014/04/28 15:40:30.000  -12.843717755  131.132744391   124.1245   5   8   2.7899   2.1825   5.7015  -1.6763   2.2478  -2.8806   0.00    0.0
2014/04/28 15:41:00.000  -12.843719675  131.132746380   124.4588   5   8   2.7836   2.1838   5.6926  -1.6748   2.2502  -2.8714   0.00    0.0
2014/04/28 15:41:30.000  -12.843718735  131.132747397   124.5389   5   8   2.7771   2.1849   5.6836  -1.6731   2.2524  -2.8619   0.00    0.0
2014/04/28 15:42:00.000  -12.843717225  131.132745616   124.2509   5   8   2.7704   2.1860   5.6745  -1.6712   2.2545  -2.8520   0.00    0.0
2014/04/28 15:42:30.000  -12.843717844  131.132744764   124.3953   5   8   2.7635   2.1870   5.6652  -1.6690   2.2563  -2.8418   0.00    0.0
2014/04/28 15:43:00.000  -12.843729781  131.132749503   126.8945   5   9   1.7605   1.9758   4.2572  -0.8858   1.2644  -0.3444   0.00    0.0
2014/04/28 15:43:30.000  -12.843729497  131.132748829   126.7548   5   9   1.7588   1.9772   4.2614  -0.8863   1.2753  -0.3575   0.00    0.0
2014/04/28 15:44:00.000  -12.843728091  131.132749790   126.6492   5   9   1.7570   1.9785   4.2658  -0.8866   1.2862  -0.3700   0.00    0.0
2014/04/28 15:44:30.000  -12.843728967  131.132748812   126.2699   5   9   1.7553   1.9799   4.2703  -0.8869   1.2971  -0.3818   0.00    0.0
2014/04/28 15:45:00.000  -12.843728743  131.132748259   126.3165   5   9   1.7535   1.9813   4.2749  -0.8872   1.3079  -0.3931   0.00    0.0
2014/04/28 15:45:30.000  -12.843729024  131.132747435   126.1474   5   9   1.7518   1.9827   4.2797  -0.8874   1.3187  -0.4039   0.00    0.0
2014/04/28 15:46:00.000  -12.843729033  131.132747961   126.1709   5   9   1.7500   1.9841   4.2847  -0.8875   1.3295  -0.4142   0.00    0.0
2014/04/28 15:46:30.000  -12.843729145  131.132746769   126.0977   5   9   1.7483   1.9855   4.2897  -0.8876   1.3403  -0.4241   0.00    0.0
2014/04/28 15:47:00.000  -12.843728157  131.132746994   126.2465   5   9   1.7465   1.9870   4.2950  -0.8876   1.3510  -0.4335   0.00    0.0
2014/04/28 15:47:30.000  -12.843727805  131.132747046   125.7584   5   9   1.7448   1.9884   4.3003  -0.8876   1.3618  -0.4426   0.00    0.0
2014/04/28 15:48:00.000  -12.843727382  131.132746971   125.8079   5   9   1.7430   1.9898   4.3058  -0.8875   1.3725  -0.4513   0.00    0.0
2014/04/28 15:48:30.000  -12.843727333  131.132746684   126.0415   5   9   1.7412   1.9913   4.3115  -0.8874   1.3832  -0.4597   0.00    0.0
2014/04/28 15:49:00.000  -12.843728939  131.132749146   126.5329   5   9   1.7395   1.9928   4.3172  -0.8872   1.3939  -0.4677   0.00    0.0
2014/04/28 15:49:30.000  -12.843729071  131.132750314   126.7851   5   9   1.7377   1.9942   4.3232  -0.8870   1.4046  -0.4754   0.00    0.0
2014/04/28 15:50:00.000  -12.843728544  131.132750401   126.5410   5   9   1.7359   1.9957   4.3292  -0.8867   1.4153  -0.4828   0.00    0.0
2014/04/28 15:50:30.000  -12.843728189  131.132748570   126.0286   5   9   1.7341   1.9972   4.3354  -0.8863   1.4259  -0.4899   0.00    0.0
2014/04/28 15:51:00.000  -12.843726871  131.132748910   125.7459   5   9   1.7323   1.9987   4.3418  -0.8859   1.4365  -0.4968   0.00    0.0
2014/04/28 15:51:30.000  -12.843727055  131.132749166   126.0252   5   9   1.7305   2.0002   4.3483  -0.8855   1.4471  -0.5034   0.00    0.0
2014/04/28 15:52:00.000  -12.843727386  131.132749025   125.9212   5   9   1.7287   2.0017   4.3549  -0.8849   1.4577  -0.5097   0.00    0.0
2014/04/28 15:52:30.000  -12.843728023  131.132749894   126.2733   5   9   1.7269   2.0033   4.3616  -0.8844   1.4683  -0.5157   0.00    0.0
2014/04/28 15:53:00.000  -12.843728533  131.132750190   126.6167   5   9   1.7251   2.0048   4.3685  -0.8837   1.4788  -0.5215   0.00    0.0
2014/04/28 15:53:30.000  -12.843728773  131.132749398   126.5188   5   9   1.7233   2.0064   4.3755  -0.8830   1.4894  -0.5271   0.00    0.0
2014/04/28 15:54:00.000  -12.843727439  131.132747684   126.0827   5   9   1.7215   2.0079   4.3827  -0.8823   1.4999  -0.5324   0.00    0.0
2014/04/28 15:54:30.000  -12.843726853  131.132747651   126.1473   5   9   1.7197   2.0095   4.3900  -0.8815   1.5104  -0.5375   0.00    0.0
2014/04/28 15:55:00.000  -12.843726431  131.132748517   126.3598   5   9   1.7179   2.0110   4.3974  -0.8806   1.5208  -0.5424   0.00    0.0
2014/04/28 15:55:30.000  -12.843725503  131.132748189   126.2594   5   9   1.7160   2.0126   4.4050  -0.8797   1.5313  -0.5471   0.00    0.0
2014/04/28 15:56:00.000  -12.843725063  131.132748219   126.2461   5   9   1.7142   2.0142   4.4127  -0.8787   1.5417  -0.5515   0.00    0.0
2014/04/28 15:56:30.000  -12.843725061  131.132748216   126.3838   5   9   1.7124   2.0158   4.4206  -0.8776   1.5522  -0.5557   0.00    0.0
2014/04/28 15:57:00.000  -12.843725532  131.132749384   126.3508   5   9   1.7106   2.0174   4.4285  -0.8765   1.5626  -0.5598   0.00    0.0
2014/04/28 15:57:30.000  -12.843726045  131.132749230   126.0119   5   9   1.7087   2.0190   4.4366  -0.8753   1.5729  -0.5636   0.00    0.0
2014/04/28 15:58:00.000  -12.843725182  131.132748225   125.6429   5   9   1.7069   2.0206   4.4449  -0.8741   1.5833  -0.5672   0.00    0.0
2014/04/28 15:58:30.000  -12.843724469  131.132746036   125.3427   5   9   1.7050   2.0222   4.4532  -0.8728   1.5937  -0.5706   0.00    0.0
2014/04/28 15:59:00.000  -12.843724367  131.132745925   125.4364   5   9   1.7032   2.0239   4.4617  -0.8714   1.6040  -0.5738   0.00    0.0
2014/04/28 15:59:30.000  -12.843723306  131.132745820   125.4373   5   9   1.7014   2.0255   4.4703  -0.8700   1.6143  -0.5768   0.00    0.0
2014/04/28 16:00:00.000  -12.843723965  131.132746112   125.3890   5   9   1.6995   2.0272   4.4791  -0.8685   1.6246  -0.5796   0.00    0.0
2014/04/28 16:00:30.000  -12.843723713  131.132746600   125.3677   5   9   1.6977   2.0288   4.4879  -0.8669   1.6348  -0.5822   0.00    0.0
2014/04/28 16:01:00.000  -12.843723732  131.132747566   125.6322   5   9   1.6958   2.0304   4.4969  -0.8653   1.6451  -0.5845   0.00    0.0
2014/04/28 16:01:30.000  -12.843723154  131.132746747   125.6472   5   9   1.6940   2.0321   4.5061  -0.8636   1.6553  -0.5867   0.00    0.0
2014/04/28 16:02:00.000  -12.843724086  131.132745998   125.5607   5   9   1.6922   2.0338   4.5153  -0.8619   1.6655  -0.5887   0.00    0.0
2014/04/28 16:02:30.000  -12.843725291  131.132745343   125.5507   5   9   1.6903   2.0354   4.5247  -0.8600   1.6756  -0.5905   0.00    0.0
2014/04/28 16:03:00.000  -12.843725419  131.132746322   125.5875   5   9   1.6885   2.0371   4.5342  -0.8581   1.6858  -0.5921   0.00    0.0
2014/04/28 16:03:30.000  -12.843724580  131.132747243   125.5562   5   9   1.6866   2.0388   4.5438  -0.8562   1.6959  -0.5935   0.00    0.0
2014/04/28 16:04:00.000  -12.843725085  131.132747728   125.6345   5   9   1.6848   2.0405   4.5535  -0.8541   1.7060  -0.5947   0.00    0.0
2014/04/28 16:04:30.000  -12.843724888  131.132748856   126.0461   5   9   1.6829   2.0421   4.5633  -0.8520   1.7161  -0.5957   0.00    0.0
2014/04/28 16:05:00.000  -12.843724997  131.132748881   126.0967   5   9   1.6811   2.0438   4.5733  -0.8499   1.7261  -0.5965   0.00    0.0
2014/04/28 16:05:30.000  -12.843725420  131.132748832   126.0693   5   9   1.6793   2.0455   4.5834  -0.8476   1.7361  -0.5971   0.00    0.0
2014/04/28 16:06:00.000  -12.843725756  131.132748145   125.7972   5   9   1.6774   2.0472   4.5936  -0.8453   1.7461  -0.5975   0.00    0.0
2014/04/28 16:06:30.000  -12.843726088  131.132748746   125.9132   5   9   1.6756   2.0489   4.6039  -0.8429   1.7561  -0.5977   0.00    0.0
2014/04/28 16:07:00.000  -12.843725676  131.132748231   125.6807   5   9   1.6738   2.0506   4.6143  -0.8404   1.7660  -0.5977   0.00    0.0
2014/04/28 16:07:30.000  -12.843724765  131.132749089   125.6627   5   8   1.7789   2.2025   5.0961  -0.4652   1.2011  -1.2874   0.00    0.0
2014/04/28 16:08:00.000  -12.843724580  131.132750252   125.7864   5   8   1.7779   2.2006   5.1147  -0.4650   1.2173  -1.2939   0.00    0.0
2014/04/28 16:08:30.000  -12.843724155  131.132749619   125.7154   5   8   1.7769   2.1988   5.1336  -0.4648   1.2333  -1.3005   0.00    0.0
2014/04/28 16:09:00.000  -12.843723919  131.132748443   125.3191   5   8   1.7759   2.1969   5.1528  -0.4645   1.2493  -1.3070   0.00    0.0
2014/04/28 16:09:30.000  -12.843723076  131.132748816   125.3892   5   8   1.7749   2.1951   5.1722  -0.4642   1.2651  -1.3134   0.00    0.0
2014/04/28 16:10:00.000  -12.843724318  131.132748806   125.7021   5   8   1.7739   2.1934   5.1920  -0.4639   1.2809  -1.3198   0.00    0.0
2014/04/28 16:10:30.000  -12.843724424  131.132748618   125.7207   5   8   1.7729   2.1916   5.2120  -0.4635   1.2967  -1.3261   0.00    0.0
2014/04/28 16:11:00.000  -12.843724020  131.132749523   125.8433   5   8   1.7719   2.1899   5.2322  -0.4631   1.3123  -1.3324   0.00    0.0
2014/04/28 16:11:30.000  -12.843723699  131.132749654   125.8553   5   8   1.7709   2.1883   5.2528  -0.4626   1.3279  -1.3387   0.00    0.0
2014/04/28 16:12:00.000  -12.843724396  131.132750337   125.9750   5   8   1.7699   2.1867   5.2736  -0.4620   1.3434  -1.3449   0.00    0.0
2014/04/28 16:12:30.000  -12.843724338  131.132748751   125.7530   5   8   1.7689   2.1851   5.2948  -0.4615   1.3589  -1.3510   0.00    0.0
2014/04/28 16:13:00.000  -12.843723403  131.132748394   125.8639   5   8   1.7678   2.1835   5.3162  -0.4609   1.3743  -1.3571   0.00    0.0
2014/04/28 16:13:30.000  -12.843723158  131.132748173   125.9993   5   8   1.7668   2.1820   5.3378  -0.4602   1.3897  -1.3632   0.00    0.0
2014/04/28 16:14:00.000  -12.843723329  131.132748156   126.1002   5   8   1.7658   2.1805   5.3598  -0.4595   1.4050  -1.3692   0.00    0.0
2014/04/28 16:14:30.000  -12.843723384  131.132748957   125.8302   5   8   1.7648   2.1791   5.3820  -0.4587   1.4203  -1.3751   0.00    0.0
2014/04/28 16:15:00.000  -12.843723333  131.132750564   125.7372   5   8   1.7638   2.1777   5.4045  -0.4579   1.4355  -1.3810   0.00    0.0
2014/04/28 16:15:30.000  -12.843723825  131.132750483   125.8473   5   8   1.7627   2.1763   5.4273  -0.4570   1.4507  -1.3868   0.00    0.0
2014/04/28 16:16:00.000  -12.843724468  131.132748995   125.6743   5   8   1.7617   2.1750   5.4504  -0.4560   1.4658  -1.3926   0.00    0.0
2014/04/28 16:16:30.000  -12.843724339  131.132747364   125.7305   5   8   1.7607   2.1737   5.4737  -0.4550   1.4810  -1.3983   0.00    0.0
2014/04/28 16:17:00.000  -12.843723626  131.132747492   126.2415   5   8   1.7597   2.1724   5.4973  -0.4540   1.4960  -1.4039   0.00    0.0
2014/04/28 16:17:30.000  -12.843723695  131.132747089   126.2501   5   8   1.7586   2.1712   5.5212  -0.4529   1.5111  -1.4095   0.00    0.0
2014/04/28 16:18:00.000  -12.843723887  131.132748038   126.6914   5   8   1.7576   2.1700   5.5453  -0.4517   1.5261  -1.4151   0.00    0.0
2014/04/28 16:18:30.000  -12.843723941  131.132748148   126.4476   5   8   1.7566   2.1688   5.5698  -0.4505   1.5410  -1.4205   0.00    0.0
2014/04/28 16:19:00.000  -12.843724381  131.132749873   126.2333   5   8   1.7555   2.1677   5.5945  -0.4492   1.5560  -1.4259   0.00    0.0
2014/04/28 16:19:30.000  -12.843724324  131.132749971   126.1649   5   8   1.7545   2.1666   5.6194  -0.4478   1.5709  -1.4312   0.00    0.0
2014/04/28 16:20:00.000  -12.843723406  131.132751101   125.9454   5   8   1.7534   2.1656   5.6446  -0.4463   1.5858  -1.4365   0.00    0.0
2014/04/28 16:20:30.000  -12.843722345  131.132751628   125.8595   5   8   1.7524   2.1645   5.6701  -0.4448   1.6006  -1.4416   0.00    0.0
2014/04/28 16:21:00.000  -12.843723186  131.132751068   125.9323   5   8   1.7513   2.1636   5.6958  -0.4433   1.6155  -1.4467   0.00    0.0
2014/04/28 16:21:30.000  -12.843723989  131.132750313   126.0219   5   8   1.7503   2.1626   5.7218  -0.4416   1.6303  -1.4517   0.00    0.0
2014/04/28 16:22:00.000  -12.843724138  131.132749326   126.1814   5   8   1.7492   2.1617   5.7481  -0.4399   1.6450  -1.4566   0.00    0.0
2014/04/28 16:22:30.000  -12.843723822  131.132748646   126.2705   5   8   1.7482   2.1608   5.7746  -0.4380   1.6598  -1.4615   0.00    0.0
2014/04/28 16:23:00.000  -12.843723253  131.132749326   126.3097   5   8   1.7471   2.1600   5.8013  -0.4361   1.6745  -1.4662   0.00    0.0
2014/04/28 16:23:30.000  -12.843723268  131.132749162   126.0771   5   8   1.7461   2.1592   5.8283  -0.4341   1.6892  -1.4709   0.00    0.0
2014/04/28 16:24:00.000  -12.843724222  131.132749383   126.3547   5   8   1.7450   2.1584   5.8555  -0.4321   1.7038  -1.4754   0.00    0.0
2014/04/28 16:24:30.000  -12.843724656  131.132749703   126.3650   5   8   1.7440   2.1576   5.8829  -0.4299   1.7185  -1.4799   0.00    0.0
2014/04/28 16:25:00.000  -12.843724494  131.132748994   126.4141   5   8   1.7429   2.1569   5.9106  -0.4276   1.7331  -1.4842   0.00    0.0
2014/04/28 16:25:30.000  -12.843723890  131.132748909   126.5270   5   8   1.7418   2.1563   5.9384  -0.4253   1.7476  -1.4885   0.00    0.0
2014/04/28 16:26:00.000  -12.843724289  131.132749102   126.7297   5   8   1.7407   2.1556   5.9665  -0.4228   1.7622  -1.4926   0.00    0.0
2014/04/28 16:26:30.000  -12.843723478  131.132748811   126.1443   5   8   1.7397   2.1550   5.9948  -0.4202   1.7767  -1.4966   0.00    0.0
2014/04/28 16:27:00.000  -12.843722454  131.132749887   125.9528   5   8   1.7386   2.1544   6.0233  -0.4175   1.7911  -1.5005   0.00    0.0
2014/04/28 16:27:30.000  -12.843721177  131.132750756   125.8245   5   8   1.7375   2.1539   6.0520  -0.4147   1.8056  -1.5043   0.00    0.0
2014/04/28 16:28:00.000  -12.843721373  131.132749014   125.9169   5   8   1.7364   2.1534   6.0808  -0.4117   1.8199  -1.5080   0.00    0.0
2014/04/28 16:28:30.000  -12.843722051  131.132749090   126.0753   5   8   1.7353   2.1529   6.1099  -0.4087   1.8343  -1.5115   0.00    0.0
2014/04/28 16:29:00.000  -12.843722451  131.132749756   126.1090   5   8   1.7342   2.1524   6.1391  -0.4055   1.8486  -1.5148   0.00    0.0
2014/04/28 16:29:30.000  -12.843723430  131.132747717   125.7579   5   8   1.7331   2.1520   6.1684  -0.4021   1.8628  -1.5181   0.00    0.0
2014/04/28 16:30:00.000  -12.843723751  131.132747280   125.6021   5   8   1.7321   2.1516   6.1979  -0.3987   1.8770  -1.5211   0.00    0.0
2014/04/28 16:30:30.000  -12.843724146  131.132747305   125.5151   5   8   1.7309   2.1512   6.2275  -0.3950   1.8912  -1.5241   0.00    0.0
2014/04/28 16:31:00.000  -12.843723814  131.132749000   125.8924   5   8   1.7298   2.1509   6.2573  -0.3912   1.9053  -1.5268   0.00    0.0
2014/04/28 16:31:30.000  -12.843723222  131.132750342   126.0999   5   8   1.7287   2.1506   6.2871  -0.3873   1.9193  -1.5294   0.00    0.0
2014/04/28 16:32:00.000  -12.843722906  131.132750661   126.2461   5   8   1.7276   2.1503   6.3171  -0.3831   1.9333  -1.5319   0.00    0.0
2014/04/28 16:32:30.000  -12.843722979  131.132750529   126.3891   5   8   1.7265   2.1500   6.3471  -0.3788   1.9472  -1.5341   0.00    0.0
2014/04/28 16:33:00.000  -12.843723161  131.132752365   126.5480   5   8   1.7254   2.1498   6.3772  -0.3742   1.9610  -1.5362   0.00    0.0
2014/04/28 16:33:30.000  -12.843722505  131.132753038   126.7060   5   8   1.7243   2.1496   6.4074  -0.3695   1.9747  -1.5380   0.00    0.0
2014/04/28 16:34:00.000  -12.843722381  131.132752207   126.7206   5   8   1.7231   2.1494   6.4376  -0.3646   1.9884  -1.5397   0.00    0.0
2014/04/28 16:34:30.000  -12.843723785  131.132752462   126.7618   5   8   1.7220   2.1493   6.4679  -0.3594   2.0020  -1.5412   0.00    0.0
2014/04/28 16:35:00.000  -12.843724849  131.132752259   126.3384   5   8   1.7209   2.1491   6.4981  -0.3539   2.0155  -1.5424   0.00    0.0
2014/04/28 16:35:30.000  -12.843725235  131.132752520   126.6414   5   8   1.7198   2.1490   6.5284  -0.3482   2.0289  -1.5435   0.00    0.0
2014/04/28 16:36:00.000  -12.843725172  131.132751279   126.8313   5   8   1.7186   2.1489   6.5586  -0.3423   2.0422  -1.5443   0.00    0.0
2014/04/28 16:36:30.000  -12.843725101  131.132750634   126.8652   5   8   1.7175   2.1488   6.5888  -0.3360   2.0554  -1.5448   0.00    0.0
2014/04/28 16:37:00.000  -12.843724611  131.132750899   126.8740   5   8   1.7163   2.1488   6.6189  -0.3294   2.0685  -1.5452   0.00    0.0
2014/04/28 16:37:30.000  -12.843724326  131.132750527   126.9211   5   8   1.7152   2.1487   6.6490  -0.3224   2.0815  -1.5452   0.00    0.0
2014/04/28 16:38:00.000  -12.843723366  131.132750194   127.0055   5   8   1.7140   2.1487   6.6789  -0.3151   2.0943  -1.5451   0.00    0.0
2014/04/28 16:38:30.000  -12.843723117  131.132750544   126.8018   5   8   1.7129   2.1487   6.7088  -0.3074   2.1070  -1.5446   0.00    0.0
2014/04/28 16:39:00.000  -12.843723223  131.132750359   126.9000   5   8   1.7117   2.1487   6.7385  -0.2992   2.1196  -1.5439   0.00    0.0
2014/04/28 16:39:30.000  -12.843723828  131.132750789   126.9678   5   8   1.7106   2.1487   6.7681  -0.2906   2.1320  -1.5429   0.00    0.0
2014/04/28 16:40:00.000  -12.843724196  131.132750583   126.9790   5   8   1.7094   2.1487   6.7974  -0.2814   2.1443  -1.5416   0.00    0.0
2014/04/28 16:40:30.000  -12.843724460  131.132752015   127.0515   5   8   1.7083   2.1487   6.8266  -0.2716   2.1564  -1.5400   0.00    0.0
2014/04/28 16:41:00.000  -12.843723245  131.132751530   127.0308   5   8   1.7071   2.1488   6.8556  -0.2612   2.1684  -1.5381   0.00    0.0
2014/04/28 16:41:30.000  -12.843723085  131.132753713   127.6223   5   8   1.7059   2.1488   6.8843  -0.2500   2.1802  -1.5358   0.00    0.0
2014/04/28 16:42:00.000  -12.843723406  131.132753304   127.9685   5   8   1.7048   2.1489   6.9127  -0.2380   2.1918  -1.5333   0.00    0.0
2014/04/28 16:42:30.000  -12.843723681  131.132752276   127.9210   5   8   1.7036   2.1489   6.9408  -0.2249   2.2032  -1.5304   0.00    0.0
2014/04/28 16:43:00.000  -12.843723912  131.132752430   127.3987   5   9   1.6849   1.9315   5.7017  -0.5234   1.0625  -1.8188   0.00    0.0
2014/04/28 16:43:30.000  -12.843723721  131.132752996   127.5003   5   9   1.6832   1.9300   5.7283  -0.5215   1.0752  -1.8207   0.00    0.0
2014/04/28 16:44:00.000  -12.843723893  131.132751840   127.4281   5   9   1.6815   1.9286   5.7549  -0.5194   1.0878  -1.8223   0.00    0.0
2014/04/28 16:44:30.000  -12.843725019  131.132752214   127.3141   5   9   1.6797   1.9272   5.7815  -0.5173   1.1003  -1.8237   0.00    0.0
2014/04/28 16:45:00.000  -12.843725215  131.132753661   126.9984   5   9   1.6779   1.9259   5.8080  -0.5152   1.1127  -1.8248   0.00    0.0
2014/04/28 16:45:30.000  -12.843724770  131.132753449   127.0320   5   9   1.6761   1.9245   5.8345  -0.5129   1.1251  -1.8258   0.00    0.0
2014/04/28 16:46:00.000  -12.843724913  131.132752084   127.3205   5   9   1.6742   1.9232   5.8610  -0.5106   1.1373  -1.8264   0.00    0.0
2014/04/28 16:46:30.000  -12.843725136  131.132751507   127.6331   5   9   1.6724   1.9219   5.8874  -0.5082   1.1494  -1.8269   0.00    0.0
2014/04/28 16:47:00.000  -12.843725144  131.132750080   127.6532   5   9   1.6705   1.9207   5.9137  -0.5057   1.1614  -1.8270   0.00    0.0
2014/04/28 16:47:30.000  -12.843725195  131.132751106   127.8932   5   9   1.6686   1.9194   5.9399  -0.5031   1.1733  -1.8269   0.00    0.0
2014/04/28 16:48:00.000  -12.843724070  131.132752128   127.9110   5   9   1.6666   1.9182   5.9659  -0.5005   1.1851  -1.8265   0.00    0.0
2014/04/28 16:48:30.000  -12.843723522  131.132751906   127.6735   5   9   1.6647   1.9170   5.9918  -0.4977   1.1968  -1.8259   0.00    0.0
2014/04/28 16:49:00.000  -12.843723825  131.132750313   127.1658   5   9   1.6627   1.9159   6.0176  -0.4948   1.2084  -1.8249   0.00    0.0
2014/04/28 16:49:30.000  -12.843723335  131.132750141   127.3128   5   9   1.6607   1.9147   6.0432  -0.4919   1.2199  -1.8236   0.00    0.0
2014/04/28 16:50:00.000  -12.843724331  131.132750467   127.7969   5   9   1.6586   1.9136   6.0686  -0.4888   1.2313  -1.8220   0.00    0.0
2014/04/28 16:50:30.000  -12.843724727  131.132751166   127.9639   5   9   1.6566   1.9125   6.0938  -0.4856   1.2426  -1.8201   0.00    0.0
2014/04/28 16:51:00.000  -12.843724793  131.132750950   127.7625   5   9   1.6545   1.9114   6.1187  -0.4823   1.2537  -1.8178   0.00    0.0
2014/04/28 16:51:30.000  -12.843724760  131.132752165   127.9405   5   9   1.6524   1.9103   6.1434  -0.4789   1.2648  -1.8152   0.00    0.0
2014/04/28 16:52:00.000  -12.843724622  131.132751351   128.1076   5   9   1.6503   1.9093   6.1678  -0.4753   1.2757  -1.8123   0.00    0.0
2014/04/28 16:52:30.000  -12.843724560  131.132750556   127.8553   5   9   1.6481   1.9083   6.1919  -0.4717   1.2865  -1.8090   0.00    0.0
2014/04/28 16:53:00.000  -12.843725167  131.132749678   127.8780   5   9   1.6459   1.9073   6.2157  -0.4679   1.2971  -1.8053   0.00    0.0
2014/04/28 16:53:30.000  -12.843725129  131.132750142   128.3644   5   9   1.6438   1.9063   6.2391  -0.4639   1.3077  -1.8012   0.00    0.0
2014/04/28 16:54:00.000  -12.843725388  131.132751619   128.4660   5   9   1.6415   1.9054   6.2622  -0.4598   1.3181  -1.7968   0.00    0.0
2014/04/28 16:54:30.000  -12.843725522  131.132753140   128.8843   5   9   1.6393   1.9044   6.2849  -0.4556   1.3283  -1.7919   0.00    0.0
2014/04/28 16:55:00.000  -12.843725208  131.132754979   129.1492   5   9   1.6371   1.9035   6.3072  -0.4512   1.3385  -1.7866   0.00    0.0
2014/04/28 16:55:30.000  -12.843725138  131.132755352   128.8872   5   9   1.6348   1.9026   6.3291  -0.4466   1.3485  -1.7809   0.00    0.0
2014/04/28 16:56:00.000  -12.843725192  131.132755177   128.8748   5   9   1.6325   1.9017   6.3505  -0.4419   1.3583  -1.7748   0.00    0.0
2014/04/28 16:56:30.000  -12.843724620  131.132755209   129.1184   5   9   1.6303   1.9009   6.3715  -0.4370   1.3680  -1.7683   0.00    0.0
2014/04/28 16:57:00.000  -12.843723877  131.132753588   128.6523   5   9   1.6280   1.9001   6.3920  -0.4319   1.3776  -1.7612   0.00    0.0
2014/04/28 16:57:30.000  -12.843723993  131.132752995   128.5195   5   9   1.6256   1.8992   6.4119  -0.4266   1.3870  -1.7538   0.00    0.0
2014/04/28 16:58:00.000  -12.843723917  131.132752909   128.4645   5   9   1.6233   1.8984   6.4313  -0.4212   1.3962  -1.7458   0.00    0.0
2014/04/28 16:58:30.000  -12.843723469  131.132752451   128.5773   5   9   1.6210   1.8977   6.4502  -0.4155   1.4053  -1.7374   0.00    0.0
2014/04/28 16:59:00.000  -12.843723244  131.132750938   127.9410   5   9   1.6187   1.8969   6.4685  -0.4096   1.4142  -1.7285   0.00    0.0
2014/04/28 16:59:30.000  -12.843722669  131.132750231   128.1596   5   9   1.6163   1.8962   6.4862  -0.4034   1.4230  -1.7190   0.00    0.0
2014/04/28 17:00:00.000  -12.843723598  131.132749969   128.1631   5   9   1.6140   1.8954   6.5033  -0.3970   1.4316  -1.7091   0.00    0.0
2014/04/28 17:00:30.000  -12.843723842  131.132751005   128.2938   5   9   1.6117   1.8947   6.5198  -0.3904   1.4400  -1.6987   0.00    0.0
2014/04/28 17:01:00.000  -12.843724484  131.132751036   128.4156   5   9   1.6093   1.8941   6.5356  -0.3835   1.4483  -1.6877   0.00    0.0
2014/04/28 17:01:30.000  -12.843724691  131.132752716   128.9533   5   9   1.6070   1.8934   6.5508  -0.3763   1.4563  -1.6762   0.00    0.0
2014/04/28 17:02:00.000  -12.843724472  131.132752279   128.9584   5   9   1.6047   1.8927   6.5652  -0.3688   1.4642  -1.6641   0.00    0.0
2014/04/28 17:02:30.000  -12.843723555  131.132752341   128.9798   5   9   1.6024   1.8921   6.5790  -0.3609   1.4719  -1.6515   0.00    0.0
2014/04/28 17:03:00.000  -12.843722689  131.132751142   128.6518   5   9   1.6001   1.8915   6.5921  -0.3528   1.4795  -1.6383   0.00    0.0
2014/04/28 17:03:30.000  -12.843723411  131.132751352   128.3867   5   9   1.5978   1.8909   6.6044  -0.3442   1.4868  -1.6245   0.00    0.0
2014/04/28 17:04:00.000  -12.843724553  131.132751318   128.4618   5   9   1.5956   1.8903   6.6159  -0.3353   1.4940  -1.6102   0.00    0.0
2014/04/28 17:04:30.000  -12.843724691  131.132751547   128.4490   5   9   1.5933   1.8897   6.6267  -0.3259   1.5009  -1.5952   0.00    0.0
2014/04/28 17:05:00.000  -12.843724964  131.132752401   128.3302   5   9   1.5911   1.8891   6.6368  -0.3161   1.5077  -1.5796   0.00    0.0
2014/04/28 17:05:30.000  -12.843725521  131.132753011   128.2421   5   9   1.5889   1.8886   6.6460  -0.3058   1.5143  -1.5635   0.00    0.0
2014/04/28 17:06:00.000  -12.843725704  131.132751539   128.3218   5   9   1.5868   1.8881   6.6545  -0.2949   1.5207  -1.5467   0.00    0.0
2014/04/28 17:06:30.000  -12.843725095  131.132750683   128.1207   5   9   1.5847   1.8876   6.6621  -0.2833   1.5269  -1.5292   0.00    0.0
2014/04/28 17:07:00.000  -12.843726084  131.132750879   128.1497   5   9   1.5826   1.8871   6.6689  -0.2711   1.5329  -1.5111   0.00    0.0
2014/04/28 17:07:30.000  -12.843726268  131.132750973   128.4419   5   9   1.5806   1.8866   6.6750  -0.2580   1.5387  -1.4924   0.00    0.0
2014/04/28 17:08:00.000  -12.843725751  131.132750516   128.7925   5   9   1.5786   1.8861   6.6801  -0.2441   1.5443  -1.4729   0.00    0.0
2014/04/28 17:08:30.000  -12.843724366  131.132750946   129.3842   5   9   1.5766   1.8857   6.6845  -0.2290   1.5497  -1.4528   0.00    0.0
2014/04/28 17:09:00.000  -12.843723022  131.132751832   129.2936   5   9   1.5747   1.8852   6.6880  -0.2126   1.5549  -1.4319   0.00    0.0
2014/04/28 17:09:30.000  -12.843721922  131.132754117   128.5391   5   9   1.5729   1.8848   6.6907  -0.1945   1.5599  -1.4104   0.00    0.0
2014/04/28 17:10:00.000  -12.843722143  131.132754137   128.3855   5   9   1.5711   1.8844   6.6926  -0.1743   1.5647  -1.3881   0.00    0.0
2014/04/28 17:10:30.000  -12.843721475  131.132754077   128.3903   5   9   1.5694   1.8840   6.6936  -0.1510   1.5694  -1.3650   0.00    0.0
2014/04/28 17:11:00.000  -12.843720685  131.132752962   128.3427   5   9   1.5677   1.8836   6.6938  -0.1229   1.5738  -1.3412   0.00    0.0
2014/04/28 17:11:30.000  -12.843720363  131.132751319   128.5356   5   9   1.5661   1.8832   6.6931  -0.0856   1.5780  -1.3166   0.00    0.0
2014/04/28 17:12:00.000  -12.843721075  131.132750451   128.6411   5   9   1.5646   1.8829   6.6916   0.0235   1.5821  -1.2911   0.00    0.0
2014/04/28 17:12:30.000  -12.843721641  131.132751339   128.5778   5   9   1.5631   1.8825   6.6893   0.0924   1.5860  -1.2647   0.00    0.0
2014/04/28 17:13:00.000  -12.843722235  131.132751975   128.5729   5   9   1.5617   1.8822   6.6862   0.1289   1.5897  -1.2375   0.00    0.0
2014/04/28 17:13:30.000  -12.843723141  131.132751719   127.9016   5   9   1.5604   1.8819   6.6823   0.1575   1.5932  -1.2094   0.00    0.0
2014/04/28 17:14:00.000  -12.843723546  131.132750998   128.2109   5   9   1.5592   1.8816   6.6776   0.1819   1.5965  -1.1802   0.00    0.0
2014/04/28 17:14:30.000  -12.843724059  131.132750888   128.2200   5   9   1.5581   1.8813   6.6720   0.2036   1.5996  -1.1501   0.00    0.0
2014/04/28 17:15:00.000  -12.843723236  131.132751377   128.5312   5   9   1.5570   1.8810   6.6657   0.2234   1.6026  -1.1188   0.00    0.0
2014/04/28 17:15:30.000  -12.843722759  131.132753131   128.5503   5   9   1.5561   1.8808   6.6586   0.2417   1.6054  -1.0865   0.00    0.0
2014/04/28 17:16:00.000  -12.843722325  131.132754606   128.2349   5   9   1.5552   1.8805   6.6508   0.2589   1.6080  -1.0528   0.00    0.0
2014/04/28 17:16:30.000  -12.843722146  131.132752989   128.1757   5   9   1.5544   1.8803   6.6422   0.2752   1.6105  -1.0179   0.00    0.0
2014/04/28 17:17:00.000  -12.843722137  131.132751386   128.3518   5   9   1.5537   1.8801   6.6329   0.2908   1.6128  -0.9815   0.00    0.0
2014/04/28 17:17:30.000  -12.843722145  131.132751776   128.4763   5   9   1.5531   1.8799   6.6229   0.3056   1.6150  -0.9435   0.00    0.0
2014/04/28 17:18:00.000  -12.843722258  131.132751255   128.8918   5   9   1.5526   1.8797   6.6122   0.3199   1.6170  -0.9038   0.00    0.0
2014/04/28 17:18:30.000  -12.843722887  131.132751046   129.0742   5   9   1.5523   1.8795   6.6008   0.3337   1.6189  -0.8622   0.00    0.0
2014/04/28 17:19:00.000  -12.843722922  131.132750718   129.0418   5   9   1.5520   1.8794   6.5887   0.3471   1.6206  -0.8183   0.00    0.0
2014/04/28 17:19:30.000  -12.843723083  131.132750854   128.8450   5   9   1.5518   1.8793   6.5760   0.3600   1.6222  -0.7718   0.00    0.0
2014/04/28 17:20:00.000  -12.843723045  131.132750932   128.4969   5   9   1.5517   1.8792   6.5626   0.3726   1.6236  -0.7223   0.00    0.0
2014/04/28 17:20:30.000  -12.843722616  131.132751727   128.2677   5   9   1.5518   1.8790   6.5487   0.3849   1.6250  -0.6692   0.00    0.0
2014/04/28 17:21:00.000  -12.843722146  131.132750244   128.3470   5   9   1.5519   1.8790   6.5342   0.3969   1.6262  -0.6114   0.00    0.0
2014/04/28 17:21:30.000  -12.843721271  131.132749374   128.5523   5   9   1.5521   1.8789   6.5191   0.4085   1.6273  -0.5477   0.00    0.0
2014/04/28 17:22:00.000  -12.843721510  131.132750271   128.6253   5   9   1.5525   1.8789   6.5034   0.4200   1.6283  -0.4756   0.00    0.0
2014/04/28 17:22:30.000  -12.843720801  131.132751263   128.8240   5   9   1.5530   1.8788   6.4872   0.4312   1.6292  -0.3906   0.00    0.0
2014/04/28 17:23:00.000  -12.843721225  131.132751890   129.2705   5   9   1.5536   1.8788   6.4705   0.4422   1.6299  -0.2813   0.00    0.0
2014/04/28 17:23:30.000  -12.843721612  131.132751159   129.5523   5   9   1.5543   1.8788   6.4534   0.4530   1.6306  -0.0770   0.00    0.0
2014/04/28 17:24:00.000  -12.843722048  131.132750729   129.2389   5   9   1.5551   1.8788   6.4357   0.4636   1.6312   0.2588   0.00    0.0
2014/04/28 17:24:30.000  -12.843722295  131.132750922   128.8964   5   9   1.5560   1.8789   6.4177   0.4740   1.6318   0.3737   0.00    0.0
2014/04/28 17:25:00.000  -12.843721497  131.132752137   128.7544   5   9   1.5570   1.8789   6.3992   0.4842   1.6322   0.4603   0.00    0.0
2014/04/28 17:25:30.000  -12.843720437  131.132752940   128.4457   5   9   1.5582   1.8790   6.3803   0.4943   1.6326   0.5327   0.00    0.0
2014/04/28 17:26:00.000  -12.843720876  131.132753091   128.0365   5   9   1.5594   1.8791   6.3610   0.5042   1.6329   0.5961   0.00    0.0
2014/04/28 17:26:30.000  -12.843721271  131.132752327   127.7193   5   9   1.5608   1.8792   6.3414   0.5140   1.6331   0.6530   0.00    0.0
2014/04/28 17:27:00.000  -12.843721854  131.132753551   128.1685   5   9   1.5623   1.8794   6.3214   0.5237   1.6333   0.7050   0.00    0.0
2014/04/28 17:27:30.000  -12.843722287  131.132753811   128.6497   5   9   1.5639   1.8796   6.3011   0.5332   1.6334   0.7532   0.00    0.0
2014/04/28 17:28:00.000  -12.843723087  131.132753258   128.7047   5   9   1.5656   1.8797   6.2805   0.5426   1.6335   0.7981   0.00    0.0
2014/04/28 17:28:30.000  -12.843722493  131.132752840   128.4923   5   9   1.5675   1.8799   6.2597   0.5519   1.6336   0.8403   0.00    0.0
2014/04/28 17:29:00.000  -12.843721598  131.132754067   128.5994   5   9   1.5694   1.8802   6.2386   0.5610   1.6336   0.8802   0.00    0.0
2014/04/28 17:29:30.000  -12.843720637  131.132753958   128.7259   5   9   1.5715   1.8804   6.2172   0.5701   1.6336   0.9180   0.00    0.0
2014/04/28 17:30:00.000  -12.843720456  131.132754176   128.9089   5   9   1.5736   1.8807   6.1957   0.5791   1.6335   0.9541   0.00    0.0
2014/04/28 17:30:30.000  -12.843720460  131.132754482   129.1180   5   9   1.5759   1.8810   6.1739   0.5879   1.6335   0.9886   0.00    0.0
2014/04/28 17:31:00.000  -12.843721052  131.132755475   129.0704   5   9   1.5783   1.8813   6.1520   0.5967   1.6334   1.0216   0.00    0.0
2014/04/28 17:31:30.000  -12.843721520  131.132755764   129.0647   5   9   1.5808   1.8817   6.1299   0.6054   1.6333   1.0533   0.00    0.0
2014/04/28 17:32:00.000  -12.843721089  131.132755354   128.9362   5   9   1.5834   1.8820   6.1077   0.6140   1.6332   1.0838   0.00    0.0
2014/04/28 17:32:30.000  -12.843720802  131.132754411   128.7037   5   9   1.5861   1.8824   6.0854   0.6226   1.6331   1.1132   0.00    0.0
2014/04/28 17:33:00.000  -12.843720659  131.132754762   128.8124   5   9   1.5889   1.8828   6.0630   0.6310   1.6330   1.1415   0.00    0.0
2014/04/28 17:33:30.000  -12.843720512  131.132754497   128.8259   5   9   1.5918   1.8833   6.0404   0.6394   1.6330   1.1689   0.00    0.0
2014/04/28 17:34:00.000  -12.843719722  131.132754819   128.6962   5   9   1.5949   1.8838   6.0178   0.6477   1.6329   1.1954   0.00    0.0
2014/04/28 17:34:30.000  -12.843718936  131.132754184   128.5005   5   9   1.5980   1.8842   5.9952   0.6560   1.6328   1.2211   0.00    0.0
2014/04/28 17:35:00.000  -12.843719360  131.132754565   128.3199   5   9   1.6012   1.8848   5.9725   0.6642   1.6328   1.2460   0.00    0.0
2014/04/28 17:35:30.000  -12.843720146  131.132754986   128.5342   5   9   1.6046   1.8853   5.9498   0.6723   1.6327   1.2702   0.00    0.0
2014/04/28 17:36:00.000  -12.843720716  131.132754518   128.5141   5   9   1.6080   1.8859   5.9271   0.6804   1.6327   1.2937   0.00    0.0
2014/04/28 17:36:30.000  -12.843721151  131.132755039   128.1618   5   9   1.6115   1.8865   5.9043   0.6884   1.6328   1.3166   0.00    0.0
2014/04/28 17:37:00.000  -12.843720023  131.132753796   128.2272   5   9   1.6152   1.8871   5.8817   0.6964   1.6328   1.3388   0.00    0.0
2014/04/28 17:37:30.000  -12.843718372  131.132753276   128.3214   5   9   1.6189   1.8878   5.8590   0.7043   1.6329   1.3604   0.00    0.0
2014/04/28 17:38:00.000  -12.843718184  131.132754209   128.4502   5   9   1.6228   1.8885   5.8364   0.7122   1.6331   1.3815   0.00    0.0
2014/04/28 17:38:30.000  -12.843719529  131.132754070   128.4861   5   9   1.6267   1.8892   5.8138   0.7200   1.6332   1.4021   0.00    0.0
2014/04/28 17:39:00.000  -12.843720401  131.132754362   128.4006   5   9   1.6307   1.8899   5.7913   0.7278   1.6335   1.4221   0.00    0.0
2014/04/28 17:39:30.000  -12.843720292  131.132754168   128.0279   5   9   1.6349   1.8907   5.7689   0.7356   1.6337   1.4417   0.00    0.0
2014/04/28 17:40:00.000  -12.843720400  131.132753565   127.7117   5   9   1.6391   1.8915   5.7466   0.7433   1.6341   1.4608   0.00    0.0
2014/04/28 17:40:30.000  -12.843719378  131.132753782   127.6293   5   9   1.6434   1.8923   5.7244   0.7510   1.6344   1.4795   0.00    0.0
2014/04/28 17:41:00.000  -12.843719581  131.132753428   127.7340   5   9   1.6478   1.8932   5.7023   0.7587   1.6349   1.4978   0.00    0.0
2014/04/28 17:41:30.000  -12.843719767  131.132753839   127.5486   5   9   1.6524   1.8941   5.6803   0.7664   1.6353   1.5157   0.00    0.0
2014/04/28 17:42:00.000  -12.843719941  131.132752834   127.5009   5   9   1.6570   1.8950   5.6584   0.7740   1.6359   1.5332   0.00    0.0
2014/04/28 17:42:30.000  -12.843720462  131.132752385   127.7650   5   9   1.6616   1.8959   5.6367   0.7816   1.6365   1.5504   0.00    0.0
2014/04/28 17:43:00.000  -12.843720157  131.132752066   127.8457   5   9   1.6664   1.8969   5.6151   0.7891   1.6371   1.5672   0.00    0.0
2014/04/28 17:43:30.000  -12.843720594  131.132750426   128.3418   5   8   1.8595   2.0052   6.1356   1.0780   1.0256   0.6730   0.00    0.0
2014/04/28 17:44:00.000  -12.843720297  131.132749714   127.9107   5   8   1.8627   2.0049   6.1082   1.0813   1.0375   0.7264   0.00    0.0
2014/04/28 17:44:30.000  -12.843721075  131.132750507   127.8701   5   8   1.8660   2.0048   6.0809   1.0847   1.0494   0.7758   0.00    0.0
2014/04/28 17:45:00.000  -12.843721652  131.132751197   127.7763   5   8   1.8694   2.0046   6.0538   1.0881   1.0611   0.8219   0.00    0.0
2014/04/28 17:45:30.000  -12.843721091  131.132750835   127.6634   5   8   1.8728   2.0045   6.0269   1.0915   1.0728   0.8652   0.00    0.0
2014/04/28 17:46:00.000  -12.843719852  131.132750399   127.6323   5   8   1.8764   2.0045   6.0001   1.0950   1.0844   0.9061   0.00    0.0
2014/04/28 17:46:30.000  -12.843719512  131.132748906   127.7386   5   8   1.8801   2.0045   5.9736   1.0986   1.0959   0.9450   0.00    0.0
2014/04/28 17:47:00.000  -12.843720544  131.132749137   127.5082   5   8   1.8839   2.0045   5.9473   1.1022   1.1073   0.9820   0.00    0.0
2014/04/28 17:47:30.000  -12.843719998  131.132750337   127.4502   5   8   1.8878   2.0046   5.9212   1.1058   1.1186   1.0174   0.00    0.0
2014/04/28 17:48:00.000  -12.843719743  131.132751232   127.7045   5   8   1.8918   2.0047   5.8953   1.1096   1.1299   1.0513   0.00    0.0
2014/04/28 17:48:30.000  -12.843718943  131.132752228   127.5978   5   8   1.8959   2.0049   5.8697   1.1133   1.1410   1.0840   0.00    0.0
2014/04/28 17:49:00.000  -12.843718354  131.132751858   127.4179   5   8   1.9000   2.0051   5.8443   1.1171   1.1521   1.1154   0.00    0.0
2014/04/28 17:49:30.000  -12.843718000  131.132752773   127.2259   5   8   1.9043   2.0053   5.8192   1.1210   1.1631   1.1458   0.00    0.0
2014/04/28 17:50:00.000  -12.843718164  131.132752404   127.3054   5   8   1.9087   2.0056   5.7943   1.1250   1.1741   1.1752   0.00    0.0
2014/04/28 17:50:30.000  -12.843718758  131.132751787   127.8487   5   8   1.9132   2.0060   5.7697   1.1289   1.1849   1.2036   0.00    0.0
2014/04/28 17:51:00.000  -12.843719298  131.132751914   127.8037   5   8   1.9177   2.0063   5.7453   1.1330   1.1958   1.2312   0.00    0.0
2014/04/28 17:51:30.000  -12.843719125  131.132751877   127.8572   5   8   1.9224   2.0068   5.7213   1.1371   1.2065   1.2580   0.00    0.0
2014/04/28 17:52:00.000  -12.843720402  131.132753061   127.9618   5   8   1.9272   2.0072   5.6975   1.1412   1.2172   1.2841   0.00    0.0
2014/04/28 17:52:30.000  -12.843720497  131.132752756   127.7751   5   8   1.9320   2.0077   5.6740   1.1454   1.2278   1.3095   0.00    0.0
2014/04/28 17:53:00.000  -12.843720618  131.132753002   128.1365   5   8   1.9370   2.0083   5.6508   1.1497   1.2384   1.3343   0.00    0.0
2014/04/28 17:53:30.000  -12.843720878  131.132753351   128.1230   5   8   1.9420   2.0089   5.6279   1.1540   1.2489   1.3584   0.00    0.0
2014/04/28 17:54:00.000  -12.843720693  131.132752547   127.7372   5   8   1.9471   2.0095   5.6054   1.1584   1.2594   1.3820   0.00    0.0
2014/04/28 17:54:30.000  -12.843721369  131.132752483   127.9543   5   8   1.9524   2.0102   5.5831   1.1628   1.2698   1.4051   0.00    0.0
2014/04/28 17:55:00.000  -12.843721619  131.132752005   128.0716   5   8   1.9577   2.0109   5.5611   1.1673   1.2802   1.4276   0.00    0.0
2014/04/28 17:55:30.000  -12.843721102  131.132752333   127.9445   5   8   1.9631   2.0117   5.5394   1.1718   1.2905   1.4497   0.00    0.0
2014/04/28 17:56:00.000  -12.843721095  131.132752493   127.8062   5   8   1.9686   2.0125   5.5181   1.1764   1.3008   1.4713   0.00    0.0
2014/04/28 17:56:30.000  -12.843721302  131.132752535   127.6043   5   8   1.9742   2.0134   5.4970   1.1810   1.3111   1.4925   0.00    0.0
2014/04/28 17:57:00.000  -12.843720033  131.132750960   127.2260   5   8   1.9799   2.0143   5.4763   1.1857   1.3213   1.5134   0.00    0.0
2014/04/28 17:57:30.000  -12.843717799  131.132749985   127.3986   5   8   1.9856   2.0152   5.4559   1.1905   1.3315   1.5338   0.00    0.0
2014/04/28 17:58:00.000  -12.843717015  131.132752121   127.5141   5   8   1.9915   2.0162   5.4358   1.1953   1.3416   1.5539   0.00    0.0
2014/04/28 17:58:30.000  -12.843717917  131.132752156   127.4017   5   8   1.9974   2.0173   5.4161   1.2002   1.3517   1.5736   0.00    0.0
2014/04/28 17:59:00.000  -12.843719022  131.132751113   127.5338   5   8   2.0034   2.0184   5.3966   1.2051   1.3618   1.5931   0.00    0.0
2014/04/28 17:59:30.000  -12.843720795  131.132750953   127.7312   5   8   2.0096   2.0195   5.3775   1.2101   1.3718   1.6122   0.00    0.0
2014/04/28 18:00:00.000  -12.843722702  131.132751003   127.9797   5   9   1.8087   1.9987   5.1564   1.1009   1.5308   1.9896   0.00    0.0
2014/04/28 18:00:30.000  -12.843723045  131.132751339   127.8170   5   9   1.8138   1.9994   5.1479   1.1046   1.5376   1.9977   0.00    0.0
2014/04/28 18:01:00.000  -12.843722820  131.132751560   127.9587   5   9   1.8190   2.0002   5.1395   1.1084   1.5445   2.0057   0.00    0.0
2014/04/28 18:01:30.000  -12.843722918  131.132750210   127.7077   5   9   1.8242   2.0010   5.1311   1.1123   1.5513   2.0137   0.00    0.0
2014/04/28 18:02:00.000  -12.843722458  131.132749757   127.5266   5   9   1.8294   2.0019   5.1228   1.1161   1.5581   2.0216   0.00    0.0
2014/04/28 18:02:30.000  -12.843720342  131.132749556   127.5197   5   9   1.8347   2.0028   5.1145   1.1200   1.5649   2.0295   0.00    0.0
2014/04/28 18:03:00.000  -12.843719562  131.132750222   127.5042   5   9   1.8400   2.0037   5.1062   1.1238   1.5717   2.0373   0.00    0.0
2014/04/28 18:03:30.000  -12.843719256  131.132750526   127.3397   5   9   1.8453   2.0046   5.0980   1.1278   1.5784   2.0451   0.00    0.0
2014/04/28 18:04:00.000  -12.843720123  131.132749349   127.1965   5   9   1.8507   2.0056   5.0898   1.1317   1.5851   2.0528   0.00    0.0
2014/04/28 18:04:30.000  -12.843720982  131.132749213   127.1198   5   9   1.8561   2.0067   5.0818   1.1356   1.5918   2.0605   0.00    0.0
2014/04/28 18:05:00.000  -12.843721281  131.132750772   126.9481   5   9   1.8615   2.0077   5.0737   1.1396   1.5985   2.0681   0.00    0.0
2014/04/28 18:05:30.000  -12.843720941  131.132750164   126.7715   5   9   1.8670   2.0088   5.0657   1.1436   1.6052   2.0757   0.00    0.0
2014/04/28 18:06:00.000  -12.843721733  131.132749210   126.4638   5   9   1.8725   2.0099   5.0578   1.1476   1.6119   2.0833   0.00    0.0
2014/04/28 18:06:30.000  -12.843723111  131.132748471   126.3039   5   9   1.8780   2.0111   5.0500   1.1517   1.6185   2.0908   0.00    0.0
2014/04/28 18:07:00.000  -12.843723246  131.132748137   126.5657   5   9   1.8835   2.0123   5.0422   1.1557   1.6252   2.0983   0.00    0.0
2014/04/28 18:07:30.000  -12.843722605  131.132748204   126.8299   5   9   1.8891   2.0135   5.0345   1.1598   1.6318   2.1057   0.00    0.0
2014/04/28 18:08:00.000  -12.843722543  131.132747920   126.9011   5   9   1.8947   2.0148   5.0268   1.1639   1.6384   2.1131   0.00    0.0
2014/04/28 18:08:30.000  -12.843722578  131.132748660   126.9120   5   9   1.9003   2.0161   5.0192   1.1680   1.6450   2.1204   0.00    0.0
2014/04/28 18:09:00.000  -12.843722605  131.132749015   126.9140   5   9   1.9060   2.0174   5.0117   1.1722   1.6515   2.1277   0.00    0.0
2014/04/28 18:09:30.000  -12.843721878  131.132749254   126.8519   5   9   1.9117   2.0188   5.0043   1.1763   1.6581   2.1350   0.00    0.0
2014/04/28 18:10:00.000  -12.843724506  131.132746557   125.9639   5  10   1.5936   1.7141   4.2254   0.5037  -0.2841   1.3211   0.00    0.0
2014/04/28 18:10:30.000  -12.843724026  131.132746979   126.0296   5  10   1.5967   1.7127   4.2220   0.5023  -0.2516   1.3303   0.00    0.0
2014/04/28 18:11:00.000  -12.843723861  131.132747802   126.4352   5  10   1.5998   1.7113   4.2186   0.5008  -0.2141   1.3394   0.00    0.0
2014/04/28 18:11:30.000  -12.843723772  131.132748144   126.6509   5  10   1.6030   1.7100   4.2153   0.4995  -0.1682   1.3486   0.00    0.0
2014/04/28 18:12:00.000  -12.843724346  131.132748670   126.6478   5  10   1.6062   1.7086   4.2120   0.4981  -0.1034   1.3576   0.00    0.0
2014/04/28 18:12:30.000  -12.843724296  131.132748325   126.6673   5  10   1.6094   1.7073   4.2087   0.4968   0.0833   1.3666   0.00    0.0
2014/04/28 18:13:00.000  -12.843723944  131.132747694   126.5268   5  10   1.6127   1.7061   4.2055   0.4956   0.1570   1.3756   0.00    0.0
2014/04/28 18:13:30.000  -12.843723606  131.132748631   126.4394   5  10   1.6160   1.7048   4.2023   0.4944   0.2059   1.3844   0.00    0.0
2014/04/28 18:14:00.000  -12.843723067  131.132749113   126.3012   5  10   1.6194   1.7036   4.1992   0.4933   0.2453   1.3933   0.00    0.0
2014/04/28 18:14:30.000  -12.843724424  131.132748452   126.3006   5  10   1.6227   1.7024   4.1962   0.4922   0.2793   1.4021   0.00    0.0
2014/04/28 18:15:00.000  -12.843724888  131.132748198   126.1507   5  10   1.6262   1.7013   4.1932   0.4911   0.3097   1.4108   0.00    0.0
2014/04/28 18:15:30.000  -12.843725224  131.132747058   126.0986   5  10   1.6296   1.7002   4.1902   0.4901   0.3374   1.4194   0.00    0.0
2014/04/28 18:16:00.000  -12.843725135  131.132747566   126.2716   5  10   1.6331   1.6991   4.1873   0.4892   0.3631   1.4281   0.00    0.0
2014/04/28 18:16:30.000  -12.843723808  131.132747961   126.3087   5  10   1.6366   1.6980   4.1844   0.4883   0.3871   1.4366   0.00    0.0
2014/04/28 18:17:00.000  -12.843722541  131.132748533   126.4393   5  10   1.6402   1.6969   4.1816   0.4874   0.4097   1.4451   0.00    0.0
2014/04/28 18:17:30.000  -12.843723058  131.132750086   126.2257   5  10   1.6438   1.6959   4.1788   0.4866   0.4313   1.4536   0.00    0.0
2014/04/28 18:18:00.000  -12.843723050  131.132749837   126.3592   5  10   1.6474   1.6949   4.1761   0.4859   0.4518   1.4620   0.00    0.0
2014/04/28 18:18:30.000  -12.843722371  131.132748117   126.4096   5  10   1.6510   1.6940   4.1735   0.4852   0.4715   1.4703   0.00    0.0
2014/04/28 18:19:00.000  -12.843723557  131.132748002   126.4334   5  10   1.6547   1.6931   4.1709   0.4845   0.4904   1.4786   0.00    0.0
2014/04/28 18:19:30.000  -12.843724940  131.132748948   126.3966   5  10   1.6585   1.6921   4.1683   0.4839   0.5087   1.4869   0.00    0.0
2014/04/28 18:20:00.000  -12.843724657  131.132748563   126.2586   5  10   1.6622   1.6913   4.1658   0.4834   0.5264   1.4950   0.00    0.0
2014/04/28 18:20:30.000  -12.843723254  131.132747458   126.0857   5  10   1.6660   1.6904   4.1634   0.4829   0.5435   1.5032   0.00    0.0
2014/04/28 18:21:00.000  -12.843723599  131.132745372   126.0266   5  10   1.6698   1.6896   4.1610   0.4824   0.5601   1.5113   0.00    0.0
2014/04/28 18:21:30.000  -12.843724596  131.132744088   125.7722   5  10   1.6737   1.6888   4.1586   0.4820   0.5763   1.5193   0.00    0.0
2014/04/28 18:22:00.000  -12.843722674  131.132745022   125.3826   5   9   1.9018   1.6937   4.2485   0.3283   0.6875   1.2426   0.00    0.0
2014/04/28 18:22:30.000  -12.843723570  131.132744909   125.6466   5   8   1.9120   1.8925   4.6123   0.4972  -1.0148   1.1266   0.00    0.0
2014/04/28 18:23:00.000  -12.843723423  131.132746475   125.6390   5   8   1.9151   1.8895   4.6091   0.4967  -0.9987   1.1363   0.00    0.0
2014/04/28 18:23:30.000  -12.843723860  131.132747284   125.4190   5   8   1.9182   1.8865   4.6060   0.4963  -0.9824   1.1460   0.00    0.0
2014/04/28 18:24:00.000  -12.843723697  131.132747159   125.4640   5   8   1.9213   1.8836   4.6030   0.4959  -0.9658   1.1555   0.00    0.0
2014/04/28 18:24:30.000  -12.843721726  131.132746409   125.3184   5   8   1.9244   1.8807   4.6000   0.4955  -0.9489   1.1650   0.00    0.0
2014/04/28 18:25:00.000  -12.843722773  131.132746734   125.3730   5   8   1.9276   1.8778   4.5971   0.4952  -0.9317   1.1744   0.00    0.0
2014/04/28 18:25:30.000  -12.843723595  131.132747438   125.7152   5   8   1.9308   1.8750   4.5942   0.4949  -0.9143   1.1837   0.00    0.0
2014/04/28 18:26:00.000  -12.843722018  131.132746968   125.6993   5   8   1.9339   1.8722   4.5914   0.4946  -0.8966   1.1930   0.00    0.0
2014/04/28 18:26:30.000  -12.843720936  131.132745683   125.6024   5   8   1.9372   1.8695   4.5887   0.4944  -0.8785   1.2021   0.00    0.0
2014/04/28 18:27:00.000  -12.843721528  131.132744869   125.6592   5   8   1.9404   1.8669   4.5860   0.4942  -0.8601   1.2112   0.00    0.0
2014/04/28 18:27:30.000  -12.843724245  131.132743950   125.2718   5   8   1.9436   1.8642   4.5834   0.4941  -0.8413   1.2202   0.00    0.0
2014/04/28 18:28:00.000  -12.843724387  131.132743968   125.1119   5   8   1.9469   1.8616   4.5808   0.4940  -0.8221   1.2291   0.00    0.0
2014/04/28 18:28:30.000  -12.843724365  131.132743470   125.2430   5   8   1.9502   1.8591   4.5784   0.4940  -0.8024   1.2380   0.00    0.0
2014/04/28 18:29:00.000  -12.843724587  131.132741903   124.9225   5   8   1.9534   1.8566   4.5759   0.4940  -0.7823   1.2468   0.00    0.0
2014/04/28 18:29:30.000  -12.843724532  131.132742431   124.7933   5   8   1.9568   1.8541   4.5736   0.4941  -0.7617   1.2554   0.00    0.0
2014/04/28 18:30:00.000  -12.843723197  131.132742878   124.8446   5   8   1.9601   1.8517   4.5713   0.4942  -0.7406   1.2640   0.00    0.0
2014/04/28 18:30:30.000  -12.843723445  131.132742876   125.1671   5   8   1.9634   1.8493   4.5690   0.4943  -0.7189   1.2726   0.00    0.0
2014/04/28 18:31:00.000  -12.843722873  131.132743223   125.3831   5   8   1.9667   1.8470   4.5669   0.4945  -0.6966   1.2810   0.00    0.0
2014/04/28 18:31:30.000  -12.843723927  131.132743937   125.6924   5   8   1.9701   1.8447   4.5647   0.4948  -0.6735   1.2893   0.00    0.0
2014/04/28 18:32:00.000  -12.843721609  131.132745591   125.6699   5   8   1.9735   1.8424   4.5627   0.4951  -0.6497   1.2976   0.00    0.0
2014/04/28 18:32:30.000  -12.843721311  131.132746116   125.6354   5   8   1.9768   1.8402   4.5607   0.4954  -0.6249   1.3058   0.00    0.0
2014/04/28 18:33:00.000  -12.843721462  131.132746095   125.6058   5   8   1.9802   1.8381   4.5588   0.4958  -0.5993   1.3139   0.00    0.0
2014/04/28 18:33:30.000  -12.843721348  131.132746364   125.3552   5   8   1.9836   1.8360   4.5570   0.4962  -0.5724   1.3219   0.00    0.0
2014/04/28 18:34:00.000  -12.843721832  131.132746751   125.1631   5   8   1.9870   1.8339   4.5552   0.4967  -0.5444   1.3298   0.00    0.0
2014/04/28 18:34:30.000  -12.843724146  131.132746589   124.9811   5   8   1.9904   1.8318   4.5535   0.4973  -0.5148   1.3377   0.00    0.0
2014/04/28 18:35:00.000  -12.843724499  131.132744786   125.0868   5   8   1.9938   1.8299   4.5518   0.4978  -0.4835   1.3454   0.00    0.0
2014/04/28 18:35:30.000  -12.843723193  131.132745016   125.1486   5   8   1.9973   1.8279   4.5502   0.4985  -0.4500   1.3531   0.00    0.0
2014/04/28 18:36:00.000  -12.843722264  131.132745111   125.1115   5   8   2.0007   1.8260   4.5487   0.4992  -0.4139   1.3606   0.00    0.0
2014/04/28 18:36:30.000  -12.843721139  131.132745593   125.1472   5   8   2.0041   1.8242   4.5472   0.4999  -0.3744   1.3681   0.00    0.0
2014/04/28 18:37:00.000  -12.843721830  131.132745863   125.3928   5   8   2.0076   1.8223   4.5458   0.5006  -0.3303   1.3755   0.00    0.0
2014/04/28 18:37:30.000  -12.843723441  131.132745517   125.4643   5   8   2.0110   1.8206   4.5445   0.5015  -0.2793   1.3828   0.00    0.0
2014/04/28 18:38:00.000  -12.843726153  131.132746084   125.1336   5   8   2.0144   1.8188   4.5432   0.5023  -0.2167   1.3900   0.00    0.0
2014/04/28 18:38:30.000  -12.843726273  131.132745849   124.9866   5   8   2.0179   1.8172   4.5420   0.5033  -0.1264   1.3972   0.00    0.0
2014/04/28 18:39:00.000  -12.843725812  131.132746200   124.8512   5   8   2.0213   1.8155   4.5408   0.5042   0.1224   1.4042   0.00    0.0
2014/04/28 18:39:30.000  -12.843723374  131.132746344   125.0183   5   8   2.0248   1.8139   4.5397   0.5052   0.2143   1.4111   0.00    0.0
2014/04/28 18:40:00.000  -12.843722217  131.132745739   124.6941   5   8   2.0282   1.8124   4.5387   0.5063   0.2771   1.4180   0.00    0.0
2014/04/28 18:40:30.000  -12.843723055  131.132746897   124.5297   5   8   2.0316   1.8109   4.5377   0.5074   0.3281   1.4247   0.00    0.0
2014/04/28 18:41:00.000  -12.843723095  131.132745904   124.5050   5   8   2.0351   1.8094   4.5368   0.5085   0.3721   1.4314   0.00    0.0
2014/04/28 18:41:30.000  -12.843722168  131.132745782   124.7155   5   8   2.0385   1.8080   4.5360   0.5097   0.4114   1.4379   0.00    0.0
2014/04/28 18:42:00.000  -12.843722210  131.132745246   124.9058   5   8   2.0420   1.8066   4.5352   0.5109   0.4473   1.4444   0.00    0.0
2014/04/28 18:42:30.000  -12.843722849  131.132744495   124.9268   5   8   2.0454   1.8053   4.5345   0.5122   0.4804   1.4507   0.00    0.0
2014/04/28 18:43:00.000  -12.843723859  131.132742976   124.7618   5   8   2.0488   1.8040   4.5338   0.5135   0.5114   1.4570   0.00    0.0
2014/04/28 18:43:30.000  -12.843724344  131.132742606   124.5845   5   8   2.0522   1.8027   4.5332   0.5149   0.5406   1.4631   0.00    0.0
2014/04/28 18:44:00.000  -12.843724294  131.132742111   124.5985   5   8   2.0556   1.8015   4.5326   0.5163   0.5682   1.4692   0.00    0.0
2014/04/28 18:44:30.000  -12.843722762  131.132742561   124.5161   5   8   2.0590   1.8003   4.5321   0.5178   0.5946   1.4751   0.00    0.0
2014/04/28 18:45:00.000  -12.843722135  131.132742835   124.5876   5   8   2.0624   1.7992   4.5317   0.5192   0.6198   1.4810   0.00    0.0
2014/04/28 18:45:30.000  -12.843722120  131.132742871   124.8729   5   8   2.0658   1.7981   4.5313   0.5208   0.6440   1.4867   0.00    0.0
2014/04/28 18:46:00.000  -12.843723165  131.132744921   125.2199   5   8   2.0691   1.7971   4.5310   0.5223   0.6673   1.4924   0.00    0.0
2014/04/28 18:46:30.000  -12.843723953  131.132746827   125.2487   5   8   2.0725   1.7961   4.5307   0.5239   0.6898   1.4979   0.00    0.0
2014/04/28 18:47:00.000  -12.843724883  131.132747868   124.9908   5   8   2.0758   1.7952   4.5304   0.5256   0.7116   1.5034   0.00    0.0
2014/04/28 18:47:30.000  -12.843726963  131.132747468   124.5754   5   8   2.0791   1.7943   4.5303   0.5272   0.7328   1.5087   0.00    0.0
2014/04/28 18:48:00.000  -12.843729525  131.132746911   124.1552   5   8   2.0824   1.7934   4.5301   0.5289   0.7533   1.5139   0.00    0.0
2014/04/28 18:48:30.000  -12.843729005  131.132746547   123.8276   5   8   2.0857   1.7926   4.5301   0.5307   0.7733   1.5190   0.00    0.0
2014/04/28 18:49:00.000  -12.843727981  131.132746359   123.8147   5   8   2.0890   1.7918   4.5300   0.5325   0.7927   1.5240   0.00    0.0
2014/04/28 18:49:30.000  -12.843726305  131.132744414   123.9670   5   8   2.0922   1.7911   4.5301   0.5343   0.8117   1.5289   0.00    0.0
2014/04/28 18:50:00.000  -12.843725547  131.132742753   124.0887   5   8   2.0955   1.7904   4.5301   0.5361   0.8303   1.5337   0.00    0.0
2014/04/28 18:50:30.000  -12.843726178  131.132742359   123.9749   5   8   2.0987   1.7897   4.5303   0.5380   0.8484   1.5384   0.00    0.0
2014/04/28 18:51:00.000  -12.843726072  131.132741990   123.9891   5   8   2.1019   1.7891   4.5304   0.5399   0.8662   1.5429   0.00    0.0
2014/04/28 18:51:30.000  -12.843727964  131.132741951   123.9668   5   8   2.1050   1.7886   4.5306   0.5418   0.8835   1.5474   0.00    0.0
2014/04/28 18:52:00.000  -12.843727993  131.132742930   124.1160   5   8   2.1082   1.7881   4.5309   0.5438   0.9006   1.5517   0.00    0.0
2014/04/28 18:52:30.000  -12.843726506  131.132743686   124.5707   5   8   2.1113   1.7876   4.5312   0.5458   0.9173   1.5559   0.00    0.0
2014/04/28 18:53:00.000  -12.843724745  131.132744500   124.7322   5   8   2.1144   1.7872   4.5315   0.5478   0.9338   1.5600   0.00    0.0
2014/04/28 18:53:30.000  -12.843724144  131.132744734   124.9180   5   8   2.1175   1.7868   4.5319   0.5498   0.9499   1.5640   0.00    0.0
2014/04/28 18:54:00.000  -12.843723270  131.132743754   124.7301   5   8   2.1205   1.7864   4.5324   0.5519   0.9658   1.5678   0.00    0.0
2014/04/28 18:54:30.000  -12.843723053  131.132744373   124.5737   5   8   2.1235   1.7861   4.5329   0.5540   0.9814   1.5716   0.00    0.0
2014/04/28 18:55:00.000  -12.843722940  131.132744264   124.4078   5   8   2.1265   1.7859   4.5334   0.5561   0.9967   1.5752   0.00    0.0
2014/04/28 18:55:30.000  -12.843722999  131.132743091   124.1209   5   8   2.1295   1.7856   4.5339   0.5582   1.0119   1.5787   0.00    0.0
2014/04/28 18:56:00.000  -12.843724334  131.132742462   124.0705   5   8   2.1324   1.7855   4.5345   0.5604   1.0268   1.5821   0.00    0.0
2014/04/28 18:56:30.000  -12.843724370  131.132742495   124.0611   5   8   2.1353   1.7853   4.5352   0.5626   1.0415   1.5854   0.00    0.0
2014/04/28 18:57:00.000  -12.843724515  131.132742612   124.2687   5   8   2.1382   1.7852   4.5358   0.5648   1.0560   1.5885   0.00    0.0
2014/04/28 18:57:30.000  -12.843724838  131.132741969   124.4395   5   8   2.1410   1.7852   4.5366   0.5670   1.0703   1.5915   0.00    0.0
2014/04/28 18:58:00.000  -12.843725329  131.132742563   124.4356   5   8   2.1438   1.7852   4.5373   0.5692   1.0844   1.5944   0.00    0.0
2014/04/28 18:58:30.000  -12.843724295  131.132742878   124.3458   5   8   2.1466   1.7852   4.5381   0.5714   1.0983   1.5972   0.00    0.0
2014/04/28 18:59:00.000  -12.843724776  131.132744307   124.4963   5   8   2.1493   1.7853   4.5389   0.5737   1.1120   1.5999   0.00    0.0
2014/04/28 18:59:30.000  -12.843726292  131.132745716   124.6561   5   8   2.1520   1.7854   4.5398   0.5760   1.1256   1.6024   0.00    0.0
2014/04/28 19:00:00.000  -12.843723327  131.132745298   124.4199   5   8   2.1566   1.8708   4.8587   0.5544   1.3911   1.5555   0.00    0.0
2014/04/28 19:00:30.000  -12.843724101  131.132745984   124.3243   5   8   2.1596   1.8712   4.8548   0.5559   1.4016   1.5539   0.00    0.0
2014/04/28 19:01:00.000  -12.843722719  131.132744804   124.0858   5   8   2.1626   1.8717   4.8510   0.5573   1.4121   1.5522   0.00    0.0
2014/04/28 19:01:30.000  -12.843720861  131.132743402   123.9479   5   8   2.1656   1.8721   4.8472   0.5588   1.4224   1.5505   0.00    0.0
2014/04/28 19:02:00.000  -12.843720356  131.132742639   124.1160   5   8   2.1686   1.8727   4.8436   0.5603   1.4326   1.5486   0.00    0.0
2014/04/28 19:02:30.000  -12.843721390  131.132743440   124.5948   5   8   2.1716   1.8732   4.8400   0.5618   1.4427   1.5468   0.00    0.0
2014/04/28 19:03:00.000  -12.843723217  131.132744295   124.7688   5   8   2.1747   1.8738   4.8364   0.5632   1.4528   1.5448   0.00    0.0
2014/04/28 19:03:30.000  -12.843723045  131.132743951   124.2689   5   8   2.1777   1.8744   4.8330   0.5647   1.4627   1.5428   0.00    0.0
2014/04/28 19:04:00.000  -12.843720697  131.132743302   124.2061   5   8   2.1807   1.8751   4.8296   0.5662   1.4726   1.5407   0.00    0.0
2014/04/28 19:04:30.000  -12.843720437  131.132743597   124.2776   5   8   2.1837   1.8758   4.8262   0.5678   1.4824   1.5386   0.00    0.0
2014/04/28 19:05:00.000  -12.843720195  131.132741886   123.6953   5   8   2.1868   1.8765   4.8230   0.5693   1.4921   1.5364   0.00    0.0
2014/04/28 19:05:30.000  -12.843722758  131.132741627   123.4839   5   8   2.1898   1.8773   4.8198   0.5708   1.5017   1.5342   0.00    0.0
2014/04/28 19:06:00.000  -12.843723418  131.132741373   123.2926   5   8   2.1928   1.8781   4.8167   0.5724   1.5112   1.5319   0.00    0.0
2014/04/28 19:06:30.000  -12.843723443  131.132741239   123.3453   5   8   2.1958   1.8790   4.8137   0.5739   1.5207   1.5295   0.00    0.0
2014/04/28 19:07:00.000  -12.843723725  131.132741657   123.7406   5   8   2.1989   1.8798   4.8107   0.5755   1.5301   1.5270   0.00    0.0
2014/04/28 19:07:30.000  -12.843723136  131.132742257   123.8078   5   8   2.2019   1.8807   4.8079   0.5770   1.5394   1.5246   0.00    0.0
2014/04/28 19:08:00.000  -12.843722573  131.132742900   124.0122   5   8   2.2049   1.8817   4.8051   0.5786   1.5486   1.5220   0.00    0.0
2014/04/28 19:08:30.000  -12.843722425  131.132742649   123.9119   5   8   2.2080   1.8827   4.8023   0.5802   1.5578   1.5194   0.00    0.0
2014/04/28 19:09:00.000  -12.843723526  131.132743312   124.4964   5   9   1.9841   1.8606   4.6246   0.7906   1.4415   1.8852   0.00    0.0
2014/04/28 19:09:30.000  -12.843721985  131.132743116   124.4156   5   9   1.9855   1.8617   4.6241   0.7925   1.4522   1.8823   0.00    0.0
2014/04/28 19:10:00.000  -12.843721196  131.132741727   124.2840   5   9   1.9869   1.8628   4.6237   0.7943   1.4628   1.8793   0.00    0.0
2014/04/28 19:10:30.000  -12.843722414  131.132741047   123.9475   5   9   1.9884   1.8640   4.6234   0.7961   1.4733   1.8762   0.00    0.0
2014/04/28 19:11:00.000  -12.843715985  131.132739824   125.1570   5   8   2.9027   1.8840   6.2304   0.2736   1.0447   3.5121   0.00    0.0
2014/04/28 19:11:30.000  -12.843714635  131.132739414   125.2289   5   8   2.9069   1.8847   6.2369   0.2912   1.0659   3.5161   0.00    0.0
2014/04/28 19:12:00.000  -12.843714698  131.132740695   125.6950   5   8   2.9110   1.8854   6.2432   0.3081   1.0869   3.5197   0.00    0.0
2014/04/28 19:12:30.000  -12.843714897  131.132741375   125.8736   5   8   2.9149   1.8862   6.2491   0.3242   1.1076   3.5230   0.00    0.0
2014/04/28 19:13:00.000  -12.843715685  131.132742083   125.4552   5   8   2.9186   1.8870   6.2548   0.3398   1.1281   3.5259   0.00    0.0
2014/04/28 19:13:30.000  -12.843715896  131.132743025   125.4781   5   8   2.9220   1.8879   6.2602   0.3548   1.1483   3.5285   0.00    0.0
2014/04/28 19:14:00.000  -12.843716436  131.132743063   125.4973   5   8   2.9253   1.8888   6.2653   0.3693   1.1683   3.5308   0.00    0.0
2014/04/28 19:14:30.000  -12.843716317  131.132742518   125.4655   5   8   2.9284   1.8897   6.2701   0.3834   1.1880   3.5327   0.00    0.0
2014/04/28 19:15:00.000  -12.843716447  131.132741917   125.2616   5   8   2.9313   1.8907   6.2746   0.3971   1.2076   3.5342   0.00    0.0
2014/04/28 19:15:30.000  -12.843715723  131.132742347   125.2459   5   8   2.9340   1.8918   6.2788   0.4105   1.2269   3.5354   0.00    0.0
2014/04/28 19:16:00.000  -12.843717778  131.132741525   124.8664   5   8   2.9365   1.8929   6.2827   0.4235   1.2461   3.5362   0.00    0.0
2014/04/28 19:16:30.000  -12.843718854  131.132741517   124.7334   5   8   2.9388   1.8940   6.2863   0.4362   1.2650   3.5367   0.00    0.0
2014/04/28 19:17:00.000  -12.843718791  131.132741828   124.6786   5   8   2.9408   1.8952   6.2896   0.4486   1.2837   3.5368   0.00    0.0
2014/04/28 19:17:30.000  -12.843718640  131.132742048   125.0092   5   8   2.9427   1.8964   6.2926   0.4608   1.3023   3.5366   0.00    0.0
2014/04/28 19:18:00.000  -12.843718228  131.132744731   125.8420   5   7   3.0037   2.2259   6.8059  -0.6838   2.1800   3.3116   0.00    0.0
2014/04/28 19:18:30.000  -12.843716596  131.132744063   126.0043   5   7   3.0041   2.2294   6.8256  -0.6728   2.2058   3.3088   0.00    0.0
2014/04/28 19:19:00.000  -12.843716894  131.132743757   126.0472   5   7   3.0043   2.2330   6.8453  -0.6617   2.2316   3.3055   0.00    0.0
2014/04/28 19:19:30.000  -12.843716808  131.132744531   126.2776   5   7   3.0043   2.2368   6.8650  -0.6505   2.2573   3.3019   0.00    0.0
2014/04/28 19:20:00.000  -12.843716759  131.132744653   125.9763   5   7   3.0042   2.2407   6.8849  -0.6392   2.2831   3.2980   0.00    0.0
2014/04/28 19:20:30.000  -12.843717461  131.132743457   125.5639   5   7   3.0039   2.2447   6.9049  -0.6279   2.3088   3.2936   0.00    0.0
2014/04/28 19:21:00.000  -12.843716384  131.132742138   125.1745   5   7   3.0034   2.2488   6.9250  -0.6164   2.3345   3.2889   0.00    0.0
2014/04/28 19:21:30.000  -12.843716707  131.132742137   125.0871   5   7   3.0028   2.2531   6.9452  -0.6049   2.3603   3.2839   0.00    0.0
2014/04/28 19:22:00.000  -12.843717820  131.132742418   125.2026   5   7   3.0020   2.2575   6.9655  -0.5933   2.3860   3.2784   0.00    0.0
2014/04/28 19:22:30.000  -12.843719318  131.132743713   125.4773   5   7   3.0011   2.2620   6.9859  -0.5816   2.4118   3.2726   0.00    0.0
2014/04/28 19:23:00.000  -12.843720884  131.132743964   125.2995   5   7   3.0000   2.2667   7.0064  -0.5699   2.4375   3.2663   0.00    0.0
2014/04/28 19:23:30.000  -12.843720355  131.132744531   125.7808   5   7   2.9987   2.2715   7.0271  -0.5582   2.4632   3.2597   0.00    0.0
2014/04/28 19:24:00.000  -12.843719244  131.132744753   126.0856   5   7   2.9974   2.2764   7.0479  -0.5464   2.4890   3.2527   0.00    0.0
2014/04/28 19:24:30.000  -12.843718702  131.132745353   126.6164   5   7   2.9958   2.2814   7.0688  -0.5346   2.5147   3.2453   0.00    0.0
2014/04/28 19:25:00.000  -12.843718450  131.132745034   126.9198   5   7   2.9942   2.2866   7.0899  -0.5228   2.5405   3.2375   0.00    0.0
2014/04/28 19:25:30.000  -12.843718628  131.132744703   126.8266   5   7   2.9924   2.2919   7.1111  -0.5110   2.5663   3.2294   0.00    0.0
2014/04/28 19:26:00.000  -12.843717833  131.132742245   126.2716   5   7   2.9904   2.2973   7.1325  -0.4992   2.5921   3.2208   0.00    0.0
2014/04/28 19:26:30.000  -12.843718784  131.132741108   125.8570   5   7   2.9883   2.3029   7.1540  -0.4874   2.6179   3.2118   0.00    0.0
2014/04/28 19:27:00.000  -12.843718639  131.132740966   125.8121   5   7   2.9861   2.3085   7.1758  -0.4757   2.6437   3.2024   0.00    0.0
2014/04/28 19:27:30.000  -12.843716399  131.132742443   125.8873   5   7   2.9838   2.3144   7.1977  -0.4641   2.6695   3.1926   0.00    0.0
2014/04/28 19:28:00.000  -12.843715373  131.132743275   126.0580   5   7   2.9814   2.3203   7.2197  -0.4525   2.6954   3.1824   0.00    0.0
2014/04/28 19:28:30.000  -12.843715884  131.132743869   126.2535   5   7   2.9788   2.3264   7.2420  -0.4411   2.7212   3.1718   0.00    0.0
2014/04/28 19:29:00.000  -12.843716372  131.132744152   126.3524   5   7   2.9761   2.3326   7.2644  -0.4297   2.7471   3.1607   0.00    0.0
2014/04/28 19:29:30.000  -12.843717985  131.132744571   126.3006   5   7   2.9734   2.3389   7.2871  -0.4186   2.7730   3.1492   0.00    0.0
2014/04/28 19:30:00.000  -12.843718204  131.132745045   126.3075   5   7   2.9705   2.3454   7.3099  -0.4076   2.7989   3.1373   0.00    0.0
2014/04/28 19:30:30.000  -12.843718069  131.132744719   126.5169   5   7   2.9675   2.3519   7.3330  -0.3969   2.8248   3.1250   0.00    0.0
2014/04/28 19:31:00.000  -12.843718052  131.132744010   126.1664   5   7   2.9644   2.3587   7.3562  -0.3864   2.8508   3.1122   0.00    0.0
2014/04/28 19:31:30.000  -12.843716114  131.132745086   126.2410   5   7   2.9612   2.3655   7.3797  -0.3762   2.8767   3.0990   0.00    0.0
2014/04/28 19:32:00.000  -12.843715287  131.132745815   126.3304   5   7   2.9580   2.3725   7.4034  -0.3663   2.9027   3.0854   0.00    0.0
2014/04/28 19:32:30.000  -12.843714927  131.132745877   126.5374   5   7   2.9546   2.3795   7.4273  -0.3568   2.9287   3.0713   0.00    0.0
2014/04/28 19:33:00.000  -12.843717137  131.132745364   126.4562   5   7   2.9512   2.3867   7.4515  -0.3477   2.9547   3.0568   0.00    0.0
2014/04/28 19:33:30.000  -12.843717849  131.132745072   126.3782   5   7   2.9477   2.3941   7.4758  -0.3391   2.9808   3.0418   0.00    0.0
2014/04/28 19:34:00.000  -12.843718324  131.132744346   126.2513   5   7   2.9442   2.4015   7.5004  -0.3310   3.0068   3.0263   0.00    0.0
2014/04/28 19:34:30.000  -12.843717352  131.132745402   126.5352   5   7   2.9405   2.4091   7.5253  -0.3235   3.0329   3.0104   0.00    0.0
2014/04/28 19:35:00.000  -12.843715813  131.132745169   126.4678   5   7   2.9368   2.4168   7.5504  -0.3166   3.0589   2.9940   0.00    0.0
2014/04/28 19:35:30.000  -12.843714981  131.132745214   126.5840   5   7   2.9331   2.4246   7.5757  -0.3104   3.0850   2.9771   0.00    0.0
2014/04/28 19:36:00.000  -12.843714060  131.132745612   126.5690   5   7   2.9293   2.4325   7.6012  -0.3050   3.1111   2.9597   0.00    0.0
2014/04/28 19:36:30.000  -12.843714358  131.132746369   126.6922   5   7   2.9255   2.4405   7.6270  -0.3004   3.1372   2.9418   0.00    0.0
2014/04/28 19:37:00.000  -12.843715272  131.132746431   126.1304   5   7   2.9216   2.4487   7.6530  -0.2966   3.1633   2.9235   0.00    0.0
2014/04/28 19:37:30.000  -12.843715823  131.132744510   125.5241   5   7   2.9177   2.4569   7.6793  -0.2938   3.1895   2.9046   0.00    0.0
2014/04/28 19:38:00.000  -12.843720584  131.132740838   124.1802   5   8   2.3357   2.1263   5.1400  -1.5028   1.7825  -1.2948   0.00    0.0
2014/04/28 19:38:30.000  -12.843721463  131.132741385   124.2390   5   8   2.3362   2.1298   5.1680  -1.5058   1.8087  -1.3296   0.00    0.0
2014/04/28 19:39:00.000  -12.843722729  131.132742860   124.4672   5   8   2.3367   2.1335   5.1967  -1.5088   1.8350  -1.3639   0.00    0.0
2014/04/28 19:39:30.000  -12.843723407  131.132744632   124.6780   5   8   2.3373   2.1372   5.2259  -1.5118   1.8612  -1.3977   0.00    0.0
2014/04/28 19:40:00.000  -12.843724293  131.132745640   125.1898   5   8   2.3379   2.1411   5.2557  -1.5150   1.8876  -1.4311   0.00    0.0
2014/04/28 19:40:30.000  -12.843725011  131.132744836   125.3333   5   8   2.3385   2.1451   5.2861  -1.5182   1.9140  -1.4640   0.00    0.0
2014/04/28 19:41:00.000  -12.843723657  131.132745002   125.1903   5   8   2.3392   2.1492   5.3170  -1.5215   1.9405  -1.4966   0.00    0.0
2014/04/28 19:41:30.000  -12.843723450  131.132744212   124.5378   5   8   2.3399   2.1534   5.3486  -1.5249   1.9670  -1.5288   0.00    0.0
2014/04/28 19:42:00.000  -12.843723519  131.132743512   124.2920   5   8   2.3407   2.1577   5.3807  -1.5283   1.9936  -1.5607   0.00    0.0
2014/04/28 19:42:30.000  -12.843723271  131.132742738   124.4831   5   8   2.3415   2.1621   5.4135  -1.5319   2.0203  -1.5923   0.00    0.0
2014/04/28 19:43:00.000  -12.843721959  131.132742563   124.8056   5   8   2.3424   2.1666   5.4468  -1.5354   2.0470  -1.6235   0.00    0.0
2014/04/28 19:43:30.000  -12.843721297  131.132743003   125.2648   5   8   2.3433   2.1713   5.4807  -1.5391   2.0739  -1.6545   0.00    0.0
2014/04/28 19:44:00.000  -12.843720149  131.132743101   125.3847   5   8   2.3442   2.1760   5.5152  -1.5428   2.1008  -1.6852   0.00    0.0
2014/04/28 19:44:30.000  -12.843719257  131.132742268   125.2294   5   8   2.3451   2.1809   5.5503  -1.5467   2.1278  -1.7157   0.00    0.0
2014/04/28 19:45:00.000  -12.843719825  131.132741771   124.9006   5   8   2.3461   2.1858   5.5860  -1.5505   2.1549  -1.7459   0.00    0.0
2014/04/28 19:45:30.000  -12.843719728  131.132741981   124.7588   5   8   2.3472   2.1909   5.6222  -1.5545   2.1820  -1.7759   0.00    0.0
2014/04/28 19:46:00.000  -12.843720514  131.132741057   124.1852   5   8   2.3482   2.1961   5.6590  -1.5585   2.2093  -1.8056   0.00    0.0
2014/04/28 19:46:30.000  -12.843719444  131.132740330   124.2970   5   8   2.3493   2.2014   5.6964  -1.5625   2.2366  -1.8351   0.00    0.0
2014/04/28 19:47:00.000  -12.843718938  131.132740224   124.4051   5   8   2.3504   2.2068   5.7343  -1.5667   2.2640  -1.8644   0.00    0.0
2014/04/28 19:47:30.000  -12.843719189  131.132740508   124.4126   5   8   2.3516   2.2123   5.7728  -1.5708   2.2915  -1.8935   0.00    0.0
2014/04/28 19:48:00.000  -12.843718912  131.132741091   124.6945   5   8   2.3527   2.2179   5.8118  -1.5751   2.3191  -1.9223   0.00    0.0
2014/04/28 19:48:30.000  -12.843718580  131.132741729   125.0535   5   8   2.3539   2.2237   5.8513  -1.5793   2.3467  -1.9509   0.00    0.0
2014/04/28 19:49:00.000  -12.843719024  131.132743384   125.3337   5   8   2.3551   2.2295   5.8914  -1.5837   2.3744  -1.9793   0.00    0.0
2014/04/28 19:49:30.000  -12.843719369  131.132743269   125.5281   5   8   2.3563   2.2354   5.9319  -1.5880   2.4022  -2.0075   0.00    0.0
2014/04/28 19:50:00.000  -12.843718415  131.132743122   125.9280   5   8   2.3576   2.2415   5.9730  -1.5925   2.4300  -2.0355   0.00    0.0
2014/04/28 19:50:30.000  -12.843716621  131.132742431   125.6476   5   8   2.3588   2.2476   6.0145  -1.5969   2.4578  -2.0632   0.00    0.0
2014/04/28 19:51:00.000  -12.843716554  131.132741178   124.9193   5   8   2.3600   2.2538   6.0564  -1.6014   2.4858  -2.0907   0.00    0.0
2014/04/28 19:51:30.000  -12.843717488  131.132741744   124.6789   5   8   2.3613   2.2602   6.0988  -1.6059   2.5137  -2.1179   0.00    0.0
2014/04/28 19:52:00.000  -12.843720562  131.132741953   124.7295   5   8   2.3625   2.2666   6.1416  -1.6104   2.5417  -2.1449   0.00    0.0
2014/04/28 19:52:30.000  -12.843721639  131.132742631   125.0014   5   8   2.3637   2.2731   6.1848  -1.6149   2.5697  -2.1717   0.00    0.0
2014/04/28 19:53:00.000  -12.843721903  131.132743706   125.2809   5   8   2.3649   2.2797   6.2284  -1.6194   2.5977  -2.1981   0.00    0.0
2014/04/28 19:53:30.000  -12.843721246  131.132743376   125.3093   5   8   2.3661   2.2863   6.2723  -1.6239   2.6256  -2.2243   0.00    0.0
2014/04/28 19:54:00.000  -12.843721007  131.132743186   125.2005   5   8   2.3673   2.2931   6.3165  -1.6284   2.6536  -2.2502   0.00    0.0
2014/04/28 19:54:30.000  -12.843721746  131.132742974   125.2897   5   8   2.3684   2.2999   6.3610  -1.6329   2.6815  -2.2758   0.00    0.0
2014/04/28 19:55:00.000  -12.843721962  131.132743008   125.4937   5   8   2.3695   2.3068   6.4058  -1.6374   2.7094  -2.3011   0.00    0.0
2014/04/28 19:55:30.000  -12.843722121  131.132742717   125.7313   5   8   2.3706   2.3137   6.4507  -1.6418   2.7372  -2.3260   0.00    0.0
2014/04/28 19:56:00.000  -12.843722273  131.132742147   125.5866   5   8   2.3716   2.3207   6.4958  -1.6462   2.7650  -2.3505   0.00    0.0
2014/04/28 19:56:30.000  -12.843722553  131.132741432   125.1432   5   8   2.3725   2.3277   6.5411  -1.6505   2.7926  -2.3747   0.00    0.0
2014/04/28 19:57:00.000  -12.843721797  131.132741426   124.9642   5   8   2.3734   2.3348   6.5864  -1.6548   2.8201  -2.3985   0.00    0.0
2014/04/28 19:57:30.000  -12.843721056  131.132740066   124.8944   5   8   2.3742   2.3419   6.6318  -1.6590   2.8475  -2.4219   0.00    0.0
2014/04/28 19:58:00.000  -12.843719248  131.132740400   125.2048   5   8   2.3750   2.3490   6.6772  -1.6631   2.8747  -2.4448   0.00    0.0
2014/04/28 19:58:30.000  -12.843718446  131.132740778   125.2434   5   8   2.3756   2.3562   6.7225  -1.6671   2.9018  -2.4673   0.00    0.0
2014/04/28 19:59:00.000  -12.843718649  131.132743290   125.7370   5   9   2.3188   1.8379   5.2470  -1.4214   1.4919  -1.9941   0.00    0.0
2014/04/28 19:59:30.000  -12.843717720  131.132742111   125.4024   5   9   2.3188   1.8401   5.2707  -1.4232   1.5107  -2.0132   0.00    0.0
2014/04/28 20:00:00.000  -12.843718835  131.132742197   125.0174   5   9   2.3348   1.8595   5.7035  -1.4489   1.3427  -1.8834   0.00    0.0
2014/04/28 20:00:30.000  -12.843719539  131.132741047   124.7841   5   9   2.3348   1.8615   5.7213  -1.4506   1.3654  -1.9032   0.00    0.0
2014/04/28 20:01:00.000  -12.843720879  131.132741645   125.3799   5   9   2.3348   1.8636   5.7389  -1.4521   1.3875  -1.9224   0.00    0.0
2014/04/28 20:01:30.000  -12.843721691  131.132741308   125.1905   5   8   2.3883   2.4011   7.4334  -1.6952   3.0158  -2.4769   0.00    0.0
2014/04/28 20:02:00.000  -12.843721112  131.132742339   124.8521   5   9   2.3345   1.8677   5.7734  -1.4551   1.4304  -1.9592   0.00    0.0
2014/04/28 20:02:30.000  -12.843719770  131.132741796   124.5109   5   9   2.3342   1.8698   5.7901  -1.4565   1.4511  -1.9768   0.00    0.0
2014/04/28 20:03:00.000  -12.843719115  131.132743050   124.5239   5   8   2.3879   2.4218   7.5426  -1.7034   3.0921  -2.5313   0.00    0.0
2014/04/28 20:03:30.000  -12.843717485  131.132739914   123.3037   5   9   2.3335   1.8741   5.8227  -1.4591   1.4911  -2.0104   0.00    0.0
2014/04/28 20:04:00.000  -12.843717537  131.132741021   124.1211   5   9   2.3329   1.8762   5.8384  -1.4603   1.5103  -2.0263   0.00    0.0
2014/04/28 20:04:30.000  -12.843715463  131.132744155   122.6596   5   8   2.4164   1.9951   7.1590  -1.3081  -0.6584  -2.6022   0.00    0.0
2014/04/28 20:05:00.000  -12.843716923  131.132746342   123.4609   5   8   2.4210   1.9936   7.2052  -1.3067  -0.6107  -2.6368   0.00    0.0
2014/04/28 20:05:30.000  -12.843717833  131.132748417   124.3146   5   8   2.4257   1.9922   7.2516  -1.3054  -0.5589  -2.6711   0.00    0.0
2014/04/28 20:06:00.000  -12.843717870  131.132748788   124.6449   5   8   2.4304   1.9908   7.2980  -1.3041  -0.5017  -2.7050   0.00    0.0
2014/04/28 20:06:30.000  -12.843717829  131.132747912   124.7975   5   8   2.4351   1.9895   7.3444  -1.3029  -0.4370  -2.7385   0.00    0.0
2014/04/28 20:07:00.000  -12.843717225  131.132746562   124.5718   5   8   2.4399   1.9882   7.3908  -1.3018  -0.3609  -2.7716   0.00    0.0
2014/04/28 20:07:30.000  -12.843716984  131.132745905   124.0980   5   8   2.4447   1.9870   7.4371  -1.3007  -0.2635  -2.8042   0.00    0.0
2014/04/28 20:08:00.000  -12.843717715  131.132746498   124.1567   5   8   2.4494   1.9858   7.4832  -1.2997  -0.0934  -2.8365   0.00    0.0
2014/04/28 20:08:30.000  -12.843717791  131.132745831   124.1643   5   8   2.4542   1.9847   7.5290  -1.2987   0.2278  -2.8682   0.00    0.0
2014/04/28 20:09:00.000  -12.843717650  131.132745712   124.6104   5   8   2.4590   1.9836   7.5746  -1.2977   0.3353  -2.8994   0.00    0.0
2014/04/28 20:09:30.000  -12.843716165  131.132745475   124.2279   5   8   2.4637   1.9826   7.6198  -1.2968   0.4156  -2.9301   0.00    0.0
2014/04/28 20:10:00.000  -12.843714394  131.132743021   123.3467   5   8   2.4683   1.9817   7.6645  -1.2959   0.4825  -2.9602   0.00    0.0
2014/04/28 20:10:30.000  -12.843714371  131.132743491   123.4825   5   8   2.4729   1.9808   7.7087  -1.2950   0.5409  -2.9897   0.00    0.0
2014/04/28 20:11:00.000  -12.843714251  131.132743887   123.0415   5   8   2.4774   1.9799   7.7523  -1.2941   0.5933  -3.0186   0.00    0.0
2014/04/28 20:11:30.000  -12.843712593  131.132742775   122.3161   5   8   2.4818   1.9791   7.7952  -1.2932   0.6411  -3.0468   0.00    0.0
2014/04/28 20:12:00.000  -12.843713438  131.132742447   122.2822   5   8   2.4861   1.9783   7.8374  -1.2923   0.6852  -3.0743   0.00    0.0
2014/04/28 20:12:30.000  -12.843713717  131.132742135   122.4543   5   8   2.4903   1.9776   7.8787  -1.2914   0.7263  -3.1010   0.00    0.0
2014/04/28 20:13:00.000  -12.843713990  131.132742402   123.0467   5   8   2.4943   1.9769   7.9190  -1.2905   0.7647  -3.1269   0.00    0.0
2014/04/28 20:13:30.000  -12.843714945  131.132743645   123.7549   5   8   2.4982   1.9762   7.9584  -1.2896   0.8009  -3.1521   0.00    0.0
2014/04/28 20:14:00.000  -12.843714761  131.132744499   123.7415   5   8   2.5019   1.9756   7.9966  -1.2886   0.8350  -3.1763   0.00    0.0
2014/04/28 20:14:30.000  -12.843715466  131.132745059   124.1943   5   8   2.5054   1.9750   8.0336  -1.2876   0.8673  -3.1997   0.00    0.0
2014/04/28 20:15:00.000  -12.843715607  131.132745509   124.5201   5   8   2.5086   1.9745   8.0693  -1.2865   0.8979  -3.2221   0.00    0.0
2014/04/28 20:15:30.000  -12.843715776  131.132745520   124.8704   5   8   2.5117   1.9740   8.1036  -1.2854   0.9269  -3.2435   0.00    0.0
2014/04/28 20:16:00.000  -12.843717201  131.132745806   125.1681   5   8   2.5145   1.9736   8.1365  -1.2842   0.9545  -3.2639   0.00    0.0
2014/04/28 20:16:30.000  -12.843717800  131.132746366   125.2998   5   8   2.5171   1.9731   8.1678  -1.2829   0.9806  -3.2832   0.00    0.0
2014/04/28 20:17:00.000  -12.843716296  131.132746662   124.6196   5   8   2.5193   1.9727   8.1974  -1.2816   1.0055  -3.3014   0.00    0.0
2014/04/28 20:17:30.000  -12.843715413  131.132746625   124.0164   5   8   2.5213   1.9724   8.2254  -1.2801   1.0291  -3.3185   0.00    0.0
2014/04/28 20:18:00.000  -12.843714922  131.132745479   123.3333   5   8   2.5230   1.9720   8.2515  -1.2786   1.0515  -3.3344   0.00    0.0
2014/04/28 20:18:30.000  -12.843714540  131.132743913   122.5021   5   8   2.5244   1.9717   8.2757  -1.2770   1.0726  -3.3491   0.00    0.0
2014/04/28 20:19:00.000  -12.843713973  131.132742604   122.1270   5   8   2.5254   1.9715   8.2979  -1.2752   1.0927  -3.3625   0.00    0.0
2014/04/28 20:19:30.000  -12.843711661  131.132742525   121.6555   5   8   2.5261   1.9712   8.3182  -1.2733   1.1116  -3.3747   0.00    0.0
2014/04/28 20:20:00.000  -12.843710991  131.132743158   121.9000   5   8   2.5264   1.9710   8.3363  -1.2713   1.1294  -3.3856   0.00    0.0
2014/04/28 20:20:30.000  -12.843712193  131.132742769   122.4458   5   8   2.5263   1.9708   8.3522  -1.2691   1.1462  -3.3952   0.00    0.0
2014/04/28 20:21:00.000  -12.843712799  131.132742715   122.8361   5   8   2.5259   1.9706   8.3660  -1.2668   1.1619  -3.4034   0.00    0.0
2014/04/28 20:21:30.000  -12.843713338  131.132743460   123.0386   5   8   2.5251   1.9705   8.3775  -1.2644   1.1766  -3.4103   0.00    0.0
2014/04/28 20:22:00.000  -12.843712479  131.132743773   123.3437   5   8   2.5239   1.9703   8.3866  -1.2618   1.1902  -3.4158   0.00    0.0
2014/04/28 20:22:30.000  -12.843712922  131.132743424   123.7272   5   8   2.5223   1.9702   8.3934  -1.2590   1.2029  -3.4198   0.00    0.0
2014/04/28 20:23:00.000  -12.843712679  131.132742602   123.5620   5   8   2.5203   1.9701   8.3979  -1.2561   1.2145  -3.4225   0.00    0.0
2014/04/28 20:23:30.000  -12.843711753  131.132742018   123.0538   5   8   2.5179   1.9701   8.3999  -1.2530   1.2253  -3.4238   0.00    0.0
2014/04/28 20:24:00.000  -12.843712066  131.132742546   123.2660   5   8   2.5151   1.9700   8.3996  -1.2497   1.2350  -3.4236   0.00    0.0
2014/04/28 20:24:30.000  -12.843712303  131.132743150   123.8187   5   8   2.5118   1.9700   8.3968  -1.2462   1.2438  -3.4221   0.00    0.0
2014/04/28 20:25:00.000  -12.843711714  131.132742642   123.8167   5   8   2.5082   1.9699   8.3916  -1.2426   1.2517  -3.4191   0.00    0.0
2014/04/28 20:25:30.000  -12.843711847  131.132743036   123.7028   5   8   2.5042   1.9699   8.3839  -1.2388   1.2587  -3.4148   0.00    0.0
2014/04/28 20:26:00.000  -12.843712080  131.132743063   123.9581   5   8   2.4998   1.9700   8.3739  -1.2348   1.2649  -3.4091   0.00    0.0
2014/04/28 20:26:30.000  -12.843711820  131.132742997   123.6552   5   8   2.4950   1.9700   8.3615  -1.2306   1.2701  -3.4020   0.00    0.0
2014/04/28 20:27:00.000  -12.843711135  131.132742262   123.3858   5   8   2.4898   1.9700   8.3467  -1.2263   1.2746  -3.3935   0.00    0.0
2014/04/28 20:27:30.000  -12.843709592  131.132741053   122.3250   5   8   2.4843   1.9701   8.3297  -1.2218   1.2782  -3.3837   0.00    0.0
2014/04/28 20:28:00.000  -12.843709110  131.132740558   122.1446   5   8   2.4783   1.9702   8.3103  -1.2170   1.2810  -3.3726   0.00    0.0
2014/04/28 20:28:30.000  -12.843708348  131.132738797   122.1688   5   8   2.4721   1.9703   8.2888  -1.2122   1.2830  -3.3603   0.00    0.0
2014/04/28 20:29:00.000  -12.843708747  131.132739022   122.5306   5   8   2.4655   1.9704   8.2650  -1.2071   1.2843  -3.3467   0.00    0.0
2014/04/28 20:29:30.000  -12.843708841  131.132739878   122.8384   5   8   2.4586   1.9706   8.2392  -1.2019   1.2848  -3.3319   0.00    0.0
2014/04/28 20:30:00.000  -12.843709731  131.132740766   123.0129   5   8   2.4513   1.9708   8.2113  -1.1965   1.2847  -3.3159   0.00    0.0
2014/04/28 20:30:30.000  -12.843709928  131.132741001   122.9715   5   8   2.4438   1.9709   8.1815  -1.1909   1.2839  -3.2988   0.00    0.0
2014/04/28 20:31:00.000  -12.843709636  131.132741320   122.2684   5   8   2.4360   1.9712   8.1498  -1.1852   1.2824  -3.2806   0.00    0.0
2014/04/28 20:31:30.000  -12.843709365  131.132741497   122.2063   5   8   2.4280   1.9714   8.1162  -1.1793   1.2804  -3.2614   0.00    0.0
2014/04/28 20:32:00.000  -12.843708964  131.132741893   122.3800   5   8   2.4197   1.9716   8.0809  -1.1733   1.2777  -3.2412   0.00    0.0
2014/04/28 20:32:30.000  -12.843710501  131.132742561   123.0438   5   8   2.4111   1.9719   8.0439  -1.1672   1.2745  -3.2199   0.00    0.0
2014/04/28 20:33:00.000  -12.843712568  131.132742498   123.4107   5   8   2.4024   1.9722   8.0054  -1.1609   1.2707  -3.1978   0.00    0.0
2014/04/28 20:33:30.000  -12.843712097  131.132741222   123.1860   5   8   2.3934   1.9726   7.9654  -1.1544   1.2664  -3.1748   0.00    0.0
2014/04/28 20:34:00.000  -12.843712296  131.132740876   123.7079   5   8   2.3843   1.9729   7.9239  -1.1479   1.2617  -3.1510   0.00    0.0
2014/04/28 20:34:30.000  -12.843712348  131.132740740   124.4264   5   8   2.3751   1.9733   7.8812  -1.1412   1.2565  -3.1264   0.00    0.0
2014/04/28 20:35:00.000  -12.843711230  131.132740850   124.5331   5   8   2.3657   1.9737   7.8373  -1.1344   1.2508  -3.1011   0.00    0.0
2014/04/28 20:35:30.000  -12.843708198  131.132740166   123.4876   5   8   2.3562   1.9742   7.7922  -1.1275   1.2448  -3.0751   0.00    0.0
2014/04/28 20:36:00.000  -12.843706044  131.132738601   122.4694   5   8   2.3465   1.9747   7.7460  -1.1205   1.2385  -3.0484   0.00    0.0
2014/04/28 20:36:30.000  -12.843705785  131.132739210   122.0872   5   8   2.3368   1.9752   7.6989  -1.1134   1.2317  -3.0212   0.00    0.0
2014/04/28 20:37:00.000  -12.843707474  131.132739825   122.4635   5   8   2.3270   1.9757   7.6510  -1.1063   1.2247  -2.9933   0.00    0.0
2014/04/28 20:37:30.000  -12.843708897  131.132740614   122.6509   5   8   2.3172   1.9763   7.6022  -1.0990   1.2174  -2.9650   0.00    0.0
2014/04/28 20:38:00.000  -12.843710151  131.132740825   123.2093   5   8   2.3073   1.9769   7.5527  -1.0916   1.2099  -2.9363   0.00    0.0
2014/04/28 20:38:30.000  -12.843710081  131.132740780   123.1164   5   8   2.2974   1.9776   7.5026  -1.0842   1.2021  -2.9071   0.00    0.0
2014/04/28 20:39:00.000  -12.843709318  131.132740857   122.5788   5   8   2.2875   1.9783   7.4520  -1.0767   1.1941  -2.8775   0.00    0.0
2014/04/28 20:39:30.000  -12.843707436  131.132740264   122.0246   5   8   2.2776   1.9790   7.4008  -1.0692   1.1859  -2.8475   0.00    0.0
2014/04/28 20:40:00.000  -12.843705958  131.132739884   121.5289   5   8   2.2677   1.9798   7.3493  -1.0615   1.1775  -2.8173   0.00    0.0
2014/04/28 20:40:30.000  -12.843705189  131.132739294   121.5904   5   8   2.2578   1.9806   7.2974  -1.0539   1.1690  -2.7868   0.00    0.0
2014/04/28 20:41:00.000  -12.843706405  131.132738853   122.1570   5   8   2.2480   1.9815   7.2453  -1.0461   1.1604  -2.7560   0.00    0.0
2014/04/28 20:41:30.000  -12.843707285  131.132738676   123.0802   5   8   2.2382   1.9824   7.1929  -1.0384   1.1517  -2.7250   0.00    0.0
2014/04/28 20:42:00.000  -12.843708784  131.132738772   123.3473   5   8   2.2285   1.9833   7.1404  -1.0305   1.1430  -2.6939   0.00    0.0
2014/04/28 20:42:30.000  -12.843709425  131.132739359   123.5467   5   8   2.2189   1.9843   7.0878  -1.0227   1.1341  -2.6626   0.00    0.0
2014/04/28 20:43:00.000  -12.843708704  131.132740582   123.3184   5   8   2.2093   1.9854   7.0352  -1.0148   1.1253  -2.6311   0.00    0.0
2014/04/28 20:43:30.000  -12.843708281  131.132741807   123.3897   5   8   2.1998   1.9865   6.9826  -1.0068   1.1164  -2.5996   0.00    0.0
2014/04/28 20:44:00.000  -12.843708771  131.132741258   122.7928   5   8   2.1905   1.9876   6.9301  -0.9988   1.1075  -2.5680   0.00    0.0
2014/04/28 20:44:30.000  -12.843709159  131.132741790   123.2403   5   8   2.1812   1.9888   6.8776  -0.9908   1.0986  -2.5364   0.00    0.0
2014/04/28 20:45:00.000  -12.843709135  131.132741949   123.7595   5   8   2.1720   1.9900   6.8254  -0.9828   1.0898  -2.5047   0.00    0.0
2014/04/28 20:45:30.000  -12.843710113  131.132741372   123.8789   5   8   2.1630   1.9913   6.7733  -0.9747   1.0810  -2.4730   0.00    0.0
2014/04/28 20:46:00.000  -12.843711059  131.132740821   124.0909   5   8   2.1541   1.9926   6.7215  -0.9666   1.0723  -2.4414   0.00    0.0
2014/04/28 20:46:30.000  -12.843710354  131.132741593   123.5538   5   8   2.1453   1.9939   6.6699  -0.9585   1.0636  -2.4097   0.00    0.0
2014/04/28 20:47:00.000  -12.843708835  131.132742182   122.5344   5   8   2.1366   1.9954   6.6187  -0.9504   1.0550  -2.3781   0.00    0.0
2014/04/28 20:47:30.000  -12.843708941  131.132742462   122.0688   5   8   2.1281   1.9968   6.5678  -0.9422   1.0465  -2.3466   0.00    0.0
2014/04/28 20:48:00.000  -12.843709323  131.132741592   122.6137   5   8   2.1197   1.9984   6.5172  -0.9340   1.0381  -2.3152   0.00    0.0
2014/04/28 20:48:30.000  -12.843710118  131.132740624   123.1967   5   8   2.1115   1.9999   6.4671  -0.9258   1.0299  -2.2838   0.00    0.0
2014/04/28 20:49:00.000  -12.843711664  131.132740667   123.6534   5   8   2.1034   2.0016   6.4173  -0.9176   1.0217  -2.2525   0.00    0.0
2014/04/28 20:49:30.000  -12.843712252  131.132739424   124.0061   5   8   2.0954   2.0032   6.3680  -0.9093   1.0137  -2.2213   0.00    0.0
2014/04/28 20:50:00.000  -12.843709968  131.132739305   124.1461   5   7   2.2338   2.1691   6.9914  -1.2123  -1.2099  -1.5555   0.00    0.0
2014/04/28 20:50:30.000  -12.843709203  131.132740432   123.4975   5   7   2.2260   2.1702   6.9531  -1.2051  -1.2187  -1.5101   0.00    0.0
2014/04/28 20:51:00.000  -12.843708593  131.132740911   123.1390   5   7   2.2185   2.1713   6.9150  -1.1979  -1.2270  -1.4642   0.00    0.0
2014/04/28 20:51:30.000  -12.843714341  131.132732244   128.7070   5   6   2.5672   2.7132  11.9133   0.8380  -4.1636  -3.8340   0.00    0.0
2014/04/28 20:52:00.000  -12.843714264  131.132732449   127.7001   5   6   2.5509   2.7147  11.8218   0.8292  -4.1500  -3.7769   0.00    0.0
2014/04/28 20:52:30.000  -12.843714771  131.132732242   128.7463   5   6   2.5349   2.7160  11.7288   0.8198  -4.1352  -3.7194   0.00    0.0
2014/04/28 20:53:00.000  -12.843714577  131.132732378   129.0745   5   6   2.5191   2.7170  11.6343   0.8099  -4.1193  -3.6616   0.00    0.0
2014/04/28 20:53:30.000  -12.843714133  131.132731400   129.2240   5   6   2.5037   2.7179  11.5387   0.7995  -4.1024  -3.6036   0.00    0.0
2014/04/28 20:54:00.000  -12.843714440  131.132728556   130.0011   5   6   2.4885   2.7185  11.4420   0.7887  -4.0846  -3.5454   0.00    0.0
2014/04/28 20:54:30.000  -12.843715177  131.132726633   130.7265   5   6   2.4736   2.7190  11.3444   0.7774  -4.0659  -3.4871   0.00    0.0
2014/04/28 20:55:00.000  -12.843716371  131.132725357   131.4424   5   6   2.4591   2.7192  11.2461   0.7659  -4.0463  -3.4287   0.00    0.0
2014/04/28 20:55:30.000  -12.843715591  131.132726045   131.0054   5   6   2.4449   2.7194  11.1472   0.7540  -4.0260  -3.3704   0.00    0.0
2014/04/28 20:56:00.000  -12.843715731  131.132726193   130.3024   5   6   2.4310   2.7193  11.0480   0.7418  -4.0050  -3.3121   0.00    0.0
2014/04/28 20:56:30.000  -12.843714781  131.132726542   129.7627   5   6   2.4175   2.7192  10.9485   0.7294  -3.9833  -3.2539   0.00    0.0
2014/04/28 20:57:00.000  -12.843714291  131.132727449   128.6106   5   6   2.4043   2.7189  10.8488   0.7168  -3.9610  -3.1959   0.00    0.0
2014/04/28 20:57:30.000  -12.843714657  131.132728162   128.0544   5   6   2.3914   2.7185  10.7492   0.7041  -3.9382  -3.1380   0.00    0.0
2014/04/28 20:58:00.000  -12.843714583  131.132729492   127.6792   5   6   2.3789   2.7180  10.6496   0.6913  -3.9148  -3.0804   0.00    0.0
2014/04/28 20:58:30.000  -12.843714984  131.132730272   127.8195   5   6   2.3668   2.7173  10.5503   0.6783  -3.8910  -3.0231   0.00    0.0
2014/04/28 20:59:00.000  -12.843715688  131.132729839   126.4661   5   6   2.3550   2.7166  10.4512   0.6653  -3.8668  -2.9660   0.00    0.0
2014/04/28 20:59:30.000  -12.843716210  131.132729885   125.8801   5   6   2.3435   2.7158  10.3526   0.6524  -3.8422  -2.9093   0.00    0.0
2014/04/28 21:00:00.000  -12.843714730  131.132730632   124.7244   5   6   2.0991   2.7057   9.8372   0.4250  -3.7312  -2.2793   0.00    0.0
2014/04/28 21:00:30.000  -12.843713112  131.132730279   124.9468   5   6   2.0903   2.7044   9.7389   0.4013  -3.7040  -2.2156   0.00    0.0
2014/04/28 21:01:00.000  -12.843711810  131.132729001   125.6245   5   6   2.0818   2.7031   9.6415   0.3771  -3.6767  -2.1523   0.00    0.0
2014/04/28 21:01:30.000  -12.843710927  131.132729292   126.4389   5   6   2.0737   2.7017   9.5452   0.3524  -3.6492  -2.0893   0.00    0.0
2014/04/28 21:02:00.000  -12.843710734  131.132729456   127.1445   5   6   2.0660   2.7003   9.4500   0.3269  -3.6216  -2.0265   0.00    0.0
2014/04/28 21:02:30.000  -12.843710621  131.132728809   126.9582   5   6   2.0587   2.6989   9.3558   0.3006  -3.5940  -1.9640   0.00    0.0
2014/04/28 21:03:00.000  -12.843710939  131.132727054   127.3117   5   6   2.0517   2.6975   9.2628   0.2730  -3.5663  -1.9018   0.00    0.0
2014/04/28 21:03:30.000  -12.843709680  131.132725369   127.2779   5   6   2.0450   2.6961   9.1709   0.2440  -3.5386  -1.8397   0.00    0.0
2014/04/28 21:04:00.000  -12.843709841  131.132724240   126.2116   5   6   2.0386   2.6947   9.0803   0.2128  -3.5109  -1.7777   0.00    0.0
2014/04/28 21:04:30.000  -12.843709318  131.132725539   125.7819   5   6   2.0326   2.6933   8.9908   0.1784  -3.4832  -1.7158   0.00    0.0
2014/04/28 21:05:00.000  -12.843710629  131.132726364   126.0541   5   6   2.0268   2.6920   8.9025   0.1383  -3.4555  -1.6539   0.00    0.0
2014/04/28 21:05:30.000  -12.843711494  131.132727813   126.5591   5   6   2.0214   2.6906   8.8155   0.0846  -3.4279  -1.5919   0.00    0.0
2014/04/28 21:06:00.000  -12.843713692  131.132728993   125.8704   5   6   2.0162   2.6893   8.7297  -0.0635  -3.4003  -1.5298   0.00    0.0
2014/04/28 21:06:30.000  -12.843714327  131.132729853   125.3462   5   6   2.0113   2.6880   8.6451  -0.1204  -3.3728  -1.4675   0.00    0.0
2014/04/28 21:07:00.000  -12.843714117  131.132728942   125.3146   5   6   2.0066   2.6868   8.5618  -0.1556  -3.3454  -1.4048   0.00    0.0
2014/04/28 21:07:30.000  -12.843710986  131.132729721   125.3555   5   6   2.0022   2.6856   8.4797  -0.1822  -3.3181  -1.3416   0.00    0.0
2014/04/28 21:08:00.000  -12.843710100  131.132730600   125.4322   5   6   1.9980   2.6845   8.3989  -0.2036  -3.2909  -1.2778   0.00    0.0
2014/04/28 21:08:30.000  -12.843708911  131.132730542   126.3851   5   6   1.9941   2.6834   8.3193  -0.2214  -3.2638  -1.2132   0.00    0.0
2014/04/28 21:09:00.000  -12.843709146  131.132729074   126.6295   5   6   1.9903   2.6824   8.2409  -0.2364  -3.2368  -1.1474   0.00    0.0
2014/04/28 21:09:30.000  -12.843711408  131.132729322   126.0082   5   6   1.9868   2.6814   8.1638  -0.2491  -3.2099  -1.0803   0.00    0.0
2014/04/28 21:10:00.000  -12.843712633  131.132728477   125.6353   5   6   1.9834   2.6805   8.0879  -0.2599  -3.1832  -1.0115   0.00    0.0
2014/04/28 21:10:30.000  -12.843712662  131.132727405   126.1646   5   6   1.9803   2.6797   8.0132  -0.2690  -3.1566  -0.9405   0.00    0.0
2014/04/28 21:11:00.000  -12.843711857  131.132727250   125.9563   5   6   1.9773   2.6789   7.9397  -0.2767  -3.1301  -0.8666   0.00    0.0
2014/04/28 21:11:30.000  -12.843711069  131.132727866   126.2155   5   6   1.9746   2.6782   7.8674  -0.2830  -3.1038  -0.7889   0.00    0.0
2014/04/28 21:12:00.000  -12.843711890  131.132727691   126.1006   5   6   1.9719   2.6776   7.7962  -0.2881  -3.0776  -0.7061   0.00    0.0
2014/04/28 21:12:30.000  -12.843712063  131.132727919   125.5189   5   6   1.9695   2.6771   7.7263  -0.2920  -3.0515  -0.6158   0.00    0.0
2014/04/28 21:13:00.000  -12.843712360  131.132727820   125.4724   5   6   1.9672   2.6766   7.6575  -0.2949  -3.0256  -0.5142   0.00    0.0
2014/04/28 21:13:30.000  -12.843712201  131.132728054   125.2867   5   6   1.9650   2.6763   7.5898  -0.2967  -2.9998  -0.3921   0.00    0.0
2014/04/28 21:14:00.000  -12.843710620  131.132727282   125.3966   5   6   1.9630   2.6760   7.5232  -0.2976  -2.9742  -0.2173   0.00    0.0
2014/04/28 21:14:30.000  -12.843710121  131.132727106   125.9938   5   6   1.9611   2.6758   7.4578  -0.2974  -2.9487   0.2354   0.00    0.0
2014/04/28 21:15:00.000  -12.843710607  131.132725612   125.9678   5   6   1.9594   2.6757   7.3935  -0.2964  -2.9234   0.3927   0.00    0.0
2014/04/28 21:15:30.000  -12.843710378  131.132724639   125.6509   5   6   1.9577   2.6756   7.3302  -0.2944  -2.8982   0.4994   0.00    0.0
2014/04/28 21:16:00.000  -12.843709361  131.132726163   124.9599   5   6   1.9562   2.6757   7.2680  -0.2914  -2.8731   0.5841   0.00    0.0
2014/04/28 21:16:30.000  -12.843707356  131.132725635   125.3325   5   6   1.9548   2.6759   7.2068  -0.2875  -2.8482   0.6553   0.00    0.0
2014/04/28 21:17:00.000  -12.843706406  131.132725429   125.6662   5   6   1.9535   2.6762   7.1467  -0.2826  -2.8234   0.7173   0.00    0.0
2014/04/28 21:17:30.000  -12.843707206  131.132725017   125.1852   5   6   1.9524   2.6765   7.0876  -0.2768  -2.7988   0.7723   0.00    0.0
2014/04/28 21:18:00.000  -12.843709680  131.132722898   124.8714   5   6   1.9513   2.6770   7.0295  -0.2699  -2.7742   0.8218   0.00    0.0
2014/04/28 21:18:30.000  -12.843712330  131.132724672   124.6226   5   6   1.9503   2.6775   6.9724  -0.2618  -2.7498   0.8669   0.00    0.0
2014/04/28 21:19:00.000  -12.843713562  131.132724834   125.0634   5   6   1.9494   2.6782   6.9163  -0.2526  -2.7256   0.9082   0.00    0.0
2014/04/28 21:19:30.000  -12.843713774  131.132726778   125.2312   5   6   1.9486   2.6790   6.8611  -0.2420  -2.7014   0.9463   0.00    0.0
2014/04/28 21:20:00.000  -12.843713691  131.132727200   125.1305   5   6   1.9478   2.6798   6.8068  -0.2300  -2.6774   0.9816   0.00    0.0
2014/04/28 21:20:30.000  -12.843713962  131.132724913   124.9611   5   6   1.9472   2.6808   6.7535  -0.2162  -2.6535   1.0144   0.00    0.0
2014/04/28 21:21:00.000  -12.843713344  131.132723366   124.8736   5   6   1.9466   2.6819   6.7011  -0.2004  -2.6297   1.0451   0.00    0.0
2014/04/28 21:21:30.000  -12.843712174  131.132723004   124.9110   5   6   1.9461   2.6831   6.6496  -0.1821  -2.6060   1.0738   0.00    0.0
2014/04/28 21:22:00.000  -12.843712077  131.132723352   124.9840   5   6   1.9457   2.6844   6.5989  -0.1603  -2.5824   1.1009   0.00    0.0
2014/04/28 21:22:30.000  -12.843712014  131.132724472   125.2255   5   6   1.9453   2.6858   6.5491  -0.1336  -2.5589   1.1263   0.00    0.0
2014/04/28 21:23:00.000  -12.843711476  131.132726090   125.3222   5   6   1.9450   2.6873   6.5002  -0.0977  -2.5356   1.1503   0.00    0.0
2014/04/28 21:23:30.000  -12.843711013  131.132725085   125.3187   5   6   1.9448   2.6889   6.4521  -0.0292  -2.5123   1.1729   0.00    0.0
2014/04/28 21:24:00.000  -12.843710630  131.132725230   125.7562   5   6   1.9446   2.6907   6.4048   0.0908  -2.4890   1.1944   0.00    0.0
2014/04/28 21:24:30.000  -12.843711824  131.132724369   125.7417   5   6   1.9445   2.6925   6.3584   0.1332  -2.4659   1.2147   0.00    0.0
2014/04/28 21:25:00.000  -12.843712298  131.132724874   125.4193   5   6   1.9444   2.6945   6.3127   0.1662  -2.4429   1.2340   0.00    0.0
2014/04/28 21:25:30.000  -12.843709975  131.132724988   125.8331   5   6   1.9444   2.6966   6.2678   0.1946  -2.4199   1.2523   0.00    0.0
2014/04/28 21:26:00.000  -12.843708477  131.132724494   125.9699   5   6   1.9444   2.6988   6.2237   0.2203  -2.3970   1.2697   0.00    0.0
2014/04/28 21:26:30.000  -12.843708480  131.132723260   125.7694   5   6   1.9445   2.7011   6.1803   0.2440  -2.3741   1.2863   0.00    0.0
2014/04/28 21:27:00.000  -12.843708864  131.132722610   125.8126   5   6   1.9447   2.7035   6.1376   0.2663  -2.3513   1.3021   0.00    0.0
2014/04/28 21:27:30.000  -12.843709938  131.132723242   125.7910   5   6   1.9449   2.7061   6.0957   0.2875  -2.3286   1.3172   0.00    0.0
2014/04/28 21:28:00.000  -12.843711675  131.132724392   125.1356   5   6   1.9451   2.7088   6.0545   0.3079  -2.3059   1.3316   0.00    0.0
2014/04/28 21:28:30.000  -12.843711815  131.132724175   124.8890   5   6   1.9453   2.7115   6.0140   0.3275  -2.2832   1.3454   0.00    0.0
2014/04/28 21:29:00.000  -12.843711175  131.132723929   125.0461   5   6   1.9457   2.7145   5.9742   0.3465  -2.2606   1.3585   0.00    0.0
2014/04/28 21:29:30.000  -12.843710772  131.132725351   125.2244   5   6   1.9460   2.7175   5.9351   0.3650  -2.2379   1.3711   0.00    0.0
2014/04/28 21:30:00.000  -12.843711535  131.132726997   125.3072   5   6   1.9464   2.7207   5.8966   0.3830  -2.2154   1.3832   0.00    0.0
2014/04/28 21:30:30.000  -12.843712979  131.132725546   125.3638   5   6   1.9468   2.7240   5.8588   0.4006  -2.1928   1.3947   0.00    0.0
2014/04/28 21:31:00.000  -12.843712291  131.132724862   125.4844   5   6   1.9473   2.7274   5.8217   0.4180  -2.1702   1.4058   0.00    0.0
2014/04/28 21:31:30.000  -12.843712358  131.132723921   125.5953   5   6   1.9478   2.7309   5.7851   0.4350  -2.1476   1.4164   0.00    0.0
2014/04/28 21:32:00.000  -12.843712338  131.132724473   125.5756   5   6   1.9483   2.7346   5.7492   0.4517  -2.1250   1.4266   0.00    0.0
2014/04/28 21:32:30.000  -12.843712137  131.132723961   125.6085   5   6   1.9489   2.7384   5.7139   0.4682  -2.1024   1.4364   0.00    0.0
2014/04/28 21:33:00.000  -12.843712014  131.132723020   125.5172   5   6   1.9495   2.7423   5.6793   0.4844  -2.0798   1.4458   0.00    0.0
2014/04/28 21:33:30.000  -12.843711724  131.132723139   125.5686   5   6   1.9501   2.7463   5.6452   0.5004  -2.0572   1.4548   0.00    0.0
2014/04/28 21:34:00.000  -12.843710848  131.132723424   125.7226   5   6   1.9507   2.7505   5.6117   0.5163  -2.0345   1.4635   0.00    0.0
2014/04/28 21:34:30.000  -12.843710865  131.132723527   125.9968   5   6   1.9514   2.7548   5.5787   0.5320  -2.0117   1.4719   0.00    0.0
2014/04/28 21:35:00.000  -12.843711704  131.132723242   125.9773   5   6   1.9521   2.7593   5.5463   0.5475  -1.9889   1.4800   0.00    0.0
2014/04/28 21:35:30.000  -12.843710947  131.132722556   125.8634   5   6   1.9529   2.7639   5.5145   0.5629  -1.9661   1.4877   0.00    0.0
2014/04/28 21:36:00.000  -12.843710743  131.132722801   125.6581   5   6   1.9536   2.7686   5.4833   0.5781  -1.9431   1.4952   0.00    0.0
2014/04/28 21:36:30.000  -12.843710310  131.132724677   125.7713   5   6   1.9544   2.7734   5.4525   0.5932  -1.9201   1.5025   0.00    0.0
2014/04/28 21:37:00.000  -12.843709855  131.132725946   125.9368   5   6   1.9552   2.7784   5.4223   0.6082  -1.8970   1.5095   0.00    0.0
2014/04/28 21:37:30.000  -12.843710518  131.132725931   125.9663   5   6   1.9561   2.7835   5.3926   0.6231  -1.8738   1.5162   0.00    0.0
2014/04/28 21:38:00.000  -12.843711021  131.132724381   126.0792   5   7   1.9542   2.4851   5.1796   0.7332  -2.2773   1.5692   0.00    0.0
2014/04/28 21:38:30.000  -12.843710923  131.132721959   126.2403   5   7   1.9554   2.4823   5.1562   0.7417  -2.2569   1.5718   0.00    0.0
2014/04/28 21:39:00.000  -12.843710149  131.132720329   126.3680   5   7   1.9567   2.4796   5.1331   0.7502  -2.2365   1.5743   0.00    0.0
2014/04/28 21:39:30.000  -12.843710037  131.132720309   126.7611   5   7   1.9579   2.4770   5.1103   0.7587  -2.2161   1.5768   0.00    0.0
2014/04/28 21:40:00.000  -12.843711934  131.132720947   126.6986   5   7   1.9591   2.4744   5.0876   0.7670  -2.1956   1.5792   0.00    0.0
2014/04/28 21:40:30.000  -12.843711218  131.132722630   126.8326   5   7   1.9604   2.4719   5.0653   0.7753  -2.1752   1.5815   0.00    0.0
2014/04/28 21:41:00.000  -12.843711016  131.132722768   126.9985   5   7   1.9616   2.4695   5.0431   0.7835  -2.1548   1.5837   0.00    0.0
2014/04/28 21:41:30.000  -12.843710402  131.132724221   127.2946   5   7   1.9628   2.4671   5.0213   0.7917  -2.1343   1.5859   0.00    0.0
2014/04/28 21:42:00.000  -12.843711677  131.132723607   127.1799   5   7   1.9641   2.4649   4.9996   0.7998  -2.1139   1.5880   0.00    0.0
2014/04/28 21:42:30.000  -12.843712030  131.132723255   127.2157   5   7   1.9653   2.4627   4.9783   0.8078  -2.0935   1.5901   0.00    0.0
2014/04/28 21:43:00.000  -12.843712823  131.132724218   126.8260   5   7   1.9666   2.4606   4.9572   0.8157  -2.0730   1.5921   0.00    0.0
2014/04/28 21:43:30.000  -12.843712528  131.132725529   126.4650   5   7   1.9678   2.4585   4.9363   0.8236  -2.0526   1.5941   0.00    0.0
2014/04/28 21:44:00.000  -12.843710714  131.132725525   126.6428   5   7   1.9690   2.4566   4.9157   0.8314  -2.0322   1.5960   0.00    0.0
2014/04/28 21:44:30.000  -12.843710236  131.132720830   126.4253   5   6   1.9704   2.8704   5.0278   0.8230  -1.5302   1.5913   0.00    0.0
2014/04/28 21:45:00.000  -12.843711583  131.132719170   126.5322   5   6   1.9715   2.8777   5.0051   0.8368  -1.5037   1.5956   0.00    0.0
2014/04/28 21:45:30.000  -12.843713300  131.132719434   126.1780   5   6   1.9728   2.8852   4.9828   0.8506  -1.4768   1.5999   0.00    0.0
2014/04/28 21:46:00.000  -12.843713926  131.132724121   126.6589   5   7   1.9835   2.4559   4.8486   0.8816  -1.9662   1.5817   0.00    0.0
2014/04/28 21:46:30.000  -12.843713595  131.132725806   126.6859   5   7   1.9858   2.4551   4.8308   0.8912  -1.9477   1.5809   0.00    0.0
2014/04/28 21:47:00.000  -12.843712277  131.132727590   126.6946   5   7   1.9882   2.4544   4.8132   0.9008  -1.9293   1.5801   0.00    0.0
2014/04/28 21:47:30.000  -12.843711902  131.132728066   126.7709   5   7   1.9905   2.4537   4.7959   0.9102  -1.9110   1.5792   0.00    0.0
2014/04/28 21:48:00.000  -12.843711176  131.132727276   127.0239   5   7   1.9929   2.4532   4.7789   0.9196  -1.8927   1.5782   0.00    0.0
2014/04/28 21:48:30.000  -12.843710279  131.132729320   126.9886   5   7   1.9953   2.4528   4.7621   0.9290  -1.8744   1.5772   0.00    0.0
2014/04/28 21:49:00.000  -12.843709151  131.132730357   126.4657   5   8   1.8879   2.1893   4.4665   0.3983  -1.2936   1.8791   0.00    0.0
2014/04/28 21:49:30.000  -12.843710647  131.132729524   126.2813   5   8   1.8888   2.1890   4.4574   0.4131  -1.2774   1.8762   0.00    0.0
2014/04/28 21:50:00.000  -12.843710703  131.132730249   126.1684   5   8   1.8897   2.1888   4.4484   0.4274  -1.2611   1.8733   0.00    0.0
2014/04/28 21:50:30.000  -12.843709232  131.132731725   126.3559   5   8   1.8905   2.1887   4.4395   0.4412  -1.2446   1.8703   0.00    0.0
2014/04/28 21:51:00.000  -12.843707681  131.132729173   126.5739   5   8   1.8913   2.1885   4.4307   0.4545  -1.2281   1.8673   0.00    0.0
2014/04/28 21:51:30.000  -12.843707387  131.132728503   126.8728   5   8   1.8921   2.1885   4.4220   0.4673  -1.2115   1.8642   0.00    0.0
2014/04/28 21:52:00.000  -12.843705941  131.132728235   127.0928   5   7   2.0451   2.2306   4.5662   0.7511  -1.3903   1.5991   0.00    0.0
2014/04/28 21:52:30.000  -12.843706664  131.132730486   126.9295   5   7   2.0451   2.2309   4.5596   0.7591  -1.3775   1.5945   0.00    0.0
2014/04/28 21:53:00.000  -12.843706565  131.132730071   126.6167   5   7   2.0452   2.2312   4.5532   0.7670  -1.3647   1.5900   0.00    0.0
2014/04/28 21:53:30.000  -12.843707193  131.132731097   126.6573   5   7   2.0452   2.2315   4.5467   0.7747  -1.3518   1.5854   0.00    0.0
2014/04/28 21:54:00.000  -12.843707644  131.132732726   126.8172   5   7   2.0453   2.2319   4.5404   0.7822  -1.3389   1.5808   0.00    0.0
2014/04/28 21:54:30.000  -12.843707927  131.132731672   126.7067   5   7   2.0453   2.2323   4.5341   0.7895  -1.3259   1.5762   0.00    0.0
2014/04/28 21:55:00.000  -12.843709354  131.132729985   126.8408   5   7   2.0453   2.2327   4.5279   0.7967  -1.3127   1.5716   0.00    0.0
2014/04/28 21:55:30.000  -12.843709204  131.132728800   127.1963   5   7   2.0452   2.2331   4.5218   0.8037  -1.2995   1.5670   0.00    0.0
2014/04/28 21:56:00.000  -12.843710603  131.132729190   127.3077   5   7   2.0452   2.2336   4.5157   0.8106  -1.2863   1.5625   0.00    0.0
2014/04/28 21:56:30.000  -12.843710603  131.132729848   127.1906   5   7   2.0451   2.2340   4.5097   0.8173  -1.2729   1.5579   0.00    0.0
2014/04/28 21:57:00.000  -12.843707886  131.132729291   127.1695   5   7   2.0451   2.2345   4.5038   0.8238  -1.2595   1.5534   0.00    0.0
2014/04/28 21:57:30.000  -12.843707017  131.132729587   126.7390   5   7   2.0450   2.2350   4.4979   0.8302  -1.2460   1.5488   0.00    0.0
2014/04/28 21:58:00.000  -12.843705929  131.132727601   126.3938   5   7   2.0449   2.2355   4.4921   0.8365  -1.2324   1.5442   0.00    0.0
2014/04/28 21:58:30.000  -12.843706305  131.132725735   126.1545   5   7   2.0448   2.2361   4.4864   0.8426  -1.2187   1.5397   0.00    0.0
2014/04/28 21:59:00.000  -12.843708039  131.132724906   126.2405   5   7   2.0446   2.2367   4.4808   0.8485  -1.2049   1.5351   0.00    0.0
2014/04/28 21:59:30.000  -12.843708521  131.132727592   126.4579   5   7   2.0445   2.2372   4.4752   0.8544  -1.1910   1.5306   0.00    0.0
2014/04/28 22:00:00.000  -12.843708850  131.132729159   126.5951   5   7   2.0443   2.2378   4.4698   0.8601  -1.1770   1.5260   0.00    0.0
2014/04/28 22:00:30.000  -12.843708227  131.132730805   126.7392   5   7   2.0486   2.2464   4.4749   0.8508  -1.1875   1.5350   0.00    0.0
2014/04/28 22:01:00.000  -12.843707958  131.132731693   126.9001   5   7   2.0487   2.2476   4.4705   0.8552  -1.1755   1.5317   0.00    0.0
2014/04/28 22:01:30.000  -12.843707488  131.132730674   126.8229   5   7   2.0489   2.2488   4.4663   0.8595  -1.1635   1.5283   0.00    0.0
2014/04/28 22:02:00.000  -12.843708575  131.132732412   126.6511   5   7   2.0490   2.2500   4.4621   0.8636  -1.1514   1.5250   0.00    0.0
2014/04/28 22:02:30.000  -12.843711410  131.132732566   126.5152   5   7   2.0492   2.2512   4.4580   0.8676  -1.1393   1.5217   0.00    0.0
2014/04/28 22:03:00.000  -12.843711652  131.132728424   126.2160   5   7   2.0495   2.2537   4.4600   0.8730  -1.1195   1.5210   0.00    0.0
2014/04/28 22:03:30.000  -12.843710744  131.132724394   126.0688   5   6   2.0501   2.9975   4.6654   0.9228   1.2253   1.5368   0.00    0.0
2014/04/28 22:04:00.000  -12.843708398  131.132728715   126.4756   5   6   2.0503   3.0087   4.6632   0.9344   1.2481   1.5370   0.00    0.0
2014/04/28 22:04:30.000  -12.843707098  131.132728919   126.5500   5   6   2.0581   3.0304   4.6665   0.9222   1.2925   1.5245   0.00    0.0
2014/04/28 22:05:00.000  -12.843705940  131.132727477   126.5645   5   7   2.0586   2.2599   4.4479   0.8814  -1.0648   1.5027   0.00    0.0
2014/04/28 22:05:30.000  -12.843704697  131.132729578   126.9647   5   7   2.0595   2.2614   4.4450   0.8843  -1.0512   1.4988   0.00    0.0
2014/04/28 22:06:00.000  -12.843706102  131.132730030   127.0781   5   7   2.0604   2.2628   4.4422   0.8871  -1.0375   1.4949   0.00    0.0
2014/04/28 22:06:30.000  -12.843706974  131.132733289   127.0466   5   7   2.0613   2.2643   4.4396   0.8898  -1.0238   1.4910   0.00    0.0
2014/04/28 22:07:00.000  -12.843706157  131.132736349   127.1046   5   7   2.0622   2.2658   4.4371   0.8924  -1.0099   1.4870   0.00    0.0
2014/04/28 22:07:30.000  -12.843705460  131.132736216   127.3044   5   7   2.0631   2.2672   4.4347   0.8949  -0.9959   1.4830   0.00    0.0
2014/04/28 22:08:00.000  -12.843703486  131.132737061   127.7050   5   7   2.0640   2.2687   4.4325   0.8973  -0.9818   1.4790   0.00    0.0
2014/04/28 22:08:30.000  -12.843702107  131.132735488   127.5886   5   7   2.0649   2.2702   4.4303   0.8996  -0.9676   1.4749   0.00    0.0
2014/04/28 22:09:00.000  -12.843701247  131.132735400   127.5681   5   7   2.0658   2.2717   4.4283   0.9018  -0.9532   1.4708   0.00    0.0
2014/04/28 22:09:30.000  -12.843701729  131.132733033   127.2795   5   7   2.0667   2.2732   4.4265   0.9039  -0.9387   1.4666   0.00    0.0
2014/04/28 22:10:00.000  -12.843704256  131.132731835   126.8651   5   7   2.0676   2.2751   4.4350   0.9054  -0.9307   1.4645   0.00    0.0
2014/04/28 22:10:30.000  -12.843706312  131.132732071   127.0677   5   7   2.0686   2.2766   4.4344   0.9072  -0.9166   1.4606   0.00    0.0
2014/04/28 22:11:00.000  -12.843706633  131.132733805   127.0672   5   7   2.0695   2.2782   4.4339   0.9090  -0.9023   1.4565   0.00    0.0
2014/04/28 22:11:30.000  -12.843705813  131.132732118   127.1222   5   7   2.0704   2.2797   4.4335   0.9106  -0.8878   1.4525   0.00    0.0
2014/04/28 22:12:00.000  -12.843705569  131.132730647   127.0807   5   7   2.0713   2.2813   4.4332   0.9122  -0.8732   1.4484   0.00    0.0
2014/04/28 22:12:30.000  -12.843705810  131.132733053   127.0465   5   7   2.0722   2.2828   4.4332   0.9136  -0.8584   1.4444   0.00    0.0
2014/04/28 22:13:00.000  -12.843705426  131.132733579   127.0583   5   7   2.0731   2.2844   4.4332   0.9150  -0.8434   1.4402   0.00    0.0
2014/04/28 22:13:30.000  -12.843706000  131.132734801   126.9719   5   7   2.0741   2.2859   4.4334   0.9162  -0.8282   1.4361   0.00    0.0
2014/04/28 22:14:00.000  -12.843703943  131.132734259   126.8351   5   7   2.0750   2.2875   4.4338   0.9174  -0.8129   1.4319   0.00    0.0
2014/04/28 22:14:30.000  -12.843702531  131.132736579   126.7959   5   7   2.0759   2.2891   4.4343   0.9185  -0.7973   1.4276   0.00    0.0
2014/04/28 22:15:00.000  -12.843702911  131.132737445   126.7369   5   7   2.0769   2.2906   4.4350   0.9195  -0.7815   1.4233   0.00    0.0
2014/04/28 22:15:30.000  -12.843703900  131.132737149   126.8154   5   7   2.0778   2.2922   4.4358   0.9203  -0.7655   1.4190   0.00    0.0
2014/04/28 22:16:00.000  -12.843705223  131.132737735   126.7620   5   7   2.0787   2.2938   4.4368   0.9211  -0.7492   1.4147   0.00    0.0
2014/04/28 22:16:30.000  -12.843705023  131.132739764   127.3297   5   7   2.0797   2.2954   4.4379   0.9218  -0.7327   1.4103   0.00    0.0
2014/04/28 22:17:00.000  -12.843705549  131.132739629   127.4233   5   7   2.0806   2.2970   4.4392   0.9225  -0.7158   1.4058   0.00    0.0
2014/04/28 22:17:30.000  -12.843703714  131.132739562   127.3832   5   7   2.0816   2.2985   4.4407   0.9230  -0.6987   1.4013   0.00    0.0
2014/04/28 22:18:00.000  -12.843703254  131.132737478   127.5278   5   7   2.0825   2.3001   4.4423   0.9234  -0.6812   1.3968   0.00    0.0
2014/04/28 22:18:30.000  -12.843701379  131.132736882   127.5896   5   7   2.0835   2.3017   4.4441   0.9238  -0.6634   1.3922   0.00    0.0
2014/04/28 22:19:00.000  -12.843701262  131.132737269   127.9381   5   7   2.0844   2.3033   4.4460   0.9240  -0.6451   1.3876   0.00    0.0
2014/04/28 22:19:30.000  -12.843700947  131.132734470   128.0031   5   7   2.0854   2.3049   4.4481   0.9242  -0.6265   1.3829   0.00    0.0
2014/04/28 22:20:00.000  -12.843702108  131.132735037   128.0623   5   7   2.0864   2.3065   4.4504   0.9243  -0.6073   1.3782   0.00    0.0
2014/04/28 22:20:30.000  -12.843701358  131.132736099   127.9081   5   7   2.0873   2.3081   4.4528   0.9243  -0.5877   1.3734   0.00    0.0
2014/04/28 22:21:00.000  -12.843701657  131.132733939   127.7886   5   7   2.0883   2.3097   4.4554   0.9242  -0.5675   1.3686   0.00    0.0
2014/04/28 22:21:30.000  -12.843702628  131.132736373   127.4583   5   7   2.0893   2.3113   4.4581   0.9241  -0.5467   1.3637   0.00    0.0
2014/04/28 22:22:00.000  -12.843703224  131.132737218   127.4776   5   7   2.0985   2.3141   4.4626   0.9309  -0.5170   1.3668   0.00    0.0
2014/04/28 22:22:30.000  -12.843702068  131.132735199   127.6630   5   7   2.1003   2.3158   4.4658   0.9312  -0.4937   1.3625   0.00    0.0
2014/04/28 22:23:00.000  -12.843701631  131.132734468   127.7312   5   7   2.1021   2.3175   4.4692   0.9314  -0.4694   1.3581   0.00    0.0
2014/04/28 22:23:30.000  -12.843702373  131.132735124   127.7219   5   7   2.1039   2.3191   4.4727   0.9315  -0.4440   1.3536   0.00    0.0
2014/04/28 22:24:00.000  -12.843704569  131.132735968   127.2107   5   7   2.1056   2.3208   4.4763   0.9314  -0.4173   1.3490   0.00    0.0
2014/04/28 22:24:30.000  -12.843706274  131.132737586   126.7852   5   7   2.1074   2.3225   4.4802   0.9313  -0.3889   1.3443   0.00    0.0
2014/04/28 22:25:00.000  -12.843706408  131.132738035   126.6676   5   7   2.1091   2.3242   4.4841   0.9311  -0.3585   1.3395   0.00    0.0
2014/04/28 22:25:30.000  -12.843704738  131.132738004   126.6931   5   7   2.1109   2.3259   4.4883   0.9307  -0.3256   1.3346   0.00    0.0
2014/04/28 22:26:00.000  -12.843702953  131.132736748   127.0281   5   7   2.1126   2.3276   4.4926   0.9303  -0.2892   1.3296   0.00    0.0
2014/04/28 22:26:30.000  -12.843703430  131.132735136   127.0359   5   7   2.1143   2.3293   4.4971   0.9298  -0.2478   1.3245   0.00    0.0
2014/04/28 22:27:00.000  -12.843703372  131.132734053   127.2835   5   7   2.1161   2.3310   4.5017   0.9291  -0.1984   1.3193   0.00    0.0
2014/04/28 22:27:30.000  -12.843701666  131.132736181   127.4381   5   7   2.1178   2.3326   4.5065   0.9284  -0.1321   1.3140   0.00    0.0
2014/04/28 22:28:00.000  -12.843702399  131.132737418   127.4966   5   7   2.1195   2.3343   4.5115   0.9275   0.0655   1.3086   0.00    0.0
2014/04/28 22:28:30.000  -12.843701670  131.132737753   127.6495   5   7   2.1212   2.3360   4.5166   0.9266   0.1608   1.3030   0.00    0.0
2014/04/28 22:29:00.000  -12.843701912  131.132737539   127.5378   5   7   2.1229   2.3377   4.5219   0.9256   0.2175   1.2974   0.00    0.0
2014/04/28 22:29:30.000  -12.843699916  131.132737874   127.3987   5   7   2.1246   2.3393   4.5274   0.9244   0.2619   1.2916   0.00    0.0
2014/04/28 22:30:00.000  -12.843698778  131.132739268   127.2661   5   7   2.1264   2.3410   4.5331   0.9232   0.2995   1.2858   0.00    0.0
2014/04/28 22:30:30.000  -12.843698205  131.132738594   127.5350   5   7   2.1281   2.3427   4.5389   0.9218   0.3327   1.2798   0.00    0.0
2014/04/28 22:31:00.000  -12.843699036  131.132738546   127.2170   5   7   2.1301   2.3628   4.5490   0.9260   0.4339   1.2763   0.00    0.0
2014/04/28 22:31:30.000  -12.843699512  131.132737261   126.9653   5   7   2.1318   2.3660   4.5555   0.9250   0.4623   1.2704   0.00    0.0
2014/04/28 22:32:00.000  -12.843700836  131.132738525   126.7649   5   7   2.1335   2.3692   4.5622   0.9239   0.4889   1.2643   0.00    0.0
2014/04/28 22:32:30.000  -12.843702599  131.132739497   126.5606   5   8   1.9184   2.1965   4.1502   0.1057  -1.2036  -0.4568   0.00    0.0
2014/04/28 22:33:00.000  -12.843703794  131.132740150   126.6486   5   8   1.9202   2.1988   4.1586   0.0771  -1.1949  -0.4732   0.00    0.0
2014/04/28 22:33:30.000  -12.843703498  131.132740548   127.0215   5   8   1.9220   2.2011   4.1671   0.0255  -1.1861  -0.4891   0.00    0.0
2014/04/28 22:34:00.000  -12.843704157  131.132738663   126.9642   5   8   1.9239   2.2035   4.1758  -0.0688  -1.1772  -0.5047   0.00    0.0
2014/04/28 22:34:30.000  -12.843703481  131.132738928   126.8269   5   8   1.9257   2.2059   4.1848  -0.1010  -1.1683  -0.5200   0.00    0.0
2014/04/28 22:35:00.000  -12.843701313  131.132739321   126.7748   5   8   1.9275   2.2083   4.1939  -0.1255  -1.1592  -0.5350   0.00    0.0
2014/04/28 22:35:30.000  -12.843699388  131.132740127   126.8771   5   8   1.9294   2.2108   4.2033  -0.1463  -1.1501  -0.5497   0.00    0.0
2014/04/28 22:36:00.000  -12.843699932  131.132739956   127.1693   5   8   1.9313   2.2133   4.2129  -0.1647  -1.1409  -0.5642   0.00    0.0
2014/04/28 22:36:30.000  -12.843700858  131.132739374   127.5229   5   7   2.0922   2.6385   4.8594  -1.0858  -2.1738   1.2607   0.00    0.0
2014/04/28 22:37:00.000  -12.843703527  131.132738223   127.0520   5   7   2.0927   2.6371   4.8725  -1.0839  -2.1681   1.2538   0.00    0.0
2014/04/28 22:37:30.000  -12.843703726  131.132738808   126.9119   5   7   2.0931   2.6358   4.8859  -1.0821  -2.1625   1.2468   0.00    0.0
2014/04/28 22:38:00.000  -12.843705009  131.132739123   126.7878   5   7   2.0936   2.6345   4.8996  -1.0803  -2.1569   1.2397   0.00    0.0
2014/04/28 22:38:30.000  -12.843702772  131.132739790   127.0612   5   7   2.0941   2.6332   4.9136  -1.0785  -2.1514   1.2326   0.00    0.0
2014/04/28 22:39:00.000  -12.843700769  131.132739712   127.2782   5   7   2.0946   2.6320   4.9279  -1.0767  -2.1458   1.2253   0.00    0.0
2014/04/28 22:39:30.000  -12.843700765  131.132739182   127.2975   5   7   2.0951   2.6308   4.9426  -1.0750  -2.1403   1.2179   0.00    0.0
2014/04/28 22:40:00.000  -12.843699885  131.132738667   127.3797   5   7   2.0956   2.6297   4.9575  -1.0733  -2.1348   1.2104   0.00    0.0
2014/04/28 22:40:30.000  -12.843699741  131.132738880   127.5204   5   7   2.0961   2.6287   4.9728  -1.0716  -2.1293   1.2028   0.00    0.0
2014/04/28 22:41:00.000  -12.843700151  131.132738094   127.9341   5   7   2.0966   2.6276   4.9884  -1.0699  -2.1238   1.1951   0.00    0.0
2014/04/28 22:41:30.000  -12.843700614  131.132738963   128.1710   5   7   2.0971   2.6267   5.0044  -1.0683  -2.1183   1.1873   0.00    0.0
2014/04/28 22:42:00.000  -12.843700611  131.132738846   128.1174   5   7   2.0977   2.6258   5.0207  -1.0667  -2.1129   1.1794   0.00    0.0
2014/04/28 22:42:30.000  -12.843699759  131.132737593   128.0381   5   7   2.0982   2.6249   5.0373  -1.0651  -2.1075   1.1714   0.00    0.0
2014/04/28 22:43:00.000  -12.843699061  131.132736780   128.2407   5   7   2.0987   2.6241   5.0543  -1.0636  -2.1020   1.1632   0.00    0.0
2014/04/28 22:43:30.000  -12.843697251  131.132736356   128.3187   5   7   2.0992   2.6233   5.0716  -1.0620  -2.0966   1.1550   0.00    0.0
2014/04/28 22:44:00.000  -12.843697519  131.132736940   127.7294   5   7   2.0997   2.6226   5.0892  -1.0606  -2.0913   1.1466   0.00    0.0
2014/04/28 22:44:30.000  -12.843697227  131.132736229   127.3390   5   7   2.1072   2.6226   5.1231  -1.0545  -2.0804   1.1679   0.00    0.0
2014/04/28 22:45:00.000  -12.843697725  131.132735078   127.3662   5   7   2.1085   2.6220   5.1432  -1.0525  -2.0743   1.1629   0.00    0.0
2014/04/28 22:45:30.000  -12.843700063  131.132735450   127.5845   5   7   2.1098   2.6216   5.1637  -1.0505  -2.0682   1.1579   0.00    0.0
2014/04/28 22:46:00.000  -12.843700714  131.132736106   128.0056   5   7   2.1111   2.6211   5.1846  -1.0486  -2.0622   1.1527   0.00    0.0
2014/04/28 22:46:30.000  -12.843700283  131.132735133   128.4632   5   7   2.1124   2.6208   5.2058  -1.0466  -2.0560   1.1475   0.00    0.0
2014/04/28 22:47:00.000  -12.843700997  131.132735920   128.0709   5   7   2.1137   2.6205   5.2273  -1.0447  -2.0499   1.1421   0.00    0.0
2014/04/28 22:47:30.000  -12.843700811  131.132737127   127.8219   5   7   2.1150   2.6202   5.2493  -1.0428  -2.0438   1.1367   0.00    0.0
2014/04/28 22:48:00.000  -12.843700203  131.132736397   127.6428   5   7   2.1163   2.6200   5.2715  -1.0410  -2.0377   1.1311   0.00    0.0
2014/04/28 22:48:30.000  -12.843696506  131.132737332   127.5170   5   6   2.7138   2.6211   6.0796  -1.1030  -1.9714  -1.9509   0.00    0.0
2014/04/28 22:49:00.000  -12.843693147  131.132736307   127.4896   5   6   2.7156   2.6209   6.1237  -1.0983  -1.9670  -1.9762   0.00    0.0
2014/04/28 22:49:30.000  -12.843692534  131.132736411   127.2974   5   6   2.7173   2.6208   6.1686  -1.0937  -1.9627  -2.0015   0.00    0.0
2014/04/28 22:50:00.000  -12.843694067  131.132737511   127.2763   5   6   2.7191   2.6207   6.2144  -1.0892  -1.9584  -2.0269   0.00    0.0
2014/04/28 22:50:30.000  -12.843695068  131.132737296   127.1750   5   6   2.7209   2.6207   6.2609  -1.0847  -1.9541  -2.0524   0.00    0.0
2014/04/28 22:51:00.000  -12.843696059  131.132736703   127.1708   5   6   2.7227   2.6207   6.3083  -1.0803  -1.9498  -2.0780   0.00    0.0
2014/04/28 22:51:30.000  -12.843697270  131.132737347   127.5382   5   6   2.7245   2.6208   6.3566  -1.0760  -1.9455  -2.1036   0.00    0.0
2014/04/28 22:52:00.000  -12.843696042  131.132737390   127.8757   5   6   2.7264   2.6210   6.4057  -1.0717  -1.9412  -2.1293   0.00    0.0
2014/04/28 22:52:30.000  -12.843695026  131.132737132   128.1673   5   6   2.7283   2.6212   6.4557  -1.0676  -1.9370  -2.1551   0.00    0.0
2014/04/28 22:53:00.000  -12.843693606  131.132736332   128.1295   5   6   2.7303   2.6215   6.5066  -1.0635  -1.9327  -2.1810   0.00    0.0
2014/04/28 22:53:30.000  -12.843694456  131.132735960   128.3131   5   6   2.7323   2.6219   6.5584  -1.0594  -1.9284  -2.2071   0.00    0.0
2014/04/28 22:54:00.000  -12.843694248  131.132735384   128.4742   5   6   2.7343   2.6223   6.6111  -1.0555  -1.9242  -2.2332   0.00    0.0
2014/04/28 22:54:30.000  -12.843694914  131.132735995   128.4315   5   6   2.7363   2.6228   6.6647  -1.0516  -1.9199  -2.2594   0.00    0.0
2014/04/28 22:55:00.000  -12.843696663  131.132736580   127.8974   5   6   2.7384   2.6234   6.7192  -1.0478  -1.9156  -2.2858   0.00    0.0
2014/04/28 22:55:30.000  -12.843697175  131.132736274   127.8583   5   6   2.7405   2.6240   6.7747  -1.0441  -1.9114  -2.3123   0.00    0.0
2014/04/28 22:56:00.000  -12.843698135  131.132736515   127.7260   5   6   2.7427   2.6246   6.8311  -1.0405  -1.9071  -2.3389   0.00    0.0
2014/04/28 22:56:30.000  -12.843697956  131.132737404   128.0114   5   6   2.7449   2.6254   6.8885  -1.0370  -1.9027  -2.3656   0.00    0.0
2014/04/28 22:57:00.000  -12.843697390  131.132737902   128.0281   5   6   2.7471   2.6262   6.9469  -1.0335  -1.8984  -2.3924   0.00    0.0
2014/04/28 22:57:30.000  -12.843697735  131.132737957   128.0411   5   6   2.7494   2.6270   7.0062  -1.0302  -1.8941  -2.4194   0.00    0.0
2014/04/28 22:58:00.000  -12.843697045  131.132737654   128.5212   5   6   2.7518   2.6280   7.0665  -1.0269  -1.8897  -2.4465   0.00    0.0
2014/04/28 22:58:30.000  -12.843697873  131.132736600   128.1814   5   6   2.7541   2.6289   7.1278  -1.0237  -1.8853  -2.4737   0.00    0.0
2014/04/28 22:59:00.000  -12.843696800  131.132735182   128.2030   5   6   2.7565   2.6300   7.1901  -1.0206  -1.8808  -2.5010   0.00    0.0
2014/04/28 22:59:30.000  -12.843695660  131.132734909   127.9763   5   6   2.7590   2.6311   7.2535  -1.0176  -1.8763  -2.5285   0.00    0.0
2014/04/28 23:00:00.000  -12.843693714  131.132735337   127.9098   5   6   2.7615   2.6322   7.3178  -1.0147  -1.8718  -2.5561   0.00    0.0
2014/04/28 23:00:30.000  -12.843693184  131.132736626   127.8491   5   6   2.7640   2.6335   7.3831  -1.0119  -1.8672  -2.5839   0.00    0.0
2014/04/28 23:01:00.000  -12.843693849  131.132735907   127.7994   5   6   2.7666   2.6348   7.4495  -1.0092  -1.8626  -2.6117   0.00    0.0
2014/04/28 23:01:30.000  -12.843694788  131.132735648   128.0840   5   6   2.7692   2.6361   7.5169  -1.0066  -1.8579  -2.6397   0.00    0.0
2014/04/28 23:02:00.000  -12.843695124  131.132735644   127.8531   5   6   2.7719   2.6375   7.5853  -1.0041  -1.8532  -2.6678   0.00    0.0
2014/04/28 23:02:30.000  -12.843695199  131.132735494   127.3693   5   6   2.7746   2.6390   7.6547  -1.0017  -1.8484  -2.6960   0.00    0.0
2014/04/28 23:03:00.000  -12.843694268  131.132736350   127.4025   5   6   2.7773   2.6405   7.7252  -0.9995  -1.8436  -2.7244   0.00    0.0
2014/04/28 23:03:30.000  -12.843693447  131.132736405   127.4079   5   6   2.7801   2.6421   7.7967  -0.9973  -1.8386  -2.7528   0.00    0.0
2014/04/28 23:04:00.000  -12.843695081  131.132737589   128.4404   5   6   2.7829   2.6438   7.8692  -0.9952  -1.8336  -2.7814   0.00    0.0
2014/04/28 23:04:30.000  -12.843694627  131.132737018   128.9489   5   6   2.7858   2.6455   7.9427  -0.9932  -1.8285  -2.8100   0.00    0.0
2014/04/28 23:05:00.000  -12.843694250  131.132736683   128.9316   5   6   2.7887   2.6473   8.0172  -0.9913  -1.8233  -2.8387   0.00    0.0
2014/04/28 23:05:30.000  -12.843696523  131.132737360   128.7791   5   6   2.7916   2.6491   8.0928  -0.9896  -1.8181  -2.8676   0.00    0.0
2014/04/28 23:06:00.000  -12.843698245  131.132737843   129.1429   5   6   2.7946   2.6510   8.1693  -0.9880  -1.8127  -2.8964   0.00    0.0
2014/04/28 23:06:30.000  -12.843697356  131.132737974   129.2631   5   6   2.7976   2.6530   8.2468  -0.9864  -1.8072  -2.9254   0.00    0.0
2014/04/28 23:07:00.000  -12.843696144  131.132737851   129.0145   5   6   2.8006   2.6550   8.3252  -0.9850  -1.8016  -2.9544   0.00    0.0
2014/04/28 23:07:30.000  -12.843694858  131.132737808   128.7854   5   6   2.8036   2.6571   8.4046  -0.9837  -1.7959  -2.9834   0.00    0.0
2014/04/28 23:08:00.000  -12.843694921  131.132737694   128.8658   5   6   2.8067   2.6592   8.4849  -0.9825  -1.7901  -3.0125   0.00    0.0
2014/04/28 23:08:30.000  -12.843695196  131.132737050   128.8588   5   6   2.8098   2.6614   8.5661  -0.9815  -1.7841  -3.0416   0.00    0.0
2014/04/28 23:09:00.000  -12.843695664  131.132735818   129.2281   5   6   2.8130   2.6637   8.6482  -0.9805  -1.7780  -3.0707   0.00    0.0
2014/04/28 23:09:30.000  -12.843696319  131.132736326   129.2020   5   6   2.8161   2.6660   8.7311  -0.9797  -1.7718  -3.0997   0.00    0.0
2014/04/28 23:10:00.000  -12.843696205  131.132736496   129.0709   5   6   2.8192   2.6684   8.8149  -0.9790  -1.7654  -3.1288   0.00    0.0
2014/04/28 23:10:30.000  -12.843695672  131.132735478   129.0815   5   6   2.8224   2.6709   8.8994  -0.9784  -1.7589  -3.1577   0.00    0.0
2014/04/28 23:11:00.000  -12.843695541  131.132735102   129.2321   5   6   2.8256   2.6734   8.9846  -0.9780  -1.7521  -3.1866   0.00    0.0
2014/04/28 23:11:30.000  -12.843694776  131.132734556   129.2034   5   6   2.8287   2.6760   9.0705  -0.9776  -1.7453  -3.2154   0.00    0.0
2014/04/28 23:12:00.000  -12.843694932  131.132735385   128.9065   5   6   2.8319   2.6786   9.1571  -0.9774  -1.7382  -3.2441   0.00    0.0
2014/04/28 23:12:30.000  -12.843694400  131.132736048   128.7585   5   6   2.8350   2.6813   9.2442  -0.9773  -1.7310  -3.2726   0.00    0.0
2014/04/28 23:13:00.000  -12.843694850  131.132734582   128.7808   5   6   2.8381   2.6841   9.3319  -0.9774  -1.7236  -3.3009   0.00    0.0
2014/04/28 23:13:30.000  -12.843694254  131.132734661   128.6436   5   6   2.8412   2.6870   9.4200  -0.9775  -1.7159  -3.3290   0.00    0.0
2014/04/28 23:14:00.000  -12.843695265  131.132736646   128.8116   5   6   2.8443   2.6899   9.5086  -0.9778  -1.7081  -3.3569   0.00    0.0
2014/04/28 23:14:30.000  -12.843694920  131.132737259   128.5751   5   6   2.8473   2.6928   9.5975  -0.9782  -1.7001  -3.3845   0.00    0.0
2014/04/28 23:15:00.000  -12.843695004  131.132737505   129.1006   5   6   2.8503   2.6958   9.6866  -0.9787  -1.6918  -3.4118   0.00    0.0
2014/04/28 23:15:30.000  -12.843694947  131.132738185   129.1806   5   6   2.8533   2.6989   9.7760  -0.9794  -1.6833  -3.4388   0.00    0.0
2014/04/28 23:16:00.000  -12.843694327  131.132738427   128.8557   5   6   2.8562   2.7021   9.8654  -0.9802  -1.6746  -3.4654   0.00    0.0
2014/04/28 23:16:30.000  -12.843694650  131.132737304   128.9593   5   6   2.8590   2.7053   9.9548  -0.9810  -1.6657  -3.4915   0.00    0.0
2014/04/28 23:17:00.000  -12.843695411  131.132737285   129.3855   5   6   2.8617   2.7086  10.0441  -0.9820  -1.6565  -3.5172   0.00    0.0
2014/04/28 23:17:30.000  -12.843695521  131.132736582   129.8511   5   6   2.8644   2.7119  10.1333  -0.9832  -1.6471  -3.5425   0.00    0.0
2014/04/28 23:18:00.000  -12.843695507  131.132736743   130.1135   5   6   2.8670   2.7153  10.2221  -0.9844  -1.6374  -3.5671   0.00    0.0
2014/04/28 23:18:30.000  -12.843694675  131.132736266   130.4398   5   6   2.8695   2.7188  10.3105  -0.9858  -1.6275  -3.5912   0.00    0.0
2014/04/28 23:19:00.000  -12.843695152  131.132737344   130.3114   5   6   2.8719   2.7224  10.3984  -0.9872  -1.6173  -3.6147   0.00    0.0
2014/04/28 23:19:30.000  -12.843694762  131.132735938   130.0018   5   6   2.8741   2.7260  10.4857  -0.9888  -1.6069  -3.6375   0.00    0.0
2014/04/28 23:20:00.000  -12.843695104  131.132735499   130.3943   5   6   2.8763   2.7296  10.5721  -0.9905  -1.5962  -3.6595   0.00    0.0
2014/04/28 23:20:30.000  -12.843694273  131.132736210   130.1873   5   6   2.8783   2.7334  10.6577  -0.9923  -1.5852  -3.6808   0.00    0.0
2014/04/28 23:21:00.000  -12.843694013  131.132735710   130.3384   5   6   2.8802   2.7372  10.7422  -0.9942  -1.5739  -3.7012   0.00    0.0
2014/04/28 23:21:30.000  -12.843693328  131.132737328   130.2744   5   6   2.8819   2.7411  10.8256  -0.9962  -1.5624  -3.7208   0.00    0.0
2014/04/28 23:22:00.000  -12.843693261  131.132739728   130.5915   5   6   2.8835   2.7450  10.9077  -0.9983  -1.5507  -3.7394   0.00    0.0
2014/04/28 23:22:30.000  -12.843694595  131.132740010   130.5370   5   6   2.8849   2.7490  10.9883  -1.0004  -1.5386  -3.7570   0.00    0.0
2014/04/28 23:23:00.000  -12.843694442  131.132740491   130.2309   5   6   2.8861   2.7531  11.0673  -1.0027  -1.5263  -3.7736   0.00    0.0
2014/04/28 23:23:30.000  -12.843699462  131.132742377   131.9636   5   7   2.2013   2.6783   8.0532   0.4623  -2.7089   0.1854   0.00    0.0
2014/04/28 23:24:00.000  -12.843700017  131.132742377   131.8613   5   7   2.2021   2.6807   8.1101   0.4727  -2.7188   0.1449   0.00    0.0
2014/04/28 23:24:30.000  -12.843700953  131.132741884   131.7239   5   7   2.2030   2.6831   8.1669   0.4829  -2.7287   0.0903   0.00    0.0
2014/04/28 23:25:00.000  -12.843700424  131.132740954   131.7337   5   7   2.2039   2.6856   8.2235   0.4927  -2.7384  -0.0643   0.00    0.0
2014/04/28 23:25:30.000  -12.843699425  131.132740948   131.6013   5   7   2.2049   2.6881   8.2800   0.5023  -2.7480  -0.1258   0.00    0.0
2014/04/28 23:26:00.000  -12.843699518  131.132740979   131.7192   5   7   2.2059   2.6905   8.3363   0.5116  -2.7575  -0.1640   0.00    0.0
2014/04/28 23:26:30.000  -12.843696529  131.132739692   130.0100   5   6   2.8896   2.7835  11.5636  -1.0208  -1.4335  -3.8568   0.00    0.0
2014/04/28 23:27:00.000  -12.843697629  131.132739056   129.4529   5   6   2.8892   2.7881  11.6246  -1.0236  -1.4193  -3.8634   0.00    0.0
2014/04/28 23:27:30.000  -12.843702096  131.132739776   131.4841   5   7   2.2093   2.6979   8.5034   0.5380  -2.7850  -0.2367   0.00    0.0
2014/04/28 23:28:00.000  -12.843698194  131.132737120   129.6504   5   6   2.8880   2.7976  11.7380  -1.0295  -1.3905  -3.8722   0.00    0.0
2014/04/28 23:28:30.000  -12.843701347  131.132738128   131.6563   5   7   2.2119   2.7028   8.6127   0.5544  -2.8023  -0.2679   0.00    0.0
2014/04/28 23:29:00.000  -12.843697500  131.132735481   129.8868   5   6   2.8859   2.8073  11.8390  -1.0355  -1.3612  -3.8750   0.00    0.0
2014/04/28 23:29:30.000  -12.843696857  131.132735295   129.8233   5   6   2.8845   2.8122  11.8846  -1.0386  -1.3463  -3.8740   0.00    0.0
2014/04/28 23:30:00.000  -12.843696427  131.132736529   129.8073   5   6   2.8829   2.8173  11.9268  -1.0417  -1.3313  -3.8715   0.00    0.0
2014/04/28 23:30:30.000  -12.843695815  131.132737743   129.7499   5   6   2.8812   2.8224  11.9655  -1.0448  -1.3163  -3.8673   0.00    0.0
2014/04/28 23:31:00.000  -12.843699150  131.132740862   131.6372   5   7   2.2193   2.7150   8.8756   0.5920  -2.8412  -0.3104   0.00    0.0
2014/04/28 23:31:30.000  -12.843694877  131.132737592   129.3299   5   6   2.8771   2.8328  12.0321  -1.0512  -1.2861  -3.8542   0.00    0.0
2014/04/28 23:32:00.000  -12.843699077  131.132738624   131.4020   5   7   2.2227   2.7197   8.9753   0.6058  -2.8545  -0.3157   0.00    0.0
2014/04/28 23:32:30.000  -12.843697556  131.132736121   130.6621   5   7   2.2244   2.7221   9.0238   0.6125  -2.8606  -0.3159   0.00    0.0
2014/04/28 23:33:00.000  -12.843695349  131.132734259   129.7517   5   6   2.8696   2.8489  12.1043  -1.0608  -1.2407  -3.8223   0.00    0.0
2014/04/28 23:33:30.000  -12.843694937  131.132736332   129.4286   5   6   2.8669   2.8545  12.1209  -1.0641  -1.2257  -3.8084   0.00    0.0
2014/04/28 23:34:00.000  -12.843697963  131.132738136   130.6522   5   7   2.2301   2.7290   9.1628   0.6316  -2.8765  -0.3066   0.00    0.0
2014/04/28 23:34:30.000  -12.843698787  131.132738223   130.7083   5   7   2.2321   2.7312   9.2068   0.6376  -2.8809  -0.2999   0.00    0.0
2014/04/28 23:35:00.000  -12.843699168  131.132738137   131.0049   5   7   2.2342   2.7334   9.2495   0.6436  -2.8848  -0.2911   0.00    0.0
2014/04/28 23:35:30.000  -12.843699834  131.132738354   131.3370   5   7   2.2364   2.7356   9.2909   0.6494  -2.8883  -0.2801   0.00    0.0
2014/04/28 23:36:00.000  -12.843700676  131.132738757   131.3812   5   7   2.2386   2.7378   9.3309   0.6551  -2.8912  -0.2665   0.00    0.0
2014/04/28 23:36:30.000  -12.843701376  131.132738930   131.1104   5   7   2.2408   2.7399   9.3695   0.6607  -2.8936  -0.2500   0.00    0.0
2014/04/28 23:37:00.000  -12.843701825  131.132738832   131.0771   5   7   2.2431   2.7420   9.4066   0.6661  -2.8955  -0.2298   0.00    0.0
2014/04/28 23:37:30.000  -12.843702306  131.132740253   131.2924   5   7   2.2455   2.7440   9.4421   0.6715  -2.8968  -0.2049   0.00    0.0
2014/04/28 23:38:00.000  -12.843701182  131.132741694   130.7597   5   7   2.2480   2.7460   9.4761   0.6767  -2.8976  -0.1734   0.00    0.0
2014/04/28 23:38:30.000  -12.843701439  131.132741212   130.3026   5   7   2.2505   2.7480   9.5084   0.6819  -2.8977  -0.1304   0.00    0.0
2014/04/28 23:39:00.000  -12.843702100  131.132742071   130.4139   5   7   2.2531   2.7500   9.5391   0.6869  -2.8973  -0.0533   0.00    0.0
2014/04/28 23:39:30.000  -12.843702515  131.132743138   130.1735   5   7   2.2558   2.7519   9.5680   0.6919  -2.8963   0.1115   0.00    0.0
2014/04/28 23:40:00.000  -12.843702522  131.132743607   130.4468   5   7   2.2585   2.7537   9.5951   0.6968  -2.8946   0.1696   0.00    0.0
2014/04/28 23:40:30.000  -12.843703564  131.132743446   131.0102   5   7   2.2613   2.7556   9.6205   0.7016  -2.8923   0.2149   0.00    0.0
2014/04/28 23:41:00.000  -12.843703455  131.132742897   131.0014   5   7   2.2641   2.7574   9.6440   0.7063  -2.8893   0.2543   0.00    0.0
2014/04/28 23:41:30.000  -12.843701916  131.132741402   130.7049   5   7   2.2670   2.7591   9.6657   0.7109  -2.8858   0.2901   0.00    0.0
2014/04/28 23:42:00.000  -12.843701565  131.132739859   130.8754   5   7   2.2700   2.7608   9.6855   0.7155  -2.8815   0.3234   0.00    0.0
2014/04/28 23:42:30.000  -12.843701162  131.132739827   130.9636   5   7   2.2731   2.7625   9.7035   0.7201  -2.8766   0.3550   0.00    0.0
2014/04/28 23:43:00.000  -12.843700905  131.132740430   130.5203   5   7   2.2762   2.7642   9.7195   0.7245  -2.8711   0.3852   0.00    0.0
2014/04/28 23:43:30.000  -12.843700708  131.132742001   129.9361   5   7   2.2794   2.7658   9.7335   0.7289  -2.8648   0.4143   0.00    0.0
2014/04/28 23:44:00.000  -12.843700037  131.132741078   129.8215   5   7   2.2827   2.7674   9.7457   0.7333  -2.8579   0.4424   0.00    0.0
2014/04/28 23:44:30.000  -12.843699740  131.132740488   129.4814   5   7   2.2861   2.7689   9.7559   0.7376  -2.8504   0.4697   0.00    0.0
2014/04/28 23:45:00.000  -12.843700925  131.132740088   129.6017   5   7   2.2895   2.7704   9.7642   0.7419  -2.8422   0.4962   0.00    0.0
2014/04/28 23:45:30.000  -12.843701603  131.132739994   129.8673   5   7   2.2930   2.7719   9.7706   0.7462  -2.8333   0.5221   0.00    0.0
2014/04/28 23:46:00.000  -12.843701283  131.132740773   130.3554   5   7   2.2965   2.7734   9.7751   0.7504  -2.8238   0.5474   0.00    0.0
2014/04/28 23:46:30.000  -12.843700124  131.132741349   130.1323   5   7   2.3002   2.7748   9.7777   0.7546  -2.8136   0.5721   0.00    0.0
2014/04/28 23:47:00.000  -12.843700188  131.132739853   130.3039   5   7   2.3039   2.7763   9.7783   0.7588  -2.8027   0.5962   0.00    0.0
2014/04/28 23:47:30.000  -12.843700485  131.132740210   130.2397   5   7   2.3077   2.7777   9.7772   0.7630  -2.7912   0.6198   0.00    0.0
2014/04/28 23:48:00.000  -12.843700137  131.132741021   130.3237   5   7   2.3115   2.7791   9.7742   0.7672  -2.7791   0.6429   0.00    0.0
2014/04/28 23:48:30.000  -12.843700173  131.132740668   130.5897   5   7   2.3155   2.7804   9.7693   0.7713  -2.7664   0.6655   0.00    0.0
2014/04/28 23:49:00.000  -12.843699644  131.132740501   130.6362   5   7   2.3195   2.7818   9.7628   0.7755  -2.7530   0.6877   0.00    0.0
2014/04/28 23:49:30.000  -12.843699173  131.132740790   130.4728   5   7   2.3236   2.7832   9.7544   0.7796  -2.7391   0.7093   0.00    0.0
2014/04/28 23:50:00.000  -12.843698443  131.132741064   130.1924   5   7   2.3278   2.7845   9.7444   0.7838  -2.7246   0.7305   0.00    0.0
2014/04/28 23:50:30.000  -12.843699288  131.132742486   130.0362   5   7   2.3320   2.7859   9.7327   0.7879  -2.7094   0.7512   0.00    0.0
2014/04/28 23:51:00.000  -12.843700437  131.132742319   130.0179   5   7   2.3363   2.7872   9.7194   0.7921  -2.6937   0.7714   0.00    0.0
2014/04/28 23:51:30.000  -12.843700945  131.132742240   130.0640   5   7   2.3407   2.7885   9.7045   0.7963  -2.6775   0.7911   0.00    0.0
2014/04/28 23:52:00.000  -12.843701947  131.132740476   129.9287   5   7   2.3452   2.7899   9.6880   0.8005  -2.6607   0.8104   0.00    0.0
2014/04/28 23:52:30.000  -12.843702923  131.132739861   130.0469   5   7   2.3498   2.7912   9.6701   0.8047  -2.6434   0.8293   0.00    0.0
2014/04/28 23:53:00.000  -12.843701878  131.132739476   129.8506   5   7   2.3544   2.7926   9.6508   0.8089  -2.6256   0.8476   0.00    0.0
2014/04/28 23:53:30.000  -12.843700703  131.132738918   129.3807   5   7   2.3591   2.7940   9.6301   0.8132  -2.6072   0.8655   0.00    0.0
2014/04/28 23:54:00.000  -12.843701060  131.132738238   128.9137   5   7   2.3639   2.7953   9.6081   0.8175  -2.5884   0.8830   0.00    0.0
2014/04/28 23:54:30.000  -12.843700535  131.132739401   128.5478   5   7   2.3688   2.7967   9.5848   0.8218  -2.5692   0.9000   0.00    0.0
2014/04/28 23:55:00.000  -12.843701795  131.132740168   128.2871   5   7   2.3737   2.7982   9.5603   0.8261  -2.5495   0.9165   0.00    0.0
2014/04/28 23:55:30.000  -12.843703704  131.132738437   128.5525   5   7   2.3787   2.7996   9.5347   0.8305  -2.5293   0.9326   0.00    0.0
2014/04/28 23:56:00.000  -12.843703817  131.132740810   129.1224   5   7   2.3838   2.8011   9.5079   0.8349  -2.5087   0.9482   0.00    0.0
2014/04/28 23:56:30.000  -12.843704218  131.132743369   128.9903   5   7   2.3890   2.8026   9.4801   0.8393  -2.4877   0.9634   0.00    0.0
2014/04/28 23:57:00.000  -12.843703871  131.132742900   128.5582   5   7   2.3942   2.8041   9.4513   0.8438  -2.4663   0.9781   0.00    0.0
2014/04/28 23:57:30.000  -12.843703584  131.132743470   128.4602   5   7   2.3996   2.8056   9.4216   0.8483  -2.4446   0.9924   0.00    0.0
2014/04/28 23:58:00.000  -12.843703841  131.132743897   128.5732   5   7   2.4050   2.8072   9.3910   0.8528  -2.4224   1.0062   0.00    0.0
2014/04/28 23:58:30.000  -12.843704424  131.132742911   128.7914   5   7   2.4104   2.8088   9.3596   0.8574  -2.4000   1.0196   0.00    0.0
2014/04/28 23:59:00.000  -12.843705274  131.132741859   128.7654   5   7   2.4160   2.8105   9.3274   0.8620  -2.3771   1.0326   0.00    0.0
2014/04/28 23:59:30.000  -12.843704900  131.132739974   128.6763   5   7   2.4216   2.8122   9.2946   0.8666  -2.3540   1.0451   0.00    0.0
