% program   : RTKPOST-QT ver.2.4.3 Emlid b28
% inp file  : /media/renato/OPERATION/Research/In preparation/ION ITM 2021/data/darw3500.14o
% inp file  : /media/renato/OPERATION/Research/In preparation/ION ITM 2021/data/brdc3500.14n
% obs start : 2014/12/16 00:00:00.0 GPST (week1823 172800.0s)
% obs end   : 2014/12/16 23:59:30.0 GPST (week1823 259170.0s)
%
% (lat/lon/height=WGS84/ellipsoidal,Q=1:fix,2:float,3:sbas,4:dgps,5:single,6:ppp,ns=# of satellites)
%  GPST                  latitude(deg) longitude(deg)  height(m)   Q  ns   sdn(m)   sde(m)   sdu(m)  sdne(m)  sdeu(m)  sdun(m) age(s)  ratio
2014/12/16 00:00:00.000  -12.843696174  131.132742171   120.7612   5   9   4.2799   4.1082   8.9390  -1.8404   2.6336  -3.7371   0.00    0.0
2014/12/16 00:00:30.000  -12.843696102  131.132742497   120.8125   5   9   4.2792   4.1131   8.9511  -1.8497   2.6563  -3.7390   0.00    0.0
2014/12/16 00:01:00.000  -12.843696267  131.132742085   121.0600   5   9   4.2782   4.1181   8.9634  -1.8587   2.6789  -3.7405   0.00    0.0
2014/12/16 00:01:30.000  -12.843696751  131.132741332   121.2401   5   9   4.2770   4.1231   8.9758  -1.8676   2.7012  -3.7416   0.00    0.0
2014/12/16 00:02:00.000  -12.843697444  131.132740490   121.3301   5   9   4.2757   4.1282   8.9884  -1.8762   2.7233  -3.7423   0.00    0.0
2014/12/16 00:02:30.000  -12.843697570  131.132739960   121.1700   5   9   4.2741   4.1333   9.0012  -1.8847   2.7452  -3.7426   0.00    0.0
2014/12/16 00:03:00.000  -12.843697385  131.132740163   120.8667   5   9   4.2723   4.1384   9.0141  -1.8929   2.7669  -3.7426   0.00    0.0
2014/12/16 00:03:30.000  -12.843697247  131.132740292   120.6572   5   9   4.2703   4.1436   9.0273  -1.9010   2.7883  -3.7421   0.00    0.0
2014/12/16 00:04:00.000  -12.843696531  131.132741304   120.6596   5   9   4.2681   4.1489   9.0406  -1.9088   2.8096  -3.7413   0.00    0.0
2014/12/16 00:04:30.000  -12.843696293  131.132741546   120.7256   5   9   4.2657   4.1541   9.0541  -1.9165   2.8307  -3.7401   0.00    0.0
2014/12/16 00:05:00.000  -12.843697111  131.132741209   120.9049   5   9   4.2631   4.1594   9.0678  -1.9239   2.8516  -3.7385   0.00    0.0
2014/12/16 00:05:30.000  -12.843697834  131.132740945   121.0757   5   9   4.2603   4.1648   9.0817  -1.9312   2.8722  -3.7366   0.00    0.0
2014/12/16 00:06:00.000  -12.843697676  131.132740680   121.0419   5   9   4.2573   4.1702   9.0958  -1.9382   2.8927  -3.7342   0.00    0.0
2014/12/16 00:06:30.000  -12.843697574  131.132740415   121.0907   5   9   4.2541   4.1756   9.1101  -1.9450   2.9131  -3.7315   0.00    0.0
2014/12/16 00:07:00.000  -12.843697919  131.132739925   121.1284   5   9   4.2507   4.1811   9.1246  -1.9517   2.9332  -3.7284   0.00    0.0
2014/12/16 00:07:30.000  -12.843698053  131.132738711   121.1931   5   9   4.2471   4.1866   9.1393  -1.9581   2.9532  -3.7250   0.00    0.0
2014/12/16 00:08:00.000  -12.843697604  131.132737846   121.2100   5   9   4.2434   4.1921   9.1543  -1.9643   2.9730  -3.7211   0.00    0.0
2014/12/16 00:08:30.000  -12.843697539  131.132738982   121.1360   5   9   4.2394   4.1977   9.1695  -1.9703   2.9927  -3.7170   0.00    0.0
2014/12/16 00:09:00.000  -12.843697748  131.132740015   121.1637   5   9   4.2353   4.2033   9.1849  -1.9761   3.0122  -3.7124   0.00    0.0
2014/12/16 00:09:30.000  -12.843697752  131.132739328   121.0951   5   9   4.2310   4.2089   9.2006  -1.9817   3.0316  -3.7075   0.00    0.0
2014/12/16 00:10:00.000  -12.843698356  131.132738550   120.8892   5   9   4.2265   4.2146   9.2165  -1.9871   3.0508  -3.7022   0.00    0.0
2014/12/16 00:10:30.000  -12.843697812  131.132739331   121.0245   5   9   4.2219   4.2203   9.2326  -1.9922   3.0699  -3.6966   0.00    0.0
2014/12/16 00:11:00.000  -12.843696986  131.132739892   120.9466   5   9   4.2171   4.2260   9.2490  -1.9972   3.0888  -3.6906   0.00    0.0
2014/12/16 00:11:30.000  -12.843697314  131.132739397   120.8821   5   9   4.2122   4.2317   9.2657  -2.0019   3.1076  -3.6842   0.00    0.0
2014/12/16 00:12:00.000  -12.843698062  131.132739339   121.0888   5   9   4.2070   4.2375   9.2827  -2.0065   3.1263  -3.6775   0.00    0.0
2014/12/16 00:12:30.000  -12.843697665  131.132739079   121.0097   5   9   4.2018   4.2433   9.2999  -2.0108   3.1448  -3.6704   0.00    0.0
2014/12/16 00:13:00.000  -12.843698072  131.132739715   121.1539   5   9   4.1964   4.2491   9.3175  -2.0149   3.1632  -3.6630   0.00    0.0
2014/12/16 00:13:30.000  -12.843698570  131.132739145   121.1129   5   9   4.1908   4.2550   9.3353  -2.0188   3.1815  -3.6553   0.00    0.0
2014/12/16 00:14:00.000  -12.843698001  131.132738698   120.9839   5   9   4.1851   4.2609   9.3534  -2.0225   3.1997  -3.6471   0.00    0.0
2014/12/16 00:14:30.000  -12.843698417  131.132738921   121.1250   5   9   4.1793   4.2668   9.3718  -2.0260   3.2178  -3.6387   0.00    0.0
2014/12/16 00:15:00.000  -12.843698774  131.132738529   121.1112   5   9   4.1733   4.2727   9.3905  -2.0293   3.2358  -3.6299   0.00    0.0
2014/12/16 00:15:30.000  -12.843699789  131.132739212   121.3277   5   9   4.1672   4.2786   9.4095  -2.0324   3.2537  -3.6207   0.00    0.0
2014/12/16 00:16:00.000  -12.843699712  131.132740884   121.5553   5   9   4.1610   4.2846   9.4289  -2.0353   3.2715  -3.6113   0.00    0.0
2014/12/16 00:16:30.000  -12.843698422  131.132740877   121.5352   5   9   4.1546   4.2905   9.4486  -2.0380   3.2893  -3.6014   0.00    0.0
2014/12/16 00:17:00.000  -12.843697996  131.132739387   121.1277   5   9   4.1482   4.2965   9.4686  -2.0404   3.3069  -3.5913   0.00    0.0
2014/12/16 00:17:30.000  -12.843698047  131.132738834   120.7616   5   9   4.1416   4.3026   9.4890  -2.0427   3.3244  -3.5807   0.00    0.0
2014/12/16 00:18:00.000  -12.843698180  131.132739163   120.7283   5   9   4.1350   4.3086   9.5097  -2.0448   3.3419  -3.5699   0.00    0.0
2014/12/16 00:18:30.000  -12.843698477  131.132739522   120.7450   5   9   4.1282   4.3146   9.5308  -2.0466   3.3593  -3.5587   0.00    0.0
2014/12/16 00:19:00.000  -12.843698866  131.132740667   121.0450   5   9   4.1213   4.3207   9.5523  -2.0483   3.3767  -3.5472   0.00    0.0
2014/12/16 00:19:30.000  -12.843699193  131.132741227   121.3578   5   9   4.1144   4.3268   9.5741  -2.0497   3.3939  -3.5353   0.00    0.0
2014/12/16 00:20:00.000  -12.843699904  131.132741172   121.2714   5   9   4.1073   4.3329   9.5963  -2.0510   3.4111  -3.5231   0.00    0.0
2014/12/16 00:20:30.000  -12.843700542  131.132740565   121.3271   5   9   4.1002   4.3390   9.6189  -2.0520   3.4283  -3.5106   0.00    0.0
2014/12/16 00:21:00.000  -12.843700956  131.132740380   121.4987   5   9   4.0930   4.3451   9.6418  -2.0529   3.4454  -3.4977   0.00    0.0
2014/12/16 00:21:30.000  -12.843700254  131.132740375   121.5813   5   9   4.0858   4.3513   9.6652  -2.0535   3.4625  -3.4844   0.00    0.0
2014/12/16 00:22:00.000  -12.843700181  131.132739893   121.3774   5   9   4.0784   4.3574   9.6890  -2.0540   3.4795  -3.4709   0.00    0.0
2014/12/16 00:22:30.000  -12.843700134  131.132740392   121.5870   5   9   4.0710   4.3636   9.7131  -2.0542   3.4964  -3.4569   0.00    0.0
2014/12/16 00:23:00.000  -12.843700170  131.132740069   121.7062   5   9   4.0636   4.3698   9.7377  -2.0543   3.5134  -3.4427   0.00    0.0
2014/12/16 00:23:30.000  -12.843700440  131.132739754   121.4277   5   9   4.0561   4.3760   9.7628  -2.0542   3.5303  -3.4281   0.00    0.0
2014/12/16 00:24:00.000  -12.843699688  131.132740606   121.1404   5   9   4.0485   4.3822   9.7882  -2.0538   3.5471  -3.4131   0.00    0.0
2014/12/16 00:24:30.000  -12.843698922  131.132740956   121.1059   5   9   4.0409   4.3884   9.8141  -2.0533   3.5640  -3.3978   0.00    0.0
2014/12/16 00:25:00.000  -12.843698663  131.132740204   121.1143   5   9   4.0332   4.3946   9.8404  -2.0526   3.5808  -3.3821   0.00    0.0
2014/12/16 00:25:30.000  -12.843699214  131.132738968   121.3300   5   9   4.0256   4.4008   9.8672  -2.0516   3.5976  -3.3661   0.00    0.0
2014/12/16 00:26:00.000  -12.843700813  131.132739405   121.6318   5   9   4.0179   4.4071   9.8944  -2.0505   3.6144  -3.3497   0.00    0.0
2014/12/16 00:26:30.000  -12.843702029  131.132739712   121.6578   5   9   4.0101   4.4133   9.9221  -2.0492   3.6312  -3.3329   0.00    0.0
2014/12/16 00:27:00.000  -12.843702735  131.132740431   121.5280   5   9   4.0024   4.4196   9.9502  -2.0477   3.6479  -3.3158   0.00    0.0
2014/12/16 00:27:30.000  -12.843702301  131.132741456   121.6102   5   9   3.9946   4.4259   9.9789  -2.0460   3.6647  -3.2982   0.00    0.0
2014/12/16 00:28:00.000  -12.843702090  131.132740925   121.6181   5   9   3.9868   4.4322  10.0079  -2.0441   3.6814  -3.2803   0.00    0.0
2014/12/16 00:28:30.000  -12.843701982  131.132740247   121.5411   5   9   3.9790   4.4384  10.0375  -2.0420   3.6982  -3.2620   0.00    0.0
2014/12/16 00:29:00.000  -12.843701455  131.132740334   121.4144   5   9   3.9712   4.4447  10.0675  -2.0398   3.7149  -3.2433   0.00    0.0
2014/12/16 00:29:30.000  -12.843701008  131.132739967   121.3729   5   9   3.9634   4.4510  10.0981  -2.0373   3.7317  -3.2242   0.00    0.0
2014/12/16 00:30:00.000  -12.843701607  131.132740493   121.5502   5   9   3.9556   4.4573  10.1291  -2.0346   3.7484  -3.2047   0.00    0.0
2014/12/16 00:30:30.000  -12.843701443  131.132739671   121.4324   5   9   3.9478   4.4636  10.1606  -2.0318   3.7652  -3.1848   0.00    0.0
2014/12/16 00:31:00.000  -12.843701894  131.132740882   121.5849   5   9   3.9401   4.4699  10.1926  -2.0287   3.7820  -3.1644   0.00    0.0
2014/12/16 00:31:30.000  -12.843701455  131.132741924   121.6752   5   9   3.9323   4.4763  10.2251  -2.0255   3.7987  -3.1436   0.00    0.0
2014/12/16 00:32:00.000  -12.843701611  131.132742049   121.8556   5   9   3.9246   4.4826  10.2581  -2.0221   3.8155  -3.1224   0.00    0.0
2014/12/16 00:32:30.000  -12.843702570  131.132741064   121.6963   5   9   3.9169   4.4889  10.2916  -2.0184   3.8323  -3.1007   0.00    0.0
2014/12/16 00:33:00.000  -12.843703016  131.132741093   121.7188   5   9   3.9092   4.4952  10.3257  -2.0146   3.8492  -3.0785   0.00    0.0
2014/12/16 00:33:30.000  -12.843703271  131.132741035   121.9752   5   9   3.9016   4.5016  10.3602  -2.0106   3.8660  -3.0558   0.00    0.0
2014/12/16 00:34:00.000  -12.843702875  131.132741177   122.2097   5   9   3.8940   4.5079  10.3952  -2.0064   3.8828  -3.0327   0.00    0.0
2014/12/16 00:34:30.000  -12.843702694  131.132741486   122.1096   5   9   3.8864   4.5142  10.4308  -2.0020   3.8997  -3.0090   0.00    0.0
2014/12/16 00:35:00.000  -12.843702242  131.132742811   122.1994   5   9   3.8789   4.5205  10.4669  -1.9974   3.9166  -2.9848   0.00    0.0
2014/12/16 00:35:30.000  -12.843701754  131.132742386   121.9454   5   9   3.8715   4.5269  10.5034  -1.9926   3.9335  -2.9601   0.00    0.0
2014/12/16 00:36:00.000  -12.843701447  131.132742078   121.6790   5   9   3.8641   4.5332  10.5405  -1.9876   3.9504  -2.9347   0.00    0.0
2014/12/16 00:36:30.000  -12.843701904  131.132742202   121.7035   5   9   3.8567   4.5395  10.5781  -1.9824   3.9673  -2.9089   0.00    0.0
2014/12/16 00:37:00.000  -12.843702692  131.132742467   122.0544   5   9   3.8495   4.5459  10.6162  -1.9770   3.9843  -2.8824   0.00    0.0
2014/12/16 00:37:30.000  -12.843702083  131.132741797   122.1059   5   9   3.8423   4.5522  10.6548  -1.9714   4.0012  -2.8553   0.00    0.0
2014/12/16 00:38:00.000  -12.843701453  131.132741517   122.0256   5   9   3.8351   4.5585  10.6940  -1.9656   4.0182  -2.8275   0.00    0.0
2014/12/16 00:38:30.000  -12.843700687  131.132741583   121.7026   5   9   3.8280   4.5648  10.7336  -1.9596   4.0352  -2.7991   0.00    0.0
2014/12/16 00:39:00.000  -12.843700159  131.132741141   121.2372   5   8   4.0168   4.6734  11.8562  -1.6160   3.4071  -3.7153   0.00    0.0
2014/12/16 00:39:30.000  -12.843700845  131.132740936   121.3112   5   8   4.0075   4.6768  11.9069  -1.6159   3.4322  -3.6928   0.00    0.0
2014/12/16 00:40:00.000  -12.843700723  131.132740880   121.5833   5   8   3.9983   4.6803  11.9582  -1.6155   3.4572  -3.6697   0.00    0.0
2014/12/16 00:40:30.000  -12.843701023  131.132742123   121.8781   5   8   3.9892   4.6838  12.0104  -1.6148   3.4822  -3.6463   0.00    0.0
2014/12/16 00:41:00.000  -12.843701493  131.132741632   121.8637   5   8   3.9802   4.6874  12.0632  -1.6139   3.5071  -3.6223   0.00    0.0
2014/12/16 00:41:30.000  -12.843701967  131.132741796   121.9420   5   8   3.9713   4.6910  12.1168  -1.6126   3.5320  -3.5978   0.00    0.0
2014/12/16 00:42:00.000  -12.843702790  131.132742347   121.8168   5   8   3.9624   4.6946  12.1711  -1.6111   3.5568  -3.5729   0.00    0.0
2014/12/16 00:42:30.000  -12.843703196  131.132742771   121.8872   5   8   3.9537   4.6983  12.2261  -1.6093   3.5815  -3.5474   0.00    0.0
2014/12/16 00:43:00.000  -12.843702846  131.132742854   121.8841   5   8   3.9450   4.7020  12.2819  -1.6072   3.6062  -3.5213   0.00    0.0
2014/12/16 00:43:30.000  -12.843702632  131.132742928   121.7613   5   8   3.9365   4.7057  12.3383  -1.6048   3.6308  -3.4947   0.00    0.0
2014/12/16 00:44:00.000  -12.843702699  131.132743341   121.9374   5   8   3.9280   4.7094  12.3954  -1.6021   3.6553  -3.4675   0.00    0.0
2014/12/16 00:44:30.000  -12.843701889  131.132743856   121.9136   5   8   3.9197   4.7132  12.4532  -1.5991   3.6798  -3.4396   0.00    0.0
2014/12/16 00:45:00.000  -12.843701257  131.132744284   121.8802   5   8   3.9115   4.7170  12.5117  -1.5959   3.7042  -3.4111   0.00    0.0
2014/12/16 00:45:30.000  -12.843700897  131.132743932   121.7422   5   8   3.9034   4.7208  12.5708  -1.5923   3.7285  -3.3820   0.00    0.0
2014/12/16 00:46:00.000  -12.843700740  131.132742545   121.8651   5   8   3.8954   4.7247  12.6306  -1.5884   3.7528  -3.3521   0.00    0.0
2014/12/16 00:46:30.000  -12.843701230  131.132741951   121.8614   5   8   3.8876   4.7285  12.6909  -1.5843   3.7770  -3.3215   0.00    0.0
2014/12/16 00:47:00.000  -12.843701898  131.132741837   121.9619   5   8   3.8799   4.7324  12.7519  -1.5798   3.8011  -3.2901   0.00    0.0
2014/12/16 00:47:30.000  -12.843702501  131.132740876   121.7579   5   8   3.8723   4.7363  12.8134  -1.5751   3.8251  -3.2579   0.00    0.0
2014/12/16 00:48:00.000  -12.843703173  131.132741494   121.5587   5   8   3.8648   4.7403  12.8755  -1.5700   3.8490  -3.2249   0.00    0.0
2014/12/16 00:48:30.000  -12.843703194  131.132742421   121.4956   5   8   3.8575   4.7442  12.9381  -1.5647   3.8728  -3.1911   0.00    0.0
2014/12/16 00:49:00.000  -12.843703062  131.132743335   121.5875   5   8   3.8503   4.7482  13.0011  -1.5590   3.8965  -3.1563   0.00    0.0
2014/12/16 00:49:30.000  -12.843702606  131.132742561   121.5986   5   8   3.8433   4.7521  13.0647  -1.5530   3.9201  -3.1206   0.00    0.0
2014/12/16 00:50:00.000  -12.843703056  131.132742472   121.7258   5   8   3.8364   4.7561  13.1287  -1.5467   3.9435  -3.0839   0.00    0.0
2014/12/16 00:50:30.000  -12.843703386  131.132743427   121.8705   5   8   3.8297   4.7601  13.1931  -1.5401   3.9668  -3.0461   0.00    0.0
2014/12/16 00:51:00.000  -12.843703850  131.132743540   121.6361   5   8   3.8231   4.7641  13.2578  -1.5332   3.9900  -3.0073   0.00    0.0
2014/12/16 00:51:30.000  -12.843703973  131.132743404   121.6978   5   8   3.8167   4.7681  13.3229  -1.5259   4.0130  -2.9673   0.00    0.0
2014/12/16 00:52:00.000  -12.843703479  131.132744888   122.0217   5   8   3.8105   4.7721  13.3882  -1.5183   4.0358  -2.9260   0.00    0.0
2014/12/16 00:52:30.000  -12.843703260  131.132744427   121.9072   5   8   3.8044   4.7761  13.4538  -1.5104   4.0585  -2.8836   0.00    0.0
2014/12/16 00:53:00.000  -12.843703929  131.132744882   122.1339   5   8   3.7985   4.7802  13.5196  -1.5021   4.0809  -2.8398   0.00    0.0
2014/12/16 00:53:30.000  -12.843704333  131.132744416   122.2075   5   8   3.7928   4.7842  13.5855  -1.4935   4.1032  -2.7946   0.00    0.0
2014/12/16 00:54:00.000  -12.843703989  131.132745073   122.0852   5   8   3.7873   4.7882  13.6515  -1.4846   4.1252  -2.7479   0.00    0.0
2014/12/16 00:54:30.000  -12.843703957  131.132745484   122.2054   5   8   3.7819   4.7922  13.7176  -1.4753   4.1470  -2.6996   0.00    0.0
2014/12/16 00:55:00.000  -12.843703777  131.132745610   122.4704   5   8   3.7768   4.7962  13.7836  -1.4656   4.1685  -2.6497   0.00    0.0
2014/12/16 00:55:30.000  -12.843704245  131.132745710   122.3834   5   8   3.7718   4.8002  13.8495  -1.4556   4.1897  -2.5981   0.00    0.0
2014/12/16 00:56:00.000  -12.843704308  131.132744946   122.1541   5   8   3.7670   4.8041  13.9153  -1.4453   4.2107  -2.5445   0.00    0.0
2014/12/16 00:56:30.000  -12.843704623  131.132745248   122.2029   5   8   3.7624   4.8081  13.9809  -1.4345   4.2313  -2.4890   0.00    0.0
2014/12/16 00:57:00.000  -12.843703980  131.132743933   122.0044   5   8   3.7581   4.8120  14.0462  -1.4234   4.2516  -2.4314   0.00    0.0
2014/12/16 00:57:30.000  -12.843703524  131.132744457   121.5461   5   8   3.7539   4.8160  14.1112  -1.4119   4.2716  -2.3714   0.00    0.0
2014/12/16 00:58:00.000  -12.843703711  131.132745019   121.8836   5   8   3.7499   4.8199  14.1758  -1.4001   4.2912  -2.3091   0.00    0.0
2014/12/16 00:58:30.000  -12.843703642  131.132748396   123.3457   5   9   3.6933   4.5555  11.8918  -1.7089   2.4810  -3.1537   0.00    0.0
2014/12/16 00:59:00.000  -12.843703004  131.132746730   123.2197   5   9   3.6875   4.5576  11.9382  -1.7059   2.4899  -3.1269   0.00    0.0
2014/12/16 00:59:30.000  -12.843702599  131.132746907   123.4071   5   9   3.6818   4.5596  11.9843  -1.7027   2.4984  -3.0995   0.00    0.0
2014/12/16 01:00:00.000  -12.843702878  131.132747382   123.5337   5   9   3.6763   4.5616  12.0302  -1.6994   2.5066  -3.0715   0.00    0.0
2014/12/16 01:00:30.000  -12.843702407  131.132747962   123.5415   5   9   3.6709   4.5636  12.0757  -1.6960   2.5143  -3.0428   0.00    0.0
2014/12/16 01:01:00.000  -12.843702461  131.132747704   123.4519   5   9   3.6656   4.5655  12.1209  -1.6925   2.5217  -3.0135   0.00    0.0
2014/12/16 01:01:30.000  -12.843703172  131.132747785   123.6130   5   9   3.6605   4.5675  12.1657  -1.6888   2.5287  -2.9835   0.00    0.0
2014/12/16 01:02:00.000  -12.843702521  131.132747651   123.5393   5   9   3.6556   4.5695  12.2100  -1.6850   2.5353  -2.9528   0.00    0.0
2014/12/16 01:02:30.000  -12.843702584  131.132747702   123.3807   5   9   3.6508   4.5714  12.2538  -1.6811   2.5414  -2.9214   0.00    0.0
2014/12/16 01:03:00.000  -12.843702751  131.132746909   123.2772   5   9   3.6462   4.5734  12.2971  -1.6771   2.5472  -2.8893   0.00    0.0
2014/12/16 01:03:30.000  -12.843702650  131.132746353   123.1464   5   9   3.6417   4.5753  12.3397  -1.6730   2.5525  -2.8564   0.00    0.0
2014/12/16 01:04:00.000  -12.843701812  131.132745932   123.2819   5   9   3.6374   4.5772  12.3817  -1.6687   2.5575  -2.8226   0.00    0.0
2014/12/16 01:04:30.000  -12.843702021  131.132746908   123.2383   5   9   3.6333   4.5791  12.4230  -1.6644   2.5619  -2.7881   0.00    0.0
2014/12/16 01:05:00.000  -12.843702021  131.132746657   123.4123   5   9   3.6294   4.5810  12.4635  -1.6599   2.5660  -2.7528   0.00    0.0
2014/12/16 01:05:30.000  -12.843701934  131.132746482   123.2857   5   9   3.6256   4.5829  12.5032  -1.6553   2.5696  -2.7165   0.00    0.0
2014/12/16 01:06:00.000  -12.843701617  131.132746564   123.1582   5   9   3.6220   4.5847  12.5420  -1.6506   2.5728  -2.6794   0.00    0.0
2014/12/16 01:06:30.000  -12.843701502  131.132745951   123.4436   5   9   3.6185   4.5866  12.5800  -1.6458   2.5755  -2.6414   0.00    0.0
2014/12/16 01:07:00.000  -12.843701634  131.132745455   123.6153   5   9   3.6153   4.5884  12.6169  -1.6409   2.5777  -2.6024   0.00    0.0
2014/12/16 01:07:30.000  -12.843701509  131.132746052   123.9168   5   9   3.6122   4.5903  12.6529  -1.6359   2.5795  -2.5624   0.00    0.0
2014/12/16 01:08:00.000  -12.843701282  131.132746761   124.0119   5   9   3.6093   4.5921  12.6877  -1.6308   2.5809  -2.5214   0.00    0.0
2014/12/16 01:08:30.000  -12.843701060  131.132747205   124.1250   5   9   3.6066   4.5939  12.7215  -1.6257   2.5817  -2.4793   0.00    0.0
2014/12/16 01:09:00.000  -12.843701450  131.132747672   123.7355   5   9   3.6040   4.5957  12.7541  -1.6204   2.5821  -2.4361   0.00    0.0
2014/12/16 01:09:30.000  -12.843701643  131.132747942   123.5079   5   9   3.6017   4.5975  12.7854  -1.6150   2.5821  -2.3918   0.00    0.0
2014/12/16 01:10:00.000  -12.843701930  131.132747581   123.8261   5   9   3.5995   4.5993  12.8155  -1.6096   2.5815  -2.3464   0.00    0.0
2014/12/16 01:10:30.000  -12.843702001  131.132747314   124.1217   5   9   3.5976   4.6011  12.8443  -1.6041   2.5805  -2.2996   0.00    0.0
2014/12/16 01:11:00.000  -12.843702478  131.132747648   123.8639   5   9   3.5958   4.6029  12.8716  -1.5984   2.5790  -2.2516   0.00    0.0
2014/12/16 01:11:30.000  -12.843702498  131.132747447   123.5386   5   9   3.5942   4.6046  12.8976  -1.5928   2.5771  -2.2023   0.00    0.0
2014/12/16 01:12:00.000  -12.843702142  131.132747565   123.3604   5   9   3.5928   4.6064  12.9221  -1.5870   2.5747  -2.1515   0.00    0.0
2014/12/16 01:12:30.000  -12.843701577  131.132747690   123.5812   5   9   3.5916   4.6081  12.9451  -1.5812   2.5718  -2.0993   0.00    0.0
2014/12/16 01:13:00.000  -12.843701500  131.132748266   123.7610   5   9   3.5906   4.6099  12.9666  -1.5753   2.5684  -2.0455   0.00    0.0
2014/12/16 01:13:30.000  -12.843701888  131.132748249   123.7209   5   9   3.5898   4.6116  12.9865  -1.5693   2.5646  -1.9900   0.00    0.0
2014/12/16 01:14:00.000  -12.843701592  131.132748126   123.6612   5   9   3.5892   4.6133  13.0048  -1.5632   2.5603  -1.9327   0.00    0.0
2014/12/16 01:14:30.000  -12.843701800  131.132748627   123.7605   5   9   3.5888   4.6151  13.0214  -1.5571   2.5556  -1.8736   0.00    0.0
2014/12/16 01:15:00.000  -12.843702094  131.132748273   123.6803   5   9   3.5886   4.6168  13.0363  -1.5510   2.5505  -1.8124   0.00    0.0
2014/12/16 01:15:30.000  -12.843702464  131.132748430   123.5091   5   9   3.5886   4.6185  13.0496  -1.5447   2.5449  -1.7490   0.00    0.0
2014/12/16 01:16:00.000  -12.843702341  131.132748104   123.4409   5   9   3.5887   4.6202  13.0611  -1.5385   2.5388  -1.6832   0.00    0.0
2014/12/16 01:16:30.000  -12.843702479  131.132747091   123.4813   5   9   3.5891   4.6220  13.0708  -1.5321   2.5324  -1.6147   0.00    0.0
2014/12/16 01:17:00.000  -12.843702503  131.132746523   123.3912   5   9   3.5897   4.6237  13.0787  -1.5257   2.5255  -1.5433   0.00    0.0
2014/12/16 01:17:30.000  -12.843702399  131.132747209   123.6049   5   9   3.5905   4.6254  13.0849  -1.5193   2.5182  -1.4685   0.00    0.0
2014/12/16 01:18:00.000  -12.843701675  131.132748512   124.0954   5   9   3.5915   4.6271  13.0892  -1.5128   2.5106  -1.3899   0.00    0.0
2014/12/16 01:18:30.000  -12.843701172  131.132749476   124.0698   5   9   3.5927   4.6289  13.0917  -1.5063   2.5026  -1.3068   0.00    0.0
2014/12/16 01:19:00.000  -12.843700562  131.132749709   124.1478   5   9   3.5941   4.6306  13.0924  -1.4997   2.4942  -1.2183   0.00    0.0
2014/12/16 01:19:30.000  -12.843700329  131.132749945   124.0069   5   9   3.5957   4.6323  13.0913  -1.4931   2.4854  -1.1234   0.00    0.0
2014/12/16 01:20:00.000  -12.843699593  131.132749173   124.0824   5   9   3.5975   4.6341  13.0883  -1.4864   2.4764  -1.0202   0.00    0.0
2014/12/16 01:20:30.000  -12.843699971  131.132749765   123.9642   5   9   3.5994   4.6358  13.0835  -1.4797   2.4670  -0.9061   0.00    0.0
2014/12/16 01:21:00.000  -12.843700275  131.132749028   123.8762   5   9   3.6016   4.6376  13.0768  -1.4729   2.4573  -0.7762   0.00    0.0
2014/12/16 01:21:30.000  -12.843701104  131.132747794   123.9798   5   9   3.6040   4.6393  13.0683  -1.4661   2.4473  -0.6210   0.00    0.0
2014/12/16 01:22:00.000  -12.843701939  131.132748137   123.8451   5   9   3.6066   4.6411  13.0581  -1.4593   2.4371  -0.4129   0.00    0.0
2014/12/16 01:22:30.000  -12.843701436  131.132748987   123.9027   5   9   3.6094   4.6429  13.0460  -1.4524   2.4266   0.2070   0.00    0.0
2014/12/16 01:23:00.000  -12.843700848  131.132748813   124.0090   5   9   3.6123   4.6447  13.0322  -1.4455   2.4159   0.5042   0.00    0.0
2014/12/16 01:23:30.000  -12.843700353  131.132748484   123.9762   5   9   3.6155   4.6465  13.0166  -1.4385   2.4049   0.6807   0.00    0.0
2014/12/16 01:24:00.000  -12.843701281  131.132749416   123.8823   5   9   3.6188   4.6483  12.9993  -1.4315   2.3938   0.8188   0.00    0.0
2014/12/16 01:24:30.000  -12.843701537  131.132750086   124.0035   5   9   3.6224   4.6502  12.9803  -1.4245   2.3826   0.9355   0.00    0.0
2014/12/16 01:25:00.000  -12.843701398  131.132748724   124.1903   5   9   3.6261   4.6520  12.9596  -1.4174   2.3712   1.0380   0.00    0.0
2014/12/16 01:25:30.000  -12.843701889  131.132747208   124.1325   5   9   3.6300   4.6539  12.9373  -1.4102   2.3596   1.1301   0.00    0.0
2014/12/16 01:26:00.000  -12.843701759  131.132747170   123.9921   5   9   3.6341   4.6558  12.9133  -1.4031   2.3480   1.2141   0.00    0.0
2014/12/16 01:26:30.000  -12.843701822  131.132748600   124.0299   5   9   3.6384   4.6577  12.8879  -1.3958   2.3363   1.2917   0.00    0.0
2014/12/16 01:27:00.000  -12.843702210  131.132748754   123.7391   5   9   3.6429   4.6596  12.8609  -1.3885   2.3245   1.3638   0.00    0.0
2014/12/16 01:27:30.000  -12.843701745  131.132748770   123.5863   5   9   3.6475   4.6615  12.8324  -1.3812   2.3128   1.4313   0.00    0.0
2014/12/16 01:28:00.000  -12.843701881  131.132748406   123.2386   5   9   3.6523   4.6635  12.8025  -1.3738   2.3010   1.4948   0.00    0.0
2014/12/16 01:28:30.000  -12.843701827  131.132748369   123.1482   5   9   3.6574   4.6654  12.7711  -1.3664   2.2892   1.5548   0.00    0.0
2014/12/16 01:29:00.000  -12.843701413  131.132749245   123.4059   5   9   3.6625   4.6674  12.7385  -1.3588   2.2774   1.6115   0.00    0.0
2014/12/16 01:29:30.000  -12.843701707  131.132750199   123.3318   5   9   3.6679   4.6695  12.7045  -1.3513   2.2657   1.6655   0.00    0.0
2014/12/16 01:30:00.000  -12.843702291  131.132750914   123.2691   5   9   3.6735   4.6715  12.6693  -1.3436   2.2541   1.7168   0.00    0.0
2014/12/16 01:30:30.000  -12.843702355  131.132749658   123.3440   5   9   3.6792   4.6736  12.6329  -1.3359   2.2426   1.7657   0.00    0.0
2014/12/16 01:31:00.000  -12.843702301  131.132749092   123.5565   5   9   3.6850   4.6756  12.5954  -1.3281   2.2313   1.8125   0.00    0.0
2014/12/16 01:31:30.000  -12.843701922  131.132749359   123.7709   5   9   3.6911   4.6778  12.5568  -1.3203   2.2201   1.8573   0.00    0.0
2014/12/16 01:32:00.000  -12.843700724  131.132749645   123.8187   5   9   3.6973   4.6799  12.5171  -1.3123   2.2090   1.9002   0.00    0.0
2014/12/16 01:32:30.000  -12.843700612  131.132750958   123.7241   5   9   3.7037   4.6821  12.4764  -1.3043   2.1982   1.9413   0.00    0.0
2014/12/16 01:33:00.000  -12.843700801  131.132752050   123.7169   5   9   3.7103   4.6842  12.4348  -1.2962   2.1875   1.9808   0.00    0.0
2014/12/16 01:33:30.000  -12.843701147  131.132751879   123.8220   5   9   3.7170   4.6865  12.3923  -1.2879   2.1771   2.0187   0.00    0.0
2014/12/16 01:34:00.000  -12.843702153  131.132751770   123.7385   5   9   3.7239   4.6887  12.3490  -1.2796   2.1670   2.0552   0.00    0.0
2014/12/16 01:34:30.000  -12.843702297  131.132751425   123.7933   5   9   3.7309   4.6910  12.3050  -1.2712   2.1571   2.0903   0.00    0.0
2014/12/16 01:35:00.000  -12.843702154  131.132750144   124.0519   5   9   3.7382   4.6933  12.2602  -1.2626   2.1475   2.1242   0.00    0.0
2014/12/16 01:35:30.000  -12.843702004  131.132749197   124.3658   5   9   3.7455   4.6956  12.2147  -1.2539   2.1382   2.1568   0.00    0.0
2014/12/16 01:36:00.000  -12.843701913  131.132748205   124.2434   5   9   3.7531   4.6979  12.1686  -1.2451   2.1293   2.1883   0.00    0.0
2014/12/16 01:36:30.000  -12.843702031  131.132748355   124.0655   5   9   3.7608   4.7003  12.1219  -1.2362   2.1206   2.2187   0.00    0.0
2014/12/16 01:37:00.000  -12.843701245  131.132749995   124.3111   5   9   3.7686   4.7027  12.0748  -1.2271   2.1124   2.2480   0.00    0.0
2014/12/16 01:37:30.000  -12.843700657  131.132750723   124.3041   5   9   3.7767   4.7052  12.0271  -1.2179   2.1045   2.2764   0.00    0.0
2014/12/16 01:38:00.000  -12.843699397  131.132750980   124.2231   5   9   3.7848   4.7076  11.9790  -1.2085   2.0970   2.3039   0.00    0.0
2014/12/16 01:38:30.000  -12.843699671  131.132751076   124.0704   5   9   3.7932   4.7101  11.9306  -1.1990   2.0899   2.3304   0.00    0.0
2014/12/16 01:39:00.000  -12.843700757  131.132751701   124.0510   5   9   3.8017   4.7127  11.8818  -1.1893   2.0832   2.3562   0.00    0.0
2014/12/16 01:39:30.000  -12.843701223  131.132751402   124.0712   5   9   3.8103   4.7152  11.8328  -1.1794   2.0769   2.3811   0.00    0.0
2014/12/16 01:40:00.000  -12.843700833  131.132750316   124.0702   5   9   3.8191   4.7178  11.7835  -1.1693   2.0711   2.4053   0.00    0.0
2014/12/16 01:40:30.000  -12.843699914  131.132749800   123.7042   5   9   3.8281   4.7204  11.7341  -1.1590   2.0657   2.4287   0.00    0.0
2014/12/16 01:41:00.000  -12.843698803  131.132749415   123.1754   5   9   3.8372   4.7231  11.6844  -1.1486   2.0607   2.4515   0.00    0.0
2014/12/16 01:41:30.000  -12.843699366  131.132749552   123.0437   5   9   3.8465   4.7258  11.6347  -1.1378   2.0562   2.4736   0.00    0.0
2014/12/16 01:42:00.000  -12.843700491  131.132749313   123.2704   5   9   3.8559   4.7285  11.5849  -1.1269   2.0522   2.4951   0.00    0.0
2014/12/16 01:42:30.000  -12.843701022  131.132749186   123.9024   5   9   3.8655   4.7313  11.5351  -1.1157   2.0487   2.5161   0.00    0.0
2014/12/16 01:43:00.000  -12.843701139  131.132750185   124.2383   5   9   3.8753   4.7341  11.4852  -1.1043   2.0456   2.5365   0.00    0.0
2014/12/16 01:43:30.000  -12.843701792  131.132751087   124.2485   5   9   3.8852   4.7369  11.4355  -1.0926   2.0430   2.5563   0.00    0.0
2014/12/16 01:44:00.000  -12.843701324  131.132751407   124.1468   5   9   3.8952   4.7398  11.3857  -1.0806   2.0409   2.5757   0.00    0.0
2014/12/16 01:44:30.000  -12.843699965  131.132751254   123.8916   5   9   3.9054   4.7427  11.3361  -1.0683   2.0393   2.5946   0.00    0.0
2014/12/16 01:45:00.000  -12.843699740  131.132751379   123.5893   5   9   3.9158   4.7457  11.2867  -1.0557   2.0382   2.6131   0.00    0.0
2014/12/16 01:45:30.000  -12.843699832  131.132750700   123.4841   5   9   3.9264   4.7486  11.2373  -1.0428   2.0375   2.6312   0.00    0.0
2014/12/16 01:46:00.000  -12.843699421  131.132749852   123.6808   5   9   3.9370   4.7517  11.1882  -1.0295   2.0374   2.6488   0.00    0.0
2014/12/16 01:46:30.000  -12.843699371  131.132749927   123.7183   5   9   3.9479   4.7547  11.1394  -1.0159   2.0377   2.6662   0.00    0.0
2014/12/16 01:47:00.000  -12.843700028  131.132750935   123.8582   5   9   3.9589   4.7578  11.0907  -1.0019   2.0386   2.6831   0.00    0.0
2014/12/16 01:47:30.000  -12.843699411  131.132751044   123.8682   5   9   3.9701   4.7609  11.0424  -0.9874   2.0399   2.6998   0.00    0.0
2014/12/16 01:48:00.000  -12.843699292  131.132749940   123.7450   5   9   3.9814   4.7641  10.9943  -0.9726   2.0418   2.7161   0.00    0.0
2014/12/16 01:48:30.000  -12.843699404  131.132750057   123.9278   5   9   3.9929   4.7673  10.9466  -0.9573   2.0441   2.7322   0.00    0.0
2014/12/16 01:49:00.000  -12.843698826  131.132749169   123.9332   5   9   4.0045   4.7706  10.8992  -0.9414   2.0469   2.7480   0.00    0.0
2014/12/16 01:49:30.000  -12.843699260  131.132749980   123.7210   5   9   4.0163   4.7739  10.8521  -0.9251   2.0502   2.7636   0.00    0.0
2014/12/16 01:50:00.000  -12.843699776  131.132749840   123.9278   5   9   4.0283   4.7772  10.8055  -0.9082   2.0540   2.7790   0.00    0.0
2014/12/16 01:50:30.000  -12.843700044  131.132750780   124.1677   5   9   4.0404   4.7806  10.7592  -0.8907   2.0582   2.7941   0.00    0.0
2014/12/16 01:51:00.000  -12.843700320  131.132753042   123.8594   5   9   4.0527   4.7840  10.7134  -0.8726   2.0630   2.8091   0.00    0.0
2014/12/16 01:51:30.000  -12.843700493  131.132753964   123.7057   5   9   4.0651   4.7875  10.6680  -0.8538   2.0682   2.8239   0.00    0.0
2014/12/16 01:52:00.000  -12.843699990  131.132753001   123.9818   5   9   4.0777   4.7910  10.6231  -0.8342   2.0738   2.8385   0.00    0.0
2014/12/16 01:52:30.000  -12.843700520  131.132752970   123.9105   5   9   4.0905   4.7946  10.5786  -0.8139   2.0799   2.8530   0.00    0.0
2014/12/16 01:53:00.000  -12.843700526  131.132752674   123.9944   5   9   4.1034   4.7982  10.5346  -0.7927   2.0865   2.8674   0.00    0.0
2014/12/16 01:53:30.000  -12.843700441  131.132753130   124.1656   5   9   4.1165   4.8019  10.4911  -0.7705   2.0935   2.8817   0.00    0.0
2014/12/16 01:54:00.000  -12.843699971  131.132752167   124.2197   5   9   4.1298   4.8056  10.4482  -0.7473   2.1009   2.8958   0.00    0.0
2014/12/16 01:54:30.000  -12.843699965  131.132751812   124.0770   5   9   4.1432   4.8093  10.4057  -0.7229   2.1088   2.9099   0.00    0.0
2014/12/16 01:55:00.000  -12.843700379  131.132752773   123.8783   5   9   4.1568   4.8131  10.3637  -0.6972   2.1171   2.9239   0.00    0.0
2014/12/16 01:55:30.000  -12.843700362  131.132753731   123.8171   5   9   4.1706   4.8170  10.3223  -0.6701   2.1258   2.9379   0.00    0.0
2014/12/16 01:56:00.000  -12.843699575  131.132753604   123.8166   5   9   4.1845   4.8209  10.2814  -0.6413   2.1349   2.9518   0.00    0.0
2014/12/16 01:56:30.000  -12.843699359  131.132753461   124.0780   5   9   4.1986   4.8248  10.2411  -0.6107   2.1445   2.9656   0.00    0.0
2014/12/16 01:57:00.000  -12.843699655  131.132754150   124.1753   5   9   4.2128   4.8288  10.2013  -0.5778   2.1544   2.9795   0.00    0.0
2014/12/16 01:57:30.000  -12.843699938  131.132755771   124.0903   5   9   4.2273   4.8329  10.1621  -0.5424   2.1648   2.9933   0.00    0.0
2014/12/16 01:58:00.000  -12.843699756  131.132755152   124.3087   5   9   4.2418   4.8370  10.1235  -0.5037   2.1755   3.0071   0.00    0.0
2014/12/16 01:58:30.000  -12.843699518  131.132753883   124.4678   5   9   4.2566   4.8412  10.0855  -0.4611   2.1866   3.0209   0.00    0.0
2014/12/16 01:59:00.000  -12.843697610  131.132744266   126.2830   5   8   4.3005   5.4195  11.1602  -1.1750  -2.6378   3.4103   0.00    0.0
2014/12/16 01:59:30.000  -12.843696901  131.132742809   126.2737   5   8   4.3145   5.4204  11.1075  -1.1462  -2.6011   3.4133   0.00    0.0
2014/12/16 02:00:00.000  -12.843696509  131.132744092   126.2904   5   8   4.3287   5.4214  11.0557  -1.1164  -2.5638   3.4165   0.00    0.0
2014/12/16 02:00:30.000  -12.843697675  131.132744024   126.2736   5   8   4.3431   5.4225  11.0047  -1.0854  -2.5260   3.4199   0.00    0.0
2014/12/16 02:01:00.000  -12.843698728  131.132742820   126.1969   5   8   4.3576   5.4236  10.9545  -1.0530  -2.4876   3.4235   0.00    0.0
2014/12/16 02:01:30.000  -12.843699253  131.132742979   126.2656   5   8   4.3723   5.4247  10.9051  -1.0192  -2.4486   3.4273   0.00    0.0
2014/12/16 02:02:00.000  -12.843699315  131.132742912   126.4587   5   8   4.3873   5.4260  10.8566  -0.9837  -2.4089   3.4312   0.00    0.0
2014/12/16 02:02:30.000  -12.843699193  131.132743192   126.5466   5   8   4.4024   5.4273  10.8088  -0.9464  -2.3685   3.4354   0.00    0.0
2014/12/16 02:03:00.000  -12.843698051  131.132743011   126.3417   5   8   4.4177   5.4287  10.7619  -0.9071  -2.3274   3.4398   0.00    0.0
2014/12/16 02:03:30.000  -12.843695726  131.132745619   125.5095   5   7   4.7062   5.8871  12.0421   1.6861  -4.2092   1.7848   0.00    0.0
2014/12/16 02:04:00.000  -12.843697064  131.132745008   125.3930   5   7   4.7234   5.8812  11.9771   1.7042  -4.1589   1.8070   0.00    0.0
2014/12/16 02:04:30.000  -12.843697112  131.132745795   125.4179   5   7   4.7407   5.8754  11.9132   1.7223  -4.1086   1.8292   0.00    0.0
2014/12/16 02:05:00.000  -12.843697213  131.132745562   125.5759   5   7   4.7583   5.8699  11.8504   1.7406  -4.0582   1.8515   0.00    0.0
2014/12/16 02:05:30.000  -12.843696707  131.132746466   125.4202   5   7   4.7760   5.8646  11.7887   1.7589  -4.0077   1.8739   0.00    0.0
2014/12/16 02:06:00.000  -12.843696397  131.132746476   125.3391   5   7   4.7939   5.8595  11.7281   1.7774  -3.9571   1.8965   0.00    0.0
2014/12/16 02:06:30.000  -12.843696633  131.132745666   125.5596   5   7   4.8119   5.8546  11.6686   1.7959  -3.9064   1.9191   0.00    0.0
2014/12/16 02:07:00.000  -12.843697312  131.132746898   125.4967   5   7   4.8301   5.8499  11.6102   1.8146  -3.8555   1.9418   0.00    0.0
2014/12/16 02:07:30.000  -12.843697402  131.132747730   125.2793   5   7   4.8485   5.8454  11.5529   1.8333  -3.8045   1.9647   0.00    0.0
2014/12/16 02:08:00.000  -12.843696802  131.132746778   125.3607   5   7   4.8671   5.8411  11.4967   1.8522  -3.7532   1.9877   0.00    0.0
2014/12/16 02:08:30.000  -12.843696882  131.132747257   125.2889   5   7   4.8858   5.8370  11.4415   1.8712  -3.7017   2.0108   0.00    0.0
2014/12/16 02:09:00.000  -12.843697037  131.132747559   125.4280   5   7   4.9046   5.8331  11.3875   1.8904  -3.6500   2.0341   0.00    0.0
2014/12/16 02:09:30.000  -12.843696912  131.132747497   125.4646   5   7   4.9237   5.8294  11.3344   1.9096  -3.5981   2.0574   0.00    0.0
2014/12/16 02:10:00.000  -12.843698330  131.132747508   125.4430   5   7   4.9429   5.8259  11.2825   1.9290  -3.5458   2.0809   0.00    0.0
2014/12/16 02:10:30.000  -12.843698414  131.132746866   125.2943   5   7   4.9622   5.8226  11.2316   1.9485  -3.4932   2.1046   0.00    0.0
2014/12/16 02:11:00.000  -12.843698121  131.132746816   125.0022   5   7   4.9817   5.8196  11.1817   1.9681  -3.4403   2.1284   0.00    0.0
2014/12/16 02:11:30.000  -12.843697432  131.132746071   125.0294   5   7   5.0014   5.8167  11.1328   1.9878  -3.3869   2.1523   0.00    0.0
2014/12/16 02:12:00.000  -12.843696781  131.132746762   125.0274   5   7   5.0212   5.8141  11.0850   2.0077  -3.3332   2.1763   0.00    0.0
2014/12/16 02:12:30.000  -12.843696841  131.132747964   125.0387   5   7   5.0411   5.8116  11.0382   2.0277  -3.2790   2.2005   0.00    0.0
2014/12/16 02:13:00.000  -12.843696265  131.132748412   125.0025   5   7   5.0612   5.8094  10.9924   2.0479  -3.2243   2.2248   0.00    0.0
2014/12/16 02:13:30.000  -12.843696333  131.132749390   125.0946   5   7   5.0814   5.8074  10.9475   2.0681  -3.1690   2.2493   0.00    0.0
2014/12/16 02:14:00.000  -12.843697371  131.132749577   125.2244   5   7   5.1018   5.8055  10.9037   2.0886  -3.1131   2.2739   0.00    0.0
2014/12/16 02:14:30.000  -12.843697267  131.132750209   125.2009   5   7   5.1223   5.8039  10.8609   2.1091  -3.0566   2.2986   0.00    0.0
2014/12/16 02:15:00.000  -12.843696952  131.132749508   124.8470   5   7   5.1430   5.8026  10.8190   2.1298  -2.9995   2.3235   0.00    0.0
2014/12/16 02:15:30.000  -12.843697076  131.132748274   124.9866   5   7   5.1638   5.8014  10.7781   2.1507  -2.9415   2.3486   0.00    0.0
2014/12/16 02:16:00.000  -12.843697271  131.132747638   124.9480   5   7   5.1847   5.8004  10.7381   2.1717  -2.8827   2.3737   0.00    0.0
2014/12/16 02:16:30.000  -12.843697860  131.132747946   124.8842   5   7   5.2058   5.7997  10.6991   2.1928  -2.8231   2.3991   0.00    0.0
2014/12/16 02:17:00.000  -12.843697504  131.132749863   124.9731   5   7   5.2269   5.7992  10.6610   2.2141  -2.7624   2.4245   0.00    0.0
2014/12/16 02:17:30.000  -12.843697081  131.132749920   124.9691   5   7   5.2482   5.7989  10.6239   2.2355  -2.7007   2.4501   0.00    0.0
2014/12/16 02:18:00.000  -12.843697227  131.132750321   124.9771   5   7   5.2696   5.7988  10.5877   2.2571  -2.6379   2.4758   0.00    0.0
2014/12/16 02:18:30.000  -12.843698860  131.132749641   125.2487   5   8   4.8063   5.6562   9.8813   1.5374  -1.3743   3.8016   0.00    0.0
2014/12/16 02:19:00.000  -12.843699125  131.132749194   125.1863   5   8   4.8223   5.6560   9.8609   1.5612  -1.2665   3.8142   0.00    0.0
2014/12/16 02:19:30.000  -12.843697882  131.132751057   124.8221   5   8   4.8384   5.6561   9.8412   1.5849  -1.1485   3.8270   0.00    0.0
2014/12/16 02:20:00.000  -12.843697546  131.132751786   124.7923   5   8   4.8545   5.6563   9.8222   1.6086  -1.0170   3.8400   0.00    0.0
2014/12/16 02:20:30.000  -12.843697431  131.132751894   124.8867   5   8   4.8706   5.6567   9.8038   1.6322  -0.8656   3.8532   0.00    0.0
2014/12/16 02:21:00.000  -12.843696856  131.132750022   125.0647   5   8   4.8868   5.6573   9.7861   1.6557  -0.6813   3.8665   0.00    0.0
2014/12/16 02:21:30.000  -12.843697071  131.132749556   125.2774   5   8   4.9030   5.6581   9.7691   1.6793  -0.4229   3.8801   0.00    0.0
2014/12/16 02:22:00.000  -12.843697383  131.132750766   125.3240   5   8   4.9193   5.6590   9.7528   1.7028   0.3269   3.8938   0.00    0.0
2014/12/16 02:22:30.000  -12.843698189  131.132750783   125.1763   5   8   4.9356   5.6601   9.7372   1.7263   0.6268   3.9078   0.00    0.0
2014/12/16 02:23:00.000  -12.843698312  131.132750236   125.0257   5   8   4.9519   5.6614   9.7222   1.7497   0.8242   3.9218   0.00    0.0
2014/12/16 02:23:30.000  -12.843697972  131.132751241   125.1539   5   8   4.9682   5.6629   9.7078   1.7731   0.9829   3.9361   0.00    0.0
2014/12/16 02:24:00.000  -12.843698410  131.132750962   125.2440   5   8   4.9846   5.6646   9.6942   1.7966   1.1196   3.9505   0.00    0.0
2014/12/16 02:24:30.000  -12.843698934  131.132751535   125.2002   5   8   5.0009   5.6665   9.6811   1.8200   1.2416   3.9650   0.00    0.0
2014/12/16 02:25:00.000  -12.843698080  131.132750978   125.1870   5   8   5.0173   5.6685   9.6687   1.8433   1.3529   3.9797   0.00    0.0
2014/12/16 02:25:30.000  -12.843697623  131.132751266   125.2795   5   8   5.0337   5.6708   9.6570   1.8667   1.4559   3.9946   0.00    0.0
2014/12/16 02:26:00.000  -12.843698201  131.132750733   125.1620   5   8   5.0500   5.6732   9.6459   1.8901   1.5524   4.0095   0.00    0.0
2014/12/16 02:26:30.000  -12.843698802  131.132751817   125.1037   5   8   5.0664   5.6758   9.6355   1.9135   1.6434   4.0246   0.00    0.0
2014/12/16 02:27:00.000  -12.843699064  131.132752785   125.0361   5   8   5.0828   5.6787   9.6256   1.9369   1.7299   4.0399   0.00    0.0
2014/12/16 02:27:30.000  -12.843699623  131.132752930   125.0798   5   8   5.0991   5.6817   9.6164   1.9603   1.8126   4.0552   0.00    0.0
2014/12/16 02:28:00.000  -12.843699634  131.132752016   124.9022   5   8   5.1154   5.6849   9.6078   1.9836   1.8919   4.0706   0.00    0.0
2014/12/16 02:28:30.000  -12.843700027  131.132753214   124.8874   5   8   5.1317   5.6883   9.5999   2.0070   1.9683   4.0862   0.00    0.0
2014/12/16 02:29:00.000  -12.843693420  131.132753064   123.8990   5   7   5.6864   5.6924  10.0844   2.0708   1.9893   3.0513   0.00    0.0
2014/12/16 02:29:30.000  -12.843694034  131.132752096   123.9050   5   7   5.7003   5.6962  10.0760   2.0940   2.0623   3.0759   0.00    0.0
2014/12/16 02:30:00.000  -12.843695798  131.132752984   123.6493   5   7   5.7141   5.7002  10.0683   2.1173   2.1331   3.1004   0.00    0.0
2014/12/16 02:30:30.000  -12.843696190  131.132754039   123.6861   5   7   5.7278   5.7044  10.0612   2.1404   2.2021   3.1249   0.00    0.0
2014/12/16 02:31:00.000  -12.843695759  131.132752976   123.8594   5   7   5.7414   5.7089  10.0547   2.1636   2.2693   3.1494   0.00    0.0
2014/12/16 02:31:30.000  -12.843696770  131.132754331   123.9929   5   7   5.7548   5.7135  10.0489   2.1867   2.3349   3.1739   0.00    0.0
2014/12/16 02:32:00.000  -12.843696138  131.132755688   123.9959   5   7   5.7682   5.7184  10.0436   2.2097   2.3990   3.1983   0.00    0.0
2014/12/16 02:32:30.000  -12.843694818  131.132756053   123.8692   5   7   5.7813   5.7234  10.0391   2.2328   2.4619   3.2227   0.00    0.0
2014/12/16 02:33:00.000  -12.843695641  131.132756296   123.7904   5   7   5.7944   5.7287  10.0351   2.2557   2.5235   3.2470   0.00    0.0
2014/12/16 02:33:30.000  -12.843695292  131.132756982   123.9547   5   7   5.8073   5.7342  10.0318   2.2787   2.5840   3.2713   0.00    0.0
2014/12/16 02:34:00.000  -12.843696000  131.132757341   123.7622   5   7   5.8200   5.7399  10.0291   2.3016   2.6435   3.2955   0.00    0.0
2014/12/16 02:34:30.000  -12.843697009  131.132756222   123.6550   5   7   5.8326   5.7458  10.0270   2.3244   2.7021   3.3196   0.00    0.0
2014/12/16 02:35:00.000  -12.843696854  131.132755155   123.8808   5   7   5.8450   5.7519  10.0255   2.3473   2.7598   3.3436   0.00    0.0
2014/12/16 02:35:30.000  -12.843696923  131.132754808   123.9313   5   7   5.8572   5.7583  10.0247   2.3700   2.8166   3.3674   0.00    0.0
2014/12/16 02:36:00.000  -12.843696474  131.132754347   123.8353   5   7   5.8693   5.7649  10.0245   2.3928   2.8727   3.3912   0.00    0.0
2014/12/16 02:36:30.000  -12.843695041  131.132756158   123.7586   5   7   5.8811   5.7716  10.0248   2.4154   2.9281   3.4149   0.00    0.0
2014/12/16 02:37:00.000  -12.843693869  131.132756946   123.7893   5   7   5.8928   5.7787  10.0258   2.4380   2.9828   3.4384   0.00    0.0
2014/12/16 02:37:30.000  -12.843694429  131.132754774   123.6834   5   7   5.9043   5.7859  10.0274   2.4606   3.0369   3.4618   0.00    0.0
2014/12/16 02:38:00.000  -12.843695939  131.132754968   123.8078   5   7   5.9155   5.7934  10.0296   2.4831   3.0904   3.4850   0.00    0.0
2014/12/16 02:38:30.000  -12.843696303  131.132754840   123.8430   5   7   5.9266   5.8010  10.0324   2.5056   3.1434   3.5081   0.00    0.0
2014/12/16 02:39:00.000  -12.843696492  131.132754840   123.7344   5   7   5.9374   5.8090  10.0358   2.5280   3.1959   3.5311   0.00    0.0
2014/12/16 02:39:30.000  -12.843696312  131.132756826   123.8229   5   7   5.9480   5.8171  10.0398   2.5503   3.2479   3.5538   0.00    0.0
2014/12/16 02:40:00.000  -12.843698865  131.132755905   123.2779   5   8   5.3973   5.2187   8.6335   0.2885  -1.5498  -0.4101   0.00    0.0
2014/12/16 02:40:30.000  -12.843699155  131.132755394   123.2091   5   8   5.4002   5.2154   8.6323   0.2933  -1.4923  -0.3589   0.00    0.0
2014/12/16 02:41:00.000  -12.843700972  131.132754443   123.2413   5   8   5.4029   5.2121   8.6316   0.2978  -1.4325  -0.3008   0.00    0.0
2014/12/16 02:41:30.000  -12.843702677  131.132753817   123.1510   5   8   5.4055   5.2089   8.6312   0.3019  -1.3701  -0.2305   0.00    0.0
2014/12/16 02:42:00.000  -12.843703884  131.132753735   122.9299   5   8   5.4078   5.2057   8.6312   0.3057  -1.3047  -0.1301   0.00    0.0
2014/12/16 02:42:30.000  -12.843704280  131.132753870   122.9793   5   8   5.4099   5.2027   8.6316   0.3091  -1.2359   0.1349   0.00    0.0
2014/12/16 02:43:00.000  -12.843702732  131.132754216   122.9209   5   8   5.4118   5.1997   8.6324   0.3123  -1.1630   0.2283   0.00    0.0
2014/12/16 02:43:30.000  -12.843701587  131.132755722   122.9423   5   8   5.4135   5.1967   8.6336   0.3152  -1.0852   0.2913   0.00    0.0
2014/12/16 02:44:00.000  -12.843699780  131.132755065   122.8627   5   8   5.4150   5.1939   8.6351   0.3178  -1.0013   0.3410   0.00    0.0
2014/12/16 02:44:30.000  -12.843700415  131.132754314   122.8157   5   8   5.4163   5.1911   8.6371   0.3201  -0.9097   0.3826   0.00    0.0
2014/12/16 02:45:00.000  -12.843701193  131.132754287   122.7024   5   8   5.4174   5.1884   8.6394   0.3222  -0.8076   0.4184   0.00    0.0
2014/12/16 02:45:30.000  -12.843702991  131.132754986   122.5126   5   8   5.4182   5.1857   8.6421   0.3240  -0.6905   0.4499   0.00    0.0
2014/12/16 02:46:00.000  -12.843703622  131.132754855   122.7182   5   8   5.4189   5.1832   8.6451   0.3255  -0.5487   0.4777   0.00    0.0
2014/12/16 02:46:30.000  -12.843703892  131.132754806   122.8965   5   8   5.4193   5.1807   8.6485   0.3268  -0.3539   0.5026   0.00    0.0
2014/12/16 02:47:00.000  -12.843704146  131.132755517   122.6981   5   8   5.4196   5.1782   8.6523   0.3279   0.2255   0.5248   0.00    0.0
2014/12/16 02:47:30.000  -12.843703893  131.132755475   122.5388   5   8   5.4196   5.1759   8.6565   0.3286   0.4766   0.5446   0.00    0.0
2014/12/16 02:48:00.000  -12.843704682  131.132755774   122.5151   5   8   5.4194   5.1736   8.6611   0.3292   0.6354   0.5624   0.00    0.0
2014/12/16 02:48:30.000  -12.843706321  131.132756837   122.6269   5   8   5.4190   5.1714   8.6660   0.3294   0.7620   0.5782   0.00    0.0
2014/12/16 02:49:00.000  -12.843706182  131.132756874   122.6968   5   8   5.4185   5.1692   8.6713   0.3294   0.8706   0.5922   0.00    0.0
2014/12/16 02:49:30.000  -12.843703807  131.132757690   122.8016   5   8   5.4177   5.1672   8.6770   0.3291   0.9672   0.6045   0.00    0.0
2014/12/16 02:50:00.000  -12.843703012  131.132757825   122.8393   5   8   5.4167   5.1652   8.6831   0.3285   1.0551   0.6152   0.00    0.0
2014/12/16 02:50:30.000  -12.843703699  131.132757944   122.7386   5   8   5.4156   5.1633   8.6895   0.3276   1.1364   0.6243   0.00    0.0
2014/12/16 02:51:00.000  -12.843703641  131.132758079   122.5603   5   8   5.4142   5.1614   8.6963   0.3264   1.2125   0.6320   0.00    0.0
2014/12/16 02:51:30.000  -12.843704180  131.132758921   122.7102   5   8   5.4127   5.1597   8.7035   0.3250   1.2842   0.6381   0.00    0.0
2014/12/16 02:52:00.000  -12.843705455  131.132757259   122.5989   5   8   5.4109   5.1580   8.7111   0.3231   1.3523   0.6428   0.00    0.0
2014/12/16 02:52:30.000  -12.843707231  131.132756347   122.4464   5   8   5.4090   5.1563   8.7191   0.3210   1.4172   0.6461   0.00    0.0
2014/12/16 02:53:00.000  -12.843708002  131.132756301   122.5013   5   8   5.4069   5.1548   8.7275   0.3185   1.4795   0.6480   0.00    0.0
2014/12/16 02:53:30.000  -12.843708185  131.132756605   122.5901   5   8   5.4046   5.1533   8.7362   0.3157   1.5394   0.6484   0.00    0.0
2014/12/16 02:54:00.000  -12.843707052  131.132757047   122.5445   5   8   5.4022   5.1519   8.7454   0.3125   1.5973   0.6474   0.00    0.0
2014/12/16 02:54:30.000  -12.843707942  131.132757834   122.4107   5   8   5.3996   5.1506   8.7549   0.3088   1.6532   0.6450   0.00    0.0
2014/12/16 02:55:00.000  -12.843707612  131.132757804   122.4876   5   8   5.3968   5.1493   8.7648   0.3048   1.7075   0.6411   0.00    0.0
2014/12/16 02:55:30.000  -12.843707833  131.132758024   122.5811   5   8   5.3938   5.1482   8.7751   0.3003   1.7603   0.6356   0.00    0.0
2014/12/16 02:56:00.000  -12.843708576  131.132757519   122.5831   5   8   5.3907   5.1471   8.7858   0.2953   1.8118   0.6286   0.00    0.0
2014/12/16 02:56:30.000  -12.843708667  131.132756402   122.4318   5   8   5.3875   5.1460   8.7969   0.2899   1.8620   0.6200   0.00    0.0
2014/12/16 02:57:00.000  -12.843708952  131.132756441   122.1464   5   8   5.3841   5.1451   8.8084   0.2839   1.9110   0.6097   0.00    0.0
2014/12/16 02:57:30.000  -12.843709516  131.132756483   121.7870   5   8   5.3805   5.1442   8.8203   0.2773   1.9590   0.5975   0.00    0.0
2014/12/16 02:58:00.000  -12.843709371  131.132757932   121.7185   5   8   5.3768   5.1434   8.8326   0.2700   2.0060   0.5835   0.00    0.0
2014/12/16 02:58:30.000  -12.843708678  131.132758040   121.8506   5   8   5.3730   5.1427   8.8453   0.2621   2.0521   0.5673   0.00    0.0
2014/12/16 02:59:00.000  -12.843708756  131.132758858   121.8579   5   8   5.3690   5.1421   8.8584   0.2534   2.0974   0.5489   0.00    0.0
2014/12/16 02:59:30.000  -12.843708552  131.132759340   121.9462   5   8   5.3649   5.1415   8.8718   0.2438   2.1419   0.5280   0.00    0.0
2014/12/16 03:00:00.000  -12.843707948  131.132759598   122.1491   5   8   5.3607   5.1410   8.8857   0.2332   2.1857   0.5043   0.00    0.0
2014/12/16 03:00:30.000  -12.843709325  131.132760648   122.3017   5   8   5.3564   5.1406   8.9000   0.2215   2.2288   0.4773   0.00    0.0
2014/12/16 03:01:00.000  -12.843709833  131.132761572   122.1542   5   8   5.3520   5.1403   8.9148   0.2085   2.2712   0.4464   0.00    0.0
2014/12/16 03:01:30.000  -12.843710680  131.132761096   122.2670   5   8   5.3474   5.1400   8.9299   0.1938   2.3131   0.4108   0.00    0.0
2014/12/16 03:02:00.000  -12.843711161  131.132759016   122.0866   5   8   5.3428   5.1398   8.9454   0.1771   2.3545   0.3691   0.00    0.0
2014/12/16 03:02:30.000  -12.843711074  131.132758946   122.1028   5   8   5.3381   5.1397   8.9613   0.1577   2.3953   0.3190   0.00    0.0
2014/12/16 03:03:00.000  -12.843710722  131.132759527   121.9814   5   8   5.3332   5.1397   8.9777   0.1344   2.4356   0.2554   0.00    0.0
2014/12/16 03:03:30.000  -12.843710956  131.132760033   121.7511   5   8   5.3283   5.1398   8.9945   0.1047   2.4755   0.1633   0.00    0.0
2014/12/16 03:04:00.000  -12.843711564  131.132759705   121.7198   5   8   5.3233   5.1399   9.0116   0.0595   2.5150  -0.1180   0.00    0.0
2014/12/16 03:04:30.000  -12.843712161  131.132760200   121.7570   5   8   5.3182   5.1401   9.0292  -0.0647   2.5540  -0.2377   0.00    0.0
2014/12/16 03:05:00.000  -12.843711917  131.132761598   121.9653   5   8   5.3131   5.1404   9.0473  -0.1106   2.5927  -0.3180   0.00    0.0
2014/12/16 03:05:30.000  -12.843711231  131.132761814   121.9583   5   8   5.3079   5.1408   9.0657  -0.1436   2.6310  -0.3844   0.00    0.0
2014/12/16 03:06:00.000  -12.843711315  131.132761079   121.9581   5   8   5.3026   5.1412   9.0846  -0.1712   2.6689  -0.4432   0.00    0.0
2014/12/16 03:06:30.000  -12.843711400  131.132761169   121.6893   5   8   5.2973   5.1417   9.1039  -0.1958   2.7066  -0.4971   0.00    0.0
2014/12/16 03:07:00.000  -12.843711820  131.132761029   121.5211   5   8   5.2920   5.1424   9.1236  -0.2184   2.7439  -0.5475   0.00    0.0
2014/12/16 03:07:30.000  -12.843710929  131.132761997   121.5936   5   8   5.2866   5.1430   9.1438  -0.2396   2.7809  -0.5954   0.00    0.0
2014/12/16 03:08:00.000  -12.843710072  131.132762449   121.5560   5   8   5.2811   5.1438   9.1644  -0.2597   2.8177  -0.6413   0.00    0.0
2014/12/16 03:08:30.000  -12.843711369  131.132761929   121.4189   5   8   5.2757   5.1447   9.1854  -0.2790   2.8543  -0.6856   0.00    0.0
2014/12/16 03:09:00.000  -12.843712711  131.132762288   121.5399   5   8   5.2702   5.1456   9.2068  -0.2976   2.8906  -0.7286   0.00    0.0
2014/12/16 03:09:30.000  -12.843713726  131.132761645   121.5952   5   8   5.2647   5.1466   9.2287  -0.3156   2.9266  -0.7705   0.00    0.0
2014/12/16 03:10:00.000  -12.843713560  131.132761302   121.3316   5   8   5.2592   5.1477   9.2511  -0.3332   2.9625  -0.8115   0.00    0.0
2014/12/16 03:10:30.000  -12.843714397  131.132761965   121.5384   5   8   5.2536   5.1489   9.2738  -0.3505   2.9981  -0.8516   0.00    0.0
2014/12/16 03:11:00.000  -12.843713599  131.132763183   121.6841   5   8   5.2481   5.1501   9.2971  -0.3673   3.0336  -0.8912   0.00    0.0
2014/12/16 03:11:30.000  -12.843714013  131.132763712   121.5066   5   8   5.2426   5.1514   9.3207  -0.3840   3.0689  -0.9301   0.00    0.0
2014/12/16 03:12:00.000  -12.843713621  131.132764287   121.4543   5   8   5.2370   5.1529   9.3448  -0.4003   3.1040  -0.9685   0.00    0.0
2014/12/16 03:12:30.000  -12.843713429  131.132764502   121.5423   5   8   5.2315   5.1544   9.3694  -0.4165   3.1390  -1.0064   0.00    0.0
2014/12/16 03:13:00.000  -12.843713697  131.132762967   121.7227   5   8   5.2260   5.1559   9.3944  -0.4324   3.1738  -1.0439   0.00    0.0
2014/12/16 03:13:30.000  -12.843714346  131.132761763   121.5986   5   8   5.2206   5.1576   9.4199  -0.4482   3.2085  -1.0810   0.00    0.0
2014/12/16 03:14:00.000  -12.843714541  131.132762121   121.6136   5   8   5.2151   5.1594   9.4458  -0.4639   3.2430  -1.1179   0.00    0.0
2014/12/16 03:14:30.000  -12.843714053  131.132762804   121.5740   5   8   5.2097   5.1612   9.4721  -0.4794   3.2775  -1.1544   0.00    0.0
2014/12/16 03:15:00.000  -12.843714323  131.132763385   121.4200   5   8   5.2044   5.1631   9.4990  -0.4948   3.3118  -1.1906   0.00    0.0
2014/12/16 03:15:30.000  -12.843714712  131.132762708   121.3874   5   8   5.1991   5.1651   9.5262  -0.5101   3.3460  -1.2266   0.00    0.0
2014/12/16 03:16:00.000  -12.843719668  131.132764982   122.2421   5   9   4.7274   5.1234   8.9012   1.0808   3.0158   2.4234   0.00    0.0
2014/12/16 03:16:30.000  -12.843720699  131.132766405   122.4769   5   9   4.7220   5.1250   8.9255   1.0770   3.0500   2.4109   0.00    0.0
2014/12/16 03:17:00.000  -12.843720026  131.132766300   122.7247   5   9   4.7166   5.1268   8.9503   1.0731   3.0841   2.3980   0.00    0.0
2014/12/16 03:17:30.000  -12.843720478  131.132766272   122.5927   5   9   4.7112   5.1286   8.9755   1.0689   3.1180   2.3848   0.00    0.0
2014/12/16 03:18:00.000  -12.843720242  131.132766236   122.5271   5   9   4.7059   5.1305   9.0011   1.0647   3.1518   2.3711   0.00    0.0
2014/12/16 03:18:30.000  -12.843719612  131.132765066   122.3892   5   9   4.7006   5.1325   9.0272   1.0602   3.1855   2.3571   0.00    0.0
2014/12/16 03:19:00.000  -12.843719258  131.132764039   122.2837   5   9   4.6954   5.1346   9.0536   1.0555   3.2191   2.3427   0.00    0.0
2014/12/16 03:19:30.000  -12.843719047  131.132764497   122.0121   5   9   4.6903   5.1368   9.0806   1.0507   3.2526   2.3279   0.00    0.0
2014/12/16 03:20:00.000  -12.843719453  131.132766993   122.1617   5   9   4.6852   5.1390   9.1080   1.0457   3.2860   2.3127   0.00    0.0
2014/12/16 03:20:30.000  -12.843719854  131.132768498   122.5098   5   9   4.6801   5.1413   9.1358   1.0405   3.3194   2.2971   0.00    0.0
2014/12/16 03:21:00.000  -12.843720782  131.132768115   122.3572   5   9   4.6751   5.1438   9.1641   1.0351   3.3527   2.2811   0.00    0.0
2014/12/16 03:21:30.000  -12.843721134  131.132768110   122.2629   5   9   4.6702   5.1463   9.1928   1.0295   3.3859   2.2646   0.00    0.0
2014/12/16 03:22:00.000  -12.843721197  131.132767847   122.2979   5   9   4.6654   5.1488   9.2220   1.0238   3.4190   2.2476   0.00    0.0
2014/12/16 03:22:30.000  -12.843722111  131.132768201   122.2483   5   9   4.6607   5.1515   9.2517   1.0178   3.4522   2.2302   0.00    0.0
2014/12/16 03:23:00.000  -12.843722711  131.132767631   122.1341   5   9   4.6560   5.1543   9.2818   1.0116   3.4852   2.2124   0.00    0.0
2014/12/16 03:23:30.000  -12.843722376  131.132766565   121.9801   5   9   4.6514   5.1571   9.3124   1.0053   3.5183   2.1940   0.00    0.0
2014/12/16 03:24:00.000  -12.843722157  131.132766553   122.0594   5   9   4.6469   5.1600   9.3435   0.9987   3.5513   2.1752   0.00    0.0
2014/12/16 03:24:30.000  -12.843722305  131.132766307   121.8569   5   9   4.6425   5.1630   9.3750   0.9919   3.5842   2.1558   0.00    0.0
2014/12/16 03:25:00.000  -12.843722505  131.132768091   121.9635   5   9   4.6382   5.1661   9.4071   0.9848   3.6172   2.1359   0.00    0.0
2014/12/16 03:25:30.000  -12.843716693  131.132765752   123.2617   5   8   5.2562   5.2928  10.5515  -1.3653   2.8221   4.0214   0.00    0.0
2014/12/16 03:26:00.000  -12.843716039  131.132766762   123.3419   5   8   5.2460   5.2946  10.5827  -1.3590   2.8691   4.0033   0.00    0.0
2014/12/16 03:26:30.000  -12.843715618  131.132766658   123.5035   5   8   5.2359   5.2965  10.6145  -1.3528   2.9157   3.9851   0.00    0.0
2014/12/16 03:27:00.000  -12.843715632  131.132765436   123.4750   5   8   5.2260   5.2985  10.6468  -1.3468   2.9619   3.9667   0.00    0.0
2014/12/16 03:27:30.000  -12.843715645  131.132765391   123.3710   5   8   5.2162   5.3006  10.6796  -1.3410   3.0077   3.9481   0.00    0.0
2014/12/16 03:28:00.000  -12.843715130  131.132764699   123.3631   5   8   5.2066   5.3027  10.7130  -1.3354   3.0532   3.9293   0.00    0.0
2014/12/16 03:28:30.000  -12.843715663  131.132764033   123.2065   5   7   5.4675   5.8403  12.1444  -2.4322   4.8389   2.3849   0.00    0.0
2014/12/16 03:29:00.000  -12.843716709  131.132765759   123.2097   5   7   5.4569   5.8439  12.2066  -2.4277   4.8868   2.3355   0.00    0.0
2014/12/16 03:29:30.000  -12.843717317  131.132766615   123.2540   5   7   5.4466   5.8477  12.2698  -2.4237   4.9349   2.2842   0.00    0.0
2014/12/16 03:30:00.000  -12.843717447  131.132767204   123.4225   5   7   5.4366   5.8517  12.3340  -2.4199   4.9831   2.2311   0.00    0.0
2014/12/16 03:30:30.000  -12.843717226  131.132767103   123.3745   5   7   5.4268   5.8559  12.3993  -2.4166   5.0316   2.1758   0.00    0.0
2014/12/16 03:31:00.000  -12.843717697  131.132765079   123.2882   5   7   5.4173   5.8603  12.4656  -2.4135   5.0802   2.1183   0.00    0.0
2014/12/16 03:31:30.000  -12.843718255  131.132764358   123.3619   5   7   5.4080   5.8650  12.5330  -2.4109   5.1291   2.0583   0.00    0.0
2014/12/16 03:32:00.000  -12.843717894  131.132766095   123.4626   5   7   5.3990   5.8698  12.6015  -2.4086   5.1781   1.9956   0.00    0.0
2014/12/16 03:32:30.000  -12.843717147  131.132766376   123.5776   5   7   5.3903   5.8748  12.6711  -2.4066   5.2274   1.9299   0.00    0.0
2014/12/16 03:33:00.000  -12.843716887  131.132765723   123.6549   5   7   5.3818   5.8800  12.7418  -2.4050   5.2768   1.8608   0.00    0.0
2014/12/16 03:33:30.000  -12.843717652  131.132766284   123.7327   5   7   5.3737   5.8854  12.8136  -2.4038   5.3265   1.7879   0.00    0.0
2014/12/16 03:34:00.000  -12.843718681  131.132766932   123.8164   5   7   5.3658   5.8910  12.8865  -2.4029   5.3765   1.7106   0.00    0.0
2014/12/16 03:34:30.000  -12.843718166  131.132766495   123.8379   5   7   5.3582   5.8968  12.9606  -2.4024   5.4266   1.6285   0.00    0.0
2014/12/16 03:35:00.000  -12.843718387  131.132765592   123.5225   5   7   5.3508   5.9029  13.0359  -2.4023   5.4770   1.5405   0.00    0.0
2014/12/16 03:35:30.000  -12.843717705  131.132765844   123.3533   5   7   5.3437   5.9091  13.1123  -2.4025   5.5277   1.4457   0.00    0.0
2014/12/16 03:36:00.000  -12.843716783  131.132762760   122.4246   5   8   5.3369   4.8609  10.6166  -2.4189   2.1760   1.2747   0.00    0.0
2014/12/16 03:36:30.000  -12.843716344  131.132762217   122.1333   5   8   5.3304   4.8598  10.6591  -2.4210   2.2253   1.1484   0.00    0.0
2014/12/16 03:37:00.000  -12.843717215  131.132762933   122.1603   5   8   5.3242   4.8589  10.7023  -2.4232   2.2739   1.0048   0.00    0.0
2014/12/16 03:37:30.000  -12.843718018  131.132762735   122.1384   5   8   5.3183   4.8581  10.7463  -2.4257   2.3220   0.8348   0.00    0.0
2014/12/16 03:38:00.000  -12.843718320  131.132762882   122.1336   5   8   5.3127   4.8574  10.7910  -2.4284   2.3696   0.6170   0.00    0.0
2014/12/16 03:38:30.000  -12.843718803  131.132761885   121.9089   5   8   5.3073   4.8567  10.8365  -2.4313   2.4167   0.2467   0.00    0.0
2014/12/16 03:39:00.000  -12.843718813  131.132762836   122.1148   5   8   5.3023   4.8562  10.8827  -2.4344   2.4633  -0.5125   0.00    0.0
2014/12/16 03:39:30.000  -12.843717378  131.132763534   122.3652   5   8   5.2976   4.8558  10.9298  -2.4377   2.5094  -0.7681   0.00    0.0
2014/12/16 03:40:00.000  -12.843716204  131.132763417   122.1771   5   8   5.2931   4.8555  10.9776  -2.4412   2.5552  -0.9598   0.00    0.0
2014/12/16 03:40:30.000  -12.843716685  131.132762593   122.1188   5   8   5.2890   4.8553  11.0262  -2.4449   2.6006  -1.1209   0.00    0.0
2014/12/16 03:41:00.000  -12.843717819  131.132763441   122.0673   5   8   5.2851   4.8552  11.0756  -2.4488   2.6457  -1.2632   0.00    0.0
2014/12/16 03:41:30.000  -12.843718547  131.132764843   122.2900   5   8   5.2816   4.8551  11.1258  -2.4529   2.6905  -1.3925   0.00    0.0
2014/12/16 03:42:00.000  -12.843717454  131.132764992   122.4266   5   8   5.2783   4.8552  11.1768  -2.4572   2.7349  -1.5123   0.00    0.0
2014/12/16 03:42:30.000  -12.843716798  131.132765157   122.2723   5   8   5.2754   4.8554  11.2287  -2.4617   2.7791  -1.6246   0.00    0.0
2014/12/16 03:43:00.000  -12.843716939  131.132765816   122.5252   5   8   5.2728   4.8557  11.2813  -2.4664   2.8230  -1.7309   0.00    0.0
2014/12/16 03:43:30.000  -12.843717039  131.132766079   123.0253   5   8   5.2704   4.8561  11.3348  -2.4713   2.8666  -1.8324   0.00    0.0
2014/12/16 03:44:00.000  -12.843717482  131.132767019   123.1639   5   8   5.2684   4.8566  11.3891  -2.4764   2.9100  -1.9297   0.00    0.0
2014/12/16 03:44:30.000  -12.843717574  131.132766868   122.8083   5   8   5.2667   4.8571  11.4443  -2.4817   2.9532  -2.0236   0.00    0.0
2014/12/16 03:45:00.000  -12.843717820  131.132766197   122.5570   5   8   5.2653   4.8578  11.5003  -2.4872   2.9962  -2.1145   0.00    0.0
2014/12/16 03:45:30.000  -12.843718082  131.132765231   122.6828   5   8   5.2642   4.8585  11.5572  -2.4929   3.0389  -2.2028   0.00    0.0
2014/12/16 03:46:00.000  -12.843718659  131.132765554   122.9031   5   8   5.2635   4.8594  11.6149  -2.4987   3.0815  -2.2888   0.00    0.0
2014/12/16 03:46:30.000  -12.843719334  131.132765638   123.1950   5   8   5.2630   4.8603  11.6734  -2.5047   3.1239  -2.3728   0.00    0.0
2014/12/16 03:47:00.000  -12.843718837  131.132765309   123.1064   5   8   5.2628   4.8614  11.7328  -2.5109   3.1662  -2.4551   0.00    0.0
2014/12/16 03:47:30.000  -12.843718547  131.132764984   122.7248   5   8   5.2630   4.8625  11.7931  -2.5173   3.2083  -2.5357   0.00    0.0
2014/12/16 03:48:00.000  -12.843718404  131.132766146   122.7109   5   8   5.2635   4.8637  11.8542  -2.5239   3.2502  -2.6150   0.00    0.0
2014/12/16 03:48:30.000  -12.843718321  131.132766695   122.8203   5   8   5.2643   4.8650  11.9162  -2.5306   3.2919  -2.6930   0.00    0.0
2014/12/16 03:49:00.000  -12.843718499  131.132766503   122.5617   5   8   5.2654   4.8663  11.9791  -2.5375   3.3335  -2.7699   0.00    0.0
2014/12/16 03:49:30.000  -12.843718189  131.132765905   122.3881   5   8   5.2668   4.8678  12.0428  -2.5445   3.3750  -2.8457   0.00    0.0
2014/12/16 03:50:00.000  -12.843718636  131.132764941   122.1310   5   8   5.2685   4.8693  12.1074  -2.5517   3.4163  -2.9206   0.00    0.0
2014/12/16 03:50:30.000  -12.843719298  131.132765025   122.4327   5   8   5.2705   4.8709  12.1729  -2.5591   3.4575  -2.9947   0.00    0.0
2014/12/16 03:51:00.000  -12.843721057  131.132766030   122.7866   5   8   5.2729   4.8726  12.2392  -2.5666   3.4986  -3.0680   0.00    0.0
2014/12/16 03:51:30.000  -12.843722045  131.132765717   122.9290   5   8   5.2755   4.8744  12.3064  -2.5742   3.5395  -3.1406   0.00    0.0
2014/12/16 03:52:00.000  -12.843722102  131.132766661   123.0097   5   8   5.2785   4.8762  12.3745  -2.5820   3.5802  -3.2125   0.00    0.0
2014/12/16 03:52:30.000  -12.843721241  131.132766605   122.9419   5   8   5.2818   4.8781  12.4434  -2.5900   3.6209  -3.2839   0.00    0.0
2014/12/16 03:53:00.000  -12.843719313  131.132766604   122.8984   5   8   5.2854   4.8801  12.5132  -2.5980   3.6613  -3.3547   0.00    0.0
2014/12/16 03:53:30.000  -12.843718038  131.132767726   122.6399   5   8   5.2893   4.8821  12.5838  -2.6062   3.7017  -3.4251   0.00    0.0
2014/12/16 03:54:00.000  -12.843718205  131.132766659   122.3184   5   8   5.2935   4.8842  12.6553  -2.6145   3.7419  -3.4950   0.00    0.0
2014/12/16 03:54:30.000  -12.843718619  131.132766944   122.5445   5   8   5.2980   4.8864  12.7276  -2.6230   3.7819  -3.5645   0.00    0.0
2014/12/16 03:55:00.000  -12.843719776  131.132767316   122.8351   5   8   5.3029   4.8886  12.8008  -2.6315   3.8218  -3.6336   0.00    0.0
2014/12/16 03:55:30.000  -12.843721059  131.132768084   123.2027   5   8   5.3080   4.8909  12.8747  -2.6402   3.8615  -3.7024   0.00    0.0
2014/12/16 03:56:00.000  -12.843721927  131.132768682   123.2564   5   8   5.3134   4.8932  12.9495  -2.6489   3.9011  -3.7708   0.00    0.0
2014/12/16 03:56:30.000  -12.843721898  131.132769313   123.6199   5   8   5.3192   4.8955  13.0251  -2.6577   3.9404  -3.8389   0.00    0.0
2014/12/16 03:57:00.000  -12.843722460  131.132769000   123.6652   5   8   5.3252   4.8980  13.1015  -2.6667   3.9796  -3.9068   0.00    0.0
2014/12/16 03:57:30.000  -12.843722822  131.132768818   123.7401   5   8   5.3315   4.9004  13.1786  -2.6757   4.0186  -3.9743   0.00    0.0
2014/12/16 03:58:00.000  -12.843721875  131.132768570   123.7374   5   8   5.3381   4.9029  13.2565  -2.6847   4.0574  -4.0417   0.00    0.0
2014/12/16 03:58:30.000  -12.843721499  131.132767371   123.2568   5   8   5.3450   4.9054  13.3352  -2.6938   4.0960  -4.1087   0.00    0.0
2014/12/16 03:59:00.000  -12.843720617  131.132766655   122.9932   5   8   5.3522   4.9080  13.4145  -2.7030   4.1343  -4.1756   0.00    0.0
2014/12/16 03:59:30.000  -12.843720811  131.132766766   123.1185   5   8   5.3597   4.9105  13.4946  -2.7122   4.1724  -4.2422   0.00    0.0
2014/12/16 04:00:00.000  -12.843720751  131.132767948   123.2162   5   8   5.3681   4.9679  13.5757  -2.7099   4.2179  -4.3077   0.00    0.0
2014/12/16 04:00:30.000  -12.843720942  131.132767370   122.9382   5   8   5.3760   4.9716  13.6573  -2.7205   4.2580  -4.3738   0.00    0.0
2014/12/16 04:01:00.000  -12.843718673  131.132769394   124.2879   5   9   5.2105   4.8594  12.6203  -2.9844   3.5600  -5.2037   0.00    0.0
2014/12/16 04:01:30.000  -12.843718580  131.132770047   124.6199   5   9   5.2188   4.8631  12.7129  -2.9946   3.6080  -5.2599   0.00    0.0
2014/12/16 04:02:00.000  -12.843718393  131.132771412   124.5662   5   9   5.2273   4.8668  12.8066  -3.0049   3.6558  -5.3163   0.00    0.0
2014/12/16 04:02:30.000  -12.843719086  131.132771055   124.3820   5   9   5.2360   4.8706  12.9013  -3.0152   3.7034  -5.3728   0.00    0.0
2014/12/16 04:03:00.000  -12.843718706  131.132770628   124.4195   5   9   5.2449   4.8745  12.9970  -3.0256   3.7508  -5.4295   0.00    0.0
2014/12/16 04:03:30.000  -12.843717838  131.132770938   124.5712   5   9   5.2539   4.8784  13.0937  -3.0360   3.7980  -5.4861   0.00    0.0
2014/12/16 04:04:00.000  -12.843718507  131.132770801   124.7161   5   9   5.2631   4.8824  13.1914  -3.0464   3.8450  -5.5429   0.00    0.0
2014/12/16 04:04:30.000  -12.843718990  131.132770833   124.8941   5   9   5.2725   4.8864  13.2900  -3.0569   3.8917  -5.5997   0.00    0.0
2014/12/16 04:05:00.000  -12.843719004  131.132771256   124.8509   5   9   5.2819   4.8904  13.3896  -3.0673   3.9382  -5.6564   0.00    0.0
2014/12/16 04:05:30.000  -12.843718759  131.132772841   124.8020   5   9   5.2915   4.8945  13.4900  -3.0777   3.9845  -5.7132   0.00    0.0
2014/12/16 04:06:00.000  -12.843718869  131.132772386   124.7495   5   9   5.3013   4.8987  13.5913  -3.0882   4.0304  -5.7700   0.00    0.0
2014/12/16 04:06:30.000  -12.843719017  131.132772436   124.8702   5   9   5.3111   4.9028  13.6933  -3.0985   4.0761  -5.8267   0.00    0.0
2014/12/16 04:07:00.000  -12.843719996  131.132773896   125.4412   5   9   5.3210   4.9070  13.7961  -3.1089   4.1214  -5.8833   0.00    0.0
2014/12/16 04:07:30.000  -12.843720579  131.132773593   125.6627   5   9   5.3309   4.9112  13.8996  -3.1191   4.1664  -5.9398   0.00    0.0
2014/12/16 04:08:00.000  -12.843721580  131.132773737   125.7955   5   9   5.3410   4.9154  14.0038  -3.1293   4.2110  -5.9962   0.00    0.0
2014/12/16 04:08:30.000  -12.843721945  131.132774389   125.8981   5   9   5.3510   4.9196  14.1085  -3.1394   4.2552  -6.0524   0.00    0.0
2014/12/16 04:09:00.000  -12.843721660  131.132773940   125.5721   5   9   5.3611   4.9238  14.2138  -3.1494   4.2990  -6.1083   0.00    0.0
2014/12/16 04:09:30.000  -12.843720971  131.132773672   125.1210   5   9   5.3712   4.9279  14.3196  -3.1593   4.3424  -6.1640   0.00    0.0
2014/12/16 04:10:00.000  -12.843720806  131.132773493   125.0737   5   9   5.3813   4.9321  14.4257  -3.1690   4.3852  -6.2194   0.00    0.0
2014/12/16 04:10:30.000  -12.843720099  131.132772613   125.1083   5   9   5.3914   4.9363  14.5322  -3.1785   4.4276  -6.2745   0.00    0.0
2014/12/16 04:11:00.000  -12.843719433  131.132772501   125.0324   5   9   5.4014   4.9404  14.6390  -3.1879   4.4694  -6.3291   0.00    0.0
2014/12/16 04:11:30.000  -12.843720109  131.132772479   125.1250   5   9   5.4113   4.9445  14.7459  -3.1971   4.5106  -6.3834   0.00    0.0
2014/12/16 04:12:00.000  -12.843720494  131.132772600   125.4027   5   9   5.4212   4.9485  14.8528  -3.2061   4.5512  -6.4371   0.00    0.0
2014/12/16 04:12:30.000  -12.843720212  131.132772504   125.5570   5   9   5.4309   4.9525  14.9598  -3.2149   4.5912  -6.4904   0.00    0.0
2014/12/16 04:13:00.000  -12.843720098  131.132772341   125.5264   5   9   5.4405   4.9564  15.0667  -3.2234   4.6304  -6.5430   0.00    0.0
2014/12/16 04:13:30.000  -12.843720737  131.132772823   125.6907   5   9   5.4500   4.9603  15.1734  -3.2316   4.6689  -6.5950   0.00    0.0
2014/12/16 04:14:00.000  -12.843721419  131.132773518   125.7913   5   9   5.4592   4.9641  15.2797  -3.2395   4.7067  -6.6463   0.00    0.0
2014/12/16 04:14:30.000  -12.843720924  131.132774352   126.0105   5   9   5.4683   4.9678  15.3857  -3.2471   4.7436  -6.6968   0.00    0.0
2014/12/16 04:15:00.000  -12.843721292  131.132774361   125.8592   5   9   5.4772   4.9714  15.4911  -3.2544   4.7796  -6.7465   0.00    0.0
2014/12/16 04:15:30.000  -12.843721507  131.132774134   125.8288   5   9   5.4857   4.9749  15.5959  -3.2613   4.8147  -6.7954   0.00    0.0
2014/12/16 04:16:00.000  -12.843722622  131.132774233   125.8133   5   9   5.4940   4.9783  15.6999  -3.2678   4.8489  -6.8432   0.00    0.0
2014/12/16 04:16:30.000  -12.843722332  131.132773389   125.4599   5   9   5.5021   4.9816  15.8030  -3.2739   4.8820  -6.8901   0.00    0.0
2014/12/16 04:17:00.000  -12.843722345  131.132772759   125.2462   5   9   5.5097   4.9847  15.9051  -3.2796   4.9141  -6.9359   0.00    0.0
2014/12/16 04:17:30.000  -12.843722440  131.132772576   125.7025   5   9   5.5170   4.9878  16.0060  -3.2849   4.9451  -6.9805   0.00    0.0
2014/12/16 04:18:00.000  -12.843722186  131.132773402   125.8001   5   8   5.9220   5.1506  19.1421  -2.8466   3.4019  -8.4508   0.00    0.0
2014/12/16 04:18:30.000  -12.843722072  131.132773688   125.7576   5   8   5.9444   5.1478  19.3297  -2.8500   3.4417  -8.5380   0.00    0.0
2014/12/16 04:19:00.000  -12.843721580  131.132773086   125.4122   5   8   5.9667   5.1450  19.5177  -2.8530   3.4799  -8.6247   0.00    0.0
2014/12/16 04:19:30.000  -12.843722811  131.132774084   125.5637   5   8   5.9888   5.1422  19.7059  -2.8556   3.5165  -8.7108   0.00    0.0
2014/12/16 04:20:00.000  -12.843724086  131.132774238   126.2229   5   8   6.0107   5.1394  19.8939  -2.8578   3.5514  -8.7960   0.00    0.0
2014/12/16 04:20:30.000  -12.843724008  131.132774018   126.1610   5   8   6.0323   5.1366  20.0815  -2.8595   3.5845  -8.8804   0.00    0.0
2014/12/16 04:21:00.000  -12.843723583  131.132773737   125.9500   5   8   6.0535   5.1338  20.2684  -2.8608   3.6157  -8.9637   0.00    0.0
2014/12/16 04:21:30.000  -12.843723077  131.132774041   125.9510   5   8   6.0743   5.1310  20.4544  -2.8615   3.6450  -9.0458   0.00    0.0
2014/12/16 04:22:00.000  -12.843722637  131.132774133   125.9195   5   8   6.0947   5.1282  20.6392  -2.8617   3.6723  -9.1266   0.00    0.0
2014/12/16 04:22:30.000  -12.843721958  131.132774675   125.7975   5   8   6.1145   5.1254  20.8223  -2.8613   3.6976  -9.2058   0.00    0.0
2014/12/16 04:23:00.000  -12.843721967  131.132774847   125.7456   5   8   6.1337   5.1225  21.0034  -2.8603   3.7206  -9.2834   0.00    0.0
2014/12/16 04:23:30.000  -12.843721930  131.132773994   125.8190   5   8   6.1523   5.1196  21.1823  -2.8586   3.7413  -9.3591   0.00    0.0
2014/12/16 04:24:00.000  -12.843722015  131.132773887   126.1485   5   8   6.1701   5.1167  21.3585  -2.8562   3.7598  -9.4327   0.00    0.0
2014/12/16 04:24:30.000  -12.843722347  131.132774571   126.1703   5   8   6.1871   5.1138  21.5317  -2.8531   3.7757  -9.5042   0.00    0.0
2014/12/16 04:25:00.000  -12.843722424  131.132775736   125.9343   5   8   6.2033   5.1109  21.7014  -2.8492   3.7891  -9.5733   0.00    0.0
2014/12/16 04:25:30.000  -12.843721673  131.132775856   125.6537   5   8   6.2184   5.1079  21.8672  -2.8446   3.7999  -9.6397   0.00    0.0
2014/12/16 04:26:00.000  -12.843721593  131.132775890   125.8375   5   8   6.2326   5.1049  22.0288  -2.8391   3.8080  -9.7034   0.00    0.0
2014/12/16 04:26:30.000  -12.843721980  131.132775353   125.5094   5   8   6.2457   5.1019  22.1857  -2.8328   3.8132  -9.7641   0.00    0.0
2014/12/16 04:27:00.000  -12.843721846  131.132775924   125.0919   5   8   6.2576   5.0988  22.3375  -2.8256   3.8156  -9.8216   0.00    0.0
2014/12/16 04:27:30.000  -12.843721478  131.132775501   125.2081   5   8   6.2682   5.0957  22.4838  -2.8175   3.8149  -9.8758   0.00    0.0
2014/12/16 04:28:00.000  -12.843722284  131.132775386   125.5093   5   8   6.2776   5.0926  22.6242  -2.8085   3.8112  -9.9265   0.00    0.0
2014/12/16 04:28:30.000  -12.843721881  131.132774953   125.6521   5   8   6.2856   5.0895  22.7582  -2.7986   3.8043  -9.9734   0.00    0.0
2014/12/16 04:29:00.000  -12.843722060  131.132774609   126.1332   5   8   6.2922   5.0864  22.8854  -2.7876   3.7942 -10.0164   0.00    0.0
2014/12/16 04:29:30.000  -12.843722616  131.132774280   126.8100   5   8   6.2973   5.0833  23.0055  -2.7757   3.7808 -10.0554   0.00    0.0
2014/12/16 04:30:00.000  -12.843721897  131.132774120   126.1279   5   8   6.3008   5.0801  23.1181  -2.7629   3.7640 -10.0902   0.00    0.0
2014/12/16 04:30:30.000  -12.843721012  131.132773446   125.1597   5   8   6.3028   5.0770  23.2229  -2.7490   3.7438 -10.1205   0.00    0.0
2014/12/16 04:31:00.000  -12.843721535  131.132773469   125.1597   5   8   6.3031   5.0739  23.3193  -2.7341   3.7201 -10.1464   0.00    0.0
2014/12/16 04:31:30.000  -12.843721528  131.132773128   125.0476   5   8   6.3018   5.0707  23.4073  -2.7183   3.6928 -10.1676   0.00    0.0
2014/12/16 04:32:00.000  -12.843721132  131.132772527   124.5304   5   8   6.2988   5.0676  23.4864  -2.7014   3.6620 -10.1840   0.00    0.0
2014/12/16 04:32:30.000  -12.843719242  131.132771644   124.1845   5   8   6.2941   5.0646  23.5564  -2.6836   3.6275 -10.1956   0.00    0.0
2014/12/16 04:33:00.000  -12.843718120  131.132772697   124.0533   5   8   6.2877   5.0615  23.6171  -2.6648   3.5894 -10.2023   0.00    0.0
2014/12/16 04:33:30.000  -12.843717009  131.132773270   123.7627   5   8   6.2795   5.0586  23.6683  -2.6451   3.5477 -10.2040   0.00    0.0
2014/12/16 04:34:00.000  -12.843717501  131.132773918   123.6878   5   8   6.2696   5.0556  23.7098  -2.6244   3.5022 -10.2007   0.00    0.0
2014/12/16 04:34:30.000  -12.843717123  131.132774410   123.2629   5   8   6.2580   5.0528  23.7416  -2.6029   3.4531 -10.1923   0.00    0.0
2014/12/16 04:35:00.000  -12.843717193  131.132773767   123.4031   5   8   6.2446   5.0500  23.7634  -2.5805   3.4003 -10.1788   0.00    0.0
2014/12/16 04:35:30.000  -12.843717326  131.132773311   123.5189   5   8   6.2296   5.0473  23.7753  -2.5573   3.3437 -10.1603   0.00    0.0
2014/12/16 04:36:00.000  -12.843716888  131.132772668   123.2846   5   8   6.2129   5.0447  23.7773  -2.5333   3.2835 -10.1368   0.00    0.0
2014/12/16 04:36:30.000  -12.843717604  131.132773581   123.4408   5   8   6.1946   5.0422  23.7695  -2.5085   3.2196 -10.1083   0.00    0.0
2014/12/16 04:37:00.000  -12.843718691  131.132774419   123.9923   5   8   6.1748   5.0398  23.7518  -2.4831   3.1519 -10.0749   0.00    0.0
2014/12/16 04:37:30.000  -12.843718954  131.132774856   123.8610   5   8   6.1534   5.0375  23.7244  -2.4570   3.0806 -10.0367   0.00    0.0
2014/12/16 04:38:00.000  -12.843717734  131.132773369   123.2702   5   8   6.1306   5.0354  23.6875  -2.4303   3.0056  -9.9938   0.00    0.0
2014/12/16 04:38:30.000  -12.843716992  131.132772268   122.6904   5   8   6.1064   5.0333  23.6413  -2.4031   2.9269  -9.9464   0.00    0.0
2014/12/16 04:39:00.000  -12.843716721  131.132773023   122.9230   5   8   6.0809   5.0315  23.5859  -2.3753   2.8444  -9.8944   0.00    0.0
2014/12/16 04:39:30.000  -12.843717202  131.132773648   123.0194   5   8   6.0542   5.0298  23.5216  -2.3472   2.7582  -9.8382   0.00    0.0
2014/12/16 04:40:00.000  -12.843717178  131.132772881   122.7440   5   8   6.0263   5.0282  23.4488  -2.3187   2.6680  -9.7778   0.00    0.0
2014/12/16 04:40:30.000  -12.843718272  131.132773352   122.9220   5   8   5.9974   5.0268  23.3677  -2.2899   2.5740  -9.7135   0.00    0.0
2014/12/16 04:41:00.000  -12.843718731  131.132774627   123.0932   5   8   5.9674   5.0256  23.2786  -2.2608   2.4758  -9.6454   0.00    0.0
2014/12/16 04:41:30.000  -12.843718292  131.132774173   122.4558   5   8   5.9366   5.0246  23.1818  -2.2316   2.3734  -9.5736   0.00    0.0
2014/12/16 04:42:00.000  -12.843717219  131.132774930   122.0723   5   8   5.9049   5.0237  23.0779  -2.2022   2.2664  -9.4985   0.00    0.0
2014/12/16 04:42:30.000  -12.843716188  131.132773752   121.6103   5   8   5.8726   5.0230  22.9671  -2.1727   2.1545  -9.4202   0.00    0.0
2014/12/16 04:43:00.000  -12.843715110  131.132772973   121.0373   5   8   5.8396   5.0225  22.8497  -2.1432   2.0373  -9.3388   0.00    0.0
2014/12/16 04:43:30.000  -12.843714134  131.132773421   121.0880   5   8   5.8061   5.0222  22.7263  -2.1138   1.9140  -9.2546   0.00    0.0
2014/12/16 04:44:00.000  -12.843713772  131.132774770   120.8509   5   8   5.7721   5.0221  22.5972  -2.0844   1.7837  -9.1679   0.00    0.0
2014/12/16 04:44:30.000  -12.843713640  131.132775038   120.8216   5   8   5.7377   5.0221  22.4628  -2.0551   1.6452  -9.0787   0.00    0.0
2014/12/16 04:45:00.000  -12.843713479  131.132775919   120.7719   5   8   5.7031   5.0224  22.3235  -2.0261   1.4964  -8.9873   0.00    0.0
2014/12/16 04:45:30.000  -12.843715332  131.132775410   120.6916   5   8   5.6683   5.0228  22.1796  -1.9972   1.3342  -8.8939   0.00    0.0
2014/12/16 04:46:00.000  -12.843716390  131.132775176   121.1106   5   8   5.6333   5.0234  22.0317  -1.9686   1.1534  -8.7987   0.00    0.0
2014/12/16 04:46:30.000  -12.843715660  131.132774752   121.2047   5   8   5.5983   5.0242  21.8801  -1.9403   0.9438  -8.7018   0.00    0.0
2014/12/16 04:47:00.000  -12.843714660  131.132773122   120.2586   5   8   5.5633   5.0252  21.7250  -1.9124   0.6794  -8.6035   0.00    0.0
2014/12/16 04:47:30.000  -12.843714129  131.132772750   119.9059   5   8   5.5284   5.0264  21.5670  -1.8848   0.2092  -8.5040   0.00    0.0
2014/12/16 04:48:00.000  -12.843714532  131.132773746   120.4055   5   8   5.4937   5.0277  21.4063  -1.8576  -0.6020  -8.4033   0.00    0.0
2014/12/16 04:48:30.000  -12.843715174  131.132774516   120.7677   5   8   5.4592   5.0293  21.2434  -1.8308  -0.8698  -8.3017   0.00    0.0
2014/12/16 04:49:00.000  -12.843715926  131.132774609   121.0624   5   8   5.4249   5.0310  21.0784  -1.8045  -1.0669  -8.1993   0.00    0.0
2014/12/16 04:49:30.000  -12.843716836  131.132774661   121.4876   5   8   5.3910   5.0328  20.9118  -1.7787  -1.2277  -8.0963   0.00    0.0
2014/12/16 04:50:00.000  -12.843715741  131.132775383   121.6969   5   8   5.3575   5.0349  20.7438  -1.7533  -1.3651  -7.9927   0.00    0.0
2014/12/16 04:50:30.000  -12.843715638  131.132774823   121.7066   5   8   5.3243   5.0371  20.5747  -1.7285  -1.4855  -7.8888   0.00    0.0
2014/12/16 04:51:00.000  -12.843711858  131.132763391   127.1991   5   7   5.3798   5.8120  24.9419  -2.3900  -6.6382  -6.8330   0.00    0.0
2014/12/16 04:51:30.000  -12.843711575  131.132762783   127.3174   5   7   5.3476   5.8179  24.8493  -2.3731  -6.6876  -6.7108   0.00    0.0
2014/12/16 04:52:00.000  -12.843711397  131.132763221   127.1164   5   7   5.3163   5.8239  24.7518  -2.3576  -6.7335  -6.5870   0.00    0.0
2014/12/16 04:52:30.000  -12.843710421  131.132762868   126.8641   5   7   5.2858   5.8299  24.6496  -2.3435  -6.7761  -6.4616   0.00    0.0
2014/12/16 04:53:00.000  -12.843709929  131.132763801   126.4075   5   7   5.2562   5.8360  24.5430  -2.3308  -6.8154  -6.3348   0.00    0.0
2014/12/16 04:53:30.000  -12.843710509  131.132763980   125.5720   5   7   5.2274   5.8422  24.4321  -2.3194  -6.8515  -6.2065   0.00    0.0
2014/12/16 04:54:00.000  -12.843710567  131.132763985   125.6926   5   7   5.1994   5.8483  24.3173  -2.3093  -6.8844  -6.0768   0.00    0.0
2014/12/16 04:54:30.000  -12.843711436  131.132763671   126.2113   5   7   5.1724   5.8545  24.1986  -2.3003  -6.9143  -5.9459   0.00    0.0
2014/12/16 04:55:00.000  -12.843712022  131.132762955   126.2207   5   7   5.1461   5.8606  24.0763  -2.2925  -6.9413  -5.8137   0.00    0.0
2014/12/16 04:55:30.000  -12.843711853  131.132762270   126.8224   5   7   5.1208   5.8667  23.9507  -2.2858  -6.9654  -5.6803   0.00    0.0
2014/12/16 04:56:00.000  -12.843712483  131.132762392   127.0131   5   7   5.0963   5.8728  23.8219  -2.2801  -6.9867  -5.5457   0.00    0.0
2014/12/16 04:56:30.000  -12.843713033  131.132763158   126.7473   5   7   5.0727   5.8788  23.6902  -2.2754  -7.0053  -5.4100   0.00    0.0
2014/12/16 04:57:00.000  -12.843712880  131.132763055   126.8331   5   7   5.0500   5.8847  23.5558  -2.2716  -7.0213  -5.2731   0.00    0.0
2014/12/16 04:57:30.000  -12.843712278  131.132763584   126.5344   5   7   5.0282   5.8905  23.4189  -2.2686  -7.0348  -5.1351   0.00    0.0
2014/12/16 04:58:00.000  -12.843711863  131.132764171   125.9357   5   7   5.0072   5.8963  23.2797  -2.2664  -7.0458  -4.9960   0.00    0.0
2014/12/16 04:58:30.000  -12.843712487  131.132764809   126.1379   5   7   4.9870   5.9020  23.1384  -2.2648  -7.0545  -4.8557   0.00    0.0
2014/12/16 04:59:00.000  -12.843713780  131.132763841   126.1027   5   7   4.9677   5.9075  22.9952  -2.2640  -7.0609  -4.7142   0.00    0.0
2014/12/16 04:59:30.000  -12.843714683  131.132764172   126.1044   5   7   4.9493   5.9130  22.8504  -2.2637  -7.0651  -4.5715   0.00    0.0
2014/12/16 05:00:00.000  -12.843714096  131.132765542   125.9880   5   7   4.9486   5.7534  22.7029  -2.1276  -7.0376  -4.4283   0.00    0.0
2014/12/16 05:00:30.000  -12.843713585  131.132764982   125.9057   5   7   4.9325   5.7576  22.5535  -2.1279  -7.0303  -4.2918   0.00    0.0
2014/12/16 05:01:00.000  -12.843712240  131.132764219   126.3344   5   7   4.9170   5.7618  22.4031  -2.1286  -7.0212  -4.1540   0.00    0.0
2014/12/16 05:01:30.000  -12.843711101  131.132764195   126.8328   5   7   4.9023   5.7658  22.2517  -2.1296  -7.0105  -4.0150   0.00    0.0
2014/12/16 05:02:00.000  -12.843712207  131.132763821   126.8526   5   7   4.8882   5.7697  22.0995  -2.1308  -6.9983  -3.8745   0.00    0.0
2014/12/16 05:02:30.000  -12.843712310  131.132763078   127.4191   5   7   4.8748   5.7736  21.9467  -2.1323  -6.9845  -3.7324   0.00    0.0
2014/12/16 05:03:00.000  -12.843712579  131.132764171   127.3230   5   7   4.8621   5.7773  21.7935  -2.1339  -6.9693  -3.5884   0.00    0.0
2014/12/16 05:03:30.000  -12.843713053  131.132765080   126.1783   5   7   4.8500   5.7810  21.6398  -2.1357  -6.9528  -3.4424   0.00    0.0
2014/12/16 05:04:00.000  -12.843712013  131.132765747   126.0363   5   7   4.8385   5.7845  21.4860  -2.1376  -6.9349  -3.2940   0.00    0.0
2014/12/16 05:04:30.000  -12.843711295  131.132764809   126.0665   5   7   4.8277   5.7880  21.3321  -2.1396  -6.9157  -3.1429   0.00    0.0
2014/12/16 05:05:00.000  -12.843710871  131.132763695   126.5195   5   7   4.8175   5.7914  21.1782  -2.1416  -6.8954  -2.9886   0.00    0.0
2014/12/16 05:05:30.000  -12.843711733  131.132764405   126.7911   5   7   4.8078   5.7948  21.0245  -2.1436  -6.8739  -2.8305   0.00    0.0
2014/12/16 05:06:00.000  -12.843712953  131.132764670   126.8902   5   7   4.7988   5.7980  20.8711  -2.1456  -6.8514  -2.6679   0.00    0.0
2014/12/16 05:06:30.000  -12.843712725  131.132764245   126.7563   5   7   4.7903   5.8013  20.7179  -2.1476  -6.8278  -2.4999   0.00    0.0
2014/12/16 05:07:00.000  -12.843712206  131.132764084   127.0190   5   7   4.7823   5.8044  20.5653  -2.1496  -6.8033  -2.3251   0.00    0.0
2014/12/16 05:07:30.000  -12.843713532  131.132764415   126.9058   5   7   4.7749   5.8075  20.4131  -2.1514  -6.7779  -2.1419   0.00    0.0
2014/12/16 05:08:00.000  -12.843713444  131.132762354   126.9690   5   7   4.7679   5.8106  20.2616  -2.1532  -6.7515  -1.9478   0.00    0.0
2014/12/16 05:08:30.000  -12.843713904  131.132761657   127.0926   5   7   4.7615   5.8136  20.1108  -2.1548  -6.7244  -1.7389   0.00    0.0
2014/12/16 05:09:00.000  -12.843713863  131.132763550   126.5746   5   7   4.7556   5.8166  19.9608  -2.1563  -6.6965  -1.5090   0.00    0.0
2014/12/16 05:09:30.000  -12.843713093  131.132765698   125.7421   5   7   4.7501   5.8195  19.8117  -2.1576  -6.6678  -1.2463   0.00    0.0
2014/12/16 05:10:00.000  -12.843713086  131.132767090   125.6729   5   7   4.7451   5.8224  19.6634  -2.1588  -6.6384  -0.9231   0.00    0.0
2014/12/16 05:10:30.000  -12.843712012  131.132767002   125.7275   5   7   4.7405   5.8253  19.5161  -2.1598  -6.6084  -0.4156   0.00    0.0
2014/12/16 05:11:00.000  -12.843712295  131.132766238   125.7366   5   7   4.7364   5.8282  19.3698  -2.1607  -6.5777   0.6966   0.00    0.0
2014/12/16 05:11:30.000  -12.843712207  131.132765872   126.1164   5   7   4.7327   5.8311  19.2247  -2.1613  -6.5465   1.0594   0.00    0.0
2014/12/16 05:12:00.000  -12.843711812  131.132764864   126.2669   5   7   4.7294   5.8340  19.0806  -2.1617  -6.5147   1.3187   0.00    0.0
2014/12/16 05:12:30.000  -12.843710988  131.132765590   126.6926   5   7   4.7265   5.8369  18.9377  -2.1619  -6.4824   1.5283   0.00    0.0
2014/12/16 05:13:00.000  -12.843710596  131.132765078   126.6537   5   7   4.7240   5.8398  18.7960  -2.1618  -6.4496   1.7068   0.00    0.0
2014/12/16 05:13:30.000  -12.843711572  131.132765099   126.1882   5   7   4.7219   5.8427  18.6556  -2.1615  -6.4163   1.8633   0.00    0.0
2014/12/16 05:14:00.000  -12.843711683  131.132765107   125.9660   5   7   4.7201   5.8457  18.5164  -2.1610  -6.3826   2.0031   0.00    0.0
2014/12/16 05:14:30.000  -12.843712075  131.132764288   126.1434   5   7   4.7186   5.8486  18.3786  -2.1602  -6.3485   2.1295   0.00    0.0
2014/12/16 05:15:00.000  -12.843712946  131.132764318   125.9876   5   7   4.7175   5.8516  18.2420  -2.1592  -6.3140   2.2450   0.00    0.0
2014/12/16 05:15:30.000  -12.843714053  131.132764441   126.3840   5   7   4.7168   5.8546  18.1069  -2.1578  -6.2791   2.3513   0.00    0.0
2014/12/16 05:16:00.000  -12.843714075  131.132764492   126.6885   5   7   4.7163   5.8577  17.9731  -2.1563  -6.2439   2.4496   0.00    0.0
2014/12/16 05:16:30.000  -12.843713992  131.132764852   126.7686   5   7   4.7162   5.8608  17.8407  -2.1544  -6.2084   2.5411   0.00    0.0
2014/12/16 05:17:00.000  -12.843713663  131.132764065   126.6556   5   7   4.7164   5.8640  17.7097  -2.1522  -6.1726   2.6264   0.00    0.0
2014/12/16 05:17:30.000  -12.843713232  131.132763751   126.7832   5   7   4.7169   5.8672  17.5802  -2.1498  -6.1365   2.7063   0.00    0.0
2014/12/16 05:18:00.000  -12.843713142  131.132763633   126.6262   5   7   4.7176   5.8705  17.4521  -2.1471  -6.1001   2.7814   0.00    0.0
2014/12/16 05:18:30.000  -12.843711160  131.132766497   124.6883   5   6   5.2109   6.3722  23.9387   0.9299  -8.8078  -5.3279   0.00    0.0
2014/12/16 05:19:00.000  -12.843711170  131.132767400   123.9078   5   6   5.1960   6.3651  23.6312   0.8528  -8.7134  -5.1663   0.00    0.0
2014/12/16 05:19:30.000  -12.843711056  131.132767791   123.6927   5   6   5.1823   6.3584  23.3313   0.7732  -8.6205  -5.0072   0.00    0.0
2014/12/16 05:20:00.000  -12.843711367  131.132768247   123.6977   5   6   5.1696   6.3520  23.0387   0.6898  -8.5291  -4.8506   0.00    0.0
2014/12/16 05:20:30.000  -12.843711091  131.132768697   123.5075   5   6   5.1578   6.3459  22.7533   0.6009  -8.4391  -4.6962   0.00    0.0
2014/12/16 05:21:00.000  -12.843710592  131.132768609   123.3379   5   6   5.1470   6.3401  22.4749   0.5034  -8.3505  -4.5440   0.00    0.0
2014/12/16 05:21:30.000  -12.843711072  131.132769160   123.6193   5   6   5.1372   6.3347  22.2033   0.3904  -8.2633  -4.3937   0.00    0.0
2014/12/16 05:22:00.000  -12.843711024  131.132768989   123.9513   5   6   5.1281   6.3296  21.9382   0.2407  -8.1774  -4.2451   0.00    0.0
2014/12/16 05:22:30.000  -12.843711380  131.132769177   123.8645   5   6   5.1199   6.3249  21.6795  -0.1739  -8.0928  -4.0981   0.00    0.0
2014/12/16 05:23:00.000  -12.843711344  131.132769454   123.6804   5   6   5.1124   6.3204  21.4270  -0.3351  -8.0094  -3.9525   0.00    0.0
2014/12/16 05:23:30.000  -12.843711431  131.132769229   123.3386   5   6   5.1057   6.3163  21.1806  -0.4342  -7.9273  -3.8082   0.00    0.0
2014/12/16 05:24:00.000  -12.843710601  131.132768401   123.3972   5   6   5.0997   6.3126  20.9400  -0.5089  -7.8464  -3.6647   0.00    0.0
2014/12/16 05:24:30.000  -12.843709514  131.132766761   123.9366   5   6   5.0944   6.3091  20.7050  -0.5692  -7.7667  -3.5221   0.00    0.0
2014/12/16 05:25:00.000  -12.843709732  131.132765941   123.7047   5   6   5.0897   6.3060  20.4756  -0.6194  -7.6880  -3.3800   0.00    0.0
2014/12/16 05:25:30.000  -12.843710056  131.132766373   123.7089   5   6   5.0856   6.3032  20.2516  -0.6619  -7.6105  -3.2381   0.00    0.0
2014/12/16 05:26:00.000  -12.843710116  131.132767969   123.5413   5   6   5.0822   6.3008  20.0328  -0.6983  -7.5340  -3.0962   0.00    0.0
2014/12/16 05:26:30.000  -12.843711043  131.132768477   123.2173   5   6   5.0793   6.2986  19.8190  -0.7295  -7.4586  -2.9538   0.00    0.0
2014/12/16 05:27:00.000  -12.843711387  131.132768176   123.0695   5   6   5.0769   6.2968  19.6102  -0.7563  -7.3842  -2.8107   0.00    0.0
2014/12/16 05:27:30.000  -12.843711581  131.132768927   123.5354   5   6   5.0751   6.2953  19.4061  -0.7792  -7.3107  -2.6664   0.00    0.0
2014/12/16 05:28:00.000  -12.843711901  131.132769621   123.5324   5   6   5.0737   6.2941  19.2067  -0.7987  -7.2382  -2.5204   0.00    0.0
2014/12/16 05:28:30.000  -12.843710605  131.132768932   123.3035   5   6   5.0728   6.2932  19.0118  -0.8151  -7.1666  -2.3719   0.00    0.0
2014/12/16 05:29:00.000  -12.843710091  131.132768116   123.3931   5   6   5.0724   6.2926  18.8213  -0.8285  -7.0959  -2.2202   0.00    0.0
2014/12/16 05:29:30.000  -12.843711033  131.132766820   123.3112   5   6   5.0725   6.2923  18.6351  -0.8393  -7.0260  -2.0643   0.00    0.0
2014/12/16 05:30:00.000  -12.843711507  131.132767767   123.4693   5   6   5.0729   6.2924  18.4531  -0.8476  -6.9569  -1.9026   0.00    0.0
2014/12/16 05:30:30.000  -12.843711184  131.132767875   123.5715   5   6   5.0738   6.2927  18.2751  -0.8534  -6.8886  -1.7334   0.00    0.0
2014/12/16 05:31:00.000  -12.843710818  131.132768254   123.5304   5   6   5.0751   6.2934  18.1010  -0.8570  -6.8211  -1.5537   0.00    0.0
2014/12/16 05:31:30.000  -12.843713961  131.132770762   125.7171   5   7   4.9448   6.2208  16.2988   0.6051  -7.2657   2.5973   0.00    0.0
2014/12/16 05:32:00.000  -12.843714285  131.132770712   125.5975   5   7   4.9500   6.2151  16.1912   0.6364  -7.2158   2.6462   0.00    0.0
2014/12/16 05:32:30.000  -12.843715194  131.132769907   125.3898   5   7   4.9553   6.2095  16.0846   0.6680  -7.1658   2.6926   0.00    0.0
2014/12/16 05:33:00.000  -12.843715359  131.132769149   125.3440   5   7   4.9609   6.2039  15.9791   0.6999  -7.1159   2.7368   0.00    0.0
2014/12/16 05:33:30.000  -12.843715330  131.132769923   125.0971   5   7   4.9668   6.1984  15.8747   0.7320  -7.0660   2.7788   0.00    0.0
2014/12/16 05:34:00.000  -12.843716025  131.132770845   124.8756   5   7   4.9728   6.1930  15.7714   0.7642  -7.0161   2.8188   0.00    0.0
2014/12/16 05:34:30.000  -12.843716177  131.132770585   124.7741   5   7   4.9790   6.1877  15.6692   0.7966  -6.9663   2.8569   0.00    0.0
2014/12/16 05:35:00.000  -12.843716291  131.132770150   125.0839   5   7   4.9855   6.1825  15.5680   0.8291  -6.9165   2.8933   0.00    0.0
2014/12/16 05:35:30.000  -12.843715994  131.132770503   124.7830   5   7   4.9921   6.1774  15.4680   0.8617  -6.8668   2.9280   0.00    0.0
2014/12/16 05:36:00.000  -12.843715136  131.132770681   124.4610   5   7   4.9990   6.1725  15.3692   0.8944  -6.8172   2.9612   0.00    0.0
2014/12/16 05:36:30.000  -12.843714286  131.132770305   124.5319   5   7   5.0060   6.1676  15.2714   0.9272  -6.7676   2.9928   0.00    0.0
2014/12/16 05:37:00.000  -12.843714631  131.132769851   124.3442   5   7   5.0132   6.1629  15.1748   0.9601  -6.7182   3.0231   0.00    0.0
2014/12/16 05:37:30.000  -12.843714102  131.132770088   124.4548   5   7   5.0206   6.1583  15.0794   0.9929  -6.6688   3.0520   0.00    0.0
2014/12/16 05:38:00.000  -12.843714279  131.132770153   124.4843   5   7   5.0282   6.1538  14.9851   1.0259  -6.6195   3.0796   0.00    0.0
2014/12/16 05:38:30.000  -12.843715577  131.132770231   124.2995   5   7   5.0360   6.1495  14.8919   1.0588  -6.5704   3.1061   0.00    0.0
2014/12/16 05:39:00.000  -12.843716875  131.132770326   124.3425   5   7   5.0440   6.1453  14.7999   1.0918  -6.5214   3.1314   0.00    0.0
2014/12/16 05:39:30.000  -12.843717433  131.132770332   124.5428   5   7   5.0521   6.1413  14.7090   1.1247  -6.4725   3.1556   0.00    0.0
2014/12/16 05:40:00.000  -12.843717816  131.132770897   124.5001   5   7   5.0604   6.1374  14.6193   1.1577  -6.4237   3.1788   0.00    0.0
2014/12/16 05:40:30.000  -12.843717479  131.132770367   124.4554   5   7   5.0689   6.1336  14.5307   1.1907  -6.3751   3.2010   0.00    0.0
2014/12/16 05:41:00.000  -12.843716515  131.132770540   124.3859   5   7   5.0775   6.1301  14.4433   1.2237  -6.3266   3.2222   0.00    0.0
2014/12/16 05:41:30.000  -12.843716653  131.132770414   124.3491   5   7   5.0863   6.1267  14.3570   1.2566  -6.2782   3.2426   0.00    0.0
2014/12/16 05:42:00.000  -12.843716920  131.132769048   124.2796   5   7   5.0953   6.1234  14.2718   1.2896  -6.2299   3.2621   0.00    0.0
2014/12/16 05:42:30.000  -12.843716242  131.132768414   124.1509   5   7   5.1044   6.1203  14.1878   1.3225  -6.1818   3.2807   0.00    0.0
2014/12/16 05:43:00.000  -12.843715877  131.132768022   124.1510   5   7   5.1137   6.1174  14.1049   1.3555  -6.1339   3.2986   0.00    0.0
2014/12/16 05:43:30.000  -12.843716178  131.132767916   123.9742   5   7   5.1231   6.1147  14.0231   1.3884  -6.0860   3.3157   0.00    0.0
2014/12/16 05:44:00.000  -12.843716685  131.132768405   123.9758   5   7   5.1327   6.1122  13.9424   1.4212  -6.0383   3.3321   0.00    0.0
2014/12/16 05:44:30.000  -12.843717371  131.132767738   123.8180   5   7   5.1424   6.1098  13.8629   1.4541  -5.9908   3.3478   0.00    0.0
2014/12/16 05:45:00.000  -12.843717389  131.132767224   123.6606   5   7   5.1523   6.1076  13.7844   1.4869  -5.9434   3.3628   0.00    0.0
2014/12/16 05:45:30.000  -12.843717577  131.132767427   123.8988   5   7   5.1623   6.1056  13.7071   1.5197  -5.8961   3.3772   0.00    0.0
2014/12/16 05:46:00.000  -12.843718677  131.132767372   123.9349   5   7   5.1724   6.1038  13.6308   1.5525  -5.8490   3.3910   0.00    0.0
2014/12/16 05:46:30.000  -12.843718478  131.132769346   123.9590   5   7   5.1827   6.1022  13.5556   1.5852  -5.8020   3.4041   0.00    0.0
2014/12/16 05:47:00.000  -12.843718266  131.132769610   124.1849   5   7   5.1930   6.1007  13.4815   1.6179  -5.7551   3.4167   0.00    0.0
2014/12/16 05:47:30.000  -12.843717378  131.132770154   123.9177   5   7   5.2036   6.0995  13.4084   1.6506  -5.7084   3.4288   0.00    0.0
2014/12/16 05:48:00.000  -12.843717889  131.132769700   123.7171   5   7   5.2142   6.0985  13.3364   1.6832  -5.6618   3.4403   0.00    0.0
2014/12/16 05:48:30.000  -12.843717747  131.132769258   123.6507   5   7   5.2250   6.0976  13.2655   1.7158  -5.6153   3.4513   0.00    0.0
2014/12/16 05:49:00.000  -12.843719212  131.132768099   123.8321   5   7   5.2359   6.0970  13.1955   1.7483  -5.5690   3.4619   0.00    0.0
2014/12/16 05:49:30.000  -12.843720086  131.132767130   123.9031   5   7   5.2469   6.0965  13.1266   1.7808  -5.5228   3.4719   0.00    0.0
2014/12/16 05:50:00.000  -12.843720212  131.132768090   123.6428   5   7   5.2580   6.0963  13.0588   1.8133  -5.4767   3.4815   0.00    0.0
2014/12/16 05:50:30.000  -12.843718923  131.132769111   123.5744   5   7   5.2692   6.0962  12.9919   1.8457  -5.4307   3.4906   0.00    0.0
2014/12/16 05:51:00.000  -12.843719062  131.132768936   123.6163   5   7   5.2805   6.0964  12.9260   1.8780  -5.3848   3.4994   0.00    0.0
2014/12/16 05:51:30.000  -12.843719710  131.132769055   123.5539   5   7   5.2919   6.0968  12.8612   1.9104  -5.3391   3.5076   0.00    0.0
2014/12/16 05:52:00.000  -12.843719907  131.132769659   123.3045   5   7   5.3035   6.0973  12.7973   1.9426  -5.2934   3.5155   0.00    0.0
2014/12/16 05:52:30.000  -12.843718925  131.132768782   123.3647   5   7   5.3151   6.0981  12.7343   1.9749  -5.2479   3.5230   0.00    0.0
2014/12/16 05:53:00.000  -12.843718609  131.132767208   123.4200   5   7   5.3268   6.0991  12.6724   2.0070  -5.2025   3.5302   0.00    0.0
2014/12/16 05:53:30.000  -12.843719299  131.132767204   123.4903   5   7   5.3386   6.1003  12.6114   2.0391  -5.1571   3.5369   0.00    0.0
2014/12/16 05:54:00.000  -12.843720423  131.132766748   123.7407   5   7   5.3504   6.1017  12.5513   2.0712  -5.1119   3.5433   0.00    0.0
2014/12/16 05:54:30.000  -12.843721363  131.132766390   123.9227   5   7   5.3624   6.1033  12.4922   2.1032  -5.0667   3.5493   0.00    0.0
2014/12/16 05:55:00.000  -12.843721770  131.132766364   123.9303   5   7   5.3744   6.1052  12.4340   2.1352  -5.0217   3.5550   0.00    0.0
2014/12/16 05:55:30.000  -12.843722192  131.132766201   123.8446   5   7   5.3865   6.1072  12.3767   2.1671  -4.9767   3.5604   0.00    0.0
2014/12/16 05:56:00.000  -12.843721108  131.132765815   123.7331   5   7   5.3987   6.1095  12.3203   2.1989  -4.9318   3.5655   0.00    0.0
2014/12/16 05:56:30.000  -12.843720740  131.132766851   123.4297   5   7   5.4109   6.1119  12.2648   2.2307  -4.8869   3.5702   0.00    0.0
2014/12/16 05:57:00.000  -12.843720790  131.132766365   123.5926   5   7   5.4232   6.1146  12.2102   2.2624  -4.8421   3.5746   0.00    0.0
2014/12/16 05:57:30.000  -12.843721354  131.132766178   123.5190   5   7   5.4356   6.1175  12.1564   2.2940  -4.7974   3.5787   0.00    0.0
2014/12/16 05:58:00.000  -12.843721937  131.132766361   123.4053   5   7   5.4480   6.1206  12.1036   2.3256  -4.7528   3.5826   0.00    0.0
2014/12/16 05:58:30.000  -12.843722384  131.132765905   123.3817   5   8   5.1390   5.6324  11.2154   1.0575  -3.4006   4.5828   0.00    0.0
2014/12/16 05:59:00.000  -12.843722903  131.132765021   123.4778   5   8   5.1460   5.6329  11.1810   1.1007  -3.3524   4.5830   0.00    0.0
2014/12/16 05:59:30.000  -12.843723030  131.132764244   123.4735   5   8   5.1530   5.6336  11.1471   1.1425  -3.3039   4.5830   0.00    0.0
2014/12/16 06:00:00.000  -12.843722551  131.132764806   123.1568   5   8   5.1600   5.6343  11.1137   1.1829  -3.2550   4.5828   0.00    0.0
2014/12/16 06:00:30.000  -12.843721909  131.132767189   123.1177   5   8   5.1669   5.6351  11.0808   1.2221  -3.2057   4.5824   0.00    0.0
2014/12/16 06:01:00.000  -12.843722319  131.132768541   123.1833   5   8   5.1737   5.6360  11.0485   1.2602  -3.1559   4.5818   0.00    0.0
2014/12/16 06:01:30.000  -12.843723342  131.132767497   123.1692   5   8   5.1804   5.6370  11.0166   1.2972  -3.1057   4.5811   0.00    0.0
2014/12/16 06:02:00.000  -12.843723517  131.132767215   122.9674   5   8   5.1870   5.6381  10.9852   1.3333  -3.0550   4.5801   0.00    0.0
2014/12/16 06:02:30.000  -12.843722706  131.132767442   122.6794   5   8   5.1936   5.6392  10.9542   1.3684  -3.0038   4.5790   0.00    0.0
2014/12/16 06:03:00.000  -12.843722810  131.132765585   122.6349   5   8   5.2000   5.6404  10.9238   1.4027  -2.9520   4.5777   0.00    0.0
2014/12/16 06:03:30.000  -12.843723599  131.132764728   122.7258   5   8   5.2064   5.6418  10.8939   1.4362  -2.8997   4.5762   0.00    0.0
2014/12/16 06:04:00.000  -12.843722660  131.132765534   122.7919   5   8   5.2127   5.6432  10.8644   1.4690  -2.8468   4.5744   0.00    0.0
2014/12/16 06:04:30.000  -12.843721548  131.132765190   122.9380   5   8   5.2189   5.6446  10.8354   1.5010  -2.7933   4.5725   0.00    0.0
2014/12/16 06:05:00.000  -12.843721318  131.132765293   123.0643   5   8   5.2249   5.6462  10.8069   1.5324  -2.7391   4.5705   0.00    0.0
2014/12/16 06:05:30.000  -12.843721945  131.132766132   123.0916   5   8   5.2309   5.6478  10.7789   1.5631  -2.6842   4.5682   0.00    0.0
2014/12/16 06:06:00.000  -12.843722793  131.132766595   122.8021   5   8   5.2367   5.6495  10.7513   1.5931  -2.6285   4.5657   0.00    0.0
2014/12/16 06:06:30.000  -12.843724251  131.132766898   122.4606   5   8   5.2425   5.6513  10.7242   1.6226  -2.5721   4.5630   0.00    0.0
2014/12/16 06:07:00.000  -12.843720663  131.132767241   122.1071   5   7   5.6645   5.7117  11.0623   2.1133  -2.9364   3.8456   0.00    0.0
2014/12/16 06:07:30.000  -12.843721009  131.132767827   122.1307   5   7   5.6692   5.7141  11.0370   2.1373  -2.8886   3.8423   0.00    0.0
2014/12/16 06:08:00.000  -12.843720454  131.132768900   121.8692   5   7   5.6738   5.7166  11.0122   2.1609  -2.8404   3.8386   0.00    0.0
2014/12/16 06:08:30.000  -12.843720467  131.132768494   121.7382   5   7   5.6783   5.7192  10.9878   2.1840  -2.7917   3.8348   0.00    0.0
2014/12/16 06:09:00.000  -12.843720497  131.132766922   121.8783   5   7   5.6826   5.7218  10.9640   2.2068  -2.7425   3.8306   0.00    0.0
2014/12/16 06:09:30.000  -12.843718820  131.132765246   122.3298   5   7   5.6867   5.7245  10.9405   2.2292  -2.6927   3.8262   0.00    0.0
2014/12/16 06:10:00.000  -12.843719187  131.132766678   122.3560   5   7   5.6907   5.7272  10.9176   2.2512  -2.6424   3.8215   0.00    0.0
2014/12/16 06:10:30.000  -12.843719382  131.132767612   122.1571   5   7   5.6945   5.7299  10.8951   2.2728  -2.5914   3.8166   0.00    0.0
2014/12/16 06:11:00.000  -12.843719063  131.132767324   122.0640   5   7   5.6982   5.7327  10.8731   2.2941  -2.5398   3.8114   0.00    0.0
2014/12/16 06:11:30.000  -12.843719240  131.132766914   122.0512   5   7   5.7017   5.7356  10.8516   2.3150  -2.4875   3.8059   0.00    0.0
2014/12/16 06:12:00.000  -12.843719137  131.132767335   121.9482   5   7   5.7051   5.7385  10.8305   2.3355  -2.4345   3.8001   0.00    0.0
2014/12/16 06:12:30.000  -12.843718859  131.132768943   121.6526   5   7   5.7082   5.7414  10.8099   2.3556  -2.3807   3.7940   0.00    0.0
2014/12/16 06:13:00.000  -12.843719231  131.132769506   121.6579   5   7   5.7112   5.7443  10.7897   2.3753  -2.3261   3.7877   0.00    0.0
2014/12/16 06:13:30.000  -12.843718688  131.132768259   121.9359   5   7   5.7141   5.7473  10.7700   2.3947  -2.2706   3.7810   0.00    0.0
2014/12/16 06:14:00.000  -12.843718698  131.132766551   122.1788   5   7   5.7167   5.7503  10.7507   2.4136  -2.2141   3.7741   0.00    0.0
2014/12/16 06:14:30.000  -12.843717706  131.132767823   122.1635   5   7   5.7191   5.7534  10.7319   2.4323  -2.1566   3.7668   0.00    0.0
2014/12/16 06:15:00.000  -12.843717573  131.132767701   121.9305   5   7   5.7214   5.7564  10.7136   2.4505  -2.0980   3.7593   0.00    0.0
2014/12/16 06:15:30.000  -12.843719105  131.132767992   121.7783   5   7   5.7234   5.7595  10.6957   2.4683  -2.0382   3.7514   0.00    0.0
2014/12/16 06:16:00.000  -12.843719253  131.132767460   121.9905   5   7   5.7253   5.7626  10.6783   2.4858  -1.9771   3.7433   0.00    0.0
2014/12/16 06:16:30.000  -12.843719823  131.132767609   122.0290   5   7   5.7270   5.7657  10.6613   2.5029  -1.9145   3.7348   0.00    0.0
2014/12/16 06:17:00.000  -12.843718429  131.132769868   122.0984   5   7   5.7285   5.7689  10.6447   2.5196  -1.8503   3.7260   0.00    0.0
2014/12/16 06:17:30.000  -12.843718798  131.132769520   122.0671   5   7   5.7297   5.7720  10.6286   2.5359  -1.7844   3.7169   0.00    0.0
2014/12/16 06:18:00.000  -12.843719495  131.132768874   122.0314   5   7   5.7308   5.7752  10.6130   2.5519  -1.7165   3.7075   0.00    0.0
2014/12/16 06:18:30.000  -12.843719287  131.132768183   121.9723   5   7   5.7316   5.7784  10.5978   2.5675  -1.6464   3.6978   0.00    0.0
2014/12/16 06:19:00.000  -12.843719573  131.132768760   121.9581   5   7   5.7323   5.7815  10.5830   2.5826  -1.5737   3.6877   0.00    0.0
2014/12/16 06:19:30.000  -12.843719845  131.132768189   121.9114   5   7   5.7327   5.7847  10.5687   2.5975  -1.4982   3.6773   0.00    0.0
2014/12/16 06:20:00.000  -12.843718927  131.132768148   121.7341   5   7   5.7329   5.7879  10.5549   2.6119  -1.4194   3.6666   0.00    0.0
2014/12/16 06:20:30.000  -12.843718528  131.132768417   121.8423   5   7   5.7329   5.7911  10.5414   2.6259  -1.3366   3.6556   0.00    0.0
2014/12/16 06:21:00.000  -12.843717197  131.132770038   122.0487   5   7   5.7327   5.7943  10.5284   2.6396  -1.2491   3.6442   0.00    0.0
2014/12/16 06:21:30.000  -12.843716814  131.132769193   121.9586   5   7   5.7323   5.7974  10.5159   2.6529  -1.1557   3.6325   0.00    0.0
2014/12/16 06:22:00.000  -12.843718250  131.132768667   121.8694   5   7   5.7317   5.8006  10.5038   2.6658  -1.0551   3.6204   0.00    0.0
2014/12/16 06:22:30.000  -12.843718527  131.132768499   121.5899   5   7   5.7308   5.8037  10.4921   2.6783  -0.9448   3.6080   0.00    0.0
2014/12/16 06:23:00.000  -12.843718842  131.132769490   121.6175   5   7   5.7297   5.8069  10.4809   2.6905  -0.8209   3.5952   0.00    0.0
2014/12/16 06:23:30.000  -12.843718400  131.132770126   121.8076   5   7   5.7285   5.8100  10.4701   2.7022  -0.6760   3.5821   0.00    0.0
2014/12/16 06:24:00.000  -12.843718744  131.132769172   122.0945   5   7   5.7270   5.8131  10.4597   2.7136  -0.4918   3.5687   0.00    0.0
2014/12/16 06:24:30.000  -12.843718549  131.132768992   122.1470   5   7   5.7252   5.8162  10.4498   2.7246  -0.1693   3.5548   0.00    0.0
2014/12/16 06:25:00.000  -12.843718363  131.132769566   121.9320   5   7   5.7233   5.8193  10.4403   2.7352   0.4275   3.5407   0.00    0.0
2014/12/16 06:25:30.000  -12.843718737  131.132769142   121.9509   5   7   5.7212   5.8223  10.4312   2.7455   0.6263   3.5261   0.00    0.0
2014/12/16 06:26:00.000  -12.843717457  131.132769331   122.0724   5   7   5.7188   5.8253  10.4225   2.7553   0.7746   3.5112   0.00    0.0
2014/12/16 06:26:30.000  -12.843716189  131.132769493   122.1515   5   7   5.7162   5.8283  10.4143   2.7648   0.8978   3.4960   0.00    0.0
2014/12/16 06:27:00.000  -12.843715706  131.132770397   122.3839   5   7   5.7135   5.8313  10.4066   2.7739   1.0051   3.4803   0.00    0.0
2014/12/16 06:27:30.000  -12.843714063  131.132770467   122.3318   5   7   5.7105   5.8342  10.3992   2.7826   1.1012   3.4643   0.00    0.0
2014/12/16 06:28:00.000  -12.843715631  131.132770388   122.1328   5   7   5.7073   5.8372  10.3923   2.7909   1.1888   3.4479   0.00    0.0
2014/12/16 06:28:30.000  -12.843716409  131.132769844   122.0775   5   7   5.7039   5.8400  10.3858   2.7989   1.2697   3.4311   0.00    0.0
2014/12/16 06:29:00.000  -12.843715573  131.132770231   122.1046   5   7   5.7003   5.8429  10.3798   2.8065   1.3452   3.4140   0.00    0.0
2014/12/16 06:29:30.000  -12.843715479  131.132770467   122.0946   5   7   5.6965   5.8457  10.3741   2.8137   1.4160   3.3964   0.00    0.0
2014/12/16 06:30:00.000  -12.843715854  131.132769772   122.3728   5   7   5.6925   5.8484  10.3689   2.8206   1.4828   3.3785   0.00    0.0
2014/12/16 06:30:30.000  -12.843714453  131.132770531   122.6396   5   7   5.6883   5.8511  10.3642   2.8270   1.5462   3.3602   0.00    0.0
2014/12/16 06:31:00.000  -12.843714783  131.132770651   122.4703   5   7   5.6839   5.8538  10.3598   2.8331   1.6066   3.3415   0.00    0.0
2014/12/16 06:31:30.000  -12.843714699  131.132770784   122.3896   5   7   5.6793   5.8565  10.3559   2.8389   1.6643   3.3224   0.00    0.0
2014/12/16 06:32:00.000  -12.843715095  131.132772166   122.4199   5   7   5.6745   5.8590  10.3524   2.8443   1.7196   3.3028   0.00    0.0
2014/12/16 06:32:30.000  -12.843715428  131.132771853   122.3937   5   7   5.6695   5.8616  10.3493   2.8493   1.7728   3.2829   0.00    0.0
2014/12/16 06:33:00.000  -12.843717038  131.132772334   122.2719   5   7   5.6644   5.8641  10.3466   2.8539   1.8239   3.2626   0.00    0.0
2014/12/16 06:33:30.000  -12.843717999  131.132772278   122.3331   5   7   5.6591   5.8666  10.3444   2.8582   1.8732   3.2418   0.00    0.0
2014/12/16 06:34:00.000  -12.843717935  131.132772496   122.3324   5   7   5.6536   5.8690  10.3426   2.8621   1.9209   3.2207   0.00    0.0
2014/12/16 06:34:30.000  -12.843717987  131.132773024   122.3401   5   7   5.6479   5.8713  10.3412   2.8657   1.9670   3.1991   0.00    0.0
2014/12/16 06:35:00.000  -12.843718183  131.132772870   122.3731   5   7   5.6421   5.8736  10.3402   2.8690   2.0116   3.1770   0.00    0.0
2014/12/16 06:35:30.000  -12.843711964  131.132778418   123.6484   5   8   5.1471   5.4412   9.3587   1.7759  -2.3511  -0.3783   0.00    0.0
2014/12/16 06:36:00.000  -12.843712218  131.132777845   123.5396   5   8   5.1415   5.4404   9.3622   1.7766  -2.3172  -0.5084   0.00    0.0
2014/12/16 06:36:30.000  -12.843711967  131.132777062   123.5772   5   8   5.1358   5.4397   9.3660   1.7771  -2.2830  -0.6121   0.00    0.0
2014/12/16 06:37:00.000  -12.843712199  131.132776401   123.6527   5   8   5.1301   5.4390   9.3704   1.7772  -2.2484  -0.7012   0.00    0.0
2014/12/16 06:37:30.000  -12.843711874  131.132776217   123.7022   5   8   5.1242   5.4382   9.3752   1.7771  -2.2134  -0.7807   0.00    0.0
2014/12/16 06:38:00.000  -12.843712775  131.132775786   123.6060   5   8   5.1184   5.4375   9.3805   1.7766  -2.1779  -0.8533   0.00    0.0
2014/12/16 06:38:30.000  -12.843713780  131.132776024   123.5924   5   8   5.1124   5.4368   9.3862   1.7759  -2.1419  -0.9206   0.00    0.0
2014/12/16 06:39:00.000  -12.843713796  131.132775757   123.7917   5   8   5.1064   5.4361   9.3924   1.7749  -2.1054  -0.9837   0.00    0.0
2014/12/16 06:39:30.000  -12.843713057  131.132777109   123.7405   5   8   5.1003   5.4354   9.3991   1.7736  -2.0684  -1.0433   0.00    0.0
2014/12/16 06:40:00.000  -12.843711745  131.132778307   123.4921   5   8   5.0942   5.4348   9.4062   1.7719  -2.0308  -1.1000   0.00    0.0
2014/12/16 06:40:30.000  -12.843710555  131.132777774   123.4121   5   8   5.0880   5.4341   9.4138   1.7701  -1.9925  -1.1543   0.00    0.0
2014/12/16 06:41:00.000  -12.843710619  131.132777060   123.3942   5   8   5.0817   5.4334   9.4219   1.7679  -1.9537  -1.2064   0.00    0.0
2014/12/16 06:41:30.000  -12.843710266  131.132777307   123.2082   5   8   5.0754   5.4328   9.4304   1.7654  -1.9141  -1.2567   0.00    0.0
2014/12/16 06:42:00.000  -12.843709996  131.132778193   123.2435   5   8   5.0691   5.4321   9.4394   1.7627  -1.8737  -1.3053   0.00    0.0
2014/12/16 06:42:30.000  -12.843710173  131.132779769   123.1747   5   8   5.0627   5.4315   9.4488   1.7597  -1.8326  -1.3524   0.00    0.0
2014/12/16 06:43:00.000  -12.843710425  131.132780492   123.3636   5   8   5.0563   5.4309   9.4587   1.7564  -1.7906  -1.3981   0.00    0.0
2014/12/16 06:43:30.000  -12.843710076  131.132780002   123.5159   5   8   5.0498   5.4302   9.4691   1.7528  -1.7477  -1.4426   0.00    0.0
2014/12/16 06:44:00.000  -12.843707764  131.132773919   124.6545   5   7   5.2890   5.9313  10.7280  -0.8628  -3.8590   2.4067   0.00    0.0
2014/12/16 06:44:30.000  -12.843707783  131.132774171   124.5762   5   7   5.2785   5.9222  10.7383  -0.8311  -3.8257   2.3651   0.00    0.0
2014/12/16 06:45:00.000  -12.843706898  131.132773780   124.6823   5   7   5.2679   5.9133  10.7494  -0.7993  -3.7924   2.3227   0.00    0.0
2014/12/16 06:45:30.000  -12.843705848  131.132773610   124.8598   5   7   5.2574   5.9045  10.7612  -0.7675  -3.7593   2.2797   0.00    0.0
2014/12/16 06:46:00.000  -12.843706924  131.132773843   124.9552   5   7   5.2469   5.8959  10.7738  -0.7355  -3.7262   2.2360   0.00    0.0
2014/12/16 06:46:30.000  -12.843708735  131.132773980   124.7616   5   7   5.2364   5.8875  10.7870  -0.7033  -3.6931   2.1915   0.00    0.0
2014/12/16 06:47:00.000  -12.843710337  131.132774604   124.5762   5   7   5.2259   5.8791  10.8010  -0.6708  -3.6601   2.1462   0.00    0.0
2014/12/16 06:47:30.000  -12.843710401  131.132773735   124.7098   5   7   5.2154   5.8709  10.8157  -0.6381  -3.6271   2.1000   0.00    0.0
2014/12/16 06:48:00.000  -12.843709457  131.132772879   125.2246   5   7   5.2049   5.8629  10.8311  -0.6051  -3.5942   2.0529   0.00    0.0
2014/12/16 06:48:30.000  -12.843707838  131.132772106   125.5012   5   7   5.1945   5.8550  10.8472  -0.5716  -3.5613   2.0048   0.00    0.0
2014/12/16 06:49:00.000  -12.843706643  131.132772299   125.5467   5   7   5.1841   5.8472  10.8640  -0.5375  -3.5284   1.9557   0.00    0.0
2014/12/16 06:49:30.000  -12.843706566  131.132772041   125.6040   5   7   5.1738   5.8396  10.8816  -0.5028  -3.4955   1.9054   0.00    0.0
2014/12/16 06:50:00.000  -12.843707443  131.132771514   125.6915   5   7   5.1635   5.8321  10.8999  -0.4673  -3.4627   1.8539   0.00    0.0
2014/12/16 06:50:30.000  -12.843708906  131.132771885   125.5190   5   7   5.1532   5.8247  10.9189  -0.4306  -3.4299   1.8010   0.00    0.0
2014/12/16 06:51:00.000  -12.843708910  131.132772411   125.2370   5   7   5.1430   5.8174  10.9387  -0.3926  -3.3970   1.7467   0.00    0.0
2014/12/16 06:51:30.000  -12.843707527  131.132773323   125.2685   5   7   5.1328   5.8103  10.9592  -0.3526  -3.3642   1.6908   0.00    0.0
2014/12/16 06:52:00.000  -12.843707539  131.132773011   125.2918   5   7   5.1226   5.8033  10.9804  -0.3099  -3.3313   1.6331   0.00    0.0
2014/12/16 06:52:30.000  -12.843707598  131.132773282   125.4424   5   7   5.1125   5.7964  11.0023  -0.2631  -3.2985   1.5735   0.00    0.0
2014/12/16 06:53:00.000  -12.843707347  131.132772882   125.2608   5   7   5.1025   5.7897  11.0249  -0.2096  -3.2656   1.5117   0.00    0.0
2014/12/16 06:53:30.000  -12.843706678  131.132772350   125.2877   5   7   5.0925   5.7831  11.0483  -0.1415  -3.2327   1.4474   0.00    0.0
2014/12/16 06:54:00.000  -12.843707352  131.132773399   125.4201   5   7   5.0826   5.7765  11.0724   0.0497  -3.1997   1.3804   0.00    0.0
2014/12/16 06:54:30.000  -12.843707733  131.132774131   125.4381   5   7   5.0727   5.7702  11.0972   0.1535  -3.1667   1.3101   0.00    0.0
2014/12/16 06:55:00.000  -12.843708305  131.132774492   125.4374   5   7   5.0629   5.7639  11.1228   0.2081  -3.1336   1.2360   0.00    0.0
2014/12/16 06:55:30.000  -12.843710010  131.132773313   125.4885   5   7   5.0531   5.7577  11.1490   0.2485  -3.1005   1.1575   0.00    0.0
2014/12/16 06:56:00.000  -12.843709751  131.132773574   125.5588   5   7   5.0434   5.7517  11.1760   0.2808  -3.0674   1.0735   0.00    0.0
2014/12/16 06:56:30.000  -12.843708664  131.132773594   125.4993   5   7   5.0338   5.7457  11.2037   0.3077  -3.0341   0.9827   0.00    0.0
2014/12/16 06:57:00.000  -12.843707446  131.132773183   125.6737   5   7   5.0243   5.7399  11.2321   0.3305  -3.0008   0.8828   0.00    0.0
2014/12/16 06:57:30.000  -12.843708303  131.132772481   125.7832   5   7   5.0148   5.7342  11.2613   0.3502  -2.9674   0.7706   0.00    0.0
2014/12/16 06:58:00.000  -12.843708581  131.132772395   125.6952   5   7   5.0054   5.7286  11.2911   0.3671  -2.9339   0.6394   0.00    0.0
2014/12/16 06:58:30.000  -12.843709181  131.132772072   125.4633   5   7   4.9961   5.7231  11.3217   0.3818  -2.9003   0.4738   0.00    0.0
2014/12/16 06:59:00.000  -12.843708708  131.132771466   125.4790   5   7   4.9868   5.7177  11.3529   0.3945  -2.8666   0.2022   0.00    0.0
2014/12/16 06:59:30.000  -12.843709173  131.132772169   125.9051   5   7   4.9776   5.7124  11.3849   0.4054  -2.8328  -0.3769   0.00    0.0
2014/12/16 07:00:00.000  -12.843707921  131.132775608   125.9526   5   7   4.9685   5.7072  11.4175   0.4146  -2.7989  -0.5695   0.00    0.0
2014/12/16 07:00:30.000  -12.843707412  131.132775874   125.9413   5   7   4.9595   5.7021  11.4509   0.4225  -2.7648  -0.7112   0.00    0.0
2014/12/16 07:01:00.000  -12.843708288  131.132775510   126.0480   5   7   4.9506   5.6971  11.4850   0.4289  -2.7307  -0.8286   0.00    0.0
2014/12/16 07:01:30.000  -12.843708488  131.132775868   126.0400   5   7   4.9417   5.6922  11.5197   0.4341  -2.6963  -0.9309   0.00    0.0
2014/12/16 07:02:00.000  -12.843709128  131.132775920   126.0959   5   7   4.9329   5.6875  11.5551   0.4382  -2.6618  -1.0226   0.00    0.0
2014/12/16 07:02:30.000  -12.843708685  131.132774012   126.2062   5   7   4.9243   5.6828  11.5912   0.4410  -2.6272  -1.1063   0.00    0.0
2014/12/16 07:03:00.000  -12.843708518  131.132773560   126.3601   5   7   4.9156   5.6782  11.6280   0.4428  -2.5924  -1.1838   0.00    0.0
2014/12/16 07:03:30.000  -12.843708485  131.132774122   126.4084   5   7   4.9071   5.6737  11.6655   0.4436  -2.5574  -1.2561   0.00    0.0
2014/12/16 07:04:00.000  -12.843707487  131.132773819   126.3728   5   7   4.8987   5.6693  11.7036   0.4433  -2.5223  -1.3242   0.00    0.0
2014/12/16 07:04:30.000  -12.843706467  131.132774188   126.0716   5   7   4.8904   5.6650  11.7423   0.4421  -2.4869  -1.3885   0.00    0.0
2014/12/16 07:05:00.000  -12.843706766  131.132774890   126.0279   5   7   4.8821   5.6608  11.7817   0.4399  -2.4514  -1.4496   0.00    0.0
2014/12/16 07:05:30.000  -12.843708265  131.132774703   125.9535   5   7   4.8739   5.6567  11.8218   0.4368  -2.4156  -1.5079   0.00    0.0
2014/12/16 07:06:00.000  -12.843709745  131.132775278   126.0063   5   7   4.8658   5.6526  11.8624   0.4327  -2.3796  -1.5637   0.00    0.0
2014/12/16 07:06:30.000  -12.843709717  131.132775262   126.2284   5   7   4.8578   5.6487  11.9037   0.4277  -2.3434  -1.6172   0.00    0.0
2014/12/16 07:07:00.000  -12.843709805  131.132774089   126.2860   5   7   4.8499   5.6449  11.9456   0.4218  -2.3070  -1.6686   0.00    0.0
2014/12/16 07:07:30.000  -12.843709998  131.132773636   126.4682   5   7   4.8421   5.6411  11.9881   0.4149  -2.2703  -1.7181   0.00    0.0
2014/12/16 07:08:00.000  -12.843710320  131.132773959   126.4426   5   7   4.8344   5.6374  12.0312   0.4070  -2.2333  -1.7658   0.00    0.0
2014/12/16 07:08:30.000  -12.843694346  131.132772776   122.3606   5   6   6.0738   5.6645  14.7842  -1.4180   0.4430  -5.8935   0.00    0.0
2014/12/16 07:09:00.000  -12.843694607  131.132773474   122.7083   5   6   6.0703   5.6611  14.8850  -1.4227   0.6578  -5.9452   0.00    0.0
2014/12/16 07:09:30.000  -12.843694505  131.132773005   122.7398   5   6   6.0670   5.6578  14.9873  -1.4279   0.8183  -5.9970   0.00    0.0
2014/12/16 07:10:00.000  -12.843694535  131.132772718   122.6661   5   6   6.0640   5.6546  15.0911  -1.4334   0.9524  -6.0488   0.00    0.0
2014/12/16 07:10:30.000  -12.843695363  131.132773717   122.3798   5   6   6.0611   5.6515  15.1963  -1.4393   1.0700  -6.1006   0.00    0.0
2014/12/16 07:11:00.000  -12.843695498  131.132773022   122.3886   5   6   6.0585   5.6485  15.3030  -1.4456   1.1760  -6.1524   0.00    0.0
2014/12/16 07:11:30.000  -12.843695550  131.132772626   122.2487   5   6   6.0560   5.6456  15.4110  -1.4522   1.2734  -6.2042   0.00    0.0
2014/12/16 07:12:00.000  -12.843695614  131.132773382   122.5285   5   6   6.0537   5.6428  15.5205  -1.4591   1.3640  -6.2560   0.00    0.0
2014/12/16 07:12:30.000  -12.843696810  131.132772450   122.7512   5   6   6.0515   5.6401  15.6313  -1.4663   1.4490  -6.3078   0.00    0.0
2014/12/16 07:13:00.000  -12.843697202  131.132772010   122.9454   5   6   6.0496   5.6375  15.7435  -1.4738   1.5293  -6.3596   0.00    0.0
2014/12/16 07:13:30.000  -12.843696862  131.132772294   122.7777   5   6   6.0478   5.6349  15.8570  -1.4815   1.6056  -6.4113   0.00    0.0
2014/12/16 07:14:00.000  -12.843695560  131.132772737   122.6607   5   6   6.0461   5.6325  15.9718  -1.4894   1.6785  -6.4630   0.00    0.0
2014/12/16 07:14:30.000  -12.843695804  131.132773370   122.5418   5   6   6.0446   5.6301  16.0879  -1.4976   1.7483  -6.5146   0.00    0.0
2014/12/16 07:15:00.000  -12.843696636  131.132774183   122.9089   5   6   6.0433   5.6278  16.2052  -1.5059   1.8154  -6.5660   0.00    0.0
2014/12/16 07:15:30.000  -12.843697114  131.132774101   123.0900   5   6   6.0420   5.6257  16.3237  -1.5144   1.8800  -6.6174   0.00    0.0
2014/12/16 07:16:00.000  -12.843697270  131.132773737   122.6168   5   6   6.0409   5.6235  16.4433  -1.5230   1.9424  -6.6686   0.00    0.0
2014/12/16 07:16:30.000  -12.843697769  131.132773399   122.8184   5   6   6.0399   5.6215  16.5640  -1.5318   2.0027  -6.7197   0.00    0.0
2014/12/16 07:17:00.000  -12.843697347  131.132772170   122.7949   5   6   6.0390   5.6196  16.6858  -1.5407   2.0610  -6.7705   0.00    0.0
2014/12/16 07:17:30.000  -12.843697152  131.132773176   123.0559   5   6   6.0382   5.6177  16.8086  -1.5496   2.1176  -6.8211   0.00    0.0
2014/12/16 07:18:00.000  -12.843697356  131.132773061   123.0955   5   6   6.0374   5.6159  16.9323  -1.5586   2.1724  -6.8715   0.00    0.0
2014/12/16 07:18:30.000  -12.843696610  131.132773111   123.0132   5   6   6.0368   5.6142  17.0568  -1.5677   2.2257  -6.9215   0.00    0.0
2014/12/16 07:19:00.000  -12.843696090  131.132772266   123.0530   5   6   6.0362   5.6125  17.1822  -1.5767   2.2774  -6.9712   0.00    0.0
2014/12/16 07:19:30.000  -12.843696885  131.132771259   123.1453   5   6   6.0356   5.6109  17.3083  -1.5858   2.3276  -7.0206   0.00    0.0
2014/12/16 07:20:00.000  -12.843697853  131.132770548   122.9544   5   6   6.0350   5.6094  17.4350  -1.5949   2.3764  -7.0696   0.00    0.0
2014/12/16 07:20:30.000  -12.843696962  131.132770782   122.7888   5   6   6.0345   5.6080  17.5623  -1.6039   2.4238  -7.1181   0.00    0.0
2014/12/16 07:21:00.000  -12.843695621  131.132770982   122.6875   5   6   6.0340   5.6066  17.6901  -1.6129   2.4699  -7.1661   0.00    0.0
2014/12/16 07:21:30.000  -12.843695981  131.132771510   122.6756   5   6   6.0334   5.6053  17.8183  -1.6218   2.5146  -7.2136   0.00    0.0
2014/12/16 07:22:00.000  -12.843696463  131.132772012   122.4060   5   6   6.0329   5.6041  17.9468  -1.6306   2.5580  -7.2605   0.00    0.0
2014/12/16 07:22:30.000  -12.843695880  131.132772181   122.2345   5   6   6.0322   5.6030  18.0755  -1.6392   2.6002  -7.3068   0.00    0.0
2014/12/16 07:23:00.000  -12.843695414  131.132771790   121.9935   5   6   6.0315   5.6019  18.2042  -1.6478   2.6411  -7.3524   0.00    0.0
2014/12/16 07:23:30.000  -12.843696026  131.132771243   121.9268   5   6   6.0308   5.6008  18.3330  -1.6562   2.6807  -7.3973   0.00    0.0
2014/12/16 07:24:00.000  -12.843698108  131.132772423   122.1300   5   6   6.0299   5.5998  18.4615  -1.6645   2.7190  -7.4413   0.00    0.0
2014/12/16 07:24:30.000  -12.843698486  131.132772975   122.2160   5   6   6.0289   5.5989  18.5898  -1.6725   2.7561  -7.4845   0.00    0.0
2014/12/16 07:25:00.000  -12.843698744  131.132773048   122.3888   5   6   6.0278   5.5981  18.7177  -1.6804   2.7919  -7.5268   0.00    0.0
2014/12/16 07:25:30.000  -12.843699241  131.132773190   122.5919   5   6   6.0265   5.5973  18.8451  -1.6880   2.8264  -7.5682   0.00    0.0
2014/12/16 07:26:00.000  -12.843698100  131.132772755   122.8541   5   6   6.0251   5.5965  18.9718  -1.6954   2.8596  -7.6085   0.00    0.0
2014/12/16 07:26:30.000  -12.843697094  131.132772488   123.1299   5   6   6.0235   5.5958  19.0976  -1.7026   2.8915  -7.6477   0.00    0.0
2014/12/16 07:27:00.000  -12.843695912  131.132771344   122.6007   5   6   6.0217   5.5952  19.2225  -1.7095   2.9221  -7.6857   0.00    0.0
2014/12/16 07:27:30.000  -12.843696023  131.132770126   122.4213   5   6   6.0196   5.5946  19.3463  -1.7161   2.9513  -7.7226   0.00    0.0
2014/12/16 07:28:00.000  -12.843696171  131.132769582   122.0794   5   6   6.0173   5.5941  19.4688  -1.7225   2.9792  -7.7581   0.00    0.0
2014/12/16 07:28:30.000  -12.843697065  131.132770443   122.0472   5   6   6.0148   5.5936  19.5898  -1.7285   3.0058  -7.7922   0.00    0.0
2014/12/16 07:29:00.000  -12.843698635  131.132771389   122.2582   5   6   6.0119   5.5932  19.7093  -1.7342   3.0309  -7.8250   0.00    0.0
2014/12/16 07:29:30.000  -12.843700249  131.132771605   122.6599   5   6   6.0088   5.5928  19.8269  -1.7396   3.0546  -7.8562   0.00    0.0
2014/12/16 07:30:00.000  -12.843700187  131.132772551   122.8146   5   6   6.0054   5.5925  19.9427  -1.7446   3.0769  -7.8858   0.00    0.0
2014/12/16 07:30:30.000  -12.843698361  131.132772657   122.6739   5   6   6.0016   5.5922  20.0563  -1.7493   3.0977  -7.9138   0.00    0.0
2014/12/16 07:31:00.000  -12.843697494  131.132771702   122.5343   5   6   5.9975   5.5920  20.1676  -1.7536   3.1170  -7.9401   0.00    0.0
2014/12/16 07:31:30.000  -12.843698435  131.132771183   122.7134   5   6   5.9930   5.5918  20.2764  -1.7576   3.1348  -7.9646   0.00    0.0
2014/12/16 07:32:00.000  -12.843699123  131.132771734   123.1047   5   6   5.9882   5.5917  20.3826  -1.7611   3.1511  -7.9873   0.00    0.0
2014/12/16 07:32:30.000  -12.843698270  131.132772429   122.8839   5   6   5.9829   5.5916  20.4860  -1.7643   3.1659  -8.0081   0.00    0.0
2014/12/16 07:33:00.000  -12.843698105  131.132772289   122.8792   5   6   5.9773   5.5915  20.5864  -1.7671   3.1790  -8.0268   0.00    0.0
2014/12/16 07:33:30.000  -12.843698621  131.132772219   122.8261   5   6   5.9713   5.5916  20.6837  -1.7696   3.1906  -8.0435   0.00    0.0
2014/12/16 07:34:00.000  -12.843698028  131.132771764   122.8820   5   6   5.9648   5.5916  20.7775  -1.7716   3.2005  -8.0582   0.00    0.0
2014/12/16 07:34:30.000  -12.843697620  131.132771783   123.1452   5   6   5.9579   5.5917  20.8679  -1.7732   3.2089  -8.0706   0.00    0.0
2014/12/16 07:35:00.000  -12.843696866  131.132770182   123.0872   5   6   5.9505   5.5919  20.9547  -1.7744   3.2155  -8.0809   0.00    0.0
2014/12/16 07:35:30.000  -12.843696592  131.132770481   122.6603   5   6   5.9427   5.5921  21.0376  -1.7753   3.2206  -8.0888   0.00    0.0
2014/12/16 07:36:00.000  -12.843696825  131.132770431   122.2258   5   6   5.9345   5.5924  21.1165  -1.7757   3.2239  -8.0945   0.00    0.0
2014/12/16 07:36:30.000  -12.843696208  131.132770548   121.6109   5   6   5.9258   5.5927  21.1913  -1.7758   3.2255  -8.0978   0.00    0.0
2014/12/16 07:37:00.000  -12.843697435  131.132770903   121.8578   5   6   5.9166   5.5931  21.2619  -1.7754   3.2255  -8.0986   0.00    0.0
2014/12/16 07:37:30.000  -12.843698908  131.132770425   122.4218   5   6   5.9070   5.5935  21.3280  -1.7747   3.2238  -8.0971   0.00    0.0
2014/12/16 07:38:00.000  -12.843698685  131.132769988   122.0301   5   6   5.8970   5.5940  21.3897  -1.7737   3.2203  -8.0930   0.00    0.0
2014/12/16 07:38:30.000  -12.843698475  131.132769794   121.9685   5   6   5.8865   5.5946  21.4467  -1.7723   3.2151  -8.0865   0.00    0.0
2014/12/16 07:39:00.000  -12.843698588  131.132770554   122.1193   5   6   5.8755   5.5952  21.4990  -1.7705   3.2083  -8.0774   0.00    0.0
2014/12/16 07:39:30.000  -12.843698680  131.132770233   122.0554   5   6   5.8641   5.5959  21.5464  -1.7684   3.1997  -8.0658   0.00    0.0
2014/12/16 07:40:00.000  -12.843698866  131.132769085   121.8994   5   6   5.8523   5.5966  21.5890  -1.7660   3.1895  -8.0516   0.00    0.0
2014/12/16 07:40:30.000  -12.843698887  131.132768930   121.8465   5   6   5.8401   5.5975  21.6265  -1.7634   3.1775  -8.0349   0.00    0.0
2014/12/16 07:41:00.000  -12.843698337  131.132769313   121.9057   5   6   5.8275   5.5984  21.6590  -1.7604   3.1639  -8.0156   0.00    0.0
2014/12/16 07:41:30.000  -12.843697939  131.132770389   122.0069   5   6   5.8145   5.5994  21.6864  -1.7572   3.1487  -7.9938   0.00    0.0
2014/12/16 07:42:00.000  -12.843719115  131.132780753   131.9686   5   7   4.6577   5.3341  15.8282   1.6810  -3.9428  -3.4831   0.00    0.0
2014/12/16 07:42:30.000  -12.843719715  131.132780103   131.9063   5   7   4.6523   5.3328  15.8768   1.6849  -3.9664  -3.4684   0.00    0.0
2014/12/16 07:43:00.000  -12.843719984  131.132780443   132.0344   5   7   4.6470   5.3315  15.9241   1.6886  -3.9897  -3.4527   0.00    0.0
2014/12/16 07:43:30.000  -12.843719082  131.132780396   131.9440   5   7   4.6418   5.3302  15.9701   1.6921  -4.0127  -3.4361   0.00    0.0
2014/12/16 07:44:00.000  -12.843718887  131.132780238   131.7620   5   7   4.6367   5.3290  16.0149   1.6955  -4.0355  -3.4184   0.00    0.0
2014/12/16 07:44:30.000  -12.843718805  131.132779998   131.2013   5   7   4.6317   5.3279  16.0582   1.6987  -4.0579  -3.3997   0.00    0.0
2014/12/16 07:45:00.000  -12.843719076  131.132778932   131.1225   5   7   4.6269   5.3267  16.1002   1.7018  -4.0800  -3.3799   0.00    0.0
2014/12/16 07:45:30.000  -12.843718397  131.132778582   131.0437   5   7   4.6221   5.3256  16.1407   1.7048  -4.1016  -3.3592   0.00    0.0
2014/12/16 07:46:00.000  -12.843717351  131.132780752   130.6825   5   7   4.6175   5.3245  16.1797   1.7076  -4.1229  -3.3374   0.00    0.0
2014/12/16 07:46:30.000  -12.843717083  131.132781744   130.5204   5   7   4.6129   5.3235  16.2171   1.7102  -4.1437  -3.3145   0.00    0.0
2014/12/16 07:47:00.000  -12.843716860  131.132781562   130.4455   5   7   4.6085   5.3224  16.2530   1.7127  -4.1640  -3.2906   0.00    0.0
2014/12/16 07:47:30.000  -12.843716572  131.132781054   130.2025   5   7   4.6042   5.3214  16.2872   1.7150  -4.1839  -3.2656   0.00    0.0
2014/12/16 07:48:00.000  -12.843715736  131.132779254   129.7127   5   7   4.6001   5.3204  16.3198   1.7171  -4.2032  -3.2395   0.00    0.0
2014/12/16 07:48:30.000  -12.843716142  131.132778046   129.4357   5   7   4.5960   5.3194  16.3506   1.7191  -4.2219  -3.2124   0.00    0.0
2014/12/16 07:49:00.000  -12.843716399  131.132777866   129.1010   5   7   4.5921   5.3184  16.3797   1.7210  -4.2400  -3.1842   0.00    0.0
2014/12/16 07:49:30.000  -12.843716459  131.132777202   129.3138   5   7   4.5883   5.3174  16.4070   1.7227  -4.2576  -3.1549   0.00    0.0
2014/12/16 07:50:00.000  -12.843715799  131.132777140   129.0013   5   7   4.5846   5.3164  16.4325   1.7243  -4.2744  -3.1245   0.00    0.0
2014/12/16 07:50:30.000  -12.843715658  131.132778047   128.7789   5   7   4.5811   5.3154  16.4562   1.7257  -4.2906  -3.0930   0.00    0.0
2014/12/16 07:51:00.000  -12.843715140  131.132777853   128.5279   5   7   4.5777   5.3144  16.4779   1.7270  -4.3062  -3.0604   0.00    0.0
2014/12/16 07:51:30.000  -12.843714771  131.132777510   128.8760   5   7   4.5744   5.3134  16.4978   1.7281  -4.3210  -3.0267   0.00    0.0
2014/12/16 07:52:00.000  -12.843713976  131.132778174   128.7234   5   7   4.5713   5.3124  16.5157   1.7291  -4.3350  -2.9919   0.00    0.0
2014/12/16 07:52:30.000  -12.843713983  131.132778216   128.3861   5   7   4.5683   5.3113  16.5317   1.7300  -4.3483  -2.9560   0.00    0.0
2014/12/16 07:53:00.000  -12.843713485  131.132778020   127.6370   5   7   4.5654   5.3103  16.5457   1.7307  -4.3608  -2.9190   0.00    0.0
2014/12/16 07:53:30.000  -12.843712957  131.132777377   127.2877   5   7   4.5627   5.3092  16.5576   1.7313  -4.3725  -2.8809   0.00    0.0
2014/12/16 07:54:00.000  -12.843713153  131.132776357   127.1699   5   7   4.5602   5.3080  16.5676   1.7318  -4.3834  -2.8416   0.00    0.0
2014/12/16 07:54:30.000  -12.843712987  131.132776389   126.6600   5   7   4.5578   5.3069  16.5755   1.7322  -4.3934  -2.8012   0.00    0.0
2014/12/16 07:55:00.000  -12.843712969  131.132777300   126.5861   5   7   4.5555   5.3057  16.5814   1.7324  -4.4025  -2.7597   0.00    0.0
2014/12/16 07:55:30.000  -12.843712770  131.132776009   126.3790   5   7   4.5534   5.3045  16.5852   1.7326  -4.4108  -2.7170   0.00    0.0
2014/12/16 07:56:00.000  -12.843713760  131.132775287   126.5663   5   7   4.5514   5.3032  16.5870   1.7327  -4.4182  -2.6732   0.00    0.0
2014/12/16 07:56:30.000  -12.843713303  131.132777011   126.4413   5   7   4.5496   5.3019  16.5866   1.7327  -4.4247  -2.6283   0.00    0.0
2014/12/16 07:57:00.000  -12.843713286  131.132777831   126.4308   5   7   4.5479   5.3006  16.5843   1.7326  -4.4302  -2.5822   0.00    0.0
2014/12/16 07:57:30.000  -12.843713087  131.132777310   126.1345   5   7   4.5464   5.2992  16.5798   1.7324  -4.4348  -2.5350   0.00    0.0
2014/12/16 07:58:00.000  -12.843713901  131.132776215   126.2519   5   7   4.5451   5.2977  16.5733   1.7321  -4.4385  -2.4865   0.00    0.0
2014/12/16 07:58:30.000  -12.843713013  131.132776819   126.2814   5   7   4.5439   5.2962  16.5647   1.7318  -4.4412  -2.4369   0.00    0.0
2014/12/16 07:59:00.000  -12.843712150  131.132777603   125.7156   5   7   4.5428   5.2947  16.5541   1.7314  -4.4429  -2.3861   0.00    0.0
2014/12/16 07:59:30.000  -12.843711934  131.132777290   125.2298   5   7   4.5419   5.2931  16.5414   1.7310  -4.4437  -2.3340   0.00    0.0
2014/12/16 08:00:00.000  -12.843712697  131.132775925   125.3848   5   7   4.5799   5.3873  17.0411   1.8118  -4.1815  -2.5286   0.00    0.0
2014/12/16 08:00:30.000  -12.843712927  131.132776078   125.2147   5   7   4.5789   5.3855  17.0272   1.8132  -4.1781  -2.4704   0.00    0.0
2014/12/16 08:01:00.000  -12.843713118  131.132774640   125.1055   5   7   4.5782   5.3837  17.0110   1.8145  -4.1736  -2.4108   0.00    0.0
2014/12/16 08:01:30.000  -12.843713596  131.132774999   124.8338   5   7   4.5776   5.3819  16.9926   1.8159  -4.1680  -2.3494   0.00    0.0
2014/12/16 08:02:00.000  -12.843713343  131.132775234   124.8596   5   7   4.5772   5.3800  16.9721   1.8172  -4.1613  -2.2864   0.00    0.0
2014/12/16 08:02:30.000  -12.843712932  131.132774893   124.9599   5   7   4.5770   5.3780  16.9493   1.8185  -4.1535  -2.2217   0.00    0.0
2014/12/16 08:03:00.000  -12.843711881  131.132775118   125.0913   5   7   4.5769   5.3760  16.9244   1.8199  -4.1446  -2.1551   0.00    0.0
2014/12/16 08:03:30.000  -12.843712197  131.132774385   125.0538   5   7   4.5771   5.3740  16.8974   1.8213  -4.1346  -2.0865   0.00    0.0
2014/12/16 08:04:00.000  -12.843712160  131.132773957   124.9621   5   7   4.5774   5.3719  16.8683   1.8227  -4.1235  -2.0160   0.00    0.0
2014/12/16 08:04:30.000  -12.843712057  131.132774079   124.8138   5   7   4.5779   5.3697  16.8372   1.8242  -4.1113  -1.9432   0.00    0.0
2014/12/16 08:05:00.000  -12.843712335  131.132774491   124.4126   5   7   4.5785   5.3675  16.8041   1.8258  -4.0980  -1.8680   0.00    0.0
2014/12/16 08:05:30.000  -12.843712517  131.132775189   124.2415   5   7   4.5794   5.3653  16.7690   1.8273  -4.0837  -1.7902   0.00    0.0
2014/12/16 08:06:00.000  -12.843712623  131.132774723   124.3890   5   7   4.5804   5.3630  16.7320   1.8290  -4.0683  -1.7095   0.00    0.0
2014/12/16 08:06:30.000  -12.843712154  131.132775622   124.1445   5   7   4.5816   5.3607  16.6931   1.8307  -4.0518  -1.6257   0.00    0.0
2014/12/16 08:07:00.000  -12.843710349  131.132775133   123.6095   5   7   4.5829   5.3583  16.6524   1.8325  -4.0342  -1.5382   0.00    0.0
2014/12/16 08:07:30.000  -12.843710068  131.132774758   123.6014   5   7   4.5844   5.3559  16.6099   1.8344  -4.0156  -1.4464   0.00    0.0
2014/12/16 08:08:00.000  -12.843710445  131.132774021   123.6434   5   7   4.5861   5.3534  16.5657   1.8364  -3.9959  -1.3496   0.00    0.0
2014/12/16 08:08:30.000  -12.843709938  131.132773464   123.2602   5   7   4.5880   5.3509  16.5198   1.8385  -3.9752  -1.2468   0.00    0.0
2014/12/16 08:09:00.000  -12.843710196  131.132773200   122.9494   5   7   4.5900   5.3484  16.4723   1.8407  -3.9535  -1.1364   0.00    0.0
2014/12/16 08:09:30.000  -12.843710271  131.132772663   122.9687   5   7   4.5922   5.3458  16.4232   1.8431  -3.9307  -1.0159   0.00    0.0
2014/12/16 08:10:00.000  -12.843710614  131.132772562   122.8452   5   7   4.5945   5.3432  16.3725   1.8455  -3.9070  -0.8814   0.00    0.0
2014/12/16 08:10:30.000  -12.843711020  131.132772281   123.1440   5   7   4.5970   5.3406  16.3204   1.8481  -3.8822  -0.7254   0.00    0.0
2014/12/16 08:11:00.000  -12.843711421  131.132771968   123.1248   5   7   4.5997   5.3380  16.2669   1.8507  -3.8565  -0.5291   0.00    0.0
2014/12/16 08:11:30.000  -12.843712413  131.132771749   122.6739   5   7   4.6025   5.3353  16.2121   1.8535  -3.8298  -0.1962   0.00    0.0
2014/12/16 08:12:00.000  -12.843711955  131.132772842   122.6902   5   7   4.6054   5.3326  16.1559   1.8565  -3.8022   0.4452   0.00    0.0
2014/12/16 08:12:30.000  -12.843710627  131.132773820   122.5486   5   7   4.6085   5.3299  16.0986   1.8596  -3.7736   0.6556   0.00    0.0
2014/12/16 08:13:00.000  -12.843710585  131.132773011   122.3327   5   7   4.6117   5.3271  16.0400   1.8628  -3.7441   0.8102   0.00    0.0
2014/12/16 08:13:30.000  -12.843709947  131.132773300   122.0439   5   7   4.6151   5.3244  15.9803   1.8661  -3.7137   0.9368   0.00    0.0
2014/12/16 08:14:00.000  -12.843709946  131.132772223   122.1022   5   7   4.6186   5.3216  15.9195   1.8696  -3.6823   1.0458   0.00    0.0
2014/12/16 08:14:30.000  -12.843709888  131.132771066   121.8934   5   7   4.6222   5.3189  15.8577   1.8732  -3.6501   1.1420   0.00    0.0
2014/12/16 08:15:00.000  -12.843709357  131.132770810   121.6808   5   7   4.6260   5.3161  15.7950   1.8770  -3.6170   1.2285   0.00    0.0
2014/12/16 08:15:30.000  -12.843708730  131.132770780   121.4893   5   7   4.6299   5.3133  15.7314   1.8809  -3.5830   1.3072   0.00    0.0
2014/12/16 08:16:00.000  -12.843708532  131.132770735   121.4000   5   7   4.6339   5.3105  15.6669   1.8849  -3.5482   1.3793   0.00    0.0
2014/12/16 08:16:30.000  -12.843709190  131.132771978   121.1122   5   7   4.6380   5.3078  15.6016   1.8891  -3.5126   1.4459   0.00    0.0
2014/12/16 08:17:00.000  -12.843709962  131.132772465   121.2213   5   7   4.6423   5.3050  15.5356   1.8934  -3.4761   1.5076   0.00    0.0
2014/12/16 08:17:30.000  -12.843711217  131.132772711   121.1613   5   7   4.6466   5.3023  15.4689   1.8978  -3.4387   1.5651   0.00    0.0
2014/12/16 08:18:00.000  -12.843712375  131.132773318   120.7138   5   7   4.6511   5.2995  15.4016   1.9024  -3.4006   1.6187   0.00    0.0
2014/12/16 08:18:30.000  -12.843712286  131.132773301   120.7448   5   7   4.6557   5.2968  15.3337   1.9071  -3.3617   1.6689   0.00    0.0
2014/12/16 08:19:00.000  -12.843712922  131.132772295   120.7252   5   7   4.6603   5.2941  15.2653   1.9119  -3.3219   1.7159   0.00    0.0
2014/12/16 08:19:30.000  -12.843713234  131.132771208   120.8811   5   7   4.6651   5.2914  15.1964   1.9169  -3.2814   1.7600   0.00    0.0
2014/12/16 08:20:00.000  -12.843713160  131.132771469   120.8690   5   7   4.6699   5.2888  15.1271   1.9219  -3.2401   1.8015   0.00    0.0
2014/12/16 08:20:30.000  -12.843713739  131.132773493   120.0354   5   6   5.3406   5.9816  23.5608  -1.8747  -7.8073   7.0838   0.00    0.0
2014/12/16 08:21:00.000  -12.843713573  131.132773231   120.0205   5   6   5.3499   5.9689  23.4736  -1.8614  -7.7542   7.0961   0.00    0.0
2014/12/16 08:21:30.000  -12.843712944  131.132772099   120.4484   5   6   5.3589   5.9560  23.3812  -1.8466  -7.6987   7.1057   0.00    0.0
2014/12/16 08:22:00.000  -12.843712084  131.132770806   120.4710   5   6   5.3675   5.9429  23.2838  -1.8304  -7.6409   7.1127   0.00    0.0
2014/12/16 08:22:30.000  -12.843712321  131.132769784   120.3508   5   6   5.3759   5.9295  23.1818  -1.8127  -7.5809   7.1172   0.00    0.0
2014/12/16 08:23:00.000  -12.843712124  131.132769938   120.3532   5   6   5.3839   5.9159  23.0752  -1.7935  -7.5189   7.1192   0.00    0.0
2014/12/16 08:23:30.000  -12.843712138  131.132771604   119.8789   5   6   5.3917   5.9021  22.9644  -1.7729  -7.4549   7.1188   0.00    0.0
2014/12/16 08:24:00.000  -12.843712269  131.132772661   119.5638   5   6   5.3991   5.8882  22.8496  -1.7509  -7.3890   7.1160   0.00    0.0
2014/12/16 08:24:30.000  -12.843713035  131.132772553   119.4057   5   6   5.4062   5.8742  22.7311  -1.7274  -7.3213   7.1109   0.00    0.0
2014/12/16 08:25:00.000  -12.843712924  131.132772180   119.0576   5   6   5.4130   5.8601  22.6089  -1.7025  -7.2520   7.1037   0.00    0.0
2014/12/16 08:25:30.000  -12.843713030  131.132770814   119.5790   5   6   5.4195   5.8460  22.4835  -1.6761  -7.1811   7.0942   0.00    0.0
2014/12/16 08:26:00.000  -12.843713669  131.132769417   119.6053   5   6   5.4257   5.8318  22.3550  -1.6484  -7.1087   7.0828   0.00    0.0
2014/12/16 08:26:30.000  -12.843713847  131.132769724   119.7372   5   6   5.4316   5.8177  22.2236  -1.6192  -7.0350   7.0693   0.00    0.0
2014/12/16 08:27:00.000  -12.843713431  131.132770085   119.1823   5   6   5.4372   5.8035  22.0896  -1.5886  -6.9600   7.0539   0.00    0.0
2014/12/16 08:27:30.000  -12.843713676  131.132769773   118.7030   5   6   5.4426   5.7894  21.9533  -1.5565  -6.8838   7.0367   0.00    0.0
2014/12/16 08:28:00.000  -12.843714088  131.132769356   118.6770   5   6   5.4476   5.7754  21.8148  -1.5230  -6.8065   7.0177   0.00    0.0
2014/12/16 08:28:30.000  -12.843713909  131.132767739   118.8965   5   6   5.4524   5.7615  21.6743  -1.4880  -6.7282   6.9971   0.00    0.0
2014/12/16 08:29:00.000  -12.843714603  131.132767963   118.9045   5   6   5.4568   5.7476  21.5321  -1.4515  -6.6491   6.9748   0.00    0.0
2014/12/16 08:29:30.000  -12.843714085  131.132768723   118.8303   5   6   5.4611   5.7339  21.3885  -1.4134  -6.5691   6.9511   0.00    0.0
2014/12/16 08:30:00.000  -12.843714486  131.132769264   118.4981   5   6   5.4650   5.7204  21.2434  -1.3738  -6.4884   6.9258   0.00    0.0
2014/12/16 08:30:30.000  -12.843715531  131.132769472   118.6087   5   6   5.4688   5.7070  21.0973  -1.3325  -6.4070   6.8992   0.00    0.0
2014/12/16 08:31:00.000  -12.843715264  131.132771556   118.5188   5   6   5.4723   5.6938  20.9502  -1.2895  -6.3250   6.8713   0.00    0.0
2014/12/16 08:31:30.000  -12.843715185  131.132771466   118.5278   5   6   5.4755   5.6807  20.8024  -1.2446  -6.2425   6.8421   0.00    0.0
2014/12/16 08:32:00.000  -12.843715218  131.132770885   118.6769   5   6   5.4786   5.6679  20.6539  -1.1978  -6.1596   6.8118   0.00    0.0
2014/12/16 08:32:30.000  -12.843715236  131.132770518   118.7152   5   6   5.4814   5.6553  20.5051  -1.1489  -6.0763   6.7803   0.00    0.0
2014/12/16 08:33:00.000  -12.843714998  131.132770084   118.8792   5   6   5.4840   5.6430  20.3559  -1.0977  -5.9926   6.7478   0.00    0.0
2014/12/16 08:33:30.000  -12.843715072  131.132771040   118.8798   5   6   5.4865   5.6309  20.2067  -1.0439  -5.9087   6.7143   0.00    0.0
2014/12/16 08:34:00.000  -12.843715290  131.132770844   118.8599   5   6   5.4887   5.6190  20.0574  -0.9873  -5.8246   6.6799   0.00    0.0
2014/12/16 08:34:30.000  -12.843715121  131.132770154   118.9638   5   6   5.4908   5.6074  19.9083  -0.9273  -5.7404   6.6446   0.00    0.0
2014/12/16 08:35:00.000  -12.843716153  131.132770396   118.9128   5   6   5.4927   5.5960  19.7595  -0.8634  -5.6560   6.6086   0.00    0.0
2014/12/16 08:35:30.000  -12.843716062  131.132769301   119.0640   5   6   5.4944   5.5849  19.6111  -0.7947  -5.5716   6.5717   0.00    0.0
2014/12/16 08:36:00.000  -12.843715807  131.132769534   119.0496   5   6   5.4960   5.5741  19.4632  -0.7199  -5.4871   6.5342   0.00    0.0
2014/12/16 08:36:30.000  -12.843715958  131.132769519   118.6712   5   6   5.4975   5.5635  19.3159  -0.6370  -5.4026   6.4960   0.00    0.0
2014/12/16 08:37:00.000  -12.843716220  131.132768495   118.5753   5   6   5.4988   5.5533  19.1694  -0.5425  -5.3182   6.4571   0.00    0.0
2014/12/16 08:37:30.000  -12.843715273  131.132767779   118.7468   5   6   5.5000   5.5433  19.0236  -0.4288  -5.2338   6.4178   0.00    0.0
2014/12/16 08:38:00.000  -12.843714654  131.132768193   118.7832   5   6   5.5010   5.5336  18.8787  -0.2730  -5.1495   6.3778   0.00    0.0
2014/12/16 08:38:30.000  -12.843714090  131.132767899   118.8469   5   6   5.5020   5.5242  18.7348   0.1829  -5.0654   6.3374   0.00    0.0
2014/12/16 08:39:00.000  -12.843715349  131.132768221   118.6982   5   6   5.5028   5.5150  18.5919   0.3743  -4.9814   6.2966   0.00    0.0
2014/12/16 08:39:30.000  -12.843716332  131.132768326   118.4219   5   6   5.5035   5.5062  18.4501   0.4952  -4.8975   6.2553   0.00    0.0
2014/12/16 08:40:00.000  -12.843716263  131.132767743   118.5646   5   6   5.5041   5.4976  18.3094   0.5907  -4.8138   6.2137   0.00    0.0
2014/12/16 08:40:30.000  -12.843715029  131.132768492   118.9575   5   6   5.5047   5.4893  18.1700   0.6715  -4.7303   6.1717   0.00    0.0
2014/12/16 08:41:00.000  -12.843715428  131.132768084   119.3005   5   6   5.5051   5.4813  18.0319   0.7424  -4.6470   6.1294   0.00    0.0
2014/12/16 08:41:30.000  -12.843715670  131.132766431   119.5610   5   6   5.5055   5.4736  17.8951   0.8060  -4.5639   6.0868   0.00    0.0
2014/12/16 08:42:00.000  -12.843715555  131.132766754   119.4532   5   6   5.5058   5.4661  17.7596   0.8638  -4.4809   6.0439   0.00    0.0
2014/12/16 08:42:30.000  -12.843715734  131.132766973   119.2543   5   6   5.5060   5.4589  17.6256   0.9170  -4.3982   6.0008   0.00    0.0
2014/12/16 08:43:00.000  -12.843715406  131.132766219   119.5023   5   6   5.5061   5.4520  17.4930   0.9662  -4.3156   5.9575   0.00    0.0
2014/12/16 08:43:30.000  -12.843715105  131.132765953   119.5798   5   6   5.5062   5.4454  17.3618   1.0121  -4.2333   5.9140   0.00    0.0
2014/12/16 08:44:00.000  -12.843715487  131.132765795   119.7095   5   6   5.5062   5.4390  17.2322   1.0549  -4.1511   5.8703   0.00    0.0
2014/12/16 08:44:30.000  -12.843716823  131.132767497   119.3014   5   6   5.5062   5.4329  17.1040   1.0952  -4.0691   5.8265   0.00    0.0
2014/12/16 08:45:00.000  -12.843716676  131.132767567   118.9212   5   6   5.5061   5.4270  16.9774   1.1330  -3.9872   5.7825   0.00    0.0
2014/12/16 08:45:30.000  -12.843716243  131.132767144   118.7781   5   6   5.5060   5.4214  16.8523   1.1687  -3.9055   5.7384   0.00    0.0
2014/12/16 08:46:00.000  -12.843715107  131.132766375   118.9135   5   6   5.5058   5.4160  16.7288   1.2024  -3.8239   5.6942   0.00    0.0
2014/12/16 08:46:30.000  -12.843714803  131.132765342   119.1826   5   6   5.5055   5.4109  16.6069   1.2342  -3.7424   5.6499   0.00    0.0
2014/12/16 08:47:00.000  -12.843715620  131.132765592   118.9990   5   6   5.5052   5.4060  16.4866   1.2643  -3.6609   5.6055   0.00    0.0
2014/12/16 08:47:30.000  -12.843715664  131.132765447   119.0277   5   6   5.5049   5.4013  16.3678   1.2929  -3.5795   5.5610   0.00    0.0
2014/12/16 08:48:00.000  -12.843715485  131.132765269   119.3454   5   6   5.5045   5.3969  16.2507   1.3199  -3.4981   5.5165   0.00    0.0
2014/12/16 08:48:30.000  -12.843716598  131.132765666   119.6666   5   6   5.5041   5.3927  16.1351   1.3455  -3.4166   5.4719   0.00    0.0
2014/12/16 08:49:00.000  -12.843716709  131.132765603   120.2898   5   6   5.5037   5.3887  16.0212   1.3697  -3.3351   5.4273   0.00    0.0
2014/12/16 08:49:30.000  -12.843716082  131.132764695   120.6922   5   6   5.5032   5.3849  15.9089   1.3927  -3.2534   5.3826   0.00    0.0
2014/12/16 08:50:00.000  -12.843715997  131.132763433   120.5641   5   6   5.5027   5.3814  15.7981   1.4144  -3.1716   5.3379   0.00    0.0
2014/12/16 08:50:30.000  -12.843716502  131.132763652   120.4007   5   6   5.5022   5.3780  15.6890   1.4350  -3.0895   5.2932   0.00    0.0
2014/12/16 08:51:00.000  -12.843717999  131.132763792   120.1573   5   6   5.5016   5.3749  15.5814   1.4544  -3.0071   5.2485   0.00    0.0
2014/12/16 08:51:30.000  -12.843718205  131.132764123   119.9078   5   6   5.5010   5.3719  15.4755   1.4727  -2.9243   5.2037   0.00    0.0
2014/12/16 08:52:00.000  -12.843717781  131.132764051   119.9946   5   6   5.5004   5.3692  15.3711   1.4900  -2.8411   5.1590   0.00    0.0
2014/12/16 08:52:30.000  -12.843716377  131.132762827   120.2820   5   6   5.4998   5.3666  15.2683   1.5062  -2.7573   5.1142   0.00    0.0
2014/12/16 08:53:00.000  -12.843716135  131.132762839   120.2683   5   6   5.4991   5.3643  15.1670   1.5214  -2.6729   5.0694   0.00    0.0
2014/12/16 08:53:30.000  -12.843714923  131.132763283   120.1061   5   6   5.4984   5.3621  15.0674   1.5357  -2.5876   5.0246   0.00    0.0
2014/12/16 08:54:00.000  -12.843716040  131.132764806   119.7768   5   6   5.4976   5.3601  14.9692   1.5491  -2.5015   4.9798   0.00    0.0
2014/12/16 08:54:30.000  -12.843724360  131.132766723   122.6062   5   7   5.2740   5.3379  13.8132   1.7780  -2.8984   5.7355   0.00    0.0
2014/12/16 08:55:00.000  -12.843724565  131.132765292   122.7220   5   7   5.2662   5.3352  13.7380   1.7963  -2.8307   5.6989   0.00    0.0
2014/12/16 08:55:30.000  -12.843725094  131.132764912   122.8259   5   7   5.2584   5.3327  13.6638   1.8137  -2.7627   5.6623   0.00    0.0
2014/12/16 08:56:00.000  -12.843724686  131.132766011   122.8488   5   7   5.2504   5.3303  13.5905   1.8304  -2.6944   5.6257   0.00    0.0
2014/12/16 08:56:30.000  -12.843724199  131.132767783   122.7268   5   7   5.2424   5.3281  13.5180   1.8464  -2.6257   5.5890   0.00    0.0
2014/12/16 08:57:00.000  -12.843722360  131.132769353   123.1752   5   8   4.6707   5.0194  11.6207  -0.8618  -4.3111   3.8530   0.00    0.0
2014/12/16 08:57:30.000  -12.843722826  131.132769069   123.3111   5   8   4.6687   5.0099  11.5752  -0.8440  -4.2736   3.8318   0.00    0.0
2014/12/16 08:58:00.000  -12.843723776  131.132767294   123.3714   5   8   4.6666   5.0005  11.5302  -0.8264  -4.2362   3.8103   0.00    0.0
2014/12/16 08:58:30.000  -12.843724082  131.132766882   123.3977   5   8   4.6644   4.9913  11.4855  -0.8089  -4.1990   3.7887   0.00    0.0
2014/12/16 08:59:00.000  -12.843725038  131.132765964   123.0973   5   8   4.6622   4.9823  11.4413  -0.7915  -4.1620   3.7669   0.00    0.0
2014/12/16 08:59:30.000  -12.843723777  131.132765898   122.9678   5   8   4.6599   4.9734  11.3975  -0.7743  -4.1251   3.7449   0.00    0.0
2014/12/16 09:00:00.000  -12.843724270  131.132767737   122.7257   5   8   4.5364   4.8911  11.2431  -1.1031  -4.2375   3.5073   0.00    0.0
2014/12/16 09:00:30.000  -12.843723608  131.132767974   122.6974   5   8   4.5332   4.8820  11.2018  -1.0919  -4.2006   3.4845   0.00    0.0
2014/12/16 09:01:00.000  -12.843723272  131.132768114   122.8018   5   8   4.5300   4.8731  11.1609  -1.0809  -4.1638   3.4615   0.00    0.0
2014/12/16 09:01:30.000  -12.843722538  131.132768486   123.1274   5   8   4.5268   4.8643  11.1205  -1.0702  -4.1271   3.4384   0.00    0.0
2014/12/16 09:02:00.000  -12.843721572  131.132768647   123.6478   5   8   4.5235   4.8557  11.0805  -1.0597  -4.0906   3.4151   0.00    0.0
2014/12/16 09:02:30.000  -12.843721124  131.132768512   123.4898   5   8   4.5202   4.8472  11.0410  -1.0495  -4.0542   3.3918   0.00    0.0
2014/12/16 09:03:00.000  -12.843721668  131.132768756   123.2952   5   8   4.5168   4.8389  11.0020  -1.0395  -4.0179   3.3683   0.00    0.0
2014/12/16 09:03:30.000  -12.843722075  131.132767993   123.2225   5   8   4.5134   4.8307  10.9634  -1.0298  -3.9818   3.3447   0.00    0.0
2014/12/16 09:04:00.000  -12.843721690  131.132767396   123.2234   5   8   4.5100   4.8227  10.9253  -1.0203  -3.9457   3.3210   0.00    0.0
2014/12/16 09:04:30.000  -12.843722081  131.132768280   122.9992   5   8   4.5065   4.8149  10.8877  -1.0111  -3.9098   3.2972   0.00    0.0
2014/12/16 09:05:00.000  -12.843721788  131.132769292   122.9432   5   8   4.5030   4.8073  10.8506  -1.0022  -3.8740   3.2733   0.00    0.0
2014/12/16 09:05:30.000  -12.843721512  131.132769678   122.9094   5   8   4.4995   4.7997  10.8139  -0.9935  -3.8383   3.2493   0.00    0.0
2014/12/16 09:06:00.000  -12.843721853  131.132770393   122.9523   5   8   4.4959   4.7924  10.7777  -0.9852  -3.8028   3.2252   0.00    0.0
2014/12/16 09:06:30.000  -12.843722078  131.132769935   122.9649   5   8   4.4923   4.7852  10.7419  -0.9771  -3.7673   3.2010   0.00    0.0
2014/12/16 09:07:00.000  -12.843721943  131.132769372   123.1206   5   8   4.4887   4.7782  10.7067  -0.9693  -3.7319   3.1767   0.00    0.0
2014/12/16 09:07:30.000  -12.843721290  131.132768401   122.9820   5   8   4.4850   4.7713  10.6719  -0.9619  -3.6966   3.1523   0.00    0.0
2014/12/16 09:08:00.000  -12.843720522  131.132767847   122.9358   5   8   4.4813   4.7645  10.6376  -0.9547  -3.6615   3.1278   0.00    0.0
2014/12/16 09:08:30.000  -12.843720558  131.132767404   122.7226   5   8   4.4776   4.7580  10.6038  -0.9479  -3.6264   3.1031   0.00    0.0
2014/12/16 09:09:00.000  -12.843720984  131.132767632   122.7383   5   8   4.4739   4.7516  10.5704  -0.9414  -3.5914   3.0784   0.00    0.0
2014/12/16 09:09:30.000  -12.843721495  131.132767596   122.4820   5   8   4.4701   4.7453  10.5376  -0.9352  -3.5565   3.0536   0.00    0.0
2014/12/16 09:10:00.000  -12.843720332  131.132766994   122.3171   5   8   4.4663   4.7392  10.5052  -0.9293  -3.5216   3.0286   0.00    0.0
2014/12/16 09:10:30.000  -12.843719474  131.132766958   122.6459   5   8   4.4625   4.7332  10.4732  -0.9237  -3.4869   3.0036   0.00    0.0
2014/12/16 09:11:00.000  -12.843719134  131.132766311   122.7052   5   8   4.4587   4.7274  10.4418  -0.9185  -3.4522   2.9784   0.00    0.0
2014/12/16 09:11:30.000  -12.843719224  131.132766308   122.8541   5   8   4.4548   4.7218  10.4108  -0.9136  -3.4176   2.9532   0.00    0.0
2014/12/16 09:12:00.000  -12.843720125  131.132766484   122.7530   5   8   4.4510   4.7162  10.3803  -0.9091  -3.3830   2.9278   0.00    0.0
2014/12/16 09:12:30.000  -12.843718142  131.132767698   122.8076   5   8   4.4471   4.7109  10.3502  -0.9048  -3.3485   2.9023   0.00    0.0
2014/12/16 09:13:00.000  -12.843717587  131.132768760   122.8630   5   8   4.4432   4.7057  10.3207  -0.9009  -3.3140   2.8767   0.00    0.0
2014/12/16 09:13:30.000  -12.843717874  131.132768135   122.9503   5   8   4.4392   4.7006  10.2915  -0.8973  -3.2795   2.8510   0.00    0.0
2014/12/16 09:14:00.000  -12.843717423  131.132768923   122.9762   5   8   4.4353   4.6957  10.2629  -0.8941  -3.2451   2.8252   0.00    0.0
2014/12/16 09:14:30.000  -12.843718206  131.132770103   122.8772   5   8   4.4313   4.6909  10.2347  -0.8912  -3.2107   2.7992   0.00    0.0
2014/12/16 09:15:00.000  -12.843718256  131.132769550   122.9172   5   8   4.4273   4.6863  10.2070  -0.8886  -3.1763   2.7732   0.00    0.0
2014/12/16 09:15:30.000  -12.843718011  131.132769012   123.0041   5   8   4.4233   4.6818  10.1797  -0.8863  -3.1420   2.7469   0.00    0.0
2014/12/16 09:16:00.000  -12.843718588  131.132769723   122.8669   5   8   4.4193   4.6775  10.1529  -0.8844  -3.1076   2.7206   0.00    0.0
2014/12/16 09:16:30.000  -12.843719448  131.132768423   122.5739   5   8   4.4153   4.6733  10.1265  -0.8827  -3.0733   2.6941   0.00    0.0
2014/12/16 09:17:00.000  -12.843719753  131.132768058   122.6442   5   8   4.4113   4.6693  10.1005  -0.8814  -3.0389   2.6675   0.00    0.0
2014/12/16 09:17:30.000  -12.843719014  131.132767375   122.7752   5   8   4.4072   4.6653  10.0751  -0.8804  -3.0045   2.6407   0.00    0.0
2014/12/16 09:18:00.000  -12.843718528  131.132766727   122.9668   5   8   4.4032   4.6616  10.0500  -0.8797  -2.9700   2.6138   0.00    0.0
2014/12/16 09:18:30.000  -12.843717147  131.132767929   122.9004   5   8   4.3991   4.6580  10.0254  -0.8793  -2.9356   2.5867   0.00    0.0
2014/12/16 09:19:00.000  -12.843715851  131.132767815   122.6450   5   8   4.3950   4.6545  10.0012  -0.8792  -2.9010   2.5595   0.00    0.0
2014/12/16 09:19:30.000  -12.843716056  131.132768161   122.2837   5   8   4.3910   4.6511   9.9775  -0.8793  -2.8664   2.5321   0.00    0.0
2014/12/16 09:20:00.000  -12.843718120  131.132767637   122.4029   5   7   4.8978   4.7074  11.0042   0.9227  -3.3941  -1.9863   0.00    0.0
2014/12/16 09:20:30.000  -12.843717075  131.132768139   122.3220   5   7   4.8903   4.7038  10.9903   0.9142  -3.3644  -2.0192   0.00    0.0
2014/12/16 09:21:00.000  -12.843716661  131.132768879   122.4443   5   7   4.8828   4.7003  10.9767   0.9054  -3.3346  -2.0513   0.00    0.0
2014/12/16 09:21:30.000  -12.843716551  131.132769128   122.2561   5   7   4.8754   4.6970  10.9634   0.8962  -3.3048  -2.0827   0.00    0.0
2014/12/16 09:22:00.000  -12.843716678  131.132768360   122.1195   5   7   4.8680   4.6938  10.9505   0.8866  -3.2749  -2.1135   0.00    0.0
2014/12/16 09:22:30.000  -12.843715750  131.132767578   122.2235   5   7   4.8606   4.6906  10.9379   0.8767  -3.2449  -2.1436   0.00    0.0
2014/12/16 09:23:00.000  -12.843715115  131.132766747   122.3591   5   7   4.8533   4.6877  10.9256   0.8665  -3.2148  -2.1731   0.00    0.0
2014/12/16 09:23:30.000  -12.843715663  131.132767194   122.4917   5   7   4.8461   4.6848  10.9137   0.8559  -3.1847  -2.2020   0.00    0.0
2014/12/16 09:24:00.000  -12.843715229  131.132767976   122.3565   5   7   4.8389   4.6821  10.9021   0.8449  -3.1544  -2.2304   0.00    0.0
2014/12/16 09:24:30.000  -12.843716023  131.132768944   122.2339   5   7   4.8317   4.6795  10.8909   0.8335  -3.1240  -2.2583   0.00    0.0
2014/12/16 09:25:00.000  -12.843716333  131.132768749   122.2090   5   7   4.8246   4.6770  10.8799   0.8218  -3.0935  -2.2857   0.00    0.0
2014/12/16 09:25:30.000  -12.843716244  131.132768714   122.2185   5   7   4.8175   4.6746  10.8693   0.8097  -3.0629  -2.3126   0.00    0.0
2014/12/16 09:26:00.000  -12.843716093  131.132769076   122.1401   5   7   4.8105   4.6724  10.8590   0.7972  -3.0321  -2.3391   0.00    0.0
2014/12/16 09:26:30.000  -12.843715703  131.132769313   122.2161   5   7   4.8036   4.6703  10.8490   0.7843  -3.0012  -2.3652   0.00    0.0
2014/12/16 09:27:00.000  -12.843715006  131.132767509   122.1977   5   7   4.7966   4.6683  10.8394   0.7710  -2.9702  -2.3909   0.00    0.0
2014/12/16 09:27:30.000  -12.843715733  131.132768676   122.2517   5   7   4.7898   4.6664  10.8301   0.7573  -2.9390  -2.4161   0.00    0.0
2014/12/16 09:28:00.000  -12.843715070  131.132769957   122.2421   5   7   4.7830   4.6646  10.8210   0.7432  -2.9077  -2.4411   0.00    0.0
2014/12/16 09:28:30.000  -12.843714557  131.132769904   122.1572   5   7   4.7762   4.6630  10.8123   0.7285  -2.8762  -2.4656   0.00    0.0
2014/12/16 09:29:00.000  -12.843714111  131.132769213   122.2652   5   7   4.7695   4.6615  10.8040   0.7135  -2.8445  -2.4899   0.00    0.0
2014/12/16 09:29:30.000  -12.843713204  131.132770402   122.0946   5   7   4.7629   4.6601  10.7959   0.6979  -2.8126  -2.5138   0.00    0.0
2014/12/16 09:30:00.000  -12.843713663  131.132770743   121.9239   5   7   4.7563   4.6588  10.7881   0.6819  -2.7806  -2.5374   0.00    0.0
2014/12/16 09:30:30.000  -12.843713329  131.132769404   121.7701   5   7   4.7498   4.6577  10.7807   0.6652  -2.7483  -2.5608   0.00    0.0
2014/12/16 09:31:00.000  -12.843713243  131.132767840   121.7437   5   7   4.7433   4.6566  10.7735   0.6481  -2.7159  -2.5838   0.00    0.0
2014/12/16 09:31:30.000  -12.843713349  131.132768117   121.8499   5   7   4.7369   4.6557  10.7667   0.6303  -2.6832  -2.6066   0.00    0.0
2014/12/16 09:32:00.000  -12.843712668  131.132769058   121.7898   5   7   4.7305   4.6549  10.7601   0.6119  -2.6503  -2.6291   0.00    0.0
2014/12/16 09:32:30.000  -12.843711166  131.132769682   121.7337   5   7   4.7242   4.6542  10.7539   0.5927  -2.6171  -2.6514   0.00    0.0
2014/12/16 09:33:00.000  -12.843711072  131.132770032   121.6622   5   7   4.7179   4.6537  10.7479   0.5728  -2.5837  -2.6734   0.00    0.0
2014/12/16 09:33:30.000  -12.843711170  131.132769772   121.6275   5   7   4.7117   4.6532  10.7422   0.5521  -2.5500  -2.6952   0.00    0.0
2014/12/16 09:34:00.000  -12.843710955  131.132770401   121.5640   5   7   4.7056   4.6529  10.7368   0.5305  -2.5160  -2.7168   0.00    0.0
2014/12/16 09:34:30.000  -12.843710930  131.132770351   121.4916   5   7   4.6995   4.6526  10.7317   0.5078  -2.4818  -2.7382   0.00    0.0
2014/12/16 09:35:00.000  -12.843710628  131.132770580   121.5740   5   7   4.6935   4.6525  10.7269   0.4840  -2.4472  -2.7594   0.00    0.0
2014/12/16 09:35:30.000  -12.843710945  131.132770528   121.8178   5   7   4.6876   4.6525  10.7224   0.4589  -2.4123  -2.7803   0.00    0.0
2014/12/16 09:36:00.000  -12.843711115  131.132770200   121.7012   5   7   4.6817   4.6526  10.7181   0.4322  -2.3771  -2.8011   0.00    0.0
2014/12/16 09:36:30.000  -12.843710457  131.132769552   121.5874   5   7   4.6758   4.6528  10.7142   0.4037  -2.3415  -2.8217   0.00    0.0
2014/12/16 09:37:00.000  -12.843710839  131.132769593   121.6070   5   7   4.6701   4.6532  10.7104   0.3729  -2.3055  -2.8421   0.00    0.0
2014/12/16 09:37:30.000  -12.843710841  131.132769719   121.5037   5   7   4.6643   4.6536  10.7070   0.3393  -2.2691  -2.8623   0.00    0.0
2014/12/16 09:38:00.000  -12.843710836  131.132769528   121.5316   5   7   4.6587   4.6542  10.7038   0.3020  -2.2323  -2.8824   0.00    0.0
2014/12/16 09:38:30.000  -12.843711077  131.132770979   121.7356   5   7   4.6531   4.6548  10.7009   0.2592  -2.1951  -2.9023   0.00    0.0
2014/12/16 09:39:00.000  -12.843710756  131.132771819   121.6768   5   7   4.6476   4.6556  10.6982   0.2078  -2.1573  -2.9220   0.00    0.0
2014/12/16 09:39:30.000  -12.843709836  131.132771189   121.7702   5   7   4.6421   4.6564  10.6958   0.1386  -2.1191  -2.9416   0.00    0.0
2014/12/16 09:40:00.000  -12.843709015  131.132771322   121.4093   5   7   4.6367   4.6574  10.6936  -0.0693  -2.0804  -2.9610   0.00    0.0
2014/12/16 09:40:30.000  -12.843709449  131.132772515   121.2695   5   7   4.6314   4.6585  10.6916  -0.1696  -2.0411  -2.9802   0.00    0.0
2014/12/16 09:41:00.000  -12.843709351  131.132773373   121.5316   5   7   4.6261   4.6597  10.6899  -0.2296  -2.0012  -2.9994   0.00    0.0
2014/12/16 09:41:30.000  -12.843710068  131.132773526   121.6003   5   7   4.6209   4.6609  10.6884  -0.2769  -1.9607  -3.0183   0.00    0.0
2014/12/16 09:42:00.000  -12.843710891  131.132772094   121.2018   5   7   4.6157   4.6623  10.6872  -0.3171  -1.9195  -3.0371   0.00    0.0
2014/12/16 09:42:30.000  -12.843710530  131.132770371   121.2660   5   7   4.6106   4.6638  10.6862  -0.3527  -1.8776  -3.0558   0.00    0.0
2014/12/16 09:43:00.000  -12.843710218  131.132770212   121.5085   5   7   4.6056   4.6654  10.6853  -0.3849  -1.8349  -3.0743   0.00    0.0
2014/12/16 09:43:30.000  -12.843709272  131.132770567   121.8384   5   7   4.6007   4.6670  10.6847  -0.4146  -1.7914  -3.0927   0.00    0.0
2014/12/16 09:44:00.000  -12.843708653  131.132772558   121.5003   5   7   4.5958   4.6688  10.6843  -0.4422  -1.7471  -3.1110   0.00    0.0
2014/12/16 09:44:30.000  -12.843709123  131.132772050   121.1079   5   7   4.5909   4.6707  10.6841  -0.4680  -1.7017  -3.1291   0.00    0.0
2014/12/16 09:45:00.000  -12.843708898  131.132772753   121.4002   5   7   4.5861   4.6726  10.6841  -0.4925  -1.6554  -3.1471   0.00    0.0
2014/12/16 09:45:30.000  -12.843709004  131.132772865   121.6645   5   7   4.5814   4.6747  10.6843  -0.5156  -1.6079  -3.1649   0.00    0.0
2014/12/16 09:46:00.000  -12.843709025  131.132772864   121.4443   5   7   4.5768   4.6768  10.6846  -0.5377  -1.5592  -3.1826   0.00    0.0
2014/12/16 09:46:30.000  -12.843708806  131.132773041   121.0836   5   7   4.5722   4.6790  10.6851  -0.5588  -1.5091  -3.2002   0.00    0.0
2014/12/16 09:47:00.000  -12.843709515  131.132772128   121.0929   5   7   4.5677   4.6814  10.6858  -0.5790  -1.4576  -3.2176   0.00    0.0
2014/12/16 09:47:30.000  -12.843710142  131.132771503   121.2154   5   7   4.5632   4.6838  10.6866  -0.5985  -1.4045  -3.2349   0.00    0.0
2014/12/16 09:48:00.000  -12.843710578  131.132771133   121.2692   5   7   4.5588   4.6863  10.6876  -0.6172  -1.3495  -3.2520   0.00    0.0
2014/12/16 09:48:30.000  -12.843709425  131.132771536   121.0470   5   7   4.5545   4.6888  10.6888  -0.6352  -1.2924  -3.2690   0.00    0.0
2014/12/16 09:49:00.000  -12.843708818  131.132771439   120.7129   5   7   4.5502   4.6915  10.6900  -0.6526  -1.2330  -3.2858   0.00    0.0
2014/12/16 09:49:30.000  -12.843707996  131.132772630   120.7385   5   7   4.5459   4.6942  10.6914  -0.6695  -1.1709  -3.3025   0.00    0.0
2014/12/16 09:50:00.000  -12.843707085  131.132772281   120.6367   5   7   4.5418   4.6971  10.6929  -0.6858  -1.1056  -3.3191   0.00    0.0
2014/12/16 09:50:30.000  -12.843706594  131.132772996   120.8385   5   7   4.5377   4.7000  10.6945  -0.7016  -1.0366  -3.3354   0.00    0.0
2014/12/16 09:51:00.000  -12.843706107  131.132772756   120.7836   5   7   4.5336   4.7030  10.6963  -0.7169  -0.9630  -3.3517   0.00    0.0
2014/12/16 09:51:30.000  -12.843706079  131.132773534   120.3350   5   7   4.5296   4.7060  10.6981  -0.7317  -0.8837  -3.3678   0.00    0.0
2014/12/16 09:52:00.000  -12.843706346  131.132774016   120.0772   5   7   4.5257   4.7092  10.7000  -0.7462  -0.7970  -3.3837   0.00    0.0
2014/12/16 09:52:30.000  -12.843705823  131.132773639   119.9240   5   7   4.5218   4.7124  10.7020  -0.7602  -0.7002  -3.3994   0.00    0.0
2014/12/16 09:53:00.000  -12.843701857  131.132777414   118.9385   5   8   4.2763   4.4744   9.5029  -1.6642   2.6439  -2.1167   0.00    0.0
2014/12/16 09:53:30.000  -12.843701908  131.132776812   119.0646   5   8   4.2739   4.4768   9.5088  -1.6697   2.6719  -2.1492   0.00    0.0
2014/12/16 09:54:00.000  -12.843704711  131.132777773   118.8370   5   7   4.8062   4.9003  10.6496  -2.6801  -1.4892   2.4043   0.00    0.0
2014/12/16 09:54:30.000  -12.843705154  131.132776685   118.9441   5   7   4.7994   4.8957  10.6548  -2.6726  -1.4098   2.3648   0.00    0.0
2014/12/16 09:55:00.000  -12.843705159  131.132776923   118.7722   5   7   4.7926   4.8913  10.6603  -2.6650  -1.3261   2.3248   0.00    0.0
2014/12/16 09:55:30.000  -12.843704670  131.132778474   118.8679   5   7   4.7859   4.8869  10.6661  -2.6575  -1.2372   2.2843   0.00    0.0
2014/12/16 09:56:00.000  -12.843705017  131.132779058   118.9627   5   7   4.7791   4.8826  10.6722  -2.6498  -1.1420   2.2433   0.00    0.0
2014/12/16 09:56:30.000  -12.843705149  131.132779038   119.2762   5   7   4.7724   4.8783  10.6785  -2.6422  -1.0388   2.2018   0.00    0.0
2014/12/16 09:57:00.000  -12.843704968  131.132778909   119.4698   5   7   4.7657   4.8742  10.6850  -2.6345  -0.9247   2.1597   0.00    0.0
2014/12/16 09:57:30.000  -12.843704839  131.132779686   119.1469   5   7   4.7590   4.8701  10.6917  -2.6268  -0.7953   2.1170   0.00    0.0
2014/12/16 09:58:00.000  -12.843703667  131.132780523   118.8704   5   7   4.7523   4.8660  10.6987  -2.6190  -0.6412   2.0737   0.00    0.0
2014/12/16 09:58:30.000  -12.843702876  131.132778947   118.9419   5   7   4.7457   4.8621  10.7059  -2.6112  -0.4371   2.0298   0.00    0.0
2014/12/16 09:59:00.000  -12.843702666  131.132777521   119.1756   5   7   4.7390   4.8582  10.7133  -2.6033   0.1661   1.9853   0.00    0.0
2014/12/16 09:59:30.000  -12.843703511  131.132778064   119.2172   5   7   4.7324   4.8544  10.7209  -2.5955   0.4949   1.9400   0.00    0.0
2014/12/16 10:00:00.000  -12.843702440  131.132778494   118.8038   5   7   4.7259   4.8506  10.7287  -2.5875   0.6788   1.8940   0.00    0.0
2014/12/16 10:00:30.000  -12.843702171  131.132777823   118.7827   5   7   4.7193   4.8469  10.7366  -2.5796   0.8218   1.8472   0.00    0.0
2014/12/16 10:01:00.000  -12.843702218  131.132776879   119.0890   5   7   4.7128   4.8433  10.7447  -2.5716   0.9426   1.7996   0.00    0.0
2014/12/16 10:01:30.000  -12.843702079  131.132776537   119.3448   5   7   4.7063   4.8398  10.7529  -2.5635   1.0488   1.7511   0.00    0.0
2014/12/16 10:02:00.000  -12.843701772  131.132777002   119.0715   5   7   4.6998   4.8363  10.7613  -2.5554   1.1447   1.7017   0.00    0.0
2014/12/16 10:02:30.000  -12.843701398  131.132778228   118.5359   5   7   4.6933   4.8328  10.7698  -2.5473   1.2324   1.6513   0.00    0.0
2014/12/16 10:03:00.000  -12.843701871  131.132778760   118.5634   5   7   4.6869   4.8294  10.7785  -2.5391   1.3138   1.5999   0.00    0.0
2014/12/16 10:03:30.000  -12.843701590  131.132778640   118.9172   5   7   4.6805   4.8261  10.7872  -2.5309   1.3898   1.5473   0.00    0.0
2014/12/16 10:04:00.000  -12.843701518  131.132778679   119.1559   5   7   4.6742   4.8229  10.7960  -2.5226   1.4613   1.4934   0.00    0.0
2014/12/16 10:04:30.000  -12.843701563  131.132779401   119.0959   5   7   4.6679   4.8197  10.8049  -2.5142   1.5290   1.4381   0.00    0.0
2014/12/16 10:05:00.000  -12.843701692  131.132779330   118.8891   5   7   4.6616   4.8165  10.8138  -2.5059   1.5933   1.3814   0.00    0.0
2014/12/16 10:05:30.000  -12.843702140  131.132778517   119.0256   5   7   4.6553   4.8135  10.8228  -2.4974   1.6546   1.3229   0.00    0.0
2014/12/16 10:06:00.000  -12.843701893  131.132778488   118.9471   5   7   4.6491   4.8104  10.8318  -2.4890   1.7131   1.2626   0.00    0.0
2014/12/16 10:06:30.000  -12.843701870  131.132778192   119.0261   5   7   4.6429   4.8074  10.8408  -2.4804   1.7693   1.2001   0.00    0.0
2014/12/16 10:07:00.000  -12.843701652  131.132777146   118.8403   5   7   4.6368   4.8045  10.8498  -2.4718   1.8232   1.1351   0.00    0.0
2014/12/16 10:07:30.000  -12.843701303  131.132777848   118.6314   5   7   4.6306   4.8016  10.8588  -2.4632   1.8751   1.0672   0.00    0.0
2014/12/16 10:08:00.000  -12.843701648  131.132778610   118.5821   5   7   4.6246   4.7988  10.8678  -2.4545   1.9251   0.9959   0.00    0.0
2014/12/16 10:08:30.000  -12.843701013  131.132776974   118.9654   5   7   4.6185   4.7960  10.8767  -2.4457   1.9733   0.9203   0.00    0.0
2014/12/16 10:09:00.000  -12.843701160  131.132777053   119.2764   5   7   4.6125   4.7933  10.8856  -2.4369   2.0199   0.8394   0.00    0.0
2014/12/16 10:09:30.000  -12.843701735  131.132777832   119.3260   5   7   4.6065   4.7906  10.8944  -2.4280   2.0650   0.7515   0.00    0.0
2014/12/16 10:10:00.000  -12.843702115  131.132776654   119.0824   5   7   4.6006   4.7880  10.9031  -2.4190   2.1087   0.6538   0.00    0.0
2014/12/16 10:10:30.000  -12.843701510  131.132776802   119.0154   5   7   4.5947   4.7854  10.9116  -2.4100   2.1509   0.5413   0.00    0.0
2014/12/16 10:11:00.000  -12.843701126  131.132777485   118.7309   5   7   4.5888   4.7828  10.9201  -2.4008   2.1919   0.4015   0.00    0.0
2014/12/16 10:11:30.000  -12.843700586  131.132777633   118.6208   5   7   4.5830   4.7803  10.9284  -2.3917   2.2316   0.1795   0.00    0.0
2014/12/16 10:12:00.000  -12.843699600  131.132777207   118.7016   5   7   4.5772   4.7779  10.9365  -2.3824   2.2701  -0.3063   0.00    0.0
2014/12/16 10:12:30.000  -12.843699086  131.132776329   118.7269   5   7   4.5714   4.7754  10.9445  -2.3730   2.3075  -0.4658   0.00    0.0
2014/12/16 10:13:00.000  -12.843698746  131.132777036   118.8807   5   7   4.5657   4.7731  10.9522  -2.3636   2.3439  -0.5805   0.00    0.0
2014/12/16 10:13:30.000  -12.843698774  131.132777007   118.9119   5   7   4.5600   4.7707  10.9597  -2.3541   2.3791  -0.6737   0.00    0.0
2014/12/16 10:14:00.000  -12.843699275  131.132776343   118.5772   5   7   4.5543   4.7684  10.9670  -2.3445   2.4134  -0.7534   0.00    0.0
2014/12/16 10:14:30.000  -12.843699590  131.132777161   118.5561   5   7   4.5487   4.7661  10.9741  -2.3348   2.4467  -0.8234   0.00    0.0
2014/12/16 10:15:00.000  -12.843699713  131.132777335   118.8369   5   7   4.5431   4.7639  10.9808  -2.3250   2.4790  -0.8861   0.00    0.0
2014/12/16 10:15:30.000  -12.843700516  131.132777765   119.0957   5   7   4.5375   4.7617  10.9873  -2.3151   2.5104  -0.9428   0.00    0.0
2014/12/16 10:16:00.000  -12.843709943  131.132784916   121.8380   5   8   4.2659   4.5223   9.8755  -1.7446  -0.8428   2.5302   0.00    0.0
2014/12/16 10:16:30.000  -12.843709759  131.132784842   121.9463   5   8   4.2590   4.5177   9.8803  -1.7267  -0.7739   2.5150   0.00    0.0
2014/12/16 10:17:00.000  -12.843709548  131.132785225   122.0715   5   8   4.2522   4.5131   9.8851  -1.7087  -0.6992   2.5000   0.00    0.0
2014/12/16 10:17:30.000  -12.843710085  131.132785760   122.2638   5   8   4.2455   4.5085   9.8898  -1.6905  -0.6164   2.4854   0.00    0.0
2014/12/16 10:18:00.000  -12.843711143  131.132786289   122.4184   5   8   4.2388   4.5040   9.8944  -1.6721  -0.5219   2.4710   0.00    0.0
2014/12/16 10:18:30.000  -12.843711088  131.132787499   122.5075   5   8   4.2322   4.4996   9.8990  -1.6535  -0.4074   2.4570   0.00    0.0
2014/12/16 10:19:00.000  -12.843711904  131.132787726   122.6109   5   8   4.2258   4.4952   9.9034  -1.6348  -0.2464   2.4434   0.00    0.0
2014/12/16 10:19:30.000  -12.843712813  131.132787903   122.5568   5   8   4.2194   4.4908   9.9078  -1.6158   0.2081   2.4301   0.00    0.0
2014/12/16 10:20:00.000  -12.843712390  131.132787025   122.7460   5   8   4.2130   4.4865   9.9120  -1.5966   0.3823   2.4171   0.00    0.0
2014/12/16 10:20:30.000  -12.843712753  131.132787023   122.9972   5   8   4.2068   4.4823   9.9162  -1.5771   0.4978   2.4045   0.00    0.0
2014/12/16 10:21:00.000  -12.843711684  131.132787941   123.2099   5   8   4.2007   4.4781   9.9202  -1.5575   0.5901   2.3923   0.00    0.0
2014/12/16 10:21:30.000  -12.843712235  131.132788376   123.0702   5   8   4.1946   4.4739   9.9241  -1.5376   0.6690   2.3804   0.00    0.0
2014/12/16 10:22:00.000  -12.843712202  131.132788473   122.9857   5   8   4.1887   4.4698   9.9278  -1.5174   0.7387   2.3690   0.00    0.0
2014/12/16 10:22:30.000  -12.843712430  131.132788623   123.3151   5   8   4.1828   4.4658   9.9314  -1.4970   0.8017   2.3579   0.00    0.0
2014/12/16 10:23:00.000  -12.843712378  131.132788330   123.3179   5   8   4.1770   4.4618   9.9348  -1.4763   0.8594   2.3473   0.00    0.0
2014/12/16 10:23:30.000  -12.843713198  131.132788873   123.4498   5   8   4.1713   4.4578   9.9381  -1.4553   0.9129   2.3371   0.00    0.0
2014/12/16 10:24:00.000  -12.843712902  131.132787685   123.3098   5   8   4.1657   4.4539   9.9411  -1.4340   0.9629   2.3273   0.00    0.0
2014/12/16 10:24:30.000  -12.843712684  131.132788168   123.3515   5   8   4.1602   4.4501   9.9440  -1.4124   1.0098   2.3180   0.00    0.0
2014/12/16 10:25:00.000  -12.843712026  131.132788262   123.3907   5   8   4.1548   4.4462   9.9467  -1.3905   1.0542   2.3091   0.00    0.0
2014/12/16 10:25:30.000  -12.843711859  131.132788603   123.1859   5   8   4.1495   4.4425   9.9492  -1.3683   1.0963   2.3007   0.00    0.0
2014/12/16 10:26:00.000  -12.843711690  131.132789149   123.0600   5   8   4.1443   4.4388   9.9515  -1.3456   1.1363   2.2927   0.00    0.0
2014/12/16 10:26:30.000  -12.843711545  131.132788039   123.0006   5   8   4.1392   4.4351   9.9535  -1.3226   1.1746   2.2852   0.00    0.0
2014/12/16 10:27:00.000  -12.843710781  131.132787764   122.9862   5   8   4.1341   4.4315   9.9553  -1.2992   1.2113   2.2782   0.00    0.0
2014/12/16 10:27:30.000  -12.843710518  131.132787237   122.9189   5   8   4.1292   4.4279   9.9569  -1.2754   1.2464   2.2717   0.00    0.0
2014/12/16 10:28:00.000  -12.843710085  131.132785940   123.1530   5   8   4.1244   4.4244   9.9583  -1.2512   1.2803   2.2657   0.00    0.0
2014/12/16 10:28:30.000  -12.843709184  131.132785929   123.3163   5   8   4.1196   4.4210   9.9594  -1.2264   1.3129   2.2601   0.00    0.0
2014/12/16 10:29:00.000  -12.843709606  131.132785600   123.3711   5   8   4.1150   4.4176   9.9602  -1.2012   1.3444   2.2551   0.00    0.0
2014/12/16 10:29:30.000  -12.843710019  131.132786340   123.2393   5   8   4.1105   4.4142   9.9608  -1.1754   1.3748   2.2505   0.00    0.0
2014/12/16 10:30:00.000  -12.843710278  131.132786385   123.0948   5   8   4.1060   4.4109   9.9612  -1.1490   1.4042   2.2465   0.00    0.0
2014/12/16 10:30:30.000  -12.843710131  131.132786258   122.9004   5   8   4.1017   4.4076   9.9612  -1.1220   1.4328   2.2430   0.00    0.0
2014/12/16 10:31:00.000  -12.843709369  131.132786828   122.9809   5   8   4.0975   4.4044   9.9610  -1.0944   1.4605   2.2400   0.00    0.0
2014/12/16 10:31:30.000  -12.843708983  131.132786197   123.0983   5   8   4.0933   4.4013   9.9605  -1.0660   1.4874   2.2375   0.00    0.0
2014/12/16 10:32:00.000  -12.843708966  131.132785198   123.1465   5   8   4.0893   4.3982   9.9597  -1.0369   1.5135   2.2355   0.00    0.0
2014/12/16 10:32:30.000  -12.843709455  131.132784937   123.3345   5   8   4.0854   4.3951   9.9587  -1.0070   1.5390   2.2341   0.00    0.0
2014/12/16 10:33:00.000  -12.843710044  131.132784511   123.1997   5   8   4.0816   4.3921   9.9573  -0.9761   1.5638   2.2332   0.00    0.0
2014/12/16 10:33:30.000  -12.843709848  131.132784388   123.1412   5   8   4.0778   4.3892   9.9556  -0.9442   1.5880   2.2327   0.00    0.0
2014/12/16 10:34:00.000  -12.843708954  131.132784537   123.1959   5   8   4.0742   4.3863   9.9537  -0.9112   1.6117   2.2329   0.00    0.0
2014/12/16 10:34:30.000  -12.843707573  131.132783454   123.1642   5   8   4.0707   4.3834   9.9514  -0.8769   1.6347   2.2335   0.00    0.0
2014/12/16 10:35:00.000  -12.843707137  131.132783239   123.0746   5   8   4.0673   4.3807   9.9488  -0.8412   1.6573   2.2346   0.00    0.0
2014/12/16 10:35:30.000  -12.843706400  131.132782810   123.0855   5   8   4.0640   4.3779   9.9459  -0.8040   1.6794   2.2363   0.00    0.0
2014/12/16 10:36:00.000  -12.843706201  131.132783318   123.0722   5   8   4.0608   4.3752   9.9427  -0.7650   1.7010   2.2384   0.00    0.0
2014/12/16 10:36:30.000  -12.843706537  131.132783474   123.0518   5   8   4.0578   4.3726   9.9392  -0.7238   1.7221   2.2411   0.00    0.0
2014/12/16 10:37:00.000  -12.843707313  131.132783183   122.8727   5   8   4.0548   4.3700   9.9354  -0.6801   1.7429   2.2442   0.00    0.0
2014/12/16 10:37:30.000  -12.843707320  131.132783639   122.8094   5   8   4.0519   4.3675   9.9313  -0.6335   1.7633   2.2479   0.00    0.0
2014/12/16 10:38:00.000  -12.843707438  131.132784413   122.9069   5   8   4.0492   4.3651   9.9269  -0.5831   1.7833   2.2520   0.00    0.0
2014/12/16 10:38:30.000  -12.843707336  131.132784695   122.9315   5   8   4.0466   4.3626   9.9221  -0.5279   1.8030   2.2566   0.00    0.0
2014/12/16 10:39:00.000  -12.843706588  131.132783602   122.9931   5   8   4.0440   4.3603   9.9171  -0.4661   1.8223   2.2617   0.00    0.0
2014/12/16 10:39:30.000  -12.843706282  131.132782164   122.8563   5   8   4.0416   4.3580   9.9117  -0.3949   1.8413   2.2673   0.00    0.0
2014/12/16 10:40:00.000  -12.843706742  131.132781356   122.7169   5   8   4.0393   4.3557   9.9060  -0.3074   1.8600   2.2733   0.00    0.0
2014/12/16 10:40:30.000  -12.843706532  131.132781118   122.6161   5   8   4.0371   4.3536   9.9000  -0.1820   1.8785   2.2798   0.00    0.0
2014/12/16 10:41:00.000  -12.843706470  131.132781039   122.4842   5   8   4.0350   4.3514   9.8937   0.1683   1.8967   2.2867   0.00    0.0
2014/12/16 10:41:30.000  -12.843705568  131.132781519   122.6423   5   8   4.0331   4.3494   9.8871   0.2996   1.9146   2.2941   0.00    0.0
2014/12/16 10:42:00.000  -12.843704858  131.132781679   122.7792   5   8   4.0312   4.3473   9.8802   0.3889   1.9324   2.3018   0.00    0.0
2014/12/16 10:42:30.000  -12.843704866  131.132782360   123.0508   5   8   4.0295   4.3454   9.8730   0.4613   1.9499   2.3100   0.00    0.0
2014/12/16 10:43:00.000  -12.843704327  131.132781650   123.1049   5   8   4.0279   4.3435   9.8655   0.5238   1.9671   2.3186   0.00    0.0
2014/12/16 10:43:30.000  -12.843704240  131.132781887   123.0071   5   8   4.0264   4.3416   9.8577   0.5796   1.9843   2.3276   0.00    0.0
2014/12/16 10:44:00.000  -12.843704854  131.132781887   122.8847   5   8   4.0250   4.3398   9.8497   0.6305   2.0012   2.3370   0.00    0.0
2014/12/16 10:44:30.000  -12.843705227  131.132780688   122.7371   5   8   4.0238   4.3381   9.8413   0.6776   2.0179   2.3467   0.00    0.0
2014/12/16 10:45:00.000  -12.843704531  131.132779879   122.6014   5   8   4.0226   4.3365   9.8327   0.7217   2.0346   2.3569   0.00    0.0
2014/12/16 10:45:30.000  -12.843704329  131.132779419   122.4742   5   8   4.0216   4.3348   9.8238   0.7632   2.0510   2.3673   0.00    0.0
2014/12/16 10:46:00.000  -12.843703979  131.132779433   122.6815   5   8   4.0207   4.3333   9.8146   0.8027   2.0673   2.3781   0.00    0.0
2014/12/16 10:46:30.000  -12.843704436  131.132780484   122.9606   5   8   4.0199   4.3318   9.8052   0.8403   2.0835   2.3893   0.00    0.0
2014/12/16 10:47:00.000  -12.843705484  131.132778716   123.1314   5   8   4.0192   4.3304   9.7955   0.8763   2.0996   2.4008   0.00    0.0
2014/12/16 10:47:30.000  -12.843705700  131.132778680   123.2111   5   8   4.0187   4.3290   9.7855   0.9110   2.1156   2.4125   0.00    0.0
2014/12/16 10:48:00.000  -12.843705958  131.132779584   123.1994   5   8   4.0182   4.3277   9.7753   0.9443   2.1315   2.4246   0.00    0.0
2014/12/16 10:48:30.000  -12.843708037  131.132777554   123.9186   5   7   4.2355   4.4586  10.9724   1.5484  -0.8835  -0.8756   0.00    0.0
2014/12/16 10:49:00.000  -12.843707105  131.132777602   124.0113   5   7   4.2343   4.4557  10.9670   1.5641  -0.8281  -0.8369   0.00    0.0
2014/12/16 10:49:30.000  -12.843705959  131.132777505   124.3475   5   7   4.2332   4.4529  10.9610   1.5796  -0.7680  -0.7942   0.00    0.0
2014/12/16 10:50:00.000  -12.843705377  131.132778542   124.5396   5   7   4.2321   4.4501  10.9545   1.5950  -0.7021  -0.7469   0.00    0.0
2014/12/16 10:50:30.000  -12.843705374  131.132778712   124.5555   5   7   4.2312   4.4474  10.9474   1.6102  -0.6285  -0.6941   0.00    0.0
2014/12/16 10:51:00.000  -12.843705868  131.132779052   124.5627   5   7   4.2303   4.4448  10.9398   1.6253  -0.5440  -0.6345   0.00    0.0
2014/12/16 10:51:30.000  -12.843705475  131.132779698   124.2437   5   7   4.2295   4.4423  10.9317   1.6403  -0.4425  -0.5659   0.00    0.0
2014/12/16 10:52:00.000  -12.843705531  131.132778378   124.2439   5   7   4.2289   4.4398  10.9230   1.6552  -0.3075  -0.4847   0.00    0.0
2014/12/16 10:52:30.000  -12.843706358  131.132777496   124.5160   5   7   4.2283   4.4375  10.9139   1.6699   0.0879  -0.3829   0.00    0.0
2014/12/16 10:53:00.000  -12.843707132  131.132777311   124.7470   5   7   4.2278   4.4352  10.9043   1.6845   0.3333  -0.2354   0.00    0.0
2014/12/16 10:53:30.000  -12.843707051  131.132776924   124.7372   5   7   4.2274   4.4330  10.8942   1.6990   0.4643   0.1964   0.00    0.0
2014/12/16 10:54:00.000  -12.843706751  131.132776570   124.8387   5   7   4.2270   4.4308  10.8836   1.7135   0.5667   0.3679   0.00    0.0
2014/12/16 10:54:30.000  -12.843706508  131.132777603   125.1128   5   7   4.2268   4.4287  10.8725   1.7278   0.6540   0.4845   0.00    0.0
2014/12/16 10:55:00.000  -12.843705606  131.132777814   125.0072   5   7   4.2267   4.4268  10.8611   1.7420   0.7317   0.5803   0.00    0.0
2014/12/16 10:55:30.000  -12.843704683  131.132778183   125.2515   5   7   4.2267   4.4248  10.8492   1.7561   0.8026   0.6643   0.00    0.0
2014/12/16 10:56:00.000  -12.843704359  131.132779136   125.2944   5   7   4.2268   4.4230  10.8368   1.7702   0.8684   0.7405   0.00    0.0
2014/12/16 10:56:30.000  -12.843704482  131.132779655   125.1881   5   7   4.2269   4.4212  10.8241   1.7841   0.9300   0.8111   0.00    0.0
2014/12/16 10:57:00.000  -12.843704464  131.132779715   125.2376   5   7   4.2272   4.4196  10.8110   1.7980   0.9884   0.8773   0.00    0.0
2014/12/16 10:57:30.000  -12.843704730  131.132779557   125.2074   5   7   4.2276   4.4180  10.7975   1.8118   1.0440   0.9400   0.00    0.0
2014/12/16 10:58:00.000  -12.843704676  131.132779975   125.0689   5   7   4.2281   4.4164  10.7837   1.8255   1.0973   0.9999   0.00    0.0
2014/12/16 10:58:30.000  -12.843704586  131.132779743   125.1869   5   7   4.2287   4.4150  10.7695   1.8391   1.1485   1.0574   0.00    0.0
2014/12/16 10:59:00.000  -12.843703366  131.132780049   125.3963   5   7   4.2293   4.4136  10.7550   1.8527   1.1981   1.1129   0.00    0.0
2014/12/16 10:59:30.000  -12.843702717  131.132779770   125.8610   5   7   4.2301   4.4123  10.7402   1.8662   1.2460   1.1666   0.00    0.0
2014/12/16 11:00:00.000  -12.843704600  131.132778926   125.4465   5   7   4.2310   4.4111  10.7251   1.8796   1.2926   1.2187   0.00    0.0
2014/12/16 11:00:30.000  -12.843704593  131.132779110   126.0977   5   7   4.2320   4.4100  10.7097   1.8930   1.3379   1.2694   0.00    0.0
2014/12/16 11:01:00.000  -12.843705037  131.132779337   125.9790   5   7   4.2331   4.4089  10.6940   1.9063   1.3821   1.3188   0.00    0.0
2014/12/16 11:01:30.000  -12.843704765  131.132779276   125.8770   5   7   4.2344   4.4079  10.6781   1.9196   1.4253   1.3670   0.00    0.0
2014/12/16 11:02:00.000  -12.843704637  131.132779402   125.7574   5   7   4.2357   4.4070  10.6619   1.9328   1.4676   1.4142   0.00    0.0
2014/12/16 11:02:30.000  -12.843705205  131.132779356   126.0104   5   7   4.2371   4.4062  10.6455   1.9459   1.5090   1.4604   0.00    0.0
2014/12/16 11:03:00.000  -12.843705317  131.132779907   126.3953   5   7   4.2386   4.4055  10.6289   1.9590   1.5496   1.5056   0.00    0.0
2014/12/16 11:03:30.000  -12.843704669  131.132781382   126.7901   5   7   4.2403   4.4048  10.6121   1.9720   1.5895   1.5501   0.00    0.0
2014/12/16 11:04:00.000  -12.843704837  131.132782113   126.9250   5   7   4.2420   4.4042  10.5952   1.9850   1.6287   1.5937   0.00    0.0
2014/12/16 11:04:30.000  -12.843704559  131.132782923   126.8445   5   7   4.2439   4.4037  10.5781   1.9979   1.6673   1.6366   0.00    0.0
2014/12/16 11:05:00.000  -12.843704632  131.132783109   126.9623   5   7   4.2459   4.4033  10.5608   2.0108   1.7053   1.6787   0.00    0.0
2014/12/16 11:05:30.000  -12.843703826  131.132782906   126.8806   5   7   4.2479   4.4029  10.5434   2.0237   1.7427   1.7202   0.00    0.0
2014/12/16 11:06:00.000  -12.843702993  131.132782296   127.0875   5   7   4.2501   4.4027  10.5258   2.0365   1.7796   1.7610   0.00    0.0
2014/12/16 11:06:30.000  -12.843703525  131.132781385   127.5037   5   7   4.2524   4.4025  10.5082   2.0493   1.8160   1.8012   0.00    0.0
2014/12/16 11:07:00.000  -12.843704087  131.132781743   127.4338   5   7   4.2548   4.4024  10.4904   2.0620   1.8520   1.8408   0.00    0.0
2014/12/16 11:07:30.000  -12.843704042  131.132782580   127.4164   5   7   4.2573   4.4023  10.4726   2.0747   1.8875   1.8798   0.00    0.0
2014/12/16 11:08:00.000  -12.843703565  131.132784633   127.6177   5   7   4.2599   4.4024  10.4547   2.0873   1.9225   1.9183   0.00    0.0
2014/12/16 11:08:30.000  -12.843702485  131.132785426   127.9301   5   7   4.2626   4.4025  10.4368   2.0999   1.9572   1.9563   0.00    0.0
2014/12/16 11:09:00.000  -12.843702670  131.132785520   128.0453   5   7   4.2654   4.4028  10.4188   2.1125   1.9915   1.9938   0.00    0.0
2014/12/16 11:09:30.000  -12.843703251  131.132786004   128.1998   5   7   4.2683   4.4031  10.4008   2.1250   2.0254   2.0307   0.00    0.0
2014/12/16 11:10:00.000  -12.843702959  131.132785311   128.0820   5   7   4.2713   4.4034  10.3827   2.1375   2.0590   2.0672   0.00    0.0
2014/12/16 11:10:30.000  -12.843702822  131.132785942   128.4604   5   7   4.2744   4.4039  10.3647   2.1500   2.0922   2.1032   0.00    0.0
2014/12/16 11:11:00.000  -12.843703090  131.132786806   128.6650   5   7   4.2776   4.4044  10.3466   2.1624   2.1251   2.1388   0.00    0.0
2014/12/16 11:11:30.000  -12.843702925  131.132788133   128.7216   5   7   4.2809   4.4051  10.3286   2.1748   2.1577   2.1739   0.00    0.0
2014/12/16 11:12:00.000  -12.843702876  131.132788259   129.2483   5   7   4.2844   4.4058  10.3106   2.1871   2.1901   2.2087   0.00    0.0
2014/12/16 11:12:30.000  -12.843703012  131.132789447   129.6037   5   7   4.2879   4.4066  10.2927   2.1995   2.2221   2.2430   0.00    0.0
2014/12/16 11:13:00.000  -12.843702390  131.132790507   129.7408   5   7   4.2915   4.4074  10.2748   2.2118   2.2538   2.2769   0.00    0.0
2014/12/16 11:13:30.000  -12.843701067  131.132792117   129.8272   5   7   4.2952   4.4084  10.2569   2.2240   2.2853   2.3104   0.00    0.0
2014/12/16 11:14:00.000  -12.843700923  131.132793111   129.9381   5   7   4.2989   4.4094  10.2391   2.2362   2.3165   2.3435   0.00    0.0
2014/12/16 11:14:30.000  -12.843701133  131.132793384   129.9851   5   7   4.3028   4.4105  10.2214   2.2484   2.3475   2.3762   0.00    0.0
2014/12/16 11:15:00.000  -12.843701036  131.132792671   129.9943   5   7   4.3068   4.4117  10.2038   2.2606   2.3783   2.4086   0.00    0.0
2014/12/16 11:15:30.000  -12.843701410  131.132792661   130.1137   5   7   4.3108   4.4130  10.1863   2.2727   2.4088   2.4407   0.00    0.0
2014/12/16 11:16:00.000  -12.843700240  131.132793071   130.2486   5   7   4.3150   4.4144  10.1689   2.2848   2.4391   2.4723   0.00    0.0
2014/12/16 11:16:30.000  -12.843701245  131.132793322   130.6316   5   7   4.3192   4.4158  10.1516   2.2969   2.4691   2.5037   0.00    0.0
2014/12/16 11:17:00.000  -12.843701368  131.132792009   130.7914   5   7   4.3235   4.4173  10.1344   2.3089   2.4990   2.5347   0.00    0.0
2014/12/16 11:17:30.000  -12.843701225  131.132791981   130.7373   5   7   4.3279   4.4190  10.1174   2.3209   2.5286   2.5654   0.00    0.0
2014/12/16 11:18:00.000  -12.843702126  131.132793157   130.7539   5   7   4.3323   4.4206  10.1005   2.3328   2.5581   2.5957   0.00    0.0
2014/12/16 11:18:30.000  -12.843703212  131.132767755   123.6096   5   6   4.3369   5.4329  13.0776   2.3626   5.7421   2.6677   0.00    0.0
2014/12/16 11:19:00.000  -12.843703679  131.132767402   123.5741   5   6   4.3416   5.4350  13.0599   2.3769   5.7539   2.7028   0.00    0.0
2014/12/16 11:19:30.000  -12.843702195  131.132767997   123.5056   5   6   4.3463   5.4372  13.0424   2.3912   5.7659   2.7374   0.00    0.0
2014/12/16 11:20:00.000  -12.843701294  131.132768242   123.6284   5   6   4.3510   5.4396  13.0250   2.4053   5.7779   2.7714   0.00    0.0
2014/12/16 11:20:30.000  -12.843701663  131.132768453   123.6818   5   6   4.3559   5.4421  13.0077   2.4193   5.7900   2.8050   0.00    0.0
2014/12/16 11:21:00.000  -12.843702057  131.132769459   123.7083   5   6   4.3608   5.4446  12.9905   2.4332   5.8021   2.8381   0.00    0.0
2014/12/16 11:21:30.000  -12.843702302  131.132769928   123.6697   5   6   4.3658   5.4473  12.9735   2.4470   5.8144   2.8707   0.00    0.0
2014/12/16 11:22:00.000  -12.843701063  131.132770162   123.6573   5   6   4.3708   5.4501  12.9567   2.4608   5.8268   2.9028   0.00    0.0
2014/12/16 11:22:30.000  -12.843700461  131.132768735   123.5623   5   6   4.3759   5.4531  12.9401   2.4744   5.8393   2.9345   0.00    0.0
2014/12/16 11:23:00.000  -12.843700520  131.132768217   123.5933   5   6   4.3810   5.4561  12.9236   2.4879   5.8518   2.9657   0.00    0.0
2014/12/16 11:23:30.000  -12.843701567  131.132767465   123.5288   5   6   4.3862   5.4593  12.9073   2.5012   5.8645   2.9965   0.00    0.0
2014/12/16 11:24:00.000  -12.843701786  131.132768414   123.3903   5   6   4.3915   5.4625  12.8912   2.5145   5.8773   3.0268   0.00    0.0
2014/12/16 11:24:30.000  -12.843702004  131.132767809   123.4085   5   6   4.3968   5.4659  12.8754   2.5277   5.8901   3.0567   0.00    0.0
2014/12/16 11:25:00.000  -12.843702509  131.132766770   123.1600   5   6   4.4021   5.4694  12.8597   2.5408   5.9031   3.0862   0.00    0.0
2014/12/16 11:25:30.000  -12.843702484  131.132767869   123.2825   5   6   4.4075   5.4731  12.8443   2.5537   5.9162   3.1153   0.00    0.0
2014/12/16 11:26:00.000  -12.843702275  131.132768241   123.3672   5   6   4.4129   5.4768  12.8291   2.5665   5.9294   3.1440   0.00    0.0
2014/12/16 11:26:30.000  -12.843702011  131.132768232   123.3987   5   6   4.4184   5.4807  12.8142   2.5793   5.9427   3.1722   0.00    0.0
2014/12/16 11:27:00.000  -12.843702132  131.132766574   123.4187   5   6   4.4238   5.4847  12.7995   2.5919   5.9562   3.2001   0.00    0.0
2014/12/16 11:27:30.000  -12.843701756  131.132765327   123.3538   5   6   4.4293   5.4888  12.7851   2.6044   5.9697   3.2276   0.00    0.0
2014/12/16 11:28:00.000  -12.843701064  131.132766535   123.5710   5   6   4.4349   5.4930  12.7709   2.6167   5.9834   3.2548   0.00    0.0
2014/12/16 11:28:30.000  -12.843700943  131.132766051   123.6091   5   6   4.4404   5.4974  12.7570   2.6290   5.9971   3.2815   0.00    0.0
2014/12/16 11:29:00.000  -12.843701351  131.132765986   123.3762   5   6   4.4460   5.5018  12.7433   2.6411   6.0110   3.3079   0.00    0.0
2014/12/16 11:29:30.000  -12.843701456  131.132766286   123.3971   5   6   4.4516   5.5064  12.7300   2.6531   6.0250   3.3340   0.00    0.0
2014/12/16 11:30:00.000  -12.843701344  131.132767247   123.7042   5   6   4.4572   5.5111  12.7169   2.6650   6.0391   3.3596   0.00    0.0
2014/12/16 11:30:30.000  -12.843701568  131.132767668   123.4969   5   6   4.4628   5.5160  12.7041   2.6768   6.0533   3.3850   0.00    0.0
2014/12/16 11:31:00.000  -12.843700879  131.132767930   123.3477   5   6   4.4684   5.5210  12.6916   2.6885   6.0677   3.4100   0.00    0.0
2014/12/16 11:31:30.000  -12.843701439  131.132767048   123.1953   5   6   4.4740   5.5261  12.6794   2.7000   6.0822   3.4346   0.00    0.0
2014/12/16 11:32:00.000  -12.843701666  131.132765803   123.0285   5   6   4.4796   5.5313  12.6675   2.7114   6.0968   3.4589   0.00    0.0
2014/12/16 11:32:30.000  -12.843700860  131.132766526   123.4033   5   6   4.4853   5.5366  12.6559   2.7227   6.1115   3.4829   0.00    0.0
2014/12/16 11:33:00.000  -12.843701361  131.132765602   123.5920   5   6   4.4909   5.5421  12.6446   2.7338   6.1263   3.5066   0.00    0.0
2014/12/16 11:33:30.000  -12.843701096  131.132766399   123.7683   5   6   4.4964   5.5477  12.6337   2.7448   6.1413   3.5299   0.00    0.0
2014/12/16 11:34:00.000  -12.843701375  131.132766583   123.9142   5   6   4.5020   5.5534  12.6230   2.7557   6.1563   3.5529   0.00    0.0
2014/12/16 11:34:30.000  -12.843701822  131.132764852   123.4812   5   7   4.0100   4.2827   9.3006   0.5971   2.8090  -2.1801   0.00    0.0
2014/12/16 11:35:00.000  -12.843701176  131.132765109   123.2763   5   7   4.0112   4.2776   9.2893   0.5904   2.8207  -2.1612   0.00    0.0
2014/12/16 11:35:30.000  -12.843701462  131.132764096   123.0884   5   7   4.0124   4.2726   9.2781   0.5834   2.8325  -2.1422   0.00    0.0
2014/12/16 11:36:00.000  -12.843702057  131.132762254   122.9160   5   7   4.0137   4.2676   9.2671   0.5760   2.8443  -2.1232   0.00    0.0
2014/12/16 11:36:30.000  -12.843701183  131.132762620   122.8027   5   7   4.0150   4.2628   9.2563   0.5683   2.8561  -2.1040   0.00    0.0
2014/12/16 11:37:00.000  -12.843700961  131.132763919   123.1247   5   7   4.0163   4.2579   9.2456   0.5602   2.8680  -2.0847   0.00    0.0
2014/12/16 11:37:30.000  -12.843701046  131.132764815   122.9709   5   7   4.0177   4.2532   9.2351   0.5518   2.8798  -2.0654   0.00    0.0
2014/12/16 11:38:00.000  -12.843701504  131.132764417   122.9521   5   7   4.0192   4.2485   9.2248   0.5430   2.8917  -2.0459   0.00    0.0
2014/12/16 11:38:30.000  -12.843701598  131.132764004   122.8421   5   7   4.0207   4.2439   9.2146   0.5337   2.9036  -2.0263   0.00    0.0
2014/12/16 11:39:00.000  -12.843701096  131.132765061   122.9873   5   7   4.0222   4.2394   9.2046   0.5241   2.9156  -2.0065   0.00    0.0
2014/12/16 11:39:30.000  -12.843701482  131.132765212   123.1705   5   7   4.0238   4.2349   9.1947   0.5140   2.9275  -1.9866   0.00    0.0
2014/12/16 11:40:00.000  -12.843701907  131.132763763   123.2476   5   7   4.0254   4.2305   9.1851   0.5035   2.9395  -1.9666   0.00    0.0
2014/12/16 11:40:30.000  -12.843702610  131.132763331   123.2758   5   7   4.0270   4.2262   9.1756   0.4926   2.9515  -1.9465   0.00    0.0
2014/12/16 11:41:00.000  -12.843702748  131.132764877   123.0723   5   7   4.0287   4.2219   9.1663   0.4811   2.9635  -1.9262   0.00    0.0
2014/12/16 11:41:30.000  -12.843702951  131.132765744   123.3343   5   7   4.0304   4.2177   9.1572   0.4691   2.9756  -1.9057   0.00    0.0
2014/12/16 11:42:00.000  -12.843702928  131.132764777   123.3045   5   7   4.0322   4.2136   9.1482   0.4566   2.9876  -1.8851   0.00    0.0
2014/12/16 11:42:30.000  -12.843702358  131.132764086   122.9386   5   7   4.0340   4.2096   9.1395   0.4435   2.9997  -1.8643   0.00    0.0
2014/12/16 11:43:00.000  -12.843702347  131.132764577   123.1362   5   7   4.0359   4.2056   9.1309   0.4297   3.0118  -1.8432   0.00    0.0
2014/12/16 11:43:30.000  -12.843701087  131.132765303   123.4309   5   7   4.0377   4.2017   9.1225   0.4153   3.0239  -1.8220   0.00    0.0
2014/12/16 11:44:00.000  -12.843700466  131.132766096   123.5971   5   7   4.0397   4.1979   9.1144   0.4001   3.0360  -1.8006   0.00    0.0
2014/12/16 11:44:30.000  -12.843699890  131.132765757   123.6179   5   7   4.0416   4.1941   9.1063   0.3841   3.0482  -1.7790   0.00    0.0
2014/12/16 11:45:00.000  -12.843701447  131.132764131   123.2700   5   7   4.0436   4.1904   9.0985   0.3672   3.0604  -1.7571   0.00    0.0
2014/12/16 11:45:30.000  -12.843702232  131.132764325   123.0611   5   7   4.0456   4.1869   9.0909   0.3492   3.0725  -1.7350   0.00    0.0
2014/12/16 11:46:00.000  -12.843702514  131.132764904   123.0692   5   7   4.0477   4.1833   9.0835   0.3300   3.0847  -1.7126   0.00    0.0
2014/12/16 11:46:30.000  -12.843703364  131.132764231   123.2192   5   7   4.0498   4.1799   9.0762   0.3094   3.0969  -1.6900   0.00    0.0
2014/12/16 11:47:00.000  -12.843703340  131.132763404   123.5072   5   7   4.0519   4.1765   9.0692   0.2872   3.1092  -1.6670   0.00    0.0
2014/12/16 11:47:30.000  -12.843703567  131.132764089   123.5525   5   7   4.0540   4.1732   9.0623   0.2628   3.1214  -1.6438   0.00    0.0
2014/12/16 11:48:00.000  -12.843704116  131.132765033   123.5883   5   7   4.0562   4.1700   9.0557   0.2357   3.1337  -1.6202   0.00    0.0
2014/12/16 11:48:30.000  -12.843704953  131.132764177   123.5237   5   7   4.0584   4.1669   9.0492   0.2047   3.1460  -1.5963   0.00    0.0
2014/12/16 11:49:00.000  -12.843704819  131.132764037   123.2578   5   7   4.0606   4.1638   9.0430   0.1680   3.1583  -1.5720   0.00    0.0
2014/12/16 11:49:30.000  -12.843705177  131.132764755   123.2389   5   7   4.0629   4.1608   9.0369   0.1201   3.1706  -1.5473   0.00    0.0
2014/12/16 11:50:00.000  -12.843705479  131.132764464   123.3940   5   7   4.0652   4.1579   9.0310   0.0240   3.1829  -1.5222   0.00    0.0
2014/12/16 11:50:30.000  -12.843705092  131.132765260   123.3543   5   7   4.0675   4.1551   9.0253  -0.1155   3.1952  -1.4966   0.00    0.0
2014/12/16 11:51:00.000  -12.843704607  131.132764866   123.3394   5   7   4.0698   4.1524   9.0199  -0.1652   3.2076  -1.4706   0.00    0.0
2014/12/16 11:51:30.000  -12.843704492  131.132764415   123.2766   5   7   4.0722   4.1497   9.0146  -0.2031   3.2199  -1.4441   0.00    0.0
2014/12/16 11:52:00.000  -12.843704884  131.132763602   123.1633   5   7   4.0746   4.1471   9.0095  -0.2351   3.2323  -1.4170   0.00    0.0
2014/12/16 11:52:30.000  -12.843705826  131.132763949   122.9867   5   7   4.0770   4.1446   9.0046  -0.2632   3.2447  -1.3894   0.00    0.0
2014/12/16 11:53:00.000  -12.843705484  131.132763902   123.1791   5   7   4.0794   4.1422   9.0000  -0.2886   3.2571  -1.3611   0.00    0.0
2014/12/16 11:53:30.000  -12.843705431  131.132762818   123.2024   5   7   4.0818   4.1399   8.9955  -0.3120   3.2695  -1.3322   0.00    0.0
2014/12/16 11:54:00.000  -12.843707719  131.132763179   123.3073   5   8   3.6452   4.0745   8.1472   1.1022   2.8343   2.3043   0.00    0.0
2014/12/16 11:54:30.000  -12.843708160  131.132764582   123.6289   5   8   3.6444   4.0722   8.1521   1.0987   2.8509   2.3191   0.00    0.0
2014/12/16 11:55:00.000  -12.843706585  131.132765858   124.0416   5   8   3.6435   4.0699   8.1572   1.0952   2.8675   2.3338   0.00    0.0
2014/12/16 11:55:30.000  -12.843705943  131.132765634   124.1589   5   8   3.6426   4.0678   8.1625   1.0917   2.8841   2.3484   0.00    0.0
2014/12/16 11:56:00.000  -12.843706724  131.132764397   124.0971   5   8   3.6417   4.0657   8.1681   1.0882   2.9007   2.3628   0.00    0.0
2014/12/16 11:56:30.000  -12.843706458  131.132765139   124.2441   5   8   3.6408   4.0638   8.1740   1.0848   2.9174   2.3771   0.00    0.0
2014/12/16 11:57:00.000  -12.843706490  131.132765922   124.2901   5   8   3.6399   4.0619   8.1801   1.0813   2.9341   2.3912   0.00    0.0
2014/12/16 11:57:30.000  -12.843707097  131.132765917   124.3417   5   8   3.6389   4.0601   8.1864   1.0779   2.9508   2.4053   0.00    0.0
2014/12/16 11:58:00.000  -12.843707849  131.132764759   124.2800   5   8   3.6379   4.0584   8.1930   1.0745   2.9675   2.4192   0.00    0.0
2014/12/16 11:58:30.000  -12.843708646  131.132765346   124.7099   5   8   3.6369   4.0567   8.1999   1.0712   2.9843   2.4330   0.00    0.0
2014/12/16 11:59:00.000  -12.843710453  131.132766562   124.5725   5   8   3.6359   4.0552   8.2070   1.0679   3.0011   2.4466   0.00    0.0
2014/12/16 11:59:30.000  -12.843710246  131.132767530   124.5523   5   8   3.6348   4.0538   8.2143   1.0646   3.0179   2.4602   0.00    0.0
2014/12/16 12:00:00.000  -12.843710902  131.132766614   124.7220   5   8   3.6338   4.0524   8.2219   1.0613   3.0348   2.4736   0.00    0.0
2014/12/16 12:00:30.000  -12.843710474  131.132766011   124.9226   5   8   3.6327   4.0511   8.2298   1.0581   3.0517   2.4869   0.00    0.0
2014/12/16 12:01:00.000  -12.843711587  131.132766110   125.2143   5   8   3.6315   4.0500   8.2379   1.0550   3.0686   2.5001   0.00    0.0
2014/12/16 12:01:30.000  -12.843713471  131.132766091   125.2420   5   8   3.6304   4.0489   8.2462   1.0519   3.0856   2.5132   0.00    0.0
2014/12/16 12:02:00.000  -12.843714164  131.132767242   125.4593   5   8   3.6292   4.0479   8.2548   1.0488   3.1026   2.5261   0.00    0.0
2014/12/16 12:02:30.000  -12.843714449  131.132767846   125.6679   5   8   3.6281   4.0470   8.2637   1.0459   3.1196   2.5389   0.00    0.0
2014/12/16 12:03:00.000  -12.843714380  131.132767356   125.4873   5   8   3.6268   4.0462   8.2728   1.0429   3.1368   2.5516   0.00    0.0
2014/12/16 12:03:30.000  -12.843713424  131.132768122   125.3366   5   8   3.6256   4.0454   8.2821   1.0401   3.1539   2.5642   0.00    0.0
2014/12/16 12:04:00.000  -12.843712172  131.132768542   125.4587   5   8   3.6243   4.0448   8.2917   1.0372   3.1711   2.5767   0.00    0.0
2014/12/16 12:04:30.000  -12.843711965  131.132767894   125.4757   5   8   3.6230   4.0443   8.3015   1.0345   3.1883   2.5891   0.00    0.0
2014/12/16 12:05:00.000  -12.843713071  131.132767832   125.4265   5   8   3.6217   4.0438   8.3116   1.0318   3.2056   2.6013   0.00    0.0
2014/12/16 12:05:30.000  -12.843714392  131.132767465   125.4676   5   8   3.6203   4.0435   8.3219   1.0293   3.2230   2.6135   0.00    0.0
2014/12/16 12:06:00.000  -12.843715411  131.132768481   125.6640   5   8   3.6190   4.0432   8.3324   1.0267   3.2404   2.6255   0.00    0.0
2014/12/16 12:06:30.000  -12.843715552  131.132768937   125.9652   5   8   3.6176   4.0431   8.3432   1.0243   3.2578   2.6374   0.00    0.0
2014/12/16 12:07:00.000  -12.843715170  131.132768337   125.9734   5   8   3.6161   4.0430   8.3542   1.0219   3.2753   2.6491   0.00    0.0
2014/12/16 12:07:30.000  -12.843714822  131.132768313   125.8231   5   8   3.6146   4.0430   8.3655   1.0197   3.2929   2.6608   0.00    0.0
2014/12/16 12:08:00.000  -12.843714765  131.132768348   125.6358   5   8   3.6131   4.0431   8.3769   1.0175   3.3105   2.6723   0.00    0.0
2014/12/16 12:08:30.000  -12.843714462  131.132767198   125.3946   5   8   3.6116   4.0434   8.3886   1.0154   3.3281   2.6837   0.00    0.0
2014/12/16 12:09:00.000  -12.843713286  131.132766832   125.5062   5   8   3.6100   4.0437   8.4006   1.0134   3.3459   2.6950   0.00    0.0
2014/12/16 12:09:30.000  -12.843712625  131.132767068   125.5647   5   8   3.6084   4.0441   8.4127   1.0115   3.3636   2.7062   0.00    0.0
2014/12/16 12:10:00.000  -12.843713056  131.132767084   125.5386   5   8   3.6068   4.0445   8.4251   1.0097   3.3815   2.7173   0.00    0.0
2014/12/16 12:10:30.000  -12.843713176  131.132768140   125.6958   5   8   3.6051   4.0451   8.4377   1.0079   3.3993   2.7282   0.00    0.0
2014/12/16 12:11:00.000  -12.843713508  131.132767493   125.8139   5   8   3.6034   4.0458   8.4505   1.0063   3.4173   2.7390   0.00    0.0
2014/12/16 12:11:30.000  -12.843714099  131.132767511   125.7370   5   8   3.6016   4.0466   8.4635   1.0048   3.4353   2.7497   0.00    0.0
2014/12/16 12:12:00.000  -12.843714809  131.132767192   125.6274   5   7   4.0156   4.0483   9.0927   0.9286   3.4918   1.3286   0.00    0.0
2014/12/16 12:12:30.000  -12.843713547  131.132766154   125.2650   5   7   4.0088   4.0495   9.1149   0.9163   3.5156   1.3468   0.00    0.0
2014/12/16 12:13:00.000  -12.843712723  131.132766984   125.4683   5   7   4.0021   4.0508   9.1373   0.9040   3.5395   1.3646   0.00    0.0
2014/12/16 12:13:30.000  -12.843710643  131.132767803   125.4904   5   7   3.9953   4.0523   9.1602   0.8918   3.5635   1.3821   0.00    0.0
2014/12/16 12:14:00.000  -12.843709795  131.132767167   125.5340   5   7   3.9885   4.0539   9.1833   0.8796   3.5877   1.3991   0.00    0.0
2014/12/16 12:14:30.000  -12.843708891  131.132766885   125.2578   5   7   3.9817   4.0556   9.2068   0.8675   3.6119   1.4158   0.00    0.0
2014/12/16 12:15:00.000  -12.843709751  131.132766164   124.7672   5   7   3.9748   4.0575   9.2307   0.8555   3.6363   1.4321   0.00    0.0
2014/12/16 12:15:30.000  -12.843709664  131.132766663   124.6693   5   7   3.9680   4.0594   9.2549   0.8435   3.6608   1.4481   0.00    0.0
2014/12/16 12:16:00.000  -12.843709628  131.132767216   124.7726   5   7   3.9611   4.0616   9.2794   0.8315   3.6853   1.4637   0.00    0.0
2014/12/16 12:16:30.000  -12.843709444  131.132768323   124.7392   5   7   3.9543   4.0638   9.3043   0.8197   3.7100   1.4789   0.00    0.0
2014/12/16 12:17:00.000  -12.843708227  131.132767611   124.5719   5   7   3.9474   4.0662   9.3295   0.8079   3.7348   1.4938   0.00    0.0
2014/12/16 12:17:30.000  -12.843707260  131.132765875   124.5404   5   7   3.9405   4.0687   9.3551   0.7961   3.7597   1.5083   0.00    0.0
2014/12/16 12:18:00.000  -12.843706143  131.132764967   124.3460   5   7   3.9335   4.0713   9.3810   0.7845   3.7847   1.5224   0.00    0.0
2014/12/16 12:18:30.000  -12.843705248  131.132765152   124.2471   5   7   3.9266   4.0741   9.4072   0.7729   3.8098   1.5362   0.00    0.0
2014/12/16 12:19:00.000  -12.843705341  131.132765251   124.0348   5   7   3.9197   4.0770   9.4337   0.7613   3.8350   1.5497   0.00    0.0
2014/12/16 12:19:30.000  -12.843704358  131.132766242   124.1509   5   7   3.9127   4.0800   9.4606   0.7499   3.8604   1.5628   0.00    0.0
2014/12/16 12:20:00.000  -12.843704708  131.132766035   124.0892   5   7   3.9058   4.0831   9.4878   0.7385   3.8858   1.5755   0.00    0.0
2014/12/16 12:20:30.000  -12.843705973  131.132765164   123.9053   5   7   3.8988   4.0864   9.5153   0.7272   3.9113   1.5879   0.00    0.0
2014/12/16 12:21:00.000  -12.843706436  131.132765739   124.0398   5   7   3.8918   4.0898   9.5431   0.7159   3.9370   1.5999   0.00    0.0
2014/12/16 12:21:30.000  -12.843705940  131.132766422   124.0931   5   7   3.8848   4.0933   9.5712   0.7048   3.9627   1.6115   0.00    0.0
2014/12/16 12:22:00.000  -12.843705413  131.132765577   124.3202   5   7   3.8778   4.0969   9.5996   0.6936   3.9885   1.6228   0.00    0.0
2014/12/16 12:22:30.000  -12.843703718  131.132765609   124.5495   5   7   3.8708   4.1007   9.6283   0.6826   4.0145   1.6337   0.00    0.0
2014/12/16 12:23:00.000  -12.843702656  131.132765710   124.3736   5   7   3.8638   4.1046   9.6574   0.6716   4.0405   1.6443   0.00    0.0
2014/12/16 12:23:30.000  -12.843702219  131.132765853   124.2512   5   7   3.8568   4.1086   9.6866   0.6607   4.0666   1.6544   0.00    0.0
2014/12/16 12:24:00.000  -12.843702635  131.132766199   123.9335   5   7   3.8498   4.1128   9.7162   0.6498   4.0929   1.6642   0.00    0.0
2014/12/16 12:24:30.000  -12.843703006  131.132767052   124.0465   5   7   3.8428   4.1170   9.7460   0.6390   4.1192   1.6736   0.00    0.0
2014/12/16 12:25:00.000  -12.843701894  131.132767077   124.3199   5   7   3.8358   4.1214   9.7761   0.6282   4.1455   1.6827   0.00    0.0
2014/12/16 12:25:30.000  -12.843700843  131.132766771   124.5843   5   7   3.8287   4.1259   9.8065   0.6175   4.1720   1.6913   0.00    0.0
2014/12/16 12:26:00.000  -12.843700039  131.132767303   124.6936   5   7   3.8217   4.1305   9.8371   0.6068   4.1985   1.6996   0.00    0.0
2014/12/16 12:26:30.000  -12.843700217  131.132767047   124.5769   5   7   3.8147   4.1353   9.8679   0.5961   4.2251   1.7075   0.00    0.0
2014/12/16 12:27:00.000  -12.843699797  131.132766197   124.3677   5   7   3.8077   4.1401   9.8990   0.5855   4.2518   1.7149   0.00    0.0
2014/12/16 12:27:30.000  -12.843699790  131.132766068   124.3062   5   7   3.8006   4.1451   9.9303   0.5749   4.2785   1.7220   0.00    0.0
2014/12/16 12:28:00.000  -12.843698428  131.132765627   124.1556   5   7   3.7936   4.1501   9.9617   0.5643   4.3053   1.7286   0.00    0.0
2014/12/16 12:28:30.000  -12.843698173  131.132765851   124.0036   5   7   3.7866   4.1553   9.9934   0.5536   4.3321   1.7348   0.00    0.0
2014/12/16 12:29:00.000  -12.843699205  131.132765577   123.8747   5   7   3.7796   4.1606  10.0253   0.5430   4.3590   1.7406   0.00    0.0
2014/12/16 12:29:30.000  -12.843699766  131.132765633   123.8234   5   7   3.7726   4.1660  10.0573   0.5323   4.3859   1.7460   0.00    0.0
2014/12/16 12:30:00.000  -12.843699391  131.132764461   123.6969   5   7   3.7655   4.1715  10.0894   0.5216   4.4129   1.7509   0.00    0.0
2014/12/16 12:30:30.000  -12.843699812  131.132764866   123.5635   5   7   3.7585   4.1770  10.1218   0.5108   4.4398   1.7554   0.00    0.0
2014/12/16 12:31:00.000  -12.843700337  131.132765894   123.6280   5   7   3.7515   4.1827  10.1542   0.5000   4.4668   1.7594   0.00    0.0
2014/12/16 12:31:30.000  -12.843699835  131.132765418   123.6785   5   7   3.7445   4.1885  10.1867   0.4890   4.4938   1.7630   0.00    0.0
2014/12/16 12:32:00.000  -12.843698949  131.132764629   123.6358   5   7   3.7376   4.1943  10.2194   0.4779   4.5208   1.7660   0.00    0.0
2014/12/16 12:32:30.000  -12.843698300  131.132763659   123.5741   5   7   3.7306   4.2003  10.2521   0.4667   4.5477   1.7687   0.00    0.0
2014/12/16 12:33:00.000  -12.843697506  131.132762755   123.4864   5   7   3.7236   4.2063  10.2849   0.4553   4.5747   1.7708   0.00    0.0
2014/12/16 12:33:30.000  -12.843697228  131.132762901   123.2251   5   7   3.7166   4.2124  10.3177   0.4437   4.6016   1.7724   0.00    0.0
2014/12/16 12:34:00.000  -12.843696574  131.132764196   123.4217   5   7   3.7097   4.2186  10.3505   0.4319   4.6284   1.7735   0.00    0.0
2014/12/16 12:34:30.000  -12.843696884  131.132763481   123.5158   5   7   3.7028   4.2248  10.3834   0.4198   4.6552   1.7741   0.00    0.0
2014/12/16 12:35:00.000  -12.843697454  131.132763825   123.4615   5   7   3.6958   4.2311  10.4162   0.4074   4.6820   1.7742   0.00    0.0
2014/12/16 12:35:30.000  -12.843697702  131.132764711   123.4623   5   7   3.6889   4.2375  10.4490   0.3946   4.7086   1.7738   0.00    0.0
2014/12/16 12:36:00.000  -12.843697393  131.132764964   123.5336   5   7   3.6820   4.2439  10.4817   0.3814   4.7352   1.7728   0.00    0.0
2014/12/16 12:36:30.000  -12.843697124  131.132764843   123.2851   5   7   3.6751   4.2504  10.5143   0.3677   4.7617   1.7712   0.00    0.0
2014/12/16 12:37:00.000  -12.843697447  131.132763370   122.7542   5   7   3.6683   4.2569  10.5469   0.3534   4.7880   1.7691   0.00    0.0
2014/12/16 12:37:30.000  -12.843697898  131.132760871   122.0984   5   8   3.5164   3.7299   8.5696  -1.4115   3.2196  -1.7913   0.00    0.0
2014/12/16 12:38:00.000  -12.843696667  131.132760666   121.8928   5   8   3.5099   3.7319   8.5936  -1.4174   3.2419  -1.7973   0.00    0.0
2014/12/16 12:38:30.000  -12.843695990  131.132759990   122.0672   5   8   3.5033   3.7339   8.6177  -1.4231   3.2642  -1.8036   0.00    0.0
2014/12/16 12:39:00.000  -12.843695646  131.132759150   122.0094   5   8   3.4969   3.7360   8.6419  -1.4288   3.2865  -1.8102   0.00    0.0
2014/12/16 12:39:30.000  -12.843697717  131.132761635   121.5283   5   7   3.6205   3.9813   9.4395  -1.8370   2.4129   0.5441   0.00    0.0
2014/12/16 12:40:00.000  -12.843697976  131.132761911   121.5362   5   7   3.6144   3.9784   9.4732  -1.8377   2.4466   0.5465   0.00    0.0
2014/12/16 12:40:30.000  -12.843697241  131.132762693   121.8356   5   7   3.6084   3.9755   9.5072  -1.8382   2.4801   0.5479   0.00    0.0
2014/12/16 12:41:00.000  -12.843696580  131.132763339   122.1600   5   7   3.6023   3.9727   9.5416  -1.8385   2.5134   0.5483   0.00    0.0
2014/12/16 12:41:30.000  -12.843696298  131.132762832   122.3420   5   7   3.5963   3.9700   9.5763  -1.8388   2.5466   0.5476   0.00    0.0
2014/12/16 12:42:00.000  -12.843696859  131.132762272   122.1001   5   7   3.5903   3.9673   9.6113  -1.8389   2.5795   0.5458   0.00    0.0
2014/12/16 12:42:30.000  -12.843697176  131.132762806   122.0903   5   7   3.5842   3.9647   9.6466  -1.8389   2.6123   0.5430   0.00    0.0
2014/12/16 12:43:00.000  -12.843695850  131.132761961   121.8702   5   7   3.5782   3.9621   9.6823  -1.8388   2.6449   0.5391   0.00    0.0
2014/12/16 12:43:30.000  -12.843695137  131.132761727   122.0525   5   7   3.5722   3.9596   9.7182  -1.8386   2.6774   0.5341   0.00    0.0
2014/12/16 12:44:00.000  -12.843695933  131.132761338   122.1308   5   7   3.5661   3.9572   9.7544  -1.8383   2.7097   0.5279   0.00    0.0
2014/12/16 12:44:30.000  -12.843696582  131.132761805   121.8467   5   7   3.5601   3.9548   9.7909  -1.8379   2.7418   0.5206   0.00    0.0
2014/12/16 12:45:00.000  -12.843696188  131.132762343   121.8712   5   7   3.5541   3.9524   9.8277  -1.8373   2.7738   0.5121   0.00    0.0
2014/12/16 12:45:30.000  -12.843695308  131.132762773   121.8388   5   7   3.5481   3.9502   9.8646  -1.8367   2.8056   0.5022   0.00    0.0
2014/12/16 12:46:00.000  -12.843694751  131.132762677   122.0805   5   7   3.5422   3.9479   9.9019  -1.8360   2.8373   0.4910   0.00    0.0
2014/12/16 12:46:30.000  -12.843695356  131.132763328   122.2134   5   7   3.5362   3.9458   9.9393  -1.8352   2.8688   0.4784   0.00    0.0
2014/12/16 12:47:00.000  -12.843695967  131.132762999   122.2966   5   7   3.5302   3.9436   9.9770  -1.8343   2.9001   0.4642   0.00    0.0
2014/12/16 12:47:30.000  -12.843695196  131.132762103   122.2026   5   7   3.5243   3.9416  10.0148  -1.8333   2.9313   0.4483   0.00    0.0
2014/12/16 12:48:00.000  -12.843694686  131.132761204   122.2683   5   7   3.5184   3.9396  10.0528  -1.8322   2.9623   0.4306   0.00    0.0
2014/12/16 12:48:30.000  -12.843695726  131.132761537   122.2125   5   7   3.5125   3.9376  10.0910  -1.8310   2.9931   0.4107   0.00    0.0
2014/12/16 12:49:00.000  -12.843695881  131.132761030   122.1219   5   7   3.5066   3.9357  10.1293  -1.8298   3.0238   0.3884   0.00    0.0
2014/12/16 12:49:30.000  -12.843695789  131.132761660   122.0939   5   7   3.5007   3.9338  10.1677  -1.8284   3.0543   0.3633   0.00    0.0
2014/12/16 12:50:00.000  -12.843695772  131.132762114   121.8512   5   7   3.4949   3.9320  10.2062  -1.8271   3.0846   0.3347   0.00    0.0
2014/12/16 12:50:30.000  -12.843695835  131.132761328   121.6841   5   7   3.4891   3.9302  10.2448  -1.8256   3.1147   0.3017   0.00    0.0
2014/12/16 12:51:00.000  -12.843695885  131.132760971   121.8112   5   7   3.4833   3.9284  10.2835  -1.8241   3.1446   0.2627   0.00    0.0
2014/12/16 12:51:30.000  -12.843695650  131.132760298   121.5998   5   7   3.4775   3.9267  10.3222  -1.8225   3.1743   0.2143   0.00    0.0
2014/12/16 12:52:00.000  -12.843696027  131.132760559   121.4287   5   7   3.4718   3.9251  10.3609  -1.8208   3.2038   0.1478   0.00    0.0
2014/12/16 12:52:30.000  -12.843697376  131.132761386   121.5195   5   7   3.4661   3.9235  10.3996  -1.8191   3.2331  -0.0565   0.00    0.0
2014/12/16 12:53:00.000  -12.843697158  131.132760566   121.4149   5   7   3.4604   3.9219  10.4382  -1.8173   3.2622  -0.1709   0.00    0.0
2014/12/16 12:53:30.000  -12.843696894  131.132760551   121.3373   5   7   3.4548   3.9204  10.4768  -1.8154   3.2910  -0.2370   0.00    0.0
2014/12/16 12:54:00.000  -12.843695870  131.132759717   121.3253   5   7   3.4491   3.9188  10.5152  -1.8135   3.3196  -0.2899   0.00    0.0
2014/12/16 12:54:30.000  -12.843696248  131.132758947   121.4083   5   7   3.4436   3.9174  10.5536  -1.8116   3.3479  -0.3358   0.00    0.0
2014/12/16 12:55:00.000  -12.843696090  131.132759185   121.5315   5   7   3.4380   3.9159  10.5918  -1.8095   3.3760  -0.3773   0.00    0.0
2014/12/16 12:55:30.000  -12.843695744  131.132759047   121.4794   5   7   3.4325   3.9145  10.6298  -1.8075   3.4038  -0.4157   0.00    0.0
2014/12/16 12:56:00.000  -12.843695972  131.132759210   121.6112   5   7   3.4270   3.9131  10.6676  -1.8053   3.4313  -0.4516   0.00    0.0
2014/12/16 12:56:30.000  -12.843695803  131.132758982   121.6879   5   7   3.4216   3.9117  10.7051  -1.8032   3.4586  -0.4857   0.00    0.0
2014/12/16 12:57:00.000  -12.843695259  131.132759332   121.5997   5   7   3.4162   3.9103  10.7424  -1.8010   3.4855  -0.5183   0.00    0.0
2014/12/16 12:57:30.000  -12.843695506  131.132758676   121.5293   5   7   3.4108   3.9090  10.7793  -1.7987   3.5120  -0.5495   0.00    0.0
2014/12/16 12:58:00.000  -12.843696095  131.132758971   121.7677   5   7   3.4055   3.9076  10.8159  -1.7964   3.5383  -0.5796   0.00    0.0
2014/12/16 12:58:30.000  -12.843695381  131.132759206   121.7152   5   7   3.4002   3.9063  10.8520  -1.7940   3.5642  -0.6087   0.00    0.0
2014/12/16 12:59:00.000  -12.843694058  131.132759037   121.3691   5   7   3.3949   3.9050  10.8878  -1.7916   3.5897  -0.6369   0.00    0.0
2014/12/16 12:59:30.000  -12.843692889  131.132759429   121.5490   5   7   3.3897   3.9036  10.9230  -1.7891   3.6149  -0.6643   0.00    0.0
2014/12/16 13:00:00.000  -12.843693686  131.132758793   120.3881   5   7   3.3846   3.9023  10.9578  -1.7866   3.6396  -0.6909   0.00    0.0
2014/12/16 13:00:30.000  -12.843694814  131.132758347   120.3503   5   7   3.3795   3.9010  10.9920  -1.7841   3.6639  -0.7168   0.00    0.0
2014/12/16 13:01:00.000  -12.843696050  131.132757440   120.3417   5   7   3.3744   3.8996  11.0256  -1.7815   3.6879  -0.7420   0.00    0.0
2014/12/16 13:01:30.000  -12.843696186  131.132757398   120.1714   5   7   3.3694   3.8983  11.0585  -1.7788   3.7113  -0.7666   0.00    0.0
2014/12/16 13:02:00.000  -12.843695633  131.132757897   120.2940   5   7   3.3644   3.8969  11.0908  -1.7761   3.7343  -0.7906   0.00    0.0
2014/12/16 13:02:30.000  -12.843694346  131.132757176   120.3105   5   7   3.3595   3.8955  11.1223  -1.7734   3.7569  -0.8139   0.00    0.0
2014/12/16 13:03:00.000  -12.843694153  131.132756419   120.1423   5   7   3.3546   3.8941  11.1531  -1.7706   3.7789  -0.8367   0.00    0.0
2014/12/16 13:03:30.000  -12.843693768  131.132755901   119.8503   5   7   3.3498   3.8926  11.1831  -1.7677   3.8004  -0.8589   0.00    0.0
2014/12/16 13:04:00.000  -12.843694068  131.132757805   120.0741   5   7   3.3451   3.8911  11.2122  -1.7648   3.8214  -0.8805   0.00    0.0
2014/12/16 13:04:30.000  -12.843694453  131.132758260   120.4715   5   7   3.3403   3.8896  11.2404  -1.7618   3.8419  -0.9015   0.00    0.0
2014/12/16 13:05:00.000  -12.843694854  131.132758853   120.5573   5   7   3.3357   3.8881  11.2676  -1.7588   3.8618  -0.9220   0.00    0.0
2014/12/16 13:05:30.000  -12.843695007  131.132758150   120.7390   5   7   3.3311   3.8864  11.2939  -1.7558   3.8811  -0.9418   0.00    0.0
2014/12/16 13:06:00.000  -12.843694986  131.132758437   120.8059   5   7   3.3265   3.8848  11.3191  -1.7526   3.8998  -0.9611   0.00    0.0
2014/12/16 13:06:30.000  -12.843695193  131.132757448   120.4742   5   7   3.3220   3.8831  11.3432  -1.7494   3.9179  -0.9799   0.00    0.0
2014/12/16 13:07:00.000  -12.843695287  131.132757868   120.6757   5   7   3.3175   3.8813  11.3662  -1.7462   3.9354  -0.9980   0.00    0.0
2014/12/16 13:07:30.000  -12.843695596  131.132757568   120.5333   5   7   3.3131   3.8794  11.3881  -1.7428   3.9522  -1.0155   0.00    0.0
2014/12/16 13:08:00.000  -12.843695704  131.132757719   120.6662   5   7   3.3088   3.8775  11.4087  -1.7395   3.9684  -1.0325   0.00    0.0
2014/12/16 13:08:30.000  -12.843695448  131.132758528   120.6701   5   7   3.3045   3.8755  11.4280  -1.7360   3.9839  -1.0488   0.00    0.0
2014/12/16 13:09:00.000  -12.843694637  131.132758721   120.8623   5   7   3.3003   3.8735  11.4461  -1.7325   3.9987  -1.0645   0.00    0.0
2014/12/16 13:09:30.000  -12.843693950  131.132758220   120.6120   5   7   3.2961   3.8713  11.4628  -1.7288   4.0128  -1.0796   0.00    0.0
2014/12/16 13:10:00.000  -12.843693408  131.132756687   120.4629   5   7   3.2920   3.8691  11.4781  -1.7252   4.0262  -1.0940   0.00    0.0
2014/12/16 13:10:30.000  -12.843692489  131.132756655   120.6726   5   7   3.2879   3.8668  11.4920  -1.7214   4.0388  -1.1078   0.00    0.0
2014/12/16 13:11:00.000  -12.843692261  131.132754943   120.2637   5   7   3.2839   3.8644  11.5044  -1.7175   4.0507  -1.1210   0.00    0.0
2014/12/16 13:11:30.000  -12.843692037  131.132754654   120.5536   5   7   3.2799   3.8619  11.5154  -1.7136   4.0618  -1.1334   0.00    0.0
2014/12/16 13:12:00.000  -12.843691982  131.132754769   120.5787   5   7   3.2760   3.8593  11.5248  -1.7095   4.0722  -1.1452   0.00    0.0
2014/12/16 13:12:30.000  -12.843692078  131.132754958   120.4234   5   7   3.2722   3.8566  11.5326  -1.7054   4.0817  -1.1563   0.00    0.0
2014/12/16 13:13:00.000  -12.843692161  131.132754659   120.2901   5   7   3.2684   3.8538  11.5389  -1.7012   4.0905  -1.1667   0.00    0.0
2014/12/16 13:13:30.000  -12.843692366  131.132753415   120.0774   5   7   3.2647   3.8508  11.5436  -1.6969   4.0985  -1.1763   0.00    0.0
2014/12/16 13:14:00.000  -12.843693567  131.132753502   119.9903   5   7   3.2610   3.8478  11.5466  -1.6924   4.1056  -1.1852   0.00    0.0
2014/12/16 13:14:30.000  -12.843693377  131.132752443   120.3628   5   7   3.2574   3.8447  11.5479  -1.6879   4.1120  -1.1934   0.00    0.0
2014/12/16 13:15:00.000  -12.843692947  131.132752664   120.2036   5   7   3.2538   3.8414  11.5476  -1.6833   4.1175  -1.2009   0.00    0.0
2014/12/16 13:15:30.000  -12.843692474  131.132753031   120.1073   5   7   3.2503   3.8380  11.5455  -1.6785   4.1222  -1.2076   0.00    0.0
2014/12/16 13:16:00.000  -12.843692193  131.132752804   120.0714   5   7   3.2469   3.8346  11.5417  -1.6736   4.1261  -1.2135   0.00    0.0
2014/12/16 13:16:30.000  -12.843691671  131.132753190   120.0871   5   7   3.2435   3.8310  11.5362  -1.6686   4.1291  -1.2186   0.00    0.0
2014/12/16 13:17:00.000  -12.843690889  131.132753886   120.1231   5   7   3.2402   3.8272  11.5290  -1.6635   4.1313  -1.2229   0.00    0.0
2014/12/16 13:17:30.000  -12.843689948  131.132752920   120.2108   5   7   3.2369   3.8234  11.5200  -1.6583   4.1327  -1.2264   0.00    0.0
2014/12/16 13:18:00.000  -12.843690395  131.132752808   120.3086   5   7   3.2337   3.8194  11.5092  -1.6530   4.1332  -1.2291   0.00    0.0
2014/12/16 13:18:30.000  -12.843690475  131.132751645   120.3094   5   7   3.2306   3.8153  11.4967  -1.6475   4.1329  -1.2310   0.00    0.0
2014/12/16 13:19:00.000  -12.843690763  131.132751842   120.3769   5   7   3.2275   3.8111  11.4825  -1.6419   4.1318  -1.2320   0.00    0.0
2014/12/16 13:19:30.000  -12.843691576  131.132752324   120.3983   5   7   3.2244   3.8068  11.4665  -1.6361   4.1299  -1.2322   0.00    0.0
2014/12/16 13:20:00.000  -12.843692750  131.132752159   119.9599   5   7   3.2215   3.8024  11.4487  -1.6303   4.1271  -1.2315   0.00    0.0
2014/12/16 13:20:30.000  -12.843693059  131.132752331   119.9326   5   7   3.2186   3.7978  11.4292  -1.6243   4.1236  -1.2300   0.00    0.0
2014/12/16 13:21:00.000  -12.843693311  131.132751848   120.0729   5   7   3.2157   3.7931  11.4080  -1.6181   4.1192  -1.2276   0.00    0.0
2014/12/16 13:21:30.000  -12.843693288  131.132752035   120.4706   5   7   3.2129   3.7884  11.3851  -1.6118   4.1141  -1.2243   0.00    0.0
2014/12/16 13:22:00.000  -12.843692640  131.132751782   120.4838   5   7   3.2102   3.7835  11.3606  -1.6054   4.1082  -1.2201   0.00    0.0
2014/12/16 13:22:30.000  -12.843692842  131.132752315   120.4837   5   7   3.2075   3.7785  11.3343  -1.5988   4.1015  -1.2150   0.00    0.0
2014/12/16 13:23:00.000  -12.843692120  131.132751957   120.6035   5   7   3.2048   3.7734  11.3065  -1.5921   4.0941  -1.2090   0.00    0.0
2014/12/16 13:23:30.000  -12.843692080  131.132752319   120.5858   5   7   3.2023   3.7682  11.2770  -1.5853   4.0860  -1.2020   0.00    0.0
2014/12/16 13:24:00.000  -12.843691488  131.132752289   120.6642   5   7   3.1998   3.7629  11.2459  -1.5783   4.0772  -1.1941   0.00    0.0
2014/12/16 13:24:30.000  -12.843690458  131.132752277   120.5414   5   7   3.1973   3.7575  11.2133  -1.5711   4.0676  -1.1853   0.00    0.0
2014/12/16 13:25:00.000  -12.843690659  131.132753387   120.5179   5   7   3.1950   3.7520  11.1792  -1.5638   4.0574  -1.1755   0.00    0.0
2014/12/16 13:25:30.000  -12.843691236  131.132753388   120.7112   5   7   3.1926   3.7464  11.1436  -1.5564   4.0465  -1.1647   0.00    0.0
2014/12/16 13:26:00.000  -12.843692085  131.132753573   121.1751   5   7   3.1904   3.7408  11.1066  -1.5488   4.0350  -1.1529   0.00    0.0
2014/12/16 13:26:30.000  -12.843692898  131.132752341   121.3569   5   7   3.1882   3.7350  11.0681  -1.5411   4.0229  -1.1401   0.00    0.0
2014/12/16 13:27:00.000  -12.843693244  131.132751852   121.4714   5   7   3.1860   3.7292  11.0283  -1.5332   4.0101  -1.1263   0.00    0.0
2014/12/16 13:27:30.000  -12.843692106  131.132751148   121.1989   5   7   3.1840   3.7233  10.9872  -1.5251   3.9968  -1.1114   0.00    0.0
2014/12/16 13:28:00.000  -12.843690703  131.132751573   120.7335   5   7   3.1820   3.7174  10.9449  -1.5170   3.9829  -1.0955   0.00    0.0
2014/12/16 13:28:30.000  -12.843689652  131.132752342   120.6449   5   7   3.1800   3.7114  10.9013  -1.5086   3.9685  -1.0784   0.00    0.0
2014/12/16 13:29:00.000  -12.843689650  131.132751427   120.7329   5   7   3.1781   3.7054  10.8565  -1.5001   3.9536  -1.0602   0.00    0.0
2014/12/16 13:29:30.000  -12.843689930  131.132751113   120.8799   5   7   3.1763   3.6992  10.8106  -1.4915   3.9383  -1.0408   0.00    0.0
2014/12/16 13:30:00.000  -12.843689949  131.132751811   121.2148   5   7   3.1746   3.6931  10.7636  -1.4827   3.9224  -1.0202   0.00    0.0
2014/12/16 13:30:30.000  -12.843690103  131.132751786   121.3160   5   7   3.1729   3.6869  10.7156  -1.4738   3.9061  -0.9984   0.00    0.0
2014/12/16 13:31:00.000  -12.843691394  131.132752435   121.1423   5   7   3.1713   3.6807  10.6666  -1.4647   3.8894  -0.9752   0.00    0.0
2014/12/16 13:31:30.000  -12.843691781  131.132752051   121.0047   5   7   3.1697   3.6745  10.6167  -1.4555   3.8723  -0.9506   0.00    0.0
2014/12/16 13:32:00.000  -12.843690898  131.132750983   120.4987   5   7   3.1682   3.6682  10.5659  -1.4461   3.8549  -0.9246   0.00    0.0
2014/12/16 13:32:30.000  -12.843690263  131.132749889   120.6183   5   7   3.1668   3.6619  10.5143  -1.4365   3.8371  -0.8969   0.00    0.0
2014/12/16 13:33:00.000  -12.843689957  131.132751137   120.9450   5   7   3.1655   3.6556  10.4618  -1.4268   3.8190  -0.8676   0.00    0.0
2014/12/16 13:33:30.000  -12.843690303  131.132752362   121.5421   5   7   3.1642   3.6493  10.4087  -1.4170   3.8007  -0.8365   0.00    0.0
2014/12/16 13:34:00.000  -12.843690837  131.132753736   122.0122   5   7   3.1630   3.6430  10.3549  -1.4070   3.7820  -0.8033   0.00    0.0
2014/12/16 13:34:30.000  -12.843691373  131.132752514   122.1015   5   7   3.1618   3.6366  10.3004  -1.3969   3.7631  -0.7679   0.00    0.0
2014/12/16 13:35:00.000  -12.843691453  131.132752306   122.2075   5   7   3.1608   3.6303  10.2454  -1.3866   3.7440  -0.7300   0.00    0.0
2014/12/16 13:35:30.000  -12.843705986  131.132780617   131.5286   5   8   3.0283   3.0763   8.5509  -0.4070   1.8046   2.1270   0.00    0.0
2014/12/16 13:36:00.000  -12.843705543  131.132778992   130.9667   5   8   3.0284   3.0710   8.5205  -0.3832   1.7996   2.1241   0.00    0.0
2014/12/16 13:36:30.000  -12.843705529  131.132778679   130.5283   5   8   3.0287   3.0658   8.4896  -0.3578   1.7946   2.1214   0.00    0.0
2014/12/16 13:37:00.000  -12.843704508  131.132777824   130.3473   5   8   3.0290   3.0606   8.4583  -0.3303   1.7896   2.1188   0.00    0.0
2014/12/16 13:37:30.000  -12.843718552  131.132764688   135.5251   5   7   3.4153   3.3124   9.9006   1.3881  -1.8611  -1.9277   0.00    0.0
2014/12/16 13:38:00.000  -12.843717235  131.132764056   134.8795   5   7   3.4185   3.3056   9.8781   1.3945  -1.8615  -1.9419   0.00    0.0
2014/12/16 13:38:30.000  -12.843716443  131.132764459   134.6064   5   7   3.4218   3.2989   9.8548   1.4010  -1.8614  -1.9552   0.00    0.0
2014/12/16 13:39:00.000  -12.843715670  131.132764306   134.4388   5   7   3.4252   3.2922   9.8305   1.4075  -1.8610  -1.9677   0.00    0.0
2014/12/16 13:39:30.000  -12.843713584  131.132763684   133.7340   5   7   3.4287   3.2856   9.8053   1.4140  -1.8602  -1.9795   0.00    0.0
2014/12/16 13:40:00.000  -12.843712924  131.132763357   133.3689   5   7   3.4323   3.2791   9.7792   1.4205  -1.8589  -1.9905   0.00    0.0
2014/12/16 13:40:30.000  -12.843713198  131.132763686   133.3078   5   7   3.4359   3.2726   9.7522   1.4270  -1.8572  -2.0007   0.00    0.0
2014/12/16 13:41:00.000  -12.843712916  131.132763578   132.9582   5   7   3.4397   3.2662   9.7244   1.4335  -1.8551  -2.0102   0.00    0.0
2014/12/16 13:41:30.000  -12.843712454  131.132762527   132.7867   5   7   3.4435   3.2599   9.6957   1.4400  -1.8526  -2.0189   0.00    0.0
2014/12/16 13:42:00.000  -12.843711840  131.132761887   132.8715   5   7   3.4475   3.2536   9.6663   1.4465  -1.8496  -2.0268   0.00    0.0
2014/12/16 13:42:30.000  -12.843712409  131.132761922   132.8932   5   7   3.4515   3.2474   9.6360   1.4530  -1.8462  -2.0341   0.00    0.0
2014/12/16 13:43:00.000  -12.843712524  131.132761810   132.6743   5   7   3.4556   3.2412   9.6049   1.4595  -1.8424  -2.0406   0.00    0.0
2014/12/16 13:43:30.000  -12.843712064  131.132761556   132.4216   5   7   3.4597   3.2351   9.5731   1.4660  -1.8382  -2.0463   0.00    0.0
2014/12/16 13:44:00.000  -12.843711136  131.132760466   132.3695   5   7   3.4640   3.2291   9.5406   1.4725  -1.8335  -2.0514   0.00    0.0
2014/12/16 13:44:30.000  -12.843710064  131.132759986   132.1349   5   7   3.4683   3.2231   9.5074   1.4790  -1.8284  -2.0558   0.00    0.0
2014/12/16 13:45:00.000  -12.843709143  131.132759922   131.9186   5   7   3.4727   3.2172   9.4734   1.4855  -1.8229  -2.0594   0.00    0.0
2014/12/16 13:45:30.000  -12.843708370  131.132759369   131.8324   5   7   3.4772   3.2113   9.4389   1.4920  -1.8169  -2.0624   0.00    0.0
2014/12/16 13:46:00.000  -12.843709349  131.132758930   131.7093   5   7   3.4818   3.2055   9.4036   1.4984  -1.8105  -2.0647   0.00    0.0
2014/12/16 13:46:30.000  -12.843708754  131.132758165   131.3475   5   7   3.4864   3.1997   9.3678   1.5049  -1.8037  -2.0663   0.00    0.0
2014/12/16 13:47:00.000  -12.843709059  131.132757720   131.2558   5   7   3.4912   3.1941   9.3314   1.5113  -1.7965  -2.0673   0.00    0.0
2014/12/16 13:47:30.000  -12.843708805  131.132757281   131.2910   5   7   3.4959   3.1884   9.2945   1.5178  -1.7889  -2.0676   0.00    0.0
2014/12/16 13:48:00.000  -12.843708315  131.132757657   131.0303   5   7   3.5008   3.1828   9.2570   1.5242  -1.7808  -2.0673   0.00    0.0
2014/12/16 13:48:30.000  -12.843707668  131.132757247   130.7579   5   7   3.5057   3.1773   9.2190   1.5306  -1.7723  -2.0663   0.00    0.0
2014/12/16 13:49:00.000  -12.843707802  131.132758160   130.4789   5   7   3.5107   3.1718   9.1805   1.5371  -1.7635  -2.0647   0.00    0.0
2014/12/16 13:49:30.000  -12.843707385  131.132757930   130.5271   5   7   3.5158   3.1664   9.1416   1.5435  -1.7542  -2.0625   0.00    0.0
2014/12/16 13:50:00.000  -12.843707527  131.132757707   130.6269   5   7   3.5210   3.1611   9.1023   1.5499  -1.7444  -2.0597   0.00    0.0
2014/12/16 13:50:30.000  -12.843707467  131.132757864   130.5221   5   7   3.5262   3.1557   9.0625   1.5563  -1.7343  -2.0562   0.00    0.0
2014/12/16 13:51:00.000  -12.843707414  131.132757729   130.2277   5   7   3.5315   3.1505   9.0224   1.5627  -1.7238  -2.0522   0.00    0.0
2014/12/16 13:51:30.000  -12.843707047  131.132757623   130.1087   5   7   3.5369   3.1453   8.9819   1.5691  -1.7129  -2.0476   0.00    0.0
2014/12/16 13:52:00.000  -12.843711868  131.132753930   127.9959   5   8   3.4167   3.0635   8.1878   1.3555  -2.3179  -2.7441   0.00    0.0
2014/12/16 13:52:30.000  -12.843711358  131.132753764   127.9859   5   8   3.4192   3.0569   8.1629   1.3578  -2.3073  -2.7394   0.00    0.0
2014/12/16 13:53:00.000  -12.843710369  131.132754020   128.1762   5   8   3.4218   3.0503   8.1375   1.3601  -2.2963  -2.7343   0.00    0.0
2014/12/16 13:53:30.000  -12.843709507  131.132754405   128.2597   5   8   3.4243   3.0437   8.1116   1.3622  -2.2850  -2.7288   0.00    0.0
2014/12/16 13:54:00.000  -12.843709797  131.132754790   128.5555   5   8   3.4268   3.0371   8.0854   1.3643  -2.2734  -2.7227   0.00    0.0
2014/12/16 13:54:30.000  -12.843710734  131.132753984   128.7462   5   8   3.4294   3.0306   8.0588   1.3662  -2.2615  -2.7162   0.00    0.0
2014/12/16 13:55:00.000  -12.843710484  131.132753556   128.4967   5   8   3.4319   3.0240   8.0318   1.3681  -2.2492  -2.7093   0.00    0.0
2014/12/16 13:55:30.000  -12.843710027  131.132754093   128.2570   5   8   3.4343   3.0175   8.0044   1.3698  -2.2366  -2.7019   0.00    0.0
2014/12/16 13:56:00.000  -12.843710204  131.132754126   128.1438   5   8   3.4368   3.0111   7.9767   1.3715  -2.2237  -2.6941   0.00    0.0
2014/12/16 13:56:30.000  -12.843709773  131.132753268   128.0287   5   8   3.4393   3.0046   7.9486   1.3730  -2.2105  -2.6858   0.00    0.0
2014/12/16 13:57:00.000  -12.843709019  131.132752227   127.8333   5   8   3.4417   2.9982   7.9202   1.3745  -2.1970  -2.6771   0.00    0.0
2014/12/16 13:57:30.000  -12.843709461  131.132752298   127.9481   5   8   3.4442   2.9917   7.8916   1.3759  -2.1832  -2.6680   0.00    0.0
2014/12/16 13:58:00.000  -12.843708701  131.132752818   127.8599   5   8   3.4466   2.9853   7.8627   1.3772  -2.1691  -2.6584   0.00    0.0
2014/12/16 13:58:30.000  -12.843708776  131.132752761   127.8310   5   8   3.4490   2.9790   7.8335   1.3784  -2.1547  -2.6484   0.00    0.0
2014/12/16 13:59:00.000  -12.843710040  131.132752681   127.8913   5   8   3.4514   2.9726   7.8041   1.3796  -2.1400  -2.6381   0.00    0.0
2014/12/16 13:59:30.000  -12.843709778  131.132752689   128.2351   5   8   3.4538   2.9663   7.7744   1.3807  -2.1250  -2.6273   0.00    0.0
2014/12/16 14:00:00.000  -12.843707534  131.132754562   127.6804   5   8   3.4562   2.9600   7.7446   1.3816  -2.1097  -2.6161   0.00    0.0
2014/12/16 14:00:30.000  -12.843707397  131.132755063   127.7444   5   8   3.4586   2.9537   7.7146   1.3826  -2.0942  -2.6045   0.00    0.0
2014/12/16 14:01:00.000  -12.843708684  131.132754679   127.7441   5   8   3.4609   2.9475   7.6844   1.3834  -2.0784  -2.5926   0.00    0.0
2014/12/16 14:01:30.000  -12.843707922  131.132755302   127.5157   5   8   3.4633   2.9412   7.6540   1.3842  -2.0622  -2.5803   0.00    0.0
2014/12/16 14:02:00.000  -12.843707313  131.132754429   127.4683   5   8   3.4656   2.9350   7.6236   1.3849  -2.0459  -2.5675   0.00    0.0
2014/12/16 14:02:30.000  -12.843707199  131.132753327   127.4454   5   8   3.4680   2.9289   7.5930   1.3855  -2.0292  -2.5545   0.00    0.0
2014/12/16 14:03:00.000  -12.843707043  131.132752715   127.5053   5   8   3.4703   2.9227   7.5623   1.3861  -2.0123  -2.5410   0.00    0.0
2014/12/16 14:03:30.000  -12.843707321  131.132752654   127.6005   5   8   3.4726   2.9166   7.5315   1.3867  -1.9951  -2.5272   0.00    0.0
2014/12/16 14:04:00.000  -12.843706632  131.132753255   127.5327   5   8   3.4749   2.9105   7.5007   1.3871  -1.9776  -2.5131   0.00    0.0
2014/12/16 14:04:30.000  -12.843706314  131.132752804   127.5752   5   8   3.4772   2.9045   7.4698   1.3875  -1.9599  -2.4985   0.00    0.0
2014/12/16 14:05:00.000  -12.843708033  131.132753101   127.7469   5   8   3.4795   2.8984   7.4388   1.3879  -1.9419  -2.4837   0.00    0.0
2014/12/16 14:05:30.000  -12.843710099  131.132753693   127.5554   5   8   3.4817   2.8924   7.4079   1.3882  -1.9236  -2.4685   0.00    0.0
2014/12/16 14:06:00.000  -12.843710227  131.132754048   127.3515   5   8   3.4840   2.8865   7.3769   1.3885  -1.9051  -2.4530   0.00    0.0
2014/12/16 14:06:30.000  -12.843708618  131.132752895   127.4231   5   8   3.4863   2.8805   7.3459   1.3887  -1.8864  -2.4371   0.00    0.0
2014/12/16 14:07:00.000  -12.843706631  131.132752186   127.1756   5   8   3.4885   2.8746   7.3150   1.3889  -1.8673  -2.4209   0.00    0.0
2014/12/16 14:07:30.000  -12.843707010  131.132752503   127.0798   5   8   3.4907   2.8688   7.2841   1.3891  -1.8480  -2.4044   0.00    0.0
2014/12/16 14:08:00.000  -12.843705918  131.132751396   126.9864   5   8   3.4930   2.8630   7.2532   1.3892  -1.8285  -2.3875   0.00    0.0
2014/12/16 14:08:30.000  -12.843706545  131.132751089   126.9704   5   8   3.4952   2.8572   7.2225   1.3892  -1.8087  -2.3704   0.00    0.0
2014/12/16 14:09:00.000  -12.843707316  131.132751146   126.9581   5   8   3.4974   2.8514   7.1917   1.3893  -1.7886  -2.3529   0.00    0.0
2014/12/16 14:09:30.000  -12.843708222  131.132751490   127.1111   5   8   3.4996   2.8457   7.1611   1.3893  -1.7683  -2.3351   0.00    0.0
2014/12/16 14:10:00.000  -12.843708648  131.132752766   127.1883   5   8   3.5018   2.8400   7.1306   1.3893  -1.7476  -2.3170   0.00    0.0
2014/12/16 14:10:30.000  -12.843709398  131.132753259   127.3107   5   8   3.5040   2.8344   7.1001   1.3893  -1.7268  -2.2986   0.00    0.0
2014/12/16 14:11:00.000  -12.843708890  131.132753768   127.5242   5   8   3.5062   2.8288   7.0698   1.3892  -1.7056  -2.2798   0.00    0.0
2014/12/16 14:11:30.000  -12.843708390  131.132753388   127.5797   5   8   3.5084   2.8232   7.0396   1.3891  -1.6842  -2.2608   0.00    0.0
2014/12/16 14:12:00.000  -12.843708349  131.132753414   127.5801   5   8   3.5105   2.8177   7.0096   1.3890  -1.6625  -2.2415   0.00    0.0
2014/12/16 14:12:30.000  -12.843707427  131.132754150   127.6294   5   8   3.5127   2.8122   6.9797   1.3889  -1.6405  -2.2218   0.00    0.0
2014/12/16 14:13:00.000  -12.843707588  131.132754519   127.4285   5   8   3.5148   2.8067   6.9500   1.3888  -1.6182  -2.2019   0.00    0.0
2014/12/16 14:13:30.000  -12.843707939  131.132754585   127.0114   5   8   3.5170   2.8013   6.9205   1.3887  -1.5956  -2.1816   0.00    0.0
2014/12/16 14:14:00.000  -12.843707815  131.132753893   126.7459   5   8   3.5191   2.7960   6.8911   1.3885  -1.5728  -2.1611   0.00    0.0
2014/12/16 14:14:30.000  -12.843708311  131.132752514   126.9579   5   8   3.5212   2.7907   6.8619   1.3884  -1.5496  -2.1402   0.00    0.0
2014/12/16 14:15:00.000  -12.843708609  131.132752007   127.1954   5   8   3.5233   2.7854   6.8329   1.3882  -1.5260  -2.1190   0.00    0.0
2014/12/16 14:15:30.000  -12.843707526  131.132750848   127.3334   5   8   3.5254   2.7802   6.8041   1.3881  -1.5022  -2.0975   0.00    0.0
2014/12/16 14:16:00.000  -12.843705463  131.132750376   127.2593   5   8   3.5275   2.7750   6.7756   1.3879  -1.4780  -2.0758   0.00    0.0
2014/12/16 14:16:30.000  -12.843704423  131.132751271   127.3322   5   8   3.5295   2.7699   6.7472   1.3877  -1.4534  -2.0536   0.00    0.0
2014/12/16 14:17:00.000  -12.843705041  131.132751988   127.3055   5   8   3.5316   2.7648   6.7191   1.3876  -1.4285  -2.0312   0.00    0.0
2014/12/16 14:17:30.000  -12.843705746  131.132752441   127.3230   5   8   3.5336   2.7597   6.6912   1.3874  -1.4032  -2.0085   0.00    0.0
2014/12/16 14:18:00.000  -12.843706328  131.132753479   127.3749   5   8   3.5356   2.7547   6.6636   1.3873  -1.3775  -1.9854   0.00    0.0
2014/12/16 14:18:30.000  -12.843707077  131.132753160   126.9397   5   8   3.5377   2.7498   6.6362   1.3871  -1.3513  -1.9620   0.00    0.0
2014/12/16 14:19:00.000  -12.843706356  131.132752352   126.8287   5   8   3.5396   2.7449   6.6091   1.3870  -1.3247  -1.9383   0.00    0.0
2014/12/16 14:19:30.000  -12.843706994  131.132751296   127.1360   5   8   3.5416   2.7400   6.5822   1.3868  -1.2976  -1.9142   0.00    0.0
2014/12/16 14:20:00.000  -12.843708460  131.132752219   127.2949   5   8   3.5435   2.7352   6.5556   1.3867  -1.2701  -1.8898   0.00    0.0
2014/12/16 14:20:30.000  -12.843708402  131.132752861   127.3622   5   8   3.5455   2.7305   6.5292   1.3866  -1.2420  -1.8651   0.00    0.0
2014/12/16 14:21:00.000  -12.843707566  131.132752524   127.3475   5   8   3.5474   2.7258   6.5031   1.3865  -1.2133  -1.8399   0.00    0.0
2014/12/16 14:21:30.000  -12.843706235  131.132751732   127.2695   5   8   3.5493   2.7211   6.4773   1.3864  -1.1840  -1.8144   0.00    0.0
2014/12/16 14:22:00.000  -12.843705278  131.132751396   127.2943   5   8   3.5511   2.7165   6.4518   1.3864  -1.1541  -1.7886   0.00    0.0
2014/12/16 14:22:30.000  -12.843706131  131.132751601   127.3938   5   8   3.5529   2.7120   6.4266   1.3863  -1.1235  -1.7623   0.00    0.0
2014/12/16 14:23:00.000  -12.843707588  131.132751920   127.3787   5   8   3.5548   2.7075   6.4016   1.3863  -1.0921  -1.7356   0.00    0.0
2014/12/16 14:23:30.000  -12.843707285  131.132752123   127.3573   5   8   3.5565   2.7031   6.3770   1.3863  -1.0599  -1.7085   0.00    0.0
2014/12/16 14:24:00.000  -12.843707120  131.132752261   127.4185   5   8   3.5583   2.6987   6.3526   1.3863  -1.0268  -1.6810   0.00    0.0
2014/12/16 14:24:30.000  -12.843707386  131.132752146   127.5913   5   8   3.5600   2.6943   6.3286   1.3864  -0.9928  -1.6530   0.00    0.0
2014/12/16 14:25:00.000  -12.843707571  131.132752402   127.6258   5   8   3.5617   2.6901   6.3048   1.3864  -0.9576  -1.6246   0.00    0.0
2014/12/16 14:25:30.000  -12.843707172  131.132752529   127.3158   5   8   3.5633   2.6858   6.2814   1.3865  -0.9212  -1.5957   0.00    0.0
2014/12/16 14:26:00.000  -12.843706606  131.132752715   127.1299   5   8   3.5649   2.6817   6.2582   1.3866  -0.8835  -1.5662   0.00    0.0
2014/12/16 14:26:30.000  -12.843706451  131.132752165   127.0305   5   8   3.5665   2.6776   6.2354   1.3867  -0.8442  -1.5363   0.00    0.0
2014/12/16 14:27:00.000  -12.843706883  131.132752686   127.3384   5   8   3.5680   2.6735   6.2129   1.3869  -0.8031  -1.5058   0.00    0.0
2014/12/16 14:27:30.000  -12.843705159  131.132751451   127.3695   5   8   3.5695   2.6695   6.1907   1.3871  -0.7600  -1.4747   0.00    0.0
2014/12/16 14:28:00.000  -12.843705926  131.132751657   127.4619   5   8   3.5710   2.6656   6.1688   1.3873  -0.7144  -1.4430   0.00    0.0
2014/12/16 14:28:30.000  -12.843706242  131.132752847   127.4455   5   8   3.5724   2.6617   6.1472   1.3876  -0.6659  -1.4106   0.00    0.0
2014/12/16 14:29:00.000  -12.843706467  131.132753172   127.3417   5   8   3.5737   2.6578   6.1259   1.3878  -0.6137  -1.3775   0.00    0.0
2014/12/16 14:29:30.000  -12.843705715  131.132752543   127.2063   5   8   3.5751   2.6541   6.1050   1.3882  -0.5569  -1.3437   0.00    0.0
2014/12/16 14:30:00.000  -12.843704838  131.132751083   127.7435   5   7   3.7635   2.8250   7.0364   0.8841  -1.9236   1.5584   0.00    0.0
2014/12/16 14:30:30.000  -12.843705451  131.132750508   128.1795   5   8   3.1625   2.7281   6.5176  -0.8187  -1.3257   2.8018   0.00    0.0
2014/12/16 14:31:00.000  -12.843705191  131.132750439   128.3487   5   8   3.1636   2.7228   6.5111  -0.8152  -1.3021   2.8089   0.00    0.0
2014/12/16 14:31:30.000  -12.843704884  131.132750796   128.1603   5   8   3.1647   2.7176   6.5046  -0.8115  -1.2780   2.8159   0.00    0.0
2014/12/16 14:32:00.000  -12.843703250  131.132751390   128.0289   5   8   3.1657   2.7124   6.4983  -0.8078  -1.2535   2.8228   0.00    0.0
2014/12/16 14:32:30.000  -12.843702838  131.132751807   128.0112   5   8   3.1667   2.7073   6.4922  -0.8040  -1.2284   2.8296   0.00    0.0
2014/12/16 14:33:00.000  -12.843704066  131.132752266   128.0338   5   8   3.1676   2.7022   6.4862  -0.8000  -1.2027   2.8362   0.00    0.0
2014/12/16 14:33:30.000  -12.843703805  131.132751652   128.1250   5   8   3.1684   2.6972   6.4803  -0.7960  -1.1764   2.8428   0.00    0.0
2014/12/16 14:34:00.000  -12.843702671  131.132751552   128.3747   5   8   3.1692   2.6922   6.4745  -0.7918  -1.1495   2.8492   0.00    0.0
2014/12/16 14:34:30.000  -12.843701940  131.132751917   128.2968   5   8   3.1700   2.6873   6.4689  -0.7876  -1.1219   2.8555   0.00    0.0
2014/12/16 14:35:00.000  -12.843702010  131.132752643   128.0621   5   8   3.1707   2.6824   6.4634  -0.7832  -1.0935   2.8617   0.00    0.0
2014/12/16 14:35:30.000  -12.843701801  131.132752697   127.9840   5   8   3.1713   2.6776   6.4581  -0.7787  -1.0643   2.8678   0.00    0.0
2014/12/16 14:36:00.000  -12.843702108  131.132752927   127.9780   5   8   3.1718   2.6728   6.4528  -0.7741  -1.0343   2.8737   0.00    0.0
2014/12/16 14:36:30.000  -12.843701538  131.132753639   128.0493   5   8   3.1723   2.6681   6.4477  -0.7693  -1.0033   2.8795   0.00    0.0
2014/12/16 14:37:00.000  -12.843700162  131.132753127   128.3536   5   8   3.1727   2.6634   6.4427  -0.7645  -0.9712   2.8851   0.00    0.0
2014/12/16 14:37:30.000  -12.843699632  131.132753142   128.5808   5   8   3.1730   2.6588   6.4379  -0.7595  -0.9380   2.8907   0.00    0.0
2014/12/16 14:38:00.000  -12.843699793  131.132753484   128.4274   5   8   3.1733   2.6542   6.4331  -0.7544  -0.9036   2.8960   0.00    0.0
2014/12/16 14:38:30.000  -12.843699746  131.132753339   128.1491   5   8   3.1735   2.6497   6.4285  -0.7492  -0.8676   2.9013   0.00    0.0
2014/12/16 14:39:00.000  -12.843699588  131.132753954   128.2002   5   8   3.1735   2.6452   6.4240  -0.7438  -0.8301   2.9064   0.00    0.0
2014/12/16 14:39:30.000  -12.843701071  131.132754224   128.1559   5   8   3.1736   2.6408   6.4196  -0.7383  -0.7907   2.9113   0.00    0.0
2014/12/16 14:40:00.000  -12.843699988  131.132753360   128.3074   5   8   3.1735   2.6365   6.4153  -0.7326  -0.7492   2.9161   0.00    0.0
2014/12/16 14:40:30.000  -12.843698912  131.132752490   128.4558   5   8   3.1733   2.6322   6.4111  -0.7268  -0.7051   2.9208   0.00    0.0
2014/12/16 14:41:00.000  -12.843698130  131.132752402   128.2384   5   8   3.1731   2.6279   6.4070  -0.7209  -0.6580   2.9253   0.00    0.0
2014/12/16 14:41:30.000  -12.843698399  131.132753409   128.2090   5   8   3.1727   2.6238   6.4031  -0.7148  -0.6072   2.9296   0.00    0.0
2014/12/16 14:42:00.000  -12.843698404  131.132754106   128.2521   5   8   3.1723   2.6196   6.3992  -0.7086  -0.5515   2.9338   0.00    0.0
2014/12/16 14:42:30.000  -12.843698912  131.132754644   128.2055   5   8   3.1718   2.6156   6.3954  -0.7022  -0.4895   2.9378   0.00    0.0
2014/12/16 14:43:00.000  -12.843697790  131.132754939   128.2703   5   8   3.1712   2.6115   6.3917  -0.6956  -0.4182   2.9417   0.00    0.0
2014/12/16 14:43:30.000  -12.843697397  131.132754144   128.2764   5   8   3.1704   2.6076   6.3881  -0.6889  -0.3318   2.9454   0.00    0.0
2014/12/16 14:44:00.000  -12.843696943  131.132754350   128.3553   5   8   3.1696   2.6037   6.3846  -0.6821  -0.2124   2.9489   0.00    0.0
2014/12/16 14:44:30.000  -12.843697491  131.132754051   128.2895   5   8   3.1687   2.5999   6.3811  -0.6750   0.1413   2.9522   0.00    0.0
2014/12/16 14:45:00.000  -12.843697441  131.132754811   127.9839   5   8   3.1677   2.5961   6.3778  -0.6678   0.2918   2.9554   0.00    0.0
2014/12/16 14:45:30.000  -12.843697178  131.132755072   127.9554   5   8   3.1665   2.5923   6.3745  -0.6604   0.3880   2.9584   0.00    0.0
2014/12/16 14:46:00.000  -12.843697774  131.132754874   128.0677   5   8   3.1653   2.5887   6.3713  -0.6529   0.4647   2.9612   0.00    0.0
2014/12/16 14:46:30.000  -12.843697479  131.132754410   128.3374   5   8   3.1639   2.5851   6.3682  -0.6451   0.5306   2.9638   0.00    0.0
2014/12/16 14:47:00.000  -12.843697212  131.132754006   128.5025   5   8   3.1625   2.5815   6.3651  -0.6372   0.5893   2.9662   0.00    0.0
2014/12/16 14:47:30.000  -12.843698091  131.132754641   128.5494   5   8   3.1609   2.5781   6.3622  -0.6291   0.6428   2.9685   0.00    0.0
2014/12/16 14:48:00.000  -12.843694546  131.132740308   130.9403   5   8   3.1509   2.2924   6.0997  -0.3416   1.6084   2.9003   0.00    0.0
2014/12/16 14:48:30.000  -12.843694850  131.132740710   130.9186   5   8   3.1494   2.2925   6.1000  -0.3375   1.6205   2.9043   0.00    0.0
2014/12/16 14:49:00.000  -12.843695087  131.132742357   130.9193   5   8   3.1479   2.2927   6.1004  -0.3332   1.6327   2.9080   0.00    0.0
2014/12/16 14:49:30.000  -12.843694241  131.132743923   130.8884   5   8   3.1462   2.2929   6.1007  -0.3286   1.6449   2.9115   0.00    0.0
2014/12/16 14:50:00.000  -12.843692355  131.132742866   131.1543   5   8   3.1444   2.2931   6.1011  -0.3236   1.6570   2.9148   0.00    0.0
2014/12/16 14:50:30.000  -12.843691942  131.132742595   131.1953   5   8   3.1424   2.2935   6.1016  -0.3184   1.6693   2.9178   0.00    0.0
2014/12/16 14:51:00.000  -12.843692297  131.132741128   131.4166   5   8   3.1404   2.2938   6.1020  -0.3127   1.6815   2.9207   0.00    0.0
2014/12/16 14:51:30.000  -12.843693284  131.132740773   131.2173   5   8   3.1382   2.2942   6.1024  -0.3067   1.6937   2.9233   0.00    0.0
2014/12/16 14:52:00.000  -12.843694727  131.132741940   131.0295   5   8   3.1358   2.2946   6.1029  -0.3004   1.7060   2.9256   0.00    0.0
2014/12/16 14:52:30.000  -12.843693826  131.132743685   130.9765   5   8   3.1334   2.2951   6.1033  -0.2936   1.7183   2.9278   0.00    0.0
2014/12/16 14:53:00.000  -12.843693640  131.132744257   130.9814   5   8   3.1308   2.2957   6.1038  -0.2865   1.7305   2.9296   0.00    0.0
2014/12/16 14:53:30.000  -12.843693140  131.132746002   130.9744   5   8   3.1281   2.2962   6.1042  -0.2789   1.7428   2.9313   0.00    0.0
2014/12/16 14:54:00.000  -12.843692506  131.132746220   131.1728   5   8   3.1252   2.2969   6.1047  -0.2708   1.7551   2.9327   0.00    0.0
2014/12/16 14:54:30.000  -12.843692017  131.132745159   131.2482   5   8   3.1222   2.2975   6.1051  -0.2622   1.7674   2.9339   0.00    0.0
2014/12/16 14:55:00.000  -12.843692320  131.132744714   131.3544   5   8   3.1191   2.2982   6.1055  -0.2531   1.7798   2.9348   0.00    0.0
2014/12/16 14:55:30.000  -12.843693106  131.132743837   131.5193   5   8   3.1158   2.2990   6.1059  -0.2433   1.7921   2.9355   0.00    0.0
2014/12/16 14:56:00.000  -12.843693810  131.132745071   131.2637   5   8   3.1124   2.2998   6.1063  -0.2329   1.8044   2.9360   0.00    0.0
2014/12/16 14:56:30.000  -12.843694480  131.132745564   131.2785   5   8   3.1088   2.3007   6.1067  -0.2217   1.8168   2.9362   0.00    0.0
2014/12/16 14:57:00.000  -12.843694599  131.132745258   131.3212   5   8   3.1051   2.3015   6.1070  -0.2096   1.8291   2.9361   0.00    0.0
2014/12/16 14:57:30.000  -12.843694317  131.132745500   131.2531   5   8   3.1013   2.3025   6.1073  -0.1966   1.8414   2.9359   0.00    0.0
2014/12/16 14:58:00.000  -12.843694058  131.132746081   131.1134   5   8   3.0974   2.3035   6.1076  -0.1823   1.8538   2.9353   0.00    0.0
2014/12/16 14:58:30.000  -12.843693553  131.132745822   131.0618   5   8   3.0933   2.3045   6.1078  -0.1664   1.8661   2.9345   0.00    0.0
2014/12/16 14:59:00.000  -12.843693910  131.132745846   131.2584   5   8   3.0891   2.3056   6.1080  -0.1486   1.8784   2.9335   0.00    0.0
2014/12/16 14:59:30.000  -12.843694166  131.132745303   131.2757   5   8   3.0847   2.3067   6.1082  -0.1279   1.8908   2.9322   0.00    0.0
2014/12/16 15:00:00.000  -12.843697919  131.132743849   131.6373   5   8   3.0802   2.3079   6.1083  -0.1028   1.9031   2.9307   0.00    0.0
2014/12/16 15:00:30.000  -12.843698482  131.132744977   131.9371   5   8   3.0756   2.3091   6.1084  -0.0685   1.9154   2.9289   0.00    0.0
2014/12/16 15:01:00.000  -12.843709089  131.132740349   129.6986   5   9   2.7363   2.2055   5.2445  -0.9787   1.2494   2.0498   0.00    0.0
2014/12/16 15:01:30.000  -12.843709852  131.132740378   129.9340   5   9   2.7303   2.2059   5.2434  -0.9781   1.2641   2.0452   0.00    0.0
2014/12/16 15:02:00.000  -12.843709610  131.132739971   130.0890   5   9   2.7243   2.2064   5.2423  -0.9774   1.2787   2.0405   0.00    0.0
2014/12/16 15:02:30.000  -12.843709394  131.132740902   130.1586   5   9   2.7182   2.2068   5.2414  -0.9766   1.2932   2.0356   0.00    0.0
2014/12/16 15:03:00.000  -12.843708718  131.132742130   129.9598   5   9   2.7121   2.2074   5.2405  -0.9757   1.3077   2.0306   0.00    0.0
2014/12/16 15:03:30.000  -12.843714300  131.132741746   130.0496   5   9   2.5020   2.2024   5.2303  -1.0543   1.3406   2.1035   0.00    0.0
2014/12/16 15:04:00.000  -12.843714372  131.132741704   130.0427   5   9   2.4982   2.2028   5.2301  -1.0540   1.3546   2.0955   0.00    0.0
2014/12/16 15:04:30.000  -12.843714612  131.132742076   130.1959   5   9   2.4944   2.2033   5.2300  -1.0536   1.3685   2.0874   0.00    0.0
2014/12/16 15:05:00.000  -12.843715370  131.132743975   130.3739   5   9   2.4905   2.2038   5.2299  -1.0532   1.3823   2.0791   0.00    0.0
2014/12/16 15:05:30.000  -12.843715401  131.132743797   130.2147   5   9   2.4865   2.2043   5.2299  -1.0527   1.3961   2.0707   0.00    0.0
2014/12/16 15:06:00.000  -12.843714015  131.132743365   130.2024   5   9   2.4825   2.2048   5.2300  -1.0522   1.4099   2.0621   0.00    0.0
2014/12/16 15:06:30.000  -12.843712889  131.132742911   130.4143   5   9   2.4784   2.2054   5.2301  -1.0516   1.4236   2.0535   0.00    0.0
2014/12/16 15:07:00.000  -12.843713758  131.132743641   130.4151   5   9   2.4742   2.2060   5.2302  -1.0510   1.4373   2.0447   0.00    0.0
2014/12/16 15:07:30.000  -12.843714938  131.132743508   130.5777   5   9   2.4700   2.2067   5.2304  -1.0503   1.4509   2.0358   0.00    0.0
2014/12/16 15:08:00.000  -12.843697726  131.132736573   132.0186   5   9   2.2258   2.1617   5.1681  -0.7924   1.5828   1.8032   0.00    0.0
2014/12/16 15:08:30.000  -12.843697389  131.132736417   131.7575   5   9   2.2225   2.1622   5.1685  -0.7913   1.5956   1.7938   0.00    0.0
2014/12/16 15:09:00.000  -12.843696903  131.132738216   131.7510   5   9   2.2191   2.1626   5.1691  -0.7901   1.6083   1.7842   0.00    0.0
2014/12/16 15:09:30.000  -12.843697086  131.132739429   131.7028   5   9   2.2157   2.1631   5.1697  -0.7889   1.6210   1.7747   0.00    0.0
2014/12/16 15:10:00.000  -12.843697460  131.132739890   131.6608   5   9   2.2123   2.1637   5.1704  -0.7877   1.6337   1.7650   0.00    0.0
2014/12/16 15:10:30.000  -12.843698511  131.132740182   131.8734   5   9   2.2088   2.1643   5.1712  -0.7866   1.6463   1.7553   0.00    0.0
2014/12/16 15:11:00.000  -12.843697875  131.132735119   129.9506   5   9   2.2035   2.1221   4.9492  -0.7599   1.4521   1.7846   0.00    0.0
2014/12/16 15:11:30.000  -12.843697193  131.132734699   129.9013   5   9   2.1997   2.1224   4.9523  -0.7568   1.4664   1.7773   0.00    0.0
2014/12/16 15:12:00.000  -12.843697111  131.132734822   130.0408   5   9   2.1960   2.1227   4.9555  -0.7538   1.4806   1.7699   0.00    0.0
2014/12/16 15:12:30.000  -12.843697252  131.132736192   129.9098   5   9   2.1922   2.1231   4.9588  -0.7507   1.4948   1.7625   0.00    0.0
2014/12/16 15:13:00.000  -12.843697309  131.132735774   130.1569   5   9   2.1884   2.1235   4.9621  -0.7475   1.5088   1.7549   0.00    0.0
2014/12/16 15:13:30.000  -12.843696854  131.132735405   130.1720   5   9   2.1846   2.1239   4.9655  -0.7444   1.5227   1.7473   0.00    0.0
2014/12/16 15:14:00.000  -12.843696668  131.132736305   130.1863   5   9   2.1808   2.1244   4.9690  -0.7412   1.5366   1.7396   0.00    0.0
2014/12/16 15:14:30.000  -12.843698368  131.132736863   129.8035   5   9   2.1769   2.1249   4.9726  -0.7381   1.5504   1.7318   0.00    0.0
2014/12/16 15:15:00.000  -12.843699146  131.132737009   129.4664   5   9   2.1730   2.1255   4.9762  -0.7349   1.5641   1.7240   0.00    0.0
2014/12/16 15:15:30.000  -12.843699282  131.132735344   129.3580   5   9   2.1691   2.1261   4.9798  -0.7317   1.5778   1.7161   0.00    0.0
2014/12/16 15:16:00.000  -12.843699277  131.132734108   129.4104   5   9   2.1651   2.1267   4.9835  -0.7285   1.5913   1.7081   0.00    0.0
2014/12/16 15:16:30.000  -12.843699408  131.132735529   129.5402   5   9   2.1612   2.1274   4.9873  -0.7252   1.6048   1.7000   0.00    0.0
2014/12/16 15:17:00.000  -12.843699256  131.132735996   129.7211   5   9   2.1572   2.1281   4.9912  -0.7220   1.6183   1.6919   0.00    0.0
2014/12/16 15:17:30.000  -12.843698800  131.132736316   129.9726   5   9   2.1532   2.1289   4.9951  -0.7188   1.6316   1.6836   0.00    0.0
2014/12/16 15:18:00.000  -12.843698621  131.132736112   130.0485   5   9   2.1492   2.1297   4.9991  -0.7155   1.6449   1.6754   0.00    0.0
2014/12/16 15:18:30.000  -12.843699472  131.132737643   129.7276   5   9   2.1452   2.1305   5.0031  -0.7122   1.6581   1.6670   0.00    0.0
2014/12/16 15:19:00.000  -12.843698547  131.132737206   129.2933   5   9   2.1412   2.1314   5.0072  -0.7089   1.6712   1.6586   0.00    0.0
2014/12/16 15:19:30.000  -12.843702118  131.132739039   127.7138   5   9   2.1027   2.1256   4.7891  -0.6582   1.7568   1.4694   0.00    0.0
2014/12/16 15:20:00.000  -12.843701996  131.132738992   128.0096   5   9   2.0986   2.1268   4.7944  -0.6554   1.7681   1.4601   0.00    0.0
2014/12/16 15:20:30.000  -12.843701371  131.132739681   128.1087   5   9   2.0944   2.1280   4.7998  -0.6525   1.7793   1.4508   0.00    0.0
2014/12/16 15:21:00.000  -12.843701786  131.132740467   128.1160   5   9   2.0902   2.1292   4.8053  -0.6497   1.7905   1.4414   0.00    0.0
2014/12/16 15:21:30.000  -12.843701691  131.132740249   128.2242   5   9   2.0861   2.1305   4.8109  -0.6468   1.8016   1.4320   0.00    0.0
2014/12/16 15:22:00.000  -12.843701625  131.132739306   128.0951   5   9   2.0819   2.1318   4.8166  -0.6439   1.8127   1.4226   0.00    0.0
2014/12/16 15:22:30.000  -12.843702011  131.132739211   128.2759   5   9   2.0777   2.1331   4.8223  -0.6411   1.8238   1.4131   0.00    0.0
2014/12/16 15:23:00.000  -12.843702220  131.132738621   128.0272   5   9   2.0736   2.1345   4.8281  -0.6382   1.8348   1.4036   0.00    0.0
2014/12/16 15:23:30.000  -12.843699640  131.132742930   127.5988   5   9   2.0637   2.1001   4.8249  -0.6807   1.8768   1.4103   0.00    0.0
2014/12/16 15:24:00.000  -12.843699498  131.132743552   127.6192   5   9   2.0598   2.1020   4.8303  -0.6765   1.8884   1.4009   0.00    0.0
2014/12/16 15:24:30.000  -12.843700487  131.132740099   128.1648   5   8   2.0793   2.3343   5.1919  -0.3709   1.3031   1.1612   0.00    0.0
2014/12/16 15:25:00.000  -12.843701200  131.132740318   128.0447   5   8   2.0765   2.3322   5.1997  -0.3581   1.3235   1.1435   0.00    0.0
2014/12/16 15:25:30.000  -12.843702192  131.132739881   128.0592   5   8   2.0736   2.3301   5.2076  -0.3452   1.3435   1.1255   0.00    0.0
2014/12/16 15:26:00.000  -12.843689802  131.132730554   124.4091   5   7   2.3636   2.4982   6.0653  -1.0691   2.1596  -1.5174   0.00    0.0
2014/12/16 15:26:30.000  -12.843689550  131.132731409   124.4865   5   7   2.3645   2.4980   6.0990  -1.0704   2.1857  -1.5570   0.00    0.0
2014/12/16 15:27:00.000  -12.843690684  131.132730944   124.2140   5   7   2.3656   2.4979   6.1334  -1.0720   2.2120  -1.5964   0.00    0.0
2014/12/16 15:27:30.000  -12.843691183  131.132731133   124.4258   5   7   2.3667   2.4980   6.1687  -1.0739   2.2383  -1.6356   0.00    0.0
2014/12/16 15:28:00.000  -12.843691020  131.132730881   124.6136   5   7   2.3680   2.4982   6.2049  -1.0762   2.2647  -1.6746   0.00    0.0
2014/12/16 15:28:30.000  -12.843690752  131.132730703   124.7381   5   7   2.3695   2.4986   6.2420  -1.0787   2.2913  -1.7135   0.00    0.0
2014/12/16 15:29:00.000  -12.843690202  131.132730311   124.7098   5   7   2.3711   2.4991   6.2801  -1.0817   2.3180  -1.7523   0.00    0.0
2014/12/16 15:29:30.000  -12.843686425  131.132737564   127.1939   5   7   2.3402   2.3871   5.8471  -1.2117   1.9287  -2.0365   0.00    0.0
2014/12/16 15:30:00.000  -12.843686292  131.132738126   127.3122   5   7   2.3429   2.3875   5.8905  -1.2137   1.9605  -2.0677   0.00    0.0
2014/12/16 15:30:30.000  -12.843685589  131.132737797   127.0614   5   7   2.3458   2.3880   5.9349  -1.2160   1.9925  -2.0992   0.00    0.0
2014/12/16 15:31:00.000  -12.843686124  131.132737000   126.8086   5   7   2.3489   2.3888   5.9803  -1.2187   2.0246  -2.1309   0.00    0.0
2014/12/16 15:31:30.000  -12.843686966  131.132735912   126.8732   5   7   2.3520   2.3897   6.0268  -1.2216   2.0569  -2.1629   0.00    0.0
2014/12/16 15:32:00.000  -12.843687571  131.132736350   127.1699   5   7   2.3554   2.3908   6.0744  -1.2249   2.0894  -2.1952   0.00    0.0
2014/12/16 15:32:30.000  -12.843688726  131.132733945   125.5863   5   8   2.3588   2.2873   5.5925  -1.2358   1.6602  -2.2421   0.00    0.0
2014/12/16 15:33:00.000  -12.843692249  131.132743952   126.8273   5   8   2.3518   2.1387   5.5419  -1.1621   1.4267  -2.2206   0.00    0.0
2014/12/16 15:33:30.000  -12.843691689  131.132742635   126.7359   5   8   2.3559   2.1384   5.5821  -1.1656   1.4578  -2.2506   0.00    0.0
2014/12/16 15:34:00.000  -12.843692111  131.132742592   126.8648   5   8   2.3601   2.1383   5.6233  -1.1694   1.4889  -2.2809   0.00    0.0
2014/12/16 15:34:30.000  -12.843692217  131.132742863   127.0236   5   8   2.3646   2.1382   5.6655  -1.1734   1.5200  -2.3115   0.00    0.0
2014/12/16 15:35:00.000  -12.843691662  131.132742732   127.1232   5   8   2.3692   2.1383   5.7086  -1.1776   1.5511  -2.3424   0.00    0.0
2014/12/16 15:35:30.000  -12.843691833  131.132741848   127.2754   5   8   2.3739   2.1385   5.7528  -1.1820   1.5822  -2.3735   0.00    0.0
2014/12/16 15:36:00.000  -12.843691703  131.132742005   127.2974   5   8   2.3788   2.1389   5.7980  -1.1867   1.6134  -2.4049   0.00    0.0
2014/12/16 15:36:30.000  -12.843691303  131.132741797   127.1935   5   8   2.3839   2.1394   5.8443  -1.1917   1.6447  -2.4367   0.00    0.0
2014/12/16 15:37:00.000  -12.843691350  131.132747488   129.4115   5   8   2.3892   2.0782   5.4897  -1.1989   1.3105  -2.4729   0.00    0.0
2014/12/16 15:37:30.000  -12.843691775  131.132748029   129.4991   5   8   2.3946   2.0778   5.5362  -1.2030   1.3441  -2.5024   0.00    0.0
2014/12/16 15:38:00.000  -12.843692212  131.132746939   129.2667   5   8   2.4002   2.0775   5.5839  -1.2073   1.3777  -2.5323   0.00    0.0
2014/12/16 15:38:30.000  -12.843691348  131.132746988   129.1339   5   8   2.4060   2.0774   5.6326  -1.2118   1.4113  -2.5626   0.00    0.0
2014/12/16 15:39:00.000  -12.843689939  131.132747777   129.0096   5   8   2.4120   2.0773   5.6825  -1.2166   1.4449  -2.5933   0.00    0.0
2014/12/16 15:39:30.000  -12.843689660  131.132747191   128.5726   5   8   2.4181   2.0775   5.7335  -1.2216   1.4785  -2.6243   0.00    0.0
2014/12/16 15:40:00.000  -12.843690957  131.132746950   128.8112   5   8   2.4245   2.0777   5.7857  -1.2269   1.5123  -2.6558   0.00    0.0
2014/12/16 15:40:30.000  -12.843692861  131.132745768   128.7413   5   8   2.4310   2.0781   5.8391  -1.2325   1.5462  -2.6876   0.00    0.0
2014/12/16 15:41:00.000  -12.843693465  131.132744391   128.8623   5   8   2.4377   2.0787   5.8937  -1.2383   1.5802  -2.7199   0.00    0.0
2014/12/16 15:41:30.000  -12.843692733  131.132744723   128.5679   5   8   2.4446   2.0794   5.9495  -1.2444   1.6144  -2.7526   0.00    0.0
2014/12/16 15:42:00.000  -12.843692525  131.132744025   128.4233   5   8   2.4517   2.0803   6.0066  -1.2508   1.6488  -2.7858   0.00    0.0
2014/12/16 15:42:30.000  -12.843694353  131.132745371   128.7025   5   8   2.4590   2.0813   6.0651  -1.2574   1.6835  -2.8194   0.00    0.0
2014/12/16 15:43:00.000  -12.843695127  131.132745414   128.7976   5   8   2.4665   2.0825   6.1248  -1.2644   1.7183  -2.8535   0.00    0.0
2014/12/16 15:43:30.000  -12.843694436  131.132745731   128.9496   5   8   2.4742   2.0838   6.1859  -1.2716   1.7535  -2.8881   0.00    0.0
2014/12/16 15:44:00.000  -12.843693963  131.132746509   129.0905   5   8   2.4821   2.0854   6.2484  -1.2791   1.7890  -2.9232   0.00    0.0
2014/12/16 15:44:30.000  -12.843693692  131.132745667   129.4414   5   8   2.4903   2.0871   6.3124  -1.2870   1.8247  -2.9587   0.00    0.0
2014/12/16 15:45:00.000  -12.843694120  131.132745108   129.8224   5   8   2.4987   2.0890   6.3777  -1.2952   1.8608  -2.9948   0.00    0.0
2014/12/16 15:45:30.000  -12.843694991  131.132746959   130.2436   5   8   2.5073   2.0910   6.4446  -1.3036   1.8973  -3.0315   0.00    0.0
2014/12/16 15:46:00.000  -12.843694717  131.132748278   130.1890   5   8   2.5161   2.0933   6.5129  -1.3124   1.9342  -3.0686   0.00    0.0
2014/12/16 15:46:30.000  -12.843693925  131.132748993   130.1959   5   8   2.5252   2.0957   6.5828  -1.3216   1.9715  -3.1064   0.00    0.0
2014/12/16 15:47:00.000  -12.843693944  131.132749141   130.1104   5   8   2.5345   2.0984   6.6543  -1.3310   2.0092  -3.1446   0.00    0.0
2014/12/16 15:47:30.000  -12.843694495  131.132749543   130.5049   5   8   2.5441   2.1013   6.7273  -1.3408   2.0473  -3.1835   0.00    0.0
2014/12/16 15:48:00.000  -12.843695327  131.132749459   130.5541   5   8   2.5539   2.1044   6.8020  -1.3510   2.0859  -3.2229   0.00    0.0
2014/12/16 15:48:30.000  -12.843696180  131.132749951   130.6114   5   8   2.5640   2.1077   6.8783  -1.3615   2.1251  -3.2629   0.00    0.0
2014/12/16 15:49:00.000  -12.843695936  131.132749849   130.6515   5   8   2.5743   2.1112   6.9563  -1.3723   2.1647  -3.3036   0.00    0.0
2014/12/16 15:49:30.000  -12.843695163  131.132748800   130.4667   5   8   2.5848   2.1150   7.0361  -1.3836   2.2048  -3.3448   0.00    0.0
2014/12/16 15:50:00.000  -12.843696173  131.132748162   130.1359   5   8   2.5957   2.1190   7.1175  -1.3951   2.2455  -3.3867   0.00    0.0
2014/12/16 15:50:30.000  -12.843696908  131.132747933   130.0653   5   8   2.6068   2.1233   7.2007  -1.4071   2.2868  -3.4291   0.00    0.0
2014/12/16 15:51:00.000  -12.843695781  131.132746046   129.5082   5   8   2.6181   2.1278   7.2858  -1.4194   2.3286  -3.4723   0.00    0.0
2014/12/16 15:51:30.000  -12.843695441  131.132745173   129.1501   5   8   2.6298   2.1326   7.3726  -1.4321   2.3711  -3.5160   0.00    0.0
2014/12/16 15:52:00.000  -12.843695829  131.132746084   129.0120   5   8   2.6417   2.1376   7.4613  -1.4452   2.4142  -3.5604   0.00    0.0
2014/12/16 15:52:30.000  -12.843695857  131.132745948   128.9893   5   8   2.6538   2.1430   7.5518  -1.4587   2.4579  -3.6054   0.00    0.0
2014/12/16 15:53:00.000  -12.843696318  131.132745466   129.0483   5   8   2.6663   2.1486   7.6442  -1.4725   2.5022  -3.6511   0.00    0.0
2014/12/16 15:53:30.000  -12.843696476  131.132745200   129.0664   5   8   2.6789   2.1545   7.7384  -1.4868   2.5472  -3.6974   0.00    0.0
2014/12/16 15:54:00.000  -12.843697161  131.132745392   128.9725   5   8   2.6919   2.1607   7.8346  -1.5014   2.5929  -3.7444   0.00    0.0
2014/12/16 15:54:30.000  -12.843697124  131.132745806   129.3409   5   8   2.7051   2.1672   7.9326  -1.5164   2.6392  -3.7919   0.00    0.0
2014/12/16 15:55:00.000  -12.843696618  131.132746118   129.2546   5   8   2.7186   2.1740   8.0326  -1.5318   2.6863  -3.8402   0.00    0.0
2014/12/16 15:55:30.000  -12.843696605  131.132744706   129.1852   5   8   2.7323   2.1812   8.1345  -1.5476   2.7340  -3.8890   0.00    0.0
2014/12/16 15:56:00.000  -12.843697144  131.132744428   129.0704   5   8   2.7463   2.1887   8.2382  -1.5638   2.7825  -3.9384   0.00    0.0
2014/12/16 15:56:30.000  -12.843698912  131.132745524   129.4818   5   8   2.7604   2.1965   8.3439  -1.5803   2.8316  -3.9885   0.00    0.0
2014/12/16 15:57:00.000  -12.843699428  131.132746146   129.9474   5   8   2.7749   2.2046   8.4514  -1.5972   2.8815  -4.0391   0.00    0.0
2014/12/16 15:57:30.000  -12.843699478  131.132747332   130.3464   5   8   2.7895   2.2131   8.5608  -1.6145   2.9321  -4.0902   0.00    0.0
2014/12/16 15:58:00.000  -12.843699665  131.132748128   130.6308   5   8   2.8043   2.2219   8.6719  -1.6321   2.9833  -4.1419   0.00    0.0
2014/12/16 15:58:30.000  -12.843701268  131.132749250   131.2959   5   8   2.8194   2.2311   8.7848  -1.6501   3.0353  -4.1940   0.00    0.0
2014/12/16 15:59:00.000  -12.843702404  131.132749019   131.4992   5   8   2.8346   2.2407   8.8994  -1.6685   3.0879  -4.2466   0.00    0.0
2014/12/16 15:59:30.000  -12.843702859  131.132749716   131.8036   5   8   2.8499   2.2506   9.0157  -1.6871   3.1412  -4.2997   0.00    0.0
2014/12/16 16:00:00.000  -12.843698171  131.132751841   131.1282   5   8   3.1880   2.2984   9.4535  -1.5273   3.0372  -4.7174   0.00    0.0
2014/12/16 16:00:30.000  -12.843698545  131.132751505   130.9258   5   8   3.1992   2.3088   9.5648  -1.5500   3.0944  -4.7642   0.00    0.0
2014/12/16 16:01:00.000  -12.843698659  131.132752136   130.9129   5   8   3.2104   2.3196   9.6773  -1.5730   3.1523  -4.8112   0.00    0.0
2014/12/16 16:01:30.000  -12.843697710  131.132750911   130.9865   5   8   3.2215   2.3309   9.7910  -1.5961   3.2108  -4.8582   0.00    0.0
2014/12/16 16:02:00.000  -12.843697955  131.132750081   131.3930   5   8   3.2325   2.3426   9.9058  -1.6195   3.2700  -4.9052   0.00    0.0
2014/12/16 16:02:30.000  -12.843697780  131.132750149   131.4291   5   8   3.2435   2.3547  10.0215  -1.6430   3.3297  -4.9522   0.00    0.0
2014/12/16 16:03:00.000  -12.843697745  131.132749701   131.0572   5   8   3.2543   2.3673  10.1381  -1.6667   3.3900  -4.9991   0.00    0.0
2014/12/16 16:03:30.000  -12.843697930  131.132749147   130.8953   5   8   3.2650   2.3803  10.2555  -1.6905   3.4508  -5.0459   0.00    0.0
2014/12/16 16:04:00.000  -12.843699252  131.132749410   131.2348   5   8   3.2754   2.3937  10.3735  -1.7144   3.5121  -5.0923   0.00    0.0
2014/12/16 16:04:30.000  -12.843699334  131.132747904   131.2320   5   8   3.2857   2.4076  10.4919  -1.7383   3.5738  -5.1385   0.00    0.0
2014/12/16 16:05:00.000  -12.843700933  131.132748646   131.6613   5   8   3.2956   2.4219  10.6107  -1.7623   3.6360  -5.1843   0.00    0.0
2014/12/16 16:05:30.000  -12.843702965  131.132749164   132.0936   5   8   3.3053   2.4367  10.7296  -1.7863   3.6985  -5.2295   0.00    0.0
2014/12/16 16:06:00.000  -12.843704057  131.132750034   132.6776   5   8   3.3146   2.4519  10.8485  -1.8102   3.7612  -5.2742   0.00    0.0
2014/12/16 16:06:30.000  -12.843702580  131.132749609   132.3050   5   8   3.3235   2.4675  10.9672  -1.8340   3.8241  -5.3181   0.00    0.0
2014/12/16 16:07:00.000  -12.843702832  131.132750700   132.7934   5   8   3.3319   2.4835  11.0854  -1.8577   3.8872  -5.3613   0.00    0.0
2014/12/16 16:07:30.000  -12.843703359  131.132750265   132.5520   5   8   3.3399   2.4998  11.2029  -1.8812   3.9503  -5.4035   0.00    0.0
2014/12/16 16:08:00.000  -12.843704322  131.132750645   132.5099   5   8   3.3473   2.5166  11.3196  -1.9045   4.0134  -5.4447   0.00    0.0
2014/12/16 16:08:30.000  -12.843705199  131.132750654   132.8555   5   8   3.3542   2.5337  11.4350  -1.9274   4.0764  -5.4847   0.00    0.0
2014/12/16 16:09:00.000  -12.843707016  131.132751617   133.2450   5   8   3.3604   2.5511  11.5491  -1.9501   4.1391  -5.5233   0.00    0.0
2014/12/16 16:09:30.000  -12.843707526  131.132752383   133.6465   5   8   3.3659   2.5688  11.6614  -1.9723   4.2015  -5.5606   0.00    0.0
2014/12/16 16:10:00.000  -12.843707574  131.132752777   134.1853   5   8   3.3707   2.5867  11.7718  -1.9941   4.2634  -5.5962   0.00    0.0
2014/12/16 16:10:30.000  -12.843706323  131.132752395   133.6821   5   8   3.3746   2.6049  11.8798  -2.0153   4.3247  -5.6302   0.00    0.0
2014/12/16 16:11:00.000  -12.843705037  131.132751400   133.0690   5   8   3.3777   2.6233  11.9853  -2.0359   4.3854  -5.6623   0.00    0.0
2014/12/16 16:11:30.000  -12.843704775  131.132750848   133.2025   5   8   3.3799   2.6419  12.0878  -2.0559   4.4452  -5.6924   0.00    0.0
2014/12/16 16:12:00.000  -12.843705462  131.132750603   133.4141   5   8   3.3811   2.6605  12.1872  -2.0752   4.5041  -5.7203   0.00    0.0
2014/12/16 16:12:30.000  -12.843705904  131.132751230   133.7844   5   8   3.3813   2.6792  12.2829  -2.0937   4.5619  -5.7459   0.00    0.0
2014/12/16 16:13:00.000  -12.843706206  131.132751452   133.8199   5   8   3.3805   2.6980  12.3748  -2.1113   4.6184  -5.7692   0.00    0.0
2014/12/16 16:13:30.000  -12.843706886  131.132753562   134.0357   5   8   3.3785   2.7167  12.4625  -2.1280   4.6736  -5.7898   0.00    0.0
2014/12/16 16:14:00.000  -12.843706718  131.132754435   134.4677   5   8   3.3754   2.7354  12.5457  -2.1437   4.7273  -5.8078   0.00    0.0
2014/12/16 16:14:30.000  -12.843707091  131.132754041   134.6982   5   8   3.3712   2.7539  12.6241  -2.1583   4.7793  -5.8229   0.00    0.0
2014/12/16 16:15:00.000  -12.843708189  131.132754278   134.7051   5   8   3.3657   2.7723  12.6973  -2.1719   4.8296  -5.8351   0.00    0.0
2014/12/16 16:15:30.000  -12.843709889  131.132755148   135.1883   5   8   3.3589   2.7905  12.7652  -2.1843   4.8779  -5.8442   0.00    0.0
2014/12/16 16:16:00.000  -12.843709933  131.132755335   134.7600   5   8   3.3509   2.8083  12.8274  -2.1954   4.9242  -5.8502   0.00    0.0
2014/12/16 16:16:30.000  -12.843709200  131.132756229   134.4041   5   8   3.3416   2.8259  12.8837  -2.2053   4.9684  -5.8529   0.00    0.0
2014/12/16 16:17:00.000  -12.843709551  131.132755885   134.8728   5   8   3.3310   2.8430  12.9339  -2.2138   5.0103  -5.8524   0.00    0.0
2014/12/16 16:17:30.000  -12.843709751  131.132756001   135.1851   5   8   3.3191   2.8597  12.9778  -2.2210   5.0498  -5.8484   0.00    0.0
2014/12/16 16:18:00.000  -12.843709626  131.132757224   135.6428   5   8   3.3059   2.8760  13.0152  -2.2268   5.0868  -5.8411   0.00    0.0
2014/12/16 16:18:30.000  -12.843709506  131.132756933   135.4432   5   8   3.2914   2.8917  13.0460  -2.2311   5.1213  -5.8303   0.00    0.0
2014/12/16 16:19:00.000  -12.843709256  131.132757510   135.4837   5   8   3.2756   2.9069  13.0700  -2.2340   5.1532  -5.8161   0.00    0.0
2014/12/16 16:19:30.000  -12.843707463  131.132757368   134.7043   5   8   3.2586   2.9215  13.0873  -2.2354   5.1824  -5.7984   0.00    0.0
2014/12/16 16:20:00.000  -12.843707086  131.132757006   134.1283   5   8   3.2404   2.9355  13.0977  -2.2353   5.2088  -5.7773   0.00    0.0
2014/12/16 16:20:30.000  -12.843708919  131.132757667   135.1456   5   8   3.2211   2.9488  13.1012  -2.2337   5.2325  -5.7528   0.00    0.0
2014/12/16 16:21:00.000  -12.843709812  131.132758128   135.5875   5   8   3.2006   2.9614  13.0980  -2.2306   5.2534  -5.7249   0.00    0.0
2014/12/16 16:21:30.000  -12.843709743  131.132758207   135.5671   5   8   3.1790   2.9733  13.0880  -2.2261   5.2715  -5.6938   0.00    0.0
2014/12/16 16:22:00.000  -12.843709796  131.132757642   135.4782   5   8   3.1564   2.9845  13.0713  -2.2201   5.2868  -5.6595   0.00    0.0
2014/12/16 16:22:30.000  -12.843710403  131.132758295   135.8517   5   8   3.1329   2.9950  13.0482  -2.2127   5.2994  -5.6220   0.00    0.0
2014/12/16 16:23:00.000  -12.843702367  131.132744077   129.0542   5   9   2.7749   2.2215   8.5094  -1.4222   2.8732  -4.1657   0.00    0.0
2014/12/16 16:23:30.000  -12.843703268  131.132744154   129.2685   5   9   2.7622   2.2277   8.5204  -1.4252   2.8952  -4.1538   0.00    0.0
2014/12/16 16:24:00.000  -12.843703756  131.132744301   129.6771   5   9   2.7490   2.2339   8.5296  -1.4277   2.9166  -4.1407   0.00    0.0
2014/12/16 16:24:30.000  -12.843704898  131.132744391   129.9407   5   9   2.7355   2.2401   8.5370  -1.4298   2.9373  -4.1266   0.00    0.0
2014/12/16 16:25:00.000  -12.843704005  131.132743802   129.6792   5   9   2.7216   2.2463   8.5425  -1.4314   2.9573  -4.1113   0.00    0.0
2014/12/16 16:25:30.000  -12.843702111  131.132742185   128.8199   5   9   2.7073   2.2525   8.5462  -1.4325   2.9767  -4.0949   0.00    0.0
2014/12/16 16:26:00.000  -12.843702600  131.132743118   129.1083   5   9   2.6927   2.2587   8.5481  -1.4332   2.9954  -4.0774   0.00    0.0
2014/12/16 16:26:30.000  -12.843704075  131.132744466   129.6415   5   9   2.6777   2.2649   8.5482  -1.4334   3.0133  -4.0588   0.00    0.0
2014/12/16 16:27:00.000  -12.843703206  131.132743459   128.9252   5   9   2.6624   2.2711   8.5464  -1.4332   3.0307  -4.0391   0.00    0.0
2014/12/16 16:27:30.000  -12.843704053  131.132745873   129.3375   5   9   2.6469   2.2773   8.5430  -1.4325   3.0473  -4.0184   0.00    0.0
2014/12/16 16:28:00.000  -12.843703707  131.132745494   129.1016   5   9   2.6311   2.2834   8.5377  -1.4313   3.0632  -3.9967   0.00    0.0
2014/12/16 16:28:30.000  -12.843723214  131.132758721   136.7091   5  10   1.7357   1.9137   5.2131   0.6436   0.9950  -1.6080   0.00    0.0
2014/12/16 16:29:00.000  -12.843722822  131.132759137   136.6535   5  10   1.7337   1.9144   5.2280   0.6438   1.0201  -1.6054   0.00    0.0
2014/12/16 16:29:30.000  -12.843722576  131.132757997   136.4181   5  10   1.7317   1.9151   5.2427   0.6439   1.0448  -1.6026   0.00    0.0
2014/12/16 16:30:00.000  -12.843721508  131.132756737   136.1921   5  10   1.7298   1.9159   5.2572   0.6441   1.0693  -1.5995   0.00    0.0
2014/12/16 16:30:30.000  -12.843719906  131.132757573   136.0913   5  10   1.7278   1.9167   5.2713   0.6442   1.0935  -1.5961   0.00    0.0
2014/12/16 16:31:00.000  -12.843719322  131.132757248   136.1741   5  10   1.7258   1.9176   5.2851   0.6444   1.1174  -1.5923   0.00    0.0
2014/12/16 16:31:30.000  -12.843718827  131.132757217   136.1268   5  10   1.7238   1.9186   5.2985   0.6447   1.1410  -1.5882   0.00    0.0
2014/12/16 16:32:00.000  -12.843718390  131.132759187   136.4426   5  10   1.7219   1.9348   5.3265   0.6475   1.1224  -1.5855   0.00    0.0
2014/12/16 16:32:30.000  -12.843717891  131.132758573   136.4211   5  10   1.7200   1.9366   5.3402   0.6481   1.1441  -1.5810   0.00    0.0
2014/12/16 16:33:00.000  -12.843716737  131.132757488   135.8758   5  10   1.7180   1.9386   5.3536   0.6487   1.1656  -1.5761   0.00    0.0
2014/12/16 16:33:30.000  -12.843716757  131.132757968   135.7516   5  10   1.7160   1.9405   5.3666   0.6493   1.1868  -1.5708   0.00    0.0
2014/12/16 16:34:00.000  -12.843716643  131.132758658   135.6785   5  10   1.7141   1.9426   5.3793   0.6500   1.2079  -1.5652   0.00    0.0
2014/12/16 16:34:30.000  -12.843716776  131.132758439   135.4784   5  10   1.7121   1.9447   5.3916   0.6508   1.2288  -1.5593   0.00    0.0
2014/12/16 16:35:00.000  -12.843716635  131.132758234   135.3156   5  10   1.7101   1.9468   5.4035   0.6516   1.2496  -1.5530   0.00    0.0
2014/12/16 16:35:30.000  -12.843716720  131.132757949   134.9123   5  10   1.7082   1.9491   5.4150   0.6526   1.2701  -1.5463   0.00    0.0
2014/12/16 16:36:00.000  -12.843716340  131.132755941   134.6648   5  10   1.7062   1.9513   5.4262   0.6535   1.2905  -1.5393   0.00    0.0
2014/12/16 16:36:30.000  -12.843716698  131.132754483   134.4977   5  10   1.7043   1.9537   5.4369   0.6546   1.3107  -1.5319   0.00    0.0
2014/12/16 16:37:00.000  -12.843717668  131.132754093   134.3109   5  10   1.7023   1.9561   5.4472   0.6557   1.3307  -1.5241   0.00    0.0
2014/12/16 16:37:30.000  -12.843716914  131.132753477   133.9904   5  10   1.7004   1.9586   5.4572   0.6569   1.3506  -1.5159   0.00    0.0
2014/12/16 16:38:00.000  -12.843717053  131.132753927   134.1157   5  10   1.6985   1.9612   5.4667   0.6582   1.3702  -1.5073   0.00    0.0
2014/12/16 16:38:30.000  -12.843716291  131.132753703   134.1386   5  10   1.6966   1.9638   5.4758   0.6596   1.3897  -1.4984   0.00    0.0
2014/12/16 16:39:00.000  -12.843715514  131.132754673   134.2339   5  10   1.6947   1.9664   5.4845   0.6611   1.4091  -1.4890   0.00    0.0
2014/12/16 16:39:30.000  -12.843714918  131.132754913   133.7200   5  10   1.6946   1.9740   5.4957   0.6544   1.4194  -1.4744   0.00    0.0
2014/12/16 16:40:00.000  -12.843715201  131.132754369   133.5074   5  10   1.6929   1.9772   5.5040   0.6556   1.4376  -1.4636   0.00    0.0
2014/12/16 16:40:30.000  -12.843714511  131.132753875   133.0246   5  10   1.6911   1.9803   5.5119   0.6568   1.4555  -1.4524   0.00    0.0
2014/12/16 16:41:00.000  -12.843714509  131.132753324   133.0054   5  10   1.6894   1.9835   5.5194   0.6582   1.4732  -1.4407   0.00    0.0
2014/12/16 16:41:30.000  -12.843715887  131.132752358   133.2878   5  10   1.6877   1.9868   5.5266   0.6597   1.4907  -1.4285   0.00    0.0
2014/12/16 16:42:00.000  -12.843715677  131.132752275   133.1882   5  10   1.6861   1.9902   5.5333   0.6613   1.5080  -1.4159   0.00    0.0
2014/12/16 16:42:30.000  -12.843715325  131.132752806   132.8728   5  10   1.6844   1.9936   5.5397   0.6630   1.5251  -1.4027   0.00    0.0
2014/12/16 16:43:00.000  -12.843715300  131.132744984   130.3975   5  11   1.6776   1.8008   4.9485   0.5721   0.4658  -1.5041   0.00    0.0
2014/12/16 16:43:30.000  -12.843714890  131.132747239   130.5332   5  11   1.6755   1.8026   4.9510   0.5695   0.5014  -1.4962   0.00    0.0
2014/12/16 16:44:00.000  -12.843714185  131.132746695   130.4083   5  11   1.6735   1.8045   4.9531   0.5669   0.5347  -1.4881   0.00    0.0
2014/12/16 16:44:30.000  -12.843713021  131.132745521   129.8451   5  11   1.6714   1.8064   4.9549   0.5643   0.5660  -1.4796   0.00    0.0
2014/12/16 16:45:00.000  -12.843712339  131.132744959   129.6450   5  11   1.6694   1.8083   4.9564   0.5619   0.5956  -1.4709   0.00    0.0
2014/12/16 16:45:30.000  -12.843712306  131.132744163   129.3745   5  11   1.6673   1.8103   4.9575   0.5594   0.6239  -1.4618   0.00    0.0
2014/12/16 16:46:00.000  -12.843712621  131.132744613   129.1968   5  11   1.6653   1.8124   4.9584   0.5571   0.6509  -1.4524   0.00    0.0
2014/12/16 16:46:30.000  -12.843711709  131.132745215   128.8628   5  11   1.6633   1.8145   4.9589   0.5547   0.6768  -1.4428   0.00    0.0
2014/12/16 16:47:00.000  -12.843710878  131.132745307   128.8470   5  11   1.6613   1.8166   4.9592   0.5525   0.7017  -1.4328   0.00    0.0
2014/12/16 16:47:30.000  -12.843710190  131.132746125   128.7933   5  11   1.6593   1.8188   4.9591   0.5503   0.7257  -1.4225   0.00    0.0
2014/12/16 16:48:00.000  -12.843710417  131.132746601   128.8831   5  11   1.6574   1.8210   4.9588   0.5481   0.7488  -1.4120   0.00    0.0
2014/12/16 16:48:30.000  -12.843711335  131.132745714   128.8910   5  11   1.6554   1.8233   4.9581   0.5461   0.7712  -1.4011   0.00    0.0
2014/12/16 16:49:00.000  -12.843711581  131.132744724   128.7640   5  11   1.6535   1.8256   4.9572   0.5441   0.7930  -1.3899   0.00    0.0
2014/12/16 16:49:30.000  -12.843711736  131.132743997   128.7177   5  11   1.6515   1.8280   4.9560   0.5421   0.8140  -1.3785   0.00    0.0
2014/12/16 16:50:00.000  -12.843711796  131.132756161   126.2801   5  10   1.6545   2.2914   5.4773   0.6835  -1.5883  -1.4713   0.00    0.0
2014/12/16 16:50:30.000  -12.843712449  131.132755754   126.4011   5  10   1.6526   2.2921   5.4734   0.6813  -1.5737  -1.4594   0.00    0.0
2014/12/16 16:51:00.000  -12.843712449  131.132755121   126.4198   5  10   1.6507   2.2929   5.4693   0.6791  -1.5590  -1.4471   0.00    0.0
2014/12/16 16:51:30.000  -12.843712189  131.132755694   126.7620   5  10   1.6489   2.2937   5.4647   0.6769  -1.5441  -1.4344   0.00    0.0
2014/12/16 16:52:00.000  -12.843712343  131.132757359   126.8945   5  10   1.6470   2.2945   5.4598   0.6747  -1.5289  -1.4215   0.00    0.0
2014/12/16 16:52:30.000  -12.843713290  131.132758332   126.9285   5  10   1.6452   2.2954   5.4546   0.6725  -1.5135  -1.4082   0.00    0.0
2014/12/16 16:53:00.000  -12.843712493  131.132760151   126.2701   5  10   1.6434   2.2963   5.4491   0.6703  -1.4980  -1.3945   0.00    0.0
2014/12/16 16:53:30.000  -12.843712451  131.132759913   125.9727   5  10   1.6416   2.2972   5.4433   0.6681  -1.4822  -1.3805   0.00    0.0
2014/12/16 16:54:00.000  -12.843712373  131.132758136   126.1158   5  10   1.6399   2.2982   5.4372   0.6659  -1.4662  -1.3661   0.00    0.0
2014/12/16 16:54:30.000  -12.843712426  131.132757677   126.0323   5  10   1.6381   2.2992   5.4308   0.6638  -1.4500  -1.3514   0.00    0.0
2014/12/16 16:55:00.000  -12.843711597  131.132755174   126.0400   5  10   1.6365   2.3003   5.4241   0.6617  -1.4335  -1.3364   0.00    0.0
2014/12/16 16:55:30.000  -12.843711993  131.132755158   125.9295   5  10   1.6348   2.3014   5.4172   0.6596  -1.4169  -1.3209   0.00    0.0
2014/12/16 16:56:00.000  -12.843711419  131.132756308   126.3650   5  10   1.6332   2.3026   5.4100   0.6575  -1.4001  -1.3052   0.00    0.0
2014/12/16 16:56:30.000  -12.843711456  131.132756017   126.5203   5  10   1.6316   2.3038   5.4026   0.6555  -1.3830  -1.2891   0.00    0.0
2014/12/16 16:57:00.000  -12.843711354  131.132754610   126.2410   5  10   1.6301   2.3050   5.3950   0.6535  -1.3657  -1.2726   0.00    0.0
2014/12/16 16:57:30.000  -12.843710819  131.132754493   125.9661   5  10   1.6286   2.3063   5.3871   0.6515  -1.3482  -1.2558   0.00    0.0
2014/12/16 16:58:00.000  -12.843710168  131.132755143   126.3716   5  10   1.6271   2.3076   5.3790   0.6496  -1.3305  -1.2386   0.00    0.0
2014/12/16 16:58:30.000  -12.843710264  131.132754434   126.4131   5  10   1.6257   2.3089   5.3707   0.6478  -1.3126  -1.2210   0.00    0.0
2014/12/16 16:59:00.000  -12.843710587  131.132753855   126.6904   5  10   1.6244   2.3103   5.3623   0.6460  -1.2944  -1.2031   0.00    0.0
2014/12/16 16:59:30.000  -12.843711163  131.132753188   126.7385   5  10   1.6230   2.3118   5.3537   0.6442  -1.2760  -1.1848   0.00    0.0
2014/12/16 17:00:00.000  -12.843713117  131.132748231   127.0961   5   9   1.6537   2.5686   6.3088  -0.6689  -2.8372   0.9336   0.00    0.0
2014/12/16 17:00:30.000  -12.843713213  131.132748018   127.0751   5   9   1.6537   2.5644   6.3009  -0.6668  -2.8260   0.9551   0.00    0.0
2014/12/16 17:01:00.000  -12.843713637  131.132747926   126.8034   5   9   1.6538   2.5602   6.2924  -0.6647  -2.8142   0.9760   0.00    0.0
2014/12/16 17:01:30.000  -12.843714457  131.132747779   126.4133   5   9   1.6539   2.5558   6.2831  -0.6625  -2.8020   0.9964   0.00    0.0
2014/12/16 17:02:00.000  -12.843714686  131.132747776   126.7373   5   9   1.6540   2.5514   6.2732  -0.6603  -2.7893   1.0162   0.00    0.0
2014/12/16 17:02:30.000  -12.843714106  131.132747795   126.8480   5   9   1.6542   2.5468   6.2627  -0.6579  -2.7762   1.0355   0.00    0.0
2014/12/16 17:03:00.000  -12.843713265  131.132747198   126.5139   5   9   1.6545   2.5423   6.2516  -0.6555  -2.7626   1.0544   0.00    0.0
2014/12/16 17:03:30.000  -12.843712836  131.132747059   126.8328   5   9   1.6548   2.5376   6.2398  -0.6529  -2.7485   1.0727   0.00    0.0
2014/12/16 17:04:00.000  -12.843712578  131.132746890   127.0509   5   9   1.6593   2.5333   6.2293  -0.6542  -2.7352   1.0987   0.00    0.0
2014/12/16 17:04:30.000  -12.843712913  131.132748662   126.9667   5   9   1.6600   2.5506   6.2196  -0.6523  -2.7323   1.1168   0.00    0.0
2014/12/16 17:05:00.000  -12.843713504  131.132748893   126.7680   5   9   1.6607   2.5469   6.2064  -0.6498  -2.7176   1.1343   0.00    0.0
2014/12/16 17:05:30.000  -12.843713296  131.132748817   126.4544   5   9   1.6615   2.5432   6.1927  -0.6473  -2.7025   1.1514   0.00    0.0
2014/12/16 17:06:00.000  -12.843713639  131.132749251   126.4635   5   9   1.6623   2.5395   6.1785  -0.6446  -2.6869   1.1681   0.00    0.0
2014/12/16 17:06:30.000  -12.843713715  131.132749135   126.3470   5   9   1.6632   2.5358   6.1638  -0.6418  -2.6710   1.1844   0.00    0.0
2014/12/16 17:07:00.000  -12.843713138  131.132748985   126.0368   5   9   1.6684   2.5320   6.1532  -0.6390  -2.6547   1.2120   0.00    0.0
2014/12/16 17:07:30.000  -12.843712162  131.132748487   125.8479   5   9   1.6695   2.5282   6.1376  -0.6358  -2.6380   1.2275   0.00    0.0
2014/12/16 17:08:00.000  -12.843713044  131.132748283   125.6959   5   9   1.6707   2.5244   6.1215  -0.6324  -2.6209   1.2426   0.00    0.0
2014/12/16 17:08:30.000  -12.843714458  131.132747830   125.2735   5   9   1.6719   2.5205   6.1050  -0.6289  -2.6034   1.2574   0.00    0.0
2014/12/16 17:09:00.000  -12.843714265  131.132747453   125.2148   5   9   1.6731   2.5167   6.0881  -0.6253  -2.5856   1.2717   0.00    0.0
2014/12/16 17:09:30.000  -12.843713823  131.132747498   125.3909   5   9   1.6744   2.5129   6.0709  -0.6215  -2.5674   1.2856   0.00    0.0
2014/12/16 17:10:00.000  -12.843713381  131.132747695   125.6676   5   9   1.6757   2.5090   6.0532  -0.6175  -2.5489   1.2992   0.00    0.0
2014/12/16 17:10:30.000  -12.843713571  131.132747268   126.0532   5   9   1.6771   2.5052   6.0353  -0.6134  -2.5301   1.3125   0.00    0.0
2014/12/16 17:11:00.000  -12.843714377  131.132746872   125.6094   5   9   1.6785   2.5014   6.0170  -0.6090  -2.5110   1.3253   0.00    0.0
2014/12/16 17:11:30.000  -12.843715002  131.132746682   125.3486   5   9   1.6800   2.4978   6.0147  -0.6040  -2.4943   1.3345   0.00    0.0
2014/12/16 17:12:00.000  -12.843715919  131.132746502   125.6195   5   9   1.6815   2.4940   5.9965  -0.5993  -2.4746   1.3467   0.00    0.0
2014/12/16 17:12:30.000  -12.843716374  131.132747155   126.1202   5   9   1.6830   2.4903   5.9780  -0.5945  -2.4547   1.3587   0.00    0.0
2014/12/16 17:13:00.000  -12.843716670  131.132747012   126.1799   5   9   1.6845   2.4866   5.9593  -0.5895  -2.4345   1.3703   0.00    0.0
2014/12/16 17:13:30.000  -12.843716752  131.132746607   126.4181   5   9   1.6860   2.4829   5.9404  -0.5842  -2.4140   1.3816   0.00    0.0
2014/12/16 17:14:00.000  -12.843716952  131.132747034   126.4885   5   9   1.6876   2.4793   5.9213  -0.5788  -2.3932   1.3926   0.00    0.0
2014/12/16 17:14:30.000  -12.843716752  131.132747412   126.3220   5   9   1.6892   2.4758   5.9020  -0.5732  -2.3722   1.4034   0.00    0.0
2014/12/16 17:15:00.000  -12.843715672  131.132747679   126.5489   5   9   1.6908   2.4723   5.8825  -0.5673  -2.3509   1.4138   0.00    0.0
2014/12/16 17:15:30.000  -12.843716703  131.132747051   126.2225   5   9   1.6989   2.4696   5.9033  -0.5529  -2.3201   1.4594   0.00    0.0
2014/12/16 17:16:00.000  -12.843717130  131.132745384   126.0755   5   9   1.7012   2.4691   5.8979  -0.5441  -2.3070   1.4695   0.00    0.0
2014/12/16 17:16:30.000  -12.843717035  131.132744924   126.2931   5   9   1.7034   2.4659   5.8808  -0.5367  -2.2845   1.4813   0.00    0.0
2014/12/16 17:17:00.000  -12.843716232  131.132745589   126.3631   5   9   1.7056   2.4628   5.8635  -0.5289  -2.2618   1.4929   0.00    0.0
2014/12/16 17:17:30.000  -12.843716149  131.132745544   125.8390   5   9   1.7079   2.4599   5.8462  -0.5208  -2.2388   1.5042   0.00    0.0
2014/12/16 17:18:00.000  -12.843715096  131.132744508   125.6703   5   9   1.7103   2.4569   5.8288  -0.5124  -2.2156   1.5152   0.00    0.0
2014/12/16 17:18:30.000  -12.843714184  131.132743964   126.2166   5   9   1.7126   2.4541   5.8112  -0.5036  -2.1921   1.5260   0.00    0.0
2014/12/16 17:19:00.000  -12.843714741  131.132744286   126.2824   5   9   1.7150   2.4514   5.7936  -0.4946  -2.1684   1.5366   0.00    0.0
2014/12/16 17:19:30.000  -12.843714906  131.132743570   126.0840   5   9   1.7174   2.4487   5.7759  -0.4851  -2.1444   1.5469   0.00    0.0
2014/12/16 17:20:00.000  -12.843715772  131.132744317   126.3819   5   9   1.7199   2.4461   5.7582  -0.4752  -2.1201   1.5570   0.00    0.0
2014/12/16 17:20:30.000  -12.843717922  131.132742982   125.9428   5   9   1.7223   2.4437   5.7404  -0.4649  -2.0956   1.5669   0.00    0.0
2014/12/16 17:21:00.000  -12.843718548  131.132743589   125.7771   5   9   1.7248   2.4413   5.7226  -0.4542  -2.0708   1.5766   0.00    0.0
2014/12/16 17:21:30.000  -12.843717416  131.132743460   126.0789   5   9   1.7274   2.4390   5.7048  -0.4430  -2.0458   1.5861   0.00    0.0
2014/12/16 17:22:00.000  -12.843717043  131.132744530   125.9901   5   9   1.7299   2.4368   5.6869  -0.4314  -2.0206   1.5953   0.00    0.0
2014/12/16 17:22:30.000  -12.843717904  131.132744735   125.6563   5   9   1.7325   2.4348   5.6691  -0.4191  -1.9951   1.6043   0.00    0.0
2014/12/16 17:23:00.000  -12.843719123  131.132743685   125.6314   5   9   1.7350   2.4328   5.6513  -0.4063  -1.9693   1.6132   0.00    0.0
2014/12/16 17:23:30.000  -12.843718383  131.132744779   125.9875   5   9   1.7377   2.4309   5.6335  -0.3929  -1.9433   1.6218   0.00    0.0
2014/12/16 17:24:00.000  -12.843718280  131.132744454   126.1698   5   9   1.7403   2.4292   5.6157  -0.3787  -1.9171   1.6302   0.00    0.0
2014/12/16 17:24:30.000  -12.843718141  131.132744509   125.9974   5   9   1.7429   2.4276   5.5980  -0.3638  -1.8905   1.6385   0.00    0.0
2014/12/16 17:25:00.000  -12.843716001  131.132745524   125.9840   5   9   1.7456   2.4260   5.5803  -0.3480  -1.8638   1.6465   0.00    0.0
2014/12/16 17:25:30.000  -12.843716108  131.132742883   125.9704   5   9   1.7482   2.4246   5.5626  -0.3312  -1.8367   1.6544   0.00    0.0
2014/12/16 17:26:00.000  -12.843716058  131.132743664   126.1743   5   9   1.7509   2.4233   5.5450  -0.3133  -1.8094   1.6621   0.00    0.0
2014/12/16 17:26:30.000  -12.843715448  131.132744271   126.2594   5   9   1.7536   2.4222   5.5275  -0.2941  -1.7817   1.6696   0.00    0.0
2014/12/16 17:27:00.000  -12.843715589  131.132743446   125.8303   5   9   1.7563   2.4211   5.5101  -0.2732  -1.7538   1.6770   0.00    0.0
2014/12/16 17:27:30.000  -12.843716943  131.132743599   125.4514   5   9   1.7590   2.4202   5.4927  -0.2503  -1.7256   1.6841   0.00    0.0
2014/12/16 17:28:00.000  -12.843716838  131.132744165   125.7960   5   9   1.7618   2.4194   5.4754  -0.2248  -1.6971   1.6911   0.00    0.0
2014/12/16 17:28:30.000  -12.843718143  131.132744323   126.0978   5   9   1.7645   2.4187   5.4582  -0.1957  -1.6683   1.6980   0.00    0.0
2014/12/16 17:29:00.000  -12.843719529  131.132743568   126.0398   5   9   1.7672   2.4181   5.4411  -0.1611  -1.6391   1.7046   0.00    0.0
2014/12/16 17:29:30.000  -12.843720321  131.132742324   125.9838   5   9   1.7700   2.4177   5.4242  -0.1160  -1.6096   1.7111   0.00    0.0
2014/12/16 17:30:00.000  -12.843719737  131.132742216   126.2148   5   9   1.7727   2.4173   5.4073  -0.0291  -1.5797   1.7175   0.00    0.0
2014/12/16 17:30:30.000  -12.843718731  131.132741589   126.2729   5   9   1.7754   2.4171   5.3905   0.1089  -1.5494   1.7237   0.00    0.0
2014/12/16 17:31:00.000  -12.843719623  131.132741394   126.1446   5   9   1.7782   2.4170   5.3738   0.1571  -1.5188   1.7297   0.00    0.0
2014/12/16 17:31:30.000  -12.843719934  131.132740520   126.0807   5   9   1.7809   2.4171   5.3573   0.1939  -1.4877   1.7356   0.00    0.0
2014/12/16 17:32:00.000  -12.843719943  131.132739939   126.0880   5   9   1.7837   2.4172   5.3408   0.2250  -1.4561   1.7413   0.00    0.0
2014/12/16 17:32:30.000  -12.843719564  131.132740139   126.1209   5   9   1.7864   2.4175   5.3245   0.2524  -1.4241   1.7469   0.00    0.0
2014/12/16 17:33:00.000  -12.843719998  131.132740555   126.0389   5   9   1.7891   2.4179   5.3083   0.2773  -1.3916   1.7524   0.00    0.0
2014/12/16 17:33:30.000  -12.843719828  131.132741979   125.8721   5   9   1.7919   2.4184   5.2923   0.3003  -1.3586   1.7577   0.00    0.0
2014/12/16 17:34:00.000  -12.843719497  131.132742073   126.0244   5   9   1.7946   2.4191   5.2764   0.3217  -1.3249   1.7628   0.00    0.0
2014/12/16 17:34:30.000  -12.843719536  131.132740985   125.8271   5   9   1.7973   2.4199   5.2606   0.3419  -1.2907   1.7678   0.00    0.0
2014/12/16 17:35:00.000  -12.843718692  131.132740432   125.8806   5   9   1.8000   2.4208   5.2449   0.3611  -1.2558   1.7727   0.00    0.0
2014/12/16 17:35:30.000  -12.843718497  131.132741382   125.8405   5   9   1.8027   2.4218   5.2294   0.3794  -1.2202   1.7775   0.00    0.0
2014/12/16 17:36:00.000  -12.843718762  131.132739928   126.0504   5   9   1.8058   2.4338   5.2144   0.3850  -1.1778   1.7814   0.00    0.0
2014/12/16 17:36:30.000  -12.843719357  131.132739688   126.2992   5   9   1.8085   2.4359   5.1992   0.4019  -1.1398   1.7858   0.00    0.0
2014/12/16 17:37:00.000  -12.843719783  131.132739193   126.1592   5   9   1.8112   2.4380   5.1841   0.4182  -1.1008   1.7902   0.00    0.0
2014/12/16 17:37:30.000  -12.843719315  131.132738345   126.2310   5   9   1.8138   2.4403   5.1692   0.4341  -1.0607   1.7944   0.00    0.0
2014/12/16 17:38:00.000  -12.843716679  131.132738808   126.2542   5   9   1.8248   2.4430   5.1549   0.4415  -1.0205   1.8016   0.00    0.0
2014/12/16 17:38:30.000  -12.843716214  131.132739278   126.1099   5   9   1.8278   2.4455   5.1403   0.4564  -0.9777   1.8055   0.00    0.0
2014/12/16 17:39:00.000  -12.843717390  131.132738417   126.1613   5   9   1.8307   2.4482   5.1258   0.4710  -0.9332   1.8092   0.00    0.0
2014/12/16 17:39:30.000  -12.843720039  131.132736189   126.3448   5   9   1.8337   2.4510   5.1114   0.4851  -0.8868   1.8128   0.00    0.0
2014/12/16 17:40:00.000  -12.843721327  131.132735292   126.6308   5   9   1.8366   2.4539   5.0973   0.4990  -0.8382   1.8163   0.00    0.0
2014/12/16 17:40:30.000  -12.843720924  131.132736074   126.8829   5   9   1.8395   2.4569   5.0832   0.5124  -0.7870   1.8196   0.00    0.0
2014/12/16 17:41:00.000  -12.843720948  131.132736176   126.5728   5   9   1.8423   2.4600   5.0693   0.5256  -0.7327   1.8228   0.00    0.0
2014/12/16 17:41:30.000  -12.843721282  131.132735602   126.4675   5   9   1.8452   2.4633   5.0556   0.5385  -0.6744   1.8259   0.00    0.0
2014/12/16 17:42:00.000  -12.843720384  131.132734885   126.6511   5   9   1.8480   2.4667   5.0421   0.5511  -0.6111   1.8288   0.00    0.0
2014/12/16 17:42:30.000  -12.843718994  131.132735527   126.9528   5   9   1.8508   2.4702   5.0286   0.5634  -0.5410   1.8316   0.00    0.0
2014/12/16 17:43:00.000  -12.843717675  131.132735555   126.8923   5   9   1.8536   2.4738   5.0154   0.5755  -0.4610   1.8343   0.00    0.0
2014/12/16 17:43:30.000  -12.843717285  131.132735764   126.4784   5   9   1.8564   2.4775   5.0023   0.5874  -0.3646   1.8368   0.00    0.0
2014/12/16 17:44:00.000  -12.843717346  131.132735802   126.7354   5   9   1.8591   2.4814   4.9893   0.5990  -0.2323   1.8393   0.00    0.0
2014/12/16 17:44:30.000  -12.843717800  131.132736557   127.0043   5   9   1.8618   2.4853   4.9766   0.6104   0.1563   1.8416   0.00    0.0
2014/12/16 17:45:00.000  -12.843718229  131.132735832   127.2689   5   9   1.8645   2.4894   4.9639   0.6216   0.3198   1.8438   0.00    0.0
2014/12/16 17:45:30.000  -12.843718164  131.132737291   127.4447   5   9   1.8671   2.4936   4.9514   0.6325   0.4237   1.8458   0.00    0.0
2014/12/16 17:46:00.000  -12.843718258  131.132737233   127.3045   5   9   1.8698   2.4978   4.9391   0.6433   0.5061   1.8478   0.00    0.0
2014/12/16 17:46:30.000  -12.843717197  131.132737354   126.4893   5   8   2.2624   2.6918   5.8125   1.2991  -1.6517  -0.7038   0.00    0.0
2014/12/16 17:47:00.000  -12.843715485  131.132737858   126.2813   5   8   2.2637   2.6947   5.7976   1.3022  -1.6226  -0.6880   0.00    0.0
2014/12/16 17:47:30.000  -12.843715609  131.132737093   126.3329   5   8   2.2651   2.6977   5.7828   1.3051  -1.5931  -0.6723   0.00    0.0
2014/12/16 17:48:00.000  -12.843715933  131.132737056   126.4470   5   8   2.2663   2.7008   5.7682   1.3081  -1.5634  -0.6565   0.00    0.0
2014/12/16 17:48:30.000  -12.843715981  131.132736592   126.5536   5   8   2.2676   2.7040   5.7538   1.3110  -1.5332  -0.6407   0.00    0.0
2014/12/16 17:49:00.000  -12.843716677  131.132735413   126.7239   5   8   2.2688   2.7073   5.7396   1.3139  -1.5027  -0.6250   0.00    0.0
2014/12/16 17:49:30.000  -12.843716424  131.132734879   126.8202   5   8   2.2700   2.7106   5.7255   1.3167  -1.4718  -0.6092   0.00    0.0
2014/12/16 17:50:00.000  -12.843716303  131.132735063   126.8528   5   8   2.2711   2.7141   5.7117   1.3195  -1.4404  -0.5935   0.00    0.0
2014/12/16 17:50:30.000  -12.843717039  131.132734594   127.0232   5   8   2.2722   2.7177   5.6980   1.3222  -1.4085  -0.5778   0.00    0.0
2014/12/16 17:51:00.000  -12.843717852  131.132734442   127.0275   5   8   2.2733   2.7213   5.6846   1.3249  -1.3762  -0.5621   0.00    0.0
2014/12/16 17:51:30.000  -12.843717624  131.132734732   127.0792   5   8   2.2743   2.7251   5.6713   1.3275  -1.3433  -0.5465   0.00    0.0
2014/12/16 17:52:00.000  -12.843717709  131.132735557   127.0914   5   8   2.2753   2.7289   5.6583   1.3301  -1.3098  -0.5309   0.00    0.0
2014/12/16 17:52:30.000  -12.843716888  131.132736074   127.0060   5   8   2.2763   2.7328   5.6454   1.3326  -1.2757  -0.5153   0.00    0.0
2014/12/16 17:53:00.000  -12.843717371  131.132735914   127.1386   5   8   2.2772   2.7368   5.6328   1.3351  -1.2410  -0.4998   0.00    0.0
2014/12/16 17:53:30.000  -12.843717432  131.132735215   127.0480   5   8   2.2781   2.7409   5.6203   1.3375  -1.2055  -0.4843   0.00    0.0
2014/12/16 17:54:00.000  -12.843716944  131.132734414   126.9324   5   8   2.2789   2.7451   5.6081   1.3399  -1.1692  -0.4690   0.00    0.0
2014/12/16 17:54:30.000  -12.843716612  131.132734111   126.9114   5   8   2.2797   2.7493   5.5961   1.3422  -1.1320  -0.4537   0.00    0.0
2014/12/16 17:55:00.000  -12.843715188  131.132734626   126.8269   5   8   2.2804   2.7537   5.5843   1.3445  -1.0939  -0.4384   0.00    0.0
2014/12/16 17:55:30.000  -12.843714622  131.132734775   127.0260   5   8   2.2811   2.7581   5.5727   1.3467  -1.0547  -0.4233   0.00    0.0
2014/12/16 17:56:00.000  -12.843714443  131.132734789   127.0258   5   8   2.2818   2.7626   5.5613   1.3488  -1.0142  -0.4083   0.00    0.0
2014/12/16 17:56:30.000  -12.843714752  131.132734280   126.5846   5   8   2.2825   2.7672   5.5502   1.3508  -0.9724  -0.3934   0.00    0.0
2014/12/16 17:57:00.000  -12.843715393  131.132733712   126.5906   5   8   2.2830   2.7718   5.5392   1.3528  -0.9291  -0.3786   0.00    0.0
2014/12/16 17:57:30.000  -12.843715759  131.132733811   126.8283   5   8   2.2836   2.7766   5.5285   1.3548  -0.8840  -0.3640   0.00    0.0
2014/12/16 17:58:00.000  -12.843716249  131.132734763   127.1289   5   8   2.2841   2.7814   5.5180   1.3566  -0.8368  -0.3495   0.00    0.0
2014/12/16 17:58:30.000  -12.843716797  131.132733830   127.1937   5   8   2.2846   2.7863   5.5077   1.3584  -0.7872  -0.3352   0.00    0.0
2014/12/16 17:59:00.000  -12.843716863  131.132733054   127.1158   5   8   2.2850   2.7912   5.4977   1.3601  -0.7347  -0.3211   0.00    0.0
2014/12/16 17:59:30.000  -12.843716650  131.132733573   126.7988   5   8   2.2854   2.7962   5.4878   1.3618  -0.6786  -0.3073   0.00    0.0
2014/12/16 18:00:00.000  -12.843712367  131.132739250   127.8827   5   9   2.1434   2.7075   5.2578   1.0728  -1.6777  -1.2897   0.00    0.0
2014/12/16 18:00:30.000  -12.843713384  131.132738386   127.8309   5   9   2.1429   2.7103   5.2490   1.0705  -1.6528  -1.2836   0.00    0.0
2014/12/16 18:01:00.000  -12.843712834  131.132738762   127.8900   5   9   2.1424   2.7132   5.2403   1.0681  -1.6278  -1.2776   0.00    0.0
2014/12/16 18:01:30.000  -12.843712829  131.132739392   128.0293   5   9   2.1419   2.7161   5.2315   1.0658  -1.6026  -1.2720   0.00    0.0
2014/12/16 18:02:00.000  -12.843712807  131.132738792   128.0282   5   9   2.1414   2.7192   5.2233   1.0634  -1.5770  -1.2664   0.00    0.0
2014/12/16 18:02:30.000  -12.843711967  131.132739841   127.9716   5   9   2.1409   2.7225   5.2156   1.0610  -1.5511  -1.2608   0.00    0.0
2014/12/16 18:03:00.000  -12.843713048  131.132741082   127.9498   5   9   2.1404   2.7258   5.2081   1.0585  -1.5248  -1.2554   0.00    0.0
2014/12/16 18:03:30.000  -12.843714314  131.132741236   128.0533   5   9   2.1399   2.7292   5.2008   1.0560  -1.4982  -1.2501   0.00    0.0
2014/12/16 18:04:00.000  -12.843713714  131.132740136   128.0867   5   9   2.1394   2.7327   5.1938   1.0535  -1.4713  -1.2450   0.00    0.0
2014/12/16 18:04:30.000  -12.843713079  131.132739766   128.1127   5   9   2.1389   2.7363   5.1869   1.0510  -1.4441  -1.2401   0.00    0.0
2014/12/16 18:05:00.000  -12.843712442  131.132740005   128.3387   5   9   2.1383   2.7400   5.1803   1.0484  -1.4164  -1.2354   0.00    0.0
2014/12/16 18:05:30.000  -12.843710952  131.132740206   127.9771   5   9   2.1378   2.7438   5.1740   1.0458  -1.3883  -1.2308   0.00    0.0
2014/12/16 18:06:00.000  -12.843711282  131.132739078   127.6989   5   9   2.1372   2.7477   5.1678   1.0431  -1.3598  -1.2264   0.00    0.0
2014/12/16 18:06:30.000  -12.843712600  131.132739658   127.7301   5   9   2.1367   2.7518   5.1619   1.0404  -1.3307  -1.2222   0.00    0.0
2014/12/16 18:07:00.000  -12.843712532  131.132739851   127.7924   5   9   2.1361   2.7559   5.1562   1.0377  -1.3012  -1.2181   0.00    0.0
2014/12/16 18:07:30.000  -12.843713349  131.132740334   127.7162   5   9   2.1356   2.7601   5.1508   1.0349  -1.2711  -1.2142   0.00    0.0
2014/12/16 18:08:00.000  -12.843713327  131.132741193   127.5992   5   9   2.1350   2.7644   5.1456   1.0321  -1.2404  -1.2104   0.00    0.0
2014/12/16 18:08:30.000  -12.843715499  131.132745852   128.8433   5  10   2.0786   2.5999   4.5920   1.2333  -1.9137  -0.5796   0.00    0.0
2014/12/16 18:09:00.000  -12.843716166  131.132746456   129.1814   5  10   2.0792   2.5993   4.5892   1.2315  -1.9012  -0.5854   0.00    0.0
2014/12/16 18:09:30.000  -12.843717075  131.132746217   129.2357   5  10   2.0799   2.5988   4.5865   1.2297  -1.8887  -0.5912   0.00    0.0
2014/12/16 18:10:00.000  -12.843716942  131.132745994   129.0060   5  10   2.0805   2.5983   4.5840   1.2278  -1.8762  -0.5971   0.00    0.0
2014/12/16 18:10:30.000  -12.843717696  131.132746321   129.2079   5  10   2.0810   2.5979   4.5815   1.2258  -1.8636  -0.6030   0.00    0.0
2014/12/16 18:11:00.000  -12.843717833  131.132748261   129.1185   5  10   2.0816   2.5975   4.5792   1.2237  -1.8511  -0.6089   0.00    0.0
2014/12/16 18:11:30.000  -12.843717459  131.132748670   129.0409   5  10   2.0821   2.5972   4.5771   1.2215  -1.8386  -0.6149   0.00    0.0
2014/12/16 18:12:00.000  -12.843717268  131.132747464   129.1247   5  10   2.0825   2.5969   4.5750   1.2192  -1.8261  -0.6209   0.00    0.0
2014/12/16 18:12:30.000  -12.843717839  131.132745756   129.2123   5  10   2.0830   2.5966   4.5731   1.2169  -1.8136  -0.6269   0.00    0.0
2014/12/16 18:13:00.000  -12.843717866  131.132744691   128.9642   5  10   2.0834   2.5964   4.5713   1.2144  -1.8011  -0.6330   0.00    0.0
2014/12/16 18:13:30.000  -12.843718378  131.132744438   128.7631   5  10   2.0838   2.5962   4.5697   1.2119  -1.7886  -0.6391   0.00    0.0
2014/12/16 18:14:00.000  -12.843717731  131.132743804   128.7051   5  10   2.0841   2.5961   4.5681   1.2093  -1.7761  -0.6452   0.00    0.0
2014/12/16 18:14:30.000  -12.843716107  131.132744352   128.7378   5  10   2.0845   2.5960   4.5668   1.2065  -1.7637  -0.6513   0.00    0.0
2014/12/16 18:15:00.000  -12.843716106  131.132743714   128.6650   5  10   2.0848   2.5960   4.5655   1.2038  -1.7512  -0.6575   0.00    0.0
2014/12/16 18:15:30.000  -12.843716813  131.132743428   128.6803   5  10   2.0850   2.5960   4.5644   1.2009  -1.7387  -0.6637   0.00    0.0
2014/12/16 18:16:00.000  -12.843716769  131.132742953   128.6788   5  10   2.0853   2.5960   4.5635   1.1979  -1.7262  -0.6699   0.00    0.0
2014/12/16 18:16:30.000  -12.843716219  131.132744697   128.7877   5  10   2.0855   2.5961   4.5627   1.1949  -1.7138  -0.6761   0.00    0.0
2014/12/16 18:17:00.000  -12.843715975  131.132745876   128.5497   5  10   2.0857   2.5962   4.5620   1.1917  -1.7013  -0.6824   0.00    0.0
2014/12/16 18:17:30.000  -12.843715095  131.132747489   128.4995   5  10   2.0859   2.5964   4.5615   1.1885  -1.6888  -0.6886   0.00    0.0
2014/12/16 18:18:00.000  -12.843715453  131.132747790   128.5521   5  10   2.0860   2.5966   4.5611   1.1852  -1.6764  -0.6949   0.00    0.0
2014/12/16 18:18:30.000  -12.843715270  131.132746677   128.5151   5  10   2.0861   2.5969   4.5609   1.1818  -1.6639  -0.7012   0.00    0.0
2014/12/16 18:19:00.000  -12.843714410  131.132746747   128.3028   5  10   2.0862   2.5972   4.5609   1.1783  -1.6514  -0.7075   0.00    0.0
2014/12/16 18:19:30.000  -12.843714892  131.132745284   128.3103   5  10   2.0863   2.5975   4.5609   1.1748  -1.6389  -0.7138   0.00    0.0
2014/12/16 18:20:00.000  -12.843715643  131.132744682   128.5148   5  10   2.0864   2.5979   4.5612   1.1711  -1.6264  -0.7201   0.00    0.0
2014/12/16 18:20:30.000  -12.843716153  131.132743808   128.4686   5  10   2.0864   2.5983   4.5616   1.1674  -1.6139  -0.7264   0.00    0.0
2014/12/16 18:21:00.000  -12.843716922  131.132742979   128.2710   5  10   2.0864   2.5988   4.5621   1.1636  -1.6014  -0.7327   0.00    0.0
2014/12/16 18:21:30.000  -12.843717054  131.132743974   128.1816   5  10   2.0864   2.5993   4.5628   1.1597  -1.5889  -0.7390   0.00    0.0
2014/12/16 18:22:00.000  -12.843717431  131.132744108   128.2972   5  10   2.0864   2.5998   4.5637   1.1557  -1.5764  -0.7452   0.00    0.0
2014/12/16 18:22:30.000  -12.843711307  131.132752122   126.9364   5  11   1.8737   2.2071   4.1659   0.2531   0.3470   1.0713   0.00    0.0
2014/12/16 18:23:00.000  -12.843711669  131.132752708   127.1977   5  11   1.8748   2.2095   4.1700   0.2459   0.3818   1.0620   0.00    0.0
2014/12/16 18:23:30.000  -12.843711627  131.132753201   127.1635   5  11   1.8760   2.2120   4.1742   0.2382   0.4136   1.0526   0.00    0.0
2014/12/16 18:24:00.000  -12.843711316  131.132752292   126.8614   5  11   1.8771   2.2144   4.1785   0.2299   0.4431   1.0430   0.00    0.0
2014/12/16 18:24:30.000  -12.843710252  131.132751274   126.6611   5  11   1.8783   2.2169   4.1830   0.2211   0.4708   1.0334   0.00    0.0
2014/12/16 18:25:00.000  -12.843710245  131.132751068   126.5290   5  11   1.8794   2.2194   4.1876   0.2116   0.4969   1.0236   0.00    0.0
2014/12/16 18:25:30.000  -12.843710273  131.132752323   126.5881   5  11   1.8806   2.2220   4.1923   0.2013   0.5216   1.0138   0.00    0.0
2014/12/16 18:26:00.000  -12.843710631  131.132752594   126.9203   5  11   1.8818   2.2245   4.1971   0.1902   0.5452   1.0038   0.00    0.0
2014/12/16 18:26:30.000  -12.843711093  131.132752508   126.8771   5  11   1.8829   2.2271   4.2021   0.1781   0.5678   0.9938   0.00    0.0
2014/12/16 18:27:00.000  -12.843711520  131.132751340   126.5752   5  11   1.8841   2.2297   4.2072   0.1647   0.5894   0.9836   0.00    0.0
2014/12/16 18:27:30.000  -12.843711792  131.132751037   126.5631   5  11   1.8853   2.2323   4.2124   0.1497   0.6103   0.9733   0.00    0.0
2014/12/16 18:28:00.000  -12.843712012  131.132750793   126.7302   5  11   1.8864   2.2350   4.2178   0.1327   0.6305   0.9629   0.00    0.0
2014/12/16 18:28:30.000  -12.843712008  131.132751753   126.8270   5  11   1.8876   2.2376   4.2232   0.1126   0.6501   0.9524   0.00    0.0
2014/12/16 18:29:00.000  -12.843711629  131.132752386   126.7190   5  11   1.8888   2.2403   4.2289   0.0875   0.6690   0.9417   0.00    0.0
2014/12/16 18:29:30.000  -12.843711498  131.132751420   126.5553   5  11   1.8900   2.2430   4.2346   0.0503   0.6874   0.9310   0.00    0.0
2014/12/16 18:30:00.000  -12.843710789  131.132750707   126.4588   5  11   1.8912   2.2457   4.2405  -0.0520   0.7054   0.9201   0.00    0.0
2014/12/16 18:30:30.000  -12.843710635  131.132751143   126.5140   5  11   1.8923   2.2484   4.2465  -0.0896   0.7228   0.9091   0.00    0.0
2014/12/16 18:31:00.000  -12.843709945  131.132753192   126.3372   5  11   1.8935   2.2511   4.2527  -0.1160   0.7398   0.8980   0.00    0.0
2014/12/16 18:31:30.000  -12.843709575  131.132753300   126.3874   5  11   1.8947   2.2539   4.2590  -0.1377   0.7565   0.8868   0.00    0.0
2014/12/16 18:32:00.000  -12.843710363  131.132754100   126.7357   5  11   1.8959   2.2567   4.2654  -0.1568   0.7727   0.8754   0.00    0.0
2014/12/16 18:32:30.000  -12.843711307  131.132752692   126.9155   5  11   1.8971   2.2595   4.2720  -0.1740   0.7887   0.8640   0.00    0.0
2014/12/16 18:33:00.000  -12.843711813  131.132750785   126.7418   5  11   1.8983   2.2623   4.2787  -0.1899   0.8043   0.8523   0.00    0.0
2014/12/16 18:33:30.000  -12.843711351  131.132750313   126.6022   5  11   1.8995   2.2651   4.2855  -0.2047   0.8195   0.8406   0.00    0.0
2014/12/16 18:34:00.000  -12.843710604  131.132751064   126.4669   5  11   1.9008   2.2679   4.2925  -0.2187   0.8345   0.8287   0.00    0.0
2014/12/16 18:34:30.000  -12.843710257  131.132750865   126.3284   5  11   1.9020   2.2708   4.2996  -0.2321   0.8492   0.8167   0.00    0.0
2014/12/16 18:35:00.000  -12.843710350  131.132750694   126.6137   5  11   1.9032   2.2737   4.3069  -0.2448   0.8637   0.8046   0.00    0.0
2014/12/16 18:35:30.000  -12.843710920  131.132751500   126.7064   5  11   1.9044   2.2766   4.3143  -0.2571   0.8779   0.7923   0.00    0.0
2014/12/16 18:36:00.000  -12.843711429  131.132751230   126.7757   5  11   1.9056   2.2795   4.3219  -0.2689   0.8919   0.7798   0.00    0.0
2014/12/16 18:36:30.000  -12.843712032  131.132751819   126.8312   5  11   1.9069   2.2824   4.3295  -0.2804   0.9056   0.7673   0.00    0.0
2014/12/16 18:37:00.000  -12.843711403  131.132751041   126.7045   5  11   1.9081   2.2853   4.3374  -0.2914   0.9191   0.7545   0.00    0.0
2014/12/16 18:37:30.000  -12.843710547  131.132751762   126.4898   5  11   1.9093   2.2882   4.3453  -0.3022   0.9325   0.7417   0.00    0.0
2014/12/16 18:38:00.000  -12.843710100  131.132751930   126.3980   5  11   1.9105   2.2912   4.3535  -0.3127   0.9456   0.7286   0.00    0.0
2014/12/16 18:38:30.000  -12.843710124  131.132750581   126.2491   5  11   1.9118   2.2942   4.3617  -0.3229   0.9585   0.7154   0.00    0.0
2014/12/16 18:39:00.000  -12.843711138  131.132750619   126.4729   5  11   1.9130   2.2972   4.3701  -0.3329   0.9712   0.7021   0.00    0.0
2014/12/16 18:39:30.000  -12.843711606  131.132751282   126.6097   5  11   1.9143   2.3002   4.3786  -0.3427   0.9838   0.6885   0.00    0.0
2014/12/16 18:40:00.000  -12.843711036  131.132751313   126.3008   5  11   1.9155   2.3032   4.3873  -0.3522   0.9962   0.6748   0.00    0.0
2014/12/16 18:40:30.000  -12.843711630  131.132751646   126.4691   5  11   1.9168   2.3062   4.3961  -0.3616   1.0084   0.6609   0.00    0.0
2014/12/16 18:41:00.000  -12.843712636  131.132750475   126.5976   5  11   1.9180   2.3092   4.4051  -0.3707   1.0205   0.6468   0.00    0.0
2014/12/16 18:41:30.000  -12.843712602  131.132749274   126.4019   5  11   1.9193   2.3123   4.4142  -0.3797   1.0324   0.6326   0.00    0.0
2014/12/16 18:42:00.000  -12.843711362  131.132750404   126.1500   5  11   1.9205   2.3154   4.4234  -0.3885   1.0441   0.6181   0.00    0.0
2014/12/16 18:42:30.000  -12.843710658  131.132750485   126.2136   5  11   1.9218   2.3184   4.4328  -0.3971   1.0557   0.6034   0.00    0.0
2014/12/16 18:43:00.000  -12.843707008  131.132749590   125.4014   5  10   2.3822   2.3226   5.1595  -0.5163   1.1530  -1.8285   0.00    0.0
2014/12/16 18:43:30.000  -12.843706191  131.132748786   125.2257   5  10   2.3835   2.3259   5.1827  -0.5278   1.1685  -1.8448   0.00    0.0
2014/12/16 18:44:00.000  -12.843706091  131.132749771   125.3188   5  10   2.3849   2.3291   5.2059  -0.5391   1.1839  -1.8609   0.00    0.0
2014/12/16 18:44:30.000  -12.843705995  131.132750367   125.1431   5  10   2.3861   2.3323   5.2294  -0.5501   1.1992  -1.8767   0.00    0.0
2014/12/16 18:45:00.000  -12.843705938  131.132751577   125.0289   5  10   2.3873   2.3356   5.2530  -0.5608   1.2143  -1.8922   0.00    0.0
2014/12/16 18:45:30.000  -12.843706473  131.132752235   125.1574   5  10   2.3885   2.3389   5.2767  -0.5714   1.2293  -1.9075   0.00    0.0
2014/12/16 18:46:00.000  -12.843707141  131.132751250   125.2264   5  10   2.3896   2.3421   5.3006  -0.5817   1.2441  -1.9224   0.00    0.0
2014/12/16 18:46:30.000  -12.843707651  131.132750802   125.3984   5  10   2.3907   2.3454   5.3245  -0.5918   1.2587  -1.9372   0.00    0.0
2014/12/16 18:47:00.000  -12.843706942  131.132751044   125.3342   5  10   2.3917   2.3487   5.3486  -0.6018   1.2733  -1.9516   0.00    0.0
2014/12/16 18:47:30.000  -12.843704474  131.132750605   124.6417   5  10   2.3926   2.3521   5.3729  -0.6115   1.2877  -1.9657   0.00    0.0
2014/12/16 18:48:00.000  -12.843705101  131.132750407   124.6108   5  10   2.3935   2.3554   5.3972  -0.6210   1.3019  -1.9796   0.00    0.0
2014/12/16 18:48:30.000  -12.843707146  131.132751179   125.0964   5  10   2.3943   2.3588   5.4216  -0.6303   1.3160  -1.9932   0.00    0.0
2014/12/16 18:49:00.000  -12.843707540  131.132750860   125.2147   5  10   2.3951   2.3621   5.4461  -0.6393   1.3299  -2.0064   0.00    0.0
2014/12/16 18:49:30.000  -12.843707965  131.132750671   125.1827   5  10   2.3958   2.3655   5.4707  -0.6482   1.3437  -2.0194   0.00    0.0
2014/12/16 18:50:00.000  -12.843707852  131.132749756   124.9599   5  10   2.3964   2.3689   5.4953  -0.6569   1.3573  -2.0321   0.00    0.0
2014/12/16 18:50:30.000  -12.843707591  131.132749906   125.1083   5  10   2.3970   2.3722   5.5201  -0.6654   1.3707  -2.0445   0.00    0.0
2014/12/16 18:51:00.000  -12.843710507  131.132752048   125.9894   5  11   1.9793   2.3014   4.5858   0.5857   0.2818  -0.1131   0.00    0.0
2014/12/16 18:51:30.000  -12.843709248  131.132751968   125.8283   5  11   1.9795   2.3034   4.6065   0.5835   0.2981  -0.2028   0.00    0.0
2014/12/16 18:52:00.000  -12.843708565  131.132753034   125.9320   5  11   1.9796   2.3053   4.6273   0.5814   0.3134  -0.2631   0.00    0.0
2014/12/16 18:52:30.000  -12.843708640  131.132752148   125.8950   5  11   1.9798   2.3073   4.6485   0.5794   0.3279  -0.3115   0.00    0.0
2014/12/16 18:53:00.000  -12.843709405  131.132752535   125.8464   5  11   1.9800   2.3093   4.6698   0.5773   0.3417  -0.3530   0.00    0.0
2014/12/16 18:53:30.000  -12.843709607  131.132752377   125.7962   5  11   1.9802   2.3112   4.6913   0.5752   0.3549  -0.3897   0.00    0.0
2014/12/16 18:54:00.000  -12.843709244  131.132751354   125.5290   5  11   1.9804   2.3132   4.7131   0.5732   0.3675  -0.4230   0.00    0.0
2014/12/16 18:54:30.000  -12.843708973  131.132752377   125.2747   5  11   1.9806   2.3151   4.7351   0.5712   0.3795  -0.4535   0.00    0.0
2014/12/16 18:55:00.000  -12.843708944  131.132752708   125.3569   5  11   1.9808   2.3171   4.7572   0.5692   0.3911  -0.4817   0.00    0.0
2014/12/16 18:55:30.000  -12.843708698  131.132751998   125.3801   5  11   1.9810   2.3191   4.7796   0.5672   0.4022  -0.5081   0.00    0.0
2014/12/16 18:56:00.000  -12.843709265  131.132751357   125.3737   5  11   1.9812   2.3210   4.8022   0.5653   0.4130  -0.5329   0.00    0.0
2014/12/16 18:56:30.000  -12.843709852  131.132750744   125.4369   5  11   1.9815   2.3230   4.8250   0.5634   0.4233  -0.5563   0.00    0.0
2014/12/16 18:57:00.000  -12.843708766  131.132750837   125.2666   5  11   1.9817   2.3250   4.8480   0.5616   0.4333  -0.5785   0.00    0.0
2014/12/16 18:57:30.000  -12.843707550  131.132750791   124.9603   5  11   1.9820   2.3269   4.8711   0.5597   0.4430  -0.5995   0.00    0.0
2014/12/16 18:58:00.000  -12.843706548  131.132751215   124.8394   5  11   1.9822   2.3289   4.8945   0.5580   0.4523  -0.6196   0.00    0.0
2014/12/16 18:58:30.000  -12.843706777  131.132751312   124.8817   5  11   1.9825   2.3309   4.9181   0.5562   0.4613  -0.6387   0.00    0.0
2014/12/16 18:59:00.000  -12.843707522  131.132750549   124.8392   5  11   1.9828   2.3329   4.9418   0.5545   0.4700  -0.6570   0.00    0.0
2014/12/16 18:59:30.000  -12.843707353  131.132750848   124.8461   5  11   1.9831   2.3349   4.9658   0.5529   0.4785  -0.6745   0.00    0.0
2014/12/16 19:00:00.000  -12.843711845  131.132749388   125.0827   5  10   2.1273   2.3428   4.9439   0.7633   0.6123  -0.8245   0.00    0.0
2014/12/16 19:00:30.000  -12.843713271  131.132750335   124.7160   5   9   2.2449   2.4762   5.4756   0.0889  -1.2067   0.9650   0.00    0.0
2014/12/16 19:01:00.000  -12.843713086  131.132750382   124.6742   5   9   2.2439   2.4764   5.5097   0.1013  -1.2103   0.9512   0.00    0.0
2014/12/16 19:01:30.000  -12.843712941  131.132750668   124.6840   5   9   2.2430   2.4766   5.5442   0.1125  -1.2139   0.9374   0.00    0.0
2014/12/16 19:02:00.000  -12.843712954  131.132750754   125.0187   5   9   2.2420   2.4768   5.5792   0.1228  -1.2177   0.9236   0.00    0.0
2014/12/16 19:02:30.000  -12.843713752  131.132749655   125.1838   5   9   2.2411   2.4770   5.6146   0.1324  -1.2216   0.9097   0.00    0.0
2014/12/16 19:03:00.000  -12.843713708  131.132749013   125.0008   5   9   2.2402   2.4773   5.6504   0.1414  -1.2257   0.8958   0.00    0.0
2014/12/16 19:03:30.000  -12.843712958  131.132747946   124.5622   5   9   2.2393   2.4776   5.6867   0.1500  -1.2298   0.8818   0.00    0.0
2014/12/16 19:04:00.000  -12.843711258  131.132748493   124.2239   5   9   2.2384   2.4779   5.7234   0.1583  -1.2341   0.8678   0.00    0.0
2014/12/16 19:04:30.000  -12.843711087  131.132748656   124.0358   5   9   2.2376   2.4783   5.7606   0.1661  -1.2385   0.8538   0.00    0.0
2014/12/16 19:05:00.000  -12.843710959  131.132747416   124.0364   5   9   2.2367   2.4787   5.7982   0.1737  -1.2430   0.8397   0.00    0.0
2014/12/16 19:05:30.000  -12.843710883  131.132747804   123.9582   5   9   2.2359   2.4791   5.8362   0.1811  -1.2477   0.8256   0.00    0.0
2014/12/16 19:06:00.000  -12.843710672  131.132748078   124.0362   5   9   2.2351   2.4796   5.8747   0.1882  -1.2525   0.8115   0.00    0.0
2014/12/16 19:06:30.000  -12.843711006  131.132749517   124.0732   5   9   2.2343   2.4800   5.9137   0.1952  -1.2574   0.7974   0.00    0.0
2014/12/16 19:07:00.000  -12.843710869  131.132749425   123.9295   5   9   2.2335   2.4805   5.9531   0.2019  -1.2624   0.7833   0.00    0.0
2014/12/16 19:07:30.000  -12.843711289  131.132749434   124.2858   5   9   2.2327   2.4811   5.9929   0.2085  -1.2676   0.7691   0.00    0.0
2014/12/16 19:08:00.000  -12.843710604  131.132749778   124.2405   5   9   2.2319   2.4816   6.0332   0.2149  -1.2729   0.7550   0.00    0.0
2014/12/16 19:08:30.000  -12.843710279  131.132749351   124.5892   5   9   2.2312   2.4822   6.0739   0.2212  -1.2783   0.7408   0.00    0.0
2014/12/16 19:09:00.000  -12.843710292  131.132749114   124.8588   5   9   2.2305   2.4828   6.1150   0.2274  -1.2838   0.7267   0.00    0.0
2014/12/16 19:09:30.000  -12.843710394  131.132748531   124.5152   5   9   2.2298   2.4835   6.1566   0.2334  -1.2895   0.7126   0.00    0.0
2014/12/16 19:10:00.000  -12.843710515  131.132748304   124.2231   5   9   2.2291   2.4842   6.1986   0.2393  -1.2953   0.6986   0.00    0.0
2014/12/16 19:10:30.000  -12.843709649  131.132748439   124.3341   5   9   2.2284   2.4849   6.2411   0.2451  -1.3012   0.6846   0.00    0.0
2014/12/16 19:11:00.000  -12.843709357  131.132747568   124.3562   5   9   2.2278   2.4856   6.2840   0.2508  -1.3072   0.6707   0.00    0.0
2014/12/16 19:11:30.000  -12.843708995  131.132748165   124.0117   5   9   2.2272   2.4864   6.3273   0.2564  -1.3133   0.6568   0.00    0.0
2014/12/16 19:12:00.000  -12.843708297  131.132748400   123.3115   5   9   2.2265   2.4872   6.3710   0.2619  -1.3196   0.6431   0.00    0.0
2014/12/16 19:12:30.000  -12.843707982  131.132747506   123.3583   5   9   2.2260   2.4880   6.4152   0.2673  -1.3259   0.6294   0.00    0.0
2014/12/16 19:13:00.000  -12.843708260  131.132746977   123.6105   5   9   2.2254   2.4889   6.4597   0.2726  -1.3324   0.6159   0.00    0.0
2014/12/16 19:13:30.000  -12.843708534  131.132747249   123.9555   5   9   2.2248   2.4898   6.5047   0.2778  -1.3390   0.6026   0.00    0.0
2014/12/16 19:14:00.000  -12.843708589  131.132747633   123.9855   5   9   2.2243   2.4907   6.5500   0.2829  -1.3457   0.5895   0.00    0.0
2014/12/16 19:14:30.000  -12.843709163  131.132747306   123.8667   5   9   2.2238   2.4917   6.5958   0.2880  -1.3525   0.5765   0.00    0.0
2014/12/16 19:15:00.000  -12.843709017  131.132747087   123.8471   5   9   2.2233   2.4927   6.6419   0.2929  -1.3594   0.5638   0.00    0.0
2014/12/16 19:15:30.000  -12.843709074  131.132746558   123.7178   5   9   2.2229   2.4937   6.6885   0.2978  -1.3663   0.5514   0.00    0.0
2014/12/16 19:16:00.000  -12.843709050  131.132747068   123.8318   5   9   2.2224   2.4947   6.7354   0.3026  -1.3734   0.5393   0.00    0.0
2014/12/16 19:16:30.000  -12.843709496  131.132746770   123.9788   5   9   2.2220   2.4958   6.7826   0.3074  -1.3806   0.5275   0.00    0.0
2014/12/16 19:17:00.000  -12.843709671  131.132746575   124.1536   5   9   2.2216   2.4969   6.8302   0.3120  -1.3879   0.5162   0.00    0.0
2014/12/16 19:17:30.000  -12.843708848  131.132747278   124.3439   5   9   2.2212   2.4980   6.8782   0.3166  -1.3952   0.5052   0.00    0.0
2014/12/16 19:18:00.000  -12.843708992  131.132747560   124.3744   5   9   2.2209   2.4992   6.9265   0.3211  -1.4026   0.4948   0.00    0.0
2014/12/16 19:18:30.000  -12.843708999  131.132747612   124.4055   5   9   2.2205   2.5004   6.9750   0.3255  -1.4101   0.4849   0.00    0.0
2014/12/16 19:19:00.000  -12.843707889  131.132747272   124.4327   5   9   2.2202   2.5016   7.0239   0.3298  -1.4177   0.4757   0.00    0.0
2014/12/16 19:19:30.000  -12.843707959  131.132746296   124.0604   5   9   2.2200   2.5028   7.0731   0.3341  -1.4253   0.4670   0.00    0.0
2014/12/16 19:20:00.000  -12.843707640  131.132746924   123.7858   5   9   2.2197   2.5041   7.1226   0.3383  -1.4330   0.4592   0.00    0.0
2014/12/16 19:20:30.000  -12.843707875  131.132748380   123.8272   5   9   2.2195   2.5054   7.1723   0.3424  -1.4408   0.4521   0.00    0.0
2014/12/16 19:21:00.000  -12.843708337  131.132747565   123.9053   5   9   2.2193   2.5068   7.2223   0.3464  -1.4486   0.4458   0.00    0.0
2014/12/16 19:21:30.000  -12.843708310  131.132747074   124.0960   5   9   2.2191   2.5082   7.2725   0.3504  -1.4564   0.4405   0.00    0.0
2014/12/16 19:22:00.000  -12.843707931  131.132747353   124.0890   5   9   2.2189   2.5096   7.3229   0.3543  -1.4643   0.4361   0.00    0.0
2014/12/16 19:22:30.000  -12.843708162  131.132747182   123.9934   5   9   2.2188   2.5110   7.3735   0.3581  -1.4721   0.4328   0.00    0.0
2014/12/16 19:23:00.000  -12.843708215  131.132747180   123.9281   5   9   2.2187   2.5124   7.4243   0.3618  -1.4800   0.4305   0.00    0.0
2014/12/16 19:23:30.000  -12.843708341  131.132746419   124.3181   5   9   2.2186   2.5139   7.4752   0.3655  -1.4880   0.4294   0.00    0.0
2014/12/16 19:24:00.000  -12.843708869  131.132745919   124.2641   5   9   2.2186   2.5154   7.5262   0.3690  -1.4959   0.4295   0.00    0.0
2014/12/16 19:24:30.000  -12.843709820  131.132745697   124.0337   5   9   2.2186   2.5170   7.5774   0.3725  -1.5038   0.4308   0.00    0.0
2014/12/16 19:25:00.000  -12.843709427  131.132746572   124.2288   5   9   2.2186   2.5186   7.6286   0.3760  -1.5117   0.4332   0.00    0.0
2014/12/16 19:25:30.000  -12.843708844  131.132747556   124.6123   5   9   2.2186   2.5202   7.6798   0.3793  -1.5196   0.4369   0.00    0.0
2014/12/16 19:26:00.000  -12.843708240  131.132747684   124.5844   5   9   2.2187   2.5218   7.7311   0.3826  -1.5274   0.4419   0.00    0.0
2014/12/16 19:26:30.000  -12.843708423  131.132747439   124.5984   5   9   2.2188   2.5235   7.7824   0.3857  -1.5352   0.4480   0.00    0.0
2014/12/16 19:27:00.000  -12.843708150  131.132746723   124.5780   5   9   2.2189   2.5251   7.8337   0.3888  -1.5430   0.4553   0.00    0.0
2014/12/16 19:27:30.000  -12.843707525  131.132746695   124.4967   5   9   2.2190   2.5269   7.8849   0.3919  -1.5507   0.4638   0.00    0.0
2014/12/16 19:28:00.000  -12.843707426  131.132747426   124.8760   5   9   2.2192   2.5286   7.9360   0.3948  -1.5583   0.4734   0.00    0.0
2014/12/16 19:28:30.000  -12.843707696  131.132746468   125.0228   5   9   2.2194   2.5304   7.9870   0.3976  -1.5658   0.4840   0.00    0.0
2014/12/16 19:29:00.000  -12.843707504  131.132745101   124.8187   5   9   2.2197   2.5322   8.0379   0.4004  -1.5733   0.4957   0.00    0.0
2014/12/16 19:29:30.000  -12.843707810  131.132745839   124.8519   5   9   2.2200   2.5340   8.0885   0.4031  -1.5806   0.5084   0.00    0.0
2014/12/16 19:30:00.000  -12.843707847  131.132746079   124.9344   5   9   2.2203   2.5358   8.1390   0.4057  -1.5879   0.5220   0.00    0.0
2014/12/16 19:30:30.000  -12.843707636  131.132746453   124.8031   5   9   2.2206   2.5377   8.1892   0.4082  -1.5950   0.5365   0.00    0.0
2014/12/16 19:31:00.000  -12.843707379  131.132746364   124.6826   5   9   2.2210   2.5396   8.2390   0.4107  -1.6019   0.5518   0.00    0.0
2014/12/16 19:31:30.000  -12.843707380  131.132747162   124.6185   5   9   2.2214   2.5415   8.2886   0.4130  -1.6087   0.5678   0.00    0.0
2014/12/16 19:32:00.000  -12.843707884  131.132747014   124.6147   5   9   2.2219   2.5435   8.3378   0.4153  -1.6154   0.5846   0.00    0.0
2014/12/16 19:32:30.000  -12.843708238  131.132746355   124.9507   5   9   2.2224   2.5454   8.3866   0.4175  -1.6219   0.6021   0.00    0.0
2014/12/16 19:33:00.000  -12.843708929  131.132746058   125.0974   5   9   2.2229   2.5474   8.4349   0.4196  -1.6281   0.6202   0.00    0.0
2014/12/16 19:33:30.000  -12.843708667  131.132746724   125.2424   5   9   2.2234   2.5494   8.4828   0.4216  -1.6342   0.6389   0.00    0.0
2014/12/16 19:34:00.000  -12.843709090  131.132747424   125.2830   5   9   2.2240   2.5515   8.5301   0.4235  -1.6401   0.6581   0.00    0.0
2014/12/16 19:34:30.000  -12.843708747  131.132748016   125.5546   5   9   2.2247   2.5535   8.5768   0.4253  -1.6457   0.6778   0.00    0.0
2014/12/16 19:35:00.000  -12.843707693  131.132747260   125.6817   5   9   2.2253   2.5556   8.6230   0.4271  -1.6511   0.6980   0.00    0.0
2014/12/16 19:35:30.000  -12.843707501  131.132746302   125.6572   5   9   2.2260   2.5577   8.6685   0.4288  -1.6563   0.7186   0.00    0.0
2014/12/16 19:36:00.000  -12.843707200  131.132745668   126.0553   5   9   2.2268   2.5599   8.7133   0.4304  -1.6611   0.7396   0.00    0.0
2014/12/16 19:36:30.000  -12.843706990  131.132744449   125.7357   5   9   2.2276   2.5620   8.7574   0.4319  -1.6657   0.7610   0.00    0.0
2014/12/16 19:37:00.000  -12.843706892  131.132743693   125.5009   5   9   2.2284   2.5642   8.8007   0.4333  -1.6700   0.7827   0.00    0.0
2014/12/16 19:37:30.000  -12.843707038  131.132744193   125.5474   5   9   2.2293   2.5664   8.8432   0.4346  -1.6740   0.8047   0.00    0.0
2014/12/16 19:38:00.000  -12.843707370  131.132744470   125.3965   5   9   2.2302   2.5686   8.8849   0.4359  -1.6776   0.8270   0.00    0.0
2014/12/16 19:38:30.000  -12.843706903  131.132745260   125.4907   5   9   2.2311   2.5709   8.9256   0.4370  -1.6810   0.8495   0.00    0.0
2014/12/16 19:39:00.000  -12.843707114  131.132744667   125.3471   5   9   2.2321   2.5731   8.9654   0.4381  -1.6839   0.8722   0.00    0.0
2014/12/16 19:39:30.000  -12.843707509  131.132744596   125.3526   5   9   2.2332   2.5754   9.0043   0.4392  -1.6865   0.8951   0.00    0.0
2014/12/16 19:40:00.000  -12.843708235  131.132745215   125.3804   5   9   2.2343   2.5777   9.0421   0.4401  -1.6888   0.9182   0.00    0.0
2014/12/16 19:40:30.000  -12.843708012  131.132745746   125.4303   5   9   2.2354   2.5800   9.0789   0.4410  -1.6906   0.9414   0.00    0.0
2014/12/16 19:41:00.000  -12.843707184  131.132746526   125.5703   5   9   2.2366   2.5824   9.1146   0.4417  -1.6920   0.9648   0.00    0.0
2014/12/16 19:41:30.000  -12.843706533  131.132745448   125.8014   5   9   2.2378   2.5847   9.1492   0.4425  -1.6931   0.9882   0.00    0.0
2014/12/16 19:42:00.000  -12.843706454  131.132745517   125.7654   5   9   2.2391   2.5871   9.1826   0.4431  -1.6937   1.0118   0.00    0.0
2014/12/16 19:42:30.000  -12.843705794  131.132745822   125.9737   5   9   2.2404   2.5895   9.2148   0.4437  -1.6938   1.0353   0.00    0.0
2014/12/16 19:43:00.000  -12.843705011  131.132746227   126.3350   5   9   2.2418   2.5919   9.2458   0.4442  -1.6935   1.0590   0.00    0.0
2014/12/16 19:43:30.000  -12.843705052  131.132746482   126.0887   5   9   2.2432   2.5944   9.2756   0.4446  -1.6928   1.0826   0.00    0.0
2014/12/16 19:44:00.000  -12.843705095  131.132746647   125.8535   5   9   2.2446   2.5968   9.3041   0.4450  -1.6916   1.1062   0.00    0.0
2014/12/16 19:44:30.000  -12.843705665  131.132745693   125.6559   5   9   2.2462   2.5993   9.3313   0.4453  -1.6899   1.1298   0.00    0.0
2014/12/16 19:45:00.000  -12.843706036  131.132745605   125.6265   5   9   2.2477   2.6018   9.3571   0.4455  -1.6877   1.1534   0.00    0.0
2014/12/16 19:45:30.000  -12.843705842  131.132745164   125.6307   5   9   2.2493   2.6043   9.3816   0.4457  -1.6850   1.1769   0.00    0.0
2014/12/16 19:46:00.000  -12.843705828  131.132744045   125.6979   5   9   2.2510   2.6069   9.4048   0.4459  -1.6818   1.2004   0.00    0.0
2014/12/16 19:46:30.000  -12.843705225  131.132744246   125.8054   5   9   2.2527   2.6094   9.4265   0.4459  -1.6781   1.2237   0.00    0.0
2014/12/16 19:47:00.000  -12.843705332  131.132743616   125.7165   5   9   2.2545   2.6120   9.4469   0.4460  -1.6738   1.2469   0.00    0.0
2014/12/16 19:47:30.000  -12.843705237  131.132743913   126.0155   5   9   2.2563   2.6146   9.4658   0.4460  -1.6690   1.2700   0.00    0.0
2014/12/16 19:48:00.000  -12.843705622  131.132744298   126.2650   5   9   2.2582   2.6173   9.4833   0.4459  -1.6637   1.2930   0.00    0.0
2014/12/16 19:48:30.000  -12.843706147  131.132744010   126.2364   5   9   2.2601   2.6199   9.4994   0.4458  -1.6578   1.3158   0.00    0.0
2014/12/16 19:49:00.000  -12.843706506  131.132743848   125.7475   5   9   2.2621   2.6226   9.5141   0.4456  -1.6514   1.3385   0.00    0.0
2014/12/16 19:49:30.000  -12.843707618  131.132743085   125.7140   5   9   2.2641   2.6253   9.5273   0.4455  -1.6444   1.3610   0.00    0.0
2014/12/16 19:50:00.000  -12.843707170  131.132743285   125.7535   5   9   2.2662   2.6280   9.5390   0.4452  -1.6368   1.3833   0.00    0.0
2014/12/16 19:50:30.000  -12.843706069  131.132744214   126.1432   5   9   2.2683   2.6308   9.5494   0.4450  -1.6287   1.4054   0.00    0.0
2014/12/16 19:51:00.000  -12.843704825  131.132743863   126.2807   5   9   2.2705   2.6336   9.5583   0.4447  -1.6200   1.4272   0.00    0.0
2014/12/16 19:51:30.000  -12.843704913  131.132744609   125.7556   5   9   2.2727   2.6364   9.5657   0.4444  -1.6107   1.4489   0.00    0.0
2014/12/16 19:52:00.000  -12.843705123  131.132744118   125.5736   5   9   2.2750   2.6392   9.5718   0.4440  -1.6008   1.4703   0.00    0.0
2014/12/16 19:52:30.000  -12.843705518  131.132743743   125.6469   5   9   2.2773   2.6421   9.5764   0.4437  -1.5903   1.4914   0.00    0.0
2014/12/16 19:53:00.000  -12.843705840  131.132744213   125.8597   5   9   2.2797   2.6450   9.5796   0.4433  -1.5792   1.5123   0.00    0.0
2014/12/16 19:53:30.000  -12.843706915  131.132743750   125.6928   5   9   2.2821   2.6479   9.5815   0.4429  -1.5675   1.5329   0.00    0.0
2014/12/16 19:54:00.000  -12.843706485  131.132743914   125.9685   5   9   2.2846   2.6508   9.5820   0.4424  -1.5553   1.5533   0.00    0.0
2014/12/16 19:54:30.000  -12.843705117  131.132744528   126.0911   5   9   2.2871   2.6538   9.5811   0.4420  -1.5424   1.5734   0.00    0.0
2014/12/16 19:55:00.000  -12.843704587  131.132744712   126.0268   5   9   2.2897   2.6568   9.5789   0.4415  -1.5289   1.5931   0.00    0.0
2014/12/16 19:55:30.000  -12.843704832  131.132744704   125.8580   5   9   2.2923   2.6599   9.5754   0.4410  -1.5147   1.6126   0.00    0.0
2014/12/16 19:56:00.000  -12.843703866  131.132744538   125.9961   5   9   2.2950   2.6630   9.5707   0.4406  -1.5000   1.6318   0.00    0.0
2014/12/16 19:56:30.000  -12.843703566  131.132745786   126.3195   5   9   2.2977   2.6661   9.5647   0.4401  -1.4846   1.6507   0.00    0.0
2014/12/16 19:57:00.000  -12.843703895  131.132745561   126.5427   5   9   2.3005   2.6693   9.5575   0.4395  -1.4686   1.6693   0.00    0.0
2014/12/16 19:57:30.000  -12.843703328  131.132746064   126.2942   5   9   2.3033   2.6725   9.5491   0.4390  -1.4520   1.6876   0.00    0.0
2014/12/16 19:58:00.000  -12.843703320  131.132746003   125.9863   5   9   2.3061   2.6757   9.5395   0.4385  -1.4347   1.7056   0.00    0.0
2014/12/16 19:58:30.000  -12.843703049  131.132745260   125.7469   5   9   2.3090   2.6790   9.5288   0.4379  -1.4167   1.7232   0.00    0.0
2014/12/16 19:59:00.000  -12.843703332  131.132745112   125.6699   5   9   2.3120   2.6823   9.5170   0.4374  -1.3981   1.7405   0.00    0.0
2014/12/16 19:59:30.000  -12.843703440  131.132744797   125.7774   5   9   2.3150   2.6857   9.5042   0.4368  -1.3788   1.7575   0.00    0.0
2014/12/16 20:00:00.000  -12.843703743  131.132745099   125.9085   5   9   2.3180   2.6891   9.4903   0.4363  -1.3589   1.7742   0.00    0.0
2014/12/16 20:00:30.000  -12.843704306  131.132745431   125.8396   5   9   2.3211   2.6925   9.4755   0.4357  -1.3382   1.7906   0.00    0.0
2014/12/16 20:01:00.000  -12.843703315  131.132745479   126.1518   5   9   2.3242   2.6960   9.4597   0.4351  -1.3169   1.8066   0.00    0.0
2014/12/16 20:01:30.000  -12.843702495  131.132745925   126.1568   5   9   2.3274   2.6996   9.4429   0.4345  -1.2948   1.8223   0.00    0.0
2014/12/16 20:02:00.000  -12.843702662  131.132746674   125.9195   5   9   2.3306   2.7032   9.4253   0.4339  -1.2720   1.8377   0.00    0.0
2014/12/16 20:02:30.000  -12.843703569  131.132746088   125.7869   5   9   2.3338   2.7068   9.4069   0.4332  -1.2484   1.8528   0.00    0.0
2014/12/16 20:03:00.000  -12.843703097  131.132746461   125.6966   5   9   2.3371   2.7105   9.3877   0.4326  -1.2240   1.8676   0.00    0.0
2014/12/16 20:03:30.000  -12.843703456  131.132746428   125.5777   5   9   2.3404   2.7143   9.3677   0.4320  -1.1988   1.8820   0.00    0.0
2014/12/16 20:04:00.000  -12.843703946  131.132746948   125.2529   5   9   2.3437   2.7181   9.3469   0.4313  -1.1728   1.8962   0.00    0.0
2014/12/16 20:04:30.000  -12.843703545  131.132746930   125.2228   5   9   2.3471   2.7219   9.3255   0.4306  -1.1458   1.9100   0.00    0.0
2014/12/16 20:05:00.000  -12.843703648  131.132746996   125.4724   5   9   2.3505   2.7258   9.3034   0.4299  -1.1179   1.9235   0.00    0.0
2014/12/16 20:05:30.000  -12.843703463  131.132747443   125.6016   5   9   2.3540   2.7298   9.2807   0.4291  -1.0891   1.9368   0.00    0.0
2014/12/16 20:06:00.000  -12.843702436  131.132746352   125.7693   5   9   2.3575   2.7338   9.2575   0.4284  -1.0592   1.9497   0.00    0.0
2014/12/16 20:06:30.000  -12.843702261  131.132745829   125.8343   5   9   2.3610   2.7379   9.2336   0.4276  -1.0281   1.9623   0.00    0.0
2014/12/16 20:07:00.000  -12.843702559  131.132745521   125.7597   5   9   2.3645   2.7420   9.2093   0.4268  -0.9959   1.9746   0.00    0.0
2014/12/16 20:07:30.000  -12.843703489  131.132746428   125.2264   5   9   2.3681   2.7462   9.1845   0.4259  -0.9623   1.9867   0.00    0.0
2014/12/16 20:08:00.000  -12.843702621  131.132746890   125.3138   5   9   2.3717   2.7505   9.1593   0.4251  -0.9274   1.9985   0.00    0.0
2014/12/16 20:08:30.000  -12.843701813  131.132746908   125.7345   5   9   2.3754   2.7548   9.1336   0.4241  -0.8908   2.0100   0.00    0.0
2014/12/16 20:09:00.000  -12.843701709  131.132746551   125.8182   5   9   2.3790   2.7592   9.1076   0.4232  -0.8525   2.0212   0.00    0.0
2014/12/16 20:09:30.000  -12.843701869  131.132746668   125.5986   5   9   2.3827   2.7636   9.0813   0.4222  -0.8122   2.0321   0.00    0.0
2014/12/16 20:10:00.000  -12.843701666  131.132745849   124.9385   5  10   2.3714   2.6651   7.9234   0.6141  -1.9675   2.3116   0.00    0.0
2014/12/16 20:10:30.000  -12.843702534  131.132745461   124.6388   5  10   2.3751   2.6666   7.9222   0.6164  -1.9528   2.3185   0.00    0.0
2014/12/16 20:11:00.000  -12.843702792  131.132745660   124.7188   5  10   2.3788   2.6681   7.9204   0.6186  -1.9377   2.3252   0.00    0.0
2014/12/16 20:11:30.000  -12.843702533  131.132745646   124.8928   5  10   2.3825   2.6696   7.9180   0.6209  -1.9221   2.3318   0.00    0.0
2014/12/16 20:12:00.000  -12.843701774  131.132745551   124.8872   5  10   2.3863   2.6711   7.9151   0.6232  -1.9061   2.3382   0.00    0.0
2014/12/16 20:12:30.000  -12.843702519  131.132744882   124.8085   5  10   2.3900   2.6727   7.9116   0.6256  -1.8897   2.3445   0.00    0.0
2014/12/16 20:13:00.000  -12.843702290  131.132744772   124.7881   5  10   2.3937   2.6742   7.9076   0.6280  -1.8728   2.3507   0.00    0.0
2014/12/16 20:13:30.000  -12.843701800  131.132746069   124.8913   5  10   2.3975   2.6758   7.9031   0.6304  -1.8555   2.3568   0.00    0.0
2014/12/16 20:14:00.000  -12.843701510  131.132746093   124.9696   5  10   2.4013   2.6775   7.8982   0.6328  -1.8377   2.3627   0.00    0.0
2014/12/16 20:14:30.000  -12.843700783  131.132745872   124.8704   5  10   2.4051   2.6791   7.8927   0.6352  -1.8195   2.3685   0.00    0.0
2014/12/16 20:15:00.000  -12.843701037  131.132744911   124.5172   5  10   2.4089   2.6808   7.8869   0.6377  -1.8009   2.3742   0.00    0.0
2014/12/16 20:15:30.000  -12.843700455  131.132745117   124.6723   5  10   2.4127   2.6825   7.8806   0.6401  -1.7818   2.3797   0.00    0.0
2014/12/16 20:16:00.000  -12.843700561  131.132744986   124.8111   5  10   2.4165   2.6842   7.8739   0.6426  -1.7623   2.3852   0.00    0.0
2014/12/16 20:16:30.000  -12.843699895  131.132745087   125.0338   5  10   2.4203   2.6860   7.8668   0.6451  -1.7423   2.3905   0.00    0.0
2014/12/16 20:17:00.000  -12.843699258  131.132745229   124.9366   5  10   2.4242   2.6878   7.8593   0.6476  -1.7219   2.3956   0.00    0.0
2014/12/16 20:17:30.000  -12.843698927  131.132745186   124.7559   5  10   2.4280   2.6896   7.8515   0.6501  -1.7010   2.4007   0.00    0.0
2014/12/16 20:18:00.000  -12.843699850  131.132745990   124.4398   5  10   2.4319   2.6915   7.8434   0.6527  -1.6797   2.4057   0.00    0.0
2014/12/16 20:18:30.000  -12.843700325  131.132745522   124.3322   5  10   2.4357   2.6934   7.8349   0.6552  -1.6578   2.4105   0.00    0.0
2014/12/16 20:19:00.000  -12.843700393  131.132745298   124.6394   5  10   2.4396   2.6954   7.8261   0.6577  -1.6355   2.4152   0.00    0.0
2014/12/16 20:19:30.000  -12.843700454  131.132744976   124.7827   5  10   2.4435   2.6973   7.8171   0.6602  -1.6128   2.4198   0.00    0.0
2014/12/16 20:20:00.000  -12.843700134  131.132744850   124.7868   5  10   2.4474   2.6994   7.8078   0.6627  -1.5895   2.4243   0.00    0.0
2014/12/16 20:20:30.000  -12.843699452  131.132744273   124.6760   5  10   2.4512   2.7014   7.7982   0.6652  -1.5657   2.4287   0.00    0.0
2014/12/16 20:21:00.000  -12.843699089  131.132744608   124.8888   5  10   2.4551   2.7036   7.7885   0.6677  -1.5414   2.4330   0.00    0.0
2014/12/16 20:21:30.000  -12.843699802  131.132745246   124.8243   5  10   2.4590   2.7057   7.7785   0.6702  -1.5165   2.4372   0.00    0.0
2014/12/16 20:22:00.000  -12.843699368  131.132744340   124.6303   5  10   2.4629   2.7079   7.7683   0.6727  -1.4911   2.4412   0.00    0.0
2014/12/16 20:22:30.000  -12.843698448  131.132743269   124.3483   5  10   2.4668   2.7102   7.7579   0.6752  -1.4651   2.4452   0.00    0.0
2014/12/16 20:23:00.000  -12.843698302  131.132744773   124.2096   5  10   2.4707   2.7125   7.7474   0.6777  -1.4386   2.4491   0.00    0.0
2014/12/16 20:23:30.000  -12.843698466  131.132745342   124.1901   5  10   2.4746   2.7148   7.7367   0.6801  -1.4114   2.4529   0.00    0.0
2014/12/16 20:24:00.000  -12.843698538  131.132746127   124.4332   5  10   2.4786   2.7172   7.7259   0.6825  -1.3835   2.4566   0.00    0.0
2014/12/16 20:24:30.000  -12.843698581  131.132745903   124.2772   5  10   2.4825   2.7196   7.7149   0.6849  -1.3550   2.4602   0.00    0.0
2014/12/16 20:25:00.000  -12.843698829  131.132744381   123.9078   5  10   2.4864   2.7221   7.7039   0.6873  -1.3258   2.4637   0.00    0.0
2014/12/16 20:25:30.000  -12.843698685  131.132744681   124.1433   5  10   2.4903   2.7247   7.6928   0.6897  -1.2958   2.4671   0.00    0.0
2014/12/16 20:26:00.000  -12.843698340  131.132744992   124.2222   5  10   2.4942   2.7273   7.6816   0.6920  -1.2651   2.4705   0.00    0.0
2014/12/16 20:26:30.000  -12.843698808  131.132744283   124.1423   5  10   2.4982   2.7299   7.6703   0.6943  -1.2334   2.4737   0.00    0.0
2014/12/16 20:27:00.000  -12.843698398  131.132745189   123.9697   5  10   2.5021   2.7326   7.6590   0.6966  -1.2009   2.4769   0.00    0.0
2014/12/16 20:27:30.000  -12.843698133  131.132745532   123.9634   5  10   2.5060   2.7354   7.6476   0.6988  -1.1674   2.4800   0.00    0.0
2014/12/16 20:28:00.000  -12.843697928  131.132745765   124.0090   5  10   2.5099   2.7382   7.6362   0.7010  -1.1328   2.4831   0.00    0.0
2014/12/16 20:28:30.000  -12.843697921  131.132746093   124.1992   5  10   2.5138   2.7410   7.6249   0.7032  -1.0971   2.4860   0.00    0.0
2014/12/16 20:29:00.000  -12.843697260  131.132746716   124.1311   5  10   2.5178   2.7440   7.6135   0.7053  -1.0602   2.4889   0.00    0.0
2014/12/16 20:29:30.000  -12.843697325  131.132746064   124.2224   5  10   2.5217   2.7469   7.6021   0.7074  -1.0218   2.4917   0.00    0.0
2014/12/16 20:30:00.000  -12.843696521  131.132745643   123.9237   5  10   2.5256   2.7500   7.5907   0.7095  -0.9820   2.4945   0.00    0.0
2014/12/16 20:30:30.000  -12.843696805  131.132745070   123.8978   5  10   2.5295   2.7531   7.5794   0.7115  -0.9403   2.4972   0.00    0.0
2014/12/16 20:31:00.000  -12.843696361  131.132744366   124.0945   5  10   2.5335   2.7562   7.5682   0.7135  -0.8968   2.4998   0.00    0.0
2014/12/16 20:31:30.000  -12.843695107  131.132745859   124.2280   5  10   2.5374   2.7594   7.5569   0.7155  -0.8509   2.5024   0.00    0.0
2014/12/16 20:32:00.000  -12.843695492  131.132745432   124.2595   5  10   2.5413   2.7627   7.5458   0.7174  -0.8024   2.5049   0.00    0.0
2014/12/16 20:32:30.000  -12.843695983  131.132745321   124.2722   5  10   2.5452   2.7660   7.5347   0.7192  -0.7508   2.5073   0.00    0.0
2014/12/16 20:33:00.000  -12.843695059  131.132745844   124.3201   5  10   2.5491   2.7694   7.5237   0.7210  -0.6953   2.5097   0.00    0.0
2014/12/16 20:33:30.000  -12.843695099  131.132746287   124.3457   5  10   2.5530   2.7729   7.5128   0.7228  -0.6350   2.5120   0.00    0.0
2014/12/16 20:34:00.000  -12.843695214  131.132745981   124.3713   5  10   2.5569   2.7764   7.5020   0.7245  -0.5682   2.5143   0.00    0.0
2014/12/16 20:34:30.000  -12.843695204  131.132746196   124.2898   5  10   2.5608   2.7800   7.4913   0.7262  -0.4925   2.5166   0.00    0.0
2014/12/16 20:35:00.000  -12.843695613  131.132746859   124.2032   5  10   2.5647   2.7836   7.4808   0.7278  -0.4028   2.5188   0.00    0.0
2014/12/16 20:35:30.000  -12.843696270  131.132746436   124.2224   5  10   2.5686   2.7873   7.4703   0.7294  -0.2862   2.5209   0.00    0.0
2014/12/16 20:36:00.000  -12.843696815  131.132745923   124.2499   5  10   2.5725   2.7911   7.4600   0.7309  -0.0394   2.5230   0.00    0.0
2014/12/16 20:36:30.000  -12.843696837  131.132745620   124.6341   5   9   2.6585   2.8306   7.9968   0.9110  -1.1062   2.1145   0.00    0.0
2014/12/16 20:37:00.000  -12.843699258  131.132742896   123.4191   5  10   2.4813   2.6955   7.1416  -0.1179  -2.0631   1.0217   0.00    0.0
2014/12/16 20:37:30.000  -12.843698665  131.132743112   123.1443   5  10   2.4851   2.6957   7.1375  -0.1563  -2.0458   1.0377   0.00    0.0
2014/12/16 20:38:00.000  -12.843697312  131.132743397   123.3281   5  10   2.4889   2.6960   7.1333  -0.1869  -2.0284   1.0535   0.00    0.0
2014/12/16 20:38:30.000  -12.843696560  131.132743614   123.1810   5  10   2.4927   2.6963   7.1291  -0.2130  -2.0107   1.0690   0.00    0.0
2014/12/16 20:39:00.000  -12.843696933  131.132743214   123.3987   5  10   2.4966   2.6967   7.1250  -0.2363  -1.9928   1.0842   0.00    0.0
2014/12/16 20:39:30.000  -12.843696431  131.132743040   123.4904   5  10   2.5005   2.6971   7.1208  -0.2574  -1.9747   1.0992   0.00    0.0
2014/12/16 20:40:00.000  -12.843697197  131.132742098   123.4394   5  10   2.5044   2.6975   7.1167  -0.2768  -1.9564   1.1140   0.00    0.0
2014/12/16 20:40:30.000  -12.843698049  131.132741532   123.5809   5  10   2.5084   2.6980   7.1127  -0.2949  -1.9379   1.1285   0.00    0.0
2014/12/16 20:41:00.000  -12.843698226  131.132742090   123.6819   5  10   2.5123   2.6986   7.1086  -0.3119  -1.9192   1.1429   0.00    0.0
2014/12/16 20:41:30.000  -12.843697404  131.132742775   123.5224   5  10   2.5164   2.6992   7.1047  -0.3280  -1.9003   1.1569   0.00    0.0
2014/12/16 20:42:00.000  -12.843696128  131.132743357   123.1525   5  10   2.5204   2.6998   7.1007  -0.3432  -1.8811   1.1708   0.00    0.0
2014/12/16 20:42:30.000  -12.843695220  131.132743134   123.2147   5  10   2.5245   2.7005   7.0969  -0.3578  -1.8618   1.1845   0.00    0.0
2014/12/16 20:43:00.000  -12.843695653  131.132742353   123.3491   5  10   2.5286   2.7013   7.0931  -0.3718  -1.8422   1.1980   0.00    0.0
2014/12/16 20:43:30.000  -12.843696833  131.132742288   123.3209   5  10   2.5327   2.7021   7.0894  -0.3851  -1.8224   1.2113   0.00    0.0
2014/12/16 20:44:00.000  -12.843697860  131.132741790   123.3591   5  10   2.5368   2.7030   7.0858  -0.3980  -1.8023   1.2244   0.00    0.0
2014/12/16 20:44:30.000  -12.843697202  131.132741306   123.5255   5  10   2.5410   2.7039   7.0822  -0.4105  -1.7820   1.2373   0.00    0.0
2014/12/16 20:45:00.000  -12.843696664  131.132742273   123.4865   5  10   2.5452   2.7049   7.0788  -0.4225  -1.7615   1.2501   0.00    0.0
2014/12/16 20:45:30.000  -12.843698167  131.132742767   123.4050   5  10   2.5494   2.7059   7.0755  -0.4341  -1.7408   1.2627   0.00    0.0
2014/12/16 20:46:00.000  -12.843698628  131.132741951   123.3657   5  10   2.5537   2.7070   7.0723  -0.4454  -1.7198   1.2751   0.00    0.0
2014/12/16 20:46:30.000  -12.843697395  131.132742696   123.3694   5  10   2.5579   2.7081   7.0692  -0.4564  -1.6985   1.2874   0.00    0.0
2014/12/16 20:47:00.000  -12.843696201  131.132743314   123.5557   5  10   2.5622   2.7093   7.0662  -0.4670  -1.6769   1.2995   0.00    0.0
2014/12/16 20:47:30.000  -12.843695228  131.132742381   123.4273   5  10   2.5666   2.7106   7.0633  -0.4774  -1.6551   1.3115   0.00    0.0
2014/12/16 20:48:00.000  -12.843694524  131.132742234   123.2287   5  10   2.5709   2.7119   7.0606  -0.4875  -1.6330   1.3233   0.00    0.0
2014/12/16 20:48:30.000  -12.843693822  131.132742416   123.1427   5  10   2.5753   2.7133   7.0580  -0.4974  -1.6106   1.3350   0.00    0.0
2014/12/16 20:49:00.000  -12.843693097  131.132742574   123.1869   5  10   2.5797   2.7147   7.0555  -0.5070  -1.5879   1.3465   0.00    0.0
2014/12/16 20:49:30.000  -12.843692899  131.132741645   123.4736   5  10   2.5841   2.7162   7.0532  -0.5164  -1.5649   1.3579   0.00    0.0
2014/12/16 20:50:00.000  -12.843693434  131.132742049   123.7263   5  10   2.5885   2.7178   7.0510  -0.5255  -1.5415   1.3692   0.00    0.0
2014/12/16 20:50:30.000  -12.843693983  131.132742883   123.4911   5  10   2.5930   2.7194   7.0490  -0.5345  -1.5178   1.3804   0.00    0.0
2014/12/16 20:51:00.000  -12.843694684  131.132743213   123.0109   5  10   2.5974   2.7211   7.0472  -0.5433  -1.4938   1.3915   0.00    0.0
2014/12/16 20:51:30.000  -12.843694219  131.132743404   123.0668   5  10   2.6019   2.7228   7.0455  -0.5519  -1.4693   1.4024   0.00    0.0
2014/12/16 20:52:00.000  -12.843694702  131.132743218   123.4649   5  10   2.6065   2.7246   7.0439  -0.5603  -1.4445   1.4133   0.00    0.0
2014/12/16 20:52:30.000  -12.843695349  131.132743075   123.4902   5  10   2.6110   2.7264   7.0426  -0.5685  -1.4193   1.4240   0.00    0.0
2014/12/16 20:53:00.000  -12.843695486  131.132741843   123.3705   5  10   2.6156   2.7283   7.0414  -0.5766  -1.3936   1.4347   0.00    0.0
2014/12/16 20:53:30.000  -12.843694720  131.132741813   123.3536   5  10   2.6201   2.7303   7.0404  -0.5845  -1.3674   1.4452   0.00    0.0
2014/12/16 20:54:00.000  -12.843693701  131.132741406   123.6481   5  10   2.6247   2.7323   7.0395  -0.5923  -1.3407   1.4557   0.00    0.0
2014/12/16 20:54:30.000  -12.843693379  131.132741215   123.6750   5   9   2.8750   2.7523   7.7194   0.0674  -1.6489  -1.2393   0.00    0.0
2014/12/16 20:55:00.000  -12.843693145  131.132741633   123.4830   5   9   2.8782   2.7541   7.7185  -0.0944  -1.6237  -1.2230   0.00    0.0
2014/12/16 20:55:30.000  -12.843693892  131.132742292   123.2596   5   9   2.8814   2.7559   7.7177  -0.1493  -1.5982  -1.2064   0.00    0.0
2014/12/16 20:56:00.000  -12.843694941  131.132742500   123.1616   5   9   2.8846   2.7578   7.7171  -0.1887  -1.5723  -1.1896   0.00    0.0
2014/12/16 20:56:30.000  -12.843694136  131.132742193   123.2514   5   9   2.8878   2.7598   7.7167  -0.2210  -1.5460  -1.1725   0.00    0.0
2014/12/16 20:57:00.000  -12.843692448  131.132742325   123.3172   5   9   2.8910   2.7618   7.7164  -0.2490  -1.5192  -1.1551   0.00    0.0
2014/12/16 20:57:30.000  -12.843692562  131.132743181   123.3373   5   9   2.8942   2.7639   7.7163  -0.2740  -1.4920  -1.1374   0.00    0.0
2014/12/16 20:58:00.000  -12.843693534  131.132741930   123.1781   5   9   2.8975   2.7661   7.7163  -0.2967  -1.4643  -1.1194   0.00    0.0
2014/12/16 20:58:30.000  -12.843694083  131.132741740   123.3625   5   9   2.9008   2.7683   7.7166  -0.3177  -1.4360  -1.1010   0.00    0.0
2014/12/16 20:59:00.000  -12.843694451  131.132741976   123.4721   5   9   2.9041   2.7706   7.7170  -0.3373  -1.4073  -1.0823   0.00    0.0
2014/12/16 20:59:30.000  -12.843694446  131.132742989   123.3834   5   9   2.9074   2.7729   7.7176  -0.3556  -1.3779  -1.0632   0.00    0.0
2014/12/16 21:00:00.000  -12.843693011  131.132743472   123.4664   5   9   2.9107   2.7753   7.7184  -0.3730  -1.3480  -1.0437   0.00    0.0
2014/12/16 21:00:30.000  -12.843693180  131.132743392   123.6605   5   9   2.9140   2.7778   7.7194  -0.3894  -1.3174  -1.0237   0.00    0.0
2014/12/16 21:01:00.000  -12.843693891  131.132743643   123.7790   5   9   2.9174   2.7803   7.7206  -0.4050  -1.2860  -1.0034   0.00    0.0
2014/12/16 21:01:30.000  -12.843694079  131.132743072   123.5652   5   9   2.9207   2.7829   7.7219  -0.4200  -1.2540  -0.9825   0.00    0.0
2014/12/16 21:02:00.000  -12.843693107  131.132743188   123.4735   5   9   2.9241   2.7856   7.7235  -0.4343  -1.2211  -0.9611   0.00    0.0
2014/12/16 21:02:30.000  -12.843692405  131.132743966   123.6507   5   9   2.9275   2.7883   7.7253  -0.4480  -1.1873  -0.9391   0.00    0.0
2014/12/16 21:03:00.000  -12.843692242  131.132744190   123.5090   5   9   2.9309   2.7911   7.7273  -0.4612  -1.1526  -0.9165   0.00    0.0
2014/12/16 21:03:30.000  -12.843692067  131.132742966   123.5274   5   9   2.9343   2.7939   7.7295  -0.4739  -1.1168  -0.8932   0.00    0.0
2014/12/16 21:04:00.000  -12.843691656  131.132742297   123.3311   5   9   2.9377   2.7968   7.7319  -0.4862  -1.0799  -0.8692   0.00    0.0
2014/12/16 21:04:30.000  -12.843691060  131.132742140   123.2170   5   9   2.9412   2.7998   7.7346  -0.4980  -1.0417  -0.8444   0.00    0.0
2014/12/16 21:05:00.000  -12.843691012  131.132743056   123.0710   5   9   2.9446   2.8028   7.7374  -0.5095  -1.0020  -0.8187   0.00    0.0
2014/12/16 21:05:30.000  -12.843691508  131.132742680   122.9325   5   9   2.9481   2.8059   7.7405  -0.5206  -0.9608  -0.7921   0.00    0.0
2014/12/16 21:06:00.000  -12.843691146  131.132742726   123.1905   5   9   2.9516   2.8090   7.7438  -0.5313  -0.9177  -0.7644   0.00    0.0
2014/12/16 21:06:30.000  -12.843691527  131.132743197   123.2019   5   9   2.9550   2.8122   7.7473  -0.5417  -0.8725  -0.7354   0.00    0.0
2014/12/16 21:07:00.000  -12.843691776  131.132743029   123.1224   5   9   2.9585   2.8155   7.7510  -0.5518  -0.8249  -0.7051   0.00    0.0
2014/12/16 21:07:30.000  -12.843691670  131.132742158   123.2519   5   9   2.9620   2.8188   7.7550  -0.5616  -0.7744  -0.6732   0.00    0.0
2014/12/16 21:08:00.000  -12.843691111  131.132742444   123.2565   5   9   2.9656   2.8222   7.7592  -0.5711  -0.7204  -0.6395   0.00    0.0
2014/12/16 21:08:30.000  -12.843690613  131.132742464   123.2425   5   9   2.9691   2.8257   7.7636  -0.5803  -0.6620  -0.6037   0.00    0.0
2014/12/16 21:09:00.000  -12.843690237  131.132743456   123.2890   5   9   2.9726   2.8292   7.7683  -0.5893  -0.5980  -0.5653   0.00    0.0
2014/12/16 21:09:30.000  -12.843690240  131.132743838   123.4508   5   9   2.9762   2.8327   7.7731  -0.5980  -0.5263  -0.5238   0.00    0.0
2014/12/16 21:10:00.000  -12.843689261  131.132743001   123.4822   5   9   2.9797   2.8363   7.7783  -0.6065  -0.4431  -0.4783   0.00    0.0
2014/12/16 21:10:30.000  -12.843689964  131.132742364   123.4616   5   9   2.9833   2.8400   7.7836  -0.6147  -0.3403  -0.4276   0.00    0.0
2014/12/16 21:11:00.000  -12.843690401  131.132742627   123.4169   5   9   2.9869   2.8437   7.7892  -0.6227  -0.1876  -0.3695   0.00    0.0
2014/12/16 21:11:30.000  -12.843690237  131.132742279   123.6812   5   9   2.9904   2.8475   7.7951  -0.6304   0.2130  -0.2997   0.00    0.0
2014/12/16 21:12:00.000  -12.843690842  131.132741361   123.8444   5   9   2.9940   2.8514   7.8011  -0.6380   0.3548  -0.2065   0.00    0.0
2014/12/16 21:12:30.000  -12.843690848  131.132742058   123.6850   5   9   2.9976   2.8553   7.8074  -0.6453   0.4544   0.0704   0.00    0.0
2014/12/16 21:13:00.000  -12.843689561  131.132743618   123.3318   5   9   3.0013   2.8592   7.8140  -0.6524   0.5357   0.2303   0.00    0.0
2014/12/16 21:13:30.000  -12.843688686  131.132744167   123.2206   5   9   3.0049   2.8632   7.8208  -0.6593   0.6062   0.3187   0.00    0.0
2014/12/16 21:14:00.000  -12.843687609  131.132743266   123.2578   5   9   3.0085   2.8673   7.8278  -0.6660   0.6694   0.3881   0.00    0.0
2014/12/16 21:14:30.000  -12.843687432  131.132742907   123.1726   5   9   3.0121   2.8714   7.8351  -0.6725   0.7270   0.4475   0.00    0.0
2014/12/16 21:15:00.000  -12.843689047  131.132742999   123.1445   5   9   3.0158   2.8756   7.8426  -0.6788   0.7805   0.5004   0.00    0.0
2014/12/16 21:15:30.000  -12.843689821  131.132743548   123.4225   5   9   3.0195   2.8798   7.8504  -0.6849   0.8305   0.5487   0.00    0.0
2014/12/16 21:16:00.000  -12.843689883  131.132743776   123.8145   5   9   3.0231   2.8840   7.8584  -0.6908   0.8776   0.5936   0.00    0.0
2014/12/16 21:16:30.000  -12.843689124  131.132743350   123.7044   5   9   3.0268   2.8884   7.8666  -0.6965   0.9224   0.6358   0.00    0.0
2014/12/16 21:17:00.000  -12.843689106  131.132743045   123.5964   5   9   3.0305   2.8927   7.8751  -0.7020   0.9651   0.6758   0.00    0.0
2014/12/16 21:17:30.000  -12.843689834  131.132743166   123.6606   5   9   3.0342   2.8972   7.8839  -0.7074   1.0061   0.7141   0.00    0.0
2014/12/16 21:18:00.000  -12.843690404  131.132742685   123.4462   5   9   3.0379   2.9016   7.8929  -0.7125   1.0454   0.7508   0.00    0.0
2014/12/16 21:18:30.000  -12.843689994  131.132742000   122.9809   5   9   3.0416   2.9062   7.9021  -0.7175   1.0833   0.7863   0.00    0.0
2014/12/16 21:19:00.000  -12.843689640  131.132743134   123.1180   5   9   3.0454   2.9107   7.9116  -0.7223   1.1199   0.8207   0.00    0.0
2014/12/16 21:19:30.000  -12.843688257  131.132743143   123.3180   5   9   3.0491   2.9154   7.9213  -0.7269   1.1554   0.8542   0.00    0.0
2014/12/16 21:20:00.000  -12.843687583  131.132743361   123.5520   5   9   3.0529   2.9200   7.9313  -0.7313   1.1899   0.8868   0.00    0.0
2014/12/16 21:20:30.000  -12.843687614  131.132743582   123.7553   5   9   3.0567   2.9248   7.9415  -0.7355   1.2234   0.9187   0.00    0.0
2014/12/16 21:21:00.000  -12.843687907  131.132743589   123.7791   5   9   3.0604   2.9295   7.9520  -0.7396   1.2560   0.9499   0.00    0.0
2014/12/16 21:21:30.000  -12.843687602  131.132743801   123.4589   5   9   3.0642   2.9343   7.9627  -0.7435   1.2879   0.9806   0.00    0.0
2014/12/16 21:22:00.000  -12.843687882  131.132744020   123.2200   5   9   3.0681   2.9392   7.9736  -0.7471   1.3189   1.0108   0.00    0.0
2014/12/16 21:22:30.000  -12.843687618  131.132743648   122.9939   5   9   3.0719   2.9441   7.9848  -0.7506   1.3493   1.0405   0.00    0.0
2014/12/16 21:23:00.000  -12.843688891  131.132742759   122.8929   5   9   3.0757   2.9490   7.9963  -0.7540   1.3790   1.0698   0.00    0.0
2014/12/16 21:23:30.000  -12.843689254  131.132742785   123.2091   5   9   3.0796   2.9540   8.0080  -0.7571   1.4081   1.0988   0.00    0.0
2014/12/16 21:24:00.000  -12.843689451  131.132742886   123.4639   5   9   3.0835   2.9590   8.0199  -0.7600   1.4367   1.1275   0.00    0.0
2014/12/16 21:24:30.000  -12.843689293  131.132743155   123.5592   5   9   3.0874   2.9641   8.0321  -0.7628   1.4647   1.1559   0.00    0.0
2014/12/16 21:25:00.000  -12.843688503  131.132743635   123.4548   5   9   3.0913   2.9692   8.0445  -0.7654   1.4922   1.1840   0.00    0.0
2014/12/16 21:25:30.000  -12.843687973  131.132744923   123.3145   5   9   3.0952   2.9744   8.0572  -0.7677   1.5192   1.2119   0.00    0.0
2014/12/16 21:26:00.000  -12.843686544  131.132745775   124.0757   5  10   2.9779   2.9146   7.4095  -1.0603   0.6401  -1.0995   0.00    0.0
2014/12/16 21:26:30.000  -12.843686751  131.132745986   124.3832   5  10   2.9807   2.9189   7.4244  -1.0650   0.6905  -1.0738   0.00    0.0
2014/12/16 21:27:00.000  -12.843685984  131.132745578   124.2844   5  10   2.9836   2.9233   7.4394  -1.0696   0.7376  -1.0469   0.00    0.0
2014/12/16 21:27:30.000  -12.843684945  131.132744461   123.7971   5  10   2.9865   2.9277   7.4548  -1.0740   0.7818  -1.0188   0.00    0.0
2014/12/16 21:28:00.000  -12.843684906  131.132744724   123.9968   5  10   2.9894   2.9322   7.4704  -1.0782   0.8236  -0.9893   0.00    0.0
2014/12/16 21:28:30.000  -12.843685422  131.132744938   124.3592   5  10   2.9923   2.9366   7.4862  -1.0824   0.8635  -0.9583   0.00    0.0
2014/12/16 21:29:00.000  -12.843685451  131.132743804   124.6085   5  10   2.9953   2.9412   7.5023  -1.0864   0.9016  -0.9256   0.00    0.0
2014/12/16 21:29:30.000  -12.843685459  131.132744447   124.8880   5  10   2.9983   2.9457   7.5186  -1.0902   0.9382  -0.8911   0.00    0.0
2014/12/16 21:30:00.000  -12.843684752  131.132744676   124.8454   5  10   3.0013   2.9503   7.5352  -1.0940   0.9735  -0.8544   0.00    0.0
2014/12/16 21:30:30.000  -12.843683535  131.132745677   124.8759   5  10   3.0043   2.9549   7.5520  -1.0976   1.0075  -0.8152   0.00    0.0
2014/12/16 21:31:00.000  -12.843683644  131.132746771   124.9981   5  10   3.0073   2.9595   7.5691  -1.1010   1.0405  -0.7732   0.00    0.0
2014/12/16 21:31:30.000  -12.843685058  131.132746697   125.1868   5  10   3.0104   2.9642   7.5864  -1.1043   1.0724  -0.7279   0.00    0.0
2014/12/16 21:32:00.000  -12.843685631  131.132747248   125.2029   5  10   3.0135   2.9689   7.6040  -1.1075   1.1035  -0.6785   0.00    0.0
2014/12/16 21:32:30.000  -12.843685124  131.132748055   125.2148   5  10   3.0167   2.9736   7.6218  -1.1106   1.1337  -0.6241   0.00    0.0
2014/12/16 21:33:00.000  -12.843684379  131.132747559   124.9153   5  10   3.0198   2.9784   7.6399  -1.1135   1.1632  -0.5632   0.00    0.0
2014/12/16 21:33:30.000  -12.843683326  131.132747014   124.7567   5  10   3.0230   2.9832   7.6582  -1.1162   1.1919  -0.4933   0.00    0.0
2014/12/16 21:34:00.000  -12.843683583  131.132747028   124.8271   5  10   3.0263   2.9880   7.6768  -1.1188   1.2200  -0.4099   0.00    0.0
2014/12/16 21:34:30.000  -12.843683796  131.132746871   124.9201   5  10   3.0296   2.9928   7.6956  -1.1213   1.2475  -0.3019   0.00    0.0
2014/12/16 21:35:00.000  -12.843684732  131.132746672   125.0558   5  10   3.0329   2.9976   7.7147  -1.1236   1.2744  -0.1126   0.00    0.0
2014/12/16 21:35:30.000  -12.843685380  131.132745568   125.2661   5  10   3.0362   3.0025   7.7341  -1.1258   1.3008   0.2597   0.00    0.0
2014/12/16 21:36:00.000  -12.843688613  131.132745274   125.7457   5   9   3.6072   3.0079   8.6689  -1.1753   1.4064  -2.7168   0.00    0.0
2014/12/16 21:36:30.000  -12.843689281  131.132745322   125.8547   5   9   3.6049   3.0129   8.6895  -1.1779   1.4321  -2.6967   0.00    0.0
2014/12/16 21:37:00.000  -12.843689300  131.132745687   126.0343   5   9   3.6025   3.0179   8.7102  -1.1802   1.4573  -2.6758   0.00    0.0
2014/12/16 21:37:30.000  -12.843689107  131.132746593   125.6017   5   9   3.6002   3.0228   8.7311  -1.1824   1.4821  -2.6543   0.00    0.0
2014/12/16 21:38:00.000  -12.843687456  131.132747050   125.4107   5   9   3.5979   3.0279   8.7521  -1.1844   1.5063  -2.6322   0.00    0.0
2014/12/16 21:38:30.000  -12.843686573  131.132746338   125.3752   5   9   3.5957   3.0329   8.7732  -1.1862   1.5302  -2.6093   0.00    0.0
2014/12/16 21:39:00.000  -12.843686641  131.132746863   125.5983   5   9   3.5935   3.0379   8.7945  -1.1877   1.5536  -2.5858   0.00    0.0
2014/12/16 21:39:30.000  -12.843686346  131.132746172   125.4165   5   9   3.5913   3.0430   8.8160  -1.1891   1.5766  -2.5615   0.00    0.0
2014/12/16 21:40:00.000  -12.843686531  131.132746517   125.2945   5   9   3.5891   3.0481   8.8376  -1.1903   1.5992  -2.5364   0.00    0.0
2014/12/16 21:40:30.000  -12.843684815  131.132746389   124.7841   5   8   4.4859   3.2201  11.0610   1.1565  -2.0365  -4.9135   0.00    0.0
2014/12/16 21:41:00.000  -12.843684208  131.132746344   125.1645   5   8   4.4713   3.2211  11.0743   1.1318  -1.9971  -4.8833   0.00    0.0
2014/12/16 21:41:30.000  -12.843685286  131.132746651   125.6589   5   8   4.4567   3.2222  11.0876   1.1072  -1.9572  -4.8525   0.00    0.0
2014/12/16 21:42:00.000  -12.843685355  131.132746904   125.4124   5   8   4.4422   3.2235  11.1009   1.0826  -1.9166  -4.8210   0.00    0.0
2014/12/16 21:42:30.000  -12.843685185  131.132747601   125.2450   5   8   4.4277   3.2248  11.1143   1.0580  -1.8755  -4.7890   0.00    0.0
2014/12/16 21:43:00.000  -12.843686654  131.132747471   125.5318   5   8   4.4132   3.2262  11.1277   1.0333  -1.8337  -4.7564   0.00    0.0
2014/12/16 21:43:30.000  -12.843688225  131.132746679   125.8564   5   8   4.3988   3.2278  11.1411   1.0087  -1.7912  -4.7232   0.00    0.0
2014/12/16 21:44:00.000  -12.843688144  131.132746569   125.8700   5   8   4.3845   3.2294  11.1547   0.9841  -1.7480  -4.6893   0.00    0.0
2014/12/16 21:44:30.000  -12.843687503  131.132746936   125.8054   5   8   4.3703   3.2311  11.1683   0.9595  -1.7040  -4.6548   0.00    0.0
2014/12/16 21:45:00.000  -12.843687212  131.132746820   125.4556   5   8   4.3562   3.2329  11.1819   0.9350  -1.6591  -4.6197   0.00    0.0
2014/12/16 21:45:30.000  -12.843686946  131.132746424   125.2666   5   8   4.3422   3.2348  11.1957   0.9104  -1.6134  -4.5840   0.00    0.0
2014/12/16 21:46:00.000  -12.843686133  131.132746035   125.0756   5   8   4.3283   3.2368  11.2096   0.8859  -1.5666  -4.5476   0.00    0.0
2014/12/16 21:46:30.000  -12.843684916  131.132745237   124.9662   5   8   4.3146   3.2389  11.2236   0.8614  -1.5188  -4.5105   0.00    0.0
2014/12/16 21:47:00.000  -12.843686191  131.132746034   125.4459   5   9   3.2650   3.2410   9.0149   0.8759  -1.5233  -1.1057   0.00    0.0
2014/12/16 21:47:30.000  -12.843686136  131.132748129   125.3276   5   8   3.3620   3.6395  10.6363  -0.7647  -3.3839   1.8512   0.00    0.0
2014/12/16 21:48:00.000  -12.843684913  131.132747547   125.5413   5   8   3.3622   3.6379  10.7138  -0.7787  -3.3846   1.9167   0.00    0.0
2014/12/16 21:48:30.000  -12.843685227  131.132747341   125.4849   5   8   3.3626   3.6364  10.7929  -0.7923  -3.3854   1.9819   0.00    0.0
2014/12/16 21:49:00.000  -12.843684590  131.132747381   125.3835   5   8   3.3632   3.6349  10.8736  -0.8055  -3.3865   2.0468   0.00    0.0
2014/12/16 21:49:30.000  -12.843685316  131.132747912   125.3677   5   8   3.3639   3.6335  10.9560  -0.8183  -3.3878   2.1114   0.00    0.0
2014/12/16 21:50:00.000  -12.843686807  131.132748218   125.1659   5   8   3.3648   3.6322  11.0402  -0.8308  -3.3894   2.1759   0.00    0.0
2014/12/16 21:50:30.000  -12.843686168  131.132747784   125.0618   5   8   3.3659   3.6309  11.1261  -0.8431  -3.3911   2.2404   0.00    0.0
2014/12/16 21:51:00.000  -12.843685964  131.132748440   124.8170   5   8   3.3673   3.6297  11.2138  -0.8550  -3.3930   2.3049   0.00    0.0
2014/12/16 21:51:30.000  -12.843685301  131.132748684   124.7614   5   8   3.3688   3.6286  11.3034  -0.8666  -3.3952   2.3694   0.00    0.0
2014/12/16 21:52:00.000  -12.843685374  131.132747521   124.8265   5   8   3.3706   3.6275  11.3949  -0.8780  -3.3976   2.4341   0.00    0.0
2014/12/16 21:52:30.000  -12.843685312  131.132747223   125.2932   5   8   3.3726   3.6265  11.4884  -0.8892  -3.4002   2.4989   0.00    0.0
2014/12/16 21:53:00.000  -12.843685219  131.132747854   125.4752   5   8   3.3749   3.6256  11.5838  -0.9001  -3.4031   2.5640   0.00    0.0
2014/12/16 21:53:30.000  -12.843685135  131.132747984   125.4132   5   8   3.3774   3.6247  11.6813  -0.9108  -3.4062   2.6294   0.00    0.0
2014/12/16 21:54:00.000  -12.843685351  131.132748511   125.6271   5   8   3.3801   3.6239  11.7808  -0.9212  -3.4095   2.6951   0.00    0.0
2014/12/16 21:54:30.000  -12.843685461  131.132748229   125.3599   5   8   3.3832   3.6231  11.8825  -0.9315  -3.4130   2.7612   0.00    0.0
2014/12/16 21:55:00.000  -12.843685685  131.132747272   125.3866   5   8   3.3865   3.6224  11.9864  -0.9416  -3.4167   2.8277   0.00    0.0
2014/12/16 21:55:30.000  -12.843686833  131.132747599   125.5007   5   8   3.3901   3.6218  12.0925  -0.9515  -3.4207   2.8946   0.00    0.0
2014/12/16 21:56:00.000  -12.843687769  131.132748298   125.3904   5   8   3.3940   3.6212  12.2010  -0.9613  -3.4249   2.9621   0.00    0.0
2014/12/16 21:56:30.000  -12.843687286  131.132749214   125.4755   5   8   3.3983   3.6206  12.3117  -0.9708  -3.4293   3.0301   0.00    0.0
2014/12/16 21:57:00.000  -12.843687185  131.132749697   125.4950   5   8   3.4028   3.6202  12.4249  -0.9803  -3.4340   3.0987   0.00    0.0
2014/12/16 21:57:30.000  -12.843687308  131.132749545   125.1970   5   8   3.4077   3.6197  12.5406  -0.9895  -3.4388   3.1679   0.00    0.0
2014/12/16 21:58:00.000  -12.843686871  131.132748562   125.0749   5   8   3.4130   3.6193  12.6587  -0.9987  -3.4439   3.2378   0.00    0.0
2014/12/16 21:58:30.000  -12.843688217  131.132749554   124.6012   5   8   3.4186   3.6190  12.7794  -1.0077  -3.4492   3.3084   0.00    0.0
2014/12/16 21:59:00.000  -12.843688860  131.132749192   124.7216   5   8   3.4246   3.6187  12.9028  -1.0165  -3.4547   3.3797   0.00    0.0
2014/12/16 21:59:30.000  -12.843688551  131.132748555   125.0485   5   8   3.4309   3.6185  13.0289  -1.0253  -3.4604   3.4517   0.00    0.0
2014/12/16 22:00:00.000  -12.843687893  131.132748944   125.1105   5   8   3.4701   3.7533  13.2621  -1.2415  -3.6976   3.6345   0.00    0.0
2014/12/16 22:00:30.000  -12.843686912  131.132748807   125.2106   5   8   3.4772   3.7533  13.3953  -1.2487  -3.7064   3.7074   0.00    0.0
2014/12/16 22:01:00.000  -12.843686584  131.132748178   125.0676   5   8   3.4848   3.7533  13.5315  -1.2559  -3.7154   3.7812   0.00    0.0
2014/12/16 22:01:30.000  -12.843685875  131.132748125   125.4763   5   8   3.4928   3.7534  13.6706  -1.2630  -3.7246   3.8560   0.00    0.0
2014/12/16 22:02:00.000  -12.843685528  131.132749036   125.4604   5   8   3.5012   3.7535  13.8128  -1.2701  -3.7341   3.9318   0.00    0.0
2014/12/16 22:02:30.000  -12.843685644  131.132748117   125.3641   5   8   3.5101   3.7537  13.9580  -1.2771  -3.7438   4.0086   0.00    0.0
2014/12/16 22:03:00.000  -12.843685612  131.132747349   125.1941   5   8   3.5195   3.7539  14.1064  -1.2841  -3.7537   4.0864   0.00    0.0
2014/12/16 22:03:30.000  -12.843686219  131.132746427   124.9712   5   8   3.5294   3.7541  14.2580  -1.2911  -3.7638   4.1654   0.00    0.0
2014/12/16 22:04:00.000  -12.843686517  131.132746687   125.0718   5   8   3.5399   3.7544  14.4128  -1.2981  -3.7742   4.2455   0.00    0.0
2014/12/16 22:04:30.000  -12.843686157  131.132747808   125.1427   5   8   3.5508   3.7546  14.5710  -1.3050  -3.7847   4.3267   0.00    0.0
2014/12/16 22:05:00.000  -12.843685918  131.132748742   125.1195   5   8   3.5623   3.7550  14.7325  -1.3119  -3.7954   4.4091   0.00    0.0
2014/12/16 22:05:30.000  -12.843686139  131.132749598   125.5295   5   8   3.5744   3.7553  14.8975  -1.3187  -3.8063   4.4927   0.00    0.0
2014/12/16 22:06:00.000  -12.843686300  131.132750211   125.9258   5   8   3.5871   3.7557  15.0659  -1.3255  -3.8174   4.5775   0.00    0.0
2014/12/16 22:06:30.000  -12.843686579  131.132749642   125.7632   5   8   3.6003   3.7561  15.2378  -1.3323  -3.8286   4.6635   0.00    0.0
2014/12/16 22:07:00.000  -12.843686659  131.132748358   125.8003   5   8   3.6142   3.7565  15.4133  -1.3391  -3.8399   4.7509   0.00    0.0
2014/12/16 22:07:30.000  -12.843687615  131.132748788   125.4089   5   8   3.6287   3.7569  15.5923  -1.3458  -3.8513   4.8395   0.00    0.0
2014/12/16 22:08:00.000  -12.843688000  131.132749270   125.0197   5   8   3.6438   3.7574  15.7749  -1.3524  -3.8628   4.9294   0.00    0.0
2014/12/16 22:08:30.000  -12.843687611  131.132749300   124.8911   5   8   3.6596   3.7579  15.9612  -1.3590  -3.8743   5.0207   0.00    0.0
2014/12/16 22:09:00.000  -12.843686135  131.132748582   124.7253   5   8   3.6760   3.7584  16.1512  -1.3655  -3.8859   5.1132   0.00    0.0
2014/12/16 22:09:30.000  -12.843685255  131.132749359   124.7682   5   8   3.6931   3.7589  16.3447  -1.3720  -3.8975   5.2072   0.00    0.0
2014/12/16 22:10:00.000  -12.843685015  131.132749951   125.0345   5   8   3.7109   3.7594  16.5420  -1.3784  -3.9090   5.3024   0.00    0.0
2014/12/16 22:10:30.000  -12.843685753  131.132750316   125.2473   5   8   3.7294   3.7599  16.7428  -1.3846  -3.9205   5.3991   0.00    0.0
2014/12/16 22:11:00.000  -12.843686398  131.132749261   125.0632   5   8   3.7486   3.7604  16.9473  -1.3908  -3.9319   5.4970   0.00    0.0
2014/12/16 22:11:30.000  -12.843686433  131.132749608   125.3562   5   8   3.7685   3.7610  17.1554  -1.3969  -3.9431   5.5963   0.00    0.0
2014/12/16 22:12:00.000  -12.843686241  131.132750463   125.3525   5   8   3.7892   3.7615  17.3669  -1.4028  -3.9542   5.6970   0.00    0.0
2014/12/16 22:12:30.000  -12.843686422  131.132750052   124.8602   5   8   3.8106   3.7621  17.5820  -1.4086  -3.9650   5.7989   0.00    0.0
2014/12/16 22:13:00.000  -12.843686311  131.132750011   124.4851   5   8   3.8327   3.7626  17.8004  -1.4142  -3.9755   5.9021   0.00    0.0
2014/12/16 22:13:30.000  -12.843685862  131.132749659   124.5785   5   8   3.8555   3.7631  18.0220  -1.4196  -3.9857   6.0065   0.00    0.0
2014/12/16 22:14:00.000  -12.843685196  131.132750483   125.4408   5   8   3.8791   3.7637  18.2468  -1.4248  -3.9954   6.1121   0.00    0.0
2014/12/16 22:14:30.000  -12.843684448  131.132750162   125.7688   5   8   3.9034   3.7642  18.4746  -1.4298  -4.0047   6.2189   0.00    0.0
2014/12/16 22:15:00.000  -12.843684621  131.132749730   125.7406   5   8   3.9284   3.7647  18.7052  -1.4345  -4.0134   6.3267   0.00    0.0
2014/12/16 22:15:30.000  -12.843684358  131.132750471   125.9965   5   8   3.9541   3.7652  18.9384  -1.4389  -4.0215   6.4355   0.00    0.0
2014/12/16 22:16:00.000  -12.843685146  131.132750165   125.8669   5   8   3.9805   3.7657  19.1739  -1.4429  -4.0289   6.5452   0.00    0.0
2014/12/16 22:16:30.000  -12.843686652  131.132749877   125.4579   5   8   4.0075   3.7661  19.4116  -1.4466  -4.0355   6.6558   0.00    0.0
2014/12/16 22:17:00.000  -12.843686247  131.132749867   125.2525   5   8   4.0352   3.7665  19.6511  -1.4499  -4.0412   6.7670   0.00    0.0
2014/12/16 22:17:30.000  -12.843686470  131.132751320   125.5694   5   8   4.0636   3.7670  19.8921  -1.4528  -4.0459   6.8788   0.00    0.0
2014/12/16 22:18:00.000  -12.843686110  131.132750282   125.4008   5   8   4.0924   3.7673  20.1342  -1.4552  -4.0495   6.9911   0.00    0.0
2014/12/16 22:18:30.000  -12.843686625  131.132749094   125.3457   5   8   4.1219   3.7677  20.3770  -1.4570  -4.0518   7.1036   0.00    0.0
2014/12/16 22:19:00.000  -12.843687779  131.132748718   124.5713   5   8   4.1518   3.7680  20.6201  -1.4583  -4.0529   7.2162   0.00    0.0
2014/12/16 22:19:30.000  -12.843687351  131.132748753   124.4245   5   8   4.1821   3.7683  20.8629  -1.4589  -4.0525   7.3287   0.00    0.0
2014/12/16 22:20:00.000  -12.843687587  131.132749999   124.3559   5   8   4.2128   3.7686  21.1049  -1.4588  -4.0504   7.4408   0.00    0.0
2014/12/16 22:20:30.000  -12.843687226  131.132750829   124.4280   5   8   4.2439   3.7688  21.3457  -1.4580  -4.0467   7.5525   0.00    0.0
2014/12/16 22:21:00.000  -12.843685895  131.132750880   124.9404   5   8   4.2751   3.7690  21.5844  -1.4564  -4.0411   7.6634   0.00    0.0
2014/12/16 22:21:30.000  -12.843686075  131.132750123   125.2473   5   8   4.3065   3.7691  21.8205  -1.4539  -4.0336   7.7732   0.00    0.0
2014/12/16 22:22:00.000  -12.843687151  131.132749429   124.3901   5   8   4.3380   3.7693  22.0533  -1.4505  -4.0238   7.8817   0.00    0.0
2014/12/16 22:22:30.000  -12.843688619  131.132749867   123.6700   5   8   4.3694   3.7694  22.2820  -1.4460  -4.0118   7.9885   0.00    0.0
2014/12/16 22:23:00.000  -12.843688748  131.132749603   123.9435   5   8   4.4007   3.7694  22.5059  -1.4405  -3.9973   8.0935   0.00    0.0
2014/12/16 22:23:30.000  -12.843688943  131.132748736   123.4383   5   8   4.4318   3.7694  22.7240  -1.4339  -3.9802   8.1961   0.00    0.0
2014/12/16 22:24:00.000  -12.843688955  131.132748329   123.1866   5   8   4.4625   3.7694  22.9357  -1.4260  -3.9604   8.2962   0.00    0.0
2014/12/16 22:24:30.000  -12.843689366  131.132748412   123.0609   5   8   4.4927   3.7694  23.1400  -1.4169  -3.9377   8.3933   0.00    0.0
2014/12/16 22:25:00.000  -12.843688802  131.132748221   123.3413   5   8   4.5223   3.7694  23.3361  -1.4064  -3.9120   8.4870   0.00    0.0
2014/12/16 22:25:30.000  -12.843688510  131.132749726   123.4721   5   8   4.5512   3.7693  23.5230  -1.3945  -3.8830   8.5771   0.00    0.0
2014/12/16 22:26:00.000  -12.843687706  131.132750722   123.3357   5   8   4.5792   3.7693  23.6999  -1.3810  -3.8508   8.6632   0.00    0.0
2014/12/16 22:26:30.000  -12.843686836  131.132750192   123.5779   5   8   4.6063   3.7692  23.8660  -1.3660  -3.8152   8.7449   0.00    0.0
2014/12/16 22:27:00.000  -12.843686607  131.132749785   123.6991   5   8   4.6322   3.7691  24.0203  -1.3494  -3.7760   8.8218   0.00    0.0
2014/12/16 22:27:30.000  -12.843687520  131.132750996   123.6550   5   8   4.6569   3.7691  24.1620  -1.3310  -3.7331   8.8936   0.00    0.0
2014/12/16 22:28:00.000  -12.843688616  131.132752155   123.0189   5   8   4.6803   3.7691  24.2905  -1.3108  -3.6865   8.9600   0.00    0.0
2014/12/16 22:28:30.000  -12.843689216  131.132751711   122.4753   5   8   4.7022   3.7691  24.4049  -1.2888  -3.6361   9.0207   0.00    0.0
2014/12/16 22:29:00.000  -12.843689648  131.132750835   122.0734   5   8   4.7224   3.7691  24.5046  -1.2649  -3.5819   9.0753   0.00    0.0
2014/12/16 22:29:30.000  -12.843689701  131.132750764   122.0216   5   8   4.7410   3.7692  24.5891  -1.2391  -3.5237   9.1237   0.00    0.0
2014/12/16 22:30:00.000  -12.843688511  131.132750618   122.7364   5   8   4.7579   3.7693  24.6578  -1.2111  -3.4615   9.1656   0.00    0.0
2014/12/16 22:30:30.000  -12.843688490  131.132750797   122.7179   5   8   4.7729   3.7695  24.7104  -1.1811  -3.3953   9.2008   0.00    0.0
2014/12/16 22:31:00.000  -12.843688448  131.132750899   122.5465   5   8   4.7859   3.7698  24.7464  -1.1489  -3.3252   9.2292   0.00    0.0
2014/12/16 22:31:30.000  -12.843690164  131.132750030   121.4505   5   8   4.7970   3.7702  24.7659  -1.1145  -3.2511   9.2507   0.00    0.0
2014/12/16 22:32:00.000  -12.843690732  131.132750033   121.4377   5   8   4.8061   3.7707  24.7685  -1.0777  -3.1729   9.2652   0.00    0.0
2014/12/16 22:32:30.000  -12.843690565  131.132749428   121.6251   5   8   4.8132   3.7712  24.7544  -1.0384  -3.0909   9.2727   0.00    0.0
2014/12/16 22:33:00.000  -12.843690653  131.132749988   120.8955   5   8   4.8182   3.7719  24.7238  -0.9965  -3.0048   9.2732   0.00    0.0
2014/12/16 22:33:30.000  -12.843690919  131.132751597   121.4671   5   8   4.8213   3.7727  24.6767  -0.9519  -2.9149   9.2668   0.00    0.0
2014/12/16 22:34:00.000  -12.843691344  131.132751888   121.4210   5   8   4.8223   3.7736  24.6137  -0.9043  -2.8210   9.2537   0.00    0.0
2014/12/16 22:34:30.000  -12.843691261  131.132751466   121.2267   5   8   4.8214   3.7746  24.5350  -0.8533  -2.7231   9.2338   0.00    0.0
2014/12/16 22:35:00.000  -12.843691535  131.132751523   120.4617   5   8   4.8186   3.7758  24.4412  -0.7987  -2.6213   9.2075   0.00    0.0
2014/12/16 22:35:30.000  -12.843692049  131.132750933   119.7559   5   8   4.8139   3.7771  24.3330  -0.7397  -2.5155   9.1750   0.00    0.0
2014/12/16 22:36:00.000  -12.843693505  131.132750861   119.7652   5   8   4.8075   3.7786  24.2110  -0.6755  -2.4055   9.1365   0.00    0.0
2014/12/16 22:36:30.000  -12.843693747  131.132751933   119.9425   5   8   4.7994   3.7801  24.0760  -0.6047  -2.2912   9.0923   0.00    0.0
2014/12/16 22:37:00.000  -12.843694640  131.132751643   119.7416   5   8   4.7898   3.7818  23.9286  -0.5249  -2.1722   9.0426   0.00    0.0
2014/12/16 22:37:30.000  -12.843694095  131.132750841   119.4318   5   8   4.7786   3.7837  23.7698  -0.4314  -2.0482   8.9879   0.00    0.0
2014/12/16 22:38:00.000  -12.843694452  131.132749581   119.0043   5   8   4.7661   3.7857  23.6004  -0.3126  -1.9186   8.9284   0.00    0.0
2014/12/16 22:38:30.000  -12.843693964  131.132750446   119.5260   5   8   4.7523   3.7878  23.4213  -0.1025  -1.7826   8.8645   0.00    0.0
2014/12/16 22:39:00.000  -12.843692791  131.132751712   119.7206   5   8   4.7374   3.7901  23.2333   0.2743  -1.6388   8.7965   0.00    0.0
2014/12/16 22:39:30.000  -12.843691781  131.132752346   119.9417   5   8   4.7214   3.7924  23.0373   0.3992  -1.4854   8.7247   0.00    0.0
2014/12/16 22:40:00.000  -12.843691521  131.132751789   119.7392   5   8   4.7046   3.7949  22.8342   0.4916  -1.3193   8.6496   0.00    0.0
2014/12/16 22:40:30.000  -12.843690938  131.132751192   120.4583   5   8   4.6869   3.7976  22.6248   0.5676  -1.1353   8.5714   0.00    0.0
2014/12/16 22:41:00.000  -12.843692281  131.132750450   119.6240   5   8   4.6685   3.8003  22.4100   0.6329  -0.9231   8.4905   0.00    0.0
2014/12/16 22:41:30.000  -12.843693836  131.132749842   118.2605   5   8   4.6494   3.8031  22.1905   0.6906  -0.6560   8.4072   0.00    0.0
2014/12/16 22:42:00.000  -12.843693851  131.132749577   118.2745   5   8   4.6299   3.8061  21.9671   0.7424  -0.1545   8.3218   0.00    0.0
2014/12/16 22:42:30.000  -12.843693465  131.132749193   118.7837   5   8   4.6100   3.8091  21.7405   0.7894   0.6059   8.2346   0.00    0.0
2014/12/16 22:43:00.000  -12.843693765  131.132749673   118.9789   5   8   4.5898   3.8123  21.5114   0.8324   0.8617   8.1459   0.00    0.0
2014/12/16 22:43:30.000  -12.843695407  131.132750037   118.1553   5   8   4.5694   3.8155  21.2805   0.8721   1.0500   8.0559   0.00    0.0
2014/12/16 22:44:00.000  -12.843696458  131.132749465   117.7933   5   8   4.5488   3.8188  21.0484   0.9087   1.2030   7.9649   0.00    0.0
2014/12/16 22:44:30.000  -12.843696886  131.132749280   117.8223   5   8   4.5282   3.8222  20.8155   0.9428   1.3330   7.8732   0.00    0.0
2014/12/16 22:45:00.000  -12.843696668  131.132748500   117.8651   5   8   4.5075   3.8257  20.5825   0.9746   1.4464   7.7809   0.00    0.0
2014/12/16 22:45:30.000  -12.843696130  131.132748509   117.6891   5   8   4.4870   3.8293  20.3497   1.0043   1.5468   7.6883   0.00    0.0
2014/12/16 22:46:00.000  -12.843695120  131.132748514   117.3779   5   8   4.4665   3.8329  20.1177   1.0321   1.6368   7.5955   0.00    0.0
2014/12/16 22:46:30.000  -12.843694985  131.132748081   117.0146   5   8   4.4463   3.8365  19.8869   1.0582   1.7182   7.5027   0.00    0.0
2014/12/16 22:47:00.000  -12.843693816  131.132749653   118.2793   5   8   4.4263   3.8403  19.6575   1.0828   1.7922   7.4100   0.00    0.0
2014/12/16 22:47:30.000  -12.843693503  131.132749794   118.3359   5   8   4.4066   3.8441  19.4299   1.1060   1.8600   7.3177   0.00    0.0
2014/12/16 22:48:00.000  -12.843693871  131.132749650   118.0012   5   8   4.3871   3.8479  19.2044   1.1278   1.9222   7.2257   0.00    0.0
2014/12/16 22:48:30.000  -12.843694249  131.132749272   117.9954   5   8   4.3681   3.8518  18.9812   1.1485   1.9795   7.1343   0.00    0.0
2014/12/16 22:49:00.000  -12.843695260  131.132748580   117.5974   5   8   4.3494   3.8558  18.7606   1.1681   2.0325   7.0436   0.00    0.0
2014/12/16 22:49:30.000  -12.843695417  131.132750107   117.4077   5   8   4.3311   3.8597  18.5428   1.1866   2.0816   6.9535   0.00    0.0
2014/12/16 22:50:00.000  -12.843695952  131.132750909   117.0766   5   8   4.3133   3.8638  18.3278   1.2042   2.1272   6.8643   0.00    0.0
2014/12/16 22:50:30.000  -12.843695442  131.132751033   117.2928   5   8   4.2959   3.8678  18.1160   1.2210   2.1696   6.7760   0.00    0.0
2014/12/16 22:51:00.000  -12.843695021  131.132751181   117.2195   5   8   4.2790   3.8720  17.9073   1.2369   2.2092   6.6885   0.00    0.0
2014/12/16 22:51:30.000  -12.843694738  131.132750497   116.8917   5   8   4.2625   3.8761  17.7020   1.2521   2.2462   6.6021   0.00    0.0
2014/12/16 22:52:00.000  -12.843693906  131.132750513   117.4199   5   8   4.2466   3.8803  17.5000   1.2666   2.2808   6.5167   0.00    0.0
2014/12/16 22:52:30.000  -12.843694461  131.132749340   117.4895   5   8   4.2311   3.8845  17.3014   1.2804   2.3132   6.4324   0.00    0.0
2014/12/16 22:53:00.000  -12.843695048  131.132749296   117.3876   5   8   4.2162   3.8887  17.1064   1.2936   2.3436   6.3491   0.00    0.0
2014/12/16 22:53:30.000  -12.843695778  131.132749669   117.6587   5   8   4.2018   3.8930  16.9149   1.3063   2.3721   6.2670   0.00    0.0
2014/12/16 22:54:00.000  -12.843695635  131.132749428   117.7913   5   8   4.1879   3.8973  16.7269   1.3184   2.3990   6.1860   0.00    0.0
2014/12/16 22:54:30.000  -12.843696038  131.132749560   117.7189   5   8   4.1745   3.9016  16.5425   1.3301   2.4244   6.1062   0.00    0.0
2014/12/16 22:55:00.000  -12.843696167  131.132749355   118.0179   5   8   4.1617   3.9060  16.3617   1.3413   2.4483   6.0276   0.00    0.0
2014/12/16 22:55:30.000  -12.843696321  131.132749862   118.0691   5   8   4.1494   3.9104  16.1845   1.3520   2.4709   5.9501   0.00    0.0
2014/12/16 22:56:00.000  -12.843696123  131.132750558   118.2838   5   8   4.1376   3.9148  16.0108   1.3624   2.4923   5.8738   0.00    0.0
2014/12/16 22:56:30.000  -12.843696495  131.132750060   118.4307   5   8   4.1263   3.9192  15.8406   1.3724   2.5126   5.7987   0.00    0.0
2014/12/16 22:57:00.000  -12.843696560  131.132748767   118.2782   5   8   4.1155   3.9237  15.6740   1.3821   2.5319   5.7247   0.00    0.0
2014/12/16 22:57:30.000  -12.843696304  131.132749180   118.2152   5   8   4.1053   3.9282  15.5109   1.3914   2.5502   5.6519   0.00    0.0
2014/12/16 22:58:00.000  -12.843696874  131.132750011   118.4140   5   8   4.0955   3.9327  15.3511   1.4005   2.5676   5.5803   0.00    0.0
2014/12/16 22:58:30.000  -12.843697195  131.132749267   118.3391   5   8   4.0863   3.9372  15.1948   1.4092   2.5843   5.5098   0.00    0.0
2014/12/16 22:59:00.000  -12.843696718  131.132749730   118.5600   5   8   4.0775   3.9418  15.0419   1.4177   2.6001   5.4405   0.00    0.0
2014/12/16 22:59:30.000  -12.843696614  131.132749403   118.6720   5   8   4.0692   3.9464  14.8922   1.4260   2.6153   5.3723   0.00    0.0
2014/12/16 23:00:00.000  -12.843695938  131.132748703   118.8508   5   8   4.0614   3.8548  14.7256   1.4303   2.7543   5.3060   0.00    0.0
2014/12/16 23:00:30.000  -12.843695176  131.132748846   118.8522   5   8   4.0541   3.8598  14.5831   1.4363   2.7650   5.2405   0.00    0.0
2014/12/16 23:01:00.000  -12.843695004  131.132748096   118.6142   5   8   4.0472   3.8648  14.4437   1.4421   2.7753   5.1760   0.00    0.0
2014/12/16 23:01:30.000  -12.843695097  131.132748991   118.7053   5   8   4.0408   3.8698  14.3074   1.4477   2.7853   5.1125   0.00    0.0
2014/12/16 23:02:00.000  -12.843696274  131.132749262   118.7286   5   8   4.0348   3.8748  14.1741   1.4532   2.7950   5.0501   0.00    0.0
2014/12/16 23:02:30.000  -12.843696616  131.132750174   118.8982   5   8   4.0292   3.8799  14.0437   1.4586   2.8044   4.9887   0.00    0.0
2014/12/16 23:03:00.000  -12.843695915  131.132750807   119.4180   5   8   4.0241   3.8850  13.9163   1.4639   2.8135   4.9283   0.00    0.0
2014/12/16 23:03:30.000  -12.843695563  131.132749903   119.0469   5   8   4.0194   3.8902  13.7917   1.4691   2.8224   4.8689   0.00    0.0
2014/12/16 23:04:00.000  -12.843695758  131.132749285   119.0273   5   8   4.0151   3.8954  13.6700   1.4742   2.8311   4.8104   0.00    0.0
2014/12/16 23:04:30.000  -12.843695572  131.132748600   119.0554   5   8   4.0112   3.9006  13.5509   1.4792   2.8396   4.7529   0.00    0.0
2014/12/16 23:05:00.000  -12.843696438  131.132749045   119.2530   5   8   4.0078   3.9058  13.4346   1.4840   2.8479   4.6964   0.00    0.0
2014/12/16 23:05:30.000  -12.843697556  131.132749783   119.2325   5   8   4.0047   3.9111  13.3209   1.4889   2.8561   4.6407   0.00    0.0
2014/12/16 23:06:00.000  -12.843697573  131.132750875   119.0013   5   8   4.0020   3.9164  13.2098   1.4936   2.8641   4.5860   0.00    0.0
2014/12/16 23:06:30.000  -12.843697596  131.132750252   119.1401   5   8   3.9996   3.9217  13.1012   1.4982   2.8720   4.5321   0.00    0.0
2014/12/16 23:07:00.000  -12.843697451  131.132750205   119.1006   5   8   3.9977   3.9271  12.9951   1.5028   2.8798   4.4790   0.00    0.0
2014/12/16 23:07:30.000  -12.843697570  131.132749441   119.2009   5   8   3.9961   3.9325  12.8914   1.5073   2.8875   4.4269   0.00    0.0
2014/12/16 23:08:00.000  -12.843697403  131.132748875   119.0765   5   8   3.9948   3.9380  12.7901   1.5118   2.8952   4.3755   0.00    0.0
2014/12/16 23:08:30.000  -12.843697484  131.132749746   119.0262   5   8   3.9939   3.9434  12.6911   1.5162   2.9028   4.3249   0.00    0.0
2014/12/16 23:09:00.000  -12.843697931  131.132749876   119.5093   5   8   3.9934   3.9490  12.5943   1.5206   2.9103   4.2752   0.00    0.0
2014/12/16 23:09:30.000  -12.843697500  131.132748030   118.8980   5   8   3.9931   3.9545  12.4998   1.5249   2.9177   4.2262   0.00    0.0
2014/12/16 23:10:00.000  -12.843697445  131.132749128   119.6256   5   8   3.9933   3.9601  12.4075   1.5291   2.9252   4.1779   0.00    0.0
2014/12/16 23:10:30.000  -12.843695206  131.132750768   118.5220   5   7   4.3061   4.0861  13.9262   1.9840   1.4845   2.5684   0.00    0.0
2014/12/16 23:11:00.000  -12.843696483  131.132750728   119.0528   5   7   4.3092   4.0890  13.8371   1.9845   1.5295   2.4919   0.00    0.0
2014/12/16 23:11:30.000  -12.843696575  131.132750050   119.1552   5   7   4.3125   4.0921  13.7499   1.9849   1.5730   2.4152   0.00    0.0
2014/12/16 23:12:00.000  -12.843695668  131.132749407   118.5057   5   7   4.3162   4.0952  13.6644   1.9853   1.6152   2.3383   0.00    0.0
2014/12/16 23:12:30.000  -12.843695494  131.132749452   118.0971   5   7   4.3201   4.0984  13.5805   1.9856   1.6562   2.2609   0.00    0.0
2014/12/16 23:13:00.000  -12.843695415  131.132750876   118.2863   5   7   4.3242   4.1016  13.4983   1.9859   1.6961   2.1830   0.00    0.0
2014/12/16 23:13:30.000  -12.843695705  131.132751845   118.6714   5   7   4.3286   4.1050  13.4178   1.9862   1.7350   2.1045   0.00    0.0
2014/12/16 23:14:00.000  -12.843695463  131.132751475   119.0656   5   7   4.3333   4.1084  13.3388   1.9864   1.7729   2.0252   0.00    0.0
2014/12/16 23:14:30.000  -12.843690933  131.132746517   115.2585   5   6   5.1970   5.3309  26.8398  -2.4005   9.0799  -7.9367   0.00    0.0
2014/12/16 23:15:00.000  -12.843690242  131.132746194   114.9369   5   6   5.2310   5.3412  26.6889  -2.4451   9.0780  -8.0108   0.00    0.0
2014/12/16 23:15:30.000  -12.843691022  131.132745536   114.8104   5   6   5.2653   5.3519  26.5433  -2.4892   9.0774  -8.0833   0.00    0.0
2014/12/16 23:16:00.000  -12.843691014  131.132744275   114.7330   5   6   5.3000   5.3629  26.4029  -2.5330   9.0780  -8.1545   0.00    0.0
2014/12/16 23:16:30.000  -12.843689816  131.132742849   114.1094   5   6   5.3350   5.3742  26.2674  -2.5763   9.0800  -8.2243   0.00    0.0
2014/12/16 23:17:00.000  -12.843688832  131.132741467   113.6795   5   6   5.3704   5.3859  26.1366  -2.6193   9.0831  -8.2928   0.00    0.0
2014/12/16 23:17:30.000  -12.843689203  131.132742991   114.3899   5   6   5.4060   5.3978  26.0104  -2.6620   9.0874  -8.3601   0.00    0.0
2014/12/16 23:18:00.000  -12.843688962  131.132743283   113.8941   5   6   5.4419   5.4101  25.8887  -2.7043   9.0927  -8.4263   0.00    0.0
2014/12/16 23:18:30.000  -12.843688289  131.132743273   114.0725   5   6   5.4780   5.4227  25.7712  -2.7464   9.0992  -8.4914   0.00    0.0
2014/12/16 23:19:00.000  -12.843688635  131.132743710   114.5662   5   6   5.5144   5.4356  25.6578  -2.7882   9.1067  -8.5554   0.00    0.0
2014/12/16 23:19:30.000  -12.843689681  131.132744139   114.8061   5   6   5.5511   5.4488  25.5483  -2.8297   9.1152  -8.6184   0.00    0.0
2014/12/16 23:20:00.000  -12.843689719  131.132744219   114.7098   5   6   5.5879   5.4623  25.4426  -2.8710   9.1246  -8.6804   0.00    0.0
2014/12/16 23:20:30.000  -12.843689199  131.132744436   114.8779   5   6   5.6249   5.4761  25.3405  -2.9120   9.1350  -8.7415   0.00    0.0
2014/12/16 23:21:00.000  -12.843690152  131.132744497   115.5149   5   6   5.6621   5.4902  25.2419  -2.9528   9.1462  -8.8017   0.00    0.0
2014/12/16 23:21:30.000  -12.843691855  131.132744786   115.8095   5   6   5.6995   5.5046  25.1466  -2.9935   9.1582  -8.8610   0.00    0.0
2014/12/16 23:22:00.000  -12.843691433  131.132745973   116.0900   5   6   5.7370   5.5193  25.0545  -3.0338   9.1711  -8.9193   0.00    0.0
2014/12/16 23:22:30.000  -12.843691385  131.132745012   115.7163   5   6   5.7746   5.5342  24.9654  -3.0740   9.1847  -8.9768   0.00    0.0
2014/12/16 23:23:00.000  -12.843692230  131.132743681   115.6703   5   6   5.8123   5.5495  24.8792  -3.1140   9.1990  -9.0334   0.00    0.0
2014/12/16 23:23:30.000  -12.843691866  131.132743181   115.5717   5   6   5.8501   5.5649  24.7957  -3.1537   9.2140  -9.0892   0.00    0.0
2014/12/16 23:24:00.000  -12.843690204  131.132743635   115.6219   5   6   5.8880   5.5807  24.7149  -3.1932   9.2296  -9.1440   0.00    0.0
2014/12/16 23:24:30.000  -12.843688623  131.132743673   115.3248   5   6   5.9258   5.5967  24.6366  -3.2325   9.2458  -9.1980   0.00    0.0
2014/12/16 23:25:00.000  -12.843688378  131.132743221   115.3296   5   6   5.9637   5.6129  24.5606  -3.2716   9.2626  -9.2511   0.00    0.0
2014/12/16 23:25:30.000  -12.843690161  131.132743143   115.4973   5   6   6.0016   5.6294  24.4868  -3.3104   9.2798  -9.3033   0.00    0.0
2014/12/16 23:26:00.000  -12.843690507  131.132743277   115.4389   5   6   6.0394   5.6461  24.4151  -3.3490   9.2976  -9.3546   0.00    0.0
2014/12/16 23:26:30.000  -12.843691098  131.132744465   116.0853   5   6   6.0771   5.6630  24.3454  -3.3874   9.3158  -9.4049   0.00    0.0
2014/12/16 23:27:00.000  -12.843690674  131.132742810   115.8772   5   6   6.1147   5.6801  24.2775  -3.4254   9.3343  -9.4543   0.00    0.0
2014/12/16 23:27:30.000  -12.843690212  131.132742493   115.7316   5   6   6.1522   5.6975  24.2113  -3.4632   9.3533  -9.5027   0.00    0.0
2014/12/16 23:28:00.000  -12.843691049  131.132743655   116.1515   5   6   6.1895   5.7150  24.1466  -3.5007   9.3725  -9.5501   0.00    0.0
2014/12/16 23:28:30.000  -12.843691915  131.132744140   116.3482   5   6   6.2267   5.7327  24.0835  -3.5378   9.3920  -9.5965   0.00    0.0
2014/12/16 23:29:00.000  -12.843692542  131.132743609   116.3995   5   6   6.2636   5.7506  24.0216  -3.5747   9.4117  -9.6418   0.00    0.0
2014/12/16 23:29:30.000  -12.843692578  131.132744000   116.7336   5   6   6.3002   5.7686  23.9609  -3.6111   9.4316  -9.6860   0.00    0.0
2014/12/16 23:30:00.000  -12.843692234  131.132744969   117.2526   5   6   6.3365   5.7869  23.9013  -3.6472   9.4516  -9.7290   0.00    0.0
2014/12/16 23:30:30.000  -12.843691834  131.132745100   117.2729   5   6   6.3726   5.8052  23.8427  -3.6829   9.4717  -9.7709   0.00    0.0
2014/12/16 23:31:00.000  -12.843690870  131.132745341   116.9618   5   6   6.4082   5.8237  23.7849  -3.7182   9.4918  -9.8116   0.00    0.0
2014/12/16 23:31:30.000  -12.843692926  131.132745923   117.2529   5   6   6.4435   5.8423  23.7278  -3.7531   9.5120  -9.8510   0.00    0.0
2014/12/16 23:32:00.000  -12.843692265  131.132745966   117.1044   5   6   6.4783   5.8610  23.6714  -3.7875   9.5321  -9.8892   0.00    0.0
2014/12/16 23:32:30.000  -12.843692152  131.132745993   117.2370   5   6   6.5126   5.8798  23.6154  -3.8214   9.5521  -9.9260   0.00    0.0
2014/12/16 23:33:00.000  -12.843693254  131.132746096   117.4145   5   6   6.5465   5.8986  23.5598  -3.8548   9.5720  -9.9614   0.00    0.0
2014/12/16 23:33:30.000  -12.843693541  131.132746052   117.3891   5   6   6.5798   5.9176  23.5044  -3.8877   9.5917  -9.9953   0.00    0.0
2014/12/16 23:34:00.000  -12.843692873  131.132746525   117.4698   5   6   6.6124   5.9366  23.4492  -3.9200   9.6112 -10.0278   0.00    0.0
2014/12/16 23:34:30.000  -12.843692842  131.132747016   117.5438   5   6   6.6445   5.9556  23.3940  -3.9517   9.6304 -10.0588   0.00    0.0
2014/12/16 23:35:00.000  -12.843694950  131.132747280   117.9668   5   6   6.6759   5.9746  23.3387  -3.9828   9.6493 -10.0882   0.00    0.0
2014/12/16 23:35:30.000  -12.843695513  131.132747239   118.0882   5   6   6.7066   5.9937  23.2833  -4.0132   9.6678 -10.1160   0.00    0.0
2014/12/16 23:36:00.000  -12.843694728  131.132746796   118.0694   5   6   6.7365   6.0127  23.2276  -4.0430   9.6859 -10.1421   0.00    0.0
2014/12/16 23:36:30.000  -12.843694661  131.132746510   117.9940   5   6   6.7657   6.0317  23.1716  -4.0720   9.7036 -10.1665   0.00    0.0
2014/12/16 23:37:00.000  -12.843695915  131.132747791   118.4012   5   6   6.7940   6.0507  23.1150  -4.1004   9.7208 -10.1891   0.00    0.0
2014/12/16 23:37:30.000  -12.843695910  131.132747455   118.5167   5   6   6.8215   6.0696  23.0579  -4.1279   9.7375 -10.2099   0.00    0.0
2014/12/16 23:38:00.000  -12.843694910  131.132747720   118.4423   5   6   6.8480   6.0885  23.0002  -4.1547   9.7536 -10.2289   0.00    0.0
2014/12/16 23:38:30.000  -12.843696375  131.132748293   118.6083   5   6   6.8737   6.1072  22.9418  -4.1806   9.7691 -10.2459   0.00    0.0
2014/12/16 23:39:00.000  -12.843698245  131.132748485   119.0335   5   6   6.8983   6.1259  22.8825  -4.2057   9.7840 -10.2610   0.00    0.0
2014/12/16 23:39:30.000  -12.843698869  131.132749532   119.3150   5   6   6.9220   6.1445  22.8224  -4.2299   9.7982 -10.2741   0.00    0.0
2014/12/16 23:40:00.000  -12.843699856  131.132750468   119.7397   5   6   6.9446   6.1629  22.7613  -4.2532   9.8116 -10.2852   0.00    0.0
2014/12/16 23:40:30.000  -12.843698968  131.132750314   119.7256   5   6   6.9661   6.1811  22.6993  -4.2755   9.8244 -10.2943   0.00    0.0
2014/12/16 23:41:00.000  -12.843698255  131.132751198   119.9779   5   6   6.9865   6.1993  22.6361  -4.2969   9.8363 -10.3012   0.00    0.0
2014/12/16 23:41:30.000  -12.843697398  131.132749674   119.4540   5   7   6.4930   4.3862  14.0766  -2.6546   4.3846  -7.7325   0.00    0.0
2014/12/16 23:42:00.000  -12.843696829  131.132746780   118.7255   5   7   6.5128   4.3926  14.0767  -2.6774   4.4124  -7.7509   0.00    0.0
2014/12/16 23:42:30.000  -12.843696846  131.132745011   118.1491   5   7   6.5317   4.3990  14.0756  -2.6996   4.4396  -7.7680   0.00    0.0
2014/12/16 23:43:00.000  -12.843705748  131.132748127   120.3228   5   8   4.2714   4.2439   9.5732  -1.2391   2.7840  -3.0595   0.00    0.0
2014/12/16 23:43:30.000  -12.843704882  131.132748269   120.3631   5   8   4.2770   4.2475   9.5742  -1.2544   2.8056  -3.0697   0.00    0.0
2014/12/16 23:44:00.000  -12.843704618  131.132749371   120.6375   5   8   4.2826   4.2511   9.5753  -1.2694   2.8270  -3.0794   0.00    0.0
2014/12/16 23:44:30.000  -12.843704925  131.132749552   120.7318   5   8   4.2880   4.2547   9.5767  -1.2842   2.8482  -3.0886   0.00    0.0
2014/12/16 23:45:00.000  -12.843705819  131.132749967   121.1118   5   8   4.2933   4.2585   9.5782  -1.2988   2.8693  -3.0974   0.00    0.0
2014/12/16 23:45:30.000  -12.843705817  131.132748616   120.8891   5   8   4.2984   4.2622   9.5799  -1.3132   2.8901  -3.1057   0.00    0.0
2014/12/16 23:46:00.000  -12.843707127  131.132747586   120.2843   5   8   4.3034   4.2661   9.5818  -1.3274   2.9108  -3.1136   0.00    0.0
2014/12/16 23:46:30.000  -12.843706636  131.132748409   120.3017   5   8   4.3083   4.2700   9.5839  -1.3414   2.9314  -3.1210   0.00    0.0
2014/12/16 23:47:00.000  -12.843705867  131.132749174   120.6455   5   8   4.3131   4.2739   9.5861  -1.3551   2.9517  -3.1280   0.00    0.0
2014/12/16 23:47:30.000  -12.843705203  131.132749251   120.6327   5   8   4.3177   4.2779   9.5886  -1.3687   2.9719  -3.1345   0.00    0.0
2014/12/16 23:48:00.000  -12.843706887  131.132747775   120.8325   5   8   4.3222   4.2819   9.5912  -1.3821   2.9919  -3.1405   0.00    0.0
2014/12/16 23:48:30.000  -12.843707648  131.132746844   120.5768   5   8   4.3265   4.2860   9.5940  -1.3952   3.0117  -3.1461   0.00    0.0
2014/12/16 23:49:00.000  -12.843708058  131.132747985   120.7549   5   9   4.2591   4.0933   8.7735  -1.7291   2.0475  -3.6027   0.00    0.0
2014/12/16 23:49:30.000  -12.843707967  131.132748885   120.6471   5   9   4.2619   4.0973   8.7820  -1.7423   2.0787  -3.6094   0.00    0.0
2014/12/16 23:50:00.000  -12.843708181  131.132748622   120.4123   5   9   4.2645   4.1014   8.7906  -1.7554   2.1094  -3.6158   0.00    0.0
2014/12/16 23:50:30.000  -12.843708157  131.132749082   120.1630   5   9   4.2669   4.1056   8.7993  -1.7683   2.1397  -3.6217   0.00    0.0
2014/12/16 23:51:00.000  -12.843707415  131.132749060   120.1180   5   9   4.2691   4.1099   8.8083  -1.7810   2.1695  -3.6274   0.00    0.0
2014/12/16 23:51:30.000  -12.843706827  131.132748238   120.2573   5   9   4.2712   4.1142   8.8173  -1.7936   2.1989  -3.6326   0.00    0.0
2014/12/16 23:52:00.000  -12.843707326  131.132748078   120.4027   5   9   4.2730   4.1186   8.8265  -1.8060   2.2279  -3.6375   0.00    0.0
2014/12/16 23:52:30.000  -12.843707719  131.132748003   120.7267   5   9   4.2747   4.1230   8.8359  -1.8182   2.2564  -3.6421   0.00    0.0
2014/12/16 23:53:00.000  -12.843708537  131.132748930   120.9053   5   9   4.2761   4.1275   8.8455  -1.8302   2.2846  -3.6463   0.00    0.0
2014/12/16 23:53:30.000  -12.843709515  131.132748714   120.8721   5   9   4.2774   4.1321   8.8552  -1.8421   2.3124  -3.6501   0.00    0.0
2014/12/16 23:54:00.000  -12.843709808  131.132747596   120.6882   5   9   4.2785   4.1367   8.8650  -1.8538   2.3398  -3.6536   0.00    0.0
2014/12/16 23:54:30.000  -12.843709378  131.132746669   120.7769   5   9   4.2794   4.1414   8.8750  -1.8653   2.3669  -3.6567   0.00    0.0
2014/12/16 23:55:00.000  -12.843708973  131.132746646   120.8404   5   9   4.2801   4.1461   8.8852  -1.8766   2.3936  -3.6595   0.00    0.0
2014/12/16 23:55:30.000  -12.843709339  131.132748408   120.9513   5   9   4.2806   4.1509   8.8956  -1.8877   2.4200  -3.6619   0.00    0.0
2014/12/16 23:56:00.000  -12.843708666  131.132749739   120.9514   5   9   4.2809   4.1558   8.9062  -1.8986   2.4460  -3.6639   0.00    0.0
2014/12/16 23:56:30.000  -12.843708813  131.132750105   121.0731   5   9   4.2810   4.1607   8.9169  -1.9093   2.4717  -3.6656   0.00    0.0
2014/12/16 23:57:00.000  -12.843709186  131.132748498   121.1264   5   9   4.2809   4.1656   8.9278  -1.9199   2.4972  -3.6669   0.00    0.0
2014/12/16 23:57:30.000  -12.843709033  131.132747520   121.0611   5   9   4.2806   4.1707   8.9389  -1.9302   2.5223  -3.6679   0.00    0.0
2014/12/16 23:58:00.000  -12.843708956  131.132746274   121.1898   5   9   4.2801   4.1757   8.9502  -1.9403   2.5471  -3.6685   0.00    0.0
2014/12/16 23:58:30.000  -12.843708616  131.132746171   121.1479   5   9   4.2795   4.1808   8.9617  -1.9502   2.5716  -3.6688   0.00    0.0
2014/12/16 23:59:00.000  -12.843708610  131.132747570   121.1564   5   9   4.2786   4.1860   8.9734  -1.9600   2.5959  -3.6687   0.00    0.0
2014/12/16 23:59:30.000  -12.843708041  131.132747761   121.1738   5   9   4.2775   4.1912   8.9853  -1.9695   2.6199  -3.6682   0.00    0.0
