% program   : RTKPOST ver.demo5 b34b
% inp file  : D:\My Documents\Spoljar\Privat\Boston 2022\iqal580.14o
% inp file  : D:\My Documents\Spoljar\Privat\Boston 2022\brdc580.14n
% obs start : 2014/02/27 00:00:00.0 GPST (week1781 345600.0s)
% obs end   : 2014/02/27 23:59:30.0 GPST (week1781 431970.0s)
% pos mode  : Single
% elev mask : 15.0 deg
% ionos opt : Broadcast
% tropo opt : Saastamoinen
% ephemeris : Broadcast
% navi sys  : GPS
%
% (lat/lon/height=WGS84/ellipsoidal,Q=1:fix,2:float,3:sbas,4:dgps,5:single,6:ppp,ns=# of satellites)
%  GPST                  latitude(deg) longitude(deg)  height(m)   Q  ns   sdn(m)   sde(m)   sdu(m)  sdne(m)  sdeu(m)  sdun(m) age(s)  ratio
2014/02/27 00:00:00.000   63.755966077  -68.510507428    92.9739   5   7   2.9937   3.3487   7.4001   1.8783   3.9792   2.8258   0.00    0.0
2014/02/27 00:00:30.000   63.755965471  -68.510541674    93.1535   5   7   2.9927   3.3462   7.3579   1.8757   3.9622   2.8155   0.00    0.0
2014/02/27 00:01:00.000   63.755969069  -68.510528646    92.9187   5   7   2.9917   3.3435   7.3156   1.8730   3.9447   2.8052   0.00    0.0
2014/02/27 00:01:30.000   63.755973371  -68.510518559    92.6456   5   7   2.9907   3.3405   7.2732   1.8700   3.9268   2.7947   0.00    0.0
2014/02/27 00:02:00.000   63.755974962  -68.510520346    93.3796   5   8   2.8944   2.9814   7.2306   1.5367   3.9002   2.7784   0.00    0.0
2014/02/27 00:02:30.000   63.755968617  -68.510526796    91.8901   5   9   2.5129   2.7229   6.1860   0.7901   3.2652   1.5505   0.00    0.0
2014/02/27 00:03:00.000   63.755962696  -68.510532129    91.4950   5   9   2.5095   2.7174   6.1613   0.7788   3.2499   1.5447   0.00    0.0
2014/02/27 00:03:30.000   63.755966364  -68.510543021    91.5252   5   9   2.5063   2.7118   6.1365   0.7673   3.2343   1.5390   0.00    0.0
2014/02/27 00:04:00.000   63.755964517  -68.510538284    92.1539   5   9   2.5032   2.7061   6.1115   0.7557   3.2184   1.5334   0.00    0.0
2014/02/27 00:04:30.000   63.755967427  -68.510530827    91.9961   5   9   2.5001   2.7004   6.0865   0.7438   3.2023   1.5279   0.00    0.0
2014/02/27 00:05:00.000   63.755964594  -68.510530888    91.8230   5   9   2.4971   2.6946   6.0614   0.7317   3.1860   1.5226   0.00    0.0
2014/02/27 00:05:30.000   63.755966388  -68.510526986    92.8448   5   9   2.4942   2.6887   6.0363   0.7194   3.1695   1.5175   0.00    0.0
2014/02/27 00:06:00.000   63.755966443  -68.510529741    92.3037   5   9   2.4915   2.6827   6.0111   0.7069   3.1527   1.5125   0.00    0.0
2014/02/27 00:06:30.000   63.755967966  -68.510529759    91.4967   5   9   2.4888   2.6768   5.9858   0.6942   3.1357   1.5076   0.00    0.0
2014/02/27 00:07:00.000   63.755966967  -68.510551400    90.7361   5  10   2.4659   2.2737   5.2856   0.9526   2.4218   1.7694   0.00    0.0
2014/02/27 00:07:30.000   63.755965076  -68.510548770    90.4007   5  10   2.4624   2.2683   5.2703   0.9484   2.4085   1.7693   0.00    0.0
2014/02/27 00:08:00.000   63.755970501  -68.510535545    91.5756   5  10   2.4589   2.2630   5.2551   0.9442   2.3950   1.7693   0.00    0.0
2014/02/27 00:08:30.000   63.755963124  -68.510542592    91.1618   5  10   2.4555   2.2578   5.2401   0.9400   2.3816   1.7693   0.00    0.0
2014/02/27 00:09:00.000   63.755964365  -68.510539336    91.7224   5  10   2.4521   2.2525   5.2252   0.9357   2.3680   1.7693   0.00    0.0
2014/02/27 00:09:30.000   63.755960474  -68.510538673    91.3640   5   9   2.5455   2.4041   5.3717   0.5234   2.1043   2.0096   0.00    0.0
2014/02/27 00:10:00.000   63.755960415  -68.510535035    91.9256   5   9   2.5432   2.3964   5.3657   0.5184   2.0848   2.0164   0.00    0.0
2014/02/27 00:10:30.000   63.755958904  -68.510542180    92.0226   5   8   2.9523   2.5344   5.4015   1.2392   1.9235   1.7575   0.00    0.0
2014/02/27 00:11:00.000   63.755954351  -68.510546971    91.2113   5   8   2.9453   2.5244   5.3997   1.2279   1.8980   1.7555   0.00    0.0
2014/02/27 00:11:30.000   63.755959457  -68.510538751    90.8720   5   8   2.9384   2.5145   5.3984   1.2167   1.8724   1.7537   0.00    0.0
2014/02/27 00:12:00.000   63.755959151  -68.510541478    90.9054   5   8   2.9315   2.5048   5.3975   1.2054   1.8468   1.7522   0.00    0.0
2014/02/27 00:12:30.000   63.755959488  -68.510532141    91.4721   5   8   2.9247   2.4953   5.3970   1.1941   1.8210   1.7510   0.00    0.0
2014/02/27 00:13:00.000   63.755961602  -68.510524679    91.6700   5   8   2.9180   2.4859   5.3970   1.1829   1.7951   1.7500   0.00    0.0
2014/02/27 00:13:30.000   63.755959166  -68.510521471    90.6648   5   8   2.9113   2.4768   5.3974   1.1716   1.7691   1.7493   0.00    0.0
2014/02/27 00:14:00.000   63.755965610  -68.510514905    90.0073   5   8   2.9047   2.4678   5.3983   1.1604   1.7430   1.7488   0.00    0.0
2014/02/27 00:14:30.000   63.755957468  -68.510528211    89.2233   5   8   2.8982   2.4590   5.3996   1.1491   1.7167   1.7486   0.00    0.0
2014/02/27 00:15:00.000   63.755960900  -68.510520878    90.4351   5   8   2.8918   2.4503   5.4013   1.1378   1.6901   1.7486   0.00    0.0
2014/02/27 00:15:30.000   63.755963431  -68.510512196    89.7569   5   8   2.8854   2.4419   5.4035   1.1264   1.6634   1.7488   0.00    0.0
2014/02/27 00:16:00.000   63.755960594  -68.510513769    90.2009   5   8   2.8791   2.4336   5.4061   1.1151   1.6365   1.7493   0.00    0.0
2014/02/27 00:16:30.000   63.755955925  -68.510525347    90.1314   5   8   2.8728   2.4255   5.4091   1.1037   1.6093   1.7500   0.00    0.0
2014/02/27 00:17:00.000   63.755958894  -68.510525245    90.9794   5   8   2.8666   2.4176   5.4125   1.0922   1.5819   1.7510   0.00    0.0
2014/02/27 00:17:30.000   63.755958458  -68.510521425    90.4400   5   8   2.8605   2.4098   5.4163   1.0807   1.5541   1.7521   0.00    0.0
2014/02/27 00:18:00.000   63.755957682  -68.510517131    90.3195   5   8   2.8545   2.4022   5.4205   1.0691   1.5260   1.7535   0.00    0.0
2014/02/27 00:18:30.000   63.755961480  -68.510506541    90.7032   5   8   2.8486   2.3948   5.4251   1.0575   1.4976   1.7550   0.00    0.0
2014/02/27 00:19:00.000   63.755960143  -68.510515936    90.5184   5   8   2.8427   2.3875   5.4301   1.0458   1.4688   1.7568   0.00    0.0
2014/02/27 00:19:30.000   63.755961873  -68.510515838    91.7718   5   8   2.8369   2.3804   5.4355   1.0341   1.4396   1.7588   0.00    0.0
2014/02/27 00:20:00.000   63.755964899  -68.510508645    91.0204   5   8   2.8312   2.3735   5.4413   1.0222   1.4099   1.7609   0.00    0.0
2014/02/27 00:20:30.000   63.755961917  -68.510508724    91.2544   5   8   2.8256   2.3667   5.4474   1.0103   1.3797   1.7633   0.00    0.0
2014/02/27 00:21:00.000   63.755961721  -68.510510450    90.5014   5   8   2.8200   2.3601   5.4539   0.9982   1.3490   1.7658   0.00    0.0
2014/02/27 00:21:30.000   63.755961238  -68.510504225    90.8180   5   8   2.8145   2.3536   5.4608   0.9861   1.3177   1.7685   0.00    0.0
2014/02/27 00:22:00.000   63.755959846  -68.510512303    91.5039   5   8   2.8091   2.3474   5.4681   0.9738   1.2857   1.7713   0.00    0.0
2014/02/27 00:22:30.000   63.755957622  -68.510511855    91.0054   5   8   2.8038   2.3412   5.4757   0.9614   1.2531   1.7744   0.00    0.0
2014/02/27 00:23:00.000   63.755961396  -68.510520472    90.7899   5   8   2.7986   2.3353   5.4837   0.9489   1.2196   1.7776   0.00    0.0
2014/02/27 00:23:30.000   63.755959906  -68.510521675    90.9097   5   8   2.7935   2.3295   5.4920   0.9362   1.1854   1.7809   0.00    0.0
2014/02/27 00:24:00.000   63.755958492  -68.510520806    90.4473   5   8   2.7879   2.3231   5.4859   0.9218   1.1404   1.7784   0.00    0.0
2014/02/27 00:24:30.000   63.755956429  -68.510515511    90.6252   5   8   2.7830   2.3178   5.4968   0.9090   1.1052   1.7828   0.00    0.0
2014/02/27 00:25:00.000   63.755956398  -68.510524902    90.9792   5   8   2.7782   2.3125   5.5080   0.8960   1.0690   1.7873   0.00    0.0
2014/02/27 00:25:30.000   63.755956958  -68.510512913    91.8415   5   8   2.7734   2.3074   5.5195   0.8829   1.0315   1.7920   0.00    0.0
2014/02/27 00:26:00.000   63.755959056  -68.510517978    91.4924   5   8   2.7688   2.3025   5.5313   0.8695   0.9926   1.7968   0.00    0.0
2014/02/27 00:26:30.000   63.755955227  -68.510509890    91.3657   5   8   2.7642   2.2977   5.5435   0.8560   0.9522   1.8018   0.00    0.0
2014/02/27 00:27:00.000   63.755957938  -68.510511602    92.3228   5   8   2.7598   2.2931   5.5559   0.8422   0.9099   1.8069   0.00    0.0
2014/02/27 00:27:30.000   63.755961689  -68.510511089    91.5758   5   8   2.7554   2.2887   5.5686   0.8283   0.8656   1.8121   0.00    0.0
2014/02/27 00:28:00.000   63.755958858  -68.510508536    92.0567   5   8   2.7511   2.2843   5.5815   0.8140   0.8188   1.8174   0.00    0.0
2014/02/27 00:28:30.000   63.755959457  -68.510515220    91.9097   5   8   2.7469   2.2802   5.5947   0.7995   0.7692   1.8229   0.00    0.0
2014/02/27 00:29:00.000   63.755961379  -68.510511014    92.7073   5   8   2.7429   2.2762   5.6082   0.7847   0.7161   1.8285   0.00    0.0
2014/02/27 00:29:30.000   63.755958416  -68.510513343    92.5911   5   8   2.7389   2.2723   5.6219   0.7696   0.6587   1.8341   0.00    0.0
2014/02/27 00:30:00.000   63.755961736  -68.510514556    92.0656   5   8   2.7350   2.2686   5.6359   0.7541   0.5956   1.8399   0.00    0.0
2014/02/27 00:30:30.000   63.755959096  -68.510511764    93.3528   5   8   2.7311   2.2650   5.6500   0.7384   0.5250   1.8457   0.00    0.0
2014/02/27 00:31:00.000   63.755960935  -68.510515055    92.6829   5   8   2.7274   2.2616   5.6644   0.7222   0.4430   1.8517   0.00    0.0
2014/02/27 00:31:30.000   63.755956243  -68.510509192    92.1180   5   8   2.7238   2.2584   5.6789   0.7056   0.3418   1.8577   0.00    0.0
2014/02/27 00:32:00.000   63.755962429  -68.510507874    92.0459   5   8   2.7203   2.2553   5.6937   0.6886   0.1929   1.8637   0.00    0.0
2014/02/27 00:32:30.000   63.755957980  -68.510498136    91.2502   5   8   2.7169   2.2523   5.7086   0.6711  -0.2063   1.8698   0.00    0.0
2014/02/27 00:33:00.000   63.755957213  -68.510511062    90.5770   5   8   2.7135   2.2495   5.7237   0.6531  -0.3500   1.8760   0.00    0.0
2014/02/27 00:33:30.000   63.755961701  -68.510517822    91.0079   5   8   2.7103   2.2468   5.7389   0.6345  -0.4501   1.8822   0.00    0.0
2014/02/27 00:34:00.000   63.755960862  -68.510510586    91.3412   5   8   2.7071   2.2443   5.7542   0.6152  -0.5318   1.8885   0.00    0.0
2014/02/27 00:34:30.000   63.755960952  -68.510518975    90.3251   5   7   2.8392   2.3748   6.1946  -0.5688   1.1843   1.2800   0.00    0.0
2014/02/27 00:35:00.000   63.755959712  -68.510522944    90.6611   5   7   2.8337   2.3716   6.2144  -0.5811   1.1514   1.2924   0.00    0.0
2014/02/27 00:35:30.000   63.755962019  -68.510518250    90.7064   5   7   2.8282   2.3685   6.2343  -0.5933   1.1174   1.3047   0.00    0.0
2014/02/27 00:36:00.000   63.755960939  -68.510515951    90.1840   5   7   2.8230   2.3656   6.2545  -0.6055   1.0822   1.3168   0.00    0.0
2014/02/27 00:36:30.000   63.755960099  -68.510511482    91.1050   5   7   2.8178   2.3628   6.2748  -0.6175   1.0458   1.3288   0.00    0.0
2014/02/27 00:37:00.000   63.755960309  -68.510515342    90.4331   5   7   2.8128   2.3601   6.2952  -0.6295   1.0080   1.3407   0.00    0.0
2014/02/27 00:37:30.000   63.755957840  -68.510523527    90.6697   5   7   2.8030   2.3561   6.3158  -0.6307   0.9694   1.3513   0.00    0.0
2014/02/27 00:38:00.000   63.755957503  -68.510520392    90.4063   5   7   2.7990   2.3538   6.3364  -0.6442   0.9281   1.3632   0.00    0.0
2014/02/27 00:38:30.000   63.755958947  -68.510519663    89.6212   5   7   2.7951   2.3517   6.3572  -0.6576   0.8848   1.3749   0.00    0.0
2014/02/27 00:39:00.000   63.755956606  -68.510516932    89.4653   5   7   2.7913   2.3497   6.3779  -0.6708   0.8392   1.3863   0.00    0.0
2014/02/27 00:39:30.000   63.755960107  -68.510516855    90.0396   5   7   2.7876   2.3479   6.3988  -0.6839   0.7909   1.3975   0.00    0.0
2014/02/27 00:40:00.000   63.755956513  -68.510522999    90.1480   5   7   2.7840   2.3462   6.4196  -0.6968   0.7394   1.4085   0.00    0.0
2014/02/27 00:40:30.000   63.755960157  -68.510514405    89.2717   5   7   2.7805   2.3446   6.4404  -0.7096   0.6839   1.4193   0.00    0.0
2014/02/27 00:41:00.000   63.755961261  -68.510513011    89.1126   5   7   2.7771   2.3431   6.4612  -0.7223   0.6234   1.4299   0.00    0.0
2014/02/27 00:41:30.000   63.755956325  -68.510516659    89.5958   5   7   2.7738   2.3417   6.4819  -0.7348   0.5562   1.4402   0.00    0.0
2014/02/27 00:42:00.000   63.755955305  -68.510524129    90.9200   5   7   2.7707   2.3405   6.5025  -0.7473   0.4797   1.4504   0.00    0.0
2014/02/27 00:42:30.000   63.755955296  -68.510513938    89.9132   5   7   2.7676   2.3394   6.5230  -0.7597   0.3882   1.4603   0.00    0.0
2014/02/27 00:43:00.000   63.755954204  -68.510512983    90.1485   5   7   2.7646   2.3384   6.5434  -0.7719   0.2670   1.4699   0.00    0.0
2014/02/27 00:43:30.000   63.755959303  -68.510495935    89.7128   5   7   2.7617   2.3376   6.5637  -0.7841  -0.0906   1.4794   0.00    0.0
2014/02/27 00:44:00.000   63.755954740  -68.510506122    90.5267   5   7   2.7590   2.3369   6.5837  -0.7962  -0.2962   1.4886   0.00    0.0
2014/02/27 00:44:30.000   63.755955892  -68.510505360    90.0473   5   7   2.7563   2.3363   6.6036  -0.8081  -0.4090   1.4975   0.00    0.0
2014/02/27 00:45:00.000   63.755956079  -68.510505535    90.1641   5   7   2.7537   2.3358   6.6232  -0.8200  -0.4968   1.5062   0.00    0.0
2014/02/27 00:45:30.000   63.755957892  -68.510501521    90.1532   5   7   2.7513   2.3354   6.6425  -0.8318  -0.5712   1.5147   0.00    0.0
2014/02/27 00:46:00.000   63.755955251  -68.510495537    90.5040   5   7   2.7489   2.3351   6.6616  -0.8436  -0.6370   1.5229   0.00    0.0
2014/02/27 00:46:30.000   63.755959106  -68.510492739    89.1506   5   8   2.2970   2.3276   6.1515  -0.6725  -0.9838   2.5032   0.00    0.0
2014/02/27 00:47:00.000   63.755956476  -68.510498760    89.5281   5   8   2.2973   2.3274   6.1662  -0.6848  -1.0278   2.5094   0.00    0.0
2014/02/27 00:47:30.000   63.755959964  -68.510506693    89.8278   5   8   2.2975   2.3273   6.1806  -0.6971  -1.0699   2.5154   0.00    0.0
2014/02/27 00:48:00.000   63.755958797  -68.510494152    89.9492   5   8   2.2979   2.3273   6.1946  -0.7091  -1.1104   2.5213   0.00    0.0
2014/02/27 00:48:30.000   63.755958768  -68.510492139    89.3079   5   8   2.2982   2.3274   6.2082  -0.7210  -1.1494   2.5270   0.00    0.0
2014/02/27 00:49:00.000   63.755960000  -68.510503725    90.1328   5   8   2.2985   2.3276   6.2214  -0.7327  -1.1871   2.5325   0.00    0.0
2014/02/27 00:49:30.000   63.755959413  -68.510501743    91.0056   5   8   2.2988   2.3247   6.2312  -0.7425  -1.2139   2.5370   0.00    0.0
2014/02/27 00:50:00.000   63.755960844  -68.510491945    89.7904   5   8   2.2970   2.3192   6.2436  -0.7428  -1.2470   2.5413   0.00    0.0
2014/02/27 00:50:30.000   63.755960094  -68.510487529    89.8294   5   8   2.2922   2.3209   6.2517  -0.7537  -1.2803   2.5392   0.00    0.0
2014/02/27 00:51:00.000   63.755968709  -68.510491665    93.6717   5   9   1.9796   2.3149   5.2393  -0.6060  -1.0360   1.5809   0.00    0.0
2014/02/27 00:51:30.000   63.755968604  -68.510500472    93.2590   5   9   1.9783   2.3162   5.2463  -0.6143  -1.0644   1.5803   0.00    0.0
2014/02/27 00:52:00.000   63.755968514  -68.510491919    92.6060   5   9   1.9770   2.3175   5.2533  -0.6223  -1.0920   1.5797   0.00    0.0
2014/02/27 00:52:30.000   63.755972517  -68.510490676    93.1835   5   9   1.9758   2.3189   5.2601  -0.6303  -1.1190   1.5792   0.00    0.0
2014/02/27 00:53:00.000   63.755967847  -68.510497019    92.8287   5   9   1.9746   2.3203   5.2669  -0.6381  -1.1453   1.5787   0.00    0.0
2014/02/27 00:53:30.000   63.755966677  -68.510487950    92.7967   5   9   1.9735   2.3217   5.2735  -0.6458  -1.1711   1.5782   0.00    0.0
2014/02/27 00:54:00.000   63.755968166  -68.510490692    93.4720   5   9   1.9724   2.3233   5.2800  -0.6534  -1.1962   1.5778   0.00    0.0
2014/02/27 00:54:30.000   63.755968158  -68.510481952    91.9395   5   9   1.9714   2.3248   5.2864  -0.6609  -1.2209   1.5774   0.00    0.0
2014/02/27 00:55:00.000   63.755970335  -68.510494990    93.6471   5   9   1.9704   2.3264   5.2928  -0.6683  -1.2450   1.5771   0.00    0.0
2014/02/27 00:55:30.000   63.755966410  -68.510486826    92.4930   5   9   1.9695   2.3281   5.2989  -0.6756  -1.2686   1.5769   0.00    0.0
2014/02/27 00:56:00.000   63.755970931  -68.510488173    93.1849   5   9   1.9686   2.3298   5.3050  -0.6828  -1.2918   1.5767   0.00    0.0
2014/02/27 00:56:30.000   63.755967857  -68.510491966    93.6228   5   9   1.9678   2.3315   5.3110  -0.6898  -1.3146   1.5766   0.00    0.0
2014/02/27 00:57:00.000   63.755970312  -68.510486563    93.4710   5   9   1.9670   2.3333   5.3168  -0.6968  -1.3369   1.5765   0.00    0.0
2014/02/27 00:57:30.000   63.755970160  -68.510490920    93.2891   5   9   1.9663   2.3352   5.3225  -0.7037  -1.3588   1.5766   0.00    0.0
2014/02/27 00:58:00.000   63.755967603  -68.510487689    92.5629   5   9   1.9657   2.3370   5.3281  -0.7106  -1.3803   1.5767   0.00    0.0
2014/02/27 00:58:30.000   63.755968972  -68.510496739    93.0916   5   9   1.9651   2.3389   5.3335  -0.7173  -1.4014   1.5768   0.00    0.0
2014/02/27 00:59:00.000   63.755968282  -68.510500418    94.1770   5   9   1.9645   2.3409   5.3388  -0.7240  -1.4221   1.5771   0.00    0.0
2014/02/27 00:59:30.000   63.755965587  -68.510504825    94.5466   5   9   1.9640   2.3428   5.3439  -0.7306  -1.4425   1.5774   0.00    0.0
2014/02/27 01:00:00.000   63.755974917  -68.510478817    93.1687   5   9   2.0072   2.3463   5.3490  -0.7600  -1.4616   1.5735   0.00    0.0
2014/02/27 01:00:30.000   63.755973354  -68.510488486    92.8739   5   9   2.0062   2.3483   5.3540  -0.7660  -1.4808   1.5718   0.00    0.0
2014/02/27 01:01:00.000   63.755972282  -68.510482998    92.4372   5   9   2.0053   2.3504   5.3589  -0.7720  -1.4997   1.5703   0.00    0.0
2014/02/27 01:01:30.000   63.755972801  -68.510489530    93.5735   5   9   2.0044   2.3525   5.3636  -0.7779  -1.5182   1.5688   0.00    0.0
2014/02/27 01:02:00.000   63.755966679  -68.510488123    92.5888   5   9   2.0036   2.3546   5.3683  -0.7837  -1.5365   1.5675   0.00    0.0
2014/02/27 01:02:30.000   63.755971310  -68.510495541    93.9164   5   9   2.0028   2.3567   5.3728  -0.7894  -1.5545   1.5663   0.00    0.0
2014/02/27 01:03:00.000   63.755974290  -68.510486812    93.2287   5   9   2.0021   2.3589   5.3772  -0.7951  -1.5722   1.5653   0.00    0.0
2014/02/27 01:03:30.000   63.755976370  -68.510494167    92.7042   5   9   2.0015   2.3611   5.3814  -0.8008  -1.5895   1.5644   0.00    0.0
2014/02/27 01:04:00.000   63.755972456  -68.510498049    93.2819   5   9   2.0010   2.3633   5.3856  -0.8064  -1.6066   1.5636   0.00    0.0
2014/02/27 01:04:30.000   63.755970325  -68.510500428    93.6403   5   9   2.0005   2.3655   5.3896  -0.8120  -1.6234   1.5629   0.00    0.0
2014/02/27 01:05:00.000   63.755968357  -68.510498851    94.2378   5   9   2.0001   2.3678   5.3934  -0.8175  -1.6400   1.5624   0.00    0.0
2014/02/27 01:05:30.000   63.755969947  -68.510492004    93.3662   5   9   1.9998   2.3701   5.3971  -0.8230  -1.6562   1.5620   0.00    0.0
2014/02/27 01:06:00.000   63.755970161  -68.510494786    93.5728   5   9   1.9995   2.3724   5.4007  -0.8284  -1.6722   1.5618   0.00    0.0
2014/02/27 01:06:30.000   63.755970059  -68.510494314    93.6467   5   9   1.9993   2.3747   5.4041  -0.8338  -1.6879   1.5617   0.00    0.0
2014/02/27 01:07:00.000   63.755970374  -68.510492548    93.5274   5   9   1.9992   2.3770   5.4073  -0.8392  -1.7033   1.5618   0.00    0.0
2014/02/27 01:07:30.000   63.755971015  -68.510493861    93.0926   5   9   1.9992   2.3793   5.4104  -0.8445  -1.7185   1.5620   0.00    0.0
2014/02/27 01:08:00.000   63.755967835  -68.510492684    94.0715   5   9   1.9992   2.3817   5.4133  -0.8498  -1.7334   1.5623   0.00    0.0
2014/02/27 01:08:30.000   63.755971556  -68.510498760    93.3507   5   9   1.9993   2.3840   5.4160  -0.8551  -1.7480   1.5628   0.00    0.0
2014/02/27 01:09:00.000   63.755974985  -68.510492977    94.2456   5   9   1.9923   2.3857   5.4036  -0.8548  -1.7559   1.5414   0.00    0.0
2014/02/27 01:09:30.000   63.755970727  -68.510493310    92.4237   5   9   1.9938   2.3882   5.4088  -0.8610  -1.7712   1.5463   0.00    0.0
2014/02/27 01:10:00.000   63.755974781  -68.510498299    93.1687   5   9   1.9954   2.3907   5.4137  -0.8672  -1.7862   1.5512   0.00    0.0
2014/02/27 01:10:30.000   63.755972565  -68.510495940    93.2548   5   9   1.9971   2.3932   5.4183  -0.8733  -1.8009   1.5561   0.00    0.0
2014/02/27 01:11:00.000   63.755972388  -68.510495881    93.3875   5   9   1.9988   2.3957   5.4225  -0.8794  -1.8153   1.5610   0.00    0.0
2014/02/27 01:11:30.000   63.755971397  -68.510498377    93.8894   5   9   2.0005   2.3982   5.4264  -0.8855  -1.8294   1.5659   0.00    0.0
2014/02/27 01:12:00.000   63.755972893  -68.510500900    94.0313   5   9   2.0024   2.4007   5.4300  -0.8915  -1.8432   1.5708   0.00    0.0
2014/02/27 01:12:30.000   63.755972777  -68.510508174    93.5872   5   9   2.0042   2.4032   5.4332  -0.8975  -1.8566   1.5757   0.00    0.0
2014/02/27 01:13:00.000   63.755972408  -68.510510295    94.6319   5   9   2.0061   2.4057   5.4361  -0.9034  -1.8698   1.5806   0.00    0.0
2014/02/27 01:13:30.000   63.755975388  -68.510512305    94.8355   5   9   2.0081   2.4082   5.4387  -0.9093  -1.8827   1.5854   0.00    0.0
2014/02/27 01:14:00.000   63.755973887  -68.510507734    93.0478   5   9   2.0101   2.4106   5.4409  -0.9151  -1.8952   1.5903   0.00    0.0
2014/02/27 01:14:30.000   63.755972136  -68.510511666    94.2286   5   9   2.0122   2.4131   5.4427  -0.9210  -1.9075   1.5951   0.00    0.0
2014/02/27 01:15:00.000   63.755972427  -68.510509525    93.3955   5   9   2.0143   2.4155   5.4443  -0.9267  -1.9195   1.6000   0.00    0.0
2014/02/27 01:15:30.000   63.755975362  -68.510508581    93.7432   5   9   2.0165   2.4180   5.4454  -0.9325  -1.9311   1.6048   0.00    0.0
2014/02/27 01:16:00.000   63.755970972  -68.510505759    93.5416   5   9   2.0188   2.4204   5.4463  -0.9382  -1.9424   1.6097   0.00    0.0
2014/02/27 01:16:30.000   63.755972602  -68.510511591    95.0611   5   9   2.0211   2.4228   5.4468  -0.9439  -1.9535   1.6145   0.00    0.0
2014/02/27 01:17:00.000   63.755970666  -68.510511825    93.6344   5   9   2.0234   2.4252   5.4469  -0.9495  -1.9642   1.6193   0.00    0.0
2014/02/27 01:17:30.000   63.755971761  -68.510511250    94.2212   5   9   2.0258   2.4276   5.4468  -0.9551  -1.9747   1.6241   0.00    0.0
2014/02/27 01:18:00.000   63.755975514  -68.510507368    93.2131   5   9   2.0283   2.4299   5.4463  -0.9606  -1.9848   1.6289   0.00    0.0
2014/02/27 01:18:30.000   63.755976934  -68.510512763    93.5827   5   9   2.0308   2.4322   5.4454  -0.9661  -1.9947   1.6338   0.00    0.0
2014/02/27 01:19:00.000   63.755976193  -68.510513910    94.1410   5   9   2.0334   2.4345   5.4443  -0.9716  -2.0042   1.6386   0.00    0.0
2014/02/27 01:19:30.000   63.755977654  -68.510514325    93.0578   5   9   2.0360   2.4368   5.4428  -0.9771  -2.0135   1.6434   0.00    0.0
2014/02/27 01:20:00.000   63.755977582  -68.510514367    94.6589   5   9   2.0387   2.4390   5.4410  -0.9825  -2.0224   1.6482   0.00    0.0
2014/02/27 01:20:30.000   63.755968971  -68.510514605    93.8165   5   8   2.3543   2.4413   6.5952  -0.9950  -2.0423   2.6659   0.00    0.0
2014/02/27 01:21:00.000   63.755968750  -68.510513021    93.8308   5   8   2.3606   2.4435   6.6114  -1.0068  -2.0607   2.6814   0.00    0.0
2014/02/27 01:21:30.000   63.755969988  -68.510509029    93.0763   5   8   2.3670   2.4458   6.6269  -1.0185  -2.0788   2.6967   0.00    0.0
2014/02/27 01:22:00.000   63.755968539  -68.510510873    93.7411   5   8   2.3734   2.4481   6.6418  -1.0301  -2.0967   2.7118   0.00    0.0
2014/02/27 01:22:30.000   63.755971717  -68.510514600    93.2151   5   8   2.3799   2.4504   6.6561  -1.0416  -2.1142   2.7267   0.00    0.0
2014/02/27 01:23:00.000   63.755969712  -68.510512581    92.7395   5   8   2.3863   2.4527   6.6696  -1.0530  -2.1313   2.7412   0.00    0.0
2014/02/27 01:23:30.000   63.755964635  -68.510512621    93.6547   5   7   2.7613   2.5462   7.5488  -1.4363  -1.4980   1.6594   0.00    0.0
2014/02/27 01:24:00.000   63.755961961  -68.510516978    94.4370   5   7   2.7661   2.5503   7.5602  -1.4476  -1.5130   1.6836   0.00    0.0
2014/02/27 01:24:30.000   63.755965547  -68.510514185    93.2273   5   7   2.7710   2.5545   7.5705  -1.4589  -1.5277   1.7073   0.00    0.0
2014/02/27 01:25:00.000   63.755967774  -68.510514745    92.3447   5   7   2.7761   2.5587   7.5797  -1.4701  -1.5420   1.7305   0.00    0.0
2014/02/27 01:25:30.000   63.755969206  -68.510508262    91.7203   5   7   2.7811   2.5630   7.5877  -1.4813  -1.5559   1.7532   0.00    0.0
2014/02/27 01:26:00.000   63.755962926  -68.510511395    92.3851   5   7   2.7863   2.5672   7.5946  -1.4925  -1.5695   1.7755   0.00    0.0
2014/02/27 01:26:30.000   63.755963475  -68.510514265    93.6176   5   7   2.7915   2.5715   7.6004  -1.5036  -1.5828   1.7973   0.00    0.0
2014/02/27 01:27:00.000   63.755966435  -68.510512182    92.8209   5   7   2.7968   2.5759   7.6049  -1.5147  -1.5956   1.8185   0.00    0.0
2014/02/27 01:27:30.000   63.755965137  -68.510509654    92.2672   5   7   2.8022   2.5802   7.6083  -1.5257  -1.6081   1.8393   0.00    0.0
2014/02/27 01:28:00.000   63.755962471  -68.510514546    92.3081   5   7   2.8076   2.5846   7.6104  -1.5366  -1.6202   1.8596   0.00    0.0
2014/02/27 01:28:30.000   63.755966548  -68.510512309    91.8040   5   7   2.8131   2.5890   7.6114  -1.5476  -1.6319   1.8793   0.00    0.0
2014/02/27 01:29:00.000   63.755964137  -68.510516458    92.2582   5   7   2.8187   2.5934   7.6112  -1.5585  -1.6432   1.8986   0.00    0.0
2014/02/27 01:29:30.000   63.755965652  -68.510507302    90.7615   5   7   2.8243   2.5978   7.6097  -1.5693  -1.6541   1.9173   0.00    0.0
2014/02/27 01:30:00.000   63.755965587  -68.510507029    90.8218   5   7   2.8299   2.6023   7.6071  -1.5800  -1.6646   1.9355   0.00    0.0
2014/02/27 01:30:30.000   63.755970256  -68.510510095    91.3414   5   7   2.8356   2.6068   7.6032  -1.5908  -1.6747   1.9532   0.00    0.0
2014/02/27 01:31:00.000   63.755957367  -68.510486040    94.7803   5   8   2.6075   2.3732   6.7843  -1.1553  -2.5620   2.7829   0.00    0.0
2014/02/27 01:31:30.000   63.755959559  -68.510478375    92.1874   5   8   2.6100   2.3733   6.7970  -1.1607  -2.5667   2.7921   0.00    0.0
2014/02/27 01:32:00.000   63.755956952  -68.510484384    93.7505   5   8   2.6125   2.3733   6.8088  -1.1658  -2.5709   2.8007   0.00    0.0
2014/02/27 01:32:30.000   63.755956059  -68.510499731    93.7350   5   8   2.6148   2.3732   6.8196  -1.1706  -2.5744   2.8087   0.00    0.0
2014/02/27 01:33:00.000   63.755954582  -68.510484447    92.6349   5   8   2.6171   2.3730   6.8294  -1.1752  -2.5774   2.8161   0.00    0.0
2014/02/27 01:33:30.000   63.755953956  -68.510489636    92.9724   5   8   2.6193   2.3727   6.8382  -1.1794  -2.5798   2.8230   0.00    0.0
2014/02/27 01:34:00.000   63.755957557  -68.510483746    92.6850   5   8   2.6215   2.3723   6.8460  -1.1834  -2.5816   2.8293   0.00    0.0
2014/02/27 01:34:30.000   63.755951496  -68.510491388    93.6385   5   8   2.6235   2.3717   6.8527  -1.1870  -2.5827   2.8350   0.00    0.0
2014/02/27 01:35:00.000   63.755958962  -68.510487509    91.6218   5   8   2.6255   2.3711   6.8584  -1.1904  -2.5833   2.8401   0.00    0.0
2014/02/27 01:35:30.000   63.755953340  -68.510488184    92.7886   5   8   2.6273   2.3703   6.8630  -1.1935  -2.5833   2.8446   0.00    0.0
2014/02/27 01:36:00.000   63.755955423  -68.510496480    92.1971   5   8   2.6291   2.3695   6.8665  -1.1963  -2.5827   2.8485   0.00    0.0
2014/02/27 01:36:30.000   63.755956144  -68.510494661    92.7188   5   8   2.6308   2.3685   6.8690  -1.1988  -2.5815   2.8518   0.00    0.0
2014/02/27 01:37:00.000   63.755955957  -68.510495171    92.7450   5   8   2.6324   2.3674   6.8703  -1.2010  -2.5796   2.8545   0.00    0.0
2014/02/27 01:37:30.000   63.755953969  -68.510496275    93.2856   5   8   2.6338   2.3662   6.8705  -1.2029  -2.5772   2.8566   0.00    0.0
2014/02/27 01:38:00.000   63.755955416  -68.510482190    92.7669   5   8   2.6352   2.3649   6.8697  -1.2045  -2.5741   2.8581   0.00    0.0
2014/02/27 01:38:30.000   63.755955834  -68.510493212    93.0350   5   8   2.6365   2.3635   6.8678  -1.2059  -2.5705   2.8590   0.00    0.0
2014/02/27 01:39:00.000   63.755954486  -68.510496241    94.0130   5   8   2.6377   2.3620   6.8647  -1.2070  -2.5662   2.8593   0.00    0.0
2014/02/27 01:39:30.000   63.755961221  -68.510496938    93.7349   5   8   2.6388   2.3604   6.8606  -1.2078  -2.5614   2.8590   0.00    0.0
2014/02/27 01:40:00.000   63.755958834  -68.510497183    93.9363   5   8   2.6398   2.3587   6.8554  -1.2083  -2.5559   2.8581   0.00    0.0
2014/02/27 01:40:30.000   63.755959585  -68.510498833    93.7234   5   8   2.6407   2.3569   6.8492  -1.2086  -2.5499   2.8566   0.00    0.0
2014/02/27 01:41:00.000   63.755955547  -68.510500046    94.7258   5   8   2.6415   2.3550   6.8419  -1.2086  -2.5433   2.8546   0.00    0.0
2014/02/27 01:41:30.000   63.755956177  -68.510495705    93.5377   5   8   2.6422   2.3530   6.8335  -1.2083  -2.5361   2.8519   0.00    0.0
2014/02/27 01:42:00.000   63.755960019  -68.510495466    93.1136   5   8   2.6429   2.3510   6.8242  -1.2078  -2.5284   2.8488   0.00    0.0
2014/02/27 01:42:30.000   63.755960256  -68.510503691    93.6556   5   8   2.6434   2.3488   6.8138  -1.2071  -2.5201   2.8450   0.00    0.0
2014/02/27 01:43:00.000   63.755956288  -68.510497086    93.6999   5   8   2.6439   2.3466   6.8024  -1.2061  -2.5113   2.8407   0.00    0.0
2014/02/27 01:43:30.000   63.755956734  -68.510504217    93.3721   5   8   2.6443   2.3443   6.7901  -1.2049  -2.5020   2.8359   0.00    0.0
2014/02/27 01:44:00.000   63.755955200  -68.510494814    93.8769   5   8   2.6446   2.3419   6.7768  -1.2035  -2.4921   2.8305   0.00    0.0
2014/02/27 01:44:30.000   63.755962039  -68.510502294    92.3760   5   8   2.6448   2.3394   6.7626  -1.2018  -2.4818   2.8247   0.00    0.0
2014/02/27 01:45:00.000   63.755956882  -68.510497839    94.0519   5   8   2.6450   2.3369   6.7475  -1.2000  -2.4709   2.8183   0.00    0.0
2014/02/27 01:45:30.000   63.755956797  -68.510504308    93.5327   5   8   2.6451   2.3343   6.7315  -1.1979  -2.4596   2.8115   0.00    0.0
2014/02/27 01:46:00.000   63.755957029  -68.510497532    93.2795   5   8   2.6451   2.3317   6.7146  -1.1956  -2.4478   2.8042   0.00    0.0
2014/02/27 01:46:30.000   63.755953295  -68.510508040    93.8415   5   8   2.6451   2.3290   6.6970  -1.1932  -2.4355   2.7964   0.00    0.0
2014/02/27 01:47:00.000   63.755955239  -68.510507409    94.0602   5   8   2.6450   2.3262   6.6785  -1.1906  -2.4228   2.7882   0.00    0.0
2014/02/27 01:47:30.000   63.755958016  -68.510510505    93.5186   5   8   2.6449   2.3234   6.6593  -1.1878  -2.4097   2.7795   0.00    0.0
2014/02/27 01:48:00.000   63.755959769  -68.510497532    92.6154   5   8   2.6447   2.3206   6.6393  -1.1848  -2.3961   2.7705   0.00    0.0
2014/02/27 01:48:30.000   63.755959775  -68.510505630    92.7320   5   8   2.6445   2.3177   6.6187  -1.1817  -2.3822   2.7610   0.00    0.0
2014/02/27 01:49:00.000   63.755957632  -68.510501516    93.2954   5   8   2.6442   2.3148   6.5974  -1.1784  -2.3679   2.7512   0.00    0.0
2014/02/27 01:49:30.000   63.755957333  -68.510507229    93.9240   5   8   2.6439   2.3119   6.5754  -1.1750  -2.3532   2.7410   0.00    0.0
2014/02/27 01:50:00.000   63.755956060  -68.510504352    93.6424   5   8   2.6436   2.3090   6.5528  -1.1715  -2.3381   2.7304   0.00    0.0
2014/02/27 01:50:30.000   63.755962152  -68.510503035    93.4941   5   8   2.6432   2.3060   6.5296  -1.1678  -2.3228   2.7195   0.00    0.0
2014/02/27 01:51:00.000   63.755959121  -68.510502685    93.6871   5   8   2.6429   2.3030   6.5059  -1.1641  -2.3070   2.7083   0.00    0.0
2014/02/27 01:51:30.000   63.755963531  -68.510501763    92.2526   5   8   2.6425   2.3000   6.4816  -1.1602  -2.2910   2.6968   0.00    0.0
2014/02/27 01:52:00.000   63.755961779  -68.510503593    93.3828   5   8   2.6421   2.2970   6.4569  -1.1562  -2.2747   2.6850   0.00    0.0
2014/02/27 01:52:30.000   63.755962069  -68.510516582    94.9063   5   8   2.6417   2.2940   6.4317  -1.1521  -2.2581   2.6729   0.00    0.0
2014/02/27 01:53:00.000   63.755958715  -68.510510274    93.8342   5   8   2.6413   2.2910   6.4061  -1.1480  -2.2413   2.6606   0.00    0.0
2014/02/27 01:53:30.000   63.755957307  -68.510513505    93.9479   5   8   2.6409   2.2880   6.3801  -1.1438  -2.2241   2.6480   0.00    0.0
2014/02/27 01:54:00.000   63.755959982  -68.510519084    94.1372   5   8   2.6405   2.2850   6.3537  -1.1395  -2.2068   2.6352   0.00    0.0
2014/02/27 01:54:30.000   63.755965908  -68.510503995    94.3375   5   8   2.6401   2.2821   6.3270  -1.1351  -2.1892   2.6223   0.00    0.0
2014/02/27 01:55:00.000   63.755962360  -68.510507296    93.7485   5   8   2.6398   2.2791   6.3000  -1.1307  -2.1714   2.6091   0.00    0.0
2014/02/27 01:55:30.000   63.755959321  -68.510516180    94.6522   5   8   2.6394   2.2762   6.2727  -1.1263  -2.1534   2.5957   0.00    0.0
2014/02/27 01:56:00.000   63.755966139  -68.510513641    93.9417   5   8   2.6391   2.2732   6.2452  -1.1218  -2.1352   2.5822   0.00    0.0
2014/02/27 01:56:30.000   63.755966844  -68.510510563    94.7759   5   8   2.6388   2.2703   6.2174  -1.1173  -2.1168   2.5685   0.00    0.0
2014/02/27 01:57:00.000   63.755962749  -68.510519530    94.8647   5   8   2.6385   2.2675   6.1894  -1.1128  -2.0983   2.5547   0.00    0.0
2014/02/27 01:57:30.000   63.755962171  -68.510516330    94.2750   5   8   2.6383   2.2646   6.1613  -1.1082  -2.0796   2.5408   0.00    0.0
2014/02/27 01:58:00.000   63.755965174  -68.510506954    94.9004   5   8   2.6381   2.2618   6.1330  -1.1036  -2.0607   2.5267   0.00    0.0
2014/02/27 01:58:30.000   63.755966828  -68.510511088    94.4090   5   8   2.6379   2.2590   6.1046  -1.0990  -2.0417   2.5126   0.00    0.0
2014/02/27 01:59:00.000   63.755963706  -68.510515526    94.3159   5   8   2.6378   2.2563   6.0761  -1.0945  -2.0226   2.4984   0.00    0.0
2014/02/27 01:59:30.000   63.755965112  -68.510513909    95.0655   5   8   2.6377   2.2536   6.0475  -1.0899  -2.0034   2.4841   0.00    0.0
2014/02/27 02:00:00.000   63.755967564  -68.510514553    94.2372   5   9   2.4807   2.0360   6.0161  -0.5634  -1.9393   2.4363   0.00    0.0
2014/02/27 02:00:30.000   63.755965369  -68.510516742    94.2917   5   9   2.4799   2.0321   5.9871  -0.5509  -1.9164   2.4195   0.00    0.0
2014/02/27 02:01:00.000   63.755962908  -68.510521042    94.7520   5   9   2.4792   2.0284   5.9580  -0.5384  -1.8933   2.4026   0.00    0.0
2014/02/27 02:01:30.000   63.755966136  -68.510517534    95.3033   5   9   2.4786   2.0247   5.9289  -0.5258  -1.8703   2.3858   0.00    0.0
2014/02/27 02:02:00.000   63.755968735  -68.510514772    94.5875   5   9   2.4781   2.0211   5.8999  -0.5131  -1.8471   2.3689   0.00    0.0
2014/02/27 02:02:30.000   63.755965174  -68.510515410    95.1018   5   9   2.4777   2.0176   5.8709  -0.5003  -1.8238   2.3521   0.00    0.0
2014/02/27 02:03:00.000   63.755964677  -68.510514860    94.5289   5   9   2.4773   2.0141   5.8419  -0.4875  -1.8005   2.3354   0.00    0.0
2014/02/27 02:03:30.000   63.755965781  -68.510518954    95.8739   5   9   2.4771   2.0108   5.8130  -0.4745  -1.7772   2.3186   0.00    0.0
2014/02/27 02:04:00.000   63.755965963  -68.510520482    95.6925   5   9   2.4770   2.0075   5.7842  -0.4615  -1.7538   2.3020   0.00    0.0
2014/02/27 02:04:30.000   63.755966100  -68.510517711    94.3284   5   9   2.4770   2.0044   5.7556  -0.4484  -1.7303   2.2854   0.00    0.0
2014/02/27 02:05:00.000   63.755968040  -68.510511973    94.7091   5   9   2.4771   2.0013   5.7270  -0.4352  -1.7068   2.2689   0.00    0.0
2014/02/27 02:05:30.000   63.755972396  -68.510511862    94.6107   5   9   2.4773   1.9982   5.6986  -0.4219  -1.6832   2.2525   0.00    0.0
2014/02/27 02:06:00.000   63.755966551  -68.510511024    93.3392   5   9   2.4776   1.9953   5.6704  -0.4085  -1.6596   2.2361   0.00    0.0
2014/02/27 02:06:30.000   63.755969216  -68.510509666    94.0206   5   9   2.4780   1.9925   5.6423  -0.3949  -1.6359   2.2199   0.00    0.0
2014/02/27 02:07:00.000   63.755971888  -68.510511504    95.0091   5   9   2.4785   1.9897   5.6144  -0.3813  -1.6122   2.2038   0.00    0.0
2014/02/27 02:07:30.000   63.755963706  -68.510519504    94.9174   5   9   2.4791   1.9871   5.5867  -0.3675  -1.5884   2.1878   0.00    0.0
2014/02/27 02:08:00.000   63.755967657  -68.510519415    95.5857   5   9   2.4799   1.9845   5.5592  -0.3535  -1.5646   2.1719   0.00    0.0
2014/02/27 02:08:30.000   63.755971875  -68.510511436    95.0801   5   9   2.4808   1.9820   5.5319  -0.3393  -1.5407   2.1562   0.00    0.0
2014/02/27 02:09:00.000   63.755965643  -68.510516571    94.3903   5   9   2.4817   1.9796   5.5049  -0.3249  -1.5168   2.1405   0.00    0.0
2014/02/27 02:09:30.000   63.755966072  -68.510520952    95.4498   5   9   2.4828   1.9772   5.4781  -0.3103  -1.4928   2.1251   0.00    0.0
2014/02/27 02:10:00.000   63.755960676  -68.510521215    94.1885   5   9   2.4841   1.9750   5.4515  -0.2954  -1.4688   2.1098   0.00    0.0
2014/02/27 02:10:30.000   63.755964587  -68.510525754    95.5808   5   9   2.4854   1.9728   5.4252  -0.2801  -1.4446   2.0946   0.00    0.0
2014/02/27 02:11:00.000   63.755966749  -68.510521586    96.9654   5   9   2.4868   1.9708   5.3992  -0.2645  -1.4204   2.0796   0.00    0.0
2014/02/27 02:11:30.000   63.755966866  -68.510520162    95.3790   5   9   2.4884   1.9688   5.3734  -0.2484  -1.3961   2.0647   0.00    0.0
2014/02/27 02:12:00.000   63.755963847  -68.510516661    93.3398   5   9   2.4901   1.9669   5.3479  -0.2317  -1.3718   2.0501   0.00    0.0
2014/02/27 02:12:30.000   63.755976076  -68.510507560    95.5355   5   9   2.4919   1.9650   5.3228  -0.2143  -1.3473   2.0356   0.00    0.0
2014/02/27 02:13:00.000   63.755972558  -68.510514487    95.7545   5   9   2.4939   1.9633   5.2979  -0.1959  -1.3227   2.0213   0.00    0.0
2014/02/27 02:13:30.000   63.755960189  -68.510521283    93.7429   5   9   2.4959   1.9616   5.2733  -0.1764  -1.2980   2.0072   0.00    0.0
2014/02/27 02:14:00.000   63.755966557  -68.510516325    95.8153   5   9   2.4981   1.9600   5.2490  -0.1551  -1.2732   1.9932   0.00    0.0
2014/02/27 02:14:30.000   63.755967729  -68.510515023    94.4769   5   9   2.5004   1.9585   5.2250  -0.1313  -1.2482   1.9795   0.00    0.0
2014/02/27 02:15:00.000   63.755957340  -68.510524844    92.5698   5   9   2.5028   1.9571   5.2014  -0.1033  -1.2230   1.9660   0.00    0.0
2014/02/27 02:15:30.000   63.755963937  -68.510515205    93.8936   5   9   2.5054   1.9558   5.1781  -0.0657  -1.1977   1.9527   0.00    0.0
2014/02/27 02:16:00.000   63.755965726  -68.510517892    93.4694   5   9   2.5080   1.9545   5.1551   0.0426  -1.1722   1.9395   0.00    0.0
2014/02/27 02:16:30.000   63.755964723  -68.510518078    94.0024   5  10   2.3370   1.9481   4.9066   0.3733  -1.2370   2.2571   0.00    0.0
2014/02/27 02:17:00.000   63.755980583  -68.510512447    97.2108   5   9   5.1674   2.2245  10.2352   2.2619   2.8645   6.8182   0.00    0.0
2014/02/27 02:17:30.000   63.755980235  -68.510513560    96.0422   5   9   5.1888   2.2320  10.2558   2.2891   2.9079   6.8415   0.00    0.0
2014/02/27 02:18:00.000   63.755981058  -68.510515194    96.8452   5   9   5.2092   2.2396  10.2741   2.3156   2.9500   6.8632   0.00    0.0
2014/02/27 02:18:30.000   63.755975717  -68.510517212    96.9853   5   9   5.2285   2.2473  10.2901   2.3415   2.9908   6.8831   0.00    0.0
2014/02/27 02:19:00.000   63.755979337  -68.510516227    97.3577   5   9   5.2466   2.2550  10.3036   2.3667   3.0302   6.9013   0.00    0.0
2014/02/27 02:19:30.000   63.755978768  -68.510515292    97.8778   5   9   5.2637   2.2627  10.3146   2.3912   3.0682   6.9176   0.00    0.0
2014/02/27 02:20:00.000   63.755979639  -68.510509639    97.6534   5   9   5.2795   2.2705  10.3231   2.4149   3.1048   6.9320   0.00    0.0
2014/02/27 02:20:30.000   63.755983447  -68.510506761    98.0904   5   9   5.2941   2.2782  10.3290   2.4378   3.1400   6.9445   0.00    0.0
2014/02/27 02:21:00.000   63.755979242  -68.510514953    97.5191   5   9   5.3075   2.2859  10.3323   2.4600   3.1738   6.9551   0.00    0.0
2014/02/27 02:21:30.000   63.755978504  -68.510518826    97.2895   5   9   5.3197   2.2936  10.3329   2.4813   3.2060   6.9638   0.00    0.0
2014/02/27 02:22:00.000   63.755978415  -68.510512831    97.2497   5   9   5.3305   2.3012  10.3310   2.5018   3.2368   6.9704   0.00    0.0
2014/02/27 02:22:30.000   63.755976305  -68.510510619    96.7216   5   9   5.3400   2.3086  10.3263   2.5213   3.2660   6.9751   0.00    0.0
2014/02/27 02:23:00.000   63.755979376  -68.510513512    97.4175   5   9   5.3483   2.3160  10.3190   2.5400   3.2938   6.9777   0.00    0.0
2014/02/27 02:23:30.000   63.755973593  -68.510513183    97.1311   5   9   5.3552   2.3233  10.3090   2.5578   3.3200   6.9783   0.00    0.0
2014/02/27 02:24:00.000   63.755969755  -68.510518498    96.7465   5   9   5.3608   2.3303  10.2964   2.5746   3.3446   6.9769   0.00    0.0
2014/02/27 02:24:30.000   63.755981476  -68.510511971    97.7711   5   9   5.3650   2.3372  10.2811   2.5905   3.3677   6.9734   0.00    0.0
2014/02/27 02:25:00.000   63.755979885  -68.510505648    97.2975   5   9   5.3679   2.3440  10.2631   2.6054   3.3893   6.9679   0.00    0.0
2014/02/27 02:25:30.000   63.755975284  -68.510506728    96.4675   5   9   5.3695   2.3505  10.2426   2.6194   3.4093   6.9604   0.00    0.0
2014/02/27 02:26:00.000   63.755977929  -68.510510424    97.3372   5   9   5.3697   2.3568  10.2195   2.6323   3.4278   6.9509   0.00    0.0
2014/02/27 02:26:30.000   63.755979197  -68.510512176    98.2834   5   9   5.3686   2.3628  10.1939   2.6443   3.4448   6.9395   0.00    0.0
2014/02/27 02:27:00.000   63.755987105  -68.510507938    98.6670   5   9   5.3663   2.3686  10.1658   2.6553   3.4602   6.9261   0.00    0.0
2014/02/27 02:27:30.000   63.755984561  -68.510504558    97.9179   5   9   5.3626   2.3742  10.1353   2.6653   3.4741   6.9108   0.00    0.0
2014/02/27 02:28:00.000   63.755988019  -68.510494609    96.7601   5   8   5.6376   2.6082  10.1359   3.0044   3.3581   6.7881   0.00    0.0
2014/02/27 02:28:30.000   63.755987195  -68.510498431    97.1509   5   8   5.6289   2.6083  10.1032   3.0067   3.3663   6.7658   0.00    0.0
2014/02/27 02:29:00.000   63.755986952  -68.510497467    96.6464   5   8   5.6189   2.6081  10.0684   3.0082   3.3731   6.7416   0.00    0.0
2014/02/27 02:29:30.000   63.755987428  -68.510498611    96.7741   5   8   5.6077   2.6077  10.0317   3.0088   3.3785   6.7156   0.00    0.0
2014/02/27 02:30:00.000   63.755986112  -68.510498939    97.2495   5   8   5.5954   2.6069   9.9930   3.0084   3.3824   6.6879   0.00    0.0
2014/02/27 02:30:30.000   63.755982076  -68.510498147    95.4984   5   8   5.5819   2.6059   9.9524   3.0072   3.3850   6.6585   0.00    0.0
2014/02/27 02:31:00.000   63.755976469  -68.510500055    94.6392   5   8   5.5673   2.6045   9.9102   3.0051   3.3862   6.6274   0.00    0.0
2014/02/27 02:31:30.000   63.755973415  -68.510502159    94.2188   5   8   5.5517   2.6029   9.8662   3.0021   3.3861   6.5949   0.00    0.0
2014/02/27 02:32:00.000   63.755977471  -68.510507013    95.8440   5   8   5.5350   2.6010   9.8207   2.9983   3.3848   6.5608   0.00    0.0
2014/02/27 02:32:30.000   63.755975747  -68.510505037    94.6618   5   8   5.5174   2.5988   9.7738   2.9937   3.3822   6.5253   0.00    0.0
2014/02/27 02:33:00.000   63.755973237  -68.510506881    95.3908   5   8   5.4989   2.5963   9.7254   2.9883   3.3785   6.4884   0.00    0.0
2014/02/27 02:33:30.000   63.755978036  -68.510510951    95.6188   5   8   5.4796   2.5935   9.6758   2.9821   3.3737   6.4502   0.00    0.0
2014/02/27 02:34:00.000   63.755977351  -68.510509358    95.9207   5   8   5.4594   2.5904   9.6250   2.9752   3.3678   6.4109   0.00    0.0
2014/02/27 02:34:30.000   63.755979943  -68.510509995    96.3689   5   8   5.4384   2.5871   9.5730   2.9676   3.3608   6.3703   0.00    0.0
2014/02/27 02:35:00.000   63.755982066  -68.510509928    96.3757   5   8   5.4168   2.5835   9.5201   2.9592   3.3528   6.3287   0.00    0.0
2014/02/27 02:35:30.000   63.755980996  -68.510510317    95.9358   5   8   5.3944   2.5796   9.4662   2.9502   3.3440   6.2861   0.00    0.0
2014/02/27 02:36:00.000   63.755983596  -68.510507240    97.1385   5   8   5.3714   2.5754   9.4115   2.9405   3.3342   6.2425   0.00    0.0
2014/02/27 02:36:30.000   63.755979268  -68.510510576    95.8425   5   8   5.3479   2.5710   9.3561   2.9302   3.3235   6.1981   0.00    0.0
2014/02/27 02:37:00.000   63.755970167  -68.510518854    93.8088   5  10   2.7621   1.9884   4.5448   1.4295  -1.1964   1.1789   0.00    0.0
2014/02/27 02:37:30.000   63.755970192  -68.510522569    93.8209   5  10   2.7645   1.9836   4.5502   1.4271  -1.1819   1.1797   0.00    0.0
2014/02/27 02:38:00.000   63.755972654  -68.510523652    93.7552   5  10   2.7669   1.9789   4.5557   1.4247  -1.1672   1.1806   0.00    0.0
2014/02/27 02:38:30.000   63.755974241  -68.510524265    94.2246   5  10   2.7694   1.9743   4.5614   1.4222  -1.1523   1.1818   0.00    0.0
2014/02/27 02:39:00.000   63.755974328  -68.510522254    93.5140   5  10   2.7719   1.9697   4.5671   1.4197  -1.1370   1.1831   0.00    0.0
2014/02/27 02:39:30.000   63.755975964  -68.510517360    94.0959   5  10   2.7743   1.9651   4.5730   1.4172  -1.1215   1.1847   0.00    0.0
2014/02/27 02:40:00.000   63.755978160  -68.510516815    93.7535   5  10   2.7768   1.9606   4.5790   1.4146  -1.1058   1.1864   0.00    0.0
2014/02/27 02:40:30.000   63.755974794  -68.510525803    94.5612   5  10   2.7793   1.9562   4.5851   1.4120  -1.0897   1.1883   0.00    0.0
2014/02/27 02:41:00.000   63.755970341  -68.510527623    93.5062   5  10   2.7818   1.9517   4.5913   1.4094  -1.0733   1.1904   0.00    0.0
2014/02/27 02:41:30.000   63.755973921  -68.510522687    93.3935   5  10   2.7843   1.9474   4.5976   1.4068  -1.0565   1.1927   0.00    0.0
2014/02/27 02:42:00.000   63.755972555  -68.510526644    93.1429   5  10   2.7868   1.9431   4.6040   1.4041  -1.0395   1.1952   0.00    0.0
2014/02/27 02:42:30.000   63.755969485  -68.510531303    93.1597   5  10   2.7893   1.9388   4.6105   1.4013  -1.0220   1.1978   0.00    0.0
2014/02/27 02:43:00.000   63.755972514  -68.510516602    93.4907   5  10   2.7918   1.9346   4.6172   1.3986  -1.0042   1.2006   0.00    0.0
2014/02/27 02:43:30.000   63.755970173  -68.510526132    93.0909   5  10   2.7943   1.9304   4.6239   1.3958  -0.9860   1.2036   0.00    0.0
2014/02/27 02:44:00.000   63.755970284  -68.510522104    93.3959   5  10   2.7968   1.9263   4.6307   1.3930  -0.9674   1.2067   0.00    0.0
2014/02/27 02:44:30.000   63.755972395  -68.510518726    93.2111   5  10   2.7993   1.9222   4.6376   1.3901  -0.9483   1.2100   0.00    0.0
2014/02/27 02:45:00.000   63.755971159  -68.510517441    93.4114   5  10   2.8018   1.9182   4.6447   1.3872  -0.9288   1.2135   0.00    0.0
2014/02/27 02:45:30.000   63.755968699  -68.510525015    93.2016   5  10   2.8043   1.9142   4.6518   1.3843  -0.9087   1.2171   0.00    0.0
2014/02/27 02:46:00.000   63.755965475  -68.510515920    92.4047   5  10   2.8067   1.9103   4.6590   1.3813  -0.8882   1.2209   0.00    0.0
2014/02/27 02:46:30.000   63.755969069  -68.510517577    92.8500   5  10   2.8092   1.9064   4.6663   1.3783  -0.8670   1.2248   0.00    0.0
2014/02/27 02:47:00.000   63.755967840  -68.510518997    92.1692   5  10   2.8117   1.9025   4.6737   1.3753  -0.8452   1.2289   0.00    0.0
2014/02/27 02:47:30.000   63.755966370  -68.510517529    92.4574   5  10   2.8141   1.8988   4.6811   1.3722  -0.8228   1.2331   0.00    0.0
2014/02/27 02:48:00.000   63.755965462  -68.510516668    92.4028   5  10   2.8165   1.8950   4.6887   1.3690  -0.7997   1.2375   0.00    0.0
2014/02/27 02:48:30.000   63.755963208  -68.510518817    92.5020   5  10   2.8189   1.8914   4.6964   1.3659  -0.7758   1.2420   0.00    0.0
2014/02/27 02:49:00.000   63.755965489  -68.510508770    91.9933   5  10   2.8213   1.8877   4.7041   1.3627  -0.7510   1.2467   0.00    0.0
2014/02/27 02:49:30.000   63.755965055  -68.510512949    91.6004   5  10   2.8237   1.8842   4.7119   1.3594  -0.7254   1.2515   0.00    0.0
2014/02/27 02:50:00.000   63.755964641  -68.510518058    92.4188   5  10   2.8261   1.8806   4.7198   1.3561  -0.6987   1.2564   0.00    0.0
2014/02/27 02:50:30.000   63.755960908  -68.510515248    91.3035   5  10   2.8284   1.8772   4.7278   1.3528  -0.6708   1.2615   0.00    0.0
2014/02/27 02:51:00.000   63.755964187  -68.510520858    91.4881   5  10   2.8308   1.8737   4.7359   1.3494  -0.6416   1.2667   0.00    0.0
2014/02/27 02:51:30.000   63.755965460  -68.510515446    91.5541   5  10   2.8331   1.8704   4.7440   1.3460  -0.6110   1.2720   0.00    0.0
2014/02/27 02:52:00.000   63.755962585  -68.510521295    91.8905   5  10   2.8354   1.8670   4.7522   1.3426  -0.5786   1.2774   0.00    0.0
2014/02/27 02:52:30.000   63.755966143  -68.510512822    91.5889   5  10   2.8376   1.8638   4.7605   1.3391  -0.5442   1.2830   0.00    0.0
2014/02/27 02:53:00.000   63.755964073  -68.510516758    91.5087   5  10   2.8399   1.8606   4.7689   1.3356  -0.5074   1.2887   0.00    0.0
2014/02/27 02:53:30.000   63.755963898  -68.510517667    91.3438   5  10   2.8421   1.8574   4.7773   1.3320  -0.4676   1.2945   0.00    0.0
2014/02/27 02:54:00.000   63.755962717  -68.510524781    91.4372   5  10   2.8443   1.8543   4.7858   1.3283  -0.4240   1.3004   0.00    0.0
2014/02/27 02:54:30.000   63.755966240  -68.510520021    91.1955   5  10   2.8465   1.8513   4.7944   1.3247  -0.3753   1.3064   0.00    0.0
2014/02/27 02:55:00.000   63.755966500  -68.510523345    91.5032   5  10   2.8487   1.8483   4.8031   1.3210  -0.3190   1.3125   0.00    0.0
2014/02/27 02:55:30.000   63.755969443  -68.510517409    91.8866   5  10   2.8508   1.8453   4.8118   1.3172  -0.2502   1.3187   0.00    0.0
2014/02/27 02:56:00.000   63.755970899  -68.510522197    91.8510   5  10   2.8530   1.8424   4.8206   1.3134  -0.1530   1.3250   0.00    0.0
2014/02/27 02:56:30.000   63.755966795  -68.510528444    92.6380   5  10   2.8551   1.8396   4.8294   1.3096   0.1260   1.3314   0.00    0.0
2014/02/27 02:57:00.000   63.755966643  -68.510528629    91.8735   5  10   2.8571   1.8368   4.8383   1.3057   0.2350   1.3379   0.00    0.0
2014/02/27 02:57:30.000   63.755968297  -68.510526351    92.1300   5  10   2.8592   1.8341   4.8473   1.3017   0.3076   1.3445   0.00    0.0
2014/02/27 02:58:00.000   63.755968678  -68.510529929    92.5530   5  10   2.8612   1.8314   4.8564   1.2978   0.3662   1.3512   0.00    0.0
2014/02/27 02:58:30.000   63.755970468  -68.510541193    93.5261   5  10   2.8632   1.8288   4.8655   1.2937   0.4166   1.3579   0.00    0.0
2014/02/27 02:59:00.000   63.755972387  -68.510539102    93.3879   5  10   2.8651   1.8262   4.8746   1.2897   0.4616   1.3648   0.00    0.0
2014/02/27 02:59:30.000   63.755971110  -68.510538097    93.8320   5  10   2.8671   1.8237   4.8839   1.2855   0.5026   1.3717   0.00    0.0
2014/02/27 03:00:00.000   63.755962560  -68.510528583    92.5250   5   9   2.6549   1.9683   5.0079   1.1944   0.1049   0.9654   0.00    0.0
2014/02/27 03:00:30.000   63.755960856  -68.510527174    92.4154   5   9   2.6558   1.9656   5.0206   1.1901   0.2229   0.9746   0.00    0.0
2014/02/27 03:01:00.000   63.755959218  -68.510530601    92.4653   5   9   2.6567   1.9630   5.0334   1.1859   0.2974   0.9840   0.00    0.0
2014/02/27 03:01:30.000   63.755959922  -68.510538825    92.7687   5   9   2.6576   1.9604   5.0462   1.1815   0.3566   0.9935   0.00    0.0
2014/02/27 03:02:00.000   63.755962030  -68.510529813    93.0860   5   9   2.6586   1.9578   5.0591   1.1772   0.4074   1.0031   0.00    0.0
2014/02/27 03:02:30.000   63.755960861  -68.510531233    92.5300   5   9   2.6595   1.9553   5.0721   1.1728   0.4525   1.0129   0.00    0.0
2014/02/27 03:03:00.000   63.755959383  -68.510531015    91.9589   5   9   2.6604   1.9528   5.0851   1.1684   0.4935   1.0228   0.00    0.0
2014/02/27 03:03:30.000   63.755956771  -68.510534395    92.7876   5  10   2.3355   1.8481   4.7606   0.7478   1.1914   1.8424   0.00    0.0
2014/02/27 03:04:00.000   63.755954560  -68.510532980    92.2708   5  10   2.3356   1.8479   4.7750   0.7460   1.2021   1.8486   0.00    0.0
2014/02/27 03:04:30.000   63.755960181  -68.510532627    93.2645   5  10   2.3358   1.8478   4.7894   0.7442   1.2127   1.8549   0.00    0.0
2014/02/27 03:05:00.000   63.755957914  -68.510532302    93.6354   5  10   2.3360   1.8476   4.8039   0.7424   1.2232   1.8613   0.00    0.0
2014/02/27 03:05:30.000   63.755957047  -68.510533547    93.5094   5  10   2.3363   1.8475   4.8184   0.7405   1.2336   1.8677   0.00    0.0
2014/02/27 03:06:00.000   63.755958928  -68.510534392    93.5739   5  10   2.3365   1.8474   4.8329   0.7387   1.2438   1.8742   0.00    0.0
2014/02/27 03:06:30.000   63.755962217  -68.510533470    92.9947   5  10   2.3368   1.8474   4.8475   0.7368   1.2540   1.8808   0.00    0.0
2014/02/27 03:07:00.000   63.755959526  -68.510533309    92.9107   5  10   2.3371   1.8473   4.8621   0.7350   1.2641   1.8875   0.00    0.0
2014/02/27 03:07:30.000   63.755957945  -68.510534155    93.9823   5   9   2.4606   2.0249   5.7401  -0.3160  -0.9420   2.4320   0.00    0.0
2014/02/27 03:08:00.000   63.755957199  -68.510535247    93.5204   5   9   2.4643   2.0224   5.7744  -0.3271  -0.9372   2.4506   0.00    0.0
2014/02/27 03:08:30.000   63.755960586  -68.510529615    93.0032   5   9   2.4682   2.0200   5.8090  -0.3377  -0.9323   2.4694   0.00    0.0
2014/02/27 03:09:00.000   63.755959131  -68.510526734    91.4968   5   9   2.4721   2.0177   5.8440  -0.3478  -0.9272   2.4884   0.00    0.0
2014/02/27 03:09:30.000   63.755959313  -68.510530738    93.3481   5   9   2.4761   2.0153   5.8792  -0.3576  -0.9219   2.5076   0.00    0.0
2014/02/27 03:10:00.000   63.755957763  -68.510532987    93.8306   5   9   2.4803   2.0130   5.9147  -0.3670  -0.9164   2.5270   0.00    0.0
2014/02/27 03:10:30.000   63.755954939  -68.510532993    93.1141   5   9   2.4845   2.0106   5.9505  -0.3760  -0.9108   2.5465   0.00    0.0
2014/02/27 03:11:00.000   63.755958474  -68.510533971    93.8988   5   9   2.4888   2.0083   5.9865  -0.3847  -0.9049   2.5663   0.00    0.0
2014/02/27 03:11:30.000   63.755956965  -68.510529513    93.3876   5   9   2.4932   2.0060   6.0228  -0.3931  -0.8989   2.5862   0.00    0.0
2014/02/27 03:12:00.000   63.755961538  -68.510527759    93.4839   5   9   2.4977   2.0037   6.0593  -0.4013  -0.8927   2.6063   0.00    0.0
2014/02/27 03:12:30.000   63.755959001  -68.510524546    92.7839   5   9   2.5023   2.0015   6.0961  -0.4091  -0.8863   2.6266   0.00    0.0
2014/02/27 03:13:00.000   63.755953936  -68.510531390    92.4533   5   9   2.5069   1.9992   6.1331  -0.4167  -0.8796   2.6470   0.00    0.0
2014/02/27 03:13:30.000   63.755956040  -68.510532800    93.1404   5   9   2.5117   1.9970   6.1703  -0.4241  -0.8728   2.6676   0.00    0.0
2014/02/27 03:14:00.000   63.755953216  -68.510535010    93.4570   5   9   2.5166   1.9948   6.2076  -0.4312  -0.8657   2.6884   0.00    0.0
2014/02/27 03:14:30.000   63.755957206  -68.510539408    93.3793   5   9   2.5215   1.9926   6.2451  -0.4381  -0.8584   2.7092   0.00    0.0
2014/02/27 03:15:00.000   63.755954169  -68.510536785    92.8205   5   9   2.5265   1.9905   6.2828  -0.4448  -0.8509   2.7302   0.00    0.0
2014/02/27 03:15:30.000   63.755956961  -68.510536502    92.9586   5   9   2.5317   1.9883   6.3206  -0.4512  -0.8431   2.7513   0.00    0.0
2014/02/27 03:16:00.000   63.755956087  -68.510533435    92.4465   5   9   2.5369   1.9862   6.3586  -0.4575  -0.8351   2.7725   0.00    0.0
2014/02/27 03:16:30.000   63.755956928  -68.510536246    91.4623   5   9   2.5421   1.9841   6.3966  -0.4636  -0.8268   2.7938   0.00    0.0
2014/02/27 03:17:00.000   63.755958215  -68.510536306    91.9706   5   9   2.5475   1.9820   6.4347  -0.4695  -0.8183   2.8152   0.00    0.0
2014/02/27 03:17:30.000   63.755955032  -68.510537560    92.4859   5   9   2.5530   1.9799   6.4729  -0.4752  -0.8095   2.8367   0.00    0.0
2014/02/27 03:18:00.000   63.755950557  -68.510534022    92.2032   5   9   2.5585   1.9779   6.5111  -0.4808  -0.8004   2.8583   0.00    0.0
2014/02/27 03:18:30.000   63.755952540  -68.510534391    92.9258   5   9   2.5641   1.9758   6.5493  -0.4862  -0.7911   2.8798   0.00    0.0
2014/02/27 03:19:00.000   63.755951815  -68.510532064    92.4398   5   9   2.5697   1.9738   6.5875  -0.4914  -0.7814   2.9015   0.00    0.0
2014/02/27 03:19:30.000   63.755950303  -68.510532190    92.2993   5   9   2.5755   1.9718   6.6256  -0.4965  -0.7714   2.9231   0.00    0.0
2014/02/27 03:20:00.000   63.755948652  -68.510532688    91.5389   5   9   2.5813   1.9698   6.6636  -0.5015  -0.7612   2.9447   0.00    0.0
2014/02/27 03:20:30.000   63.755949845  -68.510534538    92.3535   5   9   2.5871   1.9679   6.7016  -0.5062  -0.7506   2.9664   0.00    0.0
2014/02/27 03:21:00.000   63.755949362  -68.510532885    92.3001   5   9   2.5930   1.9659   6.7394  -0.5109  -0.7396   2.9880   0.00    0.0
2014/02/27 03:21:30.000   63.755948360  -68.510532301    91.1234   5   9   2.5990   1.9640   6.7770  -0.5154  -0.7284   3.0096   0.00    0.0
2014/02/27 03:22:00.000   63.755946246  -68.510530529    91.9120   5   9   2.6050   1.9621   6.8145  -0.5198  -0.7167   3.0311   0.00    0.0
2014/02/27 03:22:30.000   63.755948202  -68.510527685    91.8098   5   9   2.6110   1.9603   6.8517  -0.5240  -0.7047   3.0525   0.00    0.0
2014/02/27 03:23:00.000   63.755948435  -68.510528108    92.3061   5   9   2.6171   1.9584   6.8886  -0.5281  -0.6924   3.0739   0.00    0.0
2014/02/27 03:23:30.000   63.755947004  -68.510527772    92.0907   5   9   2.6232   1.9566   6.9252  -0.5321  -0.6796   3.0951   0.00    0.0
2014/02/27 03:24:00.000   63.755945203  -68.510529035    92.2441   5   9   2.6294   1.9548   6.9615  -0.5360  -0.6664   3.1162   0.00    0.0
2014/02/27 03:24:30.000   63.755946507  -68.510534275    92.0589   5   9   2.6355   1.9530   6.9974  -0.5398  -0.6528   3.1371   0.00    0.0
2014/02/27 03:25:00.000   63.755943897  -68.510531471    91.1148   5   9   2.6417   1.9512   7.0328  -0.5435  -0.6388   3.1579   0.00    0.0
2014/02/27 03:25:30.000   63.755943325  -68.510529808    91.2315   5   9   2.6478   1.9495   7.0678  -0.5470  -0.6243   3.1784   0.00    0.0
2014/02/27 03:26:00.000   63.755949324  -68.510527529    91.8711   5   9   2.6540   1.9477   7.1023  -0.5505  -0.6093   3.1988   0.00    0.0
2014/02/27 03:26:30.000   63.755950536  -68.510528578    91.8168   5   9   2.6602   1.9460   7.1362  -0.5539  -0.5938   3.2189   0.00    0.0
2014/02/27 03:27:00.000   63.755947637  -68.510532163    91.2414   5   9   2.6663   1.9443   7.1696  -0.5572  -0.5778   3.2387   0.00    0.0
2014/02/27 03:27:30.000   63.755945667  -68.510529824    91.4622   5   9   2.6724   1.9427   7.2022  -0.5604  -0.5612   3.2583   0.00    0.0
2014/02/27 03:28:00.000   63.755947406  -68.510526514    91.0048   5   9   2.6785   1.9410   7.2342  -0.5635  -0.5440   3.2775   0.00    0.0
2014/02/27 03:28:30.000   63.755945866  -68.510530132    91.9735   5   9   2.6845   1.9394   7.2655  -0.5666  -0.5262   3.2964   0.00    0.0
2014/02/27 03:29:00.000   63.755946593  -68.510534959    91.5378   5   9   2.6905   1.9378   7.2960  -0.5696  -0.5077   3.3149   0.00    0.0
2014/02/27 03:29:30.000   63.755949116  -68.510534830    92.1805   5   9   2.6964   1.9362   7.3257  -0.5725  -0.4885   3.3331   0.00    0.0
2014/02/27 03:30:00.000   63.755944839  -68.510532600    91.2243   5   9   2.7023   1.9347   7.3545  -0.5754  -0.4684   3.3508   0.00    0.0
2014/02/27 03:30:30.000   63.755947155  -68.510525724    90.2046   5   9   2.7081   1.9331   7.3824  -0.5782  -0.4475   3.3681   0.00    0.0
2014/02/27 03:31:00.000   63.755944522  -68.510531482    91.1383   5   9   2.7138   1.9316   7.4093  -0.5810  -0.4255   3.3850   0.00    0.0
2014/02/27 03:31:30.000   63.755941652  -68.510528521    92.3449   5  10   2.6564   1.9086   7.1085  -0.4164  -0.8881   3.5829   0.00    0.0
2014/02/27 03:32:00.000   63.755940456  -68.510527297    93.0586   5  10   2.6616   1.9063   7.1370  -0.4160  -0.8821   3.5979   0.00    0.0
2014/02/27 03:32:30.000   63.755947628  -68.510533406    95.3457   5  11   1.8648   1.8958   5.0437   0.4072   0.3690   1.8303   0.00    0.0
2014/02/27 03:33:00.000   63.755946513  -68.510525636    92.9901   5  12   1.8597   1.7980   4.8952   0.2715   0.9588   1.8957   0.00    0.0
2014/02/27 03:33:30.000   63.755947845  -68.510529123    92.7539   5  12   1.8610   1.7965   4.9181   0.2706   0.9615   1.9073   0.00    0.0
2014/02/27 03:34:00.000   63.755945723  -68.510526994    91.6698   5  12   1.8624   1.7951   4.9411   0.2697   0.9642   1.9190   0.00    0.0
2014/02/27 03:34:30.000   63.755944696  -68.510528229    91.7980   5  12   1.8639   1.7937   4.9640   0.2687   0.9667   1.9309   0.00    0.0
2014/02/27 03:35:00.000   63.755948913  -68.510529168    92.3087   5  12   1.8654   1.7923   4.9870   0.2678   0.9692   1.9428   0.00    0.0
2014/02/27 03:35:30.000   63.755945368  -68.510528176    91.3962   5  12   1.8670   1.7908   5.0099   0.2669   0.9715   1.9548   0.00    0.0
2014/02/27 03:36:00.000   63.755947577  -68.510529575    91.8536   5  12   1.8687   1.7894   5.0329   0.2660   0.9738   1.9669   0.00    0.0
2014/02/27 03:36:30.000   63.755948457  -68.510530234    91.7249   5  12   1.8705   1.7880   5.0558   0.2650   0.9759   1.9791   0.00    0.0
2014/02/27 03:37:00.000   63.755949834  -68.510532129    91.7241   5  12   1.8723   1.7867   5.0786   0.2640   0.9779   1.9913   0.00    0.0
2014/02/27 03:37:30.000   63.755951651  -68.510529576    92.4543   5  12   1.8742   1.7853   5.1014   0.2630   0.9798   2.0036   0.00    0.0
2014/02/27 03:38:00.000   63.755950961  -68.510525844    92.7988   5  12   1.8762   1.7839   5.1240   0.2620   0.9816   2.0159   0.00    0.0
2014/02/27 03:38:30.000   63.755949455  -68.510519072    93.4036   5  12   1.8783   1.7825   5.1466   0.2609   0.9832   2.0282   0.00    0.0
2014/02/27 03:39:00.000   63.755948536  -68.510524593    92.0473   5  12   1.8804   1.7812   5.1691   0.2598   0.9847   2.0406   0.00    0.0
2014/02/27 03:39:30.000   63.755950314  -68.510526112    92.0131   5  12   1.8826   1.7798   5.1914   0.2587   0.9861   2.0530   0.00    0.0
2014/02/27 03:40:00.000   63.755951591  -68.510529394    92.9641   5  12   1.8848   1.7785   5.2135   0.2574   0.9873   2.0654   0.00    0.0
2014/02/27 03:40:30.000   63.755952912  -68.510526253    93.2323   5  12   1.8871   1.7771   5.2355   0.2562   0.9883   2.0778   0.00    0.0
2014/02/27 03:41:00.000   63.755945524  -68.510520592    92.4937   5  12   1.8895   1.7758   5.2572   0.2548   0.9892   2.0902   0.00    0.0
2014/02/27 03:41:30.000   63.755948109  -68.510526287    92.1280   5  12   1.8919   1.7745   5.2788   0.2534   0.9899   2.1026   0.00    0.0
2014/02/27 03:42:00.000   63.755949272  -68.510526276    91.8812   5  12   1.8944   1.7731   5.3001   0.2519   0.9904   2.1149   0.00    0.0
2014/02/27 03:42:30.000   63.755945783  -68.510527991    92.0040   5  12   1.8969   1.7718   5.3211   0.2503   0.9908   2.1272   0.00    0.0
2014/02/27 03:43:00.000   63.755949874  -68.510523285    92.2610   5  12   1.8995   1.7705   5.3419   0.2486   0.9910   2.1394   0.00    0.0
2014/02/27 03:43:30.000   63.755948036  -68.510527910    91.8108   5  12   1.9021   1.7692   5.3623   0.2468   0.9909   2.1516   0.00    0.0
2014/02/27 03:44:00.000   63.755951595  -68.510518347    91.8634   5  12   1.9047   1.7679   5.3825   0.2449   0.9907   2.1637   0.00    0.0
2014/02/27 03:44:30.000   63.755946239  -68.510526708    92.7226   5  12   1.9075   1.7666   5.4023   0.2429   0.9903   2.1757   0.00    0.0
2014/02/27 03:45:00.000   63.755947173  -68.510524681    92.6980   5  12   1.9102   1.7653   5.4217   0.2407   0.9896   2.1876   0.00    0.0
2014/02/27 03:45:30.000   63.755946561  -68.510527601    92.5852   5  12   1.9130   1.7641   5.4407   0.2384   0.9888   2.1995   0.00    0.0
2014/02/27 03:46:00.000   63.755945910  -68.510525860    92.2092   5  12   1.9158   1.7628   5.4593   0.2360   0.9877   2.2112   0.00    0.0
2014/02/27 03:46:30.000   63.755946545  -68.510526145    92.8723   5  12   1.9187   1.7615   5.4775   0.2333   0.9863   2.2227   0.00    0.0
2014/02/27 03:47:00.000   63.755948808  -68.510523566    92.4974   5  12   1.9215   1.7603   5.4952   0.2305   0.9848   2.2341   0.00    0.0
2014/02/27 03:47:30.000   63.755948722  -68.510531160    93.1786   5  12   1.9244   1.7590   5.5124   0.2275   0.9830   2.2454   0.00    0.0
2014/02/27 03:48:00.000   63.755947320  -68.510528251    92.7052   5  12   1.9274   1.7578   5.5292   0.2243   0.9809   2.2565   0.00    0.0
2014/02/27 03:48:30.000   63.755950241  -68.510525870    93.1003   5  12   1.9303   1.7566   5.5454   0.2209   0.9786   2.2675   0.00    0.0
2014/02/27 03:49:00.000   63.755951188  -68.510524993    94.0397   5  12   1.9333   1.7554   5.5611   0.2172   0.9760   2.2782   0.00    0.0
2014/02/27 03:49:30.000   63.755946526  -68.510528725    93.2890   5  12   1.9363   1.7541   5.5762   0.2133   0.9731   2.2888   0.00    0.0
2014/02/27 03:50:00.000   63.755947458  -68.510533724    93.4412   5  12   1.9392   1.7529   5.5907   0.2091   0.9700   2.2991   0.00    0.0
2014/02/27 03:50:30.000   63.755946824  -68.510525035    93.5478   5  12   1.9422   1.7517   5.6046   0.2047   0.9665   2.3093   0.00    0.0
2014/02/27 03:51:00.000   63.755949476  -68.510518772    92.3136   5  12   1.9452   1.7506   5.6179   0.1998   0.9628   2.3192   0.00    0.0
2014/02/27 03:51:30.000   63.755950584  -68.510521979    93.4879   5  12   1.9482   1.7494   5.6306   0.1947   0.9588   2.3288   0.00    0.0
2014/02/27 03:52:00.000   63.755946458  -68.510529155    93.2776   5  12   1.9512   1.7482   5.6426   0.1891   0.9545   2.3382   0.00    0.0
2014/02/27 03:52:30.000   63.755947245  -68.510523042    92.3636   5  12   1.9542   1.7471   5.6539   0.1831   0.9499   2.3474   0.00    0.0
2014/02/27 03:53:00.000   63.755948898  -68.510523821    93.1875   5  12   1.9572   1.7459   5.6645   0.1766   0.9449   2.3563   0.00    0.0
2014/02/27 03:53:30.000   63.755949525  -68.510520219    92.8355   5  12   1.9601   1.7448   5.6745   0.1696   0.9397   2.3648   0.00    0.0
2014/02/27 03:54:00.000   63.755948166  -68.510517297    92.3300   5  12   1.9631   1.7437   5.6836   0.1620   0.9341   2.3732   0.00    0.0
2014/02/27 03:54:30.000   63.755948127  -68.510515480    92.9378   5  12   1.9660   1.7425   5.6921   0.1537   0.9282   2.3812   0.00    0.0
2014/02/27 03:55:00.000   63.755949195  -68.510516635    91.8766   5  12   1.9689   1.7414   5.6998   0.1445   0.9219   2.3889   0.00    0.0
2014/02/27 03:55:30.000   63.755948065  -68.510518840    91.8199   5  12   1.9717   1.7404   5.7067   0.1343   0.9153   2.3963   0.00    0.0
2014/02/27 03:56:00.000   63.755945366  -68.510520216    91.1577   5  12   1.9746   1.7393   5.7128   0.1228   0.9084   2.4033   0.00    0.0
2014/02/27 03:56:30.000   63.755944782  -68.510518976    91.7419   5  12   1.9774   1.7382   5.7182   0.1097   0.9011   2.4101   0.00    0.0
2014/02/27 03:57:00.000   63.755953016  -68.510523778    91.7957   5  11   2.0849   1.7417   5.8590   0.3017   0.8000   2.2405   0.00    0.0
2014/02/27 03:57:30.000   63.755947917  -68.510520230    91.1481   5  11   2.0877   1.7405   5.8621   0.2930   0.7937   2.2472   0.00    0.0
2014/02/27 03:58:00.000   63.755949222  -68.510516683    90.0547   5  11   2.0906   1.7393   5.8644   0.2839   0.7870   2.2535   0.00    0.0
2014/02/27 03:58:30.000   63.755951733  -68.510521283    91.5082   5  11   2.0934   1.7381   5.8658   0.2744   0.7799   2.2595   0.00    0.0
2014/02/27 03:59:00.000   63.755950022  -68.510520110    90.5289   5  11   2.0962   1.7369   5.8663   0.2643   0.7724   2.2651   0.00    0.0
2014/02/27 03:59:30.000   63.755949017  -68.510525132    91.4632   5  11   2.0990   1.7357   5.8660   0.2537   0.7645   2.2704   0.00    0.0
2014/02/27 04:00:00.000   63.755949317  -68.510520115    91.0139   5  11   2.1042   1.7866   5.9337   0.3201   0.4311   2.2549   0.00    0.0
2014/02/27 04:00:30.000   63.755948492  -68.510514450    90.3803   5  11   2.1068   1.7851   5.9337   0.3084   0.4107   2.2598   0.00    0.0
2014/02/27 04:01:00.000   63.755951756  -68.510510717    90.9123   5  11   2.1093   1.7836   5.9328   0.2962   0.3889   2.2644   0.00    0.0
2014/02/27 04:01:30.000   63.755954617  -68.510513461    92.4996   5  11   2.1118   1.7822   5.9311   0.2833   0.3653   2.2687   0.00    0.0
2014/02/27 04:02:00.000   63.755955798  -68.510511732    91.9558   5  11   2.1143   1.7808   5.9285   0.2697   0.3398   2.2726   0.00    0.0
2014/02/27 04:02:30.000   63.755957315  -68.510504963    92.0712   5  11   2.1168   1.7794   5.9250   0.2553   0.3117   2.2761   0.00    0.0
2014/02/27 04:03:00.000   63.755958571  -68.510503853    92.5979   5  11   2.1192   1.7781   5.9207   0.2399   0.2805   2.2792   0.00    0.0
2014/02/27 04:03:30.000   63.755958446  -68.510502514    92.7000   5  11   2.1216   1.7768   5.9155   0.2234   0.2448   2.2820   0.00    0.0
2014/02/27 04:04:00.000   63.755956983  -68.510503533    93.2110   5  11   2.1239   1.7755   5.9094   0.2054   0.2025   2.2844   0.00    0.0
2014/02/27 04:04:30.000   63.755957316  -68.510497279    92.5897   5  11   2.1263   1.7742   5.9026   0.1856   0.1479   2.2864   0.00    0.0
2014/02/27 04:05:00.000   63.755956507  -68.510504912    91.7502   5  11   2.1286   1.7730   5.8949   0.1633   0.0509   2.2881   0.00    0.0
2014/02/27 04:05:30.000   63.755952821  -68.510505538    91.4570   5  11   2.1309   1.7719   5.8863   0.1373  -0.1298   2.2894   0.00    0.0
2014/02/27 04:06:00.000   63.755950458  -68.510510826    91.0555   5  11   2.1331   1.7707   5.8770   0.1050  -0.1908   2.2903   0.00    0.0
2014/02/27 04:06:30.000   63.755952502  -68.510499995    90.0855   5  11   2.1353   1.7696   5.8669   0.0561  -0.2369   2.2909   0.00    0.0
2014/02/27 04:07:00.000   63.755951948  -68.510502845    89.6354   5  11   2.1375   1.7686   5.8560  -0.0690  -0.2755   2.2911   0.00    0.0
2014/02/27 04:07:30.000   63.755951538  -68.510515088    90.3736   5  11   2.1396   1.7675   5.8444  -0.1127  -0.3095   2.2910   0.00    0.0
2014/02/27 04:08:00.000   63.755950843  -68.510508053    89.8659   5  11   2.1418   1.7665   5.8320  -0.1437  -0.3402   2.2905   0.00    0.0
2014/02/27 04:08:30.000   63.755950649  -68.510508758    90.1368   5  11   2.1438   1.7656   5.8189  -0.1692  -0.3684   2.2897   0.00    0.0
2014/02/27 04:09:00.000   63.755950547  -68.510513513    90.3086   5  11   2.1459   1.7646   5.8051  -0.1914  -0.3946   2.2886   0.00    0.0
2014/02/27 04:09:30.000   63.755949908  -68.510515746    90.4347   5  11   2.1479   1.7638   5.7906  -0.2113  -0.4192   2.2871   0.00    0.0
2014/02/27 04:10:00.000   63.755950434  -68.510511216    90.6109   5  11   2.1499   1.7629   5.7754  -0.2295  -0.4425   2.2853   0.00    0.0
2014/02/27 04:10:30.000   63.755949830  -68.510505815    89.9488   5  11   2.1519   1.7621   5.7596  -0.2463  -0.4646   2.2831   0.00    0.0
2014/02/27 04:11:00.000   63.755950577  -68.510500356    89.4201   5  11   2.1538   1.7613   5.7431  -0.2622  -0.4857   2.2807   0.00    0.0
2014/02/27 04:11:30.000   63.755949868  -68.510506901    89.6869   5  11   2.1557   1.7606   5.7261  -0.2771  -0.5058   2.2780   0.00    0.0
2014/02/27 04:12:00.000   63.755947751  -68.510509500    89.8773   5  11   2.1576   1.7599   5.7085  -0.2913  -0.5251   2.2749   0.00    0.0
2014/02/27 04:12:30.000   63.755949352  -68.510508150    90.1876   5  11   2.1594   1.7593   5.6904  -0.3048  -0.5437   2.2716   0.00    0.0
2014/02/27 04:13:00.000   63.755950840  -68.510503379    90.1141   5  11   2.1613   1.7587   5.6717  -0.3177  -0.5616   2.2680   0.00    0.0
2014/02/27 04:13:30.000   63.755951478  -68.510502397    89.7011   5  11   2.1631   1.7581   5.6525  -0.3302  -0.5789   2.2641   0.00    0.0
2014/02/27 04:14:00.000   63.755955146  -68.510507507    90.8921   5  10   2.1653   1.9148   6.0409  -0.2870  -1.4189   2.2378   0.00    0.0
2014/02/27 04:14:30.000   63.755956461  -68.510508878    91.4228   5  10   2.1670   1.9142   6.0251  -0.3053  -1.4277   2.2351   0.00    0.0
2014/02/27 04:15:00.000   63.755953806  -68.510511686    90.7862   5  10   2.1687   1.9137   6.0087  -0.3224  -1.4362   2.2321   0.00    0.0
2014/02/27 04:15:30.000   63.755952382  -68.510526685    91.8116   5  10   2.1704   1.9132   5.9917  -0.3385  -1.4444   2.2288   0.00    0.0
2014/02/27 04:16:00.000   63.755952918  -68.510520148    91.6386   5  10   2.1721   1.9127   5.9741  -0.3537  -1.4523   2.2252   0.00    0.0
2014/02/27 04:16:30.000   63.755951527  -68.510513463    90.7726   5  10   2.1737   1.9123   5.9559  -0.3682  -1.4599   2.2214   0.00    0.0
2014/02/27 04:17:00.000   63.755954486  -68.510513583    91.2975   5  10   2.1754   1.9119   5.9371  -0.3820  -1.4673   2.2174   0.00    0.0
2014/02/27 04:17:30.000   63.755955467  -68.510520952    91.0621   5  10   2.1771   1.9115   5.9178  -0.3952  -1.4743   2.2131   0.00    0.0
2014/02/27 04:18:00.000   63.755954666  -68.510512136    90.3071   5  10   2.1787   1.9112   5.8979  -0.4079  -1.4811   2.2086   0.00    0.0
2014/02/27 04:18:30.000   63.755954673  -68.510511336    90.0268   5  10   2.1804   1.9109   5.8776  -0.4200  -1.4876   2.2039   0.00    0.0
2014/02/27 04:19:00.000   63.755954959  -68.510512291    89.2481   5  10   2.1820   1.9106   5.8568  -0.4318  -1.4938   2.1989   0.00    0.0
2014/02/27 04:19:30.000   63.755955756  -68.510507253    90.2454   5  10   2.1837   1.9104   5.8356  -0.4431  -1.4997   2.1938   0.00    0.0
2014/02/27 04:20:00.000   63.755959396  -68.510508417    92.0933   5  10   2.1853   1.9101   5.8140  -0.4540  -1.5054   2.1885   0.00    0.0
2014/02/27 04:20:30.000   63.755956643  -68.510511047    90.9659   5  10   2.1870   1.9100   5.7920  -0.4646  -1.5109   2.1830   0.00    0.0
2014/02/27 04:21:00.000   63.755958101  -68.510521165    92.2705   5  10   2.1887   1.9098   5.7696  -0.4748  -1.5161   2.1773   0.00    0.0
2014/02/27 04:21:30.000   63.755956182  -68.510514003    91.1243   5  10   2.1904   1.9097   5.7469  -0.4847  -1.5211   2.1714   0.00    0.0
2014/02/27 04:22:00.000   63.755957985  -68.510509593    91.4091   5  10   2.1921   1.9097   5.7238  -0.4944  -1.5258   2.1654   0.00    0.0
2014/02/27 04:22:30.000   63.755958521  -68.510512727    92.3953   5  10   2.1938   1.9096   5.7005  -0.5037  -1.5303   2.1592   0.00    0.0
2014/02/27 04:23:00.000   63.755962095  -68.510502379    91.2924   5  10   2.1955   1.9096   5.6768  -0.5129  -1.5346   2.1529   0.00    0.0
2014/02/27 04:23:30.000   63.755956843  -68.510512476    91.8987   5  10   2.1972   1.9096   5.6530  -0.5217  -1.5387   2.1465   0.00    0.0
2014/02/27 04:24:00.000   63.755956147  -68.510509573    92.3199   5  10   2.1990   1.9097   5.6289  -0.5304  -1.5425   2.1399   0.00    0.0
2014/02/27 04:24:30.000   63.755958068  -68.510503143    91.5148   5  10   2.2008   1.9098   5.6046  -0.5388  -1.5462   2.1333   0.00    0.0
2014/02/27 04:25:00.000   63.755959812  -68.510515647    93.4020   5  10   2.2026   1.9099   5.5801  -0.5471  -1.5497   2.1265   0.00    0.0
2014/02/27 04:25:30.000   63.755957332  -68.510508603    91.2695   5  10   2.2044   1.9100   5.5555  -0.5552  -1.5529   2.1196   0.00    0.0
2014/02/27 04:26:00.000   63.755959791  -68.510519680    92.7705   5  10   2.2062   1.9102   5.5307  -0.5630  -1.5560   2.1126   0.00    0.0
2014/02/27 04:26:30.000   63.755956356  -68.510513335    92.2935   5  10   2.2081   1.9104   5.5058  -0.5707  -1.5590   2.1056   0.00    0.0
2014/02/27 04:27:00.000   63.755956825  -68.510512573    92.4332   5  10   2.2100   1.9107   5.4808  -0.5783  -1.5617   2.0985   0.00    0.0
2014/02/27 04:27:30.000   63.755963241  -68.510523150    93.0004   5  10   2.2119   1.9109   5.4557  -0.5857  -1.5643   2.0913   0.00    0.0
2014/02/27 04:28:00.000   63.755964012  -68.510506894    92.2721   5  10   2.2139   1.9113   5.4305  -0.5929  -1.5667   2.0841   0.00    0.0
2014/02/27 04:28:30.000   63.755960207  -68.510513721    92.5113   5  10   2.2159   1.9116   5.4053  -0.6001  -1.5690   2.0768   0.00    0.0
2014/02/27 04:29:00.000   63.755960312  -68.510510903    92.6006   5  10   2.2179   1.9120   5.3801  -0.6071  -1.5712   2.0695   0.00    0.0
2014/02/27 04:29:30.000   63.755957278  -68.510513182    92.4712   5  10   2.2200   1.9124   5.3549  -0.6139  -1.5732   2.0621   0.00    0.0
2014/02/27 04:30:00.000   63.755961035  -68.510516082    92.5989   5  10   2.2221   1.9128   5.3296  -0.6207  -1.5751   2.0547   0.00    0.0
2014/02/27 04:30:30.000   63.755961024  -68.510506099    92.1106   5  10   2.2242   1.9133   5.3044  -0.6273  -1.5768   2.0473   0.00    0.0
2014/02/27 04:31:00.000   63.755960964  -68.510520198    93.9082   5  10   2.2264   1.9139   5.2793  -0.6339  -1.5784   2.0399   0.00    0.0
2014/02/27 04:31:30.000   63.755961210  -68.510507656    94.0181   5  10   2.2287   1.9144   5.2542  -0.6403  -1.5800   2.0325   0.00    0.0
2014/02/27 04:32:00.000   63.755956062  -68.510508983    92.7072   5  10   2.2309   1.9150   5.2291  -0.6467  -1.5814   2.0251   0.00    0.0
2014/02/27 04:32:30.000   63.755960042  -68.510511335    93.4874   5  10   2.2333   1.9156   5.2042  -0.6529  -1.5827   2.0177   0.00    0.0
2014/02/27 04:33:00.000   63.755958955  -68.510502931    93.5910   5   9   2.2529   2.1779   5.3933  -0.8499  -0.9757   1.9034   0.00    0.0
2014/02/27 04:33:30.000   63.755962424  -68.510496983    94.1535   5   9   2.2552   2.1781   5.3668  -0.8541  -0.9835   1.8967   0.00    0.0
2014/02/27 04:34:00.000   63.755961512  -68.510506890    94.3104   5   9   2.2576   2.1782   5.3404  -0.8582  -0.9910   1.8899   0.00    0.0
2014/02/27 04:34:30.000   63.755961661  -68.510501176    94.6049   5   9   2.2600   2.1785   5.3142  -0.8623  -0.9983   1.8832   0.00    0.0
2014/02/27 04:35:00.000   63.755955429  -68.510496892    93.2844   5   9   2.2625   2.1787   5.2881  -0.8664  -1.0054   1.8765   0.00    0.0
2014/02/27 04:35:30.000   63.755962007  -68.510506140    93.8957   5   9   2.2650   2.1790   5.2621  -0.8705  -1.0124   1.8699   0.00    0.0
2014/02/27 04:36:00.000   63.755977177  -68.510501696    96.7829   5   8   3.1492   2.1893   7.2774  -0.5572   0.1077   3.8100   0.00    0.0
2014/02/27 04:36:30.000   63.755969261  -68.510501290    96.0921   5   8   3.1499   2.1890   7.2377  -0.5759  -0.2002   3.7969   0.00    0.0
2014/02/27 04:37:00.000   63.755965153  -68.510500814    94.7744   5   8   3.1504   2.1889   7.1976  -0.5940  -0.3019   3.7833   0.00    0.0
2014/02/27 04:37:30.000   63.755971868  -68.510498246    95.4471   5   8   3.1507   2.1888   7.1571  -0.6115  -0.3763   3.7693   0.00    0.0
2014/02/27 04:38:00.000   63.755970463  -68.510496692    94.9718   5   8   3.1508   2.1887   7.1161  -0.6285  -0.4375   3.7548   0.00    0.0
2014/02/27 04:38:30.000   63.755974979  -68.510501490    96.4932   5   8   3.1508   2.1887   7.0749  -0.6449  -0.4905   3.7400   0.00    0.0
2014/02/27 04:39:00.000   63.755969527  -68.510506346    96.5882   5   8   3.1507   2.1888   7.0333  -0.6609  -0.5376   3.7248   0.00    0.0
2014/02/27 04:39:30.000   63.755973158  -68.510505944    96.6736   5   8   3.1504   2.1889   6.9916  -0.6765  -0.5804   3.7093   0.00    0.0
2014/02/27 04:40:00.000   63.755972290  -68.510511998    97.6954   5   7   3.3496   2.5135   8.4441  -1.3731  -2.5117   4.3710   0.00    0.0
2014/02/27 04:40:30.000   63.755968673  -68.510507011    96.4314   5   7   3.3511   2.5156   8.4064  -1.3849  -2.5232   4.3600   0.00    0.0
2014/02/27 04:41:00.000   63.755961413  -68.510514384    93.9461   5   8   2.9831   2.4509   6.9596  -1.6823  -3.0159   3.4354   0.00    0.0
2014/02/27 04:41:30.000   63.755962414  -68.510513433    94.6692   5   8   2.9928   2.4515   6.9642  -1.6915  -3.0220   3.4484   0.00    0.0
2014/02/27 04:42:00.000   63.755963393  -68.510508936    94.7050   5   8   3.0024   2.4519   6.9679  -1.7004  -3.0274   3.4610   0.00    0.0
2014/02/27 04:42:30.000   63.755959088  -68.510510310    93.9714   5   8   3.0119   2.4522   6.9706  -1.7090  -3.0323   3.4729   0.00    0.0
2014/02/27 04:43:00.000   63.755961117  -68.510508338    94.0933   5   8   3.0212   2.4524   6.9724  -1.7174  -3.0367   3.4843   0.00    0.0
2014/02/27 04:43:30.000   63.755959116  -68.510516743    94.6029   5   8   3.0303   2.4524   6.9732  -1.7254  -3.0405   3.4950   0.00    0.0
2014/02/27 04:44:00.000   63.755961864  -68.510512442    93.4261   5   8   3.0393   2.4524   6.9729  -1.7331  -3.0437   3.5051   0.00    0.0
2014/02/27 04:44:30.000   63.755964363  -68.510519072    94.2845   5   7   3.8179   2.8470   6.9720  -2.5208  -3.0315   3.4942   0.00    0.0
2014/02/27 04:45:00.000   63.755958595  -68.510513236    94.2973   5   7   3.8256   2.8486   6.9697  -2.5278  -3.0351   3.5053   0.00    0.0
2014/02/27 04:45:30.000   63.755959901  -68.510509605    96.1540   5   7   3.8331   2.8499   6.9665  -2.5343  -3.0379   3.5154   0.00    0.0
2014/02/27 04:46:00.000   63.755963670  -68.510517453    94.3791   5   7   3.8403   2.8511   6.9622  -2.5405  -3.0399   3.5245   0.00    0.0
2014/02/27 04:46:30.000   63.755957307  -68.510520356    94.3393   5   7   3.8471   2.8520   6.9570  -2.5462  -3.0412   3.5328   0.00    0.0
2014/02/27 04:47:00.000   63.755958452  -68.510514535    93.4623   5   7   3.8536   2.8526   6.9507  -2.5516  -3.0416   3.5401   0.00    0.0
2014/02/27 04:47:30.000   63.755964125  -68.510505924    94.8475   5   7   3.8597   2.8531   6.9434  -2.5565  -3.0413   3.5464   0.00    0.0
2014/02/27 04:48:00.000   63.755957798  -68.510512680    93.9362   5   7   3.8656   2.8533   6.9352  -2.5610  -3.0402   3.5518   0.00    0.0
2014/02/27 04:48:30.000   63.755961212  -68.510516593    93.7101   5   7   3.8710   2.8532   6.9259  -2.5651  -3.0384   3.5562   0.00    0.0
2014/02/27 04:49:00.000   63.755961769  -68.510514662    93.5347   5   7   3.8762   2.8530   6.9157  -2.5687  -3.0357   3.5597   0.00    0.0
2014/02/27 04:49:30.000   63.755961087  -68.510506906    94.0283   5   7   3.8810   2.8525   6.9045  -2.5720  -3.0323   3.5623   0.00    0.0
2014/02/27 04:50:00.000   63.755959123  -68.510507663    94.5652   5   7   3.8854   2.8518   6.8924  -2.5748  -3.0282   3.5639   0.00    0.0
2014/02/27 04:50:30.000   63.755970810  -68.510518760    94.0810   5   7   3.8895   2.8509   6.8793  -2.5773  -3.0233   3.5647   0.00    0.0
2014/02/27 04:51:00.000   63.755959024  -68.510519881    95.0455   5   7   3.8932   2.8497   6.8653  -2.5793  -3.0177   3.5645   0.00    0.0
2014/02/27 04:51:30.000   63.755963615  -68.510513720    94.4309   5   7   3.8966   2.8483   6.8503  -2.5810  -3.0113   3.5634   0.00    0.0
2014/02/27 04:52:00.000   63.755966171  -68.510521380    94.2298   5   7   3.8997   2.8467   6.8345  -2.5822  -3.0043   3.5615   0.00    0.0
2014/02/27 04:52:30.000   63.755964903  -68.510518476    95.4452   5   7   3.9024   2.8450   6.8178  -2.5831  -2.9965   3.5586   0.00    0.0
2014/02/27 04:53:00.000   63.755966761  -68.510522756    94.7818   5   7   3.9048   2.8430   6.8003  -2.5836  -2.9881   3.5549   0.00    0.0
2014/02/27 04:53:30.000   63.755967753  -68.510528275    94.6263   5   7   3.9068   2.8408   6.7820  -2.5837  -2.9790   3.5504   0.00    0.0
2014/02/27 04:54:00.000   63.755962612  -68.510509837    93.8896   5   7   3.9085   2.8384   6.7628  -2.5834  -2.9693   3.5451   0.00    0.0
2014/02/27 04:54:30.000   63.755964541  -68.510519970    94.6610   5   7   3.9099   2.8358   6.7429  -2.5828  -2.9589   3.5390   0.00    0.0
2014/02/27 04:55:00.000   63.755968720  -68.510527242    95.1143   5   7   3.9110   2.8331   6.7222  -2.5819  -2.9479   3.5320   0.00    0.0
2014/02/27 04:55:30.000   63.755961551  -68.510525437    94.6014   5   7   3.9117   2.8302   6.7008  -2.5806  -2.9363   3.5243   0.00    0.0
2014/02/27 04:56:00.000   63.755965346  -68.510524748    94.6353   5   7   3.9122   2.8271   6.6788  -2.5789  -2.9241   3.5159   0.00    0.0
2014/02/27 04:56:30.000   63.755965364  -68.510525630    95.0289   5   7   3.9123   2.8239   6.6561  -2.5770  -2.9114   3.5067   0.00    0.0
2014/02/27 04:57:00.000   63.755968471  -68.510530873    94.8702   5   7   3.9122   2.8205   6.6327  -2.5747  -2.8981   3.4969   0.00    0.0
2014/02/27 04:57:30.000   63.755960395  -68.510523628    94.6855   5   7   3.9118   2.8170   6.6088  -2.5721  -2.8842   3.4863   0.00    0.0
2014/02/27 04:58:00.000   63.755973355  -68.510531489    94.3508   5   7   3.9111   2.8133   6.5843  -2.5693  -2.8699   3.4752   0.00    0.0
2014/02/27 04:58:30.000   63.755963019  -68.510520781    93.7891   5   7   3.9102   2.8095   6.5592  -2.5662  -2.8551   3.4633   0.00    0.0
2014/02/27 04:59:00.000   63.755968833  -68.510521195    93.5040   5   7   3.9090   2.8056   6.5337  -2.5628  -2.8398   3.4509   0.00    0.0
2014/02/27 04:59:30.000   63.755964274  -68.510520579    94.1038   5   7   3.9076   2.8016   6.5077  -2.5591  -2.8240   3.4379   0.00    0.0
2014/02/27 05:00:00.000   63.755965256  -68.510520400    92.8114   5   7   3.9059   2.7974   6.4812  -2.5552  -2.8079   3.4243   0.00    0.0
2014/02/27 05:00:30.000   63.755967723  -68.510519903    94.2952   5   7   3.9040   2.7932   6.4544  -2.5510  -2.7913   3.4101   0.00    0.0
2014/02/27 05:01:00.000   63.755967891  -68.510511125    93.0538   5   7   3.9019   2.7889   6.4271  -2.5467  -2.7743   3.3955   0.00    0.0
2014/02/27 05:01:30.000   63.755969977  -68.510522112    94.4364   5   7   3.8996   2.7845   6.3995  -2.5421  -2.7569   3.3803   0.00    0.0
2014/02/27 05:02:00.000   63.755969665  -68.510516804    94.4802   5   7   3.8972   2.7801   6.3716  -2.5373  -2.7392   3.3647   0.00    0.0
2014/02/27 05:02:30.000   63.755965811  -68.510512056    93.8206   5   7   3.8945   2.7755   6.3434  -2.5323  -2.7212   3.3487   0.00    0.0
2014/02/27 05:03:00.000   63.755963354  -68.510511589    92.5113   5   7   3.8917   2.7709   6.3150  -2.5272  -2.7028   3.3322   0.00    0.0
2014/02/27 05:03:30.000   63.755969044  -68.510526315    94.1758   5   7   3.8887   2.7663   6.2863  -2.5219  -2.6841   3.3153   0.00    0.0
2014/02/27 05:04:00.000   63.755974494  -68.510538682    95.8047   5   7   3.8855   2.7616   6.2574  -2.5164  -2.6652   3.2980   0.00    0.0
2014/02/27 05:04:30.000   63.755972831  -68.510535835    94.5780   5   7   3.8823   2.7569   6.2284  -2.5108  -2.6460   3.2804   0.00    0.0
2014/02/27 05:05:00.000   63.755973906  -68.510529586    94.9812   5   7   3.8789   2.7522   6.1992  -2.5050  -2.6265   3.2624   0.00    0.0
2014/02/27 05:05:30.000   63.755972478  -68.510528894    94.8198   5   7   3.8753   2.7474   6.1698  -2.4991  -2.6068   3.2441   0.00    0.0
2014/02/27 05:06:00.000   63.755970050  -68.510524623    94.7212   5   7   3.8717   2.7426   6.1404  -2.4931  -2.5869   3.2256   0.00    0.0
2014/02/27 05:06:30.000   63.755966588  -68.510517917    95.1551   5   7   3.8680   2.7378   6.1109  -2.4870  -2.5667   3.2067   0.00    0.0
2014/02/27 05:07:00.000   63.755975345  -68.510515925    94.1452   5   7   3.8642   2.7330   6.0814  -2.4808  -2.5464   3.1876   0.00    0.0
2014/02/27 05:07:30.000   63.755960861  -68.510510689    94.6819   5   7   3.8603   2.7282   6.0518  -2.4745  -2.5259   3.1683   0.00    0.0
2014/02/27 05:08:00.000   63.755965060  -68.510517198    94.4643   5   7   3.8563   2.7235   6.0222  -2.4682  -2.5053   3.1487   0.00    0.0
2014/02/27 05:08:30.000   63.755962495  -68.510520465    95.6542   5   7   3.8523   2.7187   5.9927  -2.4617  -2.4845   3.1290   0.00    0.0
2014/02/27 05:09:00.000   63.755973151  -68.510530937    95.9687   5   7   3.8482   2.7139   5.9632  -2.4552  -2.4636   3.1090   0.00    0.0
2014/02/27 05:09:30.000   63.755965058  -68.510512873    95.1138   5   7   3.8441   2.7092   5.9337  -2.4486  -2.4425   3.0889   0.00    0.0
2014/02/27 05:10:00.000   63.755965256  -68.510511850    95.0979   5   7   3.8400   2.7045   5.9044  -2.4420  -2.4214   3.0687   0.00    0.0
2014/02/27 05:10:30.000   63.755959888  -68.510508913    95.3207   5   7   3.8358   2.6999   5.8751  -2.4354  -2.4001   3.0483   0.00    0.0
2014/02/27 05:11:00.000   63.755957283  -68.510503795    95.3738   5   8   3.3730   2.1836   4.8196  -1.7398  -0.6566   1.7759   0.00    0.0
2014/02/27 05:11:30.000   63.755957336  -68.510502912    94.6698   5   8   3.3752   2.1832   4.8141  -1.7402  -0.6500   1.7752   0.00    0.0
2014/02/27 05:12:00.000   63.755966363  -68.510501861    94.2109   5   8   3.3775   2.1829   4.8087  -1.7406  -0.6433   1.7743   0.00    0.0
2014/02/27 05:12:30.000   63.755948208  -68.510480388    94.2386   5   7   5.8827   2.4200   5.1436  -2.8396   1.2322  -2.3908   0.00    0.0
2014/02/27 05:13:00.000   63.755947066  -68.510486544    94.0836   5   7   5.8986   2.4244   5.1420  -2.8523   1.2482  -2.4088   0.00    0.0
2014/02/27 05:13:30.000   63.755950842  -68.510486118    93.5136   5   7   5.9144   2.4290   5.1405  -2.8649   1.2642  -2.4271   0.00    0.0
2014/02/27 05:14:00.000   63.755957522  -68.510487023    93.8865   5   7   5.9302   2.4336   5.1390  -2.8775   1.2802  -2.4457   0.00    0.0
2014/02/27 05:14:30.000   63.755952281  -68.510491459    94.7276   5   7   5.9460   2.4383   5.1376  -2.8901   1.2962  -2.4644   0.00    0.0
2014/02/27 05:15:00.000   63.755947197  -68.510488279    95.0611   5   7   5.9617   2.4430   5.1362  -2.9027   1.3122  -2.4834   0.00    0.0
2014/02/27 05:15:30.000   63.755958439  -68.510487838    94.6002   5   7   5.9774   2.4478   5.1349  -2.9153   1.3282  -2.5026   0.00    0.0
2014/02/27 05:16:00.000   63.755953362  -68.510491944    94.0707   5   7   5.9930   2.4527   5.1336  -2.9279   1.3443  -2.5219   0.00    0.0
2014/02/27 05:16:30.000   63.755936888  -68.510477071    94.0306   5   7   6.0086   2.4577   5.1324  -2.9404   1.3603  -2.5415   0.00    0.0
2014/02/27 05:17:00.000   63.755949468  -68.510494549    94.0310   5   7   6.0241   2.4627   5.1313  -2.9529   1.3764  -2.5611   0.00    0.0
2014/02/27 05:17:30.000   63.755951156  -68.510493403    95.2723   5   7   6.0395   2.4678   5.1302  -2.9655   1.3925  -2.5810   0.00    0.0
2014/02/27 05:18:00.000   63.755952330  -68.510496997    93.8323   5   7   6.0549   2.4730   5.1291  -2.9780   1.4086  -2.6010   0.00    0.0
2014/02/27 05:18:30.000   63.755948030  -68.510494269    95.1374   5   7   6.0702   2.4783   5.1281  -2.9905   1.4247  -2.6211   0.00    0.0
2014/02/27 05:19:00.000   63.755964604  -68.510491076    94.1884   5   7   6.0855   2.4836   5.1272  -3.0029   1.4409  -2.6414   0.00    0.0
2014/02/27 05:19:30.000   63.755952894  -68.510499611    95.1420   5   7   6.1007   2.4890   5.1264  -3.0154   1.4570  -2.6617   0.00    0.0
2014/02/27 05:20:00.000   63.755965205  -68.510492273    93.3385   5   7   6.1158   2.4944   5.1256  -3.0278   1.4732  -2.6822   0.00    0.0
2014/02/27 05:20:30.000   63.755956040  -68.510497346    96.0432   5   7   6.1309   2.5000   5.1249  -3.0402   1.4894  -2.7027   0.00    0.0
2014/02/27 05:21:00.000   63.755958205  -68.510485856    94.1977   5   8   3.2116   1.9545   4.7393  -1.0506  -0.8878   1.6714   0.00    0.0
2014/02/27 05:21:30.000   63.755953899  -68.510492846    94.1535   5   8   3.2120   1.9537   4.7361  -1.0486  -0.8769   1.6578   0.00    0.0
2014/02/27 05:22:00.000   63.755966683  -68.510482240    93.8041   5   8   3.2125   1.9529   4.7328  -1.0466  -0.8659   1.6440   0.00    0.0
2014/02/27 05:22:30.000   63.755955160  -68.510502021    95.7203   5   8   3.2131   1.9521   4.7295  -1.0446  -0.8547   1.6300   0.00    0.0
2014/02/27 05:23:00.000   63.755958548  -68.510494001    94.3129   5   8   3.2138   1.9515   4.7263  -1.0427  -0.8433   1.6159   0.00    0.0
2014/02/27 05:23:30.000   63.755956514  -68.510484729    94.1835   5   8   3.2145   1.9508   4.7230  -1.0408  -0.8317   1.6016   0.00    0.0
2014/02/27 05:24:00.000   63.755958822  -68.510500238    95.0973   5   8   3.2154   1.9502   4.7198  -1.0389  -0.8199   1.5871   0.00    0.0
2014/02/27 05:24:30.000   63.755955392  -68.510493578    93.6184   5   8   3.2164   1.9497   4.7165  -1.0371  -0.8078   1.5725   0.00    0.0
2014/02/27 05:25:00.000   63.755959005  -68.510495266    95.3245   5   8   3.2174   1.9492   4.7133  -1.0352  -0.7956   1.5578   0.00    0.0
2014/02/27 05:25:30.000   63.755953295  -68.510494753    93.5964   5   8   3.2186   1.9488   4.7101  -1.0335  -0.7831   1.5429   0.00    0.0
2014/02/27 05:26:00.000   63.755961030  -68.510494771    94.7369   5   8   3.2199   1.9484   4.7069  -1.0317  -0.7704   1.5279   0.00    0.0
2014/02/27 05:26:30.000   63.755952660  -68.510497056    93.9089   5   8   3.2212   1.9481   4.7038  -1.0299  -0.7574   1.5128   0.00    0.0
2014/02/27 05:27:00.000   63.755957293  -68.510503020    95.3573   5   8   3.2227   1.9478   4.7007  -1.0282  -0.7442   1.4975   0.00    0.0
2014/02/27 05:27:30.000   63.755964511  -68.510498523    95.1927   5   8   3.2242   1.9475   4.6977  -1.0265  -0.7307   1.4821   0.00    0.0
2014/02/27 05:28:00.000   63.755954314  -68.510501344    93.8423   5   8   3.2259   1.9473   4.6947  -1.0249  -0.7168   1.4666   0.00    0.0
2014/02/27 05:28:30.000   63.755958363  -68.510492281    94.3491   5   8   3.2277   1.9472   4.6917  -1.0233  -0.7027   1.4510   0.00    0.0
2014/02/27 05:29:00.000   63.755961018  -68.510502719    94.8587   5   8   3.2296   1.9471   4.6889  -1.0216  -0.6882   1.4353   0.00    0.0
2014/02/27 05:29:30.000   63.755953854  -68.510498890    93.9573   5   7   4.9095   2.1071   6.3628   1.3915   1.7358   4.2336   0.00    0.0
2014/02/27 05:30:00.000   63.755955741  -68.510498772    93.4515   5   7   4.9273   2.1086   6.3867   1.4043   1.7555   4.2561   0.00    0.0
2014/02/27 05:30:30.000   63.755960284  -68.510504607    94.4045   5   7   4.9449   2.1103   6.4106   1.4170   1.7751   4.2784   0.00    0.0
2014/02/27 05:31:00.000   63.755954354  -68.510501562    94.0014   5   7   4.9624   2.1120   6.4345   1.4296   1.7945   4.3004   0.00    0.0
2014/02/27 05:31:30.000   63.755947868  -68.510496360    92.3502   5   7   4.9796   2.1138   6.4582   1.4420   1.8137   4.3222   0.00    0.0
2014/02/27 05:32:00.000   63.755952227  -68.510493350    93.4040   5   7   4.9967   2.1156   6.4818   1.4543   1.8328   4.3436   0.00    0.0
2014/02/27 05:32:30.000   63.755950590  -68.510499253    93.0642   5   7   5.0135   2.1175   6.5054   1.4665   1.8517   4.3648   0.00    0.0
2014/02/27 05:33:00.000   63.755953393  -68.510496728    93.5275   5   7   5.0301   2.1195   6.5288   1.4784   1.8705   4.3857   0.00    0.0
2014/02/27 05:33:30.000   63.755961406  -68.510499179    93.9323   5   6   5.0790   2.2847   7.6087   1.3169   0.5374   4.6514   0.00    0.0
2014/02/27 05:34:00.000   63.755965591  -68.510499824    95.1296   5   6   5.1012   2.2825   7.6745   1.3157   0.5714   4.6984   0.00    0.0
2014/02/27 05:34:30.000   63.755964650  -68.510503027    95.8623   5   6   5.1238   2.2804   7.7415   1.3146   0.6047   4.7461   0.00    0.0
2014/02/27 05:35:00.000   63.755950707  -68.510492818    92.7134   5   6   5.1467   2.2784   7.8096   1.3137   0.6373   4.7946   0.00    0.0
2014/02/27 05:35:30.000   63.755958751  -68.510492448    93.3854   5   6   5.1700   2.2764   7.8790   1.3130   0.6694   4.8438   0.00    0.0
2014/02/27 05:36:00.000   63.755962658  -68.510499741    94.8010   5   6   5.1936   2.2744   7.9497   1.3124   0.7010   4.8937   0.00    0.0
2014/02/27 05:36:30.000   63.755959893  -68.510501269    94.8471   5   6   5.2175   2.2725   8.0216   1.3120   0.7324   4.9443   0.00    0.0
2014/02/27 05:37:00.000   63.755959865  -68.510501759    94.5912   5   6   5.2417   2.2707   8.0948   1.3118   0.7635   4.9957   0.00    0.0
2014/02/27 05:37:30.000   63.755956783  -68.510497854    94.9960   5   6   5.2663   2.2689   8.1693   1.3118   0.7944   5.0478   0.00    0.0
2014/02/27 05:38:00.000   63.755961969  -68.510501011    94.8143   5   6   5.2913   2.2672   8.2451   1.3120   0.8252   5.1006   0.00    0.0
2014/02/27 05:38:30.000   63.755960396  -68.510503710    95.0215   5   6   5.3165   2.2655   8.3221   1.3124   0.8560   5.1541   0.00    0.0
2014/02/27 05:39:00.000   63.755957675  -68.510504593    94.4136   5   6   5.3421   2.2639   8.4005   1.3130   0.8867   5.2084   0.00    0.0
2014/02/27 05:39:30.000   63.755959774  -68.510498186    94.5771   5   6   5.3680   2.2623   8.4803   1.3138   0.9174   5.2634   0.00    0.0
2014/02/27 05:40:00.000   63.755963551  -68.510496380    95.2032   5   6   5.3943   2.2608   8.5614   1.3149   0.9482   5.3192   0.00    0.0
2014/02/27 05:40:30.000   63.755958292  -68.510496382    93.8817   5   6   5.4209   2.2594   8.6438   1.3162   0.9791   5.3756   0.00    0.0
2014/02/27 05:41:00.000   63.755963046  -68.510499967    94.9374   5   6   5.4478   2.2580   8.7275   1.3178   1.0100   5.4328   0.00    0.0
2014/02/27 05:41:30.000   63.755963850  -68.510500616    95.1314   5   6   5.4750   2.2567   8.8126   1.3197   1.0412   5.4907   0.00    0.0
2014/02/27 05:42:00.000   63.755963646  -68.510506970    95.4212   5   6   5.5025   2.2554   8.8990   1.3218   1.0724   5.5493   0.00    0.0
2014/02/27 05:42:30.000   63.755966986  -68.510504357    95.0098   5   6   5.5303   2.2542   8.9868   1.3242   1.1039   5.6085   0.00    0.0
2014/02/27 05:43:00.000   63.755968576  -68.510501051    95.7253   5   6   5.5584   2.2531   9.0759   1.3269   1.1356   5.6685   0.00    0.0
2014/02/27 05:43:30.000   63.755968243  -68.510503441    96.0698   5   6   5.5868   2.2521   9.1663   1.3299   1.1674   5.7290   0.00    0.0
2014/02/27 05:44:00.000   63.755965466  -68.510503670    94.6903   5   6   5.6154   2.2511   9.2580   1.3332   1.1996   5.7903   0.00    0.0
2014/02/27 05:44:30.000   63.755964008  -68.510505456    93.8961   5   7   3.6124   2.2490   5.7168   1.4507   1.4351   1.4675   0.00    0.0
2014/02/27 05:45:00.000   63.755957939  -68.510506630    93.1146   5   7   3.6116   2.2483   5.7496   1.4475   1.4522   1.4808   0.00    0.0
2014/02/27 05:45:30.000   63.755963660  -68.510500806    93.6618   5   7   3.6108   2.2476   5.7828   1.4443   1.4695   1.4944   0.00    0.0
2014/02/27 05:46:00.000   63.755957025  -68.510503512    92.8146   5   7   3.6101   2.2471   5.8164   1.4410   1.4870   1.5085   0.00    0.0
2014/02/27 05:46:30.000   63.755964076  -68.510507985    94.2956   5   7   3.6093   2.2466   5.8506   1.4378   1.5046   1.5230   0.00    0.0
2014/02/27 05:47:00.000   63.755961113  -68.510506086    93.8707   5   7   3.6087   2.2462   5.8852   1.4346   1.5225   1.5379   0.00    0.0
2014/02/27 05:47:30.000   63.755963945  -68.510502193    94.4277   5   7   3.6080   2.2458   5.9203   1.4314   1.5405   1.5532   0.00    0.0
2014/02/27 05:48:00.000   63.755956403  -68.510501499    93.0966   5   7   3.6073   2.2455   5.9559   1.4282   1.5587   1.5689   0.00    0.0
2014/02/27 05:48:30.000   63.755961723  -68.510499616    93.8983   5   7   3.6067   2.2453   5.9920   1.4251   1.5770   1.5850   0.00    0.0
2014/02/27 05:49:00.000   63.755958431  -68.510503031    93.5372   5   7   3.6061   2.2451   6.0286   1.4219   1.5956   1.6015   0.00    0.0
2014/02/27 05:49:30.000   63.755958908  -68.510502732    94.1416   5   7   3.6056   2.2450   6.0656   1.4188   1.6143   1.6184   0.00    0.0
2014/02/27 05:50:00.000   63.755961133  -68.510497420    94.6956   5   7   3.6050   2.2450   6.1031   1.4157   1.6333   1.6357   0.00    0.0
2014/02/27 05:50:30.000   63.755961206  -68.510503082    94.8116   5   7   3.6045   2.2451   6.1411   1.4126   1.6524   1.6533   0.00    0.0
2014/02/27 05:51:00.000   63.755961526  -68.510499923    94.1558   5   7   3.6041   2.2452   6.1796   1.4096   1.6717   1.6713   0.00    0.0
2014/02/27 05:51:30.000   63.755962039  -68.510499895    93.9370   5   7   3.6036   2.2454   6.2186   1.4066   1.6912   1.6897   0.00    0.0
2014/02/27 05:52:00.000   63.755961477  -68.510497958    93.1976   5   7   3.6032   2.2456   6.2580   1.4036   1.7109   1.7085   0.00    0.0
2014/02/27 05:52:30.000   63.755958733  -68.510501693    94.0135   5   7   3.6028   2.2460   6.2979   1.4006   1.7307   1.7276   0.00    0.0
2014/02/27 05:53:00.000   63.755957149  -68.510504138    93.3937   5   7   3.6025   2.2464   6.3383   1.3977   1.7508   1.7471   0.00    0.0
2014/02/27 05:53:30.000   63.755960316  -68.510505019    93.6735   5   7   3.6022   2.2469   6.3792   1.3948   1.7710   1.7669   0.00    0.0
2014/02/27 05:54:00.000   63.755959200  -68.510502994    94.2150   5   7   3.6019   2.2475   6.4205   1.3920   1.7915   1.7871   0.00    0.0
2014/02/27 05:54:30.000   63.755962399  -68.510506472    93.5578   5   7   3.6017   2.2481   6.4623   1.3892   1.8121   1.8076   0.00    0.0
2014/02/27 05:55:00.000   63.755964597  -68.510508459    92.9775   5   7   3.6014   2.2489   6.5046   1.3864   1.8329   1.8284   0.00    0.0
2014/02/27 05:55:30.000   63.755961550  -68.510503636    92.9480   5   7   3.6013   2.2497   6.5473   1.3837   1.8539   1.8496   0.00    0.0
2014/02/27 05:56:00.000   63.755959766  -68.510503525    93.4212   5   7   3.6011   2.2506   6.5904   1.3810   1.8750   1.8711   0.00    0.0
2014/02/27 05:56:30.000   63.755961407  -68.510499997    93.6060   5   7   3.6010   2.2515   6.6340   1.3784   1.8964   1.8929   0.00    0.0
2014/02/27 05:57:00.000   63.755964528  -68.510501527    94.0054   5   7   3.6010   2.2526   6.6781   1.3759   1.9179   1.9150   0.00    0.0
2014/02/27 05:57:30.000   63.755964278  -68.510503442    93.8228   5   7   3.6009   2.2537   6.7225   1.3734   1.9395   1.9374   0.00    0.0
2014/02/27 05:58:00.000   63.755965397  -68.510500212    93.5703   5   7   3.6010   2.2549   6.7674   1.3709   1.9614   1.9601   0.00    0.0
2014/02/27 05:58:30.000   63.755962153  -68.510501833    94.1249   5   7   3.6010   2.2562   6.8127   1.3686   1.9834   1.9831   0.00    0.0
2014/02/27 05:59:00.000   63.755962338  -68.510498818    94.4963   5   7   3.6011   2.2576   6.8584   1.3662   2.0056   2.0064   0.00    0.0
2014/02/27 05:59:30.000   63.755962517  -68.510505141    93.4280   5   7   3.6013   2.2591   6.9044   1.3640   2.0279   2.0299   0.00    0.0
2014/02/27 06:00:00.000   63.755962298  -68.510503758    92.7175   5   7   3.6015   2.2606   6.9509   1.3618   2.0504   2.0537   0.00    0.0
2014/02/27 06:00:30.000   63.755966874  -68.510505805    93.3730   5   7   3.6017   2.2623   6.9976   1.3597   2.0731   2.0777   0.00    0.0
2014/02/27 06:01:00.000   63.755965803  -68.510504129    94.0965   5   7   3.6020   2.2640   7.0448   1.3576   2.0958   2.1020   0.00    0.0
2014/02/27 06:01:30.000   63.755961174  -68.510507550    93.1898   5   7   3.6023   2.2658   7.0922   1.3557   2.1187   2.1265   0.00    0.0
2014/02/27 06:02:00.000   63.755964629  -68.510500834    93.2375   5   7   3.6027   2.2677   7.1400   1.3538   2.1418   2.1513   0.00    0.0
2014/02/27 06:02:30.000   63.755963595  -68.510501324    93.8626   5   7   3.6031   2.2697   7.1881   1.3519   2.1650   2.1762   0.00    0.0
2014/02/27 06:03:00.000   63.755964605  -68.510500517    93.4756   5   7   3.6036   2.2717   7.2364   1.3502   2.1882   2.2014   0.00    0.0
2014/02/27 06:03:30.000   63.755964181  -68.510503063    93.4318   5   7   3.6041   2.2739   7.2849   1.3485   2.2116   2.2267   0.00    0.0
2014/02/27 06:04:00.000   63.755966519  -68.510501771    94.1824   5   7   3.6046   2.2761   7.3337   1.3469   2.2351   2.2522   0.00    0.0
2014/02/27 06:04:30.000   63.755961794  -68.510504192    92.6256   5   7   3.6052   2.2785   7.3827   1.3453   2.2587   2.2779   0.00    0.0
2014/02/27 06:05:00.000   63.755959331  -68.510505986    91.9569   5   7   3.6059   2.2809   7.4319   1.3439   2.2823   2.3037   0.00    0.0
2014/02/27 06:05:30.000   63.755966128  -68.510504625    93.5509   5   7   3.6066   2.2833   7.4812   1.3425   2.3061   2.3296   0.00    0.0
2014/02/27 06:06:00.000   63.755966594  -68.510506936    93.6626   5   7   3.6074   2.2859   7.5306   1.3412   2.3298   2.3557   0.00    0.0
2014/02/27 06:06:30.000   63.755964024  -68.510507930    92.6596   5   7   3.6082   2.2886   7.5801   1.3399   2.3537   2.3819   0.00    0.0
2014/02/27 06:07:00.000   63.755966840  -68.510503422    92.9079   5   7   3.6090   2.2913   7.6297   1.3388   2.3775   2.4081   0.00    0.0
2014/02/27 06:07:30.000   63.755963333  -68.510501736    93.2432   5   7   3.6099   2.2941   7.6793   1.3377   2.4014   2.4344   0.00    0.0
2014/02/27 06:08:00.000   63.755961631  -68.510502535    93.5791   5   7   3.6108   2.2970   7.7288   1.3367   2.4253   2.4608   0.00    0.0
2014/02/27 06:08:30.000   63.755961608  -68.510501731    94.0542   5   7   3.6118   2.2999   7.7783   1.3357   2.4491   2.4872   0.00    0.0
2014/02/27 06:09:00.000   63.755964904  -68.510500199    93.3491   5   7   3.6129   2.3030   7.8277   1.3348   2.4730   2.5136   0.00    0.0
2014/02/27 06:09:30.000   63.755961125  -68.510504591    92.9221   5   7   3.6139   2.3061   7.8769   1.3339   2.4968   2.5399   0.00    0.0
2014/02/27 06:10:00.000   63.755961320  -68.510506794    92.6219   5   7   3.6150   2.3092   7.9260   1.3331   2.5205   2.5663   0.00    0.0
2014/02/27 06:10:30.000   63.755963596  -68.510505275    92.7697   5   7   3.6162   2.3125   7.9748   1.3324   2.5442   2.5926   0.00    0.0
2014/02/27 06:11:00.000   63.755966729  -68.510511209    93.9592   5   7   3.6174   2.3158   8.0234   1.3317   2.5677   2.6188   0.00    0.0
2014/02/27 06:11:30.000   63.755965661  -68.510508665    93.0187   5   7   3.6186   2.3191   8.0716   1.3311   2.5912   2.6449   0.00    0.0
2014/02/27 06:12:00.000   63.755963038  -68.510506233    92.5994   5   7   3.6198   2.3225   8.1194   1.3304   2.6145   2.6709   0.00    0.0
2014/02/27 06:12:30.000   63.755965191  -68.510505677    93.3561   5   7   3.6211   2.3260   8.1668   1.3298   2.6376   2.6968   0.00    0.0
2014/02/27 06:13:00.000   63.755965359  -68.510503296    92.9200   5   7   3.6224   2.3295   8.2138   1.3292   2.6606   2.7225   0.00    0.0
2014/02/27 06:13:30.000   63.755966357  -68.510501649    94.1404   5   7   3.6238   2.3331   8.2601   1.3287   2.6834   2.7479   0.00    0.0
2014/02/27 06:14:00.000   63.755965927  -68.510498073    94.4119   5   7   3.6251   2.3367   8.3059   1.3281   2.7059   2.7732   0.00    0.0
2014/02/27 06:14:30.000   63.755963399  -68.510496745    94.3003   5   7   3.6265   2.3403   8.3510   1.3276   2.7282   2.7982   0.00    0.0
2014/02/27 06:15:00.000   63.755964469  -68.510500112    94.5605   5   7   3.6279   2.3440   8.3954   1.3270   2.7503   2.8229   0.00    0.0
2014/02/27 06:15:30.000   63.755970330  -68.510498927    93.6143   5   7   3.6293   2.3477   8.4390   1.3264   2.7720   2.8472   0.00    0.0
2014/02/27 06:16:00.000   63.755966301  -68.510498799    94.0071   5   7   3.6307   2.3514   8.4817   1.3257   2.7934   2.8713   0.00    0.0
2014/02/27 06:16:30.000   63.755967823  -68.510502401    93.6800   5   7   3.6321   2.3551   8.5236   1.3250   2.8145   2.8950   0.00    0.0
2014/02/27 06:17:00.000   63.755964200  -68.510501074    93.4071   5   7   3.6335   2.3588   8.5644   1.3243   2.8352   2.9182   0.00    0.0
2014/02/27 06:17:30.000   63.755962293  -68.510504302    94.4226   5   7   3.6349   2.3626   8.6042   1.3235   2.8555   2.9410   0.00    0.0
2014/02/27 06:18:00.000   63.755958659  -68.510507204    93.1131   5   7   3.6362   2.3663   8.6430   1.3226   2.8754   2.9634   0.00    0.0
2014/02/27 06:18:30.000   63.755963321  -68.510507810    93.8236   5   7   3.6376   2.3701   8.6805   1.3216   2.8948   2.9853   0.00    0.0
2014/02/27 06:19:00.000   63.755969200  -68.510506159    94.0219   5   7   3.6389   2.3738   8.7168   1.3205   2.9138   3.0066   0.00    0.0
2014/02/27 06:19:30.000   63.755958236  -68.510514612    92.2699   5   7   3.6402   2.3775   8.7518   1.3193   2.9322   3.0274   0.00    0.0
2014/02/27 06:20:00.000   63.755967073  -68.510514392    92.1821   5   7   3.6415   2.3812   8.7855   1.3179   2.9502   3.0476   0.00    0.0
2014/02/27 06:20:30.000   63.755967945  -68.510516170    92.0043   5   7   3.6427   2.3848   8.8177   1.3164   2.9675   3.0672   0.00    0.0
2014/02/27 06:21:00.000   63.755966810  -68.510511118    92.0449   5   7   3.6439   2.3884   8.8485   1.3148   2.9843   3.0861   0.00    0.0
2014/02/27 06:21:30.000   63.755966937  -68.510507453    92.6155   5   7   3.6450   2.3920   8.8777   1.3129   3.0005   3.1044   0.00    0.0
2014/02/27 06:22:00.000   63.755964636  -68.510506590    92.9035   5   7   3.6461   2.3955   8.9053   1.3109   3.0160   3.1219   0.00    0.0
2014/02/27 06:22:30.000   63.755966032  -68.510509394    92.0469   5   7   3.6471   2.3989   8.9313   1.3087   3.0309   3.1387   0.00    0.0
2014/02/27 06:23:00.000   63.755967037  -68.510510437    92.2473   5   7   3.6480   2.4023   8.9555   1.3062   3.0451   3.1548   0.00    0.0
2014/02/27 06:23:30.000   63.755963504  -68.510514517    91.8174   5   7   3.6489   2.4057   8.9780   1.3035   3.0587   3.1701   0.00    0.0
2014/02/27 06:24:00.000   63.755962285  -68.510510694    92.0560   5   7   3.6496   2.4089   8.9987   1.3006   3.0715   3.1846   0.00    0.0
2014/02/27 06:24:30.000   63.755964574  -68.510510023    91.6427   5   7   3.6503   2.4121   9.0175   1.2974   3.0835   3.1982   0.00    0.0
2014/02/27 06:25:00.000   63.755964092  -68.510511888    93.1512   5   8   3.3623   2.3920   8.2995   1.4659   2.8960   3.9228   0.00    0.0
2014/02/27 06:25:30.000   63.755965237  -68.510510657    93.6207   5   8   3.3638   2.3939   8.3158   1.4662   2.9024   3.9315   0.00    0.0
2014/02/27 06:26:00.000   63.755964019  -68.510505897    93.0138   5   8   3.3651   2.3957   8.3306   1.4661   2.9081   3.9394   0.00    0.0
2014/02/27 06:26:30.000   63.755964293  -68.510506924    94.3692   5   8   3.3662   2.3974   8.3437   1.4658   2.9131   3.9465   0.00    0.0
2014/02/27 06:27:00.000   63.755963401  -68.510504584    92.6164   5   8   3.3670   2.3990   8.3552   1.4651   2.9174   3.9527   0.00    0.0
2014/02/27 06:27:30.000   63.755963925  -68.510511178    92.7150   5   8   3.3676   2.4005   8.3649   1.4641   2.9210   3.9581   0.00    0.0
2014/02/27 06:28:00.000   63.755963667  -68.510510090    93.4688   5   8   3.3680   2.4019   8.3730   1.4627   2.9240   3.9625   0.00    0.0
2014/02/27 06:28:30.000   63.755965239  -68.510508560    93.4671   5   8   3.3681   2.4031   8.3793   1.4610   2.9262   3.9661   0.00    0.0
2014/02/27 06:29:00.000   63.755961044  -68.510511121    94.0281   5   8   3.3680   2.4043   8.3839   1.4589   2.9278   3.9688   0.00    0.0
2014/02/27 06:29:30.000   63.755960917  -68.510506372    92.7026   5   8   3.3677   2.4054   8.3868   1.4564   2.9286   3.9707   0.00    0.0
2014/02/27 06:30:00.000   63.755964216  -68.510508136    92.8542   5   8   3.3671   2.4063   8.3879   1.4536   2.9287   3.9716   0.00    0.0
2014/02/27 06:30:30.000   63.755962170  -68.510511891    93.0526   5   8   3.3662   2.4071   8.3873   1.4505   2.9280   3.9716   0.00    0.0
2014/02/27 06:31:00.000   63.755961884  -68.510513333    93.2766   5   8   3.3651   2.4078   8.3849   1.4469   2.9267   3.9707   0.00    0.0
2014/02/27 06:31:30.000   63.755961730  -68.510508699    93.7525   5   8   3.3637   2.4084   8.3808   1.4430   2.9246   3.9690   0.00    0.0
2014/02/27 06:32:00.000   63.755961678  -68.510511417    92.3752   5   8   3.3621   2.4089   8.3749   1.4388   2.9218   3.9663   0.00    0.0
2014/02/27 06:32:30.000   63.755962587  -68.510506290    93.4317   5   8   3.3603   2.4093   8.3674   1.4341   2.9183   3.9628   0.00    0.0
2014/02/27 06:33:00.000   63.755958385  -68.510505883    92.9203   5   8   3.3582   2.4096   8.3582   1.4291   2.9141   3.9584   0.00    0.0
2014/02/27 06:33:30.000   63.755958881  -68.510505844    93.3302   5   8   3.3558   2.4097   8.3473   1.4237   2.9092   3.9531   0.00    0.0
2014/02/27 06:34:00.000   63.755961376  -68.510510001    93.6090   5   8   3.3532   2.4098   8.3347   1.4180   2.9036   3.9470   0.00    0.0
2014/02/27 06:34:30.000   63.755958161  -68.510515663    92.9801   5   8   3.3504   2.4097   8.3205   1.4118   2.8974   3.9401   0.00    0.0
2014/02/27 06:35:00.000   63.755957076  -68.510506313    94.0369   5   8   3.3474   2.4096   8.3048   1.4053   2.8904   3.9323   0.00    0.0
2014/02/27 06:35:30.000   63.755961336  -68.510508835    92.8327   5   8   3.3441   2.4093   8.2875   1.3985   2.8828   3.9237   0.00    0.0
2014/02/27 06:36:00.000   63.755958852  -68.510512491    92.0477   5   8   3.3406   2.4090   8.2686   1.3913   2.8745   3.9144   0.00    0.0
2014/02/27 06:36:30.000   63.755959680  -68.510511844    93.0079   5   8   3.3370   2.4085   8.2483   1.3838   2.8656   3.9042   0.00    0.0
2014/02/27 06:37:00.000   63.755956290  -68.510513582    93.1915   5   8   3.3331   2.4080   8.2266   1.3759   2.8561   3.8934   0.00    0.0
2014/02/27 06:37:30.000   63.755954632  -68.510514263    94.0627   5   8   3.3290   2.4074   8.2034   1.3676   2.8460   3.8817   0.00    0.0
2014/02/27 06:38:00.000   63.755962747  -68.510505792    94.2932   5   9   2.5092   1.9906   5.5664  -1.0505  -0.2599   1.3791   0.00    0.0
2014/02/27 06:38:30.000   63.755962795  -68.510509183    93.5312   5   9   2.5089   1.9911   5.5718  -1.0555  -0.2528   1.3885   0.00    0.0
2014/02/27 06:39:00.000   63.755958479  -68.510510790    92.9656   5   9   2.5087   1.9917   5.5769  -1.0605  -0.2451   1.3979   0.00    0.0
2014/02/27 06:39:30.000   63.755958297  -68.510508296    94.5413   5   9   2.5085   1.9923   5.5818  -1.0654  -0.2367   1.4074   0.00    0.0
2014/02/27 06:40:00.000   63.755968244  -68.510501441    95.5608   5   9   2.5084   1.9929   5.5864  -1.0703  -0.2276   1.4170   0.00    0.0
2014/02/27 06:40:30.000   63.755957001  -68.510511270    91.6654   5   9   2.5083   1.9935   5.5908  -1.0751  -0.2176   1.4267   0.00    0.0
2014/02/27 06:41:00.000   63.755957097  -68.510498283    94.8668   5   9   2.5083   1.9942   5.5949  -1.0798  -0.2067   1.4363   0.00    0.0
2014/02/27 06:41:30.000   63.755959929  -68.510496632    96.2788   5   9   2.5083   1.9949   5.5988  -1.0844  -0.1948   1.4460   0.00    0.0
2014/02/27 06:42:00.000   63.755953999  -68.510508025    93.4143   5   9   2.5084   1.9956   5.6023  -1.0890  -0.1817   1.4557   0.00    0.0
2014/02/27 06:42:30.000   63.755960347  -68.510511712    94.8555   5   9   2.5085   1.9963   5.6056  -1.0936  -0.1672   1.4655   0.00    0.0
2014/02/27 06:43:00.000   63.755962835  -68.510497285    93.3438   5   9   2.5087   1.9970   5.6087  -1.0981  -0.1508   1.4752   0.00    0.0
2014/02/27 06:43:30.000   63.755953820  -68.510509102    92.7102   5   9   2.5089   1.9978   5.6114  -1.1025  -0.1319   1.4850   0.00    0.0
2014/02/27 06:44:00.000   63.755962360  -68.510500373    95.5533   5   9   2.5092   1.9986   5.6139  -1.1069  -0.1092   1.4947   0.00    0.0
2014/02/27 06:44:30.000   63.755957176  -68.510505389    93.4938   5   9   2.5095   1.9994   5.6160  -1.1112  -0.0798   1.5045   0.00    0.0
2014/02/27 06:45:00.000   63.755963239  -68.510502775    94.8556   5   9   2.5098   2.0002   5.6179  -1.1155  -0.0265   1.5142   0.00    0.0
2014/02/27 06:45:30.000   63.755957780  -68.510499541    94.3218   5   9   2.5102   2.0011   5.6195  -1.1197   0.0710   1.5239   0.00    0.0
2014/02/27 06:46:00.000   63.755960754  -68.510509810    93.7775   5   9   2.5107   2.0019   5.6208  -1.1239   0.1043   1.5336   0.00    0.0
2014/02/27 06:46:30.000   63.755961905  -68.510503963    93.9115   5   9   2.5112   2.0028   5.6218  -1.1280   0.1295   1.5432   0.00    0.0
2014/02/27 06:47:00.000   63.755963596  -68.510507771    93.7813   5   9   2.5117   2.0037   5.6225  -1.1320   0.1508   1.5528   0.00    0.0
2014/02/27 06:47:30.000   63.755961524  -68.510503178    93.7661   5   9   2.5123   2.0047   5.6228  -1.1361   0.1695   1.5623   0.00    0.0
2014/02/27 06:48:00.000   63.755957781  -68.510504321    93.3108   5   9   2.5130   2.0056   5.6229  -1.1400   0.1865   1.5719   0.00    0.0
2014/02/27 06:48:30.000   63.755958087  -68.510505979    93.4855   5   9   2.5136   2.0066   5.6227  -1.1440   0.2022   1.5813   0.00    0.0
2014/02/27 06:49:00.000   63.755962976  -68.510501427    94.0706   5   9   2.5143   2.0076   5.6222  -1.1478   0.2167   1.5907   0.00    0.0
2014/02/27 06:49:30.000   63.755962497  -68.510504023    93.3200   5   9   2.5151   2.0086   5.6214  -1.1517   0.2304   1.6000   0.00    0.0
2014/02/27 06:50:00.000   63.755963953  -68.510502352    93.8666   5   9   2.5159   2.0096   5.6203  -1.1555   0.2433   1.6093   0.00    0.0
2014/02/27 06:50:30.000   63.755958037  -68.510512359    93.4933   5   9   2.5167   2.0106   5.6189  -1.1592   0.2555   1.6185   0.00    0.0
2014/02/27 06:51:00.000   63.755958846  -68.510499059    94.2705   5   9   2.5176   2.0117   5.6172  -1.1629   0.2672   1.6277   0.00    0.0
2014/02/27 06:51:30.000   63.755958914  -68.510504842    94.2769   5   9   2.5185   2.0128   5.6152  -1.1666   0.2783   1.6367   0.00    0.0
2014/02/27 06:52:00.000   63.755956400  -68.510500391    94.0127   5   9   2.5194   2.0139   5.6129  -1.1702   0.2889   1.6457   0.00    0.0
2014/02/27 06:52:30.000   63.755959022  -68.510503270    93.5020   5   9   2.5204   2.0150   5.6103  -1.1738   0.2991   1.6546   0.00    0.0
2014/02/27 06:53:00.000   63.755957456  -68.510500198    93.8297   5   9   2.5214   2.0161   5.6074  -1.1773   0.3088   1.6634   0.00    0.0
2014/02/27 06:53:30.000   63.755957652  -68.510509513    94.2783   5   9   2.5225   2.0173   5.6042  -1.1808   0.3182   1.6722   0.00    0.0
2014/02/27 06:54:00.000   63.755960172  -68.510504703    92.5073   5   9   2.5236   2.0184   5.6008  -1.1843   0.3272   1.6808   0.00    0.0
2014/02/27 06:54:30.000   63.755961670  -68.510500245    93.6437   5   9   2.5247   2.0196   5.5970  -1.1877   0.3358   1.6894   0.00    0.0
2014/02/27 06:55:00.000   63.755960526  -68.510506364    93.5441   5   9   2.5258   2.0208   5.5930  -1.1911   0.3441   1.6978   0.00    0.0
2014/02/27 06:55:30.000   63.755961066  -68.510505985    93.2261   5   9   2.5270   2.0221   5.5887  -1.1944   0.3520   1.7062   0.00    0.0
2014/02/27 06:56:00.000   63.755958383  -68.510500044    93.5470   5   9   2.5282   2.0233   5.5842  -1.1977   0.3596   1.7145   0.00    0.0
2014/02/27 06:56:30.000   63.755961112  -68.510497433    92.6287   5   9   2.5295   2.0246   5.5793  -1.2010   0.3669   1.7227   0.00    0.0
2014/02/27 06:57:00.000   63.755961262  -68.510502277    93.5821   5   9   2.5308   2.0259   5.5742  -1.2043   0.3739   1.7307   0.00    0.0
2014/02/27 06:57:30.000   63.755959241  -68.510502063    93.9344   5   9   2.5321   2.0272   5.5688  -1.2075   0.3806   1.7387   0.00    0.0
2014/02/27 06:58:00.000   63.755960390  -68.510505782    93.4982   5   9   2.5334   2.0285   5.5632  -1.2107   0.3870   1.7466   0.00    0.0
2014/02/27 06:58:30.000   63.755960477  -68.510502653    92.9708   5   9   2.5348   2.0298   5.5573  -1.2138   0.3931   1.7544   0.00    0.0
2014/02/27 06:59:00.000   63.755958577  -68.510497334    92.8087   5   9   2.5362   2.0312   5.5512  -1.2169   0.3989   1.7621   0.00    0.0
2014/02/27 06:59:30.000   63.755958160  -68.510501717    93.0075   5   9   2.5376   2.0325   5.5449  -1.2200   0.4045   1.7697   0.00    0.0
2014/02/27 07:00:00.000   63.755962792  -68.510507748    94.2800   5   9   2.2128   1.8626   5.4100  -0.9117  -0.4861   1.8086   0.00    0.0
2014/02/27 07:00:30.000   63.755962891  -68.510502570    94.7403   5   9   2.2135   1.8632   5.4011  -0.9144  -0.4820   1.8095   0.00    0.0
2014/02/27 07:01:00.000   63.755965672  -68.510505254    94.3765   5   8   2.2211   2.0550   6.0979  -0.9955  -1.6410   1.9419   0.00    0.0
2014/02/27 07:01:30.000   63.755964048  -68.510507827    94.6304   5   8   2.2223   2.0555   6.0946  -1.0003  -1.6424   1.9469   0.00    0.0
2014/02/27 07:02:00.000   63.755963459  -68.510508114    93.8220   5   8   2.2235   2.0560   6.0908  -1.0049  -1.6436   1.9519   0.00    0.0
2014/02/27 07:02:30.000   63.755964752  -68.510507388    93.8111   5   8   2.2248   2.0565   6.0864  -1.0096  -1.6446   1.9568   0.00    0.0
2014/02/27 07:03:00.000   63.755964650  -68.510504633    93.7040   5   8   2.2261   2.0569   6.0815  -1.0141  -1.6453   1.9615   0.00    0.0
2014/02/27 07:03:30.000   63.755964827  -68.510508767    93.2111   5   8   2.2275   2.0574   6.0760  -1.0186  -1.6459   1.9662   0.00    0.0
2014/02/27 07:04:00.000   63.755967254  -68.510504185    93.6988   5   8   2.2289   2.0579   6.0700  -1.0231  -1.6463   1.9707   0.00    0.0
2014/02/27 07:04:30.000   63.755965302  -68.510511304    93.1332   5   8   2.2303   2.0584   6.0634  -1.0275  -1.6465   1.9751   0.00    0.0
2014/02/27 07:05:00.000   63.755966437  -68.510508199    93.5552   5   8   2.2318   2.0589   6.0563  -1.0319  -1.6465   1.9795   0.00    0.0
2014/02/27 07:05:30.000   63.755965252  -68.510509476    92.9659   5   8   2.2333   2.0594   6.0487  -1.0362  -1.6462   1.9837   0.00    0.0
2014/02/27 07:06:00.000   63.755968471  -68.510509735    93.4919   5   8   2.2348   2.0599   6.0406  -1.0405  -1.6459   1.9878   0.00    0.0
2014/02/27 07:06:30.000   63.755966852  -68.510508445    93.7398   5   8   2.2364   2.0604   6.0320  -1.0447  -1.6453   1.9918   0.00    0.0
2014/02/27 07:07:00.000   63.755965793  -68.510513694    93.9344   5   8   2.2380   2.0609   6.0229  -1.0489  -1.6445   1.9957   0.00    0.0
2014/02/27 07:07:30.000   63.755961617  -68.510508845    93.4230   5   8   2.2396   2.0614   6.0133  -1.0530  -1.6436   1.9994   0.00    0.0
2014/02/27 07:08:00.000   63.755961213  -68.510506405    94.5094   5   8   2.2413   2.0619   6.0032  -1.0571  -1.6425   2.0031   0.00    0.0
2014/02/27 07:08:30.000   63.755961224  -68.510506064    93.4664   5   8   2.2430   2.0624   5.9927  -1.0611  -1.6413   2.0067   0.00    0.0
2014/02/27 07:09:00.000   63.755968361  -68.510509770    93.0308   5   8   2.2448   2.0629   5.9817  -1.0651  -1.6399   2.0101   0.00    0.0
2014/02/27 07:09:30.000   63.755970184  -68.510510520    92.6017   5   8   2.2466   2.0635   5.9703  -1.0691  -1.6383   2.0135   0.00    0.0
2014/02/27 07:10:00.000   63.755964580  -68.510510265    93.6407   5   8   2.2484   2.0640   5.9585  -1.0730  -1.6366   2.0167   0.00    0.0
2014/02/27 07:10:30.000   63.755964913  -68.510502130    94.5133   5   8   2.2503   2.0645   5.9462  -1.0769  -1.6347   2.0198   0.00    0.0
2014/02/27 07:11:00.000   63.755962507  -68.510506980    93.8794   5   8   2.2521   2.0651   5.9336  -1.0807  -1.6327   2.0229   0.00    0.0
2014/02/27 07:11:30.000   63.755964501  -68.510502869    92.4939   5   8   2.2541   2.0656   5.9205  -1.0845  -1.6306   2.0258   0.00    0.0
2014/02/27 07:12:00.000   63.755966811  -68.510504453    93.1419   5   8   2.2561   2.0662   5.9071  -1.0883  -1.6283   2.0286   0.00    0.0
2014/02/27 07:12:30.000   63.755962768  -68.510504076    93.8601   5   8   2.2581   2.0667   5.8933  -1.0920  -1.6259   2.0314   0.00    0.0
2014/02/27 07:13:00.000   63.755964339  -68.510503385    93.5968   5   8   2.2601   2.0673   5.8792  -1.0957  -1.6234   2.0340   0.00    0.0
2014/02/27 07:13:30.000   63.755968475  -68.510506374    92.4612   5   8   2.2622   2.0679   5.8647  -1.0994  -1.6208   2.0366   0.00    0.0
2014/02/27 07:14:00.000   63.755962606  -68.510504160    93.0322   5   8   2.2643   2.0685   5.8499  -1.1030  -1.6181   2.0391   0.00    0.0
2014/02/27 07:14:30.000   63.755965291  -68.510507951    93.7002   5   8   2.2664   2.0691   5.8348  -1.1066  -1.6153   2.0415   0.00    0.0
2014/02/27 07:15:00.000   63.755964816  -68.510499376    92.4066   5   9   2.1459   1.9435   5.6945  -0.8419  -1.8581   2.2493   0.00    0.0
2014/02/27 07:15:30.000   63.755966413  -68.510500553    92.5342   5   9   2.1461   1.9419   5.6858  -0.8412  -1.8508   2.2472   0.00    0.0
2014/02/27 07:16:00.000   63.755963575  -68.510503386    93.2667   5   9   2.1463   1.9402   5.6766  -0.8403  -1.8432   2.2449   0.00    0.0
2014/02/27 07:16:30.000   63.755967027  -68.510507881    93.5690   5   9   2.1466   1.9385   5.6669  -0.8394  -1.8353   2.2425   0.00    0.0
2014/02/27 07:17:00.000   63.755963730  -68.510506887    93.1519   5   9   2.1468   1.9369   5.6568  -0.8384  -1.8272   2.2399   0.00    0.0
2014/02/27 07:17:30.000   63.755966833  -68.510502335    92.0079   5   8   2.3507   1.9353   5.8389  -0.8258  -1.8272   1.8925   0.00    0.0
2014/02/27 07:18:00.000   63.755963622  -68.510495795    91.8144   5   8   2.3506   1.9336   5.8272  -0.8277  -1.8166   1.8905   0.00    0.0
2014/02/27 07:18:30.000   63.755969599  -68.510497611    92.7925   5   8   2.3506   1.9319   5.8151  -0.8296  -1.8058   1.8884   0.00    0.0
2014/02/27 07:19:00.000   63.755965937  -68.510502157    92.1850   5   8   2.3506   1.9302   5.8026  -0.8313  -1.7947   1.8860   0.00    0.0
2014/02/27 07:19:30.000   63.755966045  -68.510495774    92.2123   5   8   2.3507   1.9286   5.7897  -0.8331  -1.7835   1.8835   0.00    0.0
2014/02/27 07:20:00.000   63.755965091  -68.510496327    91.4719   5   8   2.3508   1.9270   5.7764  -0.8347  -1.7721   1.8808   0.00    0.0
2014/02/27 07:20:30.000   63.755966456  -68.510500704    91.9007   5   8   2.3510   1.9254   5.7628  -0.8363  -1.7604   1.8779   0.00    0.0
2014/02/27 07:21:00.000   63.755964853  -68.510497054    91.4598   5   8   2.3512   1.9238   5.7489  -0.8379  -1.7486   1.8749   0.00    0.0
2014/02/27 07:21:30.000   63.755964068  -68.510497615    92.1054   5   8   2.3515   1.9222   5.7346  -0.8394  -1.7367   1.8718   0.00    0.0
2014/02/27 07:22:00.000   63.755965884  -68.510496881    91.0398   5   8   2.3518   1.9207   5.7201  -0.8408  -1.7245   1.8685   0.00    0.0
2014/02/27 07:22:30.000   63.755970174  -68.510500346    91.9996   5   8   2.3521   1.9192   5.7052  -0.8423  -1.7122   1.8651   0.00    0.0
2014/02/27 07:23:00.000   63.755969659  -68.510499631    92.0964   5   8   2.3525   1.9178   5.6900  -0.8436  -1.6997   1.8616   0.00    0.0
2014/02/27 07:23:30.000   63.755962342  -68.510501779    91.6609   5   8   2.3530   1.9164   5.6745  -0.8450  -1.6871   1.8579   0.00    0.0
2014/02/27 07:24:00.000   63.755964342  -68.510495586    90.7349   5   8   2.3535   1.9150   5.6588  -0.8463  -1.6743   1.8542   0.00    0.0
2014/02/27 07:24:30.000   63.755965443  -68.510490786    90.5920   5   8   2.3540   1.9136   5.6428  -0.8476  -1.6614   1.8504   0.00    0.0
2014/02/27 07:25:00.000   63.755966892  -68.510501320    91.8120   5   8   2.3547   1.9123   5.6266  -0.8489  -1.6484   1.8464   0.00    0.0
2014/02/27 07:25:30.000   63.755964809  -68.510500005    91.2275   5   8   2.3553   1.9111   5.6101  -0.8501  -1.6352   1.8424   0.00    0.0
2014/02/27 07:26:00.000   63.755973842  -68.510492389    91.7722   5   8   2.3560   1.9098   5.5935  -0.8513  -1.6219   1.8383   0.00    0.0
2014/02/27 07:26:30.000   63.755965864  -68.510496090    91.6397   5   8   2.3568   1.9086   5.5766  -0.8526  -1.6085   1.8342   0.00    0.0
2014/02/27 07:27:00.000   63.755965570  -68.510496041    91.4508   5   8   2.3576   1.9075   5.5596  -0.8537  -1.5949   1.8300   0.00    0.0
2014/02/27 07:27:30.000   63.755969765  -68.510494042    91.7336   5   8   2.3585   1.9064   5.5423  -0.8549  -1.5813   1.8258   0.00    0.0
2014/02/27 07:28:00.000   63.755963481  -68.510497691    91.4662   5   8   2.3595   1.9053   5.5249  -0.8561  -1.5676   1.8215   0.00    0.0
2014/02/27 07:28:30.000   63.755966491  -68.510487609    90.5721   5   8   2.3605   1.9043   5.5074  -0.8573  -1.5538   1.8172   0.00    0.0
2014/02/27 07:29:00.000   63.755963997  -68.510497497    91.5188   5   8   2.3616   1.9033   5.4897  -0.8584  -1.5398   1.8128   0.00    0.0
2014/02/27 07:29:30.000   63.755963775  -68.510490949    90.6109   5   8   2.3627   1.9024   5.4719  -0.8596  -1.5258   1.8085   0.00    0.0
2014/02/27 07:30:00.000   63.755964983  -68.510488798    90.0723   5   8   2.3639   1.9015   5.4540  -0.8607  -1.5118   1.8041   0.00    0.0
2014/02/27 07:30:30.000   63.755965012  -68.510499478    90.9197   5   8   2.3652   1.9007   5.4360  -0.8619  -1.4976   1.7997   0.00    0.0
2014/02/27 07:31:00.000   63.755970620  -68.510495257    91.9887   5   8   2.3665   1.8999   5.4179  -0.8631  -1.4834   1.7954   0.00    0.0
2014/02/27 07:31:30.000   63.755964839  -68.510497629    90.8213   5   8   2.3679   1.8992   5.3998  -0.8642  -1.4691   1.7911   0.00    0.0
2014/02/27 07:32:00.000   63.755965127  -68.510491131    90.8918   5   8   2.3694   1.8985   5.3816  -0.8654  -1.4548   1.7868   0.00    0.0
2014/02/27 07:32:30.000   63.755966297  -68.510498525    90.7848   5   8   2.3709   1.8979   5.3633  -0.8666  -1.4404   1.7825   0.00    0.0
2014/02/27 07:33:00.000   63.755967813  -68.510490900    91.3889   5   8   2.3726   1.8974   5.3450  -0.8678  -1.4259   1.7783   0.00    0.0
2014/02/27 07:33:30.000   63.755965005  -68.510487021    91.3011   5   8   2.3743   1.8968   5.3267  -0.8690  -1.4114   1.7741   0.00    0.0
2014/02/27 07:34:00.000   63.755961995  -68.510495828    90.4814   5   8   2.3760   1.8964   5.3084  -0.8702  -1.3969   1.7700   0.00    0.0
2014/02/27 07:34:30.000   63.755965037  -68.510498461    91.3073   5   8   2.3779   1.8960   5.2900  -0.8715  -1.3823   1.7660   0.00    0.0
2014/02/27 07:35:00.000   63.755966223  -68.510492760    91.4929   5   8   2.3798   1.8956   5.2717  -0.8727  -1.3677   1.7620   0.00    0.0
2014/02/27 07:35:30.000   63.755965488  -68.510496638    91.5520   5   8   2.3819   1.8953   5.2534  -0.8740  -1.3531   1.7582   0.00    0.0
2014/02/27 07:36:00.000   63.755964926  -68.510496555    91.5182   5   8   2.3840   1.8950   5.2352  -0.8753  -1.3384   1.7544   0.00    0.0
2014/02/27 07:36:30.000   63.755973386  -68.510500478    92.5803   5   7   4.4807   2.1185   8.5354  -2.0886  -2.8554   5.3559   0.00    0.0
2014/02/27 07:37:00.000   63.755973812  -68.510504240    92.8014   5   7   4.4910   2.1172   8.5296  -2.0891  -2.8465   5.3638   0.00    0.0
2014/02/27 07:37:30.000   63.755963540  -68.510495534    91.5139   5   7   4.5005   2.1157   8.5221  -2.0890  -2.8368   5.3704   0.00    0.0
2014/02/27 07:38:00.000   63.755971760  -68.510493329    91.7260   5   7   4.5093   2.1142   8.5128  -2.0885  -2.8263   5.3757   0.00    0.0
2014/02/27 07:38:30.000   63.755970313  -68.510495839    90.7892   5   7   4.5174   2.1125   8.5018  -2.0874  -2.8152   5.3795   0.00    0.0
2014/02/27 07:39:00.000   63.755960486  -68.510483015    90.0986   5   7   4.5247   2.1108   8.4891  -2.0858  -2.8032   5.3821   0.00    0.0
2014/02/27 07:39:30.000   63.755974855  -68.510505600    92.3329   5   7   4.5312   2.1090   8.4748  -2.0837  -2.7906   5.3833   0.00    0.0
2014/02/27 07:40:00.000   63.755963657  -68.510492351    91.2757   5   7   4.5370   2.1071   8.4588  -2.0811  -2.7773   5.3831   0.00    0.0
2014/02/27 07:40:30.000   63.755970195  -68.510502913    91.8997   5   7   4.5421   2.1052   8.4411  -2.0781  -2.7632   5.3817   0.00    0.0
2014/02/27 07:41:00.000   63.755973213  -68.510497130    91.4637   5   7   4.5464   2.1031   8.4219  -2.0745  -2.7485   5.3790   0.00    0.0
2014/02/27 07:41:30.000   63.755958484  -68.510492324    90.0140   5   7   4.5500   2.1011   8.4012  -2.0705  -2.7331   5.3751   0.00    0.0
2014/02/27 07:42:00.000   63.755970959  -68.510506583    92.2346   5   7   4.5529   2.0989   8.3790  -2.0661  -2.7171   5.3699   0.00    0.0
2014/02/27 07:42:30.000   63.755964073  -68.510493540    90.4115   5   7   4.5550   2.0967   8.3553  -2.0611  -2.7005   5.3635   0.00    0.0
2014/02/27 07:43:00.000   63.755961192  -68.510483360    89.8632   5   7   4.5565   2.0945   8.3303  -2.0558  -2.6832   5.3560   0.00    0.0
2014/02/27 07:43:30.000   63.755974036  -68.510502864    92.8693   5   7   4.5573   2.0923   8.3039  -2.0500  -2.6653   5.3473   0.00    0.0
2014/02/27 07:44:00.000   63.755964849  -68.510497162    92.3724   5   7   4.5574   2.0900   8.2762  -2.0439  -2.6469   5.3375   0.00    0.0
2014/02/27 07:44:30.000   63.755957975  -68.510491216    90.0464   5   7   4.5569   2.0877   8.2473  -2.0373  -2.6280   5.3266   0.00    0.0
2014/02/27 07:45:00.000   63.755973926  -68.510499169    91.4806   5   7   4.5557   2.0853   8.2172  -2.0304  -2.6085   5.3147   0.00    0.0
2014/02/27 07:45:30.000   63.755954430  -68.510492359    90.0915   5   7   4.5539   2.0830   8.1860  -2.0231  -2.5885   5.3018   0.00    0.0
2014/02/27 07:46:00.000   63.755971047  -68.510499080    90.6246   5   7   4.5515   2.0807   8.1537  -2.0155  -2.5680   5.2879   0.00    0.0
2014/02/27 07:46:30.000   63.755951147  -68.510484979    88.5325   5   7   4.5486   2.0783   8.1205  -2.0075  -2.5471   5.2731   0.00    0.0
2014/02/27 07:47:00.000   63.755964889  -68.510494375    90.7724   5   7   4.5450   2.0760   8.0862  -1.9992  -2.5257   5.2574   0.00    0.0
2014/02/27 07:47:30.000   63.755954126  -68.510494358    89.1540   5   7   4.5410   2.0737   8.0511  -1.9906  -2.5039   5.2409   0.00    0.0
2014/02/27 07:48:00.000   63.755963304  -68.510490171    90.4483   5   7   4.5364   2.0714   8.0152  -1.9817  -2.4817   5.2235   0.00    0.0
2014/02/27 07:48:30.000   63.755959921  -68.510501498    91.0807   5   7   4.5313   2.0692   7.9785  -1.9725  -2.4591   5.2054   0.00    0.0
2014/02/27 07:49:00.000   63.755971158  -68.510493342    91.2477   5   7   4.5257   2.0669   7.9410  -1.9631  -2.4362   5.1866   0.00    0.0
2014/02/27 07:49:30.000   63.755961715  -68.510494710    91.4502   5   7   4.5197   2.0647   7.9030  -1.9534  -2.4129   5.1671   0.00    0.0
2014/02/27 07:50:00.000   63.755961700  -68.510486214    90.4843   5   7   4.5133   2.0626   7.8643  -1.9435  -2.3893   5.1470   0.00    0.0
2014/02/27 07:50:30.000   63.755970031  -68.510504876    92.1784   5   7   4.5065   2.0605   7.8251  -1.9334  -2.3654   5.1262   0.00    0.0
2014/02/27 07:51:00.000   63.755951474  -68.510486746    89.3265   5   7   4.4992   2.0584   7.7854  -1.9231  -2.3413   5.1049   0.00    0.0
2014/02/27 07:51:30.000   63.755973047  -68.510506286    92.4654   5   7   4.4916   2.0565   7.7453  -1.9126  -2.3168   5.0831   0.00    0.0
2014/02/27 07:52:00.000   63.755955551  -68.510494376    90.0526   5   7   4.4837   2.0545   7.7048  -1.9019  -2.2921   5.0608   0.00    0.0
2014/02/27 07:52:30.000   63.755970372  -68.510484195    93.9680   5   6   5.2570   2.3562  10.6684  -0.6209   1.8560   6.7713   0.00    0.0
2014/02/27 07:53:00.000   63.755966784  -68.510483612    91.8482   5   6   5.2749   2.3613  10.6978  -0.5011   1.9383   6.7975   0.00    0.0
2014/02/27 07:53:30.000   63.755968938  -68.510496753    93.3700   5   6   5.2924   2.3668  10.7265  -0.3387   2.0180   6.8232   0.00    0.0
2014/02/27 07:54:00.000   63.755964470  -68.510482176    92.5291   5   6   5.3096   2.3726  10.7544   0.1535   2.0955   6.8483   0.00    0.0
2014/02/27 07:54:30.000   63.755970535  -68.510487740    91.6330   5   6   5.3265   2.3789  10.7815   0.4046   2.1709   6.8728   0.00    0.0
2014/02/27 07:55:00.000   63.755967307  -68.510486229    92.7194   5   6   5.3431   2.3855  10.8079   0.5528   2.2445   6.8967   0.00    0.0
2014/02/27 07:55:30.000   63.755972485  -68.510490441    92.0957   5   6   5.3593   2.3925  10.8336   0.6701   2.3163   6.9200   0.00    0.0
2014/02/27 07:56:00.000   63.755976951  -68.510490113    94.1522   5   6   5.3752   2.3999  10.8584   0.7709   2.3864   6.9428   0.00    0.0
2014/02/27 07:56:30.000   63.755980429  -68.510486424    95.8931   5   6   5.3908   2.4077  10.8824   0.8607   2.4551   6.9649   0.00    0.0
2014/02/27 07:57:00.000   63.755962386  -68.510486009    90.7783   5   6   5.4060   2.4158  10.9056   0.9428   2.5222   6.9864   0.00    0.0
2014/02/27 07:57:30.000   63.755964885  -68.510487037    91.5536   5   6   5.4208   2.4243  10.9280   1.0190   2.5880   7.0073   0.00    0.0
2014/02/27 07:58:00.000   63.755975270  -68.510491935    94.6005   5   6   5.4353   2.4332  10.9496   1.0904   2.6526   7.0276   0.00    0.0
2014/02/27 07:58:30.000   63.755973803  -68.510491821    95.5250   5   6   5.4494   2.4425  10.9704   1.1579   2.7158   7.0472   0.00    0.0
2014/02/27 07:59:00.000   63.755972479  -68.510499425    94.6073   5   6   5.4631   2.4521  10.9903   1.2220   2.7779   7.0662   0.00    0.0
2014/02/27 07:59:30.000   63.755972279  -68.510486060    94.1376   5   6   5.4764   2.4621  11.0093   1.2834   2.8388   7.0845   0.00    0.0
2014/02/27 08:00:00.000   63.755978498  -68.510490925    94.4526   5   6   5.4894   2.4725  11.0275   1.3422   2.8985   7.1022   0.00    0.0
2014/02/27 08:00:30.000   63.755982301  -68.510493710    97.6168   5   5   8.9012   2.6928  20.9766  -2.3090  -3.1354  13.2463   0.00    0.0
2014/02/27 08:01:00.000   63.755989019  -68.510501710    99.2682   5   5   9.0049   2.6863  21.2170  -2.2335  -2.9951  13.4094   0.00    0.0
2014/02/27 08:01:30.000   63.755973183  -68.510487428    93.4657   5   5   9.1073   2.6803  21.4533  -2.1498  -2.8381  13.5699   0.00    0.0
2014/02/27 08:02:00.000   63.755976966  -68.510494717    93.6013   5   5   9.2080   2.6749  21.6849  -2.0569  -2.6613  13.7275   0.00    0.0
2014/02/27 08:02:30.000   63.755990657  -68.510495518    99.4202   5   5   9.3067   2.6703  21.9109  -1.9536  -2.4606  13.8814   0.00    0.0
2014/02/27 08:03:00.000   63.755989350  -68.510500546    99.3327   5   5   9.4031   2.6665  22.1305  -1.8379  -2.2296  14.0313   0.00    0.0
2014/02/27 08:03:30.000   63.755985494  -68.510501576    97.3189   5   5   9.4967   2.6636  22.3429  -1.7077  -1.9579  14.1765   0.00    0.0
2014/02/27 08:04:00.000   63.755965709  -68.510487022    90.9754   5   5   9.5873   2.6617  22.5472  -1.5593  -1.6254  14.3165   0.00    0.0
2014/02/27 08:04:30.000   63.755974481  -68.510494500    94.5048   5   5   9.6744   2.6609  22.7426  -1.3872  -1.1830  14.4507   0.00    0.0
2014/02/27 08:05:00.000   63.755986416  -68.510500588    98.9387   5   5   9.7578   2.6612  22.9281  -1.1816  -0.3289  14.5786   0.00    0.0
2014/02/27 08:05:30.000   63.755979804  -68.510491443    97.4496   5   5   9.8369   2.6628  23.1030  -0.9207   1.1087  14.6995   0.00    0.0
2014/02/27 08:06:00.000   63.755982838  -68.510498168    96.6405   5   5   9.9115   2.6657  23.2663  -0.5297   1.6152  14.8130   0.00    0.0
2014/02/27 08:06:30.000   63.755972902  -68.510495035    94.1528   5   5   9.9812   2.6699  23.4172   0.5509   2.0067  14.9184   0.00    0.0
2014/02/27 08:07:00.000   63.755954914  -68.510488313    88.1055   5   5  10.0457   2.6755  23.5549   0.9502   2.3407  15.0152   0.00    0.0
2014/02/27 08:07:30.000   63.755975303  -68.510499590    93.9598   5   5  10.1045   2.6825  23.6788   1.2309   2.6380  15.1030   0.00    0.0
2014/02/27 08:08:00.000   63.755966192  -68.510493655    91.7517   5   5  10.1575   2.6910  23.7880   1.4623   2.9091  15.1813   0.00    0.0
2014/02/27 08:08:30.000   63.755970381  -68.510499000    93.7148   5   5  10.2044   2.7009  23.8820   1.6643   3.1597  15.2496   0.00    0.0
2014/02/27 08:09:00.000   63.755978191  -68.510499510    96.0949   5   5  10.2448   2.7123  23.9603   1.8458   3.3934  15.3076   0.00    0.0
2014/02/27 08:09:30.000   63.755956740  -68.510501228    90.3709   5   6   3.6323   2.5780   7.0030  -2.1082  -2.6913   3.8502   0.00    0.0
2014/02/27 08:10:00.000   63.755959596  -68.510497757    90.8815   5   6   3.6349   2.5714   7.0068  -2.1014  -2.6742   3.8548   0.00    0.0
2014/02/27 08:10:30.000   63.755957605  -68.510497108    90.6333   5   6   3.6375   2.5649   7.0107  -2.0944  -2.6569   3.8593   0.00    0.0
2014/02/27 08:11:00.000   63.755957588  -68.510497224    90.9674   5   6   3.6401   2.5583   7.0145  -2.0872  -2.6392   3.8637   0.00    0.0
2014/02/27 08:11:30.000   63.755957244  -68.510506686    90.4018   5   6   3.6427   2.5518   7.0184  -2.0799  -2.6212   3.8682   0.00    0.0
2014/02/27 08:12:00.000   63.755957021  -68.510498395    89.4684   5   6   3.6453   2.5452   7.0222  -2.0724  -2.6028   3.8726   0.00    0.0
2014/02/27 08:12:30.000   63.755963804  -68.510494033    90.0924   5   6   3.6479   2.5387   7.0260  -2.0647  -2.5841   3.8769   0.00    0.0
2014/02/27 08:13:00.000   63.755964098  -68.510494131    90.2053   5   6   3.6505   2.5322   7.0298  -2.0569  -2.5650   3.8812   0.00    0.0
2014/02/27 08:13:30.000   63.755965494  -68.510494313    90.8531   5   6   3.6531   2.5258   7.0335  -2.0489  -2.5457   3.8855   0.00    0.0
2014/02/27 08:14:00.000   63.755961311  -68.510500088    89.8361   5   6   3.6557   2.5193   7.0373  -2.0407  -2.5259   3.8897   0.00    0.0
2014/02/27 08:14:30.000   63.755954088  -68.510501701    88.7395   5   6   3.6583   2.5129   7.0410  -2.0324  -2.5058   3.8939   0.00    0.0
2014/02/27 08:15:00.000   63.755960765  -68.510501414    91.2963   5   6   3.6609   2.5065   7.0447  -2.0239  -2.4854   3.8980   0.00    0.0
2014/02/27 08:15:30.000   63.755959381  -68.510497083    90.1220   5   5   3.7984   2.8312   8.5316  -1.6516  -3.5298   3.2252   0.00    0.0
2014/02/27 08:16:00.000   63.755961580  -68.510501396    90.4131   5   5   3.8006   2.8190   8.5408  -1.6457  -3.5074   3.2294   0.00    0.0
2014/02/27 08:16:30.000   63.755957603  -68.510498788    89.1620   5   5   3.8027   2.8069   8.5497  -1.6396  -3.4846   3.2336   0.00    0.0
2014/02/27 08:17:00.000   63.755961879  -68.510499383    91.3917   5   5   3.8048   2.7948   8.5585  -1.6333  -3.4613   3.2378   0.00    0.0
2014/02/27 08:17:30.000   63.755959134  -68.510498256    89.9081   5   5   3.8069   2.7828   8.5671  -1.6269  -3.4376   3.2420   0.00    0.0
2014/02/27 08:18:00.000   63.755960149  -68.510496430    89.0515   5   5   3.8090   2.7707   8.5756  -1.6204  -3.4134   3.2463   0.00    0.0
2014/02/27 08:18:30.000   63.755959091  -68.510495685    90.6850   5   5   3.8110   2.7588   8.5838  -1.6137  -3.3887   3.2506   0.00    0.0
2014/02/27 08:19:00.000   63.755951601  -68.510493625    87.7482   5   5   3.8131   2.7469   8.5919  -1.6069  -3.3636   3.2549   0.00    0.0
2014/02/27 08:19:30.000   63.755964054  -68.510496335    91.0750   5   5   3.8151   2.7350   8.5997  -1.5999  -3.3380   3.2592   0.00    0.0
2014/02/27 08:20:00.000   63.755957480  -68.510499548    89.5664   5   5   3.8172   2.7232   8.6074  -1.5928  -3.3120   3.2635   0.00    0.0
2014/02/27 08:20:30.000   63.755962123  -68.510502931    91.3975   5   5   3.8192   2.7115   8.6150  -1.5856  -3.2854   3.2679   0.00    0.0
2014/02/27 08:21:00.000   63.755960169  -68.510513012    91.7839   5   6   3.0130   2.5237   6.5413  -0.4860  -2.2865  -1.5794   0.00    0.0
2014/02/27 08:21:30.000   63.755957944  -68.510500637    90.9367   5   6   3.0122   2.5173   6.5583  -0.4953  -2.2684  -1.5711   0.00    0.0
2014/02/27 08:22:00.000   63.755964472  -68.510501501    90.6454   5   6   3.0115   2.5109   6.5754  -0.5045  -2.2500  -1.5622   0.00    0.0
2014/02/27 08:22:30.000   63.755965085  -68.510507413    91.6624   5   6   3.0108   2.5046   6.5926  -0.5135  -2.2311  -1.5527   0.00    0.0
2014/02/27 08:23:00.000   63.755964221  -68.510511926    90.7258   5   6   3.0102   2.4984   6.6099  -0.5224  -2.2118  -1.5426   0.00    0.0
2014/02/27 08:23:30.000   63.755965855  -68.510506678    90.9166   5   6   3.0095   2.4922   6.6273  -0.5311  -2.1921  -1.5320   0.00    0.0
2014/02/27 08:24:00.000   63.755968475  -68.510500882    91.4930   5   6   3.0089   2.4861   6.6448  -0.5396  -2.1720  -1.5207   0.00    0.0
2014/02/27 08:24:30.000   63.755968162  -68.510498762    90.5006   5   6   3.0083   2.4801   6.6623  -0.5480  -2.1513  -1.5088   0.00    0.0
2014/02/27 08:25:00.000   63.755964437  -68.510507019    90.4125   5   6   3.0077   2.4742   6.6799  -0.5562  -2.1303  -1.4963   0.00    0.0
2014/02/27 08:25:30.000   63.755967289  -68.510488536    90.0099   5   7   2.9998   2.0183   5.4390  -0.7861   1.0519  -1.1728   0.00    0.0
2014/02/27 08:26:00.000   63.755966076  -68.510496807    90.8030   5   7   2.9993   2.0177   5.4641  -0.7904   1.0758  -1.1559   0.00    0.0
2014/02/27 08:26:30.000   63.755962666  -68.510505110    90.5855   5   7   2.9988   2.0171   5.4894  -0.7945   1.0994  -1.1382   0.00    0.0
2014/02/27 08:27:00.000   63.755963971  -68.510500867    90.4788   5   7   2.9984   2.0166   5.5150  -0.7986   1.1228  -1.1196   0.00    0.0
2014/02/27 08:27:30.000   63.755960293  -68.510499720    88.8963   5   7   2.9980   2.0162   5.5409  -0.8025   1.1461  -1.1000   0.00    0.0
2014/02/27 08:28:00.000   63.755964499  -68.510488537    89.3223   5   7   2.9976   2.0159   5.5670  -0.8063   1.1692  -1.0794   0.00    0.0
2014/02/27 08:28:30.000   63.755964204  -68.510494470    89.1567   5   7   2.9973   2.0157   5.5935  -0.8100   1.1922  -1.0576   0.00    0.0
2014/02/27 08:29:00.000   63.755966212  -68.510492025    89.1784   5   7   2.9970   2.0155   5.6203  -0.8136   1.2151  -1.0348   0.00    0.0
2014/02/27 08:29:30.000   63.755961700  -68.510494021    88.3666   5   7   2.9967   2.0155   5.6473  -0.8170   1.2378  -1.0106   0.00    0.0
2014/02/27 08:30:00.000   63.755968153  -68.510498788    89.7419   5   7   2.9965   2.0155   5.6747  -0.8203   1.2605  -0.9851   0.00    0.0
2014/02/27 08:30:30.000   63.755961794  -68.510495873    88.9198   5   7   2.9964   2.0156   5.7023  -0.8235   1.2831  -0.9582   0.00    0.0
2014/02/27 08:31:00.000   63.755958674  -68.510504606    90.5292   5   8   2.4584   1.9203   5.2125   0.6062   0.4944   1.7924   0.00    0.0
2014/02/27 08:31:30.000   63.755957922  -68.510507518    90.6957   5   8   2.4598   1.9186   5.2407   0.6098   0.5338   1.8093   0.00    0.0
2014/02/27 08:32:00.000   63.755956794  -68.510510059    89.9591   5   8   2.4614   1.9169   5.2692   0.6135   0.5711   1.8263   0.00    0.0
2014/02/27 08:32:30.000   63.755958813  -68.510503809    89.6637   5   8   2.4630   1.9154   5.2981   0.6174   0.6068   1.8435   0.00    0.0
2014/02/27 08:33:00.000   63.755961268  -68.510499049    90.7940   5   8   2.4648   1.9139   5.3273   0.6213   0.6412   1.8609   0.00    0.0
2014/02/27 08:33:30.000   63.755957395  -68.510501621    89.6176   5   8   2.4666   1.9125   5.3569   0.6254   0.6744   1.8784   0.00    0.0
2014/02/27 08:34:00.000   63.755959910  -68.510498751    89.7015   5   8   2.4686   1.9111   5.3867   0.6295   0.7067   1.8961   0.00    0.0
2014/02/27 08:34:30.000   63.755957849  -68.510501456    90.2572   5   8   2.4707   1.9098   5.4169   0.6338   0.7382   1.9140   0.00    0.0
2014/02/27 08:35:00.000   63.755955942  -68.510501124    89.1442   5   8   2.4728   1.9086   5.4475   0.6381   0.7690   1.9321   0.00    0.0
2014/02/27 08:35:30.000   63.755963144  -68.510496850    90.4625   5   8   2.4751   1.9074   5.4783   0.6426   0.7992   1.9503   0.00    0.0
2014/02/27 08:36:00.000   63.755957917  -68.510498049    89.6311   5   8   2.4775   1.9064   5.5095   0.6472   0.8289   1.9687   0.00    0.0
2014/02/27 08:36:30.000   63.755957663  -68.510501728    90.0788   5   8   2.4800   1.9054   5.5410   0.6519   0.8581   1.9873   0.00    0.0
2014/02/27 08:37:00.000   63.755958262  -68.510495653    89.6368   5   8   2.4826   1.9044   5.5727   0.6567   0.8868   2.0060   0.00    0.0
2014/02/27 08:37:30.000   63.755955218  -68.510503782    89.0898   5   8   2.4853   1.9036   5.6048   0.6616   0.9153   2.0248   0.00    0.0
2014/02/27 08:38:00.000   63.755956992  -68.510498927    89.4926   5   8   2.4881   1.9028   5.6371   0.6666   0.9433   2.0439   0.00    0.0
2014/02/27 08:38:30.000   63.755957359  -68.510503816    90.1012   5   8   2.4910   1.9020   5.6698   0.6718   0.9711   2.0630   0.00    0.0
2014/02/27 08:39:00.000   63.755957814  -68.510502813    89.9177   5   8   2.4940   1.9014   5.7027   0.6771   0.9987   2.0824   0.00    0.0
2014/02/27 08:39:30.000   63.755959390  -68.510497153    89.4060   5   8   2.4971   1.9008   5.7359   0.6824   1.0260   2.1018   0.00    0.0
2014/02/27 08:40:00.000   63.755961579  -68.510488972    89.9144   5   8   2.5003   1.9003   5.7693   0.6879   1.0531   2.1215   0.00    0.0
2014/02/27 08:40:30.000   63.755959137  -68.510497219    89.8347   5   8   2.5037   1.8999   5.8030   0.6935   1.0800   2.1412   0.00    0.0
2014/02/27 08:41:00.000   63.755955995  -68.510502946    90.1736   5   8   2.5071   1.8996   5.8369   0.6993   1.1067   2.1611   0.00    0.0
2014/02/27 08:41:30.000   63.755957669  -68.510500236    90.4746   5   8   2.5106   1.8993   5.8711   0.7051   1.1333   2.1811   0.00    0.0
2014/02/27 08:42:00.000   63.755958521  -68.510499830    90.3704   5   8   2.5142   1.8992   5.9054   0.7111   1.1597   2.2012   0.00    0.0
2014/02/27 08:42:30.000   63.755956488  -68.510502304    89.8377   5   8   2.5180   1.8991   5.9400   0.7171   1.1861   2.2215   0.00    0.0
2014/02/27 08:43:00.000   63.755956933  -68.510496876    90.6729   5   8   2.5218   1.8990   5.9747   0.7233   1.2123   2.2418   0.00    0.0
2014/02/27 08:43:30.000   63.755957857  -68.510502693    90.3883   5   8   2.5257   1.8991   6.0096   0.7296   1.2384   2.2623   0.00    0.0
2014/02/27 08:44:00.000   63.755957876  -68.510502646    90.1656   5   8   2.5297   1.8992   6.0447   0.7360   1.2643   2.2828   0.00    0.0
2014/02/27 08:44:30.000   63.755958627  -68.510501380    90.8780   5   8   2.5338   1.8995   6.0799   0.7425   1.2902   2.3034   0.00    0.0
2014/02/27 08:45:00.000   63.755960302  -68.510498074    90.6266   5   8   2.5380   1.8998   6.1153   0.7491   1.3160   2.3242   0.00    0.0
2014/02/27 08:45:30.000   63.755956773  -68.510497866    89.9817   5   8   2.5424   1.9001   6.1507   0.7558   1.3418   2.3450   0.00    0.0
2014/02/27 08:46:00.000   63.755957537  -68.510495852    89.7921   5   8   2.5468   1.9006   6.1863   0.7626   1.3674   2.3658   0.00    0.0
2014/02/27 08:46:30.000   63.755960094  -68.510494831    90.6025   5   8   2.5512   1.9012   6.2219   0.7695   1.3929   2.3867   0.00    0.0
2014/02/27 08:47:00.000   63.755957004  -68.510503802    89.8423   5   8   2.5558   1.9018   6.2576   0.7765   1.4184   2.4077   0.00    0.0
2014/02/27 08:47:30.000   63.755959396  -68.510501592    90.3621   5   8   2.5605   1.9025   6.2933   0.7836   1.4438   2.4286   0.00    0.0
2014/02/27 08:48:00.000   63.755960469  -68.510499641    90.8682   5   8   2.5652   1.9033   6.3290   0.7908   1.4691   2.4497   0.00    0.0
2014/02/27 08:48:30.000   63.755958904  -68.510502510    90.5207   5   8   2.5701   1.9042   6.3646   0.7980   1.4943   2.4707   0.00    0.0
2014/02/27 08:49:00.000   63.755955683  -68.510499020    90.1182   5   8   2.5750   1.9052   6.4003   0.8054   1.5194   2.4917   0.00    0.0
2014/02/27 08:49:30.000   63.755958705  -68.510494638    89.9378   5   8   2.5799   1.9063   6.4359   0.8128   1.5445   2.5127   0.00    0.0
2014/02/27 08:50:00.000   63.755958762  -68.510500190    90.2923   5   8   2.5850   1.9074   6.4713   0.8203   1.5694   2.5337   0.00    0.0
2014/02/27 08:50:30.000   63.755958395  -68.510498927    90.4268   5   8   2.5901   1.9086   6.5067   0.8279   1.5942   2.5546   0.00    0.0
2014/02/27 08:51:00.000   63.755955937  -68.510504228    90.3441   5   8   2.5953   1.9099   6.5419   0.8355   1.6190   2.5755   0.00    0.0
2014/02/27 08:51:30.000   63.755956883  -68.510505105    90.0453   5   8   2.6006   1.9113   6.5769   0.8432   1.6436   2.5963   0.00    0.0
2014/02/27 08:52:00.000   63.755957643  -68.510503352    89.8125   5   8   2.6059   1.9128   6.6118   0.8509   1.6680   2.6171   0.00    0.0
2014/02/27 08:52:30.000   63.755958613  -68.510499499    90.1029   5   8   2.6113   1.9143   6.6463   0.8587   1.6924   2.6377   0.00    0.0
2014/02/27 08:53:00.000   63.755955810  -68.510504119    89.7170   5   8   2.6167   1.9160   6.6806   0.8665   1.7166   2.6582   0.00    0.0
2014/02/27 08:53:30.000   63.755955899  -68.510504250    90.1578   5   8   2.6222   1.9177   6.7146   0.8744   1.7407   2.6786   0.00    0.0
2014/02/27 08:54:00.000   63.755956911  -68.510493426    89.4999   5   8   2.6278   1.9194   6.7483   0.8822   1.7646   2.6988   0.00    0.0
2014/02/27 08:54:30.000   63.755959332  -68.510500537    90.0443   5   8   2.6333   1.9213   6.7816   0.8901   1.7883   2.7189   0.00    0.0
2014/02/27 08:55:00.000   63.755955126  -68.510500317    89.9827   5   8   2.6389   1.9232   6.8145   0.8980   1.8118   2.7388   0.00    0.0
2014/02/27 08:55:30.000   63.755956770  -68.510499325    90.0337   5   8   2.6446   1.9252   6.8469   0.9059   1.8352   2.7585   0.00    0.0
2014/02/27 08:56:00.000   63.755958443  -68.510501973    89.9213   5   8   2.6502   1.9273   6.8788   0.9138   1.8583   2.7779   0.00    0.0
2014/02/27 08:56:30.000   63.755958515  -68.510506150    90.4617   5   8   2.6559   1.9294   6.9102   0.9217   1.8812   2.7971   0.00    0.0
2014/02/27 08:57:00.000   63.755957410  -68.510504932    90.1713   5   8   2.6616   1.9316   6.9410   0.9295   1.9039   2.8161   0.00    0.0
2014/02/27 08:57:30.000   63.755958079  -68.510504348    90.0938   5   8   2.6673   1.9339   6.9713   0.9374   1.9263   2.8348   0.00    0.0
2014/02/27 08:58:00.000   63.755960056  -68.510513398    89.8223   5   8   2.6730   1.9362   7.0009   0.9452   1.9485   2.8531   0.00    0.0
2014/02/27 08:58:30.000   63.755958805  -68.510508362    90.0229   5   8   2.6787   1.9386   7.0298   0.9529   1.9704   2.8712   0.00    0.0
2014/02/27 08:59:00.000   63.755956648  -68.510505685    90.0056   5   8   2.6843   1.9410   7.0580   0.9606   1.9920   2.8889   0.00    0.0
2014/02/27 08:59:30.000   63.755956432  -68.510507620    89.9150   5   8   2.6900   1.9435   7.0854   0.9682   2.0133   2.9062   0.00    0.0
2014/02/27 09:00:00.000   63.755958119  -68.510502379    89.7934   5   8   2.4751   1.9385   6.9075   0.8776   1.9621   2.5955   0.00    0.0
2014/02/27 09:00:30.000   63.755953010  -68.510504791    89.4506   5   8   2.4810   1.9411   6.9363   0.8856   1.9837   2.6158   0.00    0.0
2014/02/27 09:01:00.000   63.755958236  -68.510502020    89.2887   5   8   2.4869   1.9437   6.9643   0.8936   2.0050   2.6358   0.00    0.0
2014/02/27 09:01:30.000   63.755960385  -68.510499114    89.2655   5   8   2.4929   1.9463   6.9916   0.9015   2.0260   2.6555   0.00    0.0
2014/02/27 09:02:00.000   63.755958734  -68.510496677    88.9553   5   8   2.4989   1.9490   7.0181   0.9094   2.0466   2.6749   0.00    0.0
2014/02/27 09:02:30.000   63.755956218  -68.510501334    89.5884   5   8   2.5050   1.9517   7.0437   0.9173   2.0670   2.6940   0.00    0.0
2014/02/27 09:03:00.000   63.755957732  -68.510505086    89.5788   5   8   2.5110   1.9545   7.0685   0.9251   2.0869   2.7127   0.00    0.0
2014/02/27 09:03:30.000   63.755958847  -68.510503092    89.4016   5   8   2.5171   1.9573   7.0923   0.9328   2.1065   2.7310   0.00    0.0
2014/02/27 09:04:00.000   63.755958312  -68.510498398    89.7601   5   8   2.5232   1.9601   7.1152   0.9404   2.1256   2.7488   0.00    0.0
2014/02/27 09:04:30.000   63.755957159  -68.510496100    89.6418   5   8   2.5292   1.9629   7.1370   0.9479   2.1444   2.7663   0.00    0.0
2014/02/27 09:05:00.000   63.755961611  -68.510496417    90.1086   5   8   2.5353   1.9658   7.1578   0.9553   2.1627   2.7833   0.00    0.0
2014/02/27 09:05:30.000   63.755959477  -68.510488877    89.5658   5   8   2.5413   1.9686   7.1776   0.9626   2.1805   2.7998   0.00    0.0
2014/02/27 09:06:00.000   63.755961167  -68.510490978    90.1093   5   8   2.5474   1.9715   7.1962   0.9698   2.1979   2.8158   0.00    0.0
2014/02/27 09:06:30.000   63.755959374  -68.510498750    90.3238   5   8   2.5533   1.9744   7.2137   0.9768   2.2148   2.8314   0.00    0.0
2014/02/27 09:07:00.000   63.755957314  -68.510499873    89.9457   5   8   2.5593   1.9772   7.2301   0.9837   2.2312   2.8463   0.00    0.0
2014/02/27 09:07:30.000   63.755960581  -68.510496350    90.0010   5   8   2.5652   1.9801   7.2452   0.9904   2.2471   2.8608   0.00    0.0
2014/02/27 09:08:00.000   63.755960674  -68.510498740    90.0179   5   8   2.5711   1.9829   7.2591   0.9970   2.2624   2.8746   0.00    0.0
2014/02/27 09:08:30.000   63.755960358  -68.510496069    89.9140   5   8   2.5769   1.9858   7.2717   1.0033   2.2772   2.8879   0.00    0.0
2014/02/27 09:09:00.000   63.755960396  -68.510495597    89.7010   5   8   2.5827   1.9886   7.2830   1.0095   2.2914   2.9006   0.00    0.0
2014/02/27 09:09:30.000   63.755958000  -68.510501900    90.0243   5   8   2.5884   1.9913   7.2930   1.0154   2.3051   2.9127   0.00    0.0
2014/02/27 09:10:00.000   63.755962015  -68.510494915    89.2681   5   8   2.5940   1.9941   7.3016   1.0212   2.3181   2.9241   0.00    0.0
2014/02/27 09:10:30.000   63.755958892  -68.510493819    89.2572   5   8   2.5995   1.9967   7.3089   1.0267   2.3306   2.9348   0.00    0.0
2014/02/27 09:11:00.000   63.755958639  -68.510500747    89.7362   5   8   2.6049   1.9994   7.3148   1.0320   2.3424   2.9450   0.00    0.0
2014/02/27 09:11:30.000   63.755955080  -68.510501423    89.5064   5   8   2.6103   2.0020   7.3194   1.0370   2.3536   2.9544   0.00    0.0
2014/02/27 09:12:00.000   63.755959628  -68.510497340    89.3654   5   8   2.6156   2.0045   7.3225   1.0418   2.3642   2.9631   0.00    0.0
2014/02/27 09:12:30.000   63.755957557  -68.510499487    88.6348   5   8   2.6207   2.0070   7.3243   1.0464   2.3741   2.9712   0.00    0.0
2014/02/27 09:13:00.000   63.755954931  -68.510495276    89.1347   5   8   2.6258   2.0094   7.3246   1.0507   2.3834   2.9786   0.00    0.0
2014/02/27 09:13:30.000   63.755955364  -68.510492945    88.7430   5   8   2.6308   2.0118   7.3235   1.0547   2.3920   2.9852   0.00    0.0
2014/02/27 09:14:00.000   63.755956019  -68.510502916    89.4310   5   9   2.4807   2.0105   7.0602   1.1079   2.3509   3.2666   0.00    0.0
2014/02/27 09:14:30.000   63.755955444  -68.510495358    87.7429   5  10   2.3013   1.9906   6.3248   1.2309   2.5470   2.7867   0.00    0.0
2014/02/27 09:15:00.000   63.755954834  -68.510503216    87.9527   5  10   2.3065   1.9920   6.3357   1.2359   2.5533   2.7976   0.00    0.0
2014/02/27 09:15:30.000   63.755955697  -68.510500105    90.2445   5  10   2.3117   1.9932   6.3455   1.2407   2.5591   2.8080   0.00    0.0
2014/02/27 09:16:00.000   63.755963357  -68.510490197    90.2604   5  10   2.3167   1.9944   6.3544   1.2452   2.5644   2.8180   0.00    0.0
2014/02/27 09:16:30.000   63.755957857  -68.510499467    90.2517   5  10   2.3217   1.9954   6.3622   1.2495   2.5691   2.8274   0.00    0.0
2014/02/27 09:17:00.000   63.755959078  -68.510506553    89.4898   5  10   2.3266   1.9962   6.3690   1.2535   2.5731   2.8364   0.00    0.0
2014/02/27 09:17:30.000   63.755951776  -68.510494735    88.7259   5  10   2.3314   1.9969   6.3748   1.2573   2.5767   2.8449   0.00    0.0
2014/02/27 09:18:00.000   63.755958968  -68.510493539    88.9279   5  10   2.3361   1.9975   6.3794   1.2607   2.5796   2.8528   0.00    0.0
2014/02/27 09:18:30.000   63.755951905  -68.510496215    89.0929   5  10   2.3408   1.9980   6.3830   1.2640   2.5819   2.8602   0.00    0.0
2014/02/27 09:19:00.000   63.755956444  -68.510501328    89.5419   5  10   2.3453   1.9982   6.3855   1.2669   2.5836   2.8671   0.00    0.0
2014/02/27 09:19:30.000   63.755960174  -68.510501704    89.2930   5  10   2.3497   1.9984   6.3869   1.2696   2.5847   2.8734   0.00    0.0
2014/02/27 09:20:00.000   63.755955975  -68.510494218    90.2060   5  10   2.3540   1.9984   6.3872   1.2720   2.5852   2.8792   0.00    0.0
2014/02/27 09:20:30.000   63.755961992  -68.510498802    89.1317   5  10   2.3582   1.9982   6.3863   1.2741   2.5851   2.8844   0.00    0.0
2014/02/27 09:21:00.000   63.755952174  -68.510496980    90.1426   5  10   2.3623   1.9979   6.3844   1.2759   2.5843   2.8890   0.00    0.0
2014/02/27 09:21:30.000   63.755958071  -68.510489824    88.8776   5  10   2.3662   1.9974   6.3814   1.2774   2.5830   2.8931   0.00    0.0
2014/02/27 09:22:00.000   63.755955524  -68.510498591    89.2946   5  10   2.3700   1.9968   6.3773   1.2787   2.5810   2.8966   0.00    0.0
2014/02/27 09:22:30.000   63.755959333  -68.510496974    89.0126   5  10   2.3737   1.9960   6.3722   1.2796   2.5785   2.8996   0.00    0.0
2014/02/27 09:23:00.000   63.755957954  -68.510493403    89.9615   5  10   2.3773   1.9951   6.3659   1.2803   2.5753   2.9020   0.00    0.0
2014/02/27 09:23:30.000   63.755960125  -68.510496115    89.6517   5  10   2.3808   1.9940   6.3586   1.2806   2.5715   2.9038   0.00    0.0
2014/02/27 09:24:00.000   63.755958717  -68.510496783    90.7544   5  10   2.3841   1.9928   6.3502   1.2807   2.5672   2.9051   0.00    0.0
2014/02/27 09:24:30.000   63.755960370  -68.510500806    90.4045   5  10   2.3873   1.9915   6.3408   1.2805   2.5622   2.9058   0.00    0.0
2014/02/27 09:25:00.000   63.755960953  -68.510492441    90.8600   5  10   2.3903   1.9900   6.3304   1.2800   2.5567   2.9059   0.00    0.0
2014/02/27 09:25:30.000   63.755959132  -68.510494804    89.3796   5  10   2.3933   1.9883   6.3190   1.2792   2.5506   2.9055   0.00    0.0
2014/02/27 09:26:00.000   63.755959586  -68.510501635    89.6805   5  10   2.3961   1.9865   6.3066   1.2781   2.5439   2.9046   0.00    0.0
2014/02/27 09:26:30.000   63.755959040  -68.510496246    90.6701   5  10   2.3988   1.9846   6.2933   1.2767   2.5366   2.9031   0.00    0.0
2014/02/27 09:27:00.000   63.755957155  -68.510499388    88.5611   5  10   2.4013   1.9826   6.2790   1.2751   2.5288   2.9012   0.00    0.0
2014/02/27 09:27:30.000   63.755955927  -68.510492948    89.8795   5  10   2.4037   1.9804   6.2638   1.2732   2.5205   2.8986   0.00    0.0
2014/02/27 09:28:00.000   63.755965331  -68.510486421    89.1225   5   9   2.5022   2.0524   6.3118   1.4112   2.4119   2.7872   0.00    0.0
2014/02/27 09:28:30.000   63.755962159  -68.510490393    88.4860   5   9   2.5023   2.0483   6.3001   1.4058   2.3996   2.7805   0.00    0.0
2014/02/27 09:29:00.000   63.755958473  -68.510489383    89.8695   5   9   2.5023   2.0440   6.2876   1.4003   2.3869   2.7736   0.00    0.0
2014/02/27 09:29:30.000   63.755961838  -68.510486774    88.9331   5   9   2.5022   2.0397   6.2744   1.3946   2.3738   2.7662   0.00    0.0
2014/02/27 09:30:00.000   63.755965587  -68.510489594    89.1974   5   9   2.5020   2.0354   6.2606   1.3888   2.3603   2.7586   0.00    0.0
2014/02/27 09:30:30.000   63.755961351  -68.510490731    88.3262   5   9   2.5018   2.0310   6.2462   1.3828   2.3464   2.7506   0.00    0.0
2014/02/27 09:31:00.000   63.755960385  -68.510491070    90.4390   5   9   2.5016   2.0266   6.2311   1.3766   2.3321   2.7422   0.00    0.0
2014/02/27 09:31:30.000   63.755964560  -68.510495053    88.7803   5   9   2.5012   2.0222   6.2155   1.3703   2.3175   2.7336   0.00    0.0
2014/02/27 09:32:00.000   63.755961237  -68.510495251    90.3566   5   9   2.5009   2.0177   6.1992   1.3638   2.3025   2.7247   0.00    0.0
2014/02/27 09:32:30.000   63.755966800  -68.510490833    90.0718   5   9   2.5005   2.0132   6.1825   1.3572   2.2872   2.7154   0.00    0.0
2014/02/27 09:33:00.000   63.755959663  -68.510485511    89.6348   5   9   2.5000   2.0086   6.1652   1.3504   2.2715   2.7059   0.00    0.0
2014/02/27 09:33:30.000   63.755960779  -68.510488494    89.9489   5   9   2.4995   2.0041   6.1474   1.3436   2.2556   2.6962   0.00    0.0
2014/02/27 09:34:00.000   63.755961761  -68.510491660    90.2451   5   9   2.4990   1.9995   6.1291   1.3365   2.2393   2.6862   0.00    0.0
2014/02/27 09:34:30.000   63.755957042  -68.510494692    89.1211   5   9   2.4984   1.9949   6.1103   1.3294   2.2227   2.6759   0.00    0.0
2014/02/27 09:35:00.000   63.755964661  -68.510481196    89.3188   5   9   2.4978   1.9903   6.0912   1.3221   2.2059   2.6655   0.00    0.0
2014/02/27 09:35:30.000   63.755965566  -68.510488544    89.3918   5   9   2.4972   1.9857   6.0716   1.3148   2.1887   2.6548   0.00    0.0
2014/02/27 09:36:00.000   63.755957609  -68.510482877    89.8940   5   9   2.4965   1.9811   6.0516   1.3073   2.1713   2.6439   0.00    0.0
2014/02/27 09:36:30.000   63.755959744  -68.510486167    89.5619   5   9   2.4958   1.9765   6.0313   1.2997   2.1536   2.6328   0.00    0.0
2014/02/27 09:37:00.000   63.755962771  -68.510490823    90.1142   5   9   2.4952   1.9719   6.0106   1.2920   2.1357   2.6215   0.00    0.0
2014/02/27 09:37:30.000   63.755969625  -68.510487628    89.5009   5   9   2.4945   1.9674   5.9896   1.2842   2.1176   2.6101   0.00    0.0
2014/02/27 09:38:00.000   63.755961390  -68.510486301    89.9184   5   9   2.4938   1.9628   5.9683   1.2763   2.0992   2.5986   0.00    0.0
2014/02/27 09:38:30.000   63.755955023  -68.510490232    89.1354   5   9   2.4931   1.9583   5.9468   1.2683   2.0806   2.5869   0.00    0.0
2014/02/27 09:39:00.000   63.755959960  -68.510483881    89.7310   5   9   2.4924   1.9538   5.9250   1.2602   2.0617   2.5750   0.00    0.0
2014/02/27 09:39:30.000   63.755957744  -68.510484551    89.6844   5   9   2.4917   1.9493   5.9030   1.2521   2.0427   2.5631   0.00    0.0
2014/02/27 09:40:00.000   63.755961803  -68.510492153    89.9064   5   9   2.4910   1.9448   5.8808   1.2438   2.0235   2.5510   0.00    0.0
2014/02/27 09:40:30.000   63.755961114  -68.510490844    89.2111   5   9   2.4903   1.9404   5.8584   1.2355   2.0041   2.5389   0.00    0.0
2014/02/27 09:41:00.000   63.755959544  -68.510489039    89.4733   5   9   2.4896   1.9360   5.8358   1.2271   1.9845   2.5267   0.00    0.0
2014/02/27 09:41:30.000   63.755959317  -68.510493966    90.3950   5   9   2.4890   1.9316   5.8131   1.2186   1.9648   2.5144   0.00    0.0
2014/02/27 09:42:00.000   63.755957856  -68.510489414    89.1526   5   9   2.4884   1.9273   5.7903   1.2101   1.9448   2.5021   0.00    0.0
2014/02/27 09:42:30.000   63.755960756  -68.510490033    89.2082   5   9   2.4878   1.9231   5.7674   1.2015   1.9248   2.4897   0.00    0.0
2014/02/27 09:43:00.000   63.755964697  -68.510487259    89.3221   5   9   2.4872   1.9188   5.7444   1.1928   1.9045   2.4773   0.00    0.0
2014/02/27 09:43:30.000   63.755966509  -68.510491925    89.1376   5   9   2.4866   1.9147   5.7214   1.1841   1.8841   2.4649   0.00    0.0
2014/02/27 09:44:00.000   63.755965684  -68.510488465    89.6689   5   9   2.4861   1.9105   5.6983   1.1753   1.8636   2.4525   0.00    0.0
2014/02/27 09:44:30.000   63.755962543  -68.510485162    89.4468   5   9   2.4856   1.9065   5.6752   1.1664   1.8430   2.4401   0.00    0.0
2014/02/27 09:45:00.000   63.755957049  -68.510486960    89.6334   5   9   2.4852   1.9025   5.6521   1.1575   1.8222   2.4276   0.00    0.0
2014/02/27 09:45:30.000   63.755959910  -68.510488420    90.3946   5   9   2.4848   1.8985   5.6290   1.1485   1.8013   2.4153   0.00    0.0
2014/02/27 09:46:00.000   63.755962154  -68.510490777    89.3833   5   9   2.4844   1.8946   5.6059   1.1395   1.7802   2.4029   0.00    0.0
2014/02/27 09:46:30.000   63.755961993  -68.510485285    89.4815   5   9   2.4841   1.8908   5.5829   1.1304   1.7591   2.3906   0.00    0.0
2014/02/27 09:47:00.000   63.755962015  -68.510487085    89.7940   5   9   2.4838   1.8870   5.5600   1.1213   1.7378   2.3783   0.00    0.0
2014/02/27 09:47:30.000   63.755962211  -68.510491461    89.2191   5   9   2.4836   1.8833   5.5371   1.1121   1.7164   2.3662   0.00    0.0
2014/02/27 09:48:00.000   63.755960001  -68.510494927    89.8754   5   9   2.4834   1.8796   5.5143   1.1029   1.6949   2.3540   0.00    0.0
2014/02/27 09:48:30.000   63.755958997  -68.510488370    89.5282   5   9   2.4833   1.8760   5.4916   1.0936   1.6732   2.3420   0.00    0.0
2014/02/27 09:49:00.000   63.755963373  -68.510488035    89.3262   5   9   2.4832   1.8725   5.4691   1.0842   1.6515   2.3301   0.00    0.0
2014/02/27 09:49:30.000   63.755956070  -68.510497336    89.6005   5   9   2.4832   1.8690   5.4467   1.0749   1.6296   2.3183   0.00    0.0
2014/02/27 09:50:00.000   63.755956874  -68.510495510    89.9318   5   9   2.4833   1.8656   5.4244   1.0654   1.6076   2.3065   0.00    0.0
2014/02/27 09:50:30.000   63.755960709  -68.510491308    89.4497   5   8   3.8882   1.8627   8.6045   1.0020   1.5051   5.0303   0.00    0.0
2014/02/27 09:51:00.000   63.755961940  -68.510491984    88.6206   5   8   3.9008   1.8597   8.6121   0.9749   1.4564   5.0439   0.00    0.0
2014/02/27 09:51:30.000   63.755950963  -68.510494725    88.1729   5   8   3.9128   1.8569   8.6183   0.9466   1.4055   5.0567   0.00    0.0
2014/02/27 09:52:00.000   63.755957018  -68.510493262    88.4327   5   8   3.9244   1.8542   8.6231   0.9168   1.3520   5.0685   0.00    0.0
2014/02/27 09:52:30.000   63.755962288  -68.510495346    88.8641   5   8   3.9356   1.8516   8.6266   0.8854   1.2957   5.0793   0.00    0.0
2014/02/27 09:53:00.000   63.755961853  -68.510495174    90.3949   5   8   3.9462   1.8492   8.6287   0.8524   1.2364   5.0891   0.00    0.0
2014/02/27 09:53:30.000   63.755958822  -68.510493212    90.0105   5   8   3.9563   1.8470   8.6294   0.8175   1.1737   5.0980   0.00    0.0
2014/02/27 09:54:00.000   63.755962414  -68.510492321    89.3716   5   8   3.9659   1.8450   8.6286   0.7806   1.1070   5.1059   0.00    0.0
2014/02/27 09:54:30.000   63.755963593  -68.510487763    88.7694   5   8   3.9750   1.8431   8.6265   0.7413   1.0356   5.1128   0.00    0.0
2014/02/27 09:55:00.000   63.755965061  -68.510493128    90.2333   5   8   3.9835   1.8414   8.6230   0.6994   0.9586   5.1187   0.00    0.0
2014/02/27 09:55:30.000   63.755967708  -68.510487472    89.3073   5   8   3.9915   1.8399   8.6180   0.6544   0.8745   5.1236   0.00    0.0
2014/02/27 09:56:00.000   63.755968463  -68.510489345    90.2293   5   8   3.9990   1.8385   8.6117   0.6056   0.7814   5.1274   0.00    0.0
2014/02/27 09:56:30.000   63.755961939  -68.510487442    89.8328   5   8   4.0059   1.8374   8.6039   0.5521   0.6753   5.1303   0.00    0.0
2014/02/27 09:57:00.000   63.755968140  -68.510493933    89.7087   5   8   4.0123   1.8364   8.5948   0.4924   0.5493   5.1321   0.00    0.0
2014/02/27 09:57:30.000   63.755961518  -68.510485489    90.1214   5   8   4.0181   1.8356   8.5843   0.4240   0.3841   5.1329   0.00    0.0
2014/02/27 09:58:00.000   63.755957823  -68.510496166    89.9690   5   8   4.0234   1.8350   8.5724   0.3419  -0.0790   5.1327   0.00    0.0
2014/02/27 09:58:30.000   63.755962630  -68.510494486    88.4781   5   8   4.0281   1.8346   8.5592   0.2320  -0.3994   5.1316   0.00    0.0
2014/02/27 09:59:00.000   63.755964610  -68.510490958    90.8359   5   8   4.0323   1.8344   8.5447  -0.0966  -0.5586   5.1294   0.00    0.0
2014/02/27 09:59:30.000   63.755965397  -68.510490326    90.6379   5   8   4.0359   1.8343   8.5288  -0.2693  -0.6809   5.1262   0.00    0.0
2014/02/27 10:00:00.000   63.755964188  -68.510490648    89.8153   5   8   4.1659   1.8767   9.0715  -0.6859  -1.2805   5.2364   0.00    0.0
2014/02/27 10:00:30.000   63.755955863  -68.510493814    90.1097   5   8   4.1667   1.8779   9.0728  -0.7347  -1.3458   5.2367   0.00    0.0
2014/02/27 10:01:00.000   63.755968813  -68.510495357    91.6228   5   8   4.1670   1.8792   9.0729  -0.7802  -1.4077   5.2362   0.00    0.0
2014/02/27 10:01:30.000   63.755967344  -68.510499147    90.7255   5   8   4.1669   1.8808   9.0719  -0.8230  -1.4668   5.2349   0.00    0.0
2014/02/27 10:02:00.000   63.755959220  -68.510491251    90.2636   5   8   4.1665   1.8826   9.0698  -0.8634  -1.5232   5.2329   0.00    0.0
2014/02/27 10:02:30.000   63.755962355  -68.510494576    90.7211   5   8   4.1656   1.8846   9.0665  -0.9018  -1.5772   5.2300   0.00    0.0
2014/02/27 10:03:00.000   63.755970669  -68.510499612    90.5273   5   8   4.1643   1.8867   9.0621  -0.9383  -1.6290   5.2264   0.00    0.0
2014/02/27 10:03:30.000   63.755956873  -68.510489690    90.2543   5   8   4.1625   1.8891   9.0566  -0.9732  -1.6788   5.2219   0.00    0.0
2014/02/27 10:04:00.000   63.755970545  -68.510495147    89.5014   5   8   4.1604   1.8916   9.0500  -1.0066  -1.7267   5.2167   0.00    0.0
2014/02/27 10:04:30.000   63.755959904  -68.510494128    90.4392   5   9   4.1577   1.8276   8.6482  -1.0301  -2.1114   5.2195   0.00    0.0
2014/02/27 10:05:00.000   63.755954917  -68.510497304    89.6275   5  10   2.4330   1.8252   5.6936  -0.8100  -1.9242   2.2949   0.00    0.0
2014/02/27 10:05:30.000   63.755962618  -68.510492686    89.7664   5  10   2.4338   1.8271   5.7204  -0.8207  -1.9406   2.3063   0.00    0.0
2014/02/27 10:06:00.000   63.755957355  -68.510492590    89.0870   5  10   2.4346   1.8290   5.7472  -0.8312  -1.9569   2.3178   0.00    0.0
2014/02/27 10:06:30.000   63.755954157  -68.510494396    87.7406   5  10   2.4355   1.8310   5.7742  -0.8416  -1.9730   2.3294   0.00    0.0
2014/02/27 10:07:00.000   63.755956081  -68.510495190    88.0593   5  10   2.4364   1.8330   5.8012  -0.8519  -1.9891   2.3411   0.00    0.0
2014/02/27 10:07:30.000   63.755954770  -68.510499099    88.2076   5  10   2.4374   1.8350   5.8283  -0.8621  -2.0051   2.3528   0.00    0.0
2014/02/27 10:08:00.000   63.755955846  -68.510496222    89.4294   5  10   2.4385   1.8371   5.8554  -0.8721  -2.0209   2.3646   0.00    0.0
2014/02/27 10:08:30.000   63.755953245  -68.510497602    88.1715   5  10   2.4396   1.8392   5.8825  -0.8821  -2.0367   2.3764   0.00    0.0
2014/02/27 10:09:00.000   63.755954117  -68.510497990    89.0383   5  10   2.4408   1.8413   5.9096  -0.8919  -2.0523   2.3882   0.00    0.0
2014/02/27 10:09:30.000   63.755949325  -68.510487931    87.5579   5  10   2.4420   1.8435   5.9366  -0.9017  -2.0678   2.4000   0.00    0.0
2014/02/27 10:10:00.000   63.755958105  -68.510494162    89.1536   5  10   2.4433   1.8456   5.9636  -0.9113  -2.0831   2.4118   0.00    0.0
2014/02/27 10:10:30.000   63.755955005  -68.510499977    88.6919   5  10   2.4446   1.8478   5.9905  -0.9208  -2.0984   2.4237   0.00    0.0
2014/02/27 10:11:00.000   63.755952549  -68.510496895    88.8613   5  10   2.4459   1.8501   6.0172  -0.9303  -2.1134   2.4355   0.00    0.0
2014/02/27 10:11:30.000   63.755954958  -68.510493227    88.2215   5   9   2.7693   1.8538   6.2340  -0.9894  -2.1015   2.0021   0.00    0.0
2014/02/27 10:12:00.000   63.755955897  -68.510501566    89.2231   5   9   2.7676   1.8560   6.2640  -0.9987  -2.1156   2.0131   0.00    0.0
2014/02/27 10:12:30.000   63.755953919  -68.510494618    88.4484   5   9   2.7659   1.8583   6.2939  -1.0078  -2.1296   2.0239   0.00    0.0
2014/02/27 10:13:00.000   63.755951900  -68.510503018    89.3656   5   9   2.7644   1.8606   6.3236  -1.0168  -2.1433   2.0347   0.00    0.0
2014/02/27 10:13:30.000   63.755954495  -68.510495602    87.8864   5   9   2.7628   1.8629   6.3532  -1.0257  -2.1569   2.0454   0.00    0.0
2014/02/27 10:14:00.000   63.755962115  -68.510497380    88.8319   5   9   2.7613   1.8652   6.3825  -1.0344  -2.1703   2.0560   0.00    0.0
2014/02/27 10:14:30.000   63.755953685  -68.510501984    88.8865   5   9   2.7598   1.8675   6.4116  -1.0429  -2.1834   2.0664   0.00    0.0
2014/02/27 10:15:00.000   63.755954415  -68.510498162    88.9976   5   9   2.7584   1.8698   6.4404  -1.0513  -2.1963   2.0767   0.00    0.0
2014/02/27 10:15:30.000   63.755951356  -68.510498051    88.3671   5   9   2.7569   1.8721   6.4689  -1.0595  -2.2090   2.0868   0.00    0.0
2014/02/27 10:16:00.000   63.755952890  -68.510505999    89.2744   5   9   2.7556   1.8744   6.4970  -1.0676  -2.2214   2.0968   0.00    0.0
2014/02/27 10:16:30.000   63.755951487  -68.510494377    87.9385   5   9   2.7542   1.8766   6.5248  -1.0756  -2.2335   2.1066   0.00    0.0
2014/02/27 10:17:00.000   63.755955491  -68.510494899    88.7567   5   9   2.7529   1.8788   6.5521  -1.0834  -2.2453   2.1162   0.00    0.0
2014/02/27 10:17:30.000   63.755959101  -68.510496318    88.5872   5   9   2.7516   1.8810   6.5790  -1.0910  -2.2569   2.1256   0.00    0.0
2014/02/27 10:18:00.000   63.755955568  -68.510493706    88.6140   5   9   2.7503   1.8832   6.6054  -1.0985  -2.2681   2.1348   0.00    0.0
2014/02/27 10:18:30.000   63.755957399  -68.510495700    88.3503   5   9   2.7491   1.8853   6.6313  -1.1058  -2.2791   2.1437   0.00    0.0
2014/02/27 10:19:00.000   63.755951919  -68.510494173    88.0655   5   9   2.7478   1.8874   6.6567  -1.1129  -2.2896   2.1524   0.00    0.0
2014/02/27 10:19:30.000   63.755950963  -68.510503058    88.7457   5   9   2.7466   1.8895   6.6815  -1.1199  -2.2999   2.1609   0.00    0.0
2014/02/27 10:20:00.000   63.755954713  -68.510498705    88.8956   5   9   2.7454   1.8915   6.7056  -1.1268  -2.3097   2.1690   0.00    0.0
2014/02/27 10:20:30.000   63.755956235  -68.510502667    87.9281   5   9   2.7442   1.8935   6.7291  -1.1334  -2.3192   2.1769   0.00    0.0
2014/02/27 10:21:00.000   63.755953520  -68.510491830    88.5245   5   9   2.7430   1.8954   6.7519  -1.1399  -2.3283   2.1845   0.00    0.0
2014/02/27 10:21:30.000   63.755958746  -68.510502209    88.2324   5   9   2.7418   1.8972   6.7739  -1.1463  -2.3370   2.1918   0.00    0.0
2014/02/27 10:22:00.000   63.755953419  -68.510500109    88.5273   5   9   2.7406   1.8991   6.7952  -1.1524  -2.3453   2.1988   0.00    0.0
2014/02/27 10:22:30.000   63.755951929  -68.510499913    87.9633   5   9   2.7395   1.9008   6.8157  -1.1585  -2.3532   2.2054   0.00    0.0
2014/02/27 10:23:00.000   63.755957593  -68.510503551    88.3553   5   9   2.7383   1.9025   6.8354  -1.1643  -2.3606   2.2117   0.00    0.0
2014/02/27 10:23:30.000   63.755957224  -68.510500195    88.7172   5   9   2.7371   1.9041   6.8542  -1.1700  -2.3676   2.2176   0.00    0.0
2014/02/27 10:24:00.000   63.755957052  -68.510501476    88.5615   5   9   2.7360   1.9057   6.8722  -1.1754  -2.3741   2.2232   0.00    0.0
2014/02/27 10:24:30.000   63.755959951  -68.510498414    87.9124   5   9   2.7348   1.9072   6.8892  -1.1808  -2.3801   2.2284   0.00    0.0
2014/02/27 10:25:00.000   63.755955911  -68.510498132    88.4407   5   9   2.7336   1.9086   6.9052  -1.1859  -2.3856   2.2332   0.00    0.0
2014/02/27 10:25:30.000   63.755952612  -68.510500084    88.2730   5   9   2.7324   1.9100   6.9203  -1.1909  -2.3906   2.2376   0.00    0.0
2014/02/27 10:26:00.000   63.755959929  -68.510503091    88.8302   5   9   2.7313   1.9112   6.9343  -1.1957  -2.3952   2.2416   0.00    0.0
2014/02/27 10:26:30.000   63.755956806  -68.510501886    89.7361   5   9   2.7301   1.9124   6.9473  -1.2003  -2.3992   2.2452   0.00    0.0
2014/02/27 10:27:00.000   63.755959202  -68.510501296    88.5998   5   9   2.7289   1.9135   6.9593  -1.2048  -2.4027   2.2484   0.00    0.0
2014/02/27 10:27:30.000   63.755955679  -68.510498591    88.4426   5   9   2.7277   1.9146   6.9702  -1.2091  -2.4056   2.2511   0.00    0.0
2014/02/27 10:28:00.000   63.755954163  -68.510499034    88.7340   5   9   2.7265   1.9155   6.9799  -1.2132  -2.4080   2.2534   0.00    0.0
2014/02/27 10:28:30.000   63.755956851  -68.510505048    89.1750   5   9   2.7252   1.9164   6.9886  -1.2171  -2.4099   2.2553   0.00    0.0
2014/02/27 10:29:00.000   63.755957802  -68.510496928    88.4279   5   9   2.7240   1.9171   6.9961  -1.2209  -2.4112   2.2568   0.00    0.0
2014/02/27 10:29:30.000   63.755954278  -68.510505517    88.8648   5   9   2.7227   1.9178   7.0025  -1.2245  -2.4119   2.2578   0.00    0.0
2014/02/27 10:30:00.000   63.755959372  -68.510503653    88.8336   5   9   2.7215   1.9184   7.0077  -1.2279  -2.4121   2.2583   0.00    0.0
2014/02/27 10:30:30.000   63.755954241  -68.510497095    88.3474   5   9   2.7202   1.9190   7.0117  -1.2311  -2.4118   2.2584   0.00    0.0
2014/02/27 10:31:00.000   63.755957858  -68.510501960    89.1197   5   9   2.7189   1.9194   7.0146  -1.2342  -2.4108   2.2581   0.00    0.0
2014/02/27 10:31:30.000   63.755953180  -68.510503439    88.8472   5   9   2.7176   1.9197   7.0163  -1.2372  -2.4093   2.2573   0.00    0.0
2014/02/27 10:32:00.000   63.755958899  -68.510498741    89.0482   5   9   2.7163   1.9200   7.0167  -1.2399  -2.4072   2.2560   0.00    0.0
2014/02/27 10:32:30.000   63.755956510  -68.510506045    89.6375   5   9   2.7150   1.9202   7.0160  -1.2425  -2.4046   2.2544   0.00    0.0
2014/02/27 10:33:00.000   63.755952398  -68.510508142    90.0922   5   9   2.7136   1.9203   7.0141  -1.2450  -2.4014   2.2522   0.00    0.0
2014/02/27 10:33:30.000   63.755957438  -68.510505001    88.7213   5   9   2.7123   1.9203   7.0110  -1.2473  -2.3976   2.2497   0.00    0.0
2014/02/27 10:34:00.000   63.755954524  -68.510508055    89.7633   5   9   2.7110   1.9202   7.0067  -1.2494  -2.3933   2.2467   0.00    0.0
2014/02/27 10:34:30.000   63.755954661  -68.510511106    89.8762   5   9   2.7096   1.9201   7.0012  -1.2514  -2.3884   2.2432   0.00    0.0
2014/02/27 10:35:00.000   63.755954462  -68.510501338    88.8208   5   9   2.7082   1.9199   6.9946  -1.2532  -2.3830   2.2394   0.00    0.0
2014/02/27 10:35:30.000   63.755957322  -68.510505854    90.1375   5   9   2.7068   1.9196   6.9868  -1.2550  -2.3770   2.2351   0.00    0.0
2014/02/27 10:36:00.000   63.755953655  -68.510509146    89.7276   5   9   2.7054   1.9193   6.9779  -1.2565  -2.3705   2.2304   0.00    0.0
2014/02/27 10:36:30.000   63.755952464  -68.510506267    89.6807   5   9   2.7041   1.9188   6.9678  -1.2580  -2.3634   2.2253   0.00    0.0
2014/02/27 10:37:00.000   63.755955587  -68.510505174    89.3889   5   9   2.7027   1.9183   6.9567  -1.2593  -2.3559   2.2198   0.00    0.0
2014/02/27 10:37:30.000   63.755956314  -68.510503702    89.8392   5   9   2.7013   1.9178   6.9444  -1.2605  -2.3478   2.2140   0.00    0.0
2014/02/27 10:38:00.000   63.755955842  -68.510507923    89.3088   5   9   2.6999   1.9172   6.9311  -1.2615  -2.3392   2.2077   0.00    0.0
2014/02/27 10:38:30.000   63.755958626  -68.510506274    89.7579   5   9   2.6985   1.9165   6.9168  -1.2625  -2.3302   2.2011   0.00    0.0
2014/02/27 10:39:00.000   63.755956624  -68.510509322    89.9920   5   9   2.6971   1.9158   6.9014  -1.2633  -2.3206   2.1942   0.00    0.0
2014/02/27 10:39:30.000   63.755947680  -68.510507546    90.0717   5   9   2.6957   1.9150   6.8851  -1.2641  -2.3106   2.1869   0.00    0.0
2014/02/27 10:40:00.000   63.755951680  -68.510501481    89.6592   5   9   2.6943   1.9142   6.8678  -1.2647  -2.3001   2.1793   0.00    0.0
2014/02/27 10:40:30.000   63.755954735  -68.510503970    89.3081   5   9   2.6929   1.9134   6.8495  -1.2652  -2.2892   2.1714   0.00    0.0
2014/02/27 10:41:00.000   63.755954027  -68.510502226    90.3834   5   9   2.6916   1.9125   6.8304  -1.2657  -2.2778   2.1632   0.00    0.0
2014/02/27 10:41:30.000   63.755950100  -68.510510057    90.0129   5   9   2.6902   1.9116   6.8104  -1.2661  -2.2661   2.1547   0.00    0.0
2014/02/27 10:42:00.000   63.755949850  -68.510505095    89.8173   5   9   2.6889   1.9106   6.7895  -1.2663  -2.2539   2.1459   0.00    0.0
2014/02/27 10:42:30.000   63.755953124  -68.510510885    90.6840   5   9   2.6875   1.9097   6.7679  -1.2665  -2.2413   2.1369   0.00    0.0
2014/02/27 10:43:00.000   63.755950152  -68.510512466    91.6996   5   9   2.6862   1.9087   6.7455  -1.2667  -2.2284   2.1276   0.00    0.0
2014/02/27 10:43:30.000   63.755954678  -68.510511375    90.1959   5   9   2.6849   1.9077   6.7223  -1.2667  -2.2151   2.1181   0.00    0.0
2014/02/27 10:44:00.000   63.755955818  -68.510507774    91.1503   5   9   2.6837   1.9067   6.6985  -1.2667  -2.2014   2.1084   0.00    0.0
2014/02/27 10:44:30.000   63.755950777  -68.510504166    90.6813   5   9   2.6824   1.9056   6.6739  -1.2667  -2.1874   2.0985   0.00    0.0
2014/02/27 10:45:00.000   63.755947189  -68.510509774    90.0910   5   9   2.6812   1.9046   6.6488  -1.2665  -2.1731   2.0884   0.00    0.0
2014/02/27 10:45:30.000   63.755950918  -68.510503612    90.2078   5   9   2.6800   1.9035   6.6230  -1.2664  -2.1585   2.0782   0.00    0.0
2014/02/27 10:46:00.000   63.755952783  -68.510505720    90.0084   5   9   2.6788   1.9025   6.5967  -1.2661  -2.1435   2.0678   0.00    0.0
2014/02/27 10:46:30.000   63.755953757  -68.510505747    91.0253   5   9   2.6777   1.9015   6.5699  -1.2659  -2.1283   2.0573   0.00    0.0
2014/02/27 10:47:00.000   63.755954732  -68.510512079    91.3151   5   9   2.6765   1.9005   6.5426  -1.2656  -2.1129   2.0466   0.00    0.0
2014/02/27 10:47:30.000   63.755950354  -68.510506010    90.4403   5   8   3.0665   1.9084   8.0364  -1.1511  -1.8792   3.3459   0.00    0.0
2014/02/27 10:48:00.000   63.755951862  -68.510506612    90.2279   5   8   3.0670   1.9074   8.0228  -1.1500  -1.8599   3.3450   0.00    0.0
2014/02/27 10:48:30.000   63.755953086  -68.510506364    89.9004   5   8   3.0674   1.9065   8.0078  -1.1489  -1.8400   3.3433   0.00    0.0
2014/02/27 10:49:00.000   63.755948863  -68.510505059    90.3574   5   8   3.0677   1.9057   7.9915  -1.1476  -1.8197   3.3410   0.00    0.0
2014/02/27 10:49:30.000   63.755952674  -68.510504403    89.6673   5   8   3.0679   1.9049   7.9738  -1.1461  -1.7989   3.3381   0.00    0.0
2014/02/27 10:50:00.000   63.755952047  -68.510499899    89.8888   5   8   3.0679   1.9041   7.9548  -1.1445  -1.7775   3.3345   0.00    0.0
2014/02/27 10:50:30.000   63.755948946  -68.510506960    90.6560   5   8   3.0679   1.9034   7.9346  -1.1428  -1.7558   3.3302   0.00    0.0
2014/02/27 10:51:00.000   63.755946611  -68.510514911    91.3160   5   8   3.0677   1.9028   7.9131  -1.1410  -1.7335   3.3254   0.00    0.0
2014/02/27 10:51:30.000   63.755946905  -68.510508129    90.8747   5   8   3.0674   1.9022   7.8905  -1.1391  -1.7109   3.3199   0.00    0.0
2014/02/27 10:52:00.000   63.755951692  -68.510503197    90.3438   5   8   3.0670   1.9016   7.8667  -1.1371  -1.6878   3.3139   0.00    0.0
2014/02/27 10:52:30.000   63.755950836  -68.510505415    90.5619   5   8   3.0664   1.9012   7.8418  -1.1350  -1.6643   3.3073   0.00    0.0
2014/02/27 10:53:00.000   63.755952497  -68.510507664    90.2808   5   8   3.0658   1.9007   7.8158  -1.1328  -1.6404   3.3002   0.00    0.0
2014/02/27 10:53:30.000   63.755955367  -68.510502537    90.1895   5   8   3.0651   1.9004   7.7888  -1.1306  -1.6160   3.2925   0.00    0.0
2014/02/27 10:54:00.000   63.755952520  -68.510502433    89.6994   5   8   3.0643   1.9001   7.7608  -1.1283  -1.5913   3.2843   0.00    0.0
2014/02/27 10:54:30.000   63.755951006  -68.510503900    89.9853   5   8   3.0634   1.8999   7.7318  -1.1259  -1.5663   3.2756   0.00    0.0
2014/02/27 10:55:00.000   63.755953917  -68.510505760    89.7781   5   8   3.0624   1.8997   7.7020  -1.1234  -1.5408   3.2664   0.00    0.0
2014/02/27 10:55:30.000   63.755953532  -68.510499058    90.1340   5   8   3.0613   1.8996   7.6713  -1.1210  -1.5150   3.2568   0.00    0.0
2014/02/27 10:56:00.000   63.755949604  -68.510503597    91.1753   5   8   3.0601   1.8996   7.6398  -1.1185  -1.4888   3.2468   0.00    0.0
2014/02/27 10:56:30.000   63.755947051  -68.510505446    90.3570   5   8   3.0589   1.8997   7.6075  -1.1159  -1.4623   3.2363   0.00    0.0
2014/02/27 10:57:00.000   63.755951618  -68.510505557    91.4274   5   8   3.0576   1.8998   7.5745  -1.1134  -1.4355   3.2254   0.00    0.0
2014/02/27 10:57:30.000   63.755953021  -68.510505658    90.7642   5   8   3.0562   1.9000   7.5408  -1.1108  -1.4083   3.2142   0.00    0.0
2014/02/27 10:58:00.000   63.755955658  -68.510510745    90.8630   5   8   3.0548   1.9003   7.5064  -1.1082  -1.3808   3.2026   0.00    0.0
2014/02/27 10:58:30.000   63.755954399  -68.510505690    91.0954   5   8   3.0533   1.9006   7.4715  -1.1056  -1.3529   3.1906   0.00    0.0
2014/02/27 10:59:00.000   63.755951366  -68.510508720    91.1388   5   8   3.0517   1.9010   7.4360  -1.1030  -1.3248   3.1784   0.00    0.0
2014/02/27 10:59:30.000   63.755953648  -68.510503914    90.7917   5   8   3.0501   1.9015   7.4000  -1.1004  -1.2963   3.1658   0.00    0.0
2014/02/27 11:00:00.000   63.755951368  -68.510496136    89.0364   5   8   3.0283   1.8754   6.0830  -1.1315  -1.4885   2.9214   0.00    0.0
2014/02/27 11:00:30.000   63.755952629  -68.510497800    89.4027   5   8   3.0271   1.8754   6.0653  -1.1307  -1.4752   2.9137   0.00    0.0
2014/02/27 11:01:00.000   63.755952748  -68.510500319    89.8048   5   8   3.0258   1.8754   6.0472  -1.1299  -1.4618   2.9058   0.00    0.0
2014/02/27 11:01:30.000   63.755950928  -68.510498844    89.5041   5   8   3.0246   1.8755   6.0289  -1.1290  -1.4483   2.8977   0.00    0.0
2014/02/27 11:02:00.000   63.755950168  -68.510500674    89.6208   5   8   3.0233   1.8756   6.0103  -1.1281  -1.4345   2.8895   0.00    0.0
2014/02/27 11:02:30.000   63.755950724  -68.510500999    89.7937   5   8   3.0219   1.8757   5.9914  -1.1272  -1.4207   2.8810   0.00    0.0
2014/02/27 11:03:00.000   63.755953985  -68.510502654    90.2062   5   8   3.0205   1.8759   5.9723  -1.1262  -1.4067   2.8725   0.00    0.0
2014/02/27 11:03:30.000   63.755952751  -68.510500878    90.0169   5   8   3.0191   1.8761   5.9529  -1.1252  -1.3926   2.8637   0.00    0.0
2014/02/27 11:04:00.000   63.755952566  -68.510501205    89.6521   5   8   3.0177   1.8763   5.9333  -1.1242  -1.3783   2.8549   0.00    0.0
2014/02/27 11:04:30.000   63.755952025  -68.510502878    89.9268   5   8   3.0163   1.8766   5.9135  -1.1232  -1.3639   2.8459   0.00    0.0
2014/02/27 11:05:00.000   63.755949371  -68.510503099    89.6974   5   8   3.0148   1.8769   5.8935  -1.1221  -1.3494   2.8368   0.00    0.0
2014/02/27 11:05:30.000   63.755953458  -68.510505959    90.4570   5   8   3.0133   1.8772   5.8734  -1.1210  -1.3347   2.8276   0.00    0.0
2014/02/27 11:06:00.000   63.755949474  -68.510504300    90.1977   5   8   3.0118   1.8776   5.8531  -1.1199  -1.3200   2.8182   0.00    0.0
2014/02/27 11:06:30.000   63.755953407  -68.510508411    90.7361   5   8   3.0103   1.8780   5.8326  -1.1188  -1.3051   2.8088   0.00    0.0
2014/02/27 11:07:00.000   63.755951566  -68.510502869    90.5035   5   8   3.0088   1.8785   5.8120  -1.1176  -1.2901   2.7993   0.00    0.0
2014/02/27 11:07:30.000   63.755951369  -68.510508279    90.4938   5   8   3.0073   1.8790   5.7913  -1.1165  -1.2750   2.7897   0.00    0.0
2014/02/27 11:08:00.000   63.755953104  -68.510504164    90.8412   5   8   3.0058   1.8795   5.7705  -1.1153  -1.2598   2.7800   0.00    0.0
2014/02/27 11:08:30.000   63.755951895  -68.510503203    90.7935   5   8   3.0043   1.8800   5.7496  -1.1142  -1.2445   2.7702   0.00    0.0
2014/02/27 11:09:00.000   63.755953035  -68.510506607    90.5753   5   8   3.0028   1.8806   5.7287  -1.1130  -1.2290   2.7604   0.00    0.0
2014/02/27 11:09:30.000   63.755951560  -68.510508707    90.4709   5   8   3.0012   1.8813   5.7076  -1.1119  -1.2135   2.7506   0.00    0.0
2014/02/27 11:10:00.000   63.755949275  -68.510503667    89.8010   5   8   2.9997   1.8820   5.6866  -1.1107  -1.1979   2.7407   0.00    0.0
2014/02/27 11:10:30.000   63.755950021  -68.510511110    90.4694   5   8   2.9982   1.8827   5.6654  -1.1095  -1.1821   2.7307   0.00    0.0
2014/02/27 11:11:00.000   63.755949403  -68.510506979    90.9180   5   8   2.9967   1.8835   5.6443  -1.1083  -1.1663   2.7207   0.00    0.0
2014/02/27 11:11:30.000   63.755947067  -68.510505932    90.5452   5   8   2.9953   1.8843   5.6232  -1.1072  -1.1503   2.7107   0.00    0.0
2014/02/27 11:12:00.000   63.755952628  -68.510507197    90.9953   5   8   2.9938   1.8851   5.6020  -1.1060  -1.1342   2.7006   0.00    0.0
2014/02/27 11:12:30.000   63.755957566  -68.510513787    90.5776   5   7   3.4421   1.9215   6.1108  -0.7717  -1.4713   1.7334   0.00    0.0
2014/02/27 11:13:00.000   63.755954963  -68.510504566    90.2803   5   7   3.4409   1.9209   6.0885  -0.7783  -1.4517   1.7215   0.00    0.0
2014/02/27 11:13:30.000   63.755953735  -68.510513480    90.1919   5   7   3.4396   1.9205   6.0662  -0.7848  -1.4319   1.7096   0.00    0.0
2014/02/27 11:14:00.000   63.755957635  -68.510508440    90.5455   5   7   3.4383   1.9202   6.0438  -0.7913  -1.4120   1.6979   0.00    0.0
2014/02/27 11:14:30.000   63.755959389  -68.510514720    91.6680   5   7   3.4370   1.9199   6.0214  -0.7977  -1.3919   1.6863   0.00    0.0
2014/02/27 11:15:00.000   63.755954657  -68.510507428    90.2545   5   7   3.4356   1.9197   5.9989  -0.8041  -1.3717   1.6749   0.00    0.0
2014/02/27 11:15:30.000   63.755955923  -68.510516191    90.7869   5   7   3.4343   1.9195   5.9765  -0.8104  -1.3514   1.6636   0.00    0.0
2014/02/27 11:16:00.000   63.755957777  -68.510513175    91.5755   5   7   3.4329   1.9195   5.9540  -0.8167  -1.3309   1.6525   0.00    0.0
2014/02/27 11:16:30.000   63.755959383  -68.510508547    90.9590   5   7   3.4315   1.9195   5.9316  -0.8230  -1.3102   1.6416   0.00    0.0
2014/02/27 11:17:00.000   63.755955192  -68.510515167    90.3308   5   7   3.4301   1.9196   5.9092  -0.8291  -1.2895   1.6308   0.00    0.0
2014/02/27 11:17:30.000   63.755955401  -68.510513856    90.7824   5   7   3.4287   1.9198   5.8868  -0.8353  -1.2685   1.6203   0.00    0.0
2014/02/27 11:18:00.000   63.755960691  -68.510524090    91.7294   5   7   3.4272   1.9200   5.8645  -0.8414  -1.2474   1.6099   0.00    0.0
2014/02/27 11:18:30.000   63.755957878  -68.510508593    90.9606   5   7   3.4258   1.9203   5.8423  -0.8474  -1.2261   1.5998   0.00    0.0
2014/02/27 11:19:00.000   63.755957576  -68.510514786    90.8159   5   7   3.4243   1.9207   5.8201  -0.8534  -1.2047   1.5899   0.00    0.0
2014/02/27 11:19:30.000   63.755954528  -68.510510421    89.8302   5   7   3.4228   1.9212   5.7980  -0.8594  -1.1831   1.5802   0.00    0.0
2014/02/27 11:20:00.000   63.755958575  -68.510522023    91.0992   5   7   3.4213   1.9218   5.7759  -0.8653  -1.1612   1.5707   0.00    0.0
2014/02/27 11:20:30.000   63.755959930  -68.510516639    92.2470   5   7   3.4198   1.9224   5.7540  -0.8712  -1.1392   1.5614   0.00    0.0
2014/02/27 11:21:00.000   63.755955703  -68.510507251    89.9628   5   7   3.4183   1.9231   5.7322  -0.8770  -1.1170   1.5524   0.00    0.0
2014/02/27 11:21:30.000   63.755962757  -68.510523485    91.6397   5   7   3.4167   1.9239   5.7104  -0.8827  -1.0945   1.5436   0.00    0.0
2014/02/27 11:22:00.000   63.755961955  -68.510516751    90.8898   5   7   3.4152   1.9247   5.6888  -0.8885  -1.0719   1.5350   0.00    0.0
2014/02/27 11:22:30.000   63.755955768  -68.510517728    90.6774   5   7   3.4136   1.9257   5.6674  -0.8941  -1.0489   1.5268   0.00    0.0
2014/02/27 11:23:00.000   63.755960301  -68.510514790    91.7574   5   7   3.4121   1.9267   5.6460  -0.8997  -1.0257   1.5187   0.00    0.0
2014/02/27 11:23:30.000   63.755954606  -68.510521985    91.4907   5   7   3.4105   1.9278   5.6248  -0.9053  -1.0022   1.5109   0.00    0.0
2014/02/27 11:24:00.000   63.755962904  -68.510524450    92.0898   5   7   3.4089   1.9289   5.6038  -0.9108  -0.9783   1.5034   0.00    0.0
2014/02/27 11:24:30.000   63.755965482  -68.510522883    93.2896   5   7   3.4073   1.9302   5.5829  -0.9163  -0.9542   1.4962   0.00    0.0
2014/02/27 11:25:00.000   63.755961188  -68.510516823    91.6457   5   7   3.4056   1.9315   5.5622  -0.9217  -0.9296   1.4892   0.00    0.0
2014/02/27 11:25:30.000   63.755960070  -68.510519652    91.0779   5   7   3.4040   1.9329   5.5416  -0.9271  -0.9047   1.4825   0.00    0.0
2014/02/27 11:26:00.000   63.755956704  -68.510517535    91.7983   5   7   3.4024   1.9343   5.5213  -0.9324  -0.8793   1.4761   0.00    0.0
2014/02/27 11:26:30.000   63.755967375  -68.510525635    92.1016   5   7   3.4007   1.9359   5.5011  -0.9376  -0.8534   1.4699   0.00    0.0
2014/02/27 11:27:00.000   63.755961302  -68.510521948    91.3000   5   7   3.3991   1.9375   5.4811  -0.9429  -0.8270   1.4641   0.00    0.0
2014/02/27 11:27:30.000   63.755962789  -68.510517958    92.2593   5   6   3.4519   2.5946   7.9489   0.3927   3.0523   2.3780   0.00    0.0
2014/02/27 11:28:00.000   63.755961718  -68.510517327    91.6587   5   6   3.4516   2.6050   7.9506   0.4074   3.0781   2.3867   0.00    0.0
2014/02/27 11:28:30.000   63.755970176  -68.510516292    94.2278   5   6   3.4675   2.6159   8.0246   0.4032   3.0956   2.4695   0.00    0.0
2014/02/27 11:29:00.000   63.755971980  -68.510523696    95.0362   5   6   3.4708   2.6265   8.0412   0.4159   3.1198   2.4936   0.00    0.0
2014/02/27 11:29:30.000   63.755959842  -68.510522169    91.4111   5   6   3.4742   2.6372   8.0582   0.4289   3.1439   2.5184   0.00    0.0
2014/02/27 11:30:00.000   63.755957732  -68.510518371    89.3526   5   6   3.4777   2.6478   8.0756   0.4422   3.1678   2.5437   0.00    0.0
2014/02/27 11:30:30.000   63.755959308  -68.510519299    91.2292   5   6   3.4815   2.6586   8.0935   0.4559   3.1915   2.5696   0.00    0.0
2014/02/27 11:31:00.000   63.755956460  -68.510520506    91.6381   5   6   3.4854   2.6694   8.1117   0.4699   3.2151   2.5960   0.00    0.0
2014/02/27 11:31:30.000   63.755962488  -68.510516996    92.3057   5   6   3.4895   2.6802   8.1304   0.4842   3.2385   2.6230   0.00    0.0
2014/02/27 11:32:00.000   63.755963456  -68.510518355    91.9122   5   6   3.4938   2.6911   8.1495   0.4988   3.2618   2.6506   0.00    0.0
2014/02/27 11:32:30.000   63.755957405  -68.510517026    91.1733   5   6   3.4983   2.7019   8.1691   0.5137   3.2850   2.6787   0.00    0.0
2014/02/27 11:33:00.000   63.755963769  -68.510515430    93.6682   5   6   3.5030   2.7129   8.1891   0.5289   3.3081   2.7074   0.00    0.0
2014/02/27 11:33:30.000   63.755963083  -68.510514628    93.1312   5   6   3.5079   2.7238   8.2095   0.5445   3.3310   2.7366   0.00    0.0
2014/02/27 11:34:00.000   63.755973623  -68.510517311    95.5244   5   6   3.5130   2.7348   8.2305   0.5603   3.3539   2.7663   0.00    0.0
2014/02/27 11:34:30.000   63.755967284  -68.510521541    94.1577   5   6   3.5183   2.7458   8.2519   0.5764   3.3766   2.7966   0.00    0.0
2014/02/27 11:35:00.000   63.755967841  -68.510519146    93.9852   5   6   3.5239   2.7568   8.2737   0.5927   3.3993   2.8274   0.00    0.0
2014/02/27 11:35:30.000   63.755957527  -68.510519085    91.7967   5   6   3.5296   2.7679   8.2961   0.6094   3.4218   2.8587   0.00    0.0
2014/02/27 11:36:00.000   63.755965981  -68.510519427    92.2191   5   6   3.5356   2.7789   8.3189   0.6263   3.4443   2.8905   0.00    0.0
2014/02/27 11:36:30.000   63.755948075  -68.510522383    86.7758   5   6   3.5419   2.7900   8.3423   0.6434   3.4667   2.9228   0.00    0.0
2014/02/27 11:37:00.000   63.755956516  -68.510520982    90.2754   5   6   3.5484   2.8011   8.3661   0.6609   3.4890   2.9556   0.00    0.0
2014/02/27 11:37:30.000   63.755958893  -68.510523518    89.8302   5   6   3.5551   2.8121   8.3904   0.6785   3.5113   2.9889   0.00    0.0
2014/02/27 11:38:00.000   63.755948705  -68.510521487    87.0125   5   6   3.5621   2.8232   8.4152   0.6964   3.5335   3.0227   0.00    0.0
2014/02/27 11:38:30.000   63.755941397  -68.510531516    84.6938   5   6   3.5693   2.8343   8.4405   0.7146   3.5557   3.0569   0.00    0.0
2014/02/27 11:39:00.000   63.755931776  -68.510527346    80.6811   5   5  12.5578   2.9326  38.4801   3.0129   6.2795  21.4806   0.00    0.0
2014/02/27 11:39:30.000   63.755924764  -68.510529988    77.5415   5   5  12.9994   2.9769  39.8084   3.3219   6.7489  22.2654   0.00    0.0
2014/02/27 11:40:00.000   63.755915379  -68.510528277    73.9765   5   5  13.4648   3.0285  41.2036   3.6377   7.2376  23.0897   0.00    0.0
2014/02/27 11:40:30.000   63.755928924  -68.510528025    79.8236   5   5  13.9543   3.0882  42.6658   3.9620   7.7470  23.9537   0.00    0.0
2014/02/27 11:41:00.000   63.755919357  -68.510533646    76.7652   5   5  14.4676   3.1568  44.1936   4.2959   8.2777  24.8567   0.00    0.0
2014/02/27 11:41:30.000   63.755930226  -68.510527816    81.9291   5   5  15.0039   3.2349  45.7837   4.6402   8.8303  25.7971   0.00    0.0
2014/02/27 11:42:00.000   63.755922511  -68.510529781    79.6279   5   5  15.5613   3.3232  47.4301   4.9950   9.4044  26.7714   0.00    0.0
2014/02/27 11:42:30.000   63.755927364  -68.510529457    80.1467   5   5  16.1371   3.4221  49.1233   5.3602   9.9987  27.7743   0.00    0.0
2014/02/27 11:43:00.000   63.755917859  -68.510530530    77.9109   5   5  16.7269   3.5319  50.8498   5.7345  10.6110  28.7984   0.00    0.0
2014/02/27 11:43:30.000   63.755907633  -68.510537798    73.8637   5   5  17.3249   3.6523  52.5909   6.1160  11.2376  29.8328   0.00    0.0
2014/02/27 11:44:00.000   63.755912189  -68.510536417    75.7998   5   5  17.9232   3.7829  54.3223   6.5019  11.8731  30.8638   0.00    0.0
2014/02/27 11:44:30.000   63.755920962  -68.510538148    79.7818   5   5  18.5118   3.9224  56.0130   6.8881  12.5102  31.8736   0.00    0.0
2014/02/27 11:45:00.000   63.755898950  -68.510543416    71.1760   5   5  19.0785   4.0690  57.6261   7.2693  13.1398  32.8408   0.00    0.0
2014/02/27 11:45:30.000   63.755922391  -68.510536501    79.7270   5   5  19.6089   4.2203  59.1185   7.6392  13.7506  33.7407   0.00    0.0
2014/02/27 11:46:00.000   63.755935299  -68.510532284    86.0956   5   5  20.0875   4.3732  60.4433   7.9902  14.3296  34.5459   0.00    0.0
2014/02/27 11:46:30.000   63.755932621  -68.510537744    83.0575   5   5  20.4979   4.5239  61.5519   8.3143  14.8628  35.2283   0.00    0.0
2014/02/27 11:47:00.000   63.755900653  -68.510544032    71.3216   5   5  20.8243   4.6685  62.3982   8.6033  15.3359  35.7608   0.00    0.0
2014/02/27 11:47:30.000   63.755933576  -68.510536984    83.6425   5   5  21.0531   4.8026  62.9428   8.8493  15.7357  36.1200   0.00    0.0
2014/02/27 11:48:00.000   63.755942503  -68.510527026    88.3487   5   5  21.1741   4.9227  63.1574   9.0461  16.0513  36.2891   0.00    0.0
2014/02/27 11:48:30.000   63.755916939  -68.510540983    77.6454   5   5  21.1821   5.0255  63.0287   9.1890  16.2753  36.2596   0.00    0.0
2014/02/27 11:49:00.000   63.755934255  -68.510534112    84.0555   5   5  21.0771   5.1087  62.5595   9.2762  16.4045  36.0325   0.00    0.0
2014/02/27 11:49:30.000   63.755920659  -68.510544659    78.5701   5   5  20.8649   5.1713  61.7692   9.3083  16.4401  35.6182   0.00    0.0
2014/02/27 11:50:00.000   63.755919798  -68.510549569    76.9261   5   5  20.5556   5.2133  60.6908   9.2883  16.3876  35.0353   0.00    0.0
2014/02/27 11:50:30.000   63.755944140  -68.510531663    87.9239   5   5  20.1630   5.2356  59.3674   9.2211  16.2558  34.3081   0.00    0.0
2014/02/27 11:51:00.000   63.755939165  -68.510534224    85.3449   5   5  19.7027   5.2402  57.8473   9.1132  16.0557  33.4642   0.00    0.0
2014/02/27 11:51:30.000   63.755939556  -68.510533371    84.3009   5   5  19.1909   5.2293  56.1800   8.9715  15.7995  32.5321   0.00    0.0
2014/02/27 11:52:00.000   63.755935731  -68.510541365    84.0655   5   5  18.6431   5.2053  54.4124   8.8030  15.4991  31.5387   0.00    0.0
2014/02/27 11:52:30.000   63.755953734  -68.510534032    90.8128   5   5  18.0731   5.1708  52.5864   8.6144  15.1661  30.5084   0.00    0.0
2014/02/27 11:53:00.000   63.755953692  -68.510533144    88.9779   5   5  17.4929   5.1282  50.7377   8.4115  14.8107  29.4618   0.00    0.0
2014/02/27 11:53:30.000   63.755941778  -68.510545670    82.1723   5   5  16.9123   5.0795  48.8953   8.1996  14.4414  28.4160   0.00    0.0
2014/02/27 11:54:00.000   63.755946485  -68.510537530    87.5084   5   5  16.3390   5.0266  47.0818   7.9829  14.0656  27.3841   0.00    0.0
2014/02/27 11:54:30.000   63.755963079  -68.510532497    90.7289   5   6   6.0162   3.4418  14.0047   2.8231   5.7280   8.1900   0.00    0.0
2014/02/27 11:55:00.000   63.755974000  -68.510520391    94.3713   5   6   6.0646   3.4656  14.1461   2.8763   5.7977   8.2855   0.00    0.0
2014/02/27 11:55:30.000   63.755967451  -68.510524715    93.9998   5   6   6.1124   3.4892  14.2854   2.9286   5.8664   8.3796   0.00    0.0
2014/02/27 11:56:00.000   63.755953097  -68.510526850    91.7824   5   6   6.1596   3.5126  14.4221   2.9798   5.9340   8.4720   0.00    0.0
2014/02/27 11:56:30.000   63.755957789  -68.510531232    91.9915   5   6   6.2059   3.5358  14.5558   3.0297   6.0002   8.5622   0.00    0.0
2014/02/27 11:57:00.000   63.755971252  -68.510527839    93.9742   5   6   6.2511   3.5587  14.6858   3.0782   6.0648   8.6500   0.00    0.0
2014/02/27 11:57:30.000   63.755959057  -68.510526573    93.8250   5   6   6.2950   3.5811  14.8116   3.1251   6.1275   8.7350   0.00    0.0
2014/02/27 11:58:00.000   63.755966683  -68.510532554    92.6800   5   6   6.3373   3.6030  14.9325   3.1703   6.1881   8.8168   0.00    0.0
2014/02/27 11:58:30.000   63.755963189  -68.510530186    93.3943   5   6   6.3779   3.6243  15.0480   3.2136   6.2462   8.8949   0.00    0.0
2014/02/27 11:59:00.000   63.755962403  -68.510533326    92.4911   5   6   6.4164   3.6450  15.1574   3.2547   6.3017   8.9691   0.00    0.0
2014/02/27 11:59:30.000   63.755951276  -68.510544229    88.3291   5   6   6.4528   3.6648  15.2600   3.2936   6.3543   9.0388   0.00    0.0
2014/02/27 12:00:00.000   63.755956239  -68.510531842    91.1658   5   6   6.4866   3.6837  15.3553   3.3300   6.4036   9.1037   0.00    0.0
2014/02/27 12:00:30.000   63.755964996  -68.510532104    91.8452   5   7   2.8577   2.9286   6.4044  -1.3950   3.1282   1.2857   0.00    0.0
2014/02/27 12:01:00.000   63.755963481  -68.510532813    91.9185   5   7   2.8553   2.9339   6.4245  -1.3900   3.1406   1.3171   0.00    0.0
2014/02/27 12:01:30.000   63.755960940  -68.510529839    92.4908   5   7   2.8530   2.9391   6.4446  -1.3848   3.1530   1.3483   0.00    0.0
2014/02/27 12:02:00.000   63.755966009  -68.510533507    92.2337   5   7   2.8509   2.9443   6.4649  -1.3795   3.1652   1.3793   0.00    0.0
2014/02/27 12:02:30.000   63.755956881  -68.510526294    93.2525   5   7   2.8490   2.9495   6.4853  -1.3741   3.1773   1.4102   0.00    0.0
2014/02/27 12:03:00.000   63.755965664  -68.510530554    91.7275   5   7   2.8472   2.9546   6.5056  -1.3686   3.1893   1.4410   0.00    0.0
2014/02/27 12:03:30.000   63.755963290  -68.510537936    90.9086   5   7   2.8455   2.9597   6.5261  -1.3630   3.2011   1.4716   0.00    0.0
2014/02/27 12:04:00.000   63.755963133  -68.510522896    91.5011   5   7   2.8440   2.9648   6.5465  -1.3573   3.2128   1.5020   0.00    0.0
2014/02/27 12:04:30.000   63.755953248  -68.510522381    91.4855   5   7   2.8427   2.9698   6.5670  -1.3515   3.2244   1.5323   0.00    0.0
2014/02/27 12:05:00.000   63.755963646  -68.510528650    91.4897   5   7   2.8415   2.9748   6.5874  -1.3456   3.2358   1.5624   0.00    0.0
2014/02/27 12:05:30.000   63.755961555  -68.510522550    92.1156   5   7   2.8405   2.9798   6.6078  -1.3396   3.2470   1.5923   0.00    0.0
2014/02/27 12:06:00.000   63.755958097  -68.510526439    91.2498   5   7   2.8396   2.9847   6.6281  -1.3335   3.2580   1.6220   0.00    0.0
2014/02/27 12:06:30.000   63.755962046  -68.510525229    91.8595   5   7   2.8389   2.9896   6.6484  -1.3273   3.2689   1.6516   0.00    0.0
2014/02/27 12:07:00.000   63.755955728  -68.510522353    92.7121   5   7   2.8384   2.9944   6.6686  -1.3210   3.2796   1.6810   0.00    0.0
2014/02/27 12:07:30.000   63.755955584  -68.510522710    92.5474   5   7   2.8380   2.9992   6.6887  -1.3147   3.2901   1.7101   0.00    0.0
2014/02/27 12:08:00.000   63.755962333  -68.510523856    92.5024   5   7   2.8377   3.0039   6.7087  -1.3083   3.3004   1.7391   0.00    0.0
2014/02/27 12:08:30.000   63.755956339  -68.510527829    92.4508   5   7   2.8376   3.0086   6.7285  -1.3018   3.3105   1.7679   0.00    0.0
2014/02/27 12:09:00.000   63.755967824  -68.510521535    92.4084   5   7   2.8377   3.0132   6.7482  -1.2953   3.3204   1.7964   0.00    0.0
2014/02/27 12:09:30.000   63.755958241  -68.510520695    92.6106   5   7   2.8379   3.0178   6.7677  -1.2887   3.3300   1.8247   0.00    0.0
2014/02/27 12:10:00.000   63.755965593  -68.510516533    93.0292   5   7   2.8383   3.0222   6.7870  -1.2821   3.3395   1.8528   0.00    0.0
2014/02/27 12:10:30.000   63.755961976  -68.510533292    92.0503   5   7   2.8388   3.0267   6.8061  -1.2755   3.3486   1.8806   0.00    0.0
2014/02/27 12:11:00.000   63.755964119  -68.510519917    92.9876   5   7   2.8394   3.0310   6.8249  -1.2689   3.3575   1.9082   0.00    0.0
2014/02/27 12:11:30.000   63.755958879  -68.510524926    91.8940   5   7   2.8402   3.0353   6.8434  -1.2622   3.3662   1.9356   0.00    0.0
2014/02/27 12:12:00.000   63.755964103  -68.510525693    91.7007   5   7   2.8412   3.0395   6.8617  -1.2556   3.3745   1.9626   0.00    0.0
2014/02/27 12:12:30.000   63.755960016  -68.510520967    92.7877   5   7   2.8427   3.0499   6.8827  -1.2451   3.3885   1.9919   0.00    0.0
2014/02/27 12:13:00.000   63.755964233  -68.510520450    93.0535   5   7   2.8440   3.0549   6.9007  -1.2378   3.3972   2.0187   0.00    0.0
2014/02/27 12:13:30.000   63.755969022  -68.510527610    91.9281   5   7   2.8455   3.0599   6.9183  -1.2306   3.4054   2.0452   0.00    0.0
2014/02/27 12:14:00.000   63.755965046  -68.510526073    92.4317   5   7   2.8471   3.0647   6.9355  -1.2234   3.4134   2.0714   0.00    0.0
2014/02/27 12:14:30.000   63.755962349  -68.510523386    91.5056   5   7   2.8488   3.0695   6.9523  -1.2162   3.4210   2.0972   0.00    0.0
2014/02/27 12:15:00.000   63.755962280  -68.510517804    91.4447   5   7   2.8543   3.0782   6.9717  -1.2185   3.4330   2.1157   0.00    0.0
2014/02/27 12:15:30.000   63.755966910  -68.510519684    92.0506   5   8   2.8010   1.9890   5.5196  -0.3836   1.3188   2.6434   0.00    0.0
2014/02/27 12:16:00.000   63.755960151  -68.510523569    92.4141   5   8   2.8041   1.9898   5.5435  -0.3667   1.3322   2.6610   0.00    0.0
2014/02/27 12:16:30.000   63.755956459  -68.510515573    92.6077   5   8   2.8073   1.9908   5.5674  -0.3489   1.3456   2.6786   0.00    0.0
2014/02/27 12:17:00.000   63.755959022  -68.510515409    92.5695   5   8   2.8106   1.9918   5.5913  -0.3301   1.3590   2.6960   0.00    0.0
2014/02/27 12:17:30.000   63.755956914  -68.510527999    92.2540   5   8   2.8140   1.9929   5.6152  -0.3101   1.3724   2.7134   0.00    0.0
2014/02/27 12:18:00.000   63.755953659  -68.510518268    92.8605   5   8   2.8174   1.9941   5.6390  -0.2886   1.3858   2.7306   0.00    0.0
2014/02/27 12:18:30.000   63.755952421  -68.510523437    92.8624   5   8   2.8209   1.9954   5.6628  -0.2653   1.3993   2.7477   0.00    0.0
2014/02/27 12:19:00.000   63.755955372  -68.510524749    92.7770   5   8   2.8245   1.9968   5.6865  -0.2397   1.4127   2.7647   0.00    0.0
2014/02/27 12:19:30.000   63.755956693  -68.510513975    92.8815   5   8   2.8281   1.9982   5.7101  -0.2110   1.4261   2.7816   0.00    0.0
2014/02/27 12:20:00.000   63.755958307  -68.510519422    92.6231   5   8   2.8319   1.9997   5.7336  -0.1778   1.4394   2.7982   0.00    0.0
2014/02/27 12:20:30.000   63.755957782  -68.510515593    92.7219   5   8   2.8356   2.0013   5.7570  -0.1367   1.4527   2.8148   0.00    0.0
2014/02/27 12:21:00.000   63.755955289  -68.510513769    92.7544   5   8   2.8394   2.0030   5.7802  -0.0760   1.4660   2.8311   0.00    0.0
2014/02/27 12:21:30.000   63.755954769  -68.510519778    92.8912   5   8   2.8433   2.0047   5.8032   0.0843   1.4791   2.8472   0.00    0.0
2014/02/27 12:22:00.000   63.755956752  -68.510513988    93.6882   5   8   2.8472   2.0065   5.8260   0.1412   1.4922   2.8632   0.00    0.0
2014/02/27 12:22:30.000   63.755955368  -68.510518745    92.6425   5   8   2.8511   2.0084   5.8486   0.1809   1.5052   2.8789   0.00    0.0
2014/02/27 12:23:00.000   63.755960367  -68.510515122    93.2022   5   8   2.8551   2.0104   5.8709   0.2132   1.5181   2.8944   0.00    0.0
2014/02/27 12:23:30.000   63.755958137  -68.510515822    92.2419   5   8   2.8591   2.0124   5.8930   0.2411   1.5309   2.9096   0.00    0.0
2014/02/27 12:24:00.000   63.755959424  -68.510515561    93.0260   5   7   3.3174   2.0479   5.9902   0.8291   1.4261   2.6392   0.00    0.0
2014/02/27 12:24:30.000   63.755954625  -68.510513833    92.2030   5   7   3.3156   2.0495   6.0154   0.8314   1.4375   2.6496   0.00    0.0
2014/02/27 12:25:00.000   63.755964467  -68.510505340    92.3683   5   7   3.3138   2.0512   6.0404   0.8336   1.4487   2.6597   0.00    0.0
2014/02/27 12:25:30.000   63.755960878  -68.510512002    92.4056   5   7   3.3120   2.0529   6.0652   0.8357   1.4597   2.6695   0.00    0.0
2014/02/27 12:26:00.000   63.755947851  -68.510512966    93.1309   5   8   2.7378   2.0520   6.0165   0.9491   1.4359   2.9882   0.00    0.0
2014/02/27 12:26:30.000   63.755943648  -68.510507307    93.2696   5   8   2.7374   2.0537   6.0409   0.9538   1.4457   2.9964   0.00    0.0
2014/02/27 12:27:00.000   63.755947585  -68.510511416    93.3076   5   8   2.7369   2.0554   6.0651   0.9583   1.4553   3.0044   0.00    0.0
2014/02/27 12:27:30.000   63.755946159  -68.510505466    93.1042   5   8   2.7364   2.0572   6.0891   0.9628   1.4646   3.0122   0.00    0.0
2014/02/27 12:28:00.000   63.755940061  -68.510509230    93.5941   5   8   2.7359   2.0591   6.1127   0.9671   1.4737   3.0197   0.00    0.0
2014/02/27 12:28:30.000   63.755945465  -68.510509048    93.7787   5   8   2.7354   2.0610   6.1360   0.9713   1.4826   3.0269   0.00    0.0
2014/02/27 12:29:00.000   63.755941555  -68.510509418    93.0854   5   8   2.7348   2.0629   6.1589   0.9753   1.4912   3.0340   0.00    0.0
2014/02/27 12:29:30.000   63.755942294  -68.510509031    93.2501   5   8   2.7342   2.0649   6.1815   0.9793   1.4995   3.0407   0.00    0.0
2014/02/27 12:30:00.000   63.755945228  -68.510515414    92.9997   5   8   2.7336   2.0669   6.2038   0.9831   1.5076   3.0472   0.00    0.0
2014/02/27 12:30:30.000   63.755941915  -68.510500923    93.6906   5   8   2.7329   2.0690   6.2257   0.9867   1.5153   3.0534   0.00    0.0
2014/02/27 12:31:00.000   63.755940064  -68.510502033    93.6572   5   8   2.7322   2.0710   6.2472   0.9902   1.5228   3.0593   0.00    0.0
2014/02/27 12:31:30.000   63.755943206  -68.510507233    93.4155   5   8   2.7314   2.0732   6.2683   0.9935   1.5299   3.0650   0.00    0.0
2014/02/27 12:32:00.000   63.755940070  -68.510506696    93.7744   5   8   2.7305   2.0753   6.2890   0.9967   1.5366   3.0703   0.00    0.0
2014/02/27 12:32:30.000   63.755943306  -68.510510536    93.0643   5   8   2.7297   2.0775   6.3093   0.9997   1.5431   3.0754   0.00    0.0
2014/02/27 12:33:00.000   63.755947436  -68.510503256    93.8842   5   8   2.7288   2.0798   6.3292   1.0026   1.5492   3.0802   0.00    0.0
2014/02/27 12:33:30.000   63.755939525  -68.510499807    93.9830   5   8   2.7278   2.0820   6.3486   1.0053   1.5549   3.0847   0.00    0.0
2014/02/27 12:34:00.000   63.755944667  -68.510498477    93.6374   5   8   2.7268   2.0843   6.3675   1.0078   1.5602   3.0888   0.00    0.0
2014/02/27 12:34:30.000   63.755943939  -68.510507153    93.8497   5   8   2.7257   2.0866   6.3861   1.0101   1.5652   3.0927   0.00    0.0
2014/02/27 12:35:00.000   63.755945790  -68.510506861    93.6030   5   8   2.7246   2.0889   6.4041   1.0123   1.5697   3.0963   0.00    0.0
2014/02/27 12:35:30.000   63.755950730  -68.510509805    93.6461   5   9   2.6630   2.0318   6.0686   1.1451   1.8753   2.8998   0.00    0.0
2014/02/27 12:36:00.000   63.755944776  -68.510504185    93.7059   5   9   2.6628   2.0330   6.0887   1.1468   1.8803   2.9054   0.00    0.0
2014/02/27 12:36:30.000   63.755944662  -68.510503090    93.1031   5   9   2.6626   2.0342   6.1084   1.1482   1.8850   2.9108   0.00    0.0
2014/02/27 12:37:00.000   63.755944601  -68.510503064    93.0918   5   9   2.6624   2.0354   6.1278   1.1495   1.8892   2.9158   0.00    0.0
2014/02/27 12:37:30.000   63.755949086  -68.510509295    93.8539   5   9   2.6622   2.0366   6.1467   1.1506   1.8931   2.9206   0.00    0.0
2014/02/27 12:38:00.000   63.755948037  -68.510503697    93.4604   5   9   2.6619   2.0378   6.1652   1.1515   1.8966   2.9251   0.00    0.0
2014/02/27 12:38:30.000   63.755947455  -68.510504838    93.2397   5   9   2.6615   2.0389   6.1834   1.1522   1.8996   2.9294   0.00    0.0
2014/02/27 12:39:00.000   63.755948284  -68.510507859    93.7215   5  10   2.6537   2.0085   6.0880   1.1831   2.0098   2.8931   0.00    0.0
2014/02/27 12:39:30.000   63.755951921  -68.510506256    93.2520   5  10   2.6535   2.0091   6.1067   1.1830   2.0121   2.8978   0.00    0.0
2014/02/27 12:40:00.000   63.755946306  -68.510505208    93.9720   5  10   2.6550   2.0104   6.1478   1.1850   2.0216   2.9107   0.00    0.0
2014/02/27 12:40:30.000   63.755950350  -68.510503807    93.6626   5  10   2.6550   2.0111   6.1686   1.1848   2.0241   2.9159   0.00    0.0
2014/02/27 12:41:00.000   63.755948325  -68.510509607    93.4597   5  10   2.6549   2.0116   6.1890   1.1845   2.0262   2.9209   0.00    0.0
2014/02/27 12:41:30.000   63.755946502  -68.510507326    94.1636   5  10   2.6548   2.0121   6.2090   1.1839   2.0279   2.9256   0.00    0.0
2014/02/27 12:42:00.000   63.755947863  -68.510504826    94.3912   5  10   2.6547   2.0126   6.2286   1.1831   2.0292   2.9301   0.00    0.0
2014/02/27 12:42:30.000   63.755953038  -68.510505087    93.8472   5  10   2.6545   2.0130   6.2478   1.1821   2.0300   2.9342   0.00    0.0
2014/02/27 12:43:00.000   63.755945465  -68.510510486    93.4780   5  10   2.6543   2.0134   6.2666   1.1809   2.0305   2.9381   0.00    0.0
2014/02/27 12:43:30.000   63.755953672  -68.510501817    93.4749   5  10   2.6540   2.0138   6.2850   1.1794   2.0305   2.9418   0.00    0.0
2014/02/27 12:44:00.000   63.755948872  -68.510514504    93.4996   5  10   2.6537   2.0141   6.3029   1.1778   2.0300   2.9451   0.00    0.0
2014/02/27 12:44:30.000   63.755950625  -68.510509717    93.8853   5  10   2.6534   2.0143   6.3204   1.1760   2.0291   2.9482   0.00    0.0
2014/02/27 12:45:00.000   63.755948455  -68.510500066    93.9575   5  10   2.6530   2.0145   6.3375   1.1739   2.0278   2.9510   0.00    0.0
2014/02/27 12:45:30.000   63.755950889  -68.510510564    93.6286   5  10   2.6526   2.0146   6.3542   1.1716   2.0260   2.9536   0.00    0.0
2014/02/27 12:46:00.000   63.755944951  -68.510500422    93.2514   5  10   2.6521   2.0147   6.3704   1.1691   2.0238   2.9558   0.00    0.0
2014/02/27 12:46:30.000   63.755946994  -68.510512960    93.4811   5  10   2.6516   2.0148   6.3862   1.1664   2.0211   2.9578   0.00    0.0
2014/02/27 12:47:00.000   63.755952587  -68.510502756    93.6369   5  10   2.6511   2.0148   6.4015   1.1635   2.0179   2.9595   0.00    0.0
2014/02/27 12:47:30.000   63.755951315  -68.510505960    93.8549   5  10   2.6505   2.0148   6.4164   1.1604   2.0143   2.9610   0.00    0.0
2014/02/27 12:48:00.000   63.755946581  -68.510511706    94.5074   5  10   2.6499   2.0147   6.4308   1.1570   2.0102   2.9622   0.00    0.0
2014/02/27 12:48:30.000   63.755951221  -68.510514968    94.5748   5  10   2.6492   2.0146   6.4448   1.1534   2.0056   2.9631   0.00    0.0
2014/02/27 12:49:00.000   63.755949055  -68.510507761    93.5110   5  10   2.6486   2.0144   6.4583   1.1497   2.0005   2.9638   0.00    0.0
2014/02/27 12:49:30.000   63.755948035  -68.510506696    94.3033   5  10   2.6479   2.0142   6.4714   1.1457   1.9950   2.9642   0.00    0.0
2014/02/27 12:50:00.000   63.755948503  -68.510508450    94.3248   5  10   2.6472   2.0139   6.4841   1.1414   1.9890   2.9643   0.00    0.0
2014/02/27 12:50:30.000   63.755952610  -68.510499661    94.4322   5  10   2.6464   2.0136   6.4963   1.1370   1.9825   2.9642   0.00    0.0
2014/02/27 12:51:00.000   63.755950385  -68.510497460    94.0533   5  10   2.6456   2.0133   6.5081   1.1324   1.9755   2.9639   0.00    0.0
2014/02/27 12:51:30.000   63.755947866  -68.510505343    94.4056   5  10   2.6448   2.0130   6.5194   1.1275   1.9680   2.9633   0.00    0.0
2014/02/27 12:52:00.000   63.755943636  -68.510510066    94.7437   5  10   2.6440   2.0126   6.5303   1.1224   1.9601   2.9624   0.00    0.0
2014/02/27 12:52:30.000   63.755945741  -68.510507444    93.3488   5  11   2.1693   1.9209   5.4849   0.5860   1.2938   1.8409   0.00    0.0
2014/02/27 12:53:00.000   63.755947554  -68.510498262    94.0267   5  11   2.1691   1.9217   5.5018   0.5814   1.2877   1.8430   0.00    0.0
2014/02/27 12:53:30.000   63.755949270  -68.510504777    94.7057   5  11   2.1689   1.9225   5.5186   0.5766   1.2812   1.8452   0.00    0.0
2014/02/27 12:54:00.000   63.755947118  -68.510508200    94.6529   5  11   2.1688   1.9233   5.5353   0.5717   1.2743   1.8474   0.00    0.0
2014/02/27 12:54:30.000   63.755948637  -68.510498413    95.4391   5  11   2.1688   1.9241   5.5519   0.5666   1.2671   1.8496   0.00    0.0
2014/02/27 12:55:00.000   63.755952112  -68.510499818    94.6060   5  11   2.1688   1.9250   5.5685   0.5614   1.2595   1.8519   0.00    0.0
2014/02/27 12:55:30.000   63.755947373  -68.510499537    94.3333   5  11   2.1688   1.9258   5.5850   0.5560   1.2515   1.8543   0.00    0.0
2014/02/27 12:56:00.000   63.755951322  -68.510498953    95.1633   5  11   2.1689   1.9267   5.6014   0.5505   1.2431   1.8567   0.00    0.0
2014/02/27 12:56:30.000   63.755951728  -68.510497047    94.9025   5  10   2.1716   2.0253   5.7946   0.5951   0.8061   1.8267   0.00    0.0
2014/02/27 12:57:00.000   63.755953484  -68.510500787    94.9298   5  10   2.1718   2.0256   5.8171   0.5873   0.7841   1.8309   0.00    0.0
2014/02/27 12:57:30.000   63.755949881  -68.510498801    94.3429   5  10   2.1720   2.0258   5.8396   0.5793   0.7610   1.8353   0.00    0.0
2014/02/27 12:58:00.000   63.755948656  -68.510495501    95.4301   5  10   2.1724   2.0262   5.8621   0.5713   0.7368   1.8397   0.00    0.0
2014/02/27 12:58:30.000   63.755949172  -68.510497624    95.1054   5  10   2.1728   2.0265   5.8844   0.5631   0.7113   1.8443   0.00    0.0
2014/02/27 12:59:00.000   63.755949883  -68.510492635    94.4738   5  10   2.1733   2.0269   5.9067   0.5547   0.6844   1.8490   0.00    0.0
2014/02/27 12:59:30.000   63.755950349  -68.510495870    95.0371   5  10   2.1739   2.0274   5.9288   0.5463   0.6560   1.8538   0.00    0.0
2014/02/27 13:00:00.000   63.755953461  -68.510502466    95.6425   5  10   2.1745   2.0279   5.9509   0.5376   0.6258   1.8588   0.00    0.0
2014/02/27 13:00:30.000   63.755952505  -68.510501159    94.8959   5  10   2.1753   2.0285   5.9729   0.5288   0.5936   1.8639   0.00    0.0
2014/02/27 13:01:00.000   63.755952159  -68.510499074    94.1108   5  10   2.1761   2.0291   5.9947   0.5199   0.5590   1.8691   0.00    0.0
2014/02/27 13:01:30.000   63.755952517  -68.510499795    95.5447   5  10   2.1770   2.0298   6.0164   0.5107   0.5215   1.8744   0.00    0.0
2014/02/27 13:02:00.000   63.755952092  -68.510495847    95.2145   5  10   2.1780   2.0305   6.0379   0.5014   0.4805   1.8799   0.00    0.0
2014/02/27 13:02:30.000   63.755954243  -68.510494877    95.4968   5  10   2.1791   2.0313   6.0593   0.4918   0.4351   1.8854   0.00    0.0
2014/02/27 13:03:00.000   63.755951398  -68.510491826    94.8752   5  10   2.1802   2.0321   6.0805   0.4820   0.3836   1.8911   0.00    0.0
2014/02/27 13:03:30.000   63.755953417  -68.510488653    95.3592   5  10   2.1815   2.0330   6.1015   0.4720   0.3232   1.8969   0.00    0.0
2014/02/27 13:04:00.000   63.755954105  -68.510489954    94.6139   5  10   2.1828   2.0339   6.1223   0.4618   0.2475   1.9028   0.00    0.0
2014/02/27 13:04:30.000   63.755952859  -68.510492488    94.9894   5  10   2.1842   2.0349   6.1429   0.4513   0.1324   1.9089   0.00    0.0
2014/02/27 13:05:00.000   63.755954649  -68.510496230    94.4179   5  10   2.1857   2.0360   6.1633   0.4405  -0.1634   1.9150   0.00    0.0
2014/02/27 13:05:30.000   63.755951407  -68.510489471    94.8974   5  10   2.1873   2.0370   6.1835   0.4294  -0.2672   1.9212   0.00    0.0
2014/02/27 13:06:00.000   63.755956397  -68.510485762    94.3906   5  10   2.1889   2.0382   6.2034   0.4179  -0.3414   1.9276   0.00    0.0
2014/02/27 13:06:30.000   63.755954632  -68.510485727    94.4745   5  10   2.1907   2.0394   6.2231   0.4062  -0.4027   1.9340   0.00    0.0
2014/02/27 13:07:00.000   63.755948783  -68.510486452    93.9622   5  10   2.1925   2.0406   6.2425   0.3940  -0.4563   1.9405   0.00    0.0
2014/02/27 13:07:30.000   63.755949500  -68.510490617    94.6745   5  10   2.1944   2.0419   6.2616   0.3814  -0.5046   1.9472   0.00    0.0
2014/02/27 13:08:00.000   63.755955619  -68.510495703    94.6299   5  10   2.1964   2.0433   6.2804   0.3683  -0.5491   1.9539   0.00    0.0
2014/02/27 13:08:30.000   63.755954357  -68.510492264    95.0271   5  10   2.1984   2.0447   6.2989   0.3547  -0.5905   1.9607   0.00    0.0
2014/02/27 13:09:00.000   63.755956400  -68.510486019    94.2582   5  10   2.2006   2.0461   6.3172   0.3405  -0.6294   1.9676   0.00    0.0
2014/02/27 13:09:30.000   63.755956249  -68.510494213    94.6830   5  10   2.2028   2.0476   6.3350   0.3256  -0.6663   1.9746   0.00    0.0
2014/02/27 13:10:00.000   63.755954995  -68.510495501    94.8672   5  10   2.2052   2.0492   6.3526   0.3100  -0.7015   1.9817   0.00    0.0
2014/02/27 13:10:30.000   63.755949358  -68.510494140    94.9136   5  10   2.2076   2.0508   6.3698   0.2935  -0.7351   1.9888   0.00    0.0
2014/02/27 13:11:00.000   63.755950628  -68.510487454    95.0165   5  10   2.2100   2.0525   6.3866   0.2759  -0.7675   1.9961   0.00    0.0
2014/02/27 13:11:30.000   63.755952061  -68.510486366    95.3980   5  10   2.2126   2.0542   6.4031   0.2571  -0.7986   2.0034   0.00    0.0
2014/02/27 13:12:00.000   63.755955219  -68.510489337    95.6683   5  10   2.2153   2.0560   6.4192   0.2368  -0.8287   2.0107   0.00    0.0
2014/02/27 13:12:30.000   63.755952266  -68.510489923    94.5682   5  10   2.2180   2.0578   6.4349   0.2144  -0.8578   2.0182   0.00    0.0
2014/02/27 13:13:00.000   63.755956171  -68.510486210    94.3762   5  10   2.2208   2.0596   6.4502   0.1894  -0.8860   2.0257   0.00    0.0
2014/02/27 13:13:30.000   63.755950995  -68.510490419    95.8546   5  10   2.2237   2.0616   6.4650   0.1604  -0.9134   2.0332   0.00    0.0
2014/02/27 13:14:00.000   63.755951364  -68.510489853    95.4680   5  10   2.2267   2.0635   6.4795   0.1248  -0.9400   2.0409   0.00    0.0
2014/02/27 13:14:30.000   63.755953998  -68.510482270    94.9950   5  10   2.2298   2.0655   6.4935   0.0734  -0.9659   2.0485   0.00    0.0
2014/02/27 13:15:00.000   63.755952775  -68.510482684    95.5533   5  10   2.2329   2.0676   6.5070  -0.0695  -0.9911   2.0562   0.00    0.0
2014/02/27 13:15:30.000   63.755952200  -68.510486808    94.9177   5  10   2.2362   2.0697   6.5201  -0.1228  -1.0156   2.0640   0.00    0.0
2014/02/27 13:16:00.000   63.755952885  -68.510486514    95.5577   5  10   2.2395   2.0719   6.5328  -0.1592  -1.0395   2.0718   0.00    0.0
2014/02/27 13:16:30.000   63.755951529  -68.510484179    95.0659   5  10   2.2429   2.0741   6.5449  -0.1887  -1.0628   2.0797   0.00    0.0
2014/02/27 13:17:00.000   63.755954406  -68.510488134    94.3860   5  10   2.2464   2.0763   6.5566  -0.2143  -1.0855   2.0876   0.00    0.0
2014/02/27 13:17:30.000   63.755953162  -68.510486951    95.4726   5  10   2.2500   2.0786   6.5678  -0.2372  -1.1077   2.0955   0.00    0.0
2014/02/27 13:18:00.000   63.755952707  -68.510480936    95.2050   5  10   2.2536   2.0810   6.5785  -0.2581  -1.1293   2.1034   0.00    0.0
2014/02/27 13:18:30.000   63.755952880  -68.510479016    94.0887   5  10   2.2574   2.0833   6.5887  -0.2774  -1.1504   2.1114   0.00    0.0
2014/02/27 13:19:00.000   63.755950729  -68.510477589    95.3710   5  10   2.2612   2.0858   6.5984  -0.2956  -1.1710   2.1194   0.00    0.0
2014/02/27 13:19:30.000   63.755949939  -68.510477465    94.9132   5   9   2.4976   2.1807   7.5935  -0.8712  -1.9417   2.9092   0.00    0.0
2014/02/27 13:20:00.000   63.755954086  -68.510481132    94.9360   5   9   2.5033   2.1839   7.6167  -0.8806  -1.9616   2.9239   0.00    0.0
2014/02/27 13:20:30.000   63.755956416  -68.510480133    95.1762   5   9   2.5090   2.1872   7.6389  -0.8899  -1.9810   2.9384   0.00    0.0
2014/02/27 13:21:00.000   63.755956504  -68.510484306    94.5681   5   9   2.5147   2.1904   7.6600  -0.8990  -1.9999   2.9526   0.00    0.0
2014/02/27 13:21:30.000   63.755953121  -68.510483281    94.5073   5   9   2.5206   2.1937   7.6802  -0.9080  -2.0183   2.9665   0.00    0.0
2014/02/27 13:22:00.000   63.755955548  -68.510486200    94.7478   5   9   2.5264   2.1970   7.6993  -0.9168  -2.0361   2.9801   0.00    0.0
2014/02/27 13:22:30.000   63.755958494  -68.510479632    93.6101   5   9   2.5323   2.2003   7.7172  -0.9255  -2.0534   2.9935   0.00    0.0
2014/02/27 13:23:00.000   63.755957980  -68.510479662    94.4690   5   9   2.5382   2.2036   7.7341  -0.9341  -2.0702   3.0065   0.00    0.0
2014/02/27 13:23:30.000   63.755957871  -68.510481825    93.7174   5   9   2.5442   2.2069   7.7498  -0.9425  -2.0864   3.0192   0.00    0.0
2014/02/27 13:24:00.000   63.755955165  -68.510483475    93.7478   5   9   2.5537   2.2179   7.7769  -0.9635  -2.1212   3.0413   0.00    0.0
2014/02/27 13:24:30.000   63.755956808  -68.510483311    93.2182   5   9   2.5603   2.2225   7.7928  -0.9737  -2.1397   3.0551   0.00    0.0
2014/02/27 13:25:00.000   63.755958432  -68.510488030    93.6003   5   9   2.5670   2.2271   7.8076  -0.9837  -2.1576   3.0687   0.00    0.0
2014/02/27 13:25:30.000   63.755957082  -68.510489726    94.0904   5   9   2.5737   2.2318   7.8214  -0.9936  -2.1751   3.0819   0.00    0.0
2014/02/27 13:26:00.000   63.755962178  -68.510482337    94.0597   5   9   2.5805   2.2364   7.8341  -1.0033  -2.1920   3.0949   0.00    0.0
2014/02/27 13:26:30.000   63.755956423  -68.510486295    93.5187   5   9   2.5873   2.2410   7.8457  -1.0129  -2.2085   3.1076   0.00    0.0
2014/02/27 13:27:00.000   63.755956132  -68.510482080    93.5136   5   9   2.5942   2.2457   7.8563  -1.0224  -2.2244   3.1200   0.00    0.0
2014/02/27 13:27:30.000   63.755960072  -68.510489795    93.8254   5   9   2.6011   2.2503   7.8658  -1.0317  -2.2398   3.1321   0.00    0.0
2014/02/27 13:28:00.000   63.755956248  -68.510485241    92.5297   5   9   2.6080   2.2550   7.8742  -1.0408  -2.2547   3.1439   0.00    0.0
2014/02/27 13:28:30.000   63.755958460  -68.510480665    92.6539   5   9   2.6150   2.2596   7.8815  -1.0498  -2.2691   3.1554   0.00    0.0
2014/02/27 13:29:00.000   63.755961291  -68.510488030    94.1908   5   9   2.6220   2.2643   7.8877  -1.0587  -2.2829   3.1666   0.00    0.0
2014/02/27 13:29:30.000   63.755961185  -68.510488959    93.6984   5   9   2.6290   2.2689   7.8928  -1.0674  -2.2963   3.1775   0.00    0.0
2014/02/27 13:30:00.000   63.755957858  -68.510486430    93.4440   5   9   2.6361   2.2735   7.8969  -1.0759  -2.3091   3.1880   0.00    0.0
2014/02/27 13:30:30.000   63.755959911  -68.510486293    92.5247   5   9   2.6432   2.2781   7.8999  -1.0843  -2.3213   3.1982   0.00    0.0
2014/02/27 13:31:00.000   63.755958478  -68.510490853    93.7701   5   9   2.6504   2.2827   7.9018  -1.0926  -2.3331   3.2081   0.00    0.0
2014/02/27 13:31:30.000   63.755955972  -68.510492597    93.2357   5   9   2.6575   2.2873   7.9027  -1.1007  -2.3443   3.2177   0.00    0.0
2014/02/27 13:32:00.000   63.755957289  -68.510482565    92.8658   5   9   2.6647   2.2919   7.9026  -1.1086  -2.3550   3.2270   0.00    0.0
2014/02/27 13:32:30.000   63.755959913  -68.510479749    92.5123   5   9   2.6719   2.2964   7.9014  -1.1164  -2.3652   3.2360   0.00    0.0
2014/02/27 13:33:00.000   63.755959499  -68.510482353    92.4644   5   9   2.6792   2.3009   7.8993  -1.1240  -2.3749   3.2447   0.00    0.0
2014/02/27 13:33:30.000   63.755957819  -68.510476040    92.6572   5   9   2.6865   2.3054   7.8961  -1.1315  -2.3840   3.2531   0.00    0.0
2014/02/27 13:34:00.000   63.755961059  -68.510482942    92.4333   5   9   2.6938   2.3099   7.8920  -1.1388  -2.3927   3.2611   0.00    0.0
2014/02/27 13:34:30.000   63.755957875  -68.510487640    92.6052   5   9   2.7012   2.3144   7.8869  -1.1460  -2.4008   3.2689   0.00    0.0
2014/02/27 13:35:00.000   63.755958603  -68.510478726    92.0478   5   9   2.7085   2.3188   7.8809  -1.1531  -2.4085   3.2764   0.00    0.0
2014/02/27 13:35:30.000   63.755958456  -68.510483726    92.9527   5   9   2.7159   2.3232   7.8740  -1.1599  -2.4157   3.2836   0.00    0.0
2014/02/27 13:36:00.000   63.755958988  -68.510482120    93.2866   5   9   2.7234   2.3276   7.8662  -1.1667  -2.4224   3.2905   0.00    0.0
2014/02/27 13:36:30.000   63.755962305  -68.510477867    92.5384   5   9   2.7309   2.3319   7.8576  -1.1733  -2.4286   3.2972   0.00    0.0
2014/02/27 13:37:00.000   63.755957002  -68.510482417    92.2225   5   9   2.7384   2.3362   7.8481  -1.1798  -2.4344   3.3036   0.00    0.0
2014/02/27 13:37:30.000   63.755960317  -68.510479941    93.1094   5   9   2.7459   2.3405   7.8378  -1.1862  -2.4397   3.3097   0.00    0.0
2014/02/27 13:38:00.000   63.755958959  -68.510480084    93.2795   5   9   2.7535   2.3448   7.8267  -1.1924  -2.4445   3.3156   0.00    0.0
2014/02/27 13:38:30.000   63.755954505  -68.510486297    93.3955   5  10   2.6730   2.2583   7.0752  -1.3724  -2.8536   2.9555   0.00    0.0
2014/02/27 13:39:00.000   63.755960839  -68.510480319    94.2051   5  10   2.6819   2.2603   7.0807  -1.3789  -2.8572   2.9685   0.00    0.0
2014/02/27 13:39:30.000   63.755959626  -68.510484214    93.3654   5  10   2.6909   2.2621   7.0855  -1.3852  -2.8604   2.9814   0.00    0.0
2014/02/27 13:40:00.000   63.755959098  -68.510477640    93.1707   5  10   2.6999   2.2639   7.0897  -1.3913  -2.8630   2.9940   0.00    0.0
2014/02/27 13:40:30.000   63.755958343  -68.510480496    92.8405   5  10   2.7090   2.2655   7.0931  -1.3974  -2.8653   3.0065   0.00    0.0
2014/02/27 13:41:00.000   63.755960576  -68.510481960    92.9235   5  10   2.7182   2.2671   7.0959  -1.4033  -2.8671   3.0188   0.00    0.0
2014/02/27 13:41:30.000   63.755958926  -68.510475642    92.3162   5  10   2.7274   2.2686   7.0980  -1.4091  -2.8684   3.0308   0.00    0.0
2014/02/27 13:42:00.000   63.755960631  -68.510479041    93.5337   5  10   2.7367   2.2699   7.0994  -1.4147  -2.8694   3.0427   0.00    0.0
2014/02/27 13:42:30.000   63.755956070  -68.510480831    92.4804   5  10   2.7461   2.2712   7.1002  -1.4203  -2.8699   3.0544   0.00    0.0
2014/02/27 13:43:00.000   63.755957448  -68.510481072    92.3960   5  10   2.7555   2.2724   7.1004  -1.4257  -2.8700   3.0659   0.00    0.0
2014/02/27 13:43:30.000   63.755959000  -68.510483259    91.9782   5  10   2.7650   2.2735   7.0999  -1.4310  -2.8697   3.0773   0.00    0.0
2014/02/27 13:44:00.000   63.755958796  -68.510486786    92.2020   5  10   2.7761   2.2772   7.1111  -1.4326  -2.8609   3.0948   0.00    0.0
2014/02/27 13:44:30.000   63.755958968  -68.510486557    92.8829   5  10   2.7859   2.2787   7.1107  -1.4371  -2.8587   3.1064   0.00    0.0
2014/02/27 13:45:00.000   63.755961200  -68.510490972    91.6564   5   9   3.2509   2.3751   7.2688  -1.7838  -2.6740   2.6854   0.00    0.0
2014/02/27 13:45:30.000   63.755959115  -68.510482731    92.8474   5   9   3.2583   2.3777   7.2703  -1.7891  -2.6676   2.6944   0.00    0.0
2014/02/27 13:46:00.000   63.755959244  -68.510488134    92.9230   5   9   3.2658   2.3802   7.2712  -1.7942  -2.6608   2.7031   0.00    0.0
2014/02/27 13:46:30.000   63.755963184  -68.510491646    91.9715   5   9   3.2732   2.3828   7.2716  -1.7993  -2.6535   2.7116   0.00    0.0
2014/02/27 13:47:00.000   63.755961418  -68.510488125    92.9557   5   9   3.2807   2.3853   7.2714  -1.8043  -2.6458   2.7199   0.00    0.0
2014/02/27 13:47:30.000   63.755961557  -68.510487974    92.5454   5   9   3.2883   2.3878   7.2706  -1.8092  -2.6377   2.7281   0.00    0.0
2014/02/27 13:48:00.000   63.755961436  -68.510489782    92.2759   5   9   3.2959   2.3903   7.2693  -1.8141  -2.6293   2.7360   0.00    0.0
2014/02/27 13:48:30.000   63.755960889  -68.510481187    91.7587   5   9   3.3035   2.3927   7.2676  -1.8189  -2.6204   2.7438   0.00    0.0
2014/02/27 13:49:00.000   63.755961617  -68.510480184    92.0272   5   9   3.3112   2.3952   7.2653  -1.8236  -2.6112   2.7515   0.00    0.0
2014/02/27 13:49:30.000   63.755956101  -68.510479870    91.8941   5   9   3.3189   2.3977   7.2626  -1.8282  -2.6016   2.7590   0.00    0.0
2014/02/27 13:50:00.000   63.755960340  -68.510485537    91.4009   5   9   3.3267   2.4002   7.2595  -1.8328  -2.5917   2.7663   0.00    0.0
2014/02/27 13:50:30.000   63.755960197  -68.510486336    92.5091   5   9   3.3345   2.4027   7.2560  -1.8373  -2.5814   2.7735   0.00    0.0
2014/02/27 13:51:00.000   63.755961085  -68.510484451    91.7680   5   9   3.3424   2.4052   7.2520  -1.8418  -2.5709   2.7806   0.00    0.0
2014/02/27 13:51:30.000   63.755959272  -68.510482643    92.2075   5   9   3.3503   2.4078   7.2478  -1.8462  -2.5600   2.7876   0.00    0.0
2014/02/27 13:52:00.000   63.755955860  -68.510483942    93.0377   5   9   3.3582   2.4103   7.2431  -1.8506  -2.5488   2.7944   0.00    0.0
2014/02/27 13:52:30.000   63.755958145  -68.510486246    92.4428   5   9   3.3662   2.4129   7.2382  -1.8549  -2.5373   2.8012   0.00    0.0
2014/02/27 13:53:00.000   63.755957706  -68.510483648    92.1537   5   9   3.3743   2.4155   7.2329  -1.8592  -2.5255   2.8079   0.00    0.0
2014/02/27 13:53:30.000   63.755960393  -68.510483441    93.1602   5   9   3.3824   2.4182   7.2274  -1.8635  -2.5135   2.8146   0.00    0.0
2014/02/27 13:54:00.000   63.755958702  -68.510489813    92.4869   5   9   3.3906   2.4209   7.2217  -1.8677  -2.5012   2.8211   0.00    0.0
2014/02/27 13:54:30.000   63.755959017  -68.510490465    93.7023   5   9   3.3995   2.4237   7.2163  -1.8716  -2.4889   2.8264   0.00    0.0
2014/02/27 13:55:00.000   63.755956717  -68.510486520    93.8448   5   9   3.4086   2.4265   7.2107  -1.8756  -2.4763   2.8317   0.00    0.0
2014/02/27 13:55:30.000   63.755950926  -68.510486636    92.3703   5   9   3.4176   2.4293   7.2049  -1.8795  -2.4634   2.8370   0.00    0.0
2014/02/27 13:56:00.000   63.755954469  -68.510493702    93.4479   5   9   3.4268   2.4322   7.1990  -1.8835  -2.4504   2.8422   0.00    0.0
2014/02/27 13:56:30.000   63.755956176  -68.510488636    92.9845   5   9   3.4360   2.4352   7.1929  -1.8874  -2.4371   2.8474   0.00    0.0
2014/02/27 13:57:00.000   63.755958637  -68.510485633    94.0258   5   9   3.4452   2.4382   7.1867  -1.8913  -2.4236   2.8526   0.00    0.0
2014/02/27 13:57:30.000   63.755954405  -68.510485236    92.7317   5   9   3.4546   2.4412   7.1804  -1.8952  -2.4099   2.8577   0.00    0.0
2014/02/27 13:58:00.000   63.755956997  -68.510484680    92.5692   5   9   3.4640   2.4444   7.1741  -1.8991  -2.3960   2.8629   0.00    0.0
2014/02/27 13:58:30.000   63.755960227  -68.510488169    92.9984   5   9   3.4735   2.4476   7.1676  -1.9030  -2.3819   2.8681   0.00    0.0
2014/02/27 13:59:00.000   63.755956535  -68.510486520    90.8907   5   9   3.4830   2.4508   7.1612  -1.9069  -2.3676   2.8733   0.00    0.0
2014/02/27 13:59:30.000   63.755961248  -68.510488170    92.4089   5   9   3.4927   2.4541   7.1547  -1.9108  -2.3531   2.8785   0.00    0.0
2014/02/27 14:00:00.000   63.755960392  -68.510488901    93.8595   5   9   3.5024   2.4575   7.1482  -1.9147  -2.3385   2.8838   0.00    0.0
2014/02/27 14:00:30.000   63.755957079  -68.510484341    93.4680   5  10   2.9612   2.3567   6.9658  -1.5303  -2.5528   3.3649   0.00    0.0
2014/02/27 14:01:00.000   63.755960758  -68.510494447    92.8897   5  10   2.9656   2.3568   6.9635  -1.5253  -2.5401   3.3667   0.00    0.0
2014/02/27 14:01:30.000   63.755957212  -68.510496444    92.8604   5   9   4.1343   2.3723   9.5441  -1.7567  -2.8542   5.4886   0.00    0.0
2014/02/27 14:02:00.000   63.755951583  -68.510491994    92.4268   5   9   4.1563   2.3725   9.5895  -1.7543  -2.8458   5.5237   0.00    0.0
2014/02/27 14:02:30.000   63.755954870  -68.510494673    92.9623   5   9   4.1782   2.3727   9.6345  -1.7515  -2.8368   5.5586   0.00    0.0
2014/02/27 14:03:00.000   63.755952883  -68.510495415    91.7948   5   9   4.2001   2.3729   9.6792  -1.7483  -2.8274   5.5933   0.00    0.0
2014/02/27 14:03:30.000   63.755953414  -68.510493130    91.9402   5   9   4.2220   2.3731   9.7234  -1.7449  -2.8174   5.6277   0.00    0.0
2014/02/27 14:04:00.000   63.755950981  -68.510491969    92.1290   5   9   4.2439   2.3734   9.7673  -1.7411  -2.8068   5.6620   0.00    0.0
2014/02/27 14:04:30.000   63.755956850  -68.510488600    92.9982   5   9   4.2658   2.3736   9.8107  -1.7370  -2.7958   5.6960   0.00    0.0
2014/02/27 14:05:00.000   63.755955507  -68.510494354    92.1464   5   9   4.2877   2.3738   9.8538  -1.7325  -2.7841   5.7297   0.00    0.0
2014/02/27 14:05:30.000   63.755954834  -68.510493681    91.7078   5   9   4.3095   2.3741   9.8964  -1.7278  -2.7720   5.7633   0.00    0.0
2014/02/27 14:06:00.000   63.755953767  -68.510496600    92.2282   5   9   4.3312   2.3744   9.9386  -1.7226  -2.7593   5.7965   0.00    0.0
2014/02/27 14:06:30.000   63.755951939  -68.510494375    92.4272   5   9   4.3530   2.3747   9.9803  -1.7172  -2.7460   5.8296   0.00    0.0
2014/02/27 14:07:00.000   63.755950360  -68.510493960    93.1459   5   9   4.3746   2.3750  10.0216  -1.7114  -2.7322   5.8623   0.00    0.0
2014/02/27 14:07:30.000   63.755946555  -68.510489659    91.3266   5   9   4.3963   2.3754  10.0625  -1.7053  -2.7179   5.8948   0.00    0.0
2014/02/27 14:08:00.000   63.755949395  -68.510488210    91.9466   5   9   4.4179   2.3758  10.1028  -1.6988  -2.7030   5.9271   0.00    0.0
2014/02/27 14:08:30.000   63.755949137  -68.510488053    90.5425   5   9   4.4394   2.3762  10.1428  -1.6919  -2.6875   5.9590   0.00    0.0
2014/02/27 14:09:00.000   63.755948750  -68.510493330    91.2188   5   9   4.4608   2.3767  10.1822  -1.6848  -2.6715   5.9907   0.00    0.0
2014/02/27 14:09:30.000   63.755950418  -68.510495181    91.3683   5   9   4.4822   2.3773  10.2212  -1.6773  -2.6550   6.0221   0.00    0.0
2014/02/27 14:10:00.000   63.755950624  -68.510490142    91.2625   5   9   4.5035   2.3778  10.2597  -1.6694  -2.6379   6.0533   0.00    0.0
2014/02/27 14:10:30.000   63.755951488  -68.510490242    92.1819   5   9   4.5247   2.3785  10.2978  -1.6612  -2.6202   6.0841   0.00    0.0
2014/02/27 14:11:00.000   63.755949536  -68.510488938    91.3761   5   9   4.5459   2.3791  10.3353  -1.6526  -2.6020   6.1147   0.00    0.0
2014/02/27 14:11:30.000   63.755951906  -68.510491178    92.7729   5   9   4.5670   2.3799  10.3724  -1.6437  -2.5832   6.1449   0.00    0.0
2014/02/27 14:12:00.000   63.755952921  -68.510493914    92.7389   5   9   4.5879   2.3807  10.4090  -1.6345  -2.5638   6.1749   0.00    0.0
2014/02/27 14:12:30.000   63.755953557  -68.510498023    91.5684   5   9   4.6088   2.3815  10.4451  -1.6249  -2.5439   6.2046   0.00    0.0
2014/02/27 14:13:00.000   63.755949232  -68.510493525    90.8858   5   9   4.6296   2.3824  10.4807  -1.6149  -2.5235   6.2340   0.00    0.0
2014/02/27 14:13:30.000   63.755951060  -68.510490362    91.4816   5   9   4.6504   2.3834  10.5158  -1.6046  -2.5024   6.2631   0.00    0.0
2014/02/27 14:14:00.000   63.755953072  -68.510494527    91.6999   5   9   4.6710   2.3845  10.5504  -1.5939  -2.4808   6.2918   0.00    0.0
2014/02/27 14:14:30.000   63.755952992  -68.510491356    91.1128   5   9   4.6915   2.3856  10.5845  -1.5829  -2.4587   6.3203   0.00    0.0
2014/02/27 14:15:00.000   63.755950992  -68.510496397    91.5228   5   9   4.7201   2.3901  10.6186  -1.5826  -2.4335   6.3464   0.00    0.0
2014/02/27 14:15:30.000   63.755947686  -68.510499868    91.3068   5   9   4.7414   2.3918  10.6517  -1.5724  -2.4099   6.3741   0.00    0.0
2014/02/27 14:16:00.000   63.755953114  -68.510499931    92.2926   5   9   4.7626   2.3936  10.6844  -1.5619  -2.3858   6.4015   0.00    0.0
2014/02/27 14:16:30.000   63.755952760  -68.510506785    92.1271   5   9   4.7836   2.3955  10.7165  -1.5511  -2.3611   6.4287   0.00    0.0
2014/02/27 14:17:00.000   63.755952262  -68.510503416    92.8532   5   9   4.8046   2.3975  10.7482  -1.5401  -2.3359   6.4555   0.00    0.0
2014/02/27 14:17:30.000   63.755953004  -68.510503249    92.4087   5   9   4.8255   2.3995  10.7793  -1.5287  -2.3101   6.4820   0.00    0.0
2014/02/27 14:18:00.000   63.755959300  -68.510500280    92.0439   5   8   4.8639   2.4542  11.1360  -1.4465  -2.5625   6.4226   0.00    0.0
2014/02/27 14:18:30.000   63.755956625  -68.510495373    92.3615   5   8   4.8831   2.4556  11.1753  -1.4373  -2.5403   6.4509   0.00    0.0
2014/02/27 14:19:00.000   63.755954241  -68.510492606    91.5955   5   8   4.9023   2.4570  11.2142  -1.4279  -2.5176   6.4790   0.00    0.0
2014/02/27 14:19:30.000   63.755952621  -68.510496148    91.9837   5   8   4.9214   2.4585  11.2527  -1.4181  -2.4943   6.5069   0.00    0.0
2014/02/27 14:20:00.000   63.755952741  -68.510496526    91.5407   5   8   4.9405   2.4601  11.2908  -1.4081  -2.4705   6.5346   0.00    0.0
2014/02/27 14:20:30.000   63.755955028  -68.510492480    91.7014   5   8   4.9594   2.4618  11.3286  -1.3979  -2.4462   6.5621   0.00    0.0
2014/02/27 14:21:00.000   63.755955356  -68.510498141    92.6960   5   8   4.9783   2.4636  11.3659  -1.3873  -2.4212   6.5894   0.00    0.0
2014/02/27 14:21:30.000   63.755951340  -68.510499376    90.9211   5   8   4.9971   2.4655  11.4029  -1.3765  -2.3957   6.6165   0.00    0.0
2014/02/27 14:22:00.000   63.755957752  -68.510495006    92.3923   5   8   5.0159   2.4674  11.4394  -1.3654  -2.3697   6.6433   0.00    0.0
2014/02/27 14:22:30.000   63.755957951  -68.510498070    91.7800   5   8   5.0346   2.4695  11.4755  -1.3540  -2.3430   6.6700   0.00    0.0
2014/02/27 14:23:00.000   63.755954990  -68.510490596    91.2087   5   8   5.0531   2.4716  11.5112  -1.3423  -2.3158   6.6964   0.00    0.0
2014/02/27 14:23:30.000   63.755957631  -68.510494754    92.0486   5   8   5.0716   2.4739  11.5465  -1.3304  -2.2879   6.7226   0.00    0.0
2014/02/27 14:24:00.000   63.755956104  -68.510498364    91.5631   5   8   5.0900   2.4762  11.5814  -1.3181  -2.2595   6.7485   0.00    0.0
2014/02/27 14:24:30.000   63.755953755  -68.510500035    91.1052   5   8   5.1083   2.4787  11.6158  -1.3056  -2.2304   6.7743   0.00    0.0
2014/02/27 14:25:00.000   63.755954621  -68.510498504    91.0407   5   8   5.1266   2.4812  11.6498  -1.2929  -2.2007   6.7998   0.00    0.0
2014/02/27 14:25:30.000   63.755958836  -68.510497406    92.9140   5   8   5.1447   2.4839  11.6833  -1.2798  -2.1703   6.8250   0.00    0.0
2014/02/27 14:26:00.000   63.755953388  -68.510498319    90.5680   5   8   5.1627   2.4866  11.7164  -1.2664  -2.1393   6.8500   0.00    0.0
2014/02/27 14:26:30.000   63.755956055  -68.510497286    91.3014   5   8   5.1808   2.4895  11.7491  -1.2532  -2.1075   6.8746   0.00    0.0
2014/02/27 14:27:00.000   63.755949212  -68.510494849    90.7776   5   8   5.1992   2.4927  11.7814  -1.2403  -2.0746   6.8987   0.00    0.0
2014/02/27 14:27:30.000   63.755959364  -68.510500795    92.2881   5   8   5.2175   2.4959  11.8132  -1.2271  -2.0410   6.9225   0.00    0.0
2014/02/27 14:28:00.000   63.755953233  -68.510495496    90.9824   5   8   5.2356   2.4993  11.8444  -1.2138  -2.0067   6.9461   0.00    0.0
2014/02/27 14:28:30.000   63.755953613  -68.510500948    90.9252   5   8   5.2536   2.5027  11.8752  -1.2001  -1.9716   6.9694   0.00    0.0
2014/02/27 14:29:00.000   63.755953020  -68.510498477    91.2953   5   8   5.2714   2.5063  11.9055  -1.1862  -1.9357   6.9924   0.00    0.0
2014/02/27 14:29:30.000   63.755951768  -68.510498551    90.5566   5   8   5.2891   2.5099  11.9352  -1.1721  -1.8990   7.0151   0.00    0.0
2014/02/27 14:30:00.000   63.755955442  -68.510494952    92.1405   5   8   5.3066   2.5137  11.9644  -1.1577  -1.8614   7.0375   0.00    0.0
2014/02/27 14:30:30.000   63.755954673  -68.510502173    91.8291   5   8   5.3240   2.5176  11.9930  -1.1430  -1.8229   7.0596   0.00    0.0
2014/02/27 14:31:00.000   63.755955757  -68.510501065    91.9316   5   8   5.3412   2.5216  12.0210  -1.1281  -1.7834   7.0813   0.00    0.0
2014/02/27 14:31:30.000   63.755953926  -68.510506953    92.3919   5   8   5.3583   2.5256  12.0485  -1.1129  -1.7430   7.1027   0.00    0.0
2014/02/27 14:32:00.000   63.755951393  -68.510502530    90.1654   5   8   5.3752   2.5298  12.0753  -1.0975  -1.7016   7.1238   0.00    0.0
2014/02/27 14:32:30.000   63.755951064  -68.510496727    90.8401   5   9   5.3446   2.5155  11.7080  -0.9758  -1.9211   7.2954   0.00    0.0
2014/02/27 14:33:00.000   63.755952907  -68.510498823    91.5245   5   9   5.3605   2.5187  11.7367  -0.9534  -1.8909   7.3162   0.00    0.0
2014/02/27 14:33:30.000   63.755955495  -68.510494961    92.3719   5   9   5.3761   2.5219  11.7648  -0.9303  -1.8601   7.3366   0.00    0.0
2014/02/27 14:34:00.000   63.755948578  -68.510499193    90.5069   5   9   5.3915   2.5252  11.7922  -0.9066  -1.8287   7.3566   0.00    0.0
2014/02/27 14:34:30.000   63.755950303  -68.510498071    90.9546   5   9   5.4067   2.5286  11.8190  -0.8822  -1.7967   7.3762   0.00    0.0
2014/02/27 14:35:00.000   63.755951051  -68.510504967    91.2271   5   9   5.4216   2.5320  11.8450  -0.8570  -1.7642   7.3953   0.00    0.0
2014/02/27 14:35:30.000   63.755955119  -68.510503556    92.9838   5   9   5.4364   2.5355  11.8703  -0.8311  -1.7310   7.4140   0.00    0.0
2014/02/27 14:36:00.000   63.755948292  -68.510503242    92.1064   5   9   5.4509   2.5390  11.8948  -0.8043  -1.6972   7.4323   0.00    0.0
2014/02/27 14:36:30.000   63.755950278  -68.510499896    92.6096   5   9   5.4652   2.5426  11.9186  -0.7766  -1.6628   7.4501   0.00    0.0
2014/02/27 14:37:00.000   63.755948364  -68.510505164    91.8897   5   9   5.4792   2.5463  11.9416  -0.7479  -1.6277   7.4674   0.00    0.0
2014/02/27 14:37:30.000   63.755948329  -68.510502252    91.8473   5   9   5.4929   2.5500  11.9638  -0.7180  -1.5919   7.4842   0.00    0.0
2014/02/27 14:38:00.000   63.755948807  -68.510498882    92.6711   5   9   5.5064   2.5538  11.9852  -0.6870  -1.5554   7.5005   0.00    0.0
2014/02/27 14:38:30.000   63.755950082  -68.510501893    92.3350   5   9   5.5196   2.5576  12.0057  -0.6546  -1.5181   7.5163   0.00    0.0
2014/02/27 14:39:00.000   63.755953325  -68.510499446    93.3583   5   9   5.5326   2.5615  12.0254  -0.6206  -1.4802   7.5315   0.00    0.0
2014/02/27 14:39:30.000   63.755948435  -68.510500564    93.2142   5   9   5.5452   2.5654  12.0442  -0.5848  -1.4414   7.5462   0.00    0.0
2014/02/27 14:40:00.000   63.755946508  -68.510497396    92.3431   5   9   5.5575   2.5694  12.0621  -0.5468  -1.4017   7.5604   0.00    0.0
2014/02/27 14:40:30.000   63.755944560  -68.510498278    92.5685   5   9   5.5696   2.5734  12.0790  -0.5063  -1.3612   7.5739   0.00    0.0
2014/02/27 14:41:00.000   63.755940508  -68.510495327    91.9117   5   9   5.5813   2.5774  12.0950  -0.4625  -1.3198   7.5869   0.00    0.0
2014/02/27 14:41:30.000   63.755945536  -68.510498549    92.4748   5   9   5.5927   2.5816  12.1101  -0.4144  -1.2773   7.5993   0.00    0.0
2014/02/27 14:42:00.000   63.755952682  -68.510504334    94.6684   5   9   5.6038   2.5857  12.1241  -0.3605  -1.2338   7.6111   0.00    0.0
2014/02/27 14:42:30.000   63.755949487  -68.510501640    94.1932   5   9   5.6145   2.5899  12.1372  -0.2975  -1.1892   7.6222   0.00    0.0
2014/02/27 14:43:00.000   63.755952540  -68.510501764    93.5585   5   9   5.6249   2.5941  12.1493  -0.2179  -1.1433   7.6327   0.00    0.0
2014/02/27 14:43:30.000   63.755949654  -68.510496190    93.4799   5   9   5.6349   2.5984  12.1603  -0.0830  -1.0960   7.6425   0.00    0.0
2014/02/27 14:44:00.000   63.755951221  -68.510504345    93.8872   5   9   5.6446   2.6027  12.1702   0.1824  -1.0472   7.6517   0.00    0.0
2014/02/27 14:44:30.000   63.755947119  -68.510504519    92.3236   5   9   5.6539   2.6070  12.1791   0.2700  -0.9968   7.6602   0.00    0.0
2014/02/27 14:45:00.000   63.755948474  -68.510504697    93.5691   5   9   5.6628   2.6114  12.1869   0.3347  -0.9443   7.6680   0.00    0.0
2014/02/27 14:45:30.000   63.755950133  -68.510500330    94.9009   5   9   5.6714   2.6158  12.1936   0.3880  -0.8897   7.6751   0.00    0.0
2014/02/27 14:46:00.000   63.755946407  -68.510501645    93.2670   5   9   5.6795   2.6202  12.1992   0.4342  -0.8324   7.6815   0.00    0.0
2014/02/27 14:46:30.000   63.755943347  -68.510501462    93.3399   5   9   5.6873   2.6247  12.2036   0.4753  -0.7720   7.6872   0.00    0.0
2014/02/27 14:47:00.000   63.755939212  -68.510499181    92.4661   5   9   5.6947   2.6292  12.2069   0.5124  -0.7077   7.6921   0.00    0.0
2014/02/27 14:47:30.000   63.755942895  -68.510497490    93.2286   5   9   5.7016   2.6337  12.2091   0.5464  -0.6383   7.6963   0.00    0.0
2014/02/27 14:48:00.000   63.755947516  -68.510502940    93.5655   5   9   5.7082   2.6382  12.2101   0.5778  -0.5621   7.6997   0.00    0.0
2014/02/27 14:48:30.000   63.755958952  -68.510505262    97.3118   5   9   5.7144   2.6428  12.2099   0.6070  -0.4759   7.7024   0.00    0.0
2014/02/27 14:49:00.000   63.755944060  -68.510506788    94.9081   5   9   5.7201   2.6474  12.2085   0.6342  -0.3729   7.7044   0.00    0.0
2014/02/27 14:49:30.000   63.755944433  -68.510500464    93.4368   5   9   5.7254   2.6520  12.2059   0.6597  -0.2317   7.7055   0.00    0.0
2014/02/27 14:50:00.000   63.755944370  -68.510493759    93.6198   5   9   5.7303   2.6566  12.2021   0.6836   0.1718   7.7059   0.00    0.0
2014/02/27 14:50:30.000   63.755946715  -68.510508069    94.4709   5   9   5.7347   2.6612  12.1971   0.7062   0.3324   7.7055   0.00    0.0
2014/02/27 14:51:00.000   63.755951933  -68.510505288    96.3983   5   9   5.7388   2.6658  12.1909   0.7274   0.4349   7.7043   0.00    0.0
2014/02/27 14:51:30.000   63.755934872  -68.510497784    91.5522   5   9   5.7424   2.6705  12.1835   0.7474   0.5152   7.7023   0.00    0.0
2014/02/27 14:52:00.000   63.755945033  -68.510507057    93.8659   5   9   5.7455   2.6751  12.1749   0.7663   0.5825   7.6996   0.00    0.0
2014/02/27 14:52:30.000   63.755951579  -68.510509214    95.7921   5   9   5.7482   2.6798  12.1651   0.7841   0.6409   7.6960   0.00    0.0
2014/02/27 14:53:00.000   63.755944571  -68.510503655    94.2393   5   9   5.7505   2.6844  12.1540   0.8010   0.6926   7.6917   0.00    0.0
2014/02/27 14:53:30.000   63.755941164  -68.510505438    93.4160   5   9   5.7524   2.6891  12.1418   0.8168   0.7390   7.6865   0.00    0.0
2014/02/27 14:54:00.000   63.755948069  -68.510502316    94.4446   5   9   5.7538   2.6938  12.1283   0.8318   0.7810   7.6806   0.00    0.0
2014/02/27 14:54:30.000   63.755939054  -68.510506074    93.7350   5   9   5.7549   2.6984  12.1136   0.8459   0.8192   7.6739   0.00    0.0
2014/02/27 14:55:00.000   63.755949716  -68.510500000    94.3497   5   9   5.7554   2.7031  12.0978   0.8592   0.8542   7.6664   0.00    0.0
2014/02/27 14:55:30.000   63.755946583  -68.510504510    94.3080   5   9   5.7556   2.7078  12.0808   0.8716   0.8862   7.6581   0.00    0.0
2014/02/27 14:56:00.000   63.755948736  -68.510507526    94.2654   5   9   5.7553   2.7124  12.0626   0.8833   0.9157   7.6490   0.00    0.0
2014/02/27 14:56:30.000   63.755946143  -68.510504193    93.4702   5   9   5.7546   2.7171  12.0432   0.8942   0.9427   7.6392   0.00    0.0
2014/02/27 14:57:00.000   63.755953646  -68.510507629    94.8230   5   9   5.7535   2.7218  12.0227   0.9043   0.9676   7.6286   0.00    0.0
2014/02/27 14:57:30.000   63.755950031  -68.510505581    94.4046   5   9   5.7520   2.7264  12.0010   0.9138   0.9905   7.6172   0.00    0.0
2014/02/27 14:58:00.000   63.755957670  -68.510507649    94.8283   5   9   5.7501   2.7311  11.9783   0.9225   1.0114   7.6051   0.00    0.0
2014/02/27 14:58:30.000   63.755947303  -68.510515273    93.1358   5   9   5.7478   2.7357  11.9544   0.9306   1.0305   7.5923   0.00    0.0
2014/02/27 14:59:00.000   63.755949623  -68.510505573    93.0586   5   9   5.7451   2.7403  11.9295   0.9380   1.0480   7.5787   0.00    0.0
2014/02/27 14:59:30.000   63.755954191  -68.510511580    94.4926   5   9   5.7420   2.7449  11.9035   0.9448   1.0638   7.5645   0.00    0.0
2014/02/27 15:00:00.000   63.755949279  -68.510495304    92.3117   5   9   5.7601   2.7795  11.8772   1.0520   1.1028   7.5539   0.00    0.0
2014/02/27 15:00:30.000   63.755952117  -68.510507553    94.4164   5   9   5.7559   2.7838  11.8490   1.0557   1.1131   7.5378   0.00    0.0
2014/02/27 15:01:00.000   63.755956539  -68.510500971    94.3278   5   9   5.7514   2.7880  11.8198   1.0589   1.1221   7.5211   0.00    0.0
2014/02/27 15:01:30.000   63.755948981  -68.510500091    92.3607   5  10   4.7011   2.6090   8.7928  -1.4701  -2.5567   5.5089   0.00    0.0
2014/02/27 15:02:00.000   63.755957711  -68.510509312    94.0976   5  10   4.7158   2.6112   8.8186  -1.4651  -2.5482   5.5284   0.00    0.0
2014/02/27 15:02:30.000   63.755957928  -68.510507435    93.2286   5  10   4.7304   2.6134   8.8438  -1.4599  -2.5395   5.5475   0.00    0.0
2014/02/27 15:03:00.000   63.755953350  -68.510503524    92.5035   5  10   4.7447   2.6157   8.8685  -1.4545  -2.5307   5.5662   0.00    0.0
2014/02/27 15:03:30.000   63.755960873  -68.510503656    93.9537   5  10   4.7590   2.6180   8.8927  -1.4491  -2.5217   5.5846   0.00    0.0
2014/02/27 15:04:00.000   63.755953506  -68.510506838    93.0919   5  10   4.7730   2.6203   8.9162  -1.4435  -2.5125   5.6025   0.00    0.0
2014/02/27 15:04:30.000   63.755958311  -68.510503828    94.0596   5  10   4.7868   2.6227   8.9392  -1.4377  -2.5032   5.6201   0.00    0.0
2014/02/27 15:05:00.000   63.755948962  -68.510505827    91.4943   5  11   3.4945   2.5333   6.8015   0.4623  -1.4851   3.5459   0.00    0.0
2014/02/27 15:05:30.000   63.755948258  -68.510501145    91.0573   5  11   3.4995   2.5364   6.8160   0.4831  -1.4695   3.5531   0.00    0.0
2014/02/27 15:06:00.000   63.755947706  -68.510507829    91.5834   5  11   3.5045   2.5395   6.8305   0.5030  -1.4539   3.5603   0.00    0.0
2014/02/27 15:06:30.000   63.755952097  -68.510506493    91.1316   5  11   3.5096   2.5427   6.8449   0.5222  -1.4381   3.5676   0.00    0.0
2014/02/27 15:07:00.000   63.755953025  -68.510505098    92.0590   5  11   3.5146   2.5458   6.8593   0.5407  -1.4223   3.5748   0.00    0.0
2014/02/27 15:07:30.000   63.755953409  -68.510492859    91.6104   5  10   3.8189   2.8182   7.8360  -1.2120  -2.5495   4.2902   0.00    0.0
2014/02/27 15:08:00.000   63.755953564  -68.510493185    91.1898   5  10   3.8234   2.8177   7.8517  -1.1987  -2.5365   4.2972   0.00    0.0
2014/02/27 15:08:30.000   63.755955752  -68.510492130    91.7888   5  10   3.8280   2.8173   7.8672  -1.1853  -2.5234   4.3042   0.00    0.0
2014/02/27 15:09:00.000   63.755955387  -68.510486977    90.4068   5  10   3.8326   2.8169   7.8826  -1.1717  -2.5102   4.3112   0.00    0.0
2014/02/27 15:09:30.000   63.755952677  -68.510482401    90.3520   5  10   3.8372   2.8166   7.8978  -1.1581  -2.4970   4.3181   0.00    0.0
2014/02/27 15:10:00.000   63.755949311  -68.510480655    89.4188   5  10   3.8418   2.8163   7.9128  -1.1442  -2.4837   4.3250   0.00    0.0
2014/02/27 15:10:30.000   63.755949591  -68.510480659    89.6764   5  10   3.8465   2.8161   7.9277  -1.1302  -2.4704   4.3318   0.00    0.0
2014/02/27 15:11:00.000   63.755949942  -68.510482250    89.2278   5  10   3.8512   2.8160   7.9423  -1.1161  -2.4571   4.3385   0.00    0.0
2014/02/27 15:11:30.000   63.755950252  -68.510483608    89.7864   5  10   3.8559   2.8159   7.9568  -1.1018  -2.4438   4.3452   0.00    0.0
2014/02/27 15:12:00.000   63.755951069  -68.510476557    89.3746   5  10   3.8609   2.8160   7.9711  -1.0875  -2.4305   4.3517   0.00    0.0
2014/02/27 15:12:30.000   63.755948699  -68.510471298    89.1699   5  10   3.8659   2.8161   7.9852  -1.0730  -2.4171   4.3582   0.00    0.0
2014/02/27 15:13:00.000   63.755950456  -68.510476380    88.8668   5  10   3.8710   2.8163   7.9991  -1.0583  -2.4038   4.3646   0.00    0.0
2014/02/27 15:13:30.000   63.755948113  -68.510476921    89.4311   5  10   3.8761   2.8166   8.0128  -1.0435  -2.3905   4.3709   0.00    0.0
2014/02/27 15:14:00.000   63.755945036  -68.510472954    90.3660   5  11   3.7537   2.8151   7.9511  -1.0750  -2.3542   4.4989   0.00    0.0
2014/02/27 15:14:30.000   63.755943680  -68.510473747    91.0094   5  11   3.7567   2.8157   7.9670  -1.0585  -2.3423   4.5041   0.00    0.0
2014/02/27 15:15:00.000   63.755944676  -68.510482134    91.1598   5  11   3.7597   2.8162   7.9825  -1.0418  -2.3304   4.5091   0.00    0.0
2014/02/27 15:15:30.000   63.755948214  -68.510478363    91.0609   5  11   3.7627   2.8168   7.9979  -1.0249  -2.3185   4.5140   0.00    0.0
2014/02/27 15:16:00.000   63.755947614  -68.510484044    91.1476   5  12   3.7579   2.5965   7.7248  -0.8654  -1.7294   4.4609   0.00    0.0
2014/02/27 15:16:30.000   63.755940665  -68.510479913    90.8646   5  12   3.7617   2.5975   7.7447  -0.8532  -1.7193   4.4692   0.00    0.0
2014/02/27 15:17:00.000   63.755940869  -68.510479211    90.4114   5  12   3.7656   2.5987   7.7644  -0.8410  -1.7093   4.4772   0.00    0.0
2014/02/27 15:17:30.000   63.755940591  -68.510480709    90.7763   5  12   3.7694   2.5999   7.7838  -0.8286  -1.6995   4.4851   0.00    0.0
2014/02/27 15:18:00.000   63.755948357  -68.510485427    91.8411   5  12   3.7732   2.6011   7.8030  -0.8163  -1.6899   4.4929   0.00    0.0
2014/02/27 15:18:30.000   63.755948422  -68.510483414    91.8383   5  12   3.7770   2.6023   7.8218  -0.8038  -1.6803   4.5006   0.00    0.0
2014/02/27 15:19:00.000   63.755944432  -68.510485303    91.7559   5  12   3.7807   2.6036   7.8403  -0.7914  -1.6710   4.5080   0.00    0.0
2014/02/27 15:19:30.000   63.755939730  -68.510481468    90.5871   5  12   3.7844   2.6049   7.8586  -0.7789  -1.6618   4.5154   0.00    0.0
2014/02/27 15:20:00.000   63.755939187  -68.510475007    89.2403   5  12   3.7881   2.6062   7.8765  -0.7663  -1.6528   4.5226   0.00    0.0
2014/02/27 15:20:30.000   63.755947146  -68.510481357    91.2397   5  12   3.7918   2.6075   7.8941  -0.7537  -1.6440   4.5296   0.00    0.0
2014/02/27 15:21:00.000   63.755952460  -68.510481978    91.2309   5  12   3.7954   2.6089   7.9114  -0.7411  -1.6354   4.5364   0.00    0.0
2014/02/27 15:21:30.000   63.755950178  -68.510477477    89.1908   5  12   3.7990   2.6104   7.9284  -0.7284  -1.6270   4.5431   0.00    0.0
2014/02/27 15:22:00.000   63.755950658  -68.510487236    90.2159   5  12   3.8026   2.6118   7.9450  -0.7157  -1.6188   4.5497   0.00    0.0
2014/02/27 15:22:30.000   63.755955708  -68.510494333    90.8296   5  12   3.8061   2.6133   7.9613  -0.7030  -1.6108   4.5560   0.00    0.0
2014/02/27 15:23:00.000   63.755954544  -68.510488180    89.1299   5  12   3.8096   2.6148   7.9772  -0.6902  -1.6030   4.5622   0.00    0.0
2014/02/27 15:23:30.000   63.755962104  -68.510489697    90.6621   5  12   3.8131   2.6163   7.9927  -0.6774  -1.5955   4.5682   0.00    0.0
2014/02/27 15:24:00.000   63.755954882  -68.510484723    89.6498   5  12   3.8165   2.6178   8.0079  -0.6646  -1.5882   4.5741   0.00    0.0
2014/02/27 15:24:30.000   63.755953174  -68.510484904    88.6956   5  12   3.8200   2.6194   8.0228  -0.6517  -1.5812   4.5797   0.00    0.0
2014/02/27 15:25:00.000   63.755959597  -68.510492665    89.3260   5  12   3.8233   2.6210   8.0372  -0.6388  -1.5745   4.5852   0.00    0.0
2014/02/27 15:25:30.000   63.755951810  -68.510485338    88.3225   5  12   3.8267   2.6227   8.0513  -0.6258  -1.5680   4.5905   0.00    0.0
2014/02/27 15:26:00.000   63.755959714  -68.510493209    89.2796   5  12   3.8301   2.6243   8.0649  -0.6128  -1.5618   4.5956   0.00    0.0
2014/02/27 15:26:30.000   63.755958098  -68.510483100    88.2283   5  12   3.8334   2.6260   8.0782  -0.5998  -1.5559   4.6006   0.00    0.0
2014/02/27 15:27:00.000   63.755959919  -68.510494198    89.4496   5  12   3.8367   2.6277   8.0911  -0.5868  -1.5503   4.6053   0.00    0.0
2014/02/27 15:27:30.000   63.755956930  -68.510488140    88.6863   5  12   3.8400   2.6294   8.1036  -0.5737  -1.5449   4.6099   0.00    0.0
2014/02/27 15:28:00.000   63.755953191  -68.510490491    88.7911   5  12   3.8432   2.6312   8.1156  -0.5606  -1.5399   4.6142   0.00    0.0
2014/02/27 15:28:30.000   63.755956872  -68.510489121    89.7816   5  12   3.8464   2.6330   8.1273  -0.5474  -1.5352   4.6184   0.00    0.0
2014/02/27 15:29:00.000   63.755954837  -68.510488704    88.7133   5  12   3.8497   2.6348   8.1386  -0.5342  -1.5308   4.6224   0.00    0.0
2014/02/27 15:29:30.000   63.755953831  -68.510484177    88.9866   5  12   3.8528   2.6366   8.1494  -0.5210  -1.5267   4.6262   0.00    0.0
2014/02/27 15:30:00.000   63.755955498  -68.510508830    91.6877   5  10   3.9291   2.8569   8.3238   0.7510  -2.0299   4.4949   0.00    0.0
2014/02/27 15:30:30.000   63.755946327  -68.510511363    91.0691   5  10   3.9310   2.8575   8.3393   0.7539  -2.0339   4.4972   0.00    0.0
2014/02/27 15:31:00.000   63.755947923  -68.510506879    91.0995   5  10   3.9329   2.8581   8.3545   0.7565  -2.0380   4.4993   0.00    0.0
2014/02/27 15:31:30.000   63.755946748  -68.510507105    91.0795   5  10   3.9349   2.8587   8.3694   0.7590  -2.0423   4.5013   0.00    0.0
2014/02/27 15:32:00.000   63.755949961  -68.510512679    91.5374   5  10   3.9368   2.8594   8.3838   0.7614  -2.0468   4.5032   0.00    0.0
2014/02/27 15:32:30.000   63.755949284  -68.510507594    91.0401   5  10   3.9387   2.8601   8.3980   0.7636  -2.0515   4.5049   0.00    0.0
2014/02/27 15:33:00.000   63.755945983  -68.510506170    91.2005   5  10   3.9406   2.8609   8.4117   0.7656  -2.0564   4.5064   0.00    0.0
2014/02/27 15:33:30.000   63.755948118  -68.510511537    91.0566   5  10   3.9425   2.8617   8.4251   0.7675  -2.0614   4.5078   0.00    0.0
2014/02/27 15:34:00.000   63.755947283  -68.510507825    91.4660   5  10   3.9444   2.8625   8.4382   0.7692  -2.0666   4.5091   0.00    0.0
2014/02/27 15:34:30.000   63.755949732  -68.510510624    91.4437   5  10   3.9464   2.8634   8.4508   0.7709  -2.0720   4.5103   0.00    0.0
2014/02/27 15:35:00.000   63.755946489  -68.510499189    90.9310   5  10   3.9483   2.8643   8.4631   0.7723  -2.0775   4.5112   0.00    0.0
2014/02/27 15:35:30.000   63.755949698  -68.510509091    92.0019   5  10   3.9503   2.8652   8.4750   0.7737  -2.0832   4.5121   0.00    0.0
2014/02/27 15:36:00.000   63.755945476  -68.510502921    90.7065   5  10   3.9523   2.8662   8.4864   0.7749  -2.0891   4.5128   0.00    0.0
2014/02/27 15:36:30.000   63.755946135  -68.510512379    91.7195   5  10   3.9543   2.8672   8.4975   0.7760  -2.0951   4.5134   0.00    0.0
2014/02/27 15:37:00.000   63.755945595  -68.510501808    90.6840   5  10   3.9564   2.8683   8.5082   0.7770  -2.1012   4.5139   0.00    0.0
2014/02/27 15:37:30.000   63.755947506  -68.510508393    91.2376   5  10   3.9584   2.8694   8.5185   0.7779  -2.1074   4.5142   0.00    0.0
2014/02/27 15:38:00.000   63.755943857  -68.510502562    89.7114   5  10   3.9605   2.8705   8.5284   0.7786  -2.1138   4.5144   0.00    0.0
2014/02/27 15:38:30.000   63.755947469  -68.510500001    90.5948   5  10   3.9626   2.8717   8.5379   0.7793  -2.1203   4.5145   0.00    0.0
2014/02/27 15:39:00.000   63.755944386  -68.510505707    90.3626   5  10   3.9648   2.8729   8.5470   0.7798  -2.1269   4.5144   0.00    0.0
2014/02/27 15:39:30.000   63.755951912  -68.510503092    91.3053   5  10   3.9670   2.8742   8.5557   0.7803  -2.1337   4.5142   0.00    0.0
2014/02/27 15:40:00.000   63.755949063  -68.510512950    90.8477   5  10   3.9692   2.8755   8.5639   0.7807  -2.1405   4.5140   0.00    0.0
2014/02/27 15:40:30.000   63.755951051  -68.510501698    90.5079   5  10   3.9714   2.8768   8.5718   0.7810  -2.1474   4.5135   0.00    0.0
2014/02/27 15:41:00.000   63.755947664  -68.510508080    90.5012   5  10   3.9737   2.8782   8.5792   0.7812  -2.1544   4.5130   0.00    0.0
2014/02/27 15:41:30.000   63.755952468  -68.510506971    90.9029   5  10   3.9761   2.8796   8.5862   0.7813  -2.1615   4.5124   0.00    0.0
2014/02/27 15:42:00.000   63.755949247  -68.510503747    90.5713   5  10   3.9785   2.8810   8.5928   0.7813  -2.1687   4.5116   0.00    0.0
2014/02/27 15:42:30.000   63.755949190  -68.510509958    90.6863   5  10   3.9809   2.8825   8.5990   0.7813  -2.1759   4.5107   0.00    0.0
2014/02/27 15:43:00.000   63.755950901  -68.510505689    90.9815   5  10   3.9834   2.8840   8.6047   0.7812  -2.1832   4.5098   0.00    0.0
2014/02/27 15:43:30.000   63.755949209  -68.510502029    90.6807   5  10   3.9860   2.8856   8.6100   0.7810  -2.1906   4.5087   0.00    0.0
2014/02/27 15:44:00.000   63.755948478  -68.510511370    91.0942   5  10   3.9886   2.8871   8.6149   0.7808  -2.1980   4.5075   0.00    0.0
2014/02/27 15:44:30.000   63.755952107  -68.510499810    91.2540   5  10   3.9912   2.8888   8.6194   0.7805  -2.2054   4.5062   0.00    0.0
2014/02/27 15:45:00.000   63.755953643  -68.510501267    90.8263   5  10   3.9940   2.8904   8.6234   0.7802  -2.2129   4.5049   0.00    0.0
2014/02/27 15:45:30.000   63.755949187  -68.510508588    90.6978   5  10   3.9967   2.8921   8.6271   0.7798  -2.2205   4.5034   0.00    0.0
2014/02/27 15:46:00.000   63.755954683  -68.510502051    90.3014   5  10   3.9996   2.8938   8.6303   0.7794  -2.2280   4.5019   0.00    0.0
2014/02/27 15:46:30.000   63.755952854  -68.510494354    90.1984   5  10   4.0025   2.8956   8.6330   0.7789  -2.2356   4.5002   0.00    0.0
2014/02/27 15:47:00.000   63.755951669  -68.510495212    90.2526   5  10   4.0055   2.8974   8.6354   0.7784  -2.2432   4.4985   0.00    0.0
2014/02/27 15:47:30.000   63.755955462  -68.510503978    90.4642   5  10   4.0086   2.8993   8.6373   0.7778  -2.2508   4.4967   0.00    0.0
2014/02/27 15:48:00.000   63.755951938  -68.510503048    89.9602   5  10   4.0117   2.9011   8.6388   0.7772  -2.2584   4.4948   0.00    0.0
2014/02/27 15:48:30.000   63.755952064  -68.510492966    90.0773   5  10   4.0149   2.9030   8.6399   0.7766  -2.2660   4.4929   0.00    0.0
2014/02/27 15:49:00.000   63.755951976  -68.510503887    90.5720   5  10   4.0182   2.9050   8.6405   0.7759  -2.2736   4.4909   0.00    0.0
2014/02/27 15:49:30.000   63.755949005  -68.510506965    90.4827   5  10   4.0215   2.9069   8.6408   0.7752  -2.2812   4.4888   0.00    0.0
2014/02/27 15:50:00.000   63.755950748  -68.510503722    90.7792   5  10   4.0250   2.9089   8.6406   0.7745  -2.2887   4.4866   0.00    0.0
2014/02/27 15:50:30.000   63.755949612  -68.510506073    90.8489   5  10   4.0285   2.9110   8.6400   0.7738  -2.2963   4.4844   0.00    0.0
2014/02/27 15:51:00.000   63.755951918  -68.510496499    90.3509   5  10   4.0321   2.9131   8.6391   0.7730  -2.3038   4.4821   0.00    0.0
2014/02/27 15:51:30.000   63.755951949  -68.510504095    90.4470   5  10   4.0358   2.9152   8.6377   0.7723  -2.3113   4.4798   0.00    0.0
2014/02/27 15:52:00.000   63.755953599  -68.510498495    90.8165   5  10   4.0398   2.9173   8.6359   0.7714  -2.3187   4.4774   0.00    0.0
2014/02/27 15:52:30.000   63.755954606  -68.510494799    91.4059   5  10   4.0440   2.9195   8.6337   0.7705  -2.3261   4.4749   0.00    0.0
2014/02/27 15:53:00.000   63.755950075  -68.510490480    90.1117   5  10   4.0482   2.9217   8.6311   0.7695  -2.3335   4.4724   0.00    0.0
2014/02/27 15:53:30.000   63.755952512  -68.510502119    90.8006   5  10   4.0525   2.9239   8.6281   0.7685  -2.3408   4.4699   0.00    0.0
2014/02/27 15:54:00.000   63.755951211  -68.510508628    91.0490   5  10   4.0569   2.9262   8.6247   0.7676  -2.3481   4.4673   0.00    0.0
2014/02/27 15:54:30.000   63.755952089  -68.510496626    90.2844   5  10   4.0614   2.9285   8.6209   0.7666  -2.3553   4.4648   0.00    0.0
2014/02/27 15:55:00.000   63.755955767  -68.510499246    91.1191   5  10   4.0660   2.9308   8.6167   0.7656  -2.3624   4.4621   0.00    0.0
2014/02/27 15:55:30.000   63.755952915  -68.510499169    90.6451   5  10   4.0707   2.9332   8.6122   0.7646  -2.3695   4.4595   0.00    0.0
2014/02/27 15:56:00.000   63.755951552  -68.510507955    90.6938   5  10   4.0755   2.9355   8.6073   0.7636  -2.3765   4.4568   0.00    0.0
2014/02/27 15:56:30.000   63.755951920  -68.510505991    90.8417   5  10   4.0804   2.9380   8.6020   0.7626  -2.3834   4.4541   0.00    0.0
2014/02/27 15:57:00.000   63.755953779  -68.510498521    90.4382   5  10   4.0854   2.9404   8.5964   0.7616  -2.3903   4.4514   0.00    0.0
2014/02/27 15:57:30.000   63.755954494  -68.510501810    90.6560   5  10   4.0905   2.9429   8.5903   0.7606  -2.3971   4.4487   0.00    0.0
2014/02/27 15:58:00.000   63.755955305  -68.510500512    90.6617   5  10   4.0957   2.9454   8.5840   0.7596  -2.4038   4.4459   0.00    0.0
2014/02/27 15:58:30.000   63.755955716  -68.510496266    91.0267   5  10   4.1010   2.9479   8.5773   0.7586  -2.4104   4.4432   0.00    0.0
2014/02/27 15:59:00.000   63.755954357  -68.510501694    90.8548   5  10   4.1064   2.9505   8.5702   0.7576  -2.4170   4.4405   0.00    0.0
2014/02/27 15:59:30.000   63.755956079  -68.510502061    90.7024   5  10   4.1120   2.9531   8.5628   0.7566  -2.4234   4.4377   0.00    0.0
2014/02/27 16:00:00.000   63.755959080  -68.510498553    90.8619   5  10   4.1182   3.0020   8.5884   0.7800  -2.5101   4.4289   0.00    0.0
2014/02/27 16:00:30.000   63.755958278  -68.510499172    90.6728   5  10   4.1240   3.0041   8.5807   0.7782  -2.5163   4.4263   0.00    0.0
2014/02/27 16:01:00.000   63.755957123  -68.510503782    90.7113   5   9   4.1429   3.0912   8.9526   0.6049  -2.1224   4.3267   0.00    0.0
2014/02/27 16:01:30.000   63.755957530  -68.510505940    90.7201   5   9   4.1483   3.0939   8.9484   0.6060  -2.1258   4.3256   0.00    0.0
2014/02/27 16:02:00.000   63.755958766  -68.510502085    90.3063   5   9   4.1539   3.0966   8.9438   0.6071  -2.1291   4.3245   0.00    0.0
2014/02/27 16:02:30.000   63.755956548  -68.510500032    89.3275   5   9   4.1595   3.0993   8.9388   0.6083  -2.1323   4.3234   0.00    0.0
2014/02/27 16:03:00.000   63.755958794  -68.510501553    89.8574   5   9   4.1654   3.1021   8.9334   0.6096  -2.1354   4.3224   0.00    0.0
2014/02/27 16:03:30.000   63.755957633  -68.510502271    90.2255   5   9   4.1713   3.1049   8.9277   0.6108  -2.1384   4.3215   0.00    0.0
2014/02/27 16:04:00.000   63.755959170  -68.510500975    90.6691   5   9   4.1774   3.1077   8.9216   0.6122  -2.1414   4.3205   0.00    0.0
2014/02/27 16:04:30.000   63.755960997  -68.510500438    90.2212   5   9   4.1836   3.1106   8.9151   0.6136  -2.1442   4.3196   0.00    0.0
2014/02/27 16:05:00.000   63.755958760  -68.510502003    90.4663   5   9   4.1900   3.1134   8.9083   0.6150  -2.1469   4.3188   0.00    0.0
2014/02/27 16:05:30.000   63.755956102  -68.510503871    90.2451   5   9   4.1965   3.1163   8.9011   0.6165  -2.1496   4.3180   0.00    0.0
2014/02/27 16:06:00.000   63.755953316  -68.510505121    90.4634   5   9   4.2031   3.1193   8.8936   0.6180  -2.1521   4.3172   0.00    0.0
2014/02/27 16:06:30.000   63.755952222  -68.510503267    90.3051   5   9   4.2099   3.1222   8.8857   0.6196  -2.1546   4.3165   0.00    0.0
2014/02/27 16:07:00.000   63.755954601  -68.510499925    90.7516   5   9   4.2168   3.1252   8.8776   0.6212  -2.1569   4.3159   0.00    0.0
2014/02/27 16:07:30.000   63.755952350  -68.510504626    89.6966   5   9   4.2238   3.1283   8.8691   0.6229  -2.1592   4.3153   0.00    0.0
2014/02/27 16:08:00.000   63.755954287  -68.510496342    90.1158   5   9   4.2310   3.1313   8.8602   0.6246  -2.1614   4.3147   0.00    0.0
2014/02/27 16:08:30.000   63.755951947  -68.510497515    90.7258   5   9   4.2383   3.1344   8.8511   0.6263  -2.1635   4.3142   0.00    0.0
2014/02/27 16:09:00.000   63.755953841  -68.510499045    90.6867   5   9   4.2458   3.1375   8.8417   0.6281  -2.1654   4.3138   0.00    0.0
2014/02/27 16:09:30.000   63.755952820  -68.510500857    89.0732   5   9   4.2534   3.1406   8.8320   0.6300  -2.1673   4.3134   0.00    0.0
2014/02/27 16:10:00.000   63.755953130  -68.510505137    89.9798   5   9   4.2611   3.1438   8.8220   0.6319  -2.1692   4.3131   0.00    0.0
2014/02/27 16:10:30.000   63.755954275  -68.510498628    89.3515   5   9   4.2690   3.1470   8.8117   0.6338  -2.1709   4.3128   0.00    0.0
2014/02/27 16:11:00.000   63.755951894  -68.510501057    90.3442   5   9   4.2770   3.1502   8.8012   0.6358  -2.1725   4.3126   0.00    0.0
2014/02/27 16:11:30.000   63.755952975  -68.510498555    88.9718   5   9   4.2851   3.1535   8.7904   0.6378  -2.1740   4.3125   0.00    0.0
2014/02/27 16:12:00.000   63.755952892  -68.510500049    89.6469   5   9   4.2934   3.1568   8.7793   0.6398  -2.1755   4.3124   0.00    0.0
2014/02/27 16:12:30.000   63.755955065  -68.510495954    89.2189   5   9   4.3018   3.1601   8.7680   0.6419  -2.1769   4.3124   0.00    0.0
2014/02/27 16:13:00.000   63.755956260  -68.510499261    89.9507   5   9   4.3103   3.1634   8.7565   0.6440  -2.1782   4.3124   0.00    0.0
2014/02/27 16:13:30.000   63.755951485  -68.510498925    89.2436   5   9   4.3190   3.1668   8.7447   0.6462  -2.1794   4.3125   0.00    0.0
2014/02/27 16:14:00.000   63.755954792  -68.510467005    94.1106   5   8   4.3622   3.4984   9.8172   1.1084   1.3715   4.5880   0.00    0.0
2014/02/27 16:14:30.000   63.755955186  -68.510469019    93.9452   5   8   4.3727   3.5027   9.8148   1.1192   1.3842   4.5958   0.00    0.0
2014/02/27 16:15:00.000   63.755954434  -68.510465112    93.9135   5   8   4.3835   3.5069   9.8120   1.1300   1.3966   4.6038   0.00    0.0
2014/02/27 16:15:30.000   63.755955452  -68.510470570    93.9902   5   8   4.3944   3.5112   9.8088   1.1408   1.4087   4.6118   0.00    0.0
2014/02/27 16:16:00.000   63.755958385  -68.510468899    94.4623   5   8   4.4055   3.5156   9.8053   1.1515   1.4207   4.6199   0.00    0.0
2014/02/27 16:16:30.000   63.755955526  -68.510468115    94.0637   5   8   4.4167   3.5199   9.8014   1.1621   1.4324   4.6280   0.00    0.0
2014/02/27 16:17:00.000   63.755955181  -68.510463370    94.0546   5   8   4.4281   3.5243   9.7972   1.1727   1.4438   4.6362   0.00    0.0
2014/02/27 16:17:30.000   63.755959058  -68.510469992    94.6649   5   8   4.4397   3.5287   9.7927   1.1833   1.4551   4.6445   0.00    0.0
2014/02/27 16:18:00.000   63.755961424  -68.510464838    94.2052   5   8   4.4514   3.5331   9.7878   1.1938   1.4661   4.6528   0.00    0.0
2014/02/27 16:18:30.000   63.755958089  -68.510463865    94.2527   5   8   4.4632   3.5376   9.7826   1.2042   1.4770   4.6611   0.00    0.0
2014/02/27 16:19:00.000   63.755962668  -68.510466745    95.0874   5   8   4.4753   3.5420   9.7772   1.2146   1.4876   4.6695   0.00    0.0
2014/02/27 16:19:30.000   63.755959422  -68.510469950    95.2153   5   8   4.4875   3.5465   9.7714   1.2249   1.4980   4.6780   0.00    0.0
2014/02/27 16:20:00.000   63.755955756  -68.510451926    92.6943   5   7   4.4998   3.8915  10.5771   1.2305  -2.0481   4.6897   0.00    0.0
2014/02/27 16:20:30.000   63.755961356  -68.510443012    92.2297   5   7   4.5123   3.8937  10.5761   1.2366  -2.0407   4.7011   0.00    0.0
2014/02/27 16:21:00.000   63.755960352  -68.510439050    92.2165   5   7   4.5250   3.8958  10.5746   1.2428  -2.0332   4.7125   0.00    0.0
2014/02/27 16:21:30.000   63.755962589  -68.510440704    92.0792   5   7   4.5378   3.8980  10.5726   1.2490  -2.0254   4.7239   0.00    0.0
2014/02/27 16:22:00.000   63.755962796  -68.510439021    91.8056   5   7   4.5508   3.9003  10.5702   1.2553  -2.0175   4.7354   0.00    0.0
2014/02/27 16:22:30.000   63.755963617  -68.510437759    91.4214   5   7   4.5639   3.9026  10.5672   1.2616  -2.0094   4.7468   0.00    0.0
2014/02/27 16:23:00.000   63.755962932  -68.510442855    92.2680   5   7   4.5773   3.9049  10.5639   1.2681  -2.0013   4.7582   0.00    0.0
2014/02/27 16:23:30.000   63.755961348  -68.510440599    92.3990   5   7   4.5908   3.9073  10.5600   1.2747  -1.9930   4.7697   0.00    0.0
2014/02/27 16:24:00.000   63.755966060  -68.510434856    92.2708   5   7   4.6044   3.9098  10.5558   1.2812  -1.9845   4.7811   0.00    0.0
2014/02/27 16:24:30.000   63.755966822  -68.510433610    92.0733   5   7   4.6182   3.9122  10.5511   1.2878  -1.9759   4.7925   0.00    0.0
2014/02/27 16:25:00.000   63.755965822  -68.510439742    92.1057   5   7   4.6321   3.9148  10.5459   1.2944  -1.9672   4.8040   0.00    0.0
2014/02/27 16:25:30.000   63.755965034  -68.510437117    91.8669   5   7   4.6462   3.9173  10.5403   1.3011  -1.9583   4.8154   0.00    0.0
2014/02/27 16:26:00.000   63.755970722  -68.510438988    90.9407   5   7   4.6604   3.9199  10.5344   1.3077  -1.9493   4.8268   0.00    0.0
2014/02/27 16:26:30.000   63.755967440  -68.510445973    89.6767   5   7   4.6747   3.9226  10.5280   1.3143  -1.9402   4.8382   0.00    0.0
2014/02/27 16:27:00.000   63.755970699  -68.510454673    90.3493   5   7   4.6892   3.9252  10.5212   1.3210  -1.9310   4.8496   0.00    0.0
2014/02/27 16:27:30.000   63.755973658  -68.510459988    90.2463   5   7   4.7038   3.9280  10.5141   1.3277  -1.9217   4.8610   0.00    0.0
2014/02/27 16:28:00.000   63.755978383  -68.510454534    89.1949   5   7   4.7185   3.9307  10.5066   1.3343  -1.9123   4.8723   0.00    0.0
2014/02/27 16:28:30.000   63.755979935  -68.510446582    88.8047   5   7   4.7334   3.9335  10.4987   1.3410  -1.9029   4.8836   0.00    0.0
2014/02/27 16:29:00.000   63.755973654  -68.510457266    89.1653   5   7   4.7483   3.9364  10.4905   1.3477  -1.8934   4.8949   0.00    0.0
2014/02/27 16:29:30.000   63.755967546  -68.510456878    88.3596   5   8   4.2891   3.7489   8.9599  -0.8200  -3.1826   3.5775   0.00    0.0
2014/02/27 16:30:00.000   63.755968751  -68.510458944    89.2116   5   8   4.3031   3.7487   8.9653  -0.8262  -3.1806   3.5958   0.00    0.0
2014/02/27 16:30:30.000   63.755970789  -68.510449301    88.2983   5   8   4.3172   3.7486   8.9705  -0.8323  -3.1784   3.6143   0.00    0.0
2014/02/27 16:31:00.000   63.755969184  -68.510450592    88.5965   5   8   4.3315   3.7484   8.9756  -0.8384  -3.1760   3.6328   0.00    0.0
2014/02/27 16:31:30.000   63.755966078  -68.510453560    88.5659   5   8   4.3460   3.7483   8.9805  -0.8446  -3.1736   3.6515   0.00    0.0
2014/02/27 16:32:00.000   63.755969825  -68.510448335    88.3910   5   8   4.3606   3.7482   8.9852  -0.8506  -3.1710   3.6702   0.00    0.0
2014/02/27 16:32:30.000   63.755969844  -68.510453458    89.2914   5   8   4.3753   3.7481   8.9898  -0.8567  -3.1684   3.6890   0.00    0.0
2014/02/27 16:33:00.000   63.755967514  -68.510457529    89.3232   5   8   4.3902   3.7480   8.9942  -0.8628  -3.1656   3.7079   0.00    0.0
2014/02/27 16:33:30.000   63.755970680  -68.510454918    87.9986   5   8   4.4053   3.7479   8.9985  -0.8688  -3.1627   3.7269   0.00    0.0
2014/02/27 16:34:00.000   63.755968106  -68.510453345    88.9646   5   8   4.4205   3.7478   9.0026  -0.8748  -3.1597   3.7460   0.00    0.0
2014/02/27 16:34:30.000   63.755967354  -68.510457851    88.7219   5   8   4.4359   3.7478   9.0067  -0.8808  -3.1566   3.7651   0.00    0.0
2014/02/27 16:35:00.000   63.755971628  -68.510452064    89.5989   5   8   4.4514   3.7477   9.0105  -0.8867  -3.1534   3.7843   0.00    0.0
2014/02/27 16:35:30.000   63.755965687  -68.510457129    88.7620   5   8   4.4670   3.7477   9.0143  -0.8927  -3.1501   3.8035   0.00    0.0
2014/02/27 16:36:00.000   63.755967441  -68.510449456    89.4523   5   8   4.4828   3.7477   9.0179  -0.8986  -3.1467   3.8229   0.00    0.0
2014/02/27 16:36:30.000   63.755967685  -68.510453550    90.1083   5   8   4.4988   3.7478   9.0214  -0.9045  -3.1432   3.8422   0.00    0.0
2014/02/27 16:37:00.000   63.755965379  -68.510455244    89.1726   5   8   4.5148   3.7478   9.0248  -0.9103  -3.1396   3.8616   0.00    0.0
2014/02/27 16:37:30.000   63.755969399  -68.510460655    89.1354   5   8   4.5311   3.7479   9.0281  -0.9162  -3.1360   3.8811   0.00    0.0
2014/02/27 16:38:00.000   63.755966023  -68.510458155    88.0346   5   8   4.5474   3.7480   9.0313  -0.9220  -3.1323   3.9005   0.00    0.0
2014/02/27 16:38:30.000   63.755970109  -68.510463724    89.7222   5   8   4.5639   3.7481   9.0344  -0.9277  -3.1284   3.9201   0.00    0.0
2014/02/27 16:39:00.000   63.755964949  -68.510469894    88.7557   5   8   4.5805   3.7482   9.0375  -0.9335  -3.1246   3.9396   0.00    0.0
2014/02/27 16:39:30.000   63.755971726  -68.510460145    88.4664   5   8   4.5972   3.7484   9.0404  -0.9392  -3.1206   3.9592   0.00    0.0
2014/02/27 16:40:00.000   63.755970661  -68.510469383    89.2270   5   8   4.6141   3.7486   9.0432  -0.9449  -3.1166   3.9787   0.00    0.0
2014/02/27 16:40:30.000   63.755976341  -68.510472994    88.4199   5   8   4.6310   3.7488   9.0460  -0.9506  -3.1125   3.9983   0.00    0.0
2014/02/27 16:41:00.000   63.755976620  -68.510473401    89.5962   5   8   4.6481   3.7490   9.0486  -0.9562  -3.1083   4.0179   0.00    0.0
2014/02/27 16:41:30.000   63.755974147  -68.510477855    87.7732   5   8   4.6653   3.7493   9.0512  -0.9618  -3.1041   4.0376   0.00    0.0
2014/02/27 16:42:00.000   63.755980255  -68.510477243    89.0267   5   8   4.6827   3.7496   9.0538  -0.9674  -3.0998   4.0572   0.00    0.0
2014/02/27 16:42:30.000   63.755976893  -68.510480915    88.1475   5   8   4.7001   3.7499   9.0562  -0.9729  -3.0954   4.0768   0.00    0.0
2014/02/27 16:43:00.000   63.755979622  -68.510483322    88.5887   5   8   4.7176   3.7502   9.0586  -0.9784  -3.0910   4.0964   0.00    0.0
2014/02/27 16:43:30.000   63.755983376  -68.510482066    89.0845   5   8   4.7353   3.7505   9.0609  -0.9839  -3.0865   4.1160   0.00    0.0
2014/02/27 16:44:00.000   63.755983545  -68.510482127    88.4193   5   8   4.7530   3.7509   9.0632  -0.9893  -3.0820   4.1355   0.00    0.0
2014/02/27 16:44:30.000   63.755980094  -68.510488129    88.9987   5   8   4.7708   3.7513   9.0654  -0.9948  -3.0774   4.1551   0.00    0.0
2014/02/27 16:45:00.000   63.755988931  -68.510482805    89.0274   5   7   6.7882   3.7708  12.5410  -1.6788  -3.5659   7.6882   0.00    0.0
2014/02/27 16:45:30.000   63.755985578  -68.510494576    88.7246   5   7   6.8268   3.7718  12.5828  -1.6938  -3.5715   7.7376   0.00    0.0
2014/02/27 16:46:00.000   63.755984148  -68.510491872    87.7675   5   7   6.8654   3.7728  12.6238  -1.7085  -3.5769   7.7864   0.00    0.0
2014/02/27 16:46:30.000   63.755984811  -68.510490673    87.2090   5   7   6.9038   3.7738  12.6640  -1.7230  -3.5821   7.8347   0.00    0.0
2014/02/27 16:47:00.000   63.755988452  -68.510498884    87.9720   5   7   6.9421   3.7749  12.7035  -1.7372  -3.5871   7.8824   0.00    0.0
2014/02/27 16:47:30.000   63.755993989  -68.510493762    87.2819   5   7   6.9801   3.7760  12.7421  -1.7512  -3.5918   7.9295   0.00    0.0
2014/02/27 16:48:00.000   63.755993981  -68.510498549    88.6272   5   7   7.0180   3.7771  12.7799  -1.7649  -3.5964   7.9759   0.00    0.0
2014/02/27 16:48:30.000   63.755991898  -68.510493040    87.3735   5   7   7.0557   3.7782  12.8167  -1.7783  -3.6007   8.0216   0.00    0.0
2014/02/27 16:49:00.000   63.755990179  -68.510497401    87.3911   5   7   7.0931   3.7793  12.8525  -1.7915  -3.6048   8.0665   0.00    0.0
2014/02/27 16:49:30.000   63.755996853  -68.510498653    87.4352   5   7   7.1301   3.7805  12.8874  -1.8043  -3.6086   8.1107   0.00    0.0
2014/02/27 16:50:00.000   63.755997451  -68.510500832    88.1593   5   7   7.1669   3.7816  12.9213  -1.8169  -3.6121   8.1540   0.00    0.0
2014/02/27 16:50:30.000   63.755990515  -68.510501809    87.7880   5   7   7.2033   3.7828  12.9540  -1.8291  -3.6154   8.1965   0.00    0.0
2014/02/27 16:51:00.000   63.755998514  -68.510494555    88.0864   5   7   7.2393   3.7840  12.9857  -1.8411  -3.6184   8.2381   0.00    0.0
2014/02/27 16:51:30.000   63.755988202  -68.510509012    87.2787   5   7   7.2749   3.7852  13.0162  -1.8527  -3.6211   8.2788   0.00    0.0
2014/02/27 16:52:00.000   63.756001375  -68.510503228    86.8644   5   7   7.3100   3.7864  13.0456  -1.8640  -3.6236   8.3185   0.00    0.0
2014/02/27 16:52:30.000   63.755984987  -68.510513182    86.1994   5   7   7.3447   3.7877  13.0737  -1.8749  -3.6257   8.3572   0.00    0.0
2014/02/27 16:53:00.000   63.755992138  -68.510501791    86.4977   5   7   7.3788   3.7889  13.1006  -1.8856  -3.6274   8.3949   0.00    0.0
2014/02/27 16:53:30.000   63.755988049  -68.510508475    87.0516   5   7   7.4124   3.7902  13.1262  -1.8958  -3.6289   8.4315   0.00    0.0
2014/02/27 16:54:00.000   63.755982802  -68.510508213    86.7449   5   7   7.4454   3.7915  13.1504  -1.9057  -3.6300   8.4670   0.00    0.0
2014/02/27 16:54:30.000   63.755994093  -68.510502696    86.4812   5   7   7.4779   3.7927  13.1733  -1.9153  -3.6308   8.5013   0.00    0.0
2014/02/27 16:55:00.000   63.755996050  -68.510510696    86.9068   5   7   7.5096   3.7940  13.1949  -1.9244  -3.6312   8.5345   0.00    0.0
2014/02/27 16:55:30.000   63.755994912  -68.510513661    86.5795   5   7   7.5407   3.7953  13.2150  -1.9332  -3.6312   8.5665   0.00    0.0
2014/02/27 16:56:00.000   63.755984587  -68.510504725    86.2662   5   7   7.5712   3.7966  13.2336  -1.9416  -3.6309   8.5972   0.00    0.0
2014/02/27 16:56:30.000   63.755995095  -68.510505703    87.0484   5   7   7.6009   3.7980  13.2508  -1.9496  -3.6302   8.6266   0.00    0.0
2014/02/27 16:57:00.000   63.755989461  -68.510510979    86.6167   5   7   7.6298   3.7993  13.2665  -1.9572  -3.6291   8.6547   0.00    0.0
2014/02/27 16:57:30.000   63.755995616  -68.510507546    86.9116   5   7   7.6580   3.8006  13.2806  -1.9644  -3.6276   8.6815   0.00    0.0
2014/02/27 16:58:00.000   63.755988393  -68.510510945    86.8851   5   7   7.6853   3.8020  13.2932  -1.9712  -3.6257   8.7070   0.00    0.0
2014/02/27 16:58:30.000   63.755992930  -68.510508844    86.4191   5   7   7.7119   3.8033  13.3042  -1.9776  -3.6234   8.7310   0.00    0.0
2014/02/27 16:59:00.000   63.755988113  -68.510516528    86.3802   5   7   7.7375   3.8047  13.3137  -1.9835  -3.6207   8.7537   0.00    0.0
2014/02/27 16:59:30.000   63.755999556  -68.510509621    87.9225   5   7   7.7623   3.8060  13.3215  -1.9891  -3.6175   8.7749   0.00    0.0
2014/02/27 17:00:00.000   63.755992690  -68.510512111    86.9226   5   7   7.7862   3.8074  13.3277  -1.9942  -3.6140   8.7947   0.00    0.0
2014/02/27 17:00:30.000   63.755996748  -68.510508449    86.7818   5   7   7.8092   3.8088  13.3323  -1.9989  -3.6100   8.8129   0.00    0.0
2014/02/27 17:01:00.000   63.755988677  -68.510517968    86.0653   5   7   7.8313   3.8102  13.3353  -2.0031  -3.6056   8.8297   0.00    0.0
2014/02/27 17:01:30.000   63.756003844  -68.510517290    85.9920   5   7   7.8523   3.8116  13.3365  -2.0069  -3.6007   8.8450   0.00    0.0
2014/02/27 17:02:00.000   63.755981957  -68.510516271    86.4831   5   6   7.9663   4.2140  14.0932  -2.4957  -2.1797   8.5395   0.00    0.0
2014/02/27 17:02:30.000   63.755998110  -68.510517482    86.2639   5   6   7.9804   4.2172  14.1099  -2.4876  -2.1418   8.5568   0.00    0.0
2014/02/27 17:03:00.000   63.755986589  -68.510512443    86.7961   5   6   7.9936   4.2204  14.1252  -2.4791  -2.1021   8.5726   0.00    0.0
2014/02/27 17:03:30.000   63.755992008  -68.510515303    86.1122   5   6   8.0060   4.2236  14.1392  -2.4702  -2.0608   8.5871   0.00    0.0
2014/02/27 17:04:00.000   63.755991653  -68.510516978    87.0757   5   6   8.0175   4.2269  14.1519  -2.4608  -2.0175   8.6001   0.00    0.0
2014/02/27 17:04:30.000   63.755994330  -68.510516270    86.5344   5   6   8.0281   4.2302  14.1632  -2.4510  -1.9723   8.6117   0.00    0.0
2014/02/27 17:05:00.000   63.755981368  -68.510512533    86.9123   5   6   8.0378   4.2336  14.1733  -2.4408  -1.9250   8.6219   0.00    0.0
2014/02/27 17:05:30.000   63.756000812  -68.510513599    87.0158   5   6   8.0467   4.2370  14.1820  -2.4301  -1.8755   8.6307   0.00    0.0
2014/02/27 17:06:00.000   63.755994824  -68.510512998    86.8385   5   6   8.0546   4.2405  14.1894  -2.4191  -1.8236   8.6381   0.00    0.0
2014/02/27 17:06:30.000   63.755991261  -68.510508056    86.2012   5   6   8.0617   4.2440  14.1955  -2.4076  -1.7690   8.6440   0.00    0.0
2014/02/27 17:07:00.000   63.755991644  -68.510513959    86.0506   5   6   8.0678   4.2476  14.2003  -2.3957  -1.7117   8.6485   0.00    0.0
2014/02/27 17:07:30.000   63.755993955  -68.510508740    85.8509   5   6   8.0731   4.2513  14.2038  -2.3835  -1.6513   8.6516   0.00    0.0
2014/02/27 17:08:00.000   63.755984525  -68.510503514    86.8550   5   7   7.3525   4.0404  14.0948  -1.0761  -2.2108   8.9897   0.00    0.0
2014/02/27 17:08:30.000   63.755971215  -68.510517131    87.1871   5   6   8.1177   4.1087  14.1138   1.2251  -2.2725   8.8588   0.00    0.0
2014/02/27 17:09:00.000   63.755974462  -68.510516915    87.3047   5   6   8.1083   4.1088  14.1180   1.2566  -2.2308   8.8468   0.00    0.0
2014/02/27 17:09:30.000   63.755976406  -68.510515764    86.4398   5   6   8.0981   4.1089  14.1210   1.2873  -2.1880   8.8335   0.00    0.0
2014/02/27 17:10:00.000   63.755975632  -68.510519372    86.8746   5   6   8.0871   4.1091  14.1228   1.3174  -2.1439   8.8190   0.00    0.0
2014/02/27 17:10:30.000   63.755981564  -68.510518484    87.9126   5   6   8.0753   4.1094  14.1235   1.3469  -2.0986   8.8033   0.00    0.0
2014/02/27 17:11:00.000   63.755980192  -68.510518658    86.9704   5   6   8.0629   4.1097  14.1230   1.3757  -2.0520   8.7865   0.00    0.0
2014/02/27 17:11:30.000   63.755980115  -68.510519849    86.8003   5   6   8.0497   4.1101  14.1214   1.4039  -2.0040   8.7685   0.00    0.0
2014/02/27 17:12:00.000   63.755983627  -68.510520445    87.0692   5   6   8.0358   4.1106  14.1188   1.4315  -1.9545   8.7494   0.00    0.0
2014/02/27 17:12:30.000   63.755980654  -68.510523124    86.3305   5   6   8.0213   4.1111  14.1152   1.4586  -1.9035   8.7292   0.00    0.0
2014/02/27 17:13:00.000   63.755979325  -68.510516183    86.7114   5   6   8.0061   4.1117  14.1105   1.4850  -1.8508   8.7080   0.00    0.0
2014/02/27 17:13:30.000   63.755976542  -68.510511523    86.3296   5   6   7.9903   4.1123  14.1049   1.5109  -1.7964   8.6857   0.00    0.0
2014/02/27 17:14:00.000   63.755978175  -68.510516226    86.4761   5   6   7.9740   4.1130  14.0984   1.5362  -1.7400   8.6625   0.00    0.0
2014/02/27 17:14:30.000   63.755983654  -68.510513536    87.1808   5   6   7.9570   4.1138  14.0910   1.5609  -1.6815   8.6383   0.00    0.0
2014/02/27 17:15:00.000   63.755980348  -68.510514117    87.1436   5   6   7.9396   4.1146  14.0827   1.5851  -1.6207   8.6132   0.00    0.0
2014/02/27 17:15:30.000   63.755978627  -68.510517435    85.9802   5   6   7.9216   4.1155  14.0736   1.6088  -1.5574   8.5872   0.00    0.0
2014/02/27 17:16:00.000   63.755978354  -68.510512450    86.5460   5   6   7.9031   4.1164  14.0638   1.6319  -1.4912   8.5604   0.00    0.0
2014/02/27 17:16:30.000   63.755978326  -68.510515239    86.5953   5   6   7.8842   4.1175  14.0532   1.6545  -1.4218   8.5327   0.00    0.0
2014/02/27 17:17:00.000   63.755980777  -68.510517816    87.0219   5   6   7.8648   4.1186  14.0418   1.6765  -1.3487   8.5042   0.00    0.0
2014/02/27 17:17:30.000   63.755982654  -68.510515815    87.3425   5   6   7.8450   4.1197  14.0298   1.6981  -1.2713   8.4750   0.00    0.0
2014/02/27 17:18:00.000   63.755979355  -68.510515598    87.3029   5   6   7.8248   4.1210  14.0171   1.7191  -1.1887   8.4450   0.00    0.0
2014/02/27 17:18:30.000   63.755982738  -68.510516519    86.4930   5   6   7.8042   4.1223  14.0038   1.7397  -1.0998   8.4144   0.00    0.0
2014/02/27 17:19:00.000   63.755984918  -68.510515050    86.8307   5   6   7.7833   4.1236  13.9899   1.7597  -1.0030   8.3831   0.00    0.0
2014/02/27 17:19:30.000   63.755982831  -68.510521400    87.2113   5   6   7.7621   4.1251  13.9754   1.7793  -0.8957   8.3511   0.00    0.0
2014/02/27 17:20:00.000   63.755984636  -68.510517232    86.3423   5   6   7.7406   4.1266  13.9604   1.7984  -0.7736   8.3185   0.00    0.0
2014/02/27 17:20:30.000   63.755985262  -68.510515189    85.3091   5   6   7.7188   4.1282  13.9449   1.8170  -0.6282   8.2853   0.00    0.0
2014/02/27 17:21:00.000   63.755988909  -68.510518093    85.7291   5   6   7.6967   4.1299  13.9289   1.8351  -0.4368   8.2516   0.00    0.0
2014/02/27 17:21:30.000   63.755990984  -68.510515882    85.8304   5   6   7.6744   4.1316  13.9125   1.8528   0.1141   8.2174   0.00    0.0
2014/02/27 17:22:00.000   63.755990090  -68.510517439    86.3857   5   6   7.6519   4.1334  13.8957   1.8700   0.4656   8.1827   0.00    0.0
2014/02/27 17:22:30.000   63.755990376  -68.510514051    85.1339   5   6   7.6292   4.1353  13.8784   1.8868   0.6485   8.1474   0.00    0.0
2014/02/27 17:23:00.000   63.755992920  -68.510516233    85.2095   5   6   7.6063   4.1373  13.8608   1.9031   0.7901   8.1118   0.00    0.0
2014/02/27 17:23:30.000   63.755992621  -68.510515499    84.9100   5   6   7.5833   4.1393  13.8428   1.9190   0.9098   8.0757   0.00    0.0
2014/02/27 17:24:00.000   63.755992765  -68.510511465    84.4976   5   6   7.5601   4.1414  13.8245   1.9344   1.0154   8.0392   0.00    0.0
2014/02/27 17:24:30.000   63.755993364  -68.510515666    84.6708   5   6   7.5368   4.1436  13.8060   1.9494   1.1110   8.0023   0.00    0.0
2014/02/27 17:25:00.000   63.755995512  -68.510519888    84.1517   5   6   7.5134   4.1459  13.7871   1.9640   1.1989   7.9651   0.00    0.0
2014/02/27 17:25:30.000   63.755996726  -68.510514704    84.7752   5   6   7.4900   4.1482  13.7679   1.9782   1.2807   7.9276   0.00    0.0
2014/02/27 17:26:00.000   63.755995248  -68.510515431    84.3915   5   6   7.4664   4.1507  13.7486   1.9919   1.3575   7.8897   0.00    0.0
2014/02/27 17:26:30.000   63.755997686  -68.510518033    84.7504   5   6   7.4428   4.1532  13.7290   2.0053   1.4302   7.8516   0.00    0.0
2014/02/27 17:27:00.000   63.756001285  -68.510513728    85.1606   5   6   7.4192   4.1558  13.7091   2.0183   1.4992   7.8132   0.00    0.0
2014/02/27 17:27:30.000   63.755997045  -68.510515415    85.5906   5   6   7.3955   4.1584  13.6891   2.0308   1.5651   7.7745   0.00    0.0
2014/02/27 17:28:00.000   63.756003161  -68.510516317    86.3450   5   6   7.3719   4.1612  13.6690   2.0430   1.6283   7.7356   0.00    0.0
2014/02/27 17:28:30.000   63.756001941  -68.510510783    85.1783   5   6   7.3482   4.1640  13.6486   2.0548   1.6890   7.6965   0.00    0.0
2014/02/27 17:29:00.000   63.756003020  -68.510512972    86.2544   5   6   7.3246   4.1669  13.6281   2.0662   1.7476   7.6572   0.00    0.0
2014/02/27 17:29:30.000   63.756001804  -68.510506727    84.5973   5   6   7.3009   4.1699  13.6075   2.0773   1.8042   7.6177   0.00    0.0
2014/02/27 17:30:00.000   63.756002770  -68.510511523    84.7734   5   6   7.2775   4.1730  13.5868   2.0878   1.8591   7.5780   0.00    0.0
2014/02/27 17:30:30.000   63.756005995  -68.510510002    85.4828   5   6   7.2543   4.1763  13.5660   2.0978   1.9125   7.5379   0.00    0.0
2014/02/27 17:31:00.000   63.756008870  -68.510509670    85.0769   5   6   7.2312   4.1796  13.5452   2.1074   1.9645   7.4976   0.00    0.0
2014/02/27 17:31:30.000   63.756011665  -68.510508162    85.9656   5   6   7.2082   4.1830  13.5243   2.1166   2.0151   7.4572   0.00    0.0
2014/02/27 17:32:00.000   63.756007783  -68.510504842    84.7498   5   6   7.1852   4.1865  13.5033   2.1255   2.0643   7.4167   0.00    0.0
2014/02/27 17:32:30.000   63.756009991  -68.510501690    84.3031   5   6   7.1623   4.1900  13.4823   2.1341   2.1124   7.3761   0.00    0.0
2014/02/27 17:33:00.000   63.756013794  -68.510508969    86.6225   5   6   7.1394   4.1937  13.4611   2.1424   2.1593   7.3354   0.00    0.0
2014/02/27 17:33:30.000   63.756013042  -68.510497412    84.9878   5   6   7.1167   4.1975  13.4399   2.1503   2.2051   7.2947   0.00    0.0
2014/02/27 17:34:00.000   63.756016114  -68.510499383    86.7015   5   6   7.0941   4.2013  13.4186   2.1579   2.2500   7.2538   0.00    0.0
2014/02/27 17:34:30.000   63.756014900  -68.510502977    86.6060   5   6   7.0716   4.2053  13.3973   2.1651   2.2939   7.2129   0.00    0.0
2014/02/27 17:35:00.000   63.756014201  -68.510496634    86.5464   5   6   7.0492   4.2093  13.3759   2.1721   2.3369   7.1720   0.00    0.0
2014/02/27 17:35:30.000   63.756018966  -68.510494596    86.6969   5   6   7.0269   4.2134  13.3545   2.1787   2.3790   7.1310   0.00    0.0
2014/02/27 17:36:00.000   63.756018694  -68.510499788    88.0605   5   6   7.0048   4.2176  13.3330   2.1850   2.4204   7.0900   0.00    0.0
2014/02/27 17:36:30.000   63.756017171  -68.510491918    86.5526   5   6   6.9828   4.2220  13.3115   2.1910   2.4609   7.0490   0.00    0.0
2014/02/27 17:37:00.000   63.756019558  -68.510499087    87.1599   5   6   6.9610   4.2264  13.2899   2.1967   2.5008   7.0079   0.00    0.0
2014/02/27 17:37:30.000   63.756022833  -68.510495308    87.8761   5   6   6.9393   4.2309  13.2683   2.2022   2.5399   6.9669   0.00    0.0
2014/02/27 17:38:00.000   63.756017989  -68.510494332    87.3762   5   6   6.9178   4.2355  13.2466   2.2073   2.5783   6.9258   0.00    0.0
2014/02/27 17:38:30.000   63.756022965  -68.510502005    88.5999   5   6   6.8964   4.2402  13.2249   2.2121   2.6161   6.8847   0.00    0.0
2014/02/27 17:39:00.000   63.756018030  -68.510494493    87.4109   5   6   6.8753   4.2450  13.2032   2.2166   2.6533   6.8437   0.00    0.0
2014/02/27 17:39:30.000   63.756021759  -68.510488988    87.0924   5   6   6.8542   4.2499  13.1814   2.2208   2.6899   6.8026   0.00    0.0
2014/02/27 17:40:00.000   63.756024920  -68.510487414    87.5309   5   7   6.1211   4.1963  10.7988   2.6622   3.5669   4.7827   0.00    0.0
2014/02/27 17:40:30.000   63.756025710  -68.510490622    88.3185   5   7   6.1142   4.2008  10.8156   2.6631   3.5918   4.7702   0.00    0.0
2014/02/27 17:41:00.000   63.756027558  -68.510492254    88.1825   5   7   6.1073   4.2054  10.8325   2.6638   3.6165   4.7578   0.00    0.0
2014/02/27 17:41:30.000   63.756026239  -68.510487946    88.2569   5   7   6.1005   4.2101  10.8494   2.6645   3.6412   4.7454   0.00    0.0
2014/02/27 17:42:00.000   63.756029521  -68.510485736    89.5207   5   7   6.0937   4.2148  10.8663   2.6650   3.6657   4.7331   0.00    0.0
2014/02/27 17:42:30.000   63.756030832  -68.510491927    89.4984   5   7   6.0870   4.2195  10.8832   2.6653   3.6900   4.7209   0.00    0.0
2014/02/27 17:43:00.000   63.756030817  -68.510489372    88.6713   5   7   6.0803   4.2243  10.9001   2.6656   3.7142   4.7087   0.00    0.0
2014/02/27 17:43:30.000   63.756036629  -68.510478684    88.9008   5   7   6.0737   4.2292  10.9170   2.6657   3.7383   4.6965   0.00    0.0
2014/02/27 17:44:00.000   63.756038081  -68.510464365    86.8665   5   6   6.0761   4.5903  12.0776   2.7732   2.2491   4.5002   0.00    0.0
2014/02/27 17:44:30.000   63.756042492  -68.510464117    87.8936   5   6   6.0691   4.5873  12.1063   2.7689   2.2986   4.4919   0.00    0.0
2014/02/27 17:45:00.000   63.756041024  -68.510458516    87.8073   5   6   6.0621   4.5844  12.1349   2.7646   2.3472   4.4836   0.00    0.0
2014/02/27 17:45:30.000   63.756045181  -68.510450510    87.6710   5   6   6.0553   4.5816  12.1635   2.7602   2.3951   4.4755   0.00    0.0
2014/02/27 17:46:00.000   63.756048085  -68.510446157    87.5029   5   6   6.0485   4.5791  12.1920   2.7558   2.4421   4.4674   0.00    0.0
2014/02/27 17:46:30.000   63.756048923  -68.510442349    87.8925   5   6   6.0418   4.5766  12.2204   2.7513   2.4884   4.4594   0.00    0.0
2014/02/27 17:47:00.000   63.756051947  -68.510443821    88.8979   5   6   6.0352   4.5743  12.2486   2.7468   2.5339   4.4514   0.00    0.0
2014/02/27 17:47:30.000   63.756052039  -68.510444559    88.3762   5   6   6.0287   4.5721  12.2768   2.7422   2.5787   4.4436   0.00    0.0
2014/02/27 17:48:00.000   63.756048016  -68.510442256    87.2640   5   6   6.0222   4.5700  12.3048   2.7375   2.6229   4.4357   0.00    0.0
2014/02/27 17:48:30.000   63.756052411  -68.510440117    88.5394   5   6   6.0158   4.5681  12.3326   2.7328   2.6663   4.4279   0.00    0.0
2014/02/27 17:49:00.000   63.756050147  -68.510440890    89.5007   5   7   5.4146   4.5608  11.5034   2.8337   2.5138   5.5969   0.00    0.0
2014/02/27 17:49:30.000   63.756049049  -68.510441674    88.9603   5   7   5.4084   4.5583  11.5282   2.8364   2.5441   5.5929   0.00    0.0
2014/02/27 17:50:00.000   63.756047719  -68.510440794    88.9242   5   7   5.4023   4.5559  11.5527   2.8391   2.5740   5.5889   0.00    0.0
2014/02/27 17:50:30.000   63.756045919  -68.510447044    88.3253   5   7   5.3963   4.5535  11.5771   2.8417   2.6034   5.5849   0.00    0.0
2014/02/27 17:51:00.000   63.756051135  -68.510445079    87.8232   5   7   5.3903   4.5512  11.6013   2.8443   2.6322   5.5807   0.00    0.0
2014/02/27 17:51:30.000   63.756048433  -68.510445698    87.5694   5   7   5.3845   4.5490  11.6252   2.8467   2.6607   5.5765   0.00    0.0
2014/02/27 17:52:00.000   63.756049820  -68.510452259    87.8367   5   7   5.3787   4.5468  11.6488   2.8491   2.6886   5.5723   0.00    0.0
2014/02/27 17:52:30.000   63.756049954  -68.510451512    87.1942   5   7   5.3729   4.5448  11.6721   2.8515   2.7160   5.5679   0.00    0.0
2014/02/27 17:53:00.000   63.756048819  -68.510451607    86.3961   5   7   5.3673   4.5427  11.6951   2.8537   2.7429   5.5635   0.00    0.0
2014/02/27 17:53:30.000   63.756047032  -68.510452328    86.3411   5   7   5.3617   4.5407  11.7178   2.8559   2.7693   5.5589   0.00    0.0
2014/02/27 17:54:00.000   63.756048554  -68.510449589    86.2735   5   7   5.3561   4.5388  11.7401   2.8579   2.7952   5.5542   0.00    0.0
2014/02/27 17:54:30.000   63.756053017  -68.510450398    87.3771   5   7   5.3507   4.5369  11.7620   2.8599   2.8206   5.5494   0.00    0.0
2014/02/27 17:55:00.000   63.756050222  -68.510442216    87.2934   5   7   5.3453   4.5351  11.7834   2.8618   2.8454   5.5444   0.00    0.0
2014/02/27 17:55:30.000   63.756050507  -68.510451912    86.9954   5   7   5.3399   4.5333  11.8045   2.8636   2.8697   5.5392   0.00    0.0
2014/02/27 17:56:00.000   63.756053453  -68.510452664    88.0701   5   7   5.3347   4.5316  11.8250   2.8653   2.8934   5.5339   0.00    0.0
2014/02/27 17:56:30.000   63.756048071  -68.510453256    86.4066   5   7   5.3294   4.5299  11.8451   2.8668   2.9166   5.5284   0.00    0.0
2014/02/27 17:57:00.000   63.756048442  -68.510453519    87.0368   5   7   5.3243   4.5282  11.8646   2.8683   2.9392   5.5227   0.00    0.0
2014/02/27 17:57:30.000   63.756050627  -68.510454051    86.9831   5   7   5.3192   4.5266  11.8835   2.8697   2.9611   5.5168   0.00    0.0
2014/02/27 17:58:00.000   63.756046772  -68.510454121    87.1744   5   7   5.3141   4.5250  11.9019   2.8709   2.9825   5.5107   0.00    0.0
2014/02/27 17:58:30.000   63.756047570  -68.510456893    87.6099   5   7   5.3091   4.5234  11.9197   2.8720   3.0033   5.5044   0.00    0.0
2014/02/27 17:59:00.000   63.756046824  -68.510457058    87.0893   5   7   5.3042   4.5218  11.9368   2.8730   3.0234   5.4978   0.00    0.0
2014/02/27 17:59:30.000   63.756046187  -68.510461867    86.6319   5   7   5.2993   4.5203  11.9532   2.8738   3.0429   5.4909   0.00    0.0
2014/02/27 18:00:00.000   63.756047525  -68.510464265    87.0219   5   7   5.2944   4.5188  11.9690   2.8745   3.0618   5.4838   0.00    0.0
2014/02/27 18:00:30.000   63.756046882  -68.510466268    86.7245   5   7   5.2896   4.5173  11.9840   2.8751   3.0800   5.4764   0.00    0.0
2014/02/27 18:01:00.000   63.756046854  -68.510463045    87.2695   5   7   5.2848   4.5158  11.9983   2.8756   3.0975   5.4687   0.00    0.0
2014/02/27 18:01:30.000   63.756049243  -68.510461196    86.6103   5   7   5.2801   4.5143  12.0119   2.8759   3.1144   5.4607   0.00    0.0
2014/02/27 18:02:00.000   63.756044446  -68.510463930    86.2687   5   7   5.2754   4.5129  12.0246   2.8760   3.1305   5.4524   0.00    0.0
2014/02/27 18:02:30.000   63.756044945  -68.510473470    86.1044   5   7   5.2708   4.5114  12.0365   2.8760   3.1460   5.4438   0.00    0.0
2014/02/27 18:03:00.000   63.756039668  -68.510473333    85.4328   5   7   5.2662   4.5099  12.0476   2.8759   3.1607   5.4348   0.00    0.0
2014/02/27 18:03:30.000   63.756036805  -68.510475376    84.5298   5   7   5.2617   4.5085  12.0578   2.8755   3.1747   5.4255   0.00    0.0
2014/02/27 18:04:00.000   63.756039436  -68.510478104    85.1331   5   7   5.2571   4.5070  12.0671   2.8751   3.1879   5.4158   0.00    0.0
2014/02/27 18:04:30.000   63.756040205  -68.510480440    84.5827   5   7   5.2527   4.5055  12.0755   2.8744   3.2004   5.4058   0.00    0.0
2014/02/27 18:05:00.000   63.756040944  -68.510478804    85.6753   5   7   5.2482   4.5040  12.0829   2.8736   3.2122   5.3953   0.00    0.0
2014/02/27 18:05:30.000   63.756043181  -68.510473016    85.6500   5   7   5.2438   4.5024  12.0894   2.8726   3.2231   5.3845   0.00    0.0
2014/02/27 18:06:00.000   63.756045756  -68.510472633    86.4853   5   7   5.2395   4.5009  12.0950   2.8715   3.2333   5.3733   0.00    0.0
2014/02/27 18:06:30.000   63.756047541  -68.510470648    86.1723   5   7   5.2352   4.4993  12.0995   2.8702   3.2427   5.3617   0.00    0.0
2014/02/27 18:07:00.000   63.756045050  -68.510473223    86.4228   5   7   5.2309   4.4977  12.1030   2.8687   3.2513   5.3497   0.00    0.0
2014/02/27 18:07:30.000   63.756045917  -68.510479877    87.1738   5   7   5.2266   4.4961  12.1055   2.8670   3.2591   5.3373   0.00    0.0
2014/02/27 18:08:00.000   63.756037498  -68.510480603    84.6900   5   7   5.2224   4.4945  12.1070   2.8651   3.2660   5.3245   0.00    0.0
2014/02/27 18:08:30.000   63.756042394  -68.510483778    85.7019   5   7   5.2183   4.4928  12.1074   2.8631   3.2722   5.3112   0.00    0.0
2014/02/27 18:09:00.000   63.756042189  -68.510483669    85.4370   5   7   5.2142   4.4911  12.1067   2.8609   3.2775   5.2975   0.00    0.0
2014/02/27 18:09:30.000   63.756045625  -68.510485023    85.9200   5   7   5.2101   4.4893  12.1050   2.8584   3.2819   5.2834   0.00    0.0
2014/02/27 18:10:00.000   63.756038856  -68.510493009    84.6022   5   7   5.2060   4.4875  12.1021   2.8559   3.2855   5.2688   0.00    0.0
2014/02/27 18:10:30.000   63.756041813  -68.510485961    85.6369   5   7   5.2020   4.4857  12.0982   2.8531   3.2883   5.2538   0.00    0.0
2014/02/27 18:11:00.000   63.756043835  -68.510483217    86.8907   5   7   5.1981   4.4838  12.0932   2.8501   3.2902   5.2383   0.00    0.0
2014/02/27 18:11:30.000   63.756040132  -68.510492729    85.6673   5   7   5.1942   4.4819  12.0871   2.8469   3.2912   5.2224   0.00    0.0
2014/02/27 18:12:00.000   63.756038867  -68.510491497    85.6933   5   7   5.1903   4.4799  12.0798   2.8436   3.2914   5.2061   0.00    0.0
2014/02/27 18:12:30.000   63.756039165  -68.510503995    85.1180   5   8   5.1826   4.2504  11.0683   2.8896   2.0098   5.2819   0.00    0.0
2014/02/27 18:13:00.000   63.756036369  -68.510502890    84.7933   5   8   5.1783   4.2482  11.0747   2.8894   2.0206   5.2708   0.00    0.0
2014/02/27 18:13:30.000   63.756036406  -68.510506601    83.9473   5   8   5.1740   4.2459  11.0802   2.8892   2.0304   5.2592   0.00    0.0
2014/02/27 18:14:00.000   63.756035938  -68.510508049    83.8188   5   8   5.1697   4.2437  11.0848   2.8888   2.0392   5.2472   0.00    0.0
2014/02/27 18:14:30.000   63.756037706  -68.510501402    84.1403   5   8   5.1655   4.2414  11.0884   2.8882   2.0469   5.2346   0.00    0.0
2014/02/27 18:15:00.000   63.756032681  -68.510511411    83.0088   5   8   5.1612   4.2391  11.0911   2.8875   2.0537   5.2217   0.00    0.0
2014/02/27 18:15:30.000   63.756034560  -68.510513508    83.4687   5   8   5.1569   4.2368  11.0928   2.8867   2.0596   5.2082   0.00    0.0
2014/02/27 18:16:00.000   63.756036317  -68.510504113    84.0780   5   8   5.1526   4.2345  11.0936   2.8857   2.0644   5.1943   0.00    0.0
2014/02/27 18:16:30.000   63.756034248  -68.510506769    83.7322   5   8   5.1484   4.2321  11.0935   2.8846   2.0683   5.1799   0.00    0.0
2014/02/27 18:17:00.000   63.756034673  -68.510512402    84.0017   5   8   5.1441   4.2297  11.0923   2.8834   2.0712   5.1651   0.00    0.0
2014/02/27 18:17:30.000   63.756038054  -68.510507204    84.4691   5   8   5.1399   4.2273  11.0903   2.8820   2.0731   5.1497   0.00    0.0
2014/02/27 18:18:00.000   63.756037695  -68.510518232    84.7982   5   8   5.1357   4.2249  11.0872   2.8805   2.0741   5.1339   0.00    0.0
2014/02/27 18:18:30.000   63.756035153  -68.510506951    84.2444   5   8   5.1315   4.2225  11.0833   2.8788   2.0741   5.1176   0.00    0.0
2014/02/27 18:19:00.000   63.756038787  -68.510511147    85.8170   5   8   5.1274   4.2200  11.0784   2.8770   2.0732   5.1008   0.00    0.0
2014/02/27 18:19:30.000   63.756030717  -68.510506900    84.5391   5   8   5.1232   4.2175  11.0725   2.8751   2.0713   5.0836   0.00    0.0
2014/02/27 18:20:00.000   63.756036811  -68.510512505    85.9522   5   8   5.1191   4.2149  11.0657   2.8730   2.0686   5.0659   0.00    0.0
2014/02/27 18:20:30.000   63.756036662  -68.510511322    84.8957   5   8   5.1151   4.2124  11.0580   2.8708   2.0648   5.0477   0.00    0.0
2014/02/27 18:21:00.000   63.756034921  -68.510510742    85.0518   5   8   5.1110   4.2098  11.0494   2.8685   2.0602   5.0290   0.00    0.0
2014/02/27 18:21:30.000   63.756036901  -68.510516337    85.1486   5   8   5.1070   4.2072  11.0399   2.8661   2.0546   5.0099   0.00    0.0
2014/02/27 18:22:00.000   63.756034855  -68.510520583    85.3719   5   8   5.1031   4.2046  11.0295   2.8635   2.0481   4.9904   0.00    0.0
2014/02/27 18:22:30.000   63.756032620  -68.510522377    84.9120   5   8   5.0992   4.2019  11.0182   2.8608   2.0407   4.9704   0.00    0.0
2014/02/27 18:23:00.000   63.756035172  -68.510522810    86.7879   5   8   5.0953   4.1992  11.0060   2.8580   2.0324   4.9499   0.00    0.0
2014/02/27 18:23:30.000   63.756028919  -68.510527859    85.5332   5   8   5.0915   4.1965  10.9930   2.8551   2.0232   4.9290   0.00    0.0
2014/02/27 18:24:00.000   63.756030262  -68.510527974    85.9448   5   8   5.0878   4.1938  10.9791   2.8521   2.0131   4.9077   0.00    0.0
2014/02/27 18:24:30.000   63.756032912  -68.510523787    85.8195   5   8   5.0841   4.1910  10.9644   2.8490   2.0021   4.8859   0.00    0.0
2014/02/27 18:25:00.000   63.756031969  -68.510522095    86.4590   5   8   5.0805   4.1882  10.9489   2.8457   1.9902   4.8637   0.00    0.0
2014/02/27 18:25:30.000   63.756030691  -68.510525301    87.3803   5   9   4.6942   3.9385  10.7667   2.3109   2.5684   5.2063   0.00    0.0
2014/02/27 18:26:00.000   63.756031591  -68.510520938    87.8285   5   9   4.6874   3.9372  10.7496   2.3064   2.5557   5.1860   0.00    0.0
2014/02/27 18:26:30.000   63.756029424  -68.510527379    87.0591   5   9   4.6807   3.9358  10.7318   2.3017   2.5424   5.1653   0.00    0.0
2014/02/27 18:27:00.000   63.756027432  -68.510528467    86.8241   5   9   4.6740   3.9345  10.7131   2.2970   2.5284   5.1444   0.00    0.0
2014/02/27 18:27:30.000   63.756028093  -68.510526434    87.2750   5   9   4.6675   3.9331  10.6937   2.2922   2.5138   5.1231   0.00    0.0
2014/02/27 18:28:00.000   63.756034294  -68.510522050    88.5894   5   9   4.6609   3.9317  10.6736   2.2873   2.4986   5.1015   0.00    0.0
2014/02/27 18:28:30.000   63.756024716  -68.510525214    86.1291   5   9   4.6545   3.9302  10.6528   2.2823   2.4828   5.0797   0.00    0.0
2014/02/27 18:29:00.000   63.756033879  -68.510524305    87.0961   5  10   4.1222   3.9264   9.3730   2.3414   2.6029   3.8476   0.00    0.0
2014/02/27 18:29:30.000   63.756028471  -68.510530727    87.4598   5  10   4.1193   3.9247   9.3679   2.3395   2.5928   3.8338   0.00    0.0
2014/02/27 18:30:00.000   63.756033319  -68.510527842    88.5111   5  10   4.1164   3.9229   9.3622   2.3375   2.5821   3.8199   0.00    0.0
2014/02/27 18:30:30.000   63.756033424  -68.510516778    88.4995   5  10   4.1137   3.9211   9.3561   2.3355   2.5709   3.8059   0.00    0.0
2014/02/27 18:31:00.000   63.756034000  -68.510515800    88.6171   5  10   4.1110   3.9193   9.3494   2.3334   2.5592   3.7917   0.00    0.0
2014/02/27 18:31:30.000   63.756033384  -68.510507448    88.8124   5  10   4.1085   3.9175   9.3423   2.3313   2.5471   3.7773   0.00    0.0
2014/02/27 18:32:00.000   63.756030389  -68.510506886    88.2583   5  10   4.1060   3.9156   9.3348   2.3292   2.5344   3.7629   0.00    0.0
2014/02/27 18:32:30.000   63.756036063  -68.510506445    88.6763   5  10   4.1037   3.9137   9.3267   2.3270   2.5213   3.7483   0.00    0.0
2014/02/27 18:33:00.000   63.756036498  -68.510502794    90.1860   5  10   4.1014   3.9118   9.3183   2.3248   2.5077   3.7336   0.00    0.0
2014/02/27 18:33:30.000   63.756032643  -68.510501804    89.2274   5  10   4.0992   3.9098   9.3093   2.3226   2.4936   3.7188   0.00    0.0
2014/02/27 18:34:00.000   63.756034314  -68.510505049    88.9717   5  10   4.0972   3.9078   9.3000   2.3204   2.4790   3.7039   0.00    0.0
2014/02/27 18:34:30.000   63.756031254  -68.510501780    89.2895   5  10   4.0952   3.9058   9.2902   2.3181   2.4640   3.6889   0.00    0.0
2014/02/27 18:35:00.000   63.756029264  -68.510506243    89.0505   5  10   4.0934   3.9038   9.2800   2.3159   2.4485   3.6738   0.00    0.0
2014/02/27 18:35:30.000   63.756033897  -68.510505366    90.0814   5  10   4.0916   3.9018   9.2695   2.3136   2.4326   3.6586   0.00    0.0
2014/02/27 18:36:00.000   63.756035372  -68.510500174    91.3181   5  10   4.0900   3.8997   9.2585   2.3113   2.4162   3.6433   0.00    0.0
2014/02/27 18:36:30.000   63.756031260  -68.510501536    91.0019   5  10   4.0885   3.8977   9.2471   2.3089   2.3993   3.6279   0.00    0.0
2014/02/27 18:37:00.000   63.756030354  -68.510500283    91.0483   5  10   4.0871   3.8956   9.2354   2.3066   2.3821   3.6125   0.00    0.0
2014/02/27 18:37:30.000   63.756030397  -68.510496409    91.5880   5  10   4.0858   3.8934   9.2234   2.3043   2.3643   3.5970   0.00    0.0
2014/02/27 18:38:00.000   63.756035212  -68.510497385    91.9611   5  10   4.0846   3.8913   9.2109   2.3019   2.3462   3.5814   0.00    0.0
2014/02/27 18:38:30.000   63.756035015  -68.510484568    93.1099   5  10   4.0835   3.8892   9.1982   2.2995   2.3276   3.5658   0.00    0.0
2014/02/27 18:39:00.000   63.756035322  -68.510487661    93.3238   5  10   4.0825   3.8870   9.1851   2.2972   2.3086   3.5502   0.00    0.0
2014/02/27 18:39:30.000   63.756031441  -68.510486279    93.1289   5  10   4.0817   3.8849   9.1717   2.2948   2.2891   3.5345   0.00    0.0
2014/02/27 18:40:00.000   63.756032157  -68.510482807    93.3758   5  10   4.0809   3.8827   9.1580   2.2924   2.2693   3.5188   0.00    0.0
2014/02/27 18:40:30.000   63.756033651  -68.510483610    93.1501   5  10   4.0803   3.8805   9.1441   2.2900   2.2490   3.5031   0.00    0.0
2014/02/27 18:41:00.000   63.756035793  -68.510481313    93.2758   5   9   4.6940   3.8839  10.3849   2.3913   2.4494   4.8631   0.00    0.0
2014/02/27 18:41:30.000   63.756030011  -68.510484826    93.5160   5   9   4.6895   3.8816  10.3709   2.3878   2.4282   4.8469   0.00    0.0
2014/02/27 18:42:00.000   63.756034268  -68.510485376    93.1593   5   9   4.6851   3.8793  10.3564   2.3842   2.4066   4.8306   0.00    0.0
2014/02/27 18:42:30.000   63.756031604  -68.510489114    92.7194   5   9   4.6808   3.8770  10.3415   2.3806   2.3845   4.8141   0.00    0.0
2014/02/27 18:43:00.000   63.756029788  -68.510478743    93.8060   5   9   4.6767   3.8747  10.3260   2.3770   2.3618   4.7975   0.00    0.0
2014/02/27 18:43:30.000   63.756028872  -68.510485906    93.6287   5   9   4.6726   3.8724  10.3101   2.3732   2.3387   4.7808   0.00    0.0
2014/02/27 18:44:00.000   63.756026976  -68.510482299    92.9425   5   9   4.6687   3.8700  10.2938   2.3695   2.3150   4.7639   0.00    0.0
2014/02/27 18:44:30.000   63.756030795  -68.510478988    94.4683   5   9   4.6648   3.8677  10.2770   2.3657   2.2909   4.7470   0.00    0.0
2014/02/27 18:45:00.000   63.756029698  -68.510477146    94.6887   5   9   4.6611   3.8653  10.2598   2.3619   2.2663   4.7299   0.00    0.0
2014/02/27 18:45:30.000   63.756033221  -68.510475083    95.1506   5   9   4.6575   3.8629  10.2423   2.3580   2.2412   4.7128   0.00    0.0
2014/02/27 18:46:00.000   63.756028140  -68.510485508    94.0782   5   9   4.6541   3.8606  10.2244   2.3542   2.2156   4.6956   0.00    0.0
2014/02/27 18:46:30.000   63.756026444  -68.510485349    93.7334   5   9   4.6507   3.8582  10.2061   2.3502   2.1895   4.6784   0.00    0.0
2014/02/27 18:47:00.000   63.756028654  -68.510489931    94.0593   5   9   4.6475   3.8559  10.1875   2.3463   2.1630   4.6611   0.00    0.0
2014/02/27 18:47:30.000   63.756028460  -68.510491592    92.9502   5   9   4.6444   3.8535  10.1686   2.3424   2.1359   4.6438   0.00    0.0
2014/02/27 18:48:00.000   63.756027755  -68.510479986    92.5382   5   9   4.6414   3.8511  10.1494   2.3384   2.1085   4.6264   0.00    0.0
2014/02/27 18:48:30.000   63.756030858  -68.510477476    93.0490   5   9   4.6386   3.8488  10.1299   2.3344   2.0805   4.6090   0.00    0.0
2014/02/27 18:49:00.000   63.756029126  -68.510485203    92.8018   5   9   4.6359   3.8464  10.1102   2.3304   2.0521   4.5917   0.00    0.0
2014/02/27 18:49:30.000   63.756034538  -68.510486570    93.1991   5   9   4.6334   3.8440  10.0902   2.3264   2.0232   4.5743   0.00    0.0
2014/02/27 18:50:00.000   63.756033661  -68.510467466    94.0931   5   8   4.6955   4.3287  11.1636   2.6345   3.6861   4.9502   0.00    0.0
2014/02/27 18:50:30.000   63.756026870  -68.510476733    93.7077   5   8   4.6940   4.3246  11.1439   2.6320   3.6664   4.9361   0.00    0.0
2014/02/27 18:51:00.000   63.756028138  -68.510477454    93.5684   5   8   4.6926   4.3204  11.1237   2.6293   3.6463   4.9220   0.00    0.0
2014/02/27 18:51:30.000   63.756031236  -68.510461742    93.7920   5   8   4.6913   4.3162  11.1030   2.6266   3.6258   4.9079   0.00    0.0
2014/02/27 18:52:00.000   63.756027607  -68.510460620    93.3024   5   8   4.6902   4.3119  11.0820   2.6238   3.6050   4.8937   0.00    0.0
2014/02/27 18:52:30.000   63.756025268  -68.510463060    93.9311   5   8   4.6892   4.3076  11.0606   2.6209   3.5838   4.8794   0.00    0.0
2014/02/27 18:53:00.000   63.756021779  -68.510462728    93.7008   5   8   4.6883   4.3032  11.0388   2.6179   3.5622   4.8651   0.00    0.0
2014/02/27 18:53:30.000   63.756021095  -68.510457273    94.2279   5   8   4.6876   4.2987  11.0166   2.6149   3.5403   4.8508   0.00    0.0
2014/02/27 18:54:00.000   63.756020862  -68.510446705    93.6146   5   8   4.6870   4.2942  10.9941   2.6117   3.5181   4.8365   0.00    0.0
2014/02/27 18:54:30.000   63.756019048  -68.510451756    93.2947   5   8   4.6865   4.2896  10.9714   2.6085   3.4956   4.8222   0.00    0.0
2014/02/27 18:55:00.000   63.756017475  -68.510454039    92.5133   5   9   4.0492   3.8668   9.3731   1.5596   1.2707   3.1259   0.00    0.0
2014/02/27 18:55:30.000   63.756015161  -68.510454956    92.7691   5   9   4.0497   3.8624   9.3694   1.5561   1.2394   3.1200   0.00    0.0
2014/02/27 18:56:00.000   63.756015257  -68.510462337    92.8239   5   9   4.0504   3.8579   9.3655   1.5524   1.2074   3.1143   0.00    0.0
2014/02/27 18:56:30.000   63.756014391  -68.510467876    91.1503   5   9   4.0512   3.8534   9.3615   1.5486   1.1745   3.1088   0.00    0.0
2014/02/27 18:57:00.000   63.756019316  -68.510464833    91.7478   5   9   4.0522   3.8489   9.3574   1.5447   1.1409   3.1035   0.00    0.0
2014/02/27 18:57:30.000   63.756014094  -68.510470128    89.5998   5   9   4.0532   3.8444   9.3531   1.5408   1.1064   3.0985   0.00    0.0
2014/02/27 18:58:00.000   63.756016111  -68.510476913    89.7944   5   9   4.0544   3.8399   9.3487   1.5367   1.0709   3.0936   0.00    0.0
2014/02/27 18:58:30.000   63.756010904  -68.510477678    89.2042   5   9   4.0558   3.8353   9.3441   1.5325   1.0345   3.0891   0.00    0.0
2014/02/27 18:59:00.000   63.756015130  -68.510471117    89.8304   5   9   4.0572   3.8307   9.3394   1.5283   0.9969   3.0847   0.00    0.0
2014/02/27 18:59:30.000   63.756010448  -68.510472446    89.2403   5   9   4.0588   3.8261   9.3346   1.5239   0.9581   3.0806   0.00    0.0
2014/02/27 19:00:00.000   63.756014492  -68.510462053    89.7832   5   9   4.0605   3.8215   9.3296   1.5194   0.9180   3.0768   0.00    0.0
2014/02/27 19:00:30.000   63.756013777  -68.510460474    89.1726   5   9   4.0623   3.8169   9.3246   1.5148   0.8764   3.0732   0.00    0.0
2014/02/27 19:01:00.000   63.756011528  -68.510458846    89.0918   5   9   4.0643   3.8122   9.3194   1.5101   0.8331   3.0699   0.00    0.0
2014/02/27 19:01:30.000   63.756010832  -68.510458138    88.9123   5   9   4.0664   3.8075   9.3141   1.5052   0.7878   3.0669   0.00    0.0
2014/02/27 19:02:00.000   63.756008235  -68.510455297    88.9080   5   9   4.0686   3.8028   9.3087   1.5003   0.7402   3.0642   0.00    0.0
2014/02/27 19:02:30.000   63.756003811  -68.510446725    88.7942   5   9   4.0710   3.7981   9.3033   1.4952   0.6898   3.0617   0.00    0.0
2014/02/27 19:03:00.000   63.756006900  -68.510444418    89.2718   5   9   4.0734   3.7934   9.2977   1.4901   0.6361   3.0595   0.00    0.0
2014/02/27 19:03:30.000   63.756005440  -68.510440893    89.7771   5   9   4.0761   3.7886   9.2920   1.4848   0.5781   3.0576   0.00    0.0
2014/02/27 19:04:00.000   63.756003050  -68.510438034    91.5863   5   9   4.0788   3.7839   9.2862   1.4793   0.5144   3.0561   0.00    0.0
2014/02/27 19:04:30.000   63.756002313  -68.510440785    91.3078   5   9   4.0817   3.7791   9.2804   1.4738   0.4426   3.0548   0.00    0.0
2014/02/27 19:05:00.000   63.756002772  -68.510441830    91.1568   5   9   4.0847   3.7743   9.2745   1.4681   0.3579   3.0539   0.00    0.0
2014/02/27 19:05:30.000   63.756002679  -68.510439876    91.8147   5   9   4.0878   3.7695   9.2684   1.4623   0.2473   3.0532   0.00    0.0
2014/02/27 19:06:00.000   63.755998295  -68.510447921    91.3728   5   9   4.0911   3.7646   9.2623   1.4564  -0.0690   3.0529   0.00    0.0
2014/02/27 19:06:30.000   63.755998030  -68.510447116    91.3276   5   9   4.0945   3.7598   9.2562   1.4503  -0.2640   3.0529   0.00    0.0
2014/02/27 19:07:00.000   63.755995455  -68.510442482    91.5921   5   9   4.0980   3.7549   9.2499   1.4441  -0.3656   3.0533   0.00    0.0
2014/02/27 19:07:30.000   63.755995305  -68.510443742    91.9097   5   9   4.1017   3.7501   9.2436   1.4377  -0.4433   3.0539   0.00    0.0
2014/02/27 19:08:00.000   63.755993620  -68.510426428    90.8178   5   9   4.1055   3.7452   9.2373   1.4312  -0.5083   3.0550   0.00    0.0
2014/02/27 19:08:30.000   63.755992356  -68.510431970    90.7702   5   9   4.1094   3.7403   9.2308   1.4246  -0.5649   3.0563   0.00    0.0
2014/02/27 19:09:00.000   63.755989567  -68.510434022    90.5845   5   9   4.1135   3.7354   9.2244   1.4178  -0.6154   3.0580   0.00    0.0
2014/02/27 19:09:30.000   63.755985253  -68.510426169    90.4463   5   9   4.1177   3.7305   9.2178   1.4109  -0.6612   3.0601   0.00    0.0
2014/02/27 19:10:00.000   63.755984129  -68.510425380    91.5487   5   9   4.1220   3.7255   9.2112   1.4038  -0.7032   3.0625   0.00    0.0
2014/02/27 19:10:30.000   63.755984760  -68.510427282    91.5651   5   9   4.1265   3.7206   9.2046   1.3965  -0.7421   3.0652   0.00    0.0
2014/02/27 19:11:00.000   63.755988707  -68.510420357    89.9336   5   9   4.1311   3.7156   9.1979   1.3891  -0.7782   3.0684   0.00    0.0
2014/02/27 19:11:30.000   63.755984536  -68.510424194    91.1756   5   9   4.1359   3.7106   9.1911   1.3815  -0.8120   3.0718   0.00    0.0
2014/02/27 19:12:00.000   63.755982024  -68.510425684    93.1546   5   9   4.1407   3.7057   9.1843   1.3738  -0.8436   3.0757   0.00    0.0
2014/02/27 19:12:30.000   63.755983911  -68.510422376    92.4497   5   9   4.1458   3.7007   9.1775   1.3658  -0.8735   3.0799   0.00    0.0
2014/02/27 19:13:00.000   63.755985531  -68.510419483    92.1955   5   9   4.1509   3.6957   9.1706   1.3577  -0.9016   3.0844   0.00    0.0
2014/02/27 19:13:30.000   63.755985051  -68.510418513    92.3430   5   9   4.1562   3.6906   9.1637   1.3495  -0.9282   3.0894   0.00    0.0
2014/02/27 19:14:00.000   63.755982999  -68.510420078    92.3639   5   9   4.1617   3.6856   9.1567   1.3410  -0.9533   3.0947   0.00    0.0
2014/02/27 19:14:30.000   63.755984710  -68.510424835    91.8636   5   9   4.1673   3.6806   9.1497   1.3323  -0.9771   3.1004   0.00    0.0
2014/02/27 19:15:00.000   63.755983966  -68.510425723    91.2596   5   9   4.1730   3.6755   9.1426   1.3235  -0.9997   3.1064   0.00    0.0
2014/02/27 19:15:30.000   63.755984147  -68.510420462    91.7750   5   9   4.1789   3.6705   9.1356   1.3145  -1.0211   3.1128   0.00    0.0
2014/02/27 19:16:00.000   63.755980380  -68.510431252    92.9834   5   9   4.1849   3.6654   9.1285   1.3052  -1.0414   3.1196   0.00    0.0
2014/02/27 19:16:30.000   63.755982258  -68.510427010    91.3264   5   9   4.1911   3.6604   9.1213   1.2958  -1.0607   3.1267   0.00    0.0
2014/02/27 19:17:00.000   63.755986109  -68.510422306    91.0033   5   9   4.1974   3.6553   9.1141   1.2862  -1.0790   3.1342   0.00    0.0
2014/02/27 19:17:30.000   63.755983730  -68.510425479    92.0234   5   9   4.2038   3.6502   9.1069   1.2763  -1.0964   3.1421   0.00    0.0
2014/02/27 19:18:00.000   63.755981105  -68.510426329    92.5410   5   9   4.2105   3.6451   9.0997   1.2662  -1.1128   3.1503   0.00    0.0
2014/02/27 19:18:30.000   63.755983080  -68.510424180    91.7231   5   9   4.2172   3.6400   9.0924   1.2559  -1.1284   3.1589   0.00    0.0
2014/02/27 19:19:00.000   63.755984640  -68.510423333    91.4052   5   9   4.2241   3.6349   9.0851   1.2454  -1.1431   3.1679   0.00    0.0
2014/02/27 19:19:30.000   63.755988957  -68.510423920    92.1812   5   9   4.2312   3.6298   9.0778   1.2346  -1.1570   3.1772   0.00    0.0
2014/02/27 19:20:00.000   63.755986015  -68.510422231    91.9372   5   9   4.2384   3.6247   9.0704   1.2236  -1.1702   3.1869   0.00    0.0
2014/02/27 19:20:30.000   63.755984954  -68.510427205    91.8765   5   9   4.2458   3.6196   9.0630   1.2124  -1.1825   3.1969   0.00    0.0
2014/02/27 19:21:00.000   63.755976396  -68.510426207    93.8349   5   8   4.8996   3.6271   9.5722   1.4753  -1.5371   1.6557   0.00    0.0
2014/02/27 19:21:30.000   63.755979494  -68.510414047    91.9579   5   8   4.9080   3.6211   9.5632   1.4574  -1.5346   1.6776   0.00    0.0
2014/02/27 19:22:00.000   63.755976028  -68.510418825    92.4534   5   8   4.9166   3.6152   9.5539   1.4391  -1.5315   1.7004   0.00    0.0
2014/02/27 19:22:30.000   63.755975921  -68.510419695    91.9368   5   8   4.9252   3.6093   9.5445   1.4204  -1.5278   1.7239   0.00    0.0
2014/02/27 19:23:00.000   63.755976665  -68.510418192    92.1978   5   8   4.9340   3.6034   9.5349   1.4012  -1.5236   1.7481   0.00    0.0
2014/02/27 19:23:30.000   63.755976499  -68.510415606    92.1216   5   8   4.9430   3.5975   9.5252   1.3815  -1.5187   1.7730   0.00    0.0
2014/02/27 19:24:00.000   63.755972564  -68.510415300    91.5940   5   8   4.9520   3.5916   9.5153   1.3612  -1.5134   1.7986   0.00    0.0
2014/02/27 19:24:30.000   63.755974546  -68.510418828    91.5999   5   8   4.9612   3.5858   9.5052   1.3404  -1.5074   1.8248   0.00    0.0
2014/02/27 19:25:00.000   63.755976470  -68.510421058    91.9510   5   8   4.9705   3.5800   9.4950   1.3191  -1.5009   1.8515   0.00    0.0
2014/02/27 19:25:30.000   63.755966724  -68.510436652    95.1600   5   7   5.8055   4.5609  12.4183   3.1837  -4.9942  -4.5153   0.00    0.0
2014/02/27 19:26:00.000   63.755967008  -68.510434591    95.4749   5   7   5.8081   4.5484  12.4388   3.1637  -4.9939  -4.5084   0.00    0.0
2014/02/27 19:26:30.000   63.755967845  -68.510426395    94.4495   5   7   5.8107   4.5357  12.4585   3.1431  -4.9929  -4.5003   0.00    0.0
2014/02/27 19:27:00.000   63.755968471  -68.510431141    94.3255   5   7   5.8132   4.5231  12.4774   3.1221  -4.9912  -4.4909   0.00    0.0
2014/02/27 19:27:30.000   63.755965964  -68.510431009    94.1961   5   7   5.8157   4.5103  12.4957   3.1007  -4.9888  -4.4801   0.00    0.0
2014/02/27 19:28:00.000   63.755972077  -68.510430823    93.9437   5   7   5.8181   4.4975  12.5132   3.0788  -4.9857  -4.4681   0.00    0.0
2014/02/27 19:28:30.000   63.755972914  -68.510426289    93.4499   5   7   5.8204   4.4847  12.5300   3.0564  -4.9819  -4.4547   0.00    0.0
2014/02/27 19:29:00.000   63.755976089  -68.510424908    94.4410   5   7   5.8227   4.4718  12.5460   3.0335  -4.9774  -4.4400   0.00    0.0
2014/02/27 19:29:30.000   63.755970540  -68.510437537    94.1485   5   7   5.8250   4.4588  12.5613   3.0101  -4.9722  -4.4240   0.00    0.0
2014/02/27 19:30:00.000   63.755971889  -68.510435574    93.2505   5   7   5.8272   4.4459  12.5759   2.9863  -4.9664  -4.4066   0.00    0.0
2014/02/27 19:30:30.000   63.755974149  -68.510441417    94.7401   5   7   5.8293   4.4329  12.5897   2.9619  -4.9599  -4.3879   0.00    0.0
2014/02/27 19:31:00.000   63.755975571  -68.510438840    94.8985   5   8   5.0109   4.3842  11.0073   2.6375  -4.5928  -0.8778   0.00    0.0
2014/02/27 19:31:30.000   63.755973263  -68.510437773    95.3174   5   8   5.0118   4.3731  11.0330   2.6180  -4.5962  -0.7935   0.00    0.0
2014/02/27 19:32:00.000   63.755974051  -68.510436240    95.5592   5   8   5.0128   4.3619  11.0585   2.5982  -4.5992  -0.6947   0.00    0.0
2014/02/27 19:32:30.000   63.755970967  -68.510438670    95.3838   5   8   5.0139   4.3506  11.0839   2.5782  -4.6017  -0.5743   0.00    0.0
2014/02/27 19:33:00.000   63.755968567  -68.510444400    95.7576   5   8   5.0151   4.3394  11.1089   2.5580  -4.6038  -0.4135   0.00    0.0
2014/02/27 19:33:30.000   63.755968934  -68.510448724    95.9233   5   8   5.0164   4.3281  11.1338   2.5376  -4.6055  -0.0802   0.00    0.0
2014/02/27 19:34:00.000   63.755963562  -68.510446079    95.7143   5   8   5.0178   4.3169  11.1585   2.5169  -4.6068   0.4049   0.00    0.0
2014/02/27 19:34:30.000   63.755970391  -68.510445882    96.3296   5   8   5.0193   4.3056  11.1829   2.4960  -4.6077   0.5831   0.00    0.0
2014/02/27 19:35:00.000   63.755963694  -68.510452624    96.0173   5   8   5.0210   4.2943  11.2071   2.4749  -4.6082   0.7224   0.00    0.0
2014/02/27 19:35:30.000   63.755965043  -68.510449780    96.4559   5   8   5.0227   4.2830  11.2311   2.4536  -4.6083   0.8421   0.00    0.0
2014/02/27 19:36:00.000   63.755965483  -68.510453794    96.0296   5   8   5.0246   4.2717  11.2548   2.4320  -4.6080   0.9498   0.00    0.0
2014/02/27 19:36:30.000   63.755967131  -68.510453515    96.8465   5   8   5.0265   4.2604  11.2783   2.4103  -4.6074   1.0491   0.00    0.0
2014/02/27 19:37:00.000   63.755965229  -68.510455437    95.8369   5   8   5.0286   4.2490  11.3015   2.3883  -4.6063   1.1421   0.00    0.0
2014/02/27 19:37:30.000   63.755968194  -68.510459635    96.9983   5   8   5.0309   4.2377  11.3245   2.3660  -4.6048   1.2302   0.00    0.0
2014/02/27 19:38:00.000   63.755965284  -68.510461761    97.4276   5   8   5.0332   4.2263  11.3473   2.3436  -4.6029   1.3145   0.00    0.0
2014/02/27 19:38:30.000   63.755964484  -68.510459888    98.1122   5   8   5.0357   4.2150  11.3698   2.3209  -4.6007   1.3955   0.00    0.0
2014/02/27 19:39:00.000   63.755966396  -68.510466077    98.1696   5   8   5.0383   4.2036  11.3920   2.2980  -4.5980   1.4737   0.00    0.0
2014/02/27 19:39:30.000   63.755963265  -68.510458881    97.5615   5   8   5.0411   4.1923  11.4140   2.2749  -4.5950   1.5497   0.00    0.0
2014/02/27 19:40:00.000   63.755960480  -68.510461925    97.5241   5   8   5.0440   4.1809  11.4357   2.2516  -4.5916   1.6236   0.00    0.0
2014/02/27 19:40:30.000   63.755963113  -68.510464952    97.7932   5   8   5.0470   4.1696  11.4571   2.2280  -4.5878   1.6956   0.00    0.0
2014/02/27 19:41:00.000   63.755964174  -68.510466420    98.6174   5   8   5.0502   4.1582  11.4783   2.2042  -4.5836   1.7661   0.00    0.0
2014/02/27 19:41:30.000   63.755963483  -68.510462763    97.8078   5   8   5.0535   4.1469  11.4992   2.1802  -4.5791   1.8351   0.00    0.0
2014/02/27 19:42:00.000   63.755964661  -68.510467136    98.5229   5   8   5.0570   4.1355  11.5198   2.1559  -4.5741   1.9027   0.00    0.0
2014/02/27 19:42:30.000   63.755970566  -68.510467601    99.0377   5   8   5.0606   4.1242  11.5401   2.1315  -4.5688   1.9691   0.00    0.0
2014/02/27 19:43:00.000   63.755969717  -68.510475493    98.4235   5   8   5.0644   4.1129  11.5602   2.1068  -4.5632   2.0344   0.00    0.0
2014/02/27 19:43:30.000   63.755966330  -68.510468464    97.4195   5   8   5.0683   4.1016  11.5799   2.0819  -4.5571   2.0987   0.00    0.0
2014/02/27 19:44:00.000   63.755967320  -68.510470976    98.3215   5   8   5.0724   4.0903  11.5993   2.0568  -4.5507   2.1619   0.00    0.0
2014/02/27 19:44:30.000   63.755968926  -68.510473077    98.6901   5   8   5.0766   4.0790  11.6184   2.0314  -4.5439   2.2242   0.00    0.0
2014/02/27 19:45:00.000   63.755970190  -68.510470532    98.6068   5   8   5.0810   4.0678  11.6372   2.0058  -4.5368   2.2856   0.00    0.0
2014/02/27 19:45:30.000   63.755939567  -68.510459198    91.3171   5   7   6.7541   4.2200  16.4608  -1.1176  -5.8338   7.5608   0.00    0.0
2014/02/27 19:46:00.000   63.755940254  -68.510452118    89.4383   5   7   6.7914   4.2168  16.6212  -1.2380  -5.8758   7.6799   0.00    0.0
2014/02/27 19:46:30.000   63.755940022  -68.510457485    90.6028   5   7   6.8300   4.2137  16.7841  -1.3490  -5.9182   7.8006   0.00    0.0
2014/02/27 19:47:00.000   63.755939629  -68.510453686    89.8235   5   7   6.8699   4.2108  16.9496  -1.4527  -5.9610   7.9229   0.00    0.0
2014/02/27 19:47:30.000   63.755941195  -68.510457443    89.1797   5   7   6.9111   4.2081  17.1177  -1.5504  -6.0043   8.0467   0.00    0.0
2014/02/27 19:48:00.000   63.755940007  -68.510458180    89.2728   5   7   6.9537   4.2056  17.2883  -1.6434  -6.0480   8.1722   0.00    0.0
2014/02/27 19:48:30.000   63.755941057  -68.510460111    89.4306   5   7   6.9975   4.2032  17.4614  -1.7324  -6.0921   8.2991   0.00    0.0
2014/02/27 19:49:00.000   63.755940635  -68.510454345    88.8271   5   7   7.0426   4.2009  17.6368  -1.8178  -6.1366   8.4275   0.00    0.0
2014/02/27 19:49:30.000   63.755942950  -68.510453664    87.9845   5   7   7.0891   4.1988  17.8145  -1.9003  -6.1813   8.5574   0.00    0.0
2014/02/27 19:50:00.000   63.755943053  -68.510455006    88.5909   5   7   7.1368   4.1968  17.9945  -1.9800  -6.2263   8.6886   0.00    0.0
2014/02/27 19:50:30.000   63.755938156  -68.510456902    88.0018   5   7   7.1858   4.1949  18.1766  -2.0574  -6.2715   8.8211   0.00    0.0
2014/02/27 19:51:00.000   63.755939068  -68.510453763    87.4610   5   7   7.2361   4.1931  18.3607  -2.1325  -6.3169   8.9549   0.00    0.0
2014/02/27 19:51:30.000   63.755940343  -68.510459071    87.3197   5   7   7.2876   4.1914  18.5466  -2.2057  -6.3624   9.0899   0.00    0.0
2014/02/27 19:52:00.000   63.755941428  -68.510456386    87.9538   5   7   7.3403   4.1898  18.7343  -2.2770  -6.4080   9.2259   0.00    0.0
2014/02/27 19:52:30.000   63.755940903  -68.510462925    89.0866   5   7   7.3942   4.1882  18.9235  -2.3466  -6.4535   9.3628   0.00    0.0
2014/02/27 19:53:00.000   63.755940598  -68.510457754    87.4522   5   7   7.4492   4.1867  19.1139  -2.4146  -6.4989   9.5006   0.00    0.0
2014/02/27 19:53:30.000   63.755942856  -68.510457835    88.1101   5   7   7.5053   4.1852  19.3055  -2.4809  -6.5442   9.6391   0.00    0.0
2014/02/27 19:54:00.000   63.755942517  -68.510460958    89.1586   5   7   7.5623   4.1837  19.4980  -2.5457  -6.5892   9.7781   0.00    0.0
2014/02/27 19:54:30.000   63.755944228  -68.510463049    88.1995   5   7   7.6203   4.1822  19.6910  -2.6090  -6.6338   9.9176   0.00    0.0
2014/02/27 19:55:00.000   63.755945064  -68.510466999    88.7271   5   7   7.6792   4.1806  19.8843  -2.6708  -6.6779  10.0572   0.00    0.0
2014/02/27 19:55:30.000   63.755945636  -68.510462469    88.0903   5   7   7.7388   4.1790  20.0776  -2.7312  -6.7214  10.1969   0.00    0.0
2014/02/27 19:56:00.000   63.755946276  -68.510468410    88.3355   5   7   7.7991   4.1773  20.2705  -2.7900  -6.7642  10.3364   0.00    0.0
2014/02/27 19:56:30.000   63.755948086  -68.510463780    88.9517   5   7   7.8600   4.1755  20.4627  -2.8473  -6.8062  10.4754   0.00    0.0
2014/02/27 19:57:00.000   63.755951052  -68.510470931    90.3173   5   7   7.9213   4.1736  20.6536  -2.9031  -6.8472  10.6138   0.00    0.0
2014/02/27 19:57:30.000   63.755948871  -68.510469579    89.8106   5   7   7.9829   4.1715  20.8430  -2.9573  -6.8870  10.7512   0.00    0.0
2014/02/27 19:58:00.000   63.755947446  -68.510469474    87.4371   5   7   8.0446   4.1691  21.0303  -3.0098  -6.9256  10.8875   0.00    0.0
2014/02/27 19:58:30.000   63.755940139  -68.510474053    88.0404   5   7   8.1064   4.1666  21.2151  -3.0607  -6.9628  11.0222   0.00    0.0
2014/02/27 19:59:00.000   63.755938830  -68.510463806    86.8089   5   7   8.1680   4.1638  21.3968  -3.1098  -6.9983  11.1551   0.00    0.0
2014/02/27 19:59:30.000   63.755946825  -68.510470273    87.5448   5   7   8.2293   4.1607  21.5749  -3.1571  -7.0321  11.2858   0.00    0.0
2014/02/27 20:00:00.000   63.755945611  -68.510477770    87.6749   5   7   8.5234   4.3835  22.7514  -3.6068  -7.6930  11.9796   0.00    0.0
2014/02/27 20:00:30.000   63.755948520  -68.510476865    89.8199   5   7   8.5870   4.3807  22.9323  -3.6504  -7.7273  12.1107   0.00    0.0
2014/02/27 20:01:00.000   63.755945387  -68.510475145    88.2583   5   7   8.6494   4.3773  23.1063  -3.6916  -7.7585  12.2377   0.00    0.0
2014/02/27 20:01:30.000   63.755955766  -68.510479185    91.5761   5   7   8.7101   4.3733  23.2725  -3.7303  -7.7864  12.3601   0.00    0.0
2014/02/27 20:02:00.000   63.755957122  -68.510480798    92.4560   5   7   8.7691   4.3685  23.4303  -3.7663  -7.8108  12.4775   0.00    0.0
2014/02/27 20:02:30.000   63.755958776  -68.510482019    93.4963   5   7   8.8259   4.3629  23.5789  -3.7996  -7.8313  12.5894   0.00    0.0
2014/02/27 20:03:00.000   63.755956993  -68.510483574    93.3527   5   7   8.8804   4.3566  23.7174  -3.8300  -7.8479  12.6952   0.00    0.0
2014/02/27 20:03:30.000   63.755964297  -68.510486774    94.2529   5   7   8.9322   4.3494  23.8453  -3.8574  -7.8603  12.7947   0.00    0.0
2014/02/27 20:04:00.000   63.755963112  -68.510486355    94.4190   5   7   8.9812   4.3413  23.9619  -3.8816  -7.8683  12.8873   0.00    0.0
2014/02/27 20:04:30.000   63.755961008  -68.510481635    94.9118   5   7   9.0271   4.3324  24.0663  -3.9027  -7.8718  12.9726   0.00    0.0
2014/02/27 20:05:00.000   63.755972044  -68.510491397    95.6630   5   7   9.0696   4.3226  24.1581  -3.9205  -7.8705  13.0502   0.00    0.0
2014/02/27 20:05:30.000   63.755966728  -68.510486708    96.8559   5   7   9.1085   4.3118  24.2366  -3.9349  -7.8643  13.1197   0.00    0.0
2014/02/27 20:06:00.000   63.755971521  -68.510487785    98.8815   5   7   9.1436   4.3001  24.3014  -3.9459  -7.8531  13.1808   0.00    0.0
2014/02/27 20:06:30.000   63.755968093  -68.510493628    95.8757   5   7   9.1747   4.2876  24.3520  -3.9534  -7.8368  13.2333   0.00    0.0
2014/02/27 20:07:00.000   63.755970772  -68.510498157    98.8521   5   7   9.2017   4.2741  24.3881  -3.9574  -7.8153  13.2768   0.00    0.0
2014/02/27 20:07:30.000   63.755969245  -68.510500588    98.1310   5   7   9.2244   4.2597  24.4093  -3.9579  -7.7887  13.3112   0.00    0.0
2014/02/27 20:08:00.000   63.755960707  -68.510489059    94.5806   5   6  14.9424   4.5341  51.1784  -5.8620 -11.4845  26.5698   0.00    0.0
2014/02/27 20:08:30.000   63.755962922  -68.510491193    95.9576   5   6  15.4111   4.5412  52.8785  -5.9999 -11.7174  27.5004   0.00    0.0
2014/02/27 20:09:00.000   63.755960842  -68.510498158    94.2295   5   6  15.8909   4.5468  54.6102  -6.1348 -11.9454  28.4480   0.00    0.0
2014/02/27 20:09:30.000   63.755962843  -68.510492252    97.6686   5   6  16.3774   4.5504  56.3576  -6.2646 -12.1645  29.4043   0.00    0.0
2014/02/27 20:10:00.000   63.755954734  -68.510493034    94.5537   5   6  16.8653   4.5514  58.1003  -6.3867 -12.3700  30.3584   0.00    0.0
2014/02/27 20:10:30.000   63.755955214  -68.510493680    93.5243   5   6  17.3474   4.5490  59.8132  -6.4982 -12.5562  31.2969   0.00    0.0
2014/02/27 20:11:00.000   63.755968163  -68.510492659    97.8835   5   6  17.8153   4.5427  61.4658  -6.5957 -12.7169  32.2035   0.00    0.0
2014/02/27 20:11:30.000   63.755968799  -68.510494330   100.9584   5   6  18.2594   4.5317  63.0233  -6.6754 -12.8450  33.0597   0.00    0.0
2014/02/27 20:12:00.000   63.755974917  -68.510502806   103.5946   5   6  18.6687   4.5153  64.4468  -6.7336 -12.9334  33.8447   0.00    0.0
2014/02/27 20:12:30.000   63.755960636  -68.510499170    97.7682   5   6  19.0317   4.4930  65.6958  -6.7664 -12.9751  34.5366   0.00    0.0
2014/02/27 20:13:00.000   63.755970404  -68.510499216   102.5516   5   6  19.3369   4.4646  66.7295  -6.7703 -12.9633  35.1137   0.00    0.0
2014/02/27 20:13:30.000   63.755977060  -68.510500468   104.6878   5   6  19.5736   4.4299  67.5109  -6.7424 -12.8928  35.5559   0.00    0.0
2014/02/27 20:14:00.000   63.755982784  -68.510508198   108.3975   5   6  19.7331   4.3891  68.0094  -6.6809 -12.7601  35.8466   0.00    0.0
2014/02/27 20:14:30.000   63.755972377  -68.510510389   103.5650   5   6  19.8091   4.3429  68.2040  -6.5851 -12.5638  35.9744   0.00    0.0
2014/02/27 20:15:00.000   63.755973950  -68.510508608   104.2158   5   6  19.7985   4.2922  68.0854  -6.4555 -12.3052  35.9340   0.00    0.0
2014/02/27 20:15:30.000   63.755984852  -68.510508872   110.3672   5   6  19.7022   4.2382  67.6573  -6.2942 -11.9879  35.7270   0.00    0.0
2014/02/27 20:16:00.000   63.755979467  -68.510504993   106.7535   5   6  19.5244   4.1822  66.9359  -6.1044 -11.6181  35.3620   0.00    0.0
2014/02/27 20:16:30.000   63.755970092  -68.510508675   103.7287   5   6  19.2722   4.1256  65.9482  -5.8902 -11.2032  34.8529   0.00    0.0
2014/02/27 20:17:00.000   63.755974099  -68.510509862   105.8369   5   6  18.9554   4.0698  64.7292  -5.6562 -10.7519  34.2183   0.00    0.0
2014/02/27 20:17:30.000   63.755963733  -68.510506683   102.7008   5   6  18.5848   4.0159  63.3185  -5.4075 -10.2735  33.4792   0.00    0.0
2014/02/27 20:18:00.000   63.755961105  -68.510514457   103.0896   5   6  18.1719   3.9649  61.7575  -5.1486  -9.7765  32.6576   0.00    0.0
2014/02/27 20:18:30.000   63.755960229  -68.510511952   101.9718   5   6  17.7279   3.9174  60.0865  -4.8841  -9.2690  31.7750   0.00    0.0
2014/02/27 20:19:00.000   63.755958476  -68.510511381   102.1857   5   6  17.2632   3.8739  58.3426  -4.6178  -8.7581  30.8512   0.00    0.0
2014/02/27 20:19:30.000   63.755958938  -68.510512138   101.9590   5   6  16.7870   3.8346  56.5585  -4.3528  -8.2494  29.9039   0.00    0.0
2014/02/27 20:20:00.000   63.755954492  -68.510509132   101.9375   5   6  16.3070   3.7995  54.7619  -4.0917  -7.7475  28.9478   0.00    0.0
2014/02/27 20:20:30.000   63.755955523  -68.510510978   103.8485   5   6  15.8296   3.7684  52.9753  -3.8366  -7.2557  27.9952   0.00    0.0
2014/02/27 20:21:00.000   63.755953223  -68.510512368   102.3949   5   6  15.3597   3.7412  51.2167  -3.5886  -6.7762  27.0556   0.00    0.0
2014/02/27 20:21:30.000   63.755951656  -68.510507526   103.2991   5   6  14.9012   3.7175  49.4994  -3.3488  -6.3105  26.1365   0.00    0.0
2014/02/27 20:22:00.000   63.755951620  -68.510507009   103.5377   5   6  14.4569   3.6971  47.8333  -3.1177  -5.8591  25.2433   0.00    0.0
2014/02/27 20:22:30.000   63.755948761  -68.510509718   103.6029   5   6  14.0287   3.6795  46.2250  -2.8954  -5.4218  24.3795   0.00    0.0
2014/02/27 20:23:00.000   63.755945998  -68.510505857   103.8766   5   6  13.6177   3.6645  44.6789  -2.6820  -4.9981  23.5477   0.00    0.0
2014/02/27 20:23:30.000   63.755943659  -68.510507496   101.7411   5   6  13.2247   3.6517  43.1972  -2.4771  -4.5866  22.7491   0.00    0.0
2014/02/27 20:24:00.000   63.755941504  -68.510505811   103.5531   5   6  12.8497   3.6410  41.7806  -2.2803  -4.1857  21.9843   0.00    0.0
2014/02/27 20:24:30.000   63.755942120  -68.510506021   102.4319   5   6  12.4928   3.6319  40.4287  -2.0912  -3.7932  21.2532   0.00    0.0
2014/02/27 20:25:00.000   63.755939751  -68.510506961   101.3811   5   6  12.1536   3.6243  39.1404  -1.9090  -3.4062  20.5551   0.00    0.0
2014/02/27 20:25:30.000   63.755940773  -68.510505107   100.7487   5   6  11.8316   3.6180  37.9138  -1.7329  -3.0205  19.8893   0.00    0.0
2014/02/27 20:26:00.000   63.755935482  -68.510502529    99.7942   5   6  11.5261   3.6128  36.7468  -1.5621  -2.6306  19.2546   0.00    0.0
2014/02/27 20:26:30.000   63.755931950  -68.510505596    99.1214   5   6  11.2365   3.6085  35.6367  -1.3954  -2.2273  18.6498   0.00    0.0
2014/02/27 20:27:00.000   63.755938262  -68.510504209    98.6523   5   6  10.9620   3.6051  34.5810  -1.2313  -1.7943  18.0735   0.00    0.0
2014/02/27 20:27:30.000   63.755935470  -68.510505511    96.8668   5   6  10.7019   3.6023  33.5771  -1.0679  -1.2928  17.5243   0.00    0.0
2014/02/27 20:28:00.000   63.755931566  -68.510502944    96.9418   5   6  10.4553   3.6002  32.6221  -0.9021  -0.5431  17.0009   0.00    0.0
2014/02/27 20:28:30.000   63.755936135  -68.510506547    98.1639   5   6  10.2217   3.5985  31.7136  -0.7286   0.9638  16.5019   0.00    0.0
2014/02/27 20:29:00.000   63.755936142  -68.510506195    98.3073   5   6  10.0002   3.5974  30.8488  -0.5356   1.4203  16.0259   0.00    0.0
2014/02/27 20:29:30.000   63.755933464  -68.510505902    96.5501   5   6   9.7901   3.5965  30.0254  -0.2783   1.7276  15.5717   0.00    0.0
2014/02/27 20:30:00.000   63.755932291  -68.510505212    96.4822   5   6   9.5908   3.5960  29.2410   0.3179   1.9609  15.1381   0.00    0.0
2014/02/27 20:30:30.000   63.755933077  -68.510507697    96.6754   5   6   9.4017   3.5958  28.4933   0.5020   2.1471  14.7239   0.00    0.0
2014/02/27 20:31:00.000   63.755932275  -68.510512261    96.4888   5   6   9.2221   3.5958  27.7802   0.6152   2.2999  14.3279   0.00    0.0
2014/02/27 20:31:30.000   63.755927743  -68.510509849    95.5529   5   6   9.0514   3.5961  27.0997   0.6950   2.4276  13.9492   0.00    0.0
2014/02/27 20:32:00.000   63.755930257  -68.510510675    95.2293   5   6   8.8892   3.5965  26.4499   0.7536   2.5356  13.5868   0.00    0.0
2014/02/27 20:32:30.000   63.755929739  -68.510509345    94.6944   5   6   8.7350   3.5970  25.8291   0.7971   2.6276  13.2396   0.00    0.0
2014/02/27 20:33:00.000   63.755930665  -68.510509589    95.5067   5   6   8.5882   3.5977  25.2355   0.8289   2.7066  12.9069   0.00    0.0
2014/02/27 20:33:30.000   63.755929901  -68.510507862    95.2010   5   6   8.4485   3.5985  24.6676   0.8513   2.7746  12.5879   0.00    0.0
2014/02/27 20:34:00.000   63.755927421  -68.510506791    95.4006   5   6   8.3153   3.5994  24.1240   0.8659   2.8333  12.2817   0.00    0.0
2014/02/27 20:34:30.000   63.755930289  -68.510508599    95.0432   5   6   8.1885   3.6004  23.6033   0.8738   2.8841  11.9877   0.00    0.0
2014/02/27 20:35:00.000   63.755930993  -68.510507515    94.7925   5   6   8.0675   3.6015  23.1042   0.8758   2.9280  11.7052   0.00    0.0
2014/02/27 20:35:30.000   63.755926562  -68.510509309    94.4984   5   6   7.9520   3.6026  22.6255   0.8726   2.9660  11.4336   0.00    0.0
2014/02/27 20:36:00.000   63.755925359  -68.510512803    93.9753   5   6   7.8418   3.6038  22.1661   0.8645   2.9988  11.1723   0.00    0.0
2014/02/27 20:36:30.000   63.755926552  -68.510516165    93.9837   5   6   7.7365   3.6051  21.7249   0.8521   3.0271  10.9207   0.00    0.0
2014/02/27 20:37:00.000   63.755931230  -68.510511213    94.6598   5   6   7.6358   3.6064  21.3010   0.8355   3.0513  10.6783   0.00    0.0
2014/02/27 20:37:30.000   63.755931140  -68.510509626    93.7539   5   6   7.5396   3.6078  20.8934   0.8148   3.0720  10.4447   0.00    0.0
2014/02/27 20:38:00.000   63.755932000  -68.510507694    93.5469   5   6   7.4475   3.6092  20.5014   0.7901   3.0896  10.2194   0.00    0.0
2014/02/27 20:38:30.000   63.755931222  -68.510508782    93.0709   5   6   7.3594   3.6106  20.1240   0.7614   3.1044  10.0020   0.00    0.0
2014/02/27 20:39:00.000   63.755932327  -68.510503932    93.3774   5   6   7.2750   3.6121  19.7606   0.7285   3.1167   9.7920   0.00    0.0
2014/02/27 20:39:30.000   63.755933778  -68.510507291    93.0659   5   6   7.1942   3.6136  19.4104   0.6911   3.1267   9.5892   0.00    0.0
2014/02/27 20:40:00.000   63.755930720  -68.510509772    94.4117   5   6   7.1166   3.6152  19.0728   0.6487   3.1348   9.3932   0.00    0.0
2014/02/27 20:40:30.000   63.755928742  -68.510503128    94.3256   5   6   7.0423   3.6168  18.7472   0.6007   3.1411   9.2036   0.00    0.0
2014/02/27 20:41:00.000   63.755927916  -68.510508148    93.1643   5   6   6.9710   3.6184  18.4328   0.5457   3.1457   9.0202   0.00    0.0
2014/02/27 20:41:30.000   63.755927365  -68.510505445    93.6317   5   6   6.9025   3.6200  18.1294   0.4816   3.1489   8.8427   0.00    0.0
2014/02/27 20:42:00.000   63.755928388  -68.510509873    93.6043   5   6   6.8368   3.6217  17.8362   0.4046   3.1508   8.6707   0.00    0.0
2014/02/27 20:42:30.000   63.755927435  -68.510506869    93.6544   5   6   6.7736   3.6234  17.5528   0.3053   3.1516   8.5041   0.00    0.0
2014/02/27 20:43:00.000   63.755934550  -68.510506415    94.7531   5   6   6.7129   3.6252  17.2787   0.1438   3.1512   8.3427   0.00    0.0
2014/02/27 20:43:30.000   63.755929225  -68.510506895    94.0067   5   6   6.6545   3.6270  17.0136  -0.2317   3.1499   8.1861   0.00    0.0
2014/02/27 20:44:00.000   63.755931042  -68.510503833    92.8569   5   6   6.5983   3.6288  16.7570  -0.3602   3.1477   8.0341   0.00    0.0
2014/02/27 20:44:30.000   63.755933502  -68.510506799    93.8846   5   6   6.5443   3.6306  16.5085  -0.4553   3.1447   7.8867   0.00    0.0
2014/02/27 20:45:00.000   63.755933720  -68.510507417    94.2854   5   6   6.4923   3.6325  16.2678  -0.5350   3.1410   7.7436   0.00    0.0
2014/02/27 20:45:30.000   63.755932782  -68.510508887    93.3367   5   6   6.4422   3.6344  16.0345  -0.6054   3.1367   7.6045   0.00    0.0
2014/02/27 20:46:00.000   63.755933166  -68.510509106    93.5923   5   6   6.3940   3.6364  15.8083  -0.6692   3.1317   7.4695   0.00    0.0
2014/02/27 20:46:30.000   63.755933334  -68.510509117    93.3494   5   6   6.3475   3.6384  15.5889  -0.7281   3.1263   7.3382   0.00    0.0
2014/02/27 20:47:00.000   63.755927794  -68.510512256    92.0948   5   6   6.3026   3.6404  15.3760  -0.7832   3.1203   7.2106   0.00    0.0
2014/02/27 20:47:30.000   63.755927761  -68.510514148    92.8931   5   6   6.2594   3.6425  15.1693  -0.8352   3.1139   7.0865   0.00    0.0
2014/02/27 20:48:00.000   63.755929995  -68.510510718    91.3137   5   6   6.2177   3.6446  14.9686  -0.8845   3.1070   6.9657   0.00    0.0
2014/02/27 20:48:30.000   63.755932621  -68.510516410    92.6106   5   6   6.1775   3.6467  14.7737  -0.9316   3.0998   6.8482   0.00    0.0
2014/02/27 20:49:00.000   63.755932123  -68.510521947    92.5928   5   6   6.1387   3.6489  14.5842  -0.9768   3.0923   6.7339   0.00    0.0
2014/02/27 20:49:30.000   63.755936740  -68.510522794    91.5193   5   6   6.1012   3.6511  14.3999  -1.0202   3.0845   6.6226   0.00    0.0
2014/02/27 20:50:00.000   63.755931104  -68.510517848    92.8333   5   6   6.0650   3.6534  14.2208  -1.0621   3.0764   6.5142   0.00    0.0
2014/02/27 20:50:30.000   63.755930352  -68.510522174    91.7719   5   6   6.0300   3.6557  14.0464  -1.1026   3.0680   6.4086   0.00    0.0
2014/02/27 20:51:00.000   63.755934170  -68.510518448    92.4577   5   6   5.9962   3.6580  13.8768  -1.1419   3.0594   6.3058   0.00    0.0
2014/02/27 20:51:30.000   63.755933354  -68.510525902    91.8957   5   6   5.9635   3.6604  13.7116  -1.1800   3.0506   6.2055   0.00    0.0
2014/02/27 20:52:00.000   63.755930367  -68.510520126    91.7502   5   6   5.9319   3.6628  13.5507  -1.2170   3.0415   6.1079   0.00    0.0
2014/02/27 20:52:30.000   63.755926152  -68.510526000    91.8954   5   6   5.9014   3.6653  13.3939  -1.2530   3.0323   6.0127   0.00    0.0
2014/02/27 20:53:00.000   63.755924039  -68.510529779    92.4010   5   6   5.8718   3.6678  13.2412  -1.2882   3.0230   5.9199   0.00    0.0
2014/02/27 20:53:30.000   63.755922619  -68.510524004    91.7212   5   6   5.8432   3.6704  13.0922  -1.3225   3.0135   5.8294   0.00    0.0
2014/02/27 20:54:00.000   63.755924212  -68.510527321    91.7682   5   6   5.8156   3.6730  12.9470  -1.3560   3.0038   5.7412   0.00    0.0
2014/02/27 20:54:30.000   63.755923926  -68.510532526    91.5610   5   6   5.7888   3.6757  12.8053  -1.3887   2.9940   5.6552   0.00    0.0
2014/02/27 20:55:00.000   63.755925811  -68.510527496    91.3867   5   6   5.7628   3.6784  12.6671  -1.4208   2.9841   5.5713   0.00    0.0
2014/02/27 20:55:30.000   63.755926741  -68.510525724    91.4176   5   6   5.7377   3.6812  12.5321  -1.4521   2.9741   5.4895   0.00    0.0
2014/02/27 20:56:00.000   63.755925571  -68.510527551    90.6183   5   6   5.7133   3.6840  12.4003  -1.4829   2.9640   5.4097   0.00    0.0
2014/02/27 20:56:30.000   63.755923817  -68.510533853    92.0315   5   6   5.6898   3.6869  12.2716  -1.5131   2.9538   5.3319   0.00    0.0
2014/02/27 20:57:00.000   63.755923863  -68.510534325    91.5656   5   6   5.6669   3.6898  12.1458  -1.5426   2.9435   5.2560   0.00    0.0
2014/02/27 20:57:30.000   63.755928752  -68.510535247    92.5240   5   6   5.6447   3.6927  12.0229  -1.5717   2.9331   5.1820   0.00    0.0
2014/02/27 20:58:00.000   63.755927611  -68.510527602    90.9264   5   7   5.0978   3.5862   9.9296  -0.6643   3.7951   3.2452   0.00    0.0
2014/02/27 20:58:30.000   63.755929205  -68.510531428    91.1384   5   7   5.0874   3.5850   9.8864  -0.7174   3.7844   3.2160   0.00    0.0
2014/02/27 20:59:00.000   63.755923784  -68.510532400    91.2459   5   7   5.0771   3.5837   9.8432  -0.7668   3.7734   3.1874   0.00    0.0
2014/02/27 20:59:30.000   63.755918936  -68.510527874    90.8911   5   7   5.0669   3.5823   9.8000  -0.8131   3.7620   3.1592   0.00    0.0
2014/02/27 21:00:00.000   63.755932939  -68.510524416    90.2134   5   7   5.0132   3.4990   9.6925  -1.1130   3.6350   3.0111   0.00    0.0
2014/02/27 21:00:30.000   63.755929477  -68.510524270    90.7593   5   7   5.0032   3.4981   9.6491  -1.1445   3.6230   2.9831   0.00    0.0
2014/02/27 21:01:00.000   63.755925332  -68.510521215    91.4476   5   7   4.9932   3.4972   9.6057  -1.1751   3.6107   2.9558   0.00    0.0
2014/02/27 21:01:30.000   63.755929460  -68.510519230    91.1190   5   7   4.9834   3.4962   9.5623  -1.2048   3.5981   2.9291   0.00    0.0
2014/02/27 21:02:00.000   63.755923870  -68.510522478    91.0702   5   7   4.9737   3.4953   9.5190  -1.2336   3.5853   2.9032   0.00    0.0
2014/02/27 21:02:30.000   63.755922729  -68.510522234    92.0791   5   7   4.9641   3.4943   9.4757  -1.2617   3.5721   2.8779   0.00    0.0
2014/02/27 21:03:00.000   63.755928242  -68.510521035    91.3632   5   7   4.9546   3.4933   9.4324  -1.2890   3.5586   2.8534   0.00    0.0
2014/02/27 21:03:30.000   63.755936302  -68.510517192    90.0504   5   7   4.9453   3.4923   9.3892  -1.3157   3.5449   2.8296   0.00    0.0
2014/02/27 21:04:00.000   63.755922365  -68.510515500    92.1263   5   7   4.9360   3.4914   9.3460  -1.3416   3.5309   2.8066   0.00    0.0
2014/02/27 21:04:30.000   63.755943090  -68.510511619    89.6608   5   7   4.9269   3.4904   9.3029  -1.3670   3.5166   2.7844   0.00    0.0
2014/02/27 21:05:00.000   63.755930154  -68.510516192    91.8266   5   7   4.9179   3.4894   9.2598  -1.3918   3.5020   2.7630   0.00    0.0
2014/02/27 21:05:30.000   63.755940608  -68.510506657    90.3654   5   8   4.7762   3.0426   8.3545  -0.2652   2.3491   3.4546   0.00    0.0
2014/02/27 21:06:00.000   63.755930090  -68.510512230    90.3624   5   8   4.7640   3.0393   8.3288  -0.3340   2.3406   3.4384   0.00    0.0
2014/02/27 21:06:30.000   63.755940010  -68.510508842    90.4495   5   8   4.7520   3.0361   8.3031  -0.3907   2.3320   3.4227   0.00    0.0
2014/02/27 21:07:00.000   63.755939564  -68.510506677    90.7931   5   8   4.7400   3.0329   8.2775  -0.4400   2.3232   3.4073   0.00    0.0
2014/02/27 21:07:30.000   63.755934986  -68.510509743    90.4760   5   8   4.7282   3.0296   8.2520  -0.4841   2.3142   3.3923   0.00    0.0
2014/02/27 21:08:00.000   63.755938850  -68.510510154    90.4994   5   8   4.7164   3.0264   8.2265  -0.5244   2.3051   3.3778   0.00    0.0
2014/02/27 21:08:30.000   63.755936359  -68.510512682    89.2182   5   8   4.7047   3.0232   8.2010  -0.5617   2.2959   3.3636   0.00    0.0
2014/02/27 21:09:00.000   63.755933462  -68.510512031    89.4077   5   8   4.6932   3.0200   8.1756  -0.5965   2.2865   3.3498   0.00    0.0
2014/02/27 21:09:30.000   63.755941010  -68.510510578    88.1409   5   8   4.6817   3.0168   8.1502  -0.6293   2.2770   3.3364   0.00    0.0
2014/02/27 21:10:00.000   63.755935230  -68.510520501    90.3015   5   8   4.6704   3.0136   8.1249  -0.6603   2.2673   3.3235   0.00    0.0
2014/02/27 21:10:30.000   63.755934896  -68.510521947    89.9221   5   8   4.6591   3.0104   8.0996  -0.6898   2.2576   3.3109   0.00    0.0
2014/02/27 21:11:00.000   63.755945211  -68.510510554    87.9617   5   8   4.6480   3.0072   8.0743  -0.7180   2.2477   3.2988   0.00    0.0
2014/02/27 21:11:30.000   63.755934027  -68.510514360    87.8665   5   8   4.6370   3.0040   8.0490  -0.7450   2.2377   3.2870   0.00    0.0
2014/02/27 21:12:00.000   63.755935578  -68.510522382    87.6943   5   8   4.6260   3.0008   8.0238  -0.7709   2.2276   3.2757   0.00    0.0
2014/02/27 21:12:30.000   63.755941204  -68.510522870    88.2882   5   8   4.6152   2.9977   7.9986  -0.7959   2.2174   3.2649   0.00    0.0
2014/02/27 21:13:00.000   63.755937628  -68.510525245    88.2452   5   8   4.6045   2.9945   7.9734  -0.8200   2.2071   3.2544   0.00    0.0
2014/02/27 21:13:30.000   63.755939901  -68.510523546    89.0314   5   8   4.5938   2.9914   7.9481  -0.8434   2.1967   3.2444   0.00    0.0
2014/02/27 21:14:00.000   63.755934537  -68.510518112    89.0795   5   8   4.5833   2.9882   7.9229  -0.8659   2.1862   3.2348   0.00    0.0
2014/02/27 21:14:30.000   63.755937478  -68.510528314    88.7029   5   8   4.5729   2.9851   7.8977  -0.8879   2.1756   3.2256   0.00    0.0
2014/02/27 21:15:00.000   63.755937242  -68.510530901    88.9060   5   8   4.5626   2.9820   7.8724  -0.9092   2.1650   3.2169   0.00    0.0
2014/02/27 21:15:30.000   63.755939817  -68.510521873    88.9260   5   8   4.5523   2.9790   7.8472  -0.9299   2.1542   3.2085   0.00    0.0
2014/02/27 21:16:00.000   63.755942818  -68.510515275    89.0664   5   8   4.5433   2.9760   7.8225  -0.9488   2.1428   3.1991   0.00    0.0
2014/02/27 21:16:30.000   63.755938275  -68.510514046    89.7093   5   8   4.5346   2.9731   7.7980  -0.9670   2.1312   3.1897   0.00    0.0
2014/02/27 21:17:00.000   63.755928881  -68.510518315    90.9604   5   7   5.6878   3.0801   8.5756   1.3561   1.2407  -1.5353   0.00    0.0
2014/02/27 21:17:30.000   63.755932058  -68.510528385    91.7388   5   7   5.6721   3.0749   8.5691   1.3270   1.2219  -1.5767   0.00    0.0
2014/02/27 21:18:00.000   63.755930624  -68.510528867    90.7196   5   7   5.6568   3.0697   8.5628   1.2977   1.2029  -1.6160   0.00    0.0
2014/02/27 21:18:30.000   63.755934823  -68.510522091    90.5258   5   7   5.6417   3.0647   8.5566   1.2682   1.1836  -1.6535   0.00    0.0
2014/02/27 21:19:00.000   63.755934356  -68.510526721    91.1393   5   7   5.6268   3.0597   8.5506   1.2385   1.1640  -1.6891   0.00    0.0
2014/02/27 21:19:30.000   63.755934484  -68.510527396    90.3040   5   7   5.6122   3.0548   8.5447   1.2086   1.1442  -1.7231   0.00    0.0
2014/02/27 21:20:00.000   63.755938205  -68.510528387    90.0332   5   7   5.5978   3.0501   8.5388   1.1783   1.1240  -1.7556   0.00    0.0
2014/02/27 21:20:30.000   63.755940338  -68.510529526    90.1038   5   7   5.5837   3.0453   8.5331   1.1477   1.1036  -1.7867   0.00    0.0
2014/02/27 21:21:00.000   63.755937684  -68.510529752    89.6330   5   7   5.5698   3.0407   8.5275   1.1168   1.0829  -1.8164   0.00    0.0
2014/02/27 21:21:30.000   63.755940248  -68.510534075    90.3448   5   7   5.5562   3.0361   8.5220   1.0854   1.0618  -1.8449   0.00    0.0
2014/02/27 21:22:00.000   63.755945483  -68.510536680    91.2923   5   7   5.5428   3.0317   8.5166   1.0537   1.0404  -1.8722   0.00    0.0
2014/02/27 21:22:30.000   63.755943522  -68.510533812    90.8795   5   7   5.5296   3.0273   8.5113   1.0214   1.0186  -1.8984   0.00    0.0
2014/02/27 21:23:00.000   63.755947868  -68.510528316    90.3922   5   7   5.5167   3.0229   8.5061   0.9886   0.9964  -1.9235   0.00    0.0
2014/02/27 21:23:30.000   63.755951769  -68.510536387    90.6370   5   7   5.5040   3.0187   8.5010   0.9551   0.9738  -1.9476   0.00    0.0
2014/02/27 21:24:00.000   63.755948615  -68.510533722    89.8092   5   7   5.4915   3.0145   8.4959   0.9209   0.9507  -1.9707   0.00    0.0
2014/02/27 21:24:30.000   63.755950833  -68.510533383    89.4395   5   7   5.4793   3.0104   8.4910   0.8859   0.9272  -1.9930   0.00    0.0
2014/02/27 21:25:00.000   63.755951561  -68.510535542    89.7991   5   7   5.4672   3.0064   8.4860   0.8500   0.9031  -2.0143   0.00    0.0
2014/02/27 21:25:30.000   63.755950890  -68.510528979    89.4171   5   7   5.4554   3.0025   8.4812   0.8130   0.8786  -2.0349   0.00    0.0
2014/02/27 21:26:00.000   63.755953351  -68.510531497    89.2610   5   7   5.4438   2.9986   8.4764   0.7748   0.8534  -2.0546   0.00    0.0
2014/02/27 21:26:30.000   63.755954624  -68.510534581    89.3922   5   7   5.4325   2.9948   8.4717   0.7352   0.8276  -2.0736   0.00    0.0
2014/02/27 21:27:00.000   63.755951926  -68.510535100    88.4011   5   7   5.4213   2.9910   8.4671   0.6939   0.8012  -2.0918   0.00    0.0
2014/02/27 21:27:30.000   63.755955923  -68.510526360    88.4128   5   7   5.4104   2.9874   8.4624   0.6505   0.7740  -2.1094   0.00    0.0
2014/02/27 21:28:00.000   63.755955568  -68.510530203    88.1689   5   7   5.3996   2.9838   8.4579   0.6047   0.7460  -2.1263   0.00    0.0
2014/02/27 21:28:30.000   63.755956252  -68.510528996    88.7190   5   7   5.3891   2.9803   8.4533   0.5557   0.7171  -2.1425   0.00    0.0
2014/02/27 21:29:00.000   63.755958477  -68.510531914    88.9832   5   7   5.3788   2.9768   8.4488   0.5027   0.6871  -2.1581   0.00    0.0
2014/02/27 21:29:30.000   63.755958467  -68.510530975    89.2853   5   7   5.3687   2.9734   8.4444   0.4441   0.6561  -2.1731   0.00    0.0
2014/02/27 21:30:00.000   63.755965857  -68.510526990    88.9946   5   7   5.3588   2.9701   8.4399   0.3774   0.6237  -2.1875   0.00    0.0
2014/02/27 21:30:30.000   63.755960726  -68.510522973    88.1995   5   7   5.3491   2.9669   8.4355   0.2971   0.5899  -2.2013   0.00    0.0
2014/02/27 21:31:00.000   63.755957674  -68.510530476    88.3013   5   7   5.3396   2.9637   8.4311   0.1864   0.5544  -2.2146   0.00    0.0
2014/02/27 21:31:30.000   63.755962379  -68.510524518    87.9535   5   7   5.3303   2.9606   8.4267  -0.1350   0.5167  -2.2274   0.00    0.0
2014/02/27 21:32:00.000   63.755957403  -68.510525673    88.5212   5   7   5.3212   2.9575   8.4223  -0.2658   0.4765  -2.2396   0.00    0.0
2014/02/27 21:32:30.000   63.755960613  -68.510525627    87.6353   5   7   5.3122   2.9546   8.4179  -0.3500   0.4330  -2.2514   0.00    0.0
2014/02/27 21:33:00.000   63.755962534  -68.510525905    88.3046   5   7   5.3035   2.9516   8.4136  -0.4169   0.3852  -2.2626   0.00    0.0
2014/02/27 21:33:30.000   63.755959836  -68.510519446    87.7891   5   7   5.2950   2.9488   8.4092  -0.4740   0.3312  -2.2734   0.00    0.0
2014/02/27 21:34:00.000   63.755957319  -68.510516564    88.1415   5   7   5.2866   2.9460   8.4048  -0.5244   0.2673  -2.2837   0.00    0.0
2014/02/27 21:34:30.000   63.755964140  -68.510517076    88.1778   5   7   5.2785   2.9433   8.4003  -0.5700   0.1835  -2.2936   0.00    0.0
2014/02/27 21:35:00.000   63.755956321  -68.510519381    87.9409   5   7   5.2705   2.9406   8.3959  -0.6118  -0.0597  -2.3030   0.00    0.0
2014/02/27 21:35:30.000   63.755954588  -68.510521973    88.2278   5   7   5.2628   2.9380   8.3914  -0.6506  -0.2008  -2.3120   0.00    0.0
2014/02/27 21:36:00.000   63.755958194  -68.510523017    88.0988   5   7   5.2552   2.9355   8.3869  -0.6870  -0.2766  -2.3206   0.00    0.0
2014/02/27 21:36:30.000   63.755959919  -68.510518110    87.9219   5   7   5.2478   2.9330   8.3824  -0.7212  -0.3349  -2.3287   0.00    0.0
2014/02/27 21:37:00.000   63.755959272  -68.510523513    88.0613   5   7   5.2405   2.9306   8.3778  -0.7537  -0.3837  -2.3364   0.00    0.0
2014/02/27 21:37:30.000   63.755956261  -68.510521972    88.1517   5   7   5.2335   2.9282   8.3732  -0.7845  -0.4263  -2.3438   0.00    0.0
2014/02/27 21:38:00.000   63.755956382  -68.510522679    88.3472   5   7   5.2266   2.9259   8.3685  -0.8141  -0.4643  -2.3507   0.00    0.0
2014/02/27 21:38:30.000   63.755953810  -68.510524595    87.7096   5   7   5.2200   2.9236   8.3637  -0.8424  -0.4988  -2.3572   0.00    0.0
2014/02/27 21:39:00.000   63.755954550  -68.510530921    87.6212   5   7   5.2134   2.9215   8.3589  -0.8696  -0.5305  -2.3634   0.00    0.0
2014/02/27 21:39:30.000   63.755954956  -68.510525016    87.7487   5   6   6.4240   3.1134   9.6121  -2.2075  -2.3361   3.5033   0.00    0.0
2014/02/27 21:40:00.000   63.755959828  -68.510520642    87.9549   5   6   6.4149   3.1125   9.6194  -2.2187  -2.3512   3.5073   0.00    0.0
2014/02/27 21:40:30.000   63.755954579  -68.510523637    88.2978   5   6   6.4059   3.1116   9.6265  -2.2298  -2.3659   3.5115   0.00    0.0
2014/02/27 21:41:00.000   63.755953374  -68.510515631    87.7622   5   6   6.3971   3.1108   9.6335  -2.2407  -2.3803   3.5157   0.00    0.0
2014/02/27 21:41:30.000   63.755948518  -68.510516997    87.5358   5   6   6.3886   3.1100   9.6402  -2.2516  -2.3944   3.5199   0.00    0.0
2014/02/27 21:42:00.000   63.755951167  -68.510524428    88.4696   5   6   6.3802   3.1092   9.6466  -2.2623  -2.4081   3.5243   0.00    0.0
2014/02/27 21:42:30.000   63.755953009  -68.510515884    88.3353   5   6   6.3720   3.1085   9.6529  -2.2729  -2.4214   3.5286   0.00    0.0
2014/02/27 21:43:00.000   63.755945126  -68.510514138    87.4891   5   6   6.3640   3.1078   9.6588  -2.2833  -2.4343   3.5330   0.00    0.0
2014/02/27 21:43:30.000   63.755949062  -68.510514792    88.2650   5   6   6.3563   3.1072   9.6645  -2.2937  -2.4469   3.5374   0.00    0.0
2014/02/27 21:44:00.000   63.755953302  -68.510519581    88.8904   5   6   6.3486   3.1066   9.6699  -2.3040  -2.4590   3.5419   0.00    0.0
2014/02/27 21:44:30.000   63.755946756  -68.510514091    87.9224   5   6   6.3412   3.1060   9.6750  -2.3141  -2.4708   3.5463   0.00    0.0
2014/02/27 21:45:00.000   63.755946937  -68.510514456    89.0234   5   6   6.3340   3.1054   9.6797  -2.3242  -2.4821   3.5508   0.00    0.0
2014/02/27 21:45:30.000   63.755944123  -68.510514622    88.7202   5   6   6.3269   3.1048   9.6841  -2.3341  -2.4931   3.5552   0.00    0.0
2014/02/27 21:46:00.000   63.755942205  -68.510511210    88.9769   5   6   6.3201   3.1043   9.6882  -2.3440  -2.5036   3.5596   0.00    0.0
2014/02/27 21:46:30.000   63.755938053  -68.510520107    89.3677   5   6   6.3134   3.1038   9.6918  -2.3537  -2.5137   3.5639   0.00    0.0
2014/02/27 21:47:00.000   63.755934138  -68.510516113    89.0031   5   6   6.3068   3.1033   9.6951  -2.3634  -2.5233   3.5683   0.00    0.0
2014/02/27 21:47:30.000   63.755933886  -68.510515096    89.0266   5   6   6.3005   3.1028   9.6979  -2.3730  -2.5325   3.5726   0.00    0.0
2014/02/27 21:48:00.000   63.755937023  -68.510515436    89.7134   5   6   6.2943   3.1024   9.7003  -2.3824  -2.5412   3.5768   0.00    0.0
2014/02/27 21:48:30.000   63.755936468  -68.510518633    89.1264   5   6   6.2883   3.1019   9.7023  -2.3918  -2.5495   3.5809   0.00    0.0
2014/02/27 21:49:00.000   63.755931646  -68.510512661    89.0072   5   6   6.2824   3.1015   9.7038  -2.4011  -2.5572   3.5850   0.00    0.0
2014/02/27 21:49:30.000   63.755928151  -68.510524139    89.7646   5   6   6.2767   3.1010   9.7048  -2.4103  -2.5645   3.5890   0.00    0.0
2014/02/27 21:50:00.000   63.755924789  -68.510522438    89.5886   5   6   6.2712   3.1006   9.7054  -2.4194  -2.5713   3.5929   0.00    0.0
2014/02/27 21:50:30.000   63.755924376  -68.510520294    89.0470   5   6   6.2658   3.1001   9.7054  -2.4284  -2.5776   3.5968   0.00    0.0
2014/02/27 21:51:00.000   63.755925419  -68.510522258    89.6483   5   6   6.2605   3.0997   9.7049  -2.4373  -2.5834   3.6005   0.00    0.0
2014/02/27 21:51:30.000   63.755922959  -68.510513911    88.9076   5   6   6.2554   3.0993   9.7039  -2.4461  -2.5887   3.6041   0.00    0.0
2014/02/27 21:52:00.000   63.755919017  -68.510525072    90.5503   5   6   6.2505   3.0989   9.7023  -2.4549  -2.5935   3.6076   0.00    0.0
2014/02/27 21:52:30.000   63.755914982  -68.510511978    89.0940   5   6   6.2457   3.0984   9.7002  -2.4635  -2.5977   3.6110   0.00    0.0
2014/02/27 21:53:00.000   63.755918411  -68.510511795    89.6592   5   6   6.2410   3.0980   9.6975  -2.4721  -2.6014   3.6142   0.00    0.0
2014/02/27 21:53:30.000   63.755916815  -68.510518509    90.7462   5   6   6.2365   3.0975   9.6941  -2.4806  -2.6046   3.6173   0.00    0.0
2014/02/27 21:54:00.000   63.755911003  -68.510522795    90.6622   5   6   6.2321   3.0971   9.6902  -2.4890  -2.6072   3.6203   0.00    0.0
2014/02/27 21:54:30.000   63.755921519  -68.510517178    91.0939   5   6   6.2278   3.0966   9.6857  -2.4973  -2.6092   3.6232   0.00    0.0
2014/02/27 21:55:00.000   63.755916895  -68.510526530    92.0009   5   6   6.2237   3.0962   9.6806  -2.5055  -2.6107   3.6259   0.00    0.0
2014/02/27 21:55:30.000   63.755916120  -68.510523285    91.6663   5   6   6.2196   3.0957   9.6748  -2.5137  -2.6116   3.6284   0.00    0.0
2014/02/27 21:56:00.000   63.755919927  -68.510526632    90.6556   5   6   6.2157   3.0952   9.6684  -2.5218  -2.6119   3.6308   0.00    0.0
2014/02/27 21:56:30.000   63.755922385  -68.510535825    92.1202   5   6   6.2120   3.0947   9.6614  -2.5298  -2.6116   3.6330   0.00    0.0
2014/02/27 21:57:00.000   63.755918638  -68.510528528    91.5227   5   6   6.2083   3.0942   9.6537  -2.5377  -2.6108   3.6351   0.00    0.0
2014/02/27 21:57:30.000   63.755917005  -68.510527062    91.5517   5   6   6.2047   3.0937   9.6453  -2.5455  -2.6094   3.6370   0.00    0.0
2014/02/27 21:58:00.000   63.755920489  -68.510526363    91.6417   5   6   6.2013   3.0931   9.6362  -2.5532  -2.6073   3.6388   0.00    0.0
2014/02/27 21:58:30.000   63.755914605  -68.510529630    92.0698   5   6   6.1979   3.0926   9.6265  -2.5609  -2.6047   3.6404   0.00    0.0
2014/02/27 21:59:00.000   63.755913494  -68.510533014    92.2843   5   6   6.1947   3.0920   9.6161  -2.5685  -2.6014   3.6418   0.00    0.0
2014/02/27 21:59:30.000   63.755919465  -68.510534975    91.7827   5   6   6.1915   3.0914   9.6050  -2.5760  -2.5976   3.6430   0.00    0.0
2014/02/27 22:00:00.000   63.755917187  -68.510534086    91.9022   5   6   6.1885   3.0908   9.5932  -2.5834  -2.5931   3.6441   0.00    0.0
2014/02/27 22:00:30.000   63.755915295  -68.510538722    92.6020   5   6   6.1855   3.0902   9.5807  -2.5908  -2.5880   3.6451   0.00    0.0
2014/02/27 22:01:00.000   63.755914708  -68.510542189    92.5627   5   6   6.1827   3.0896   9.5676  -2.5981  -2.5823   3.6458   0.00    0.0
2014/02/27 22:01:30.000   63.755907472  -68.510543539    93.1819   5   6   6.1799   3.0890   9.5537  -2.6053  -2.5760   3.6464   0.00    0.0
2014/02/27 22:02:00.000   63.755917464  -68.510542025    94.0704   5   6   6.1772   3.0883   9.5392  -2.6124  -2.5691   3.6468   0.00    0.0
2014/02/27 22:02:30.000   63.755916761  -68.510535983    92.7841   5   7   5.1686   3.0769   8.6630  -2.4475  -2.3538  -0.2559   0.00    0.0
2014/02/27 22:03:00.000   63.755914996  -68.510538487    92.3645   5   7   5.1604   3.0763   8.6568  -2.4553  -2.3472  -0.1096   0.00    0.0
2014/02/27 22:03:30.000   63.755914047  -68.510537486    92.1703   5   7   5.1523   3.0757   8.6501  -2.4632  -2.3400   0.2070   0.00    0.0
2014/02/27 22:04:00.000   63.755915209  -68.510531453    92.3381   5   7   5.1443   3.0751   8.6428  -2.4710  -2.3323   0.3149   0.00    0.0
2014/02/27 22:04:30.000   63.755920926  -68.510537443    91.4972   5   7   5.1364   3.0745   8.6350  -2.4789  -2.3240   0.3960   0.00    0.0
2014/02/27 22:05:00.000   63.755910244  -68.510533976    91.5485   5   7   5.1286   3.0740   8.6266  -2.4867  -2.3151   0.4646   0.00    0.0
2014/02/27 22:05:30.000   63.755920521  -68.510532526    91.5712   5   7   5.1209   3.0734   8.6177  -2.4946  -2.3056   0.5256   0.00    0.0
2014/02/27 22:06:00.000   63.755921504  -68.510537230    91.8554   5   7   5.1133   3.0728   8.6082  -2.5024  -2.2956   0.5814   0.00    0.0
2014/02/27 22:06:30.000   63.755922626  -68.510546290    91.6144   5   7   5.1057   3.0722   8.5981  -2.5103  -2.2850   0.6333   0.00    0.0
2014/02/27 22:07:00.000   63.755913787  -68.510550911    90.7755   5   7   5.0983   3.0717   8.5876  -2.5181  -2.2739   0.6822   0.00    0.0
2014/02/27 22:07:30.000   63.755918401  -68.510553151    92.0107   5   7   5.0910   3.0711   8.5764  -2.5260  -2.2621   0.7288   0.00    0.0
2014/02/27 22:08:00.000   63.755924750  -68.510555376    92.4470   5   7   5.0837   3.0706   8.5647  -2.5338  -2.2498   0.7734   0.00    0.0
2014/02/27 22:08:30.000   63.755920603  -68.510552471    92.3679   5   7   5.0766   3.0700   8.5525  -2.5417  -2.2368   0.8163   0.00    0.0
2014/02/27 22:09:00.000   63.755922639  -68.510558589    93.1912   5   7   5.0695   3.0695   8.5397  -2.5495  -2.2233   0.8578   0.00    0.0
2014/02/27 22:09:30.000   63.755919929  -68.510565767    93.5229   5   7   5.0626   3.0690   8.5263  -2.5573  -2.2092   0.8981   0.00    0.0
2014/02/27 22:10:00.000   63.755919359  -68.510560444    93.4501   5   6   5.6402   3.0688   9.2358  -2.5440  -2.1590   3.1364   0.00    0.0
2014/02/27 22:10:30.000   63.755916733  -68.510563602    93.7282   5   6   5.6280   3.0683   9.2298  -2.5544  -2.1475   3.1477   0.00    0.0
2014/02/27 22:11:00.000   63.755922463  -68.510559869    93.3589   5   6   5.6161   3.0678   9.2231  -2.5647  -2.1352   3.1589   0.00    0.0
2014/02/27 22:11:30.000   63.755921052  -68.510566915    94.2679   5   6   5.6043   3.0673   9.2158  -2.5747  -2.1223   3.1700   0.00    0.0
2014/02/27 22:12:00.000   63.755926587  -68.510568376    93.8959   5   6   5.5927   3.0668   9.2078  -2.5847  -2.1087   3.1811   0.00    0.0
2014/02/27 22:12:30.000   63.755928354  -68.510564600    93.3907   5   6   5.5813   3.0664   9.1992  -2.5944  -2.0943   3.1921   0.00    0.0
2014/02/27 22:13:00.000   63.755933410  -68.510568756    93.1509   5   6   5.5700   3.0660   9.1899  -2.6040  -2.0793   3.2029   0.00    0.0
2014/02/27 22:13:30.000   63.755936209  -68.510570678    94.3800   5   6   5.5589   3.0657   9.1799  -2.6134  -2.0635   3.2138   0.00    0.0
2014/02/27 22:14:00.000   63.755938778  -68.510574800    93.6446   5   6   5.5479   3.0654   9.1693  -2.6227  -2.0469   3.2245   0.00    0.0
2014/02/27 22:14:30.000   63.755936028  -68.510572848    93.8120   5   6   5.5371   3.0651   9.1580  -2.6318  -2.0297   3.2351   0.00    0.0
2014/02/27 22:15:00.000   63.755934638  -68.510568653    92.5503   5   6   5.5264   3.0649   9.1461  -2.6407  -2.0116   3.2456   0.00    0.0
2014/02/27 22:15:30.000   63.755939230  -68.510571670    92.5192   5   6   5.5159   3.0647   9.1336  -2.6495  -1.9928   3.2560   0.00    0.0
2014/02/27 22:16:00.000   63.755939335  -68.510566392    92.0074   5   6   5.5056   3.0645   9.1204  -2.6581  -1.9733   3.2663   0.00    0.0
2014/02/27 22:16:30.000   63.755940066  -68.510570268    92.0820   5   6   5.4954   3.0644   9.1065  -2.6665  -1.9529   3.2765   0.00    0.0
2014/02/27 22:17:00.000   63.755938575  -68.510572827    92.8120   5   6   5.4853   3.0644   9.0921  -2.6748  -1.9318   3.2865   0.00    0.0
2014/02/27 22:17:30.000   63.755945125  -68.510574854    92.2466   5   6   5.4754   3.0644   9.0770  -2.6830  -1.9099   3.2965   0.00    0.0
2014/02/27 22:18:00.000   63.755943599  -68.510570283    91.7678   5   6   5.4657   3.0644   9.0614  -2.6909  -1.8871   3.3063   0.00    0.0
2014/02/27 22:18:30.000   63.755943724  -68.510575695    92.1692   5   6   5.4561   3.0645   9.0451  -2.6988  -1.8636   3.3160   0.00    0.0
2014/02/27 22:19:00.000   63.755938605  -68.510571973    91.5023   5   7   4.9819   2.7581   8.7913  -2.0938  -2.4755   3.9476   0.00    0.0
2014/02/27 22:19:30.000   63.755942254  -68.510564649    90.9909   5   7   4.9672   2.7513   8.7810  -2.0926  -2.4539   3.9491   0.00    0.0
2014/02/27 22:20:00.000   63.755944125  -68.510562983    90.5820   5   7   4.9526   2.7445   8.7700  -2.0912  -2.4315   3.9503   0.00    0.0
2014/02/27 22:20:30.000   63.755944506  -68.510560865    90.2238   5   7   4.9380   2.7376   8.7585  -2.0895  -2.4082   3.9514   0.00    0.0
2014/02/27 22:21:00.000   63.755942157  -68.510559577    89.2980   5   7   4.9236   2.7307   8.7464  -2.0876  -2.3840   3.9521   0.00    0.0
2014/02/27 22:21:30.000   63.755942676  -68.510555700    88.4855   5   7   4.9092   2.7238   8.7337  -2.0854  -2.3590   3.9526   0.00    0.0
2014/02/27 22:22:00.000   63.755940972  -68.510557512    88.9846   5   7   4.8950   2.7168   8.7204  -2.0829  -2.3332   3.9529   0.00    0.0
2014/02/27 22:22:30.000   63.755944182  -68.510560947    88.2051   5   7   4.8808   2.7099   8.7066  -2.0802  -2.3064   3.9529   0.00    0.0
2014/02/27 22:23:00.000   63.755940857  -68.510561215    88.1369   5   7   4.8667   2.7029   8.6922  -2.0773  -2.2787   3.9527   0.00    0.0
2014/02/27 22:23:30.000   63.755938362  -68.510564981    89.1136   5   7   4.8528   2.6960   8.6773  -2.0741  -2.2502   3.9523   0.00    0.0
2014/02/27 22:24:00.000   63.755940795  -68.510554038    88.2370   5   7   4.8389   2.6891   8.6618  -2.0707  -2.2207   3.9516   0.00    0.0
2014/02/27 22:24:30.000   63.755937100  -68.510561243    89.1666   5   7   4.8251   2.6822   8.6459  -2.0670  -2.1902   3.9506   0.00    0.0
2014/02/27 22:25:00.000   63.755942768  -68.510556326    88.7283   5   7   4.8113   2.6753   8.6294  -2.0631  -2.1589   3.9495   0.00    0.0
2014/02/27 22:25:30.000   63.755937902  -68.510556912    89.3410   5   7   4.7977   2.6684   8.6125  -2.0590  -2.1265   3.9481   0.00    0.0
2014/02/27 22:26:00.000   63.755941684  -68.510556452    88.7842   5   7   4.7842   2.6616   8.5951  -2.0546  -2.0932   3.9465   0.00    0.0
2014/02/27 22:26:30.000   63.755940167  -68.510555871    88.4609   5   7   4.7707   2.6549   8.5773  -2.0500  -2.0588   3.9447   0.00    0.0
2014/02/27 22:27:00.000   63.755937862  -68.510549249    88.2751   5   7   4.7574   2.6481   8.5590  -2.0452  -2.0235   3.9426   0.00    0.0
2014/02/27 22:27:30.000   63.755936712  -68.510550824    88.7392   5   7   4.7441   2.6415   8.5403  -2.0401  -1.9870   3.9404   0.00    0.0
2014/02/27 22:28:00.000   63.755935914  -68.510552612    89.6169   5   7   4.7309   2.6349   8.5213  -2.0349  -1.9495   3.9379   0.00    0.0
2014/02/27 22:28:30.000   63.755935723  -68.510546373    90.3766   5   7   4.7178   2.6283   8.5018  -2.0294  -1.9109   3.9352   0.00    0.0
2014/02/27 22:29:00.000   63.755937953  -68.510551609    91.7531   5   7   4.7048   2.6219   8.4820  -2.0237  -1.8710   3.9324   0.00    0.0
2014/02/27 22:29:30.000   63.755939937  -68.510538387    89.5195   5   7   4.6919   2.6155   8.4620  -2.0178  -1.8300   3.9293   0.00    0.0
2014/02/27 22:30:00.000   63.755934985  -68.510548571    91.8024   5   7   4.6791   2.6092   8.4416  -2.0117  -1.7877   3.9260   0.00    0.0
2014/02/27 22:30:30.000   63.755934571  -68.510541553    90.3416   5   7   4.6664   2.6031   8.4209  -2.0053  -1.7441   3.9226   0.00    0.0
2014/02/27 22:31:00.000   63.755936736  -68.510527248    88.6079   5   7   4.6537   2.5970   8.4000  -1.9988  -1.6992   3.9189   0.00    0.0
2014/02/27 22:31:30.000   63.755934823  -68.510546098    92.1457   5   7   4.6412   2.5910   8.3788  -1.9921  -1.6527   3.9151   0.00    0.0
2014/02/27 22:32:00.000   63.755933032  -68.510544406    93.5432   5   7   4.6277   2.5812   8.3328  -1.9886  -1.5758   3.9190   0.00    0.0
2014/02/27 22:32:30.000   63.755936098  -68.510534018    91.2713   5   7   4.6158   2.5773   8.3223  -1.9798  -1.5388   3.9112   0.00    0.0
2014/02/27 22:33:00.000   63.755934051  -68.510528383    91.2186   5   7   4.6040   2.5735   8.3119  -1.9710  -1.5006   3.9034   0.00    0.0
2014/02/27 22:33:30.000   63.755932734  -68.510534508    93.1948   5   7   4.5922   2.5697   8.3017  -1.9620  -1.4612   3.8955   0.00    0.0
2014/02/27 22:34:00.000   63.755938988  -68.510505529    87.7398   5   6   4.7178   3.1218  11.8107  -1.3436  -4.1197   2.3686   0.00    0.0
2014/02/27 22:34:30.000   63.755940121  -68.510509701    87.9410   5   6   4.7003   3.1108  11.8326  -1.3531  -4.0995   2.3918   0.00    0.0
2014/02/27 22:35:00.000   63.755937046  -68.510508169    89.3713   5   6   4.6831   3.0997  11.8537  -1.3622  -4.0783   2.4151   0.00    0.0
2014/02/27 22:35:30.000   63.755937379  -68.510504485    88.4012   5   6   4.6660   3.0885  11.8741  -1.3709  -4.0561   2.4385   0.00    0.0
2014/02/27 22:36:00.000   63.755940898  -68.510500818    88.5979   5   6   4.6492   3.0772  11.8938  -1.3793  -4.0329   2.4620   0.00    0.0
2014/02/27 22:36:30.000   63.755936888  -68.510503961    88.6544   5   6   4.6326   3.0658  11.9129  -1.3872  -4.0086   2.4855   0.00    0.0
2014/02/27 22:37:00.000   63.755937874  -68.510508080    88.3979   5   6   4.6163   3.0543  11.9313  -1.3947  -3.9833   2.5091   0.00    0.0
2014/02/27 22:37:30.000   63.755937593  -68.510501719    86.8529   5   6   4.6001   3.0427  11.9490  -1.4019  -3.9569   2.5327   0.00    0.0
2014/02/27 22:38:00.000   63.755937454  -68.510503827    88.0224   5   6   4.5842   3.0310  11.9660  -1.4086  -3.9294   2.5563   0.00    0.0
2014/02/27 22:38:30.000   63.755938783  -68.510505658    86.9753   5   6   4.5684   3.0193  11.9824  -1.4150  -3.9009   2.5799   0.00    0.0
2014/02/27 22:39:00.000   63.755936155  -68.510508407    88.5432   5   6   4.5529   3.0075  11.9981  -1.4210  -3.8713   2.6035   0.00    0.0
2014/02/27 22:39:30.000   63.755936847  -68.510503111    87.9252   5   6   4.5376   2.9957  12.0132  -1.4267  -3.8405   2.6271   0.00    0.0
2014/02/27 22:40:00.000   63.755939326  -68.510500917    88.2781   5   6   4.5225   2.9839  12.0277  -1.4319  -3.8087   2.6507   0.00    0.0
2014/02/27 22:40:30.000   63.755943511  -68.510495999    92.2753   5   5   4.8073   2.9863  14.6909  -1.2559  -3.4354   4.6057   0.00    0.0
2014/02/27 22:41:00.000   63.755941618  -68.510496801    93.1014   5   5   4.7978   2.9741  14.8020  -1.2622  -3.3952   4.6622   0.00    0.0
2014/02/27 22:41:30.000   63.755945216  -68.510495374    93.3407   5   5   4.7889   2.9621  14.9151  -1.2674  -3.3525   4.7196   0.00    0.0
2014/02/27 22:42:00.000   63.755944126  -68.510487591    93.4527   5   5   4.7804   2.9501  15.0304  -1.2715  -3.3073   4.7779   0.00    0.0
2014/02/27 22:42:30.000   63.755940029  -68.510498549    93.4367   5   5   4.7724   2.9382  15.1480  -1.2746  -3.2592   4.8371   0.00    0.0
2014/02/27 22:43:00.000   63.755937771  -68.510501688    95.6552   5   5   4.7649   2.9265  15.2678  -1.2765  -3.2081   4.8973   0.00    0.0
2014/02/27 22:43:30.000   63.755937496  -68.510494960    94.6707   5   5   4.7580   2.9150  15.3900  -1.2774  -3.1538   4.9585   0.00    0.0
2014/02/27 22:44:00.000   63.755943770  -68.510491779    94.4562   5   5   4.7515   2.9035  15.5147  -1.2771  -3.0959   5.0206   0.00    0.0
2014/02/27 22:44:30.000   63.755936855  -68.510490749    95.2377   5   5   4.7456   2.8923  15.6419  -1.2755  -3.0342   5.0839   0.00    0.0
2014/02/27 22:45:00.000   63.755940049  -68.510498156    92.9499   5   5   4.7402   2.8813  15.7718  -1.2728  -2.9684   5.1482   0.00    0.0
2014/02/27 22:45:30.000   63.755940908  -68.510494413    95.2991   5   5   4.7354   2.8705  15.9043  -1.2687  -2.8979   5.2136   0.00    0.0
2014/02/27 22:46:00.000   63.755938963  -68.510496090    94.6612   5   5   4.7311   2.8599  16.0397  -1.2633  -2.8223   5.2802   0.00    0.0
2014/02/27 22:46:30.000   63.755941391  -68.510499004    93.3360   5   6   4.5976   2.8444  13.4996  -1.1782  -3.0095   6.1975   0.00    0.0
2014/02/27 22:47:00.000   63.755945110  -68.510502645    96.1399   5   6   4.6024   2.8330  13.5914  -1.1623  -2.9651   6.2432   0.00    0.0
2014/02/27 22:47:30.000   63.755940139  -68.510508870    95.4517   5   6   4.6076   2.8217  13.6843  -1.1449  -2.9182   6.2897   0.00    0.0
2014/02/27 22:48:00.000   63.755941641  -68.510502237    94.6681   5   6   4.6134   2.8106  13.7784  -1.1260  -2.8685   6.3370   0.00    0.0
2014/02/27 22:48:30.000   63.755942208  -68.510506166    92.5098   5   6   4.6197   2.7996  13.8738  -1.1054  -2.8159   6.3850   0.00    0.0
2014/02/27 22:49:00.000   63.755939438  -68.510500089    94.0990   5   6   4.6265   2.7888  13.9704  -1.0830  -2.7600   6.4338   0.00    0.0
2014/02/27 22:49:30.000   63.755943254  -68.510497142    92.2740   5   6   4.6338   2.7782  14.0683  -1.0586  -2.7006   6.4834   0.00    0.0
2014/02/27 22:50:00.000   63.755940610  -68.510501179    92.9805   5   6   4.6418   2.7677  14.1674  -1.0322  -2.6374   6.5337   0.00    0.0
2014/02/27 22:50:30.000   63.755939780  -68.510501874    93.3497   5   6   4.6502   2.7575  14.2677  -1.0033  -2.5701   6.5848   0.00    0.0
2014/02/27 22:51:00.000   63.755940984  -68.510499092    90.7053   5   6   4.6592   2.7474  14.3693  -0.9719  -2.4983   6.6368   0.00    0.0
2014/02/27 22:51:30.000   63.755940197  -68.510506998    94.1953   5   6   4.6688   2.7377  14.4722  -0.9375  -2.4214   6.6895   0.00    0.0
2014/02/27 22:52:00.000   63.755942739  -68.510509324    93.0764   5   6   4.6790   2.7282  14.5763  -0.8997  -2.3389   6.7430   0.00    0.0
2014/02/27 22:52:30.000   63.755946613  -68.510506392    94.3161   5   6   4.6897   2.7189  14.6816  -0.8582  -2.2501   6.7972   0.00    0.0
2014/02/27 22:53:00.000   63.755948069  -68.510504325    93.8594   5   6   4.7009   2.7100  14.7882  -0.8122  -2.1540   6.8523   0.00    0.0
2014/02/27 22:53:30.000   63.755943403  -68.510506753    95.2871   5   6   4.7128   2.7014  14.8960  -0.7608  -2.0496   6.9082   0.00    0.0
2014/02/27 22:54:00.000   63.755945399  -68.510505473    94.7737   5   6   4.7252   2.6932  15.0050  -0.7028  -1.9355   6.9648   0.00    0.0
2014/02/27 22:54:30.000   63.755946455  -68.510506374    95.1512   5   6   4.7382   2.6853  15.1152  -0.6362  -1.8095   7.0223   0.00    0.0
2014/02/27 22:55:00.000   63.755944809  -68.510510286    97.1670   5   6   4.7518   2.6779  15.2266  -0.5580  -1.6690   7.0804   0.00    0.0
2014/02/27 22:55:30.000   63.755939121  -68.510516440    97.6943   5   6   4.7659   2.6709  15.3391  -0.4621  -1.5098   7.1394   0.00    0.0
2014/02/27 22:56:00.000   63.755938951  -68.510518082    98.2865   5   6   4.7807   2.6643  15.4528  -0.3334  -1.3249   7.1991   0.00    0.0
2014/02/27 22:56:30.000   63.755941208  -68.510517439    98.8594   5   6   4.7960   2.6583  15.5675  -0.0642  -1.1013   7.2595   0.00    0.0
2014/02/27 22:57:00.000   63.755943827  -68.510513574   100.1792   5   6   4.8118   2.6527  15.6832   0.3282  -0.8071   7.3206   0.00    0.0
2014/02/27 22:57:30.000   63.755943271  -68.510518391   100.3720   5   6   4.8283   2.6477  15.7999   0.4738  -0.2663   7.3824   0.00    0.0
2014/02/27 22:58:00.000   63.755947344  -68.510513716   101.5216   5   6   4.8453   2.6433  15.9175   0.5885   0.7275   7.4449   0.00    0.0
2014/02/27 22:58:30.000   63.755950197  -68.510506429   100.4200   5   6   4.8628   2.6395  16.0360   0.6880   1.0722   7.5080   0.00    0.0
2014/02/27 22:59:00.000   63.755950179  -68.510514081   101.3473   5   6   4.8809   2.6364  16.1553   0.7782   1.3380   7.5717   0.00    0.0
2014/02/27 22:59:30.000   63.755955537  -68.510508296   101.2676   5   6   4.8995   2.6339  16.2753   0.8621   1.5658   7.6360   0.00    0.0
2014/02/27 23:00:00.000   63.755952688  -68.510511070   101.8928   5   6   4.9187   2.6321  16.3960   0.9415   1.7704   7.7008   0.00    0.0
2014/02/27 23:00:30.000   63.755954415  -68.510511288   103.0431   5   6   4.9383   2.6311  16.5171   1.0174   1.9591   7.7661   0.00    0.0
2014/02/27 23:01:00.000   63.755958787  -68.510505238   104.0331   5   6   4.9585   2.6308  16.6387   1.0907   2.1363   7.8319   0.00    0.0
2014/02/27 23:01:30.000   63.755956970  -68.510509919   102.1496   5   6   4.9791   2.6314  16.7606   1.1618   2.3046   7.8980   0.00    0.0
2014/02/27 23:02:00.000   63.755956068  -68.510515429   100.2026   5   6   5.0001   2.6328  16.8827   1.2312   2.4659   7.9644   0.00    0.0
2014/02/27 23:02:30.000   63.755959121  -68.510509608   102.1119   5   6   5.0216   2.6350  17.0049   1.2992   2.6216   8.0311   0.00    0.0
2014/02/27 23:03:00.000   63.755959312  -68.510508255   101.9986   5   6   5.0435   2.6382  17.1269   1.3660   2.7724   8.0980   0.00    0.0
2014/02/27 23:03:30.000   63.755956685  -68.510516776    99.2745   5   6   5.0657   2.6423  17.2487   1.4318   2.9194   8.1650   0.00    0.0
2014/02/27 23:04:00.000   63.755959492  -68.510511783    99.7548   5   6   5.0882   2.6473  17.3701   1.4967   3.0628   8.2320   0.00    0.0
2014/02/27 23:04:30.000   63.755959001  -68.510511588    98.2209   5   6   5.1111   2.6533  17.4908   1.5609   3.2033   8.2990   0.00    0.0
2014/02/27 23:05:00.000   63.755961954  -68.510510125    98.3994   5   6   5.1342   2.6603  17.6108   1.6243   3.3411   8.3658   0.00    0.0
2014/02/27 23:05:30.000   63.755958907  -68.510509425    97.7575   5   6   5.1575   2.6684  17.7297   1.6872   3.4765   8.4323   0.00    0.0
2014/02/27 23:06:00.000   63.755957386  -68.510514864    98.5028   5   6   5.1810   2.6774  17.8473   1.7495   3.6096   8.4984   0.00    0.0
2014/02/27 23:06:30.000   63.755956324  -68.510515271    98.1213   5   6   5.2046   2.6876  17.9634   1.8112   3.7408   8.5640   0.00    0.0
2014/02/27 23:07:00.000   63.755955236  -68.510512776    98.0099   5   6   5.2282   2.6987  18.0778   1.8724   3.8699   8.6290   0.00    0.0
2014/02/27 23:07:30.000   63.755951868  -68.510509884    97.9449   5   6   5.2519   2.7110  18.1901   1.9331   3.9972   8.6932   0.00    0.0
2014/02/27 23:08:00.000   63.755941318  -68.510526966    95.6679   5   6   5.2754   2.7243  18.3002   1.9933   4.1227   8.7565   0.00    0.0
2014/02/27 23:08:30.000   63.755943571  -68.510527185    96.3484   5   6   5.2989   2.7386  18.4076   2.0529   4.2464   8.8188   0.00    0.0
2014/02/27 23:09:00.000   63.755943096  -68.510525985    95.6937   5   6   5.3221   2.7540  18.5121   2.1120   4.3682   8.8798   0.00    0.0
2014/02/27 23:09:30.000   63.755938879  -68.510530371    94.8534   5   6   5.3451   2.7704  18.6134   2.1704   4.4883   8.9395   0.00    0.0
2014/02/27 23:10:00.000   63.755942250  -68.510521212    95.0140   5   6   5.3677   2.7878  18.7111   2.2283   4.6064   8.9976   0.00    0.0
2014/02/27 23:10:30.000   63.755940897  -68.510526163    95.1497   5   6   5.3899   2.8063  18.8049   2.2854   4.7226   9.0540   0.00    0.0
2014/02/27 23:11:00.000   63.755945115  -68.510525423    95.1141   5   6   5.4115   2.8256  18.8944   2.3419   4.8367   9.1085   0.00    0.0
2014/02/27 23:11:30.000   63.755943943  -68.510525427    94.3692   5   6   5.4326   2.8458  18.9792   2.3975   4.9488   9.1609   0.00    0.0
2014/02/27 23:12:00.000   63.755949204  -68.510521449    96.2134   5   6   5.4530   2.8670  19.0591   2.4523   5.0586   9.2110   0.00    0.0
2014/02/27 23:12:30.000   63.755943761  -68.510531021    92.0566   5   6   5.4725   2.8889  19.1337   2.5062   5.1661   9.2586   0.00    0.0
2014/02/27 23:13:00.000   63.755945154  -68.510524852    93.2738   5   6   5.4912   2.9115  19.2025   2.5591   5.2711   9.3036   0.00    0.0
2014/02/27 23:13:30.000   63.755943160  -68.510530044    92.0098   5   6   5.5090   2.9349  19.2652   2.6110   5.3735   9.3458   0.00    0.0
2014/02/27 23:14:00.000   63.755950537  -68.510520332    94.4117   5   6   5.5257   2.9588  19.3215   2.6617   5.4732   9.3849   0.00    0.0
2014/02/27 23:14:30.000   63.755948033  -68.510526516    92.3924   5   6   5.5412   2.9833  19.3710   2.7112   5.5700   9.4208   0.00    0.0
2014/02/27 23:15:00.000   63.755948248  -68.510533212    92.6742   5   6   5.5555   3.0083  19.4134   2.7593   5.6638   9.4532   0.00    0.0
2014/02/27 23:15:30.000   63.755936741  -68.510540454    89.5435   5   6   5.5684   3.0336  19.4483   2.8061   5.7544   9.4821   0.00    0.0
2014/02/27 23:16:00.000   63.755941849  -68.510527312    92.0328   5   6   5.5800   3.0592  19.4755   2.8514   5.8417   9.5073   0.00    0.0
2014/02/27 23:16:30.000   63.755941516  -68.510534396    91.1018   5   6   5.5900   3.0850  19.4946   2.8952   5.9256   9.5285   0.00    0.0
2014/02/27 23:17:00.000   63.755937994  -68.510544695    88.7980   5   6   5.5985   3.1109  19.5055   2.9373   6.0058   9.5457   0.00    0.0
2014/02/27 23:17:30.000   63.755939829  -68.510538287    88.9210   5   6   5.6053   3.1368  19.5078   2.9776   6.0823   9.5586   0.00    0.0
2014/02/27 23:18:00.000   63.755941215  -68.510540643    89.2861   5   6   5.6104   3.1627  19.5013   3.0162   6.1549   9.5673   0.00    0.0
2014/02/27 23:18:30.000   63.755937036  -68.510547593    86.3580   5   6   5.5888   3.1713  19.4440   3.0243   6.1896   9.5362   0.00    0.0
2014/02/27 23:19:00.000   63.755944328  -68.510540690    88.1924   5   6   5.5945   3.1995  19.4266   3.0642   6.2599   9.5419   0.00    0.0
2014/02/27 23:19:30.000   63.755937413  -68.510545346    86.2201   5   6   5.5986   3.2277  19.4015   3.1022   6.3268   9.5436   0.00    0.0
2014/02/27 23:20:00.000   63.755942781  -68.510530924    88.3738   5   6   5.6013   3.2563  19.3729   3.1391   6.3920   9.5423   0.00    0.0
2014/02/27 23:20:30.000   63.755934460  -68.510546751    86.2074   5   6   5.6023   3.2846  19.3354   3.1739   6.4531   9.5367   0.00    0.0
2014/02/27 23:21:00.000   63.755939240  -68.510546148    88.2226   5   6   5.6015   3.3123  19.2891   3.2068   6.5099   9.5267   0.00    0.0
2014/02/27 23:21:30.000   63.755944203  -68.510541171    88.7992   5   6   5.5989   3.3395  19.2338   3.2376   6.5624   9.5123   0.00    0.0
2014/02/27 23:22:00.000   63.755933549  -68.510553994    84.8681   5   6   5.5945   3.3660  19.1697   3.2662   6.6105   9.4934   0.00    0.0
2014/02/27 23:22:30.000   63.755943923  -68.510542014    88.7681   5   6   5.5883   3.3918  19.0968   3.2928   6.6541   9.4701   0.00    0.0
2014/02/27 23:23:00.000   63.755936201  -68.510552483    86.1307   5   6   5.5803   3.4168  19.0153   3.3172   6.6932   9.4425   0.00    0.0
2014/02/27 23:23:30.000   63.755935406  -68.510553888    86.0009   5   6   5.5704   3.4408  18.9252   3.3394   6.7279   9.4105   0.00    0.0
2014/02/27 23:24:00.000   63.755941833  -68.510542421    89.1811   5   6   5.5588   3.4639  18.8269   3.3594   6.7580   9.3742   0.00    0.0
2014/02/27 23:24:30.000   63.755942019  -68.510536477    89.9007   5   6   5.5455   3.4861  18.7204   3.3773   6.7838   9.3338   0.00    0.0
2014/02/27 23:25:00.000   63.755942920  -68.510533245    89.9759   5   6   5.5304   3.5071  18.6061   3.3929   6.8051   9.2893   0.00    0.0
2014/02/27 23:25:30.000   63.755948684  -68.510524443    92.5535   5   6   5.5137   3.5271  18.4843   3.4064   6.8220   9.2408   0.00    0.0
2014/02/27 23:26:00.000   63.755956638  -68.510514519    95.3157   5   6   5.4953   3.5459  18.3552   3.4178   6.8346   9.1886   0.00    0.0
2014/02/27 23:26:30.000   63.755958411  -68.510508465    96.2448   5   6   5.4754   3.5635  18.2192   3.4271   6.8430   9.1326   0.00    0.0
2014/02/27 23:27:00.000   63.755958983  -68.510500414    96.6720   5   6   5.4540   3.5800  18.0766   3.4343   6.8473   9.0732   0.00    0.0
2014/02/27 23:27:30.000   63.755953803  -68.510512025    94.9054   5   6   5.4311   3.5952  17.9279   3.4394   6.8476   9.0105   0.00    0.0
2014/02/27 23:28:00.000   63.755953718  -68.510508028    94.9107   5   6   5.4070   3.6093  17.7735   3.4426   6.8439   8.9446   0.00    0.0
2014/02/27 23:28:30.000   63.755958458  -68.510503029    96.7277   5   6   5.3815   3.6221  17.6136   3.4439   6.8365   8.8757   0.00    0.0
2014/02/27 23:29:00.000   63.755953460  -68.510506144    94.7523   5   6   5.3548   3.6337  17.4488   3.4433   6.8255   8.8040   0.00    0.0
2014/02/27 23:29:30.000   63.755955442  -68.510512893    94.9187   5   6   5.3271   3.6441  17.2794   3.4409   6.8110   8.7298   0.00    0.0
2014/02/27 23:30:00.000   63.755949156  -68.510521090    93.2508   5   6   5.2983   3.6533  17.1059   3.4368   6.7932   8.6532   0.00    0.0
2014/02/27 23:30:30.000   63.755954765  -68.510514534    93.6735   5   6   5.2686   3.6613  16.9286   3.4310   6.7721   8.5743   0.00    0.0
2014/02/27 23:31:00.000   63.755940485  -68.510535075    89.7415   5   6   5.2380   3.6682  16.7481   3.4237   6.7481   8.4936   0.00    0.0
2014/02/27 23:31:30.000   63.755950156  -68.510522924    91.8294   5   6   5.2066   3.6739  16.5646   3.4148   6.7211   8.4110   0.00    0.0
2014/02/27 23:32:00.000   63.755955547  -68.510512421    93.6440   5   6   5.1746   3.6785  16.3787   3.4045   6.6915   8.3268   0.00    0.0
2014/02/27 23:32:30.000   63.755951639  -68.510515728    92.5997   5   6   5.1420   3.6821  16.1906   3.3928   6.6594   8.2412   0.00    0.0
2014/02/27 23:33:00.000   63.755947885  -68.510524594    92.1022   5   6   5.1088   3.6846  16.0007   3.3799   6.6248   8.1543   0.00    0.0
2014/02/27 23:33:30.000   63.755956627  -68.510513584    92.8813   5   6   5.0752   3.6862  15.8095   3.3657   6.5881   8.0664   0.00    0.0
2014/02/27 23:34:00.000   63.755946864  -68.510530790    90.5034   5   6   5.0412   3.6868  15.6172   3.3504   6.5493   7.9777   0.00    0.0
2014/02/27 23:34:30.000   63.755944216  -68.510542473    89.4740   5   6   5.0069   3.6864  15.4242   3.3341   6.5086   7.8882   0.00    0.0
2014/02/27 23:35:00.000   63.755953104  -68.510523410    90.9813   5   6   4.9724   3.6852  15.2308   3.3167   6.4661   7.7982   0.00    0.0
2014/02/27 23:35:30.000   63.755947309  -68.510536650    90.7758   5   6   4.9378   3.6832  15.0372   3.2985   6.4220   7.7077   0.00    0.0
2014/02/27 23:36:00.000   63.755953883  -68.510527334    91.3598   5   6   4.9030   3.6804  14.8438   3.2794   6.3765   7.6170   0.00    0.0
2014/02/27 23:36:30.000   63.755944595  -68.510543461    89.0506   5   6   4.8682   3.6768  14.6509   3.2595   6.3297   7.5261   0.00    0.0
2014/02/27 23:37:00.000   63.755953048  -68.510530757    91.9726   5   6   4.8334   3.6725  14.4585   3.2389   6.2816   7.4353   0.00    0.0
2014/02/27 23:37:30.000   63.755945647  -68.510536948    90.6185   5   7   2.8541   3.0308   8.5525   1.5447   3.9064   3.1446   0.00    0.0
2014/02/27 23:38:00.000   63.755947142  -68.510526686    91.2696   5   7   2.8507   3.0375   8.5210   1.5511   3.9122   3.1385   0.00    0.0
2014/02/27 23:38:30.000   63.755946719  -68.510527184    91.5186   5   7   2.8474   3.0441   8.4891   1.5573   3.9174   3.1323   0.00    0.0
2014/02/27 23:39:00.000   63.755947450  -68.510530774    90.6342   5   7   2.8442   3.0504   8.4568   1.5634   3.9219   3.1261   0.00    0.0
2014/02/27 23:39:30.000   63.755941898  -68.510535438    90.9205   5   7   2.8411   3.0566   8.4243   1.5693   3.9258   3.1198   0.00    0.0
2014/02/27 23:40:00.000   63.755951987  -68.510517877    90.9941   5   7   2.8380   3.0625   8.3914   1.5751   3.9291   3.1135   0.00    0.0
2014/02/27 23:40:30.000   63.755945530  -68.510535807    91.2705   5   7   2.8351   3.0683   8.3581   1.5807   3.9317   3.1072   0.00    0.0
2014/02/27 23:41:00.000   63.755952588  -68.510509899    92.3436   5   7   2.8322   3.0738   8.3246   1.5861   3.9337   3.1007   0.00    0.0
2014/02/27 23:41:30.000   63.755942308  -68.510537734    90.6537   5   7   2.8293   3.0791   8.2907   1.5913   3.9352   3.0943   0.00    0.0
2014/02/27 23:42:00.000   63.755950710  -68.510516754    91.4640   5   7   2.8266   3.0841   8.2564   1.5963   3.9360   3.0877   0.00    0.0
2014/02/27 23:42:30.000   63.755945894  -68.510531914    91.2818   5   7   2.8239   3.0889   8.2219   1.6012   3.9362   3.0812   0.00    0.0
2014/02/27 23:43:00.000   63.755945114  -68.510515888    91.5671   5   7   2.8213   3.0935   8.1870   1.6059   3.9358   3.0745   0.00    0.0
2014/02/27 23:43:30.000   63.755948330  -68.510522109    91.4499   5   7   2.8188   3.0979   8.1518   1.6104   3.9348   3.0678   0.00    0.0
2014/02/27 23:44:00.000   63.755942156  -68.510545754    90.6197   5   7   2.8163   3.1020   8.1163   1.6148   3.9332   3.0610   0.00    0.0
2014/02/27 23:44:30.000   63.755946701  -68.510538310    90.5061   5   7   2.8139   3.1058   8.0806   1.6189   3.9310   3.0542   0.00    0.0
2014/02/27 23:45:00.000   63.755948572  -68.510527138    90.3855   5   7   2.8116   3.1095   8.0445   1.6229   3.9282   3.0472   0.00    0.0
2014/02/27 23:45:30.000   63.755952007  -68.510537901    91.3199   5   7   2.8093   3.1128   8.0081   1.6267   3.9249   3.0403   0.00    0.0
2014/02/27 23:46:00.000   63.755958459  -68.510527083    92.1681   5   7   2.8071   3.1159   7.9715   1.6304   3.9210   3.0332   0.00    0.0
2014/02/27 23:46:30.000   63.755947241  -68.510543904    91.2578   5   7   2.8050   3.1188   7.9345   1.6338   3.9165   3.0260   0.00    0.0
2014/02/27 23:47:00.000   63.755951344  -68.510536081    90.5978   5   7   2.8030   3.1214   7.8974   1.6371   3.9114   3.0188   0.00    0.0
2014/02/27 23:47:30.000   63.755949701  -68.510542896    91.6674   5   7   2.8010   3.1238   7.8599   1.6402   3.9058   3.0115   0.00    0.0
2014/02/27 23:48:00.000   63.755953167  -68.510531739    92.0303   5   7   2.7991   3.1259   7.8222   1.6431   3.8997   3.0041   0.00    0.0
2014/02/27 23:48:30.000   63.755956828  -68.510511553    92.5469   5   7   2.7973   3.1277   7.7843   1.6458   3.8930   2.9966   0.00    0.0
2014/02/27 23:49:00.000   63.755957982  -68.510531939    92.6538   5   7   2.7955   3.1293   7.7461   1.6483   3.8857   2.9891   0.00    0.0
2014/02/27 23:49:30.000   63.755951818  -68.510531018    92.2490   5   7   2.7938   3.1307   7.7077   1.6507   3.8779   2.9814   0.00    0.0
2014/02/27 23:50:00.000   63.755956498  -68.510513677    91.6258   5   7   2.7921   3.1318   7.6691   1.6529   3.8696   2.9737   0.00    0.0
2014/02/27 23:50:30.000   63.755951433  -68.510542217    91.2265   5   7   2.7906   3.1326   7.6303   1.6549   3.8608   2.9659   0.00    0.0
2014/02/27 23:51:00.000   63.755943616  -68.510555936    90.3108   5   7   2.7891   3.1332   7.5913   1.6567   3.8515   2.9580   0.00    0.0
2014/02/27 23:51:30.000   63.755960602  -68.510538123    91.2393   5   7   2.7876   3.1335   7.5521   1.6583   3.8417   2.9500   0.00    0.0
2014/02/27 23:52:00.000   63.755951397  -68.510540944    90.7218   5   7   2.7863   3.1336   7.5127   1.6597   3.8314   2.9419   0.00    0.0
2014/02/27 23:52:30.000   63.755952212  -68.510538295    90.2700   5   7   2.7850   3.1335   7.4732   1.6610   3.8206   2.9338   0.00    0.0
2014/02/27 23:53:00.000   63.755959413  -68.510547058    90.2291   5   7   2.7837   3.1331   7.4335   1.6620   3.8093   2.9255   0.00    0.0
2014/02/27 23:53:30.000   63.755956406  -68.510545803    90.7271   5   7   2.7826   3.1324   7.3936   1.6629   3.7975   2.9172   0.00    0.0
2014/02/27 23:54:00.000   63.755955999  -68.510544630    90.8933   5   7   2.7815   3.1315   7.3536   1.6636   3.7853   2.9087   0.00    0.0
2014/02/27 23:54:30.000   63.755961568  -68.510541371    91.2138   5   7   2.7804   3.1304   7.3135   1.6641   3.7726   2.9002   0.00    0.0
2014/02/27 23:55:00.000   63.755957133  -68.510528608    91.1881   5   7   2.7795   3.1291   7.2733   1.6645   3.7595   2.8916   0.00    0.0
2014/02/27 23:55:30.000   63.755963097  -68.510516381    92.1108   5   7   2.7786   3.1275   7.2330   1.6646   3.7460   2.8829   0.00    0.0
2014/02/27 23:56:00.000   63.755952300  -68.510511619    90.1290   5   7   2.7778   3.1257   7.1926   1.6646   3.7320   2.8742   0.00    0.0
2014/02/27 23:56:30.000   63.755960731  -68.510526095    91.6996   5   7   2.7770   3.1237   7.1521   1.6644   3.7176   2.8653   0.00    0.0
2014/02/27 23:57:00.000   63.755966474  -68.510520832    92.4038   5   7   2.7736   3.1154   7.1081   1.6712   3.7085   2.8516   0.00    0.0
2014/02/27 23:57:30.000   63.755960254  -68.510537208    91.2100   5   8   2.7387   2.8313   7.0671   1.4909   3.7102   2.8507   0.00    0.0
2014/02/27 23:58:00.000   63.755960974  -68.510542038    92.0946   5   8   2.7362   2.8223   7.0271   1.4810   3.6868   2.8390   0.00    0.0
2014/02/27 23:58:30.000   63.755960413  -68.510531725    91.6124   5   9   2.3644   2.6025   6.0488   0.8352   3.1117   1.7869   0.00    0.0
2014/02/27 23:59:00.000   63.755957049  -68.510530973    90.6333   5   9   2.3622   2.5976   6.0243   0.8278   3.0969   1.7836   0.00    0.0
2014/02/27 23:59:30.000   63.755960797  -68.510543114    91.1509   5   9   2.3601   2.5927   5.9998   0.8203   3.0819   1.7804   0.00    0.0
