% program   : RTKPOST ver.demo5 b34b
% inp file  : D:\My Documents\Spoljar\Privat\Boston 2022\iqal620.14o
% inp file  : D:\My Documents\Spoljar\Privat\Boston 2022\brdc620.14n
% obs start : 2014/03/03 00:00:00.0 GPST (week1782  86400.0s)
% obs end   : 2014/03/03 23:59:30.0 GPST (week1782 172770.0s)
% pos mode  : Single
% elev mask : 15.0 deg
% ionos opt : Broadcast
% tropo opt : Saastamoinen
% ephemeris : Broadcast
% navi sys  : GPS
%
% (lat/lon/height=WGS84/ellipsoidal,Q=1:fix,2:float,3:sbas,4:dgps,5:single,6:ppp,ns=# of satellites)
%  GPST                  latitude(deg) longitude(deg)  height(m)   Q  ns   sdn(m)   sde(m)   sdu(m)  sdne(m)  sdeu(m)  sdun(m) age(s)  ratio
2014/03/03 00:00:00.000   63.755981096  -68.510489608    95.3965   5   8   2.8951   2.4331   5.4575   1.0990   1.6120   1.7675   0.00    0.0
2014/03/03 00:00:30.000   63.755982636  -68.510492802    95.1988   5   8   2.8901   2.4260   5.4639   1.0866   1.5871   1.7694   0.00    0.0
2014/03/03 00:01:00.000   63.755980628  -68.510495077    94.6927   5   8   2.8852   2.4191   5.4707   1.0742   1.5618   1.7716   0.00    0.0
2014/03/03 00:01:30.000   63.755979434  -68.510501501    95.8834   5   8   2.8804   2.4124   5.4778   1.0616   1.5362   1.7740   0.00    0.0
2014/03/03 00:02:00.000   63.755974685  -68.510502395    95.6959   5   8   2.8756   2.4057   5.4853   1.0490   1.5102   1.7765   0.00    0.0
2014/03/03 00:02:30.000   63.755978051  -68.510503122    94.9976   5   8   2.8708   2.3993   5.4930   1.0362   1.4837   1.7793   0.00    0.0
2014/03/03 00:03:00.000   63.755978895  -68.510506002    94.6738   5   8   2.8662   2.3930   5.5011   1.0233   1.4569   1.7822   0.00    0.0
2014/03/03 00:03:30.000   63.755974261  -68.510514330    95.4085   5   8   2.8616   2.3868   5.5094   1.0103   1.4295   1.7853   0.00    0.0
2014/03/03 00:04:00.000   63.755981548  -68.510504022    95.2215   5   8   2.8571   2.3808   5.5181   0.9972   1.4017   1.7886   0.00    0.0
2014/03/03 00:04:30.000   63.755974134  -68.510505990    94.9177   5   8   2.8527   2.3749   5.5270   0.9839   1.3733   1.7920   0.00    0.0
2014/03/03 00:05:00.000   63.755975202  -68.510508167    95.6285   5   8   2.8483   2.3692   5.5363   0.9704   1.3443   1.7956   0.00    0.0
2014/03/03 00:05:30.000   63.755975675  -68.510502040    94.8963   5   8   2.8441   2.3636   5.5458   0.9568   1.3146   1.7994   0.00    0.0
2014/03/03 00:06:00.000   63.755973437  -68.510507200    94.7086   5   8   2.8399   2.3582   5.5556   0.9430   1.2843   1.8034   0.00    0.0
2014/03/03 00:06:30.000   63.755974514  -68.510509606    95.2247   5   8   2.8357   2.3529   5.5657   0.9291   1.2532   1.8075   0.00    0.0
2014/03/03 00:07:00.000   63.755974373  -68.510503186    94.7813   5   8   2.8317   2.3478   5.5760   0.9149   1.2213   1.8117   0.00    0.0
2014/03/03 00:07:30.000   63.755974889  -68.510506169    95.8490   5   8   2.8277   2.3428   5.5866   0.9005   1.1884   1.8161   0.00    0.0
2014/03/03 00:08:00.000   63.755973730  -68.510502766    96.0783   5   8   2.8238   2.3380   5.5975   0.8859   1.1547   1.8207   0.00    0.0
2014/03/03 00:08:30.000   63.755973126  -68.510492255    95.5307   5   8   2.8200   2.3333   5.6086   0.8710   1.1198   1.8253   0.00    0.0
2014/03/03 00:09:00.000   63.755973412  -68.510500908    96.0736   5   8   2.8162   2.3287   5.6199   0.8559   1.0837   1.8301   0.00    0.0
2014/03/03 00:09:30.000   63.755970958  -68.510505587    95.6028   5   8   2.8126   2.3243   5.6315   0.8406   1.0464   1.8351   0.00    0.0
2014/03/03 00:10:00.000   63.755971711  -68.510488557    95.9054   5   8   2.8090   2.3200   5.6434   0.8249   1.0075   1.8402   0.00    0.0
2014/03/03 00:10:30.000   63.755971503  -68.510502518    96.3060   5   8   2.8055   2.3159   5.6554   0.8089   0.9670   1.8453   0.00    0.0
2014/03/03 00:11:00.000   63.755968590  -68.510495533    96.7960   5   8   2.8020   2.3119   5.6677   0.7926   0.9246   1.8506   0.00    0.0
2014/03/03 00:11:30.000   63.755973421  -68.510494807    95.8040   5   8   2.7987   2.3081   5.6801   0.7759   0.8800   1.8560   0.00    0.0
2014/03/03 00:12:00.000   63.755971906  -68.510497835    95.4337   5   8   2.7954   2.3044   5.6928   0.7588   0.8329   1.8616   0.00    0.0
2014/03/03 00:12:30.000   63.755971767  -68.510488508    95.5456   5   8   2.7922   2.3009   5.7056   0.7414   0.7828   1.8672   0.00    0.0
2014/03/03 00:13:00.000   63.755970271  -68.510495688    94.9816   5   8   2.7891   2.2975   5.7187   0.7234   0.7292   1.8729   0.00    0.0
2014/03/03 00:13:30.000   63.755973109  -68.510494322    95.4973   5   8   2.7861   2.2943   5.7319   0.7050   0.6710   1.8787   0.00    0.0
2014/03/03 00:14:00.000   63.755974147  -68.510501170    94.9807   5   8   2.7831   2.2912   5.7453   0.6861   0.6070   1.8846   0.00    0.0
2014/03/03 00:14:30.000   63.755970548  -68.510495081    94.8627   5   8   2.7803   2.2882   5.7588   0.6666   0.5353   1.8905   0.00    0.0
2014/03/03 00:15:00.000   63.755968168  -68.510494045    96.4043   5   8   2.7775   2.2854   5.7725   0.6464   0.4519   1.8966   0.00    0.0
2014/03/03 00:15:30.000   63.755969262  -68.510502390    97.1625   5   8   2.7748   2.2828   5.7863   0.6256   0.3487   1.9027   0.00    0.0
2014/03/03 00:16:00.000   63.755969772  -68.510503010    97.2055   5   8   2.7721   2.2803   5.8002   0.6040   0.1968   1.9088   0.00    0.0
2014/03/03 00:16:30.000   63.755965406  -68.510497641    96.4137   5   8   2.7696   2.2779   5.8143   0.5815  -0.2108   1.9151   0.00    0.0
2014/03/03 00:17:00.000   63.755969993  -68.510485814    95.7190   5   8   2.7671   2.2757   5.8284   0.5581  -0.3577   1.9213   0.00    0.0
2014/03/03 00:17:30.000   63.755967920  -68.510500115    95.0752   5   8   2.7647   2.2736   5.8427   0.5335  -0.4601   1.9277   0.00    0.0
2014/03/03 00:18:00.000   63.755967509  -68.510501137    95.3376   5   8   2.7624   2.2717   5.8570   0.5078  -0.5439   1.9340   0.00    0.0
2014/03/03 00:18:30.000   63.755973089  -68.510510520    94.2315   5   7   2.9067   2.4179   6.3127  -0.7266   1.2455   1.2853   0.00    0.0
2014/03/03 00:19:00.000   63.755970007  -68.510513127    93.9587   5   7   2.9021   2.4155   6.3316  -0.7390   1.2136   1.2971   0.00    0.0
2014/03/03 00:19:30.000   63.755968074  -68.510519660    94.1379   5   7   2.8977   2.4132   6.3505  -0.7511   1.1808   1.3087   0.00    0.0
2014/03/03 00:20:00.000   63.755964820  -68.510523253    94.6145   5   7   2.8934   2.4111   6.3696  -0.7632   1.1468   1.3203   0.00    0.0
2014/03/03 00:20:30.000   63.755966268  -68.510515082    94.5909   5   7   2.8892   2.4090   6.3887  -0.7752   1.1117   1.3318   0.00    0.0
2014/03/03 00:21:00.000   63.755965061  -68.510510215    93.0154   5   7   2.8850   2.4071   6.4079  -0.7870   1.0752   1.3432   0.00    0.0
2014/03/03 00:21:30.000   63.755963097  -68.510519171    93.7617   5   7   2.8811   2.4053   6.4272  -0.7988   1.0372   1.3545   0.00    0.0
2014/03/03 00:22:00.000   63.755959107  -68.510526294    94.1074   5   7   2.8772   2.4036   6.4465  -0.8105   0.9977   1.3658   0.00    0.0
2014/03/03 00:22:30.000   63.755961582  -68.510517049    94.2606   5   7   2.8734   2.4020   6.4658  -0.8220   0.9563   1.3769   0.00    0.0
2014/03/03 00:23:00.000   63.755959942  -68.510510114    94.5317   5   7   2.8697   2.4006   6.4851  -0.8335   0.9128   1.3879   0.00    0.0
2014/03/03 00:23:30.000   63.755958944  -68.510510979    94.2771   5   7   2.8662   2.3992   6.5044  -0.8450   0.8669   1.3989   0.00    0.0
2014/03/03 00:24:00.000   63.755956638  -68.510511164    94.0205   5   7   2.8627   2.3980   6.5237  -0.8563   0.8183   1.4097   0.00    0.0
2014/03/03 00:24:30.000   63.755956338  -68.510511846    93.1779   5   7   2.8594   2.3969   6.5429  -0.8676   0.7664   1.4204   0.00    0.0
2014/03/03 00:25:00.000   63.755959738  -68.510502641    92.8343   5   7   2.8561   2.3959   6.5620  -0.8788   0.7104   1.4310   0.00    0.0
2014/03/03 00:25:30.000   63.755955874  -68.510506747    92.8609   5   7   2.8530   2.3950   6.5811  -0.8900   0.6495   1.4414   0.00    0.0
2014/03/03 00:26:00.000   63.755953148  -68.510517646    93.7814   5   7   2.8500   2.3943   6.6000  -0.9010   0.5819   1.4517   0.00    0.0
2014/03/03 00:26:30.000   63.755951274  -68.510511981    93.7058   5   7   2.8471   2.3936   6.6188  -0.9121   0.5051   1.4619   0.00    0.0
2014/03/03 00:27:00.000   63.755953843  -68.510505910    92.5035   5   7   2.8443   2.3931   6.6374  -0.9230   0.4140   1.4720   0.00    0.0
2014/03/03 00:27:30.000   63.755949695  -68.510498276    93.0652   5   7   2.8415   2.3927   6.6558  -0.9339   0.2957   1.4818   0.00    0.0
2014/03/03 00:28:00.000   63.755950311  -68.510496354    93.3012   5   7   2.8389   2.3924   6.6741  -0.9448   0.0574   1.4916   0.00    0.0
2014/03/03 00:28:30.000   63.755950740  -68.510501645    93.5310   5   7   2.8364   2.3922   6.6921  -0.9556  -0.2847   1.5011   0.00    0.0
2014/03/03 00:29:00.000   63.755949679  -68.510503582    91.8226   5   7   2.8340   2.3922   6.7099  -0.9663  -0.4068   1.5105   0.00    0.0
2014/03/03 00:29:30.000   63.755946516  -68.510501499    92.7891   5   7   2.8317   2.3922   6.7274  -0.9770  -0.5001   1.5197   0.00    0.0
2014/03/03 00:30:00.000   63.755949312  -68.510490771    91.5613   5   7   2.8295   2.3923   6.7446  -0.9877  -0.5786   1.5287   0.00    0.0
2014/03/03 00:30:30.000   63.755944974  -68.510488818    92.9814   5   8   2.3437   2.3783   6.2221  -0.7634  -1.0545   2.5593   0.00    0.0
2014/03/03 00:31:00.000   63.755945093  -68.510494849    93.0051   5   8   2.3440   2.3783   6.2357  -0.7749  -1.0986   2.5655   0.00    0.0
2014/03/03 00:31:30.000   63.755944093  -68.510490341    93.5229   5   8   2.3444   2.3785   6.2490  -0.7862  -1.1411   2.5717   0.00    0.0
2014/03/03 00:32:00.000   63.755945891  -68.510501211    94.0673   5   8   2.3447   2.3787   6.2620  -0.7975  -1.1821   2.5777   0.00    0.0
2014/03/03 00:32:30.000   63.755945463  -68.510490649    92.4743   5   8   2.3452   2.3791   6.2747  -0.8086  -1.2216   2.5835   0.00    0.0
2014/03/03 00:33:00.000   63.755945166  -68.510489834    93.0352   5   8   2.3447   2.3793   6.2756  -0.8210  -1.2650   2.5846   0.00    0.0
2014/03/03 00:33:30.000   63.755943872  -68.510486537    92.2857   5   8   2.3453   2.3799   6.2891  -0.8317  -1.3013   2.5907   0.00    0.0
2014/03/03 00:34:00.000   63.755948211  -68.510490860    92.6453   5   8   2.3459   2.3805   6.3021  -0.8422  -1.3365   2.5967   0.00    0.0
2014/03/03 00:34:30.000   63.755952593  -68.510485002    94.7871   5   9   2.0176   2.3727   5.2830  -0.6969  -1.0872   1.6213   0.00    0.0
2014/03/03 00:35:00.000   63.755948637  -68.510490246    95.6257   5   9   2.0159   2.3729   5.2917  -0.7020  -1.1157   1.6225   0.00    0.0
2014/03/03 00:35:30.000   63.755951341  -68.510478213    95.0967   5   9   2.0142   2.3731   5.3003  -0.7071  -1.1434   1.6238   0.00    0.0
2014/03/03 00:36:00.000   63.755949439  -68.510492053    94.8846   5   9   2.0126   2.3734   5.3088  -0.7122  -1.1704   1.6251   0.00    0.0
2014/03/03 00:36:30.000   63.755953148  -68.510482143    94.8549   5   9   2.0110   2.3737   5.3172  -0.7173  -1.1968   1.6264   0.00    0.0
2014/03/03 00:37:00.000   63.755953719  -68.510482078    94.8317   5   9   2.0095   2.3741   5.3256  -0.7224  -1.2226   1.6279   0.00    0.0
2014/03/03 00:37:30.000   63.755948563  -68.510481415    94.7080   5   9   2.0081   2.3746   5.3338  -0.7274  -1.2477   1.6293   0.00    0.0
2014/03/03 00:38:00.000   63.755955367  -68.510478208    94.8740   5   9   2.0067   2.3751   5.3419  -0.7324  -1.2723   1.6309   0.00    0.0
2014/03/03 00:38:30.000   63.755951878  -68.510483330    94.0779   5   9   2.0055   2.3757   5.3500  -0.7374  -1.2964   1.6325   0.00    0.0
2014/03/03 00:39:00.000   63.755955702  -68.510478992    94.5083   5   9   2.0043   2.3763   5.3579  -0.7424  -1.3200   1.6341   0.00    0.0
2014/03/03 00:39:30.000   63.755953751  -68.510488514    94.9506   5   9   2.0031   2.3770   5.3656  -0.7474  -1.3431   1.6358   0.00    0.0
2014/03/03 00:40:00.000   63.755954595  -68.510478511    94.5977   5   9   2.0020   2.3777   5.3732  -0.7524  -1.3657   1.6375   0.00    0.0
2014/03/03 00:40:30.000   63.755956353  -68.510480611    94.4917   5   9   2.0010   2.3785   5.3807  -0.7573  -1.3878   1.6394   0.00    0.0
2014/03/03 00:41:00.000   63.755955209  -68.510475756    94.1782   5   9   2.0001   2.3793   5.3881  -0.7623  -1.4096   1.6412   0.00    0.0
2014/03/03 00:41:30.000   63.755953818  -68.510481636    94.8639   5   9   1.9987   2.3796   5.3945  -0.7656  -1.4326   1.6443   0.00    0.0
2014/03/03 00:42:00.000   63.755958259  -68.510482006    94.2107   5   9   1.9980   2.3806   5.4016  -0.7707  -1.4532   1.6461   0.00    0.0
2014/03/03 00:42:30.000   63.755953087  -68.510491876    95.3997   5   9   1.9973   2.3816   5.4084  -0.7759  -1.4735   1.6480   0.00    0.0
2014/03/03 00:43:00.000   63.755956575  -68.510472090    94.8303   5   9   1.9967   2.3827   5.4151  -0.7810  -1.4934   1.6499   0.00    0.0
2014/03/03 00:43:30.000   63.755955327  -68.510484005    95.2061   5   9   1.9962   2.3839   5.4217  -0.7861  -1.5129   1.6518   0.00    0.0
2014/03/03 00:44:00.000   63.755954510  -68.510501167    94.9424   5   9   1.9957   2.3850   5.4280  -0.7912  -1.5321   1.6538   0.00    0.0
2014/03/03 00:44:30.000   63.755959812  -68.510489728    94.3147   5   9   1.9953   2.3862   5.4341  -0.7962  -1.5509   1.6558   0.00    0.0
2014/03/03 00:45:00.000   63.755955471  -68.510486825    93.9774   5   9   1.9950   2.3875   5.4400  -0.8013  -1.5693   1.6578   0.00    0.0
2014/03/03 00:45:30.000   63.755954823  -68.510482064    94.0484   5   9   1.9947   2.3888   5.4457  -0.8063  -1.5874   1.6599   0.00    0.0
2014/03/03 00:46:00.000   63.755954498  -68.510484694    94.0957   5   9   1.9945   2.3901   5.4512  -0.8113  -1.6051   1.6621   0.00    0.0
2014/03/03 00:46:30.000   63.755953788  -68.510481801    94.5616   5   9   1.9944   2.3914   5.4564  -0.8163  -1.6225   1.6643   0.00    0.0
2014/03/03 00:47:00.000   63.755954738  -68.510486306    94.0153   5   9   1.9943   2.3928   5.4614  -0.8212  -1.6396   1.6665   0.00    0.0
2014/03/03 00:47:30.000   63.755955578  -68.510485242    93.4240   5   9   1.9943   2.3942   5.4661  -0.8262  -1.6563   1.6687   0.00    0.0
2014/03/03 00:48:00.000   63.755959936  -68.510484082    93.9273   5   9   1.9943   2.3956   5.4706  -0.8311  -1.6728   1.6710   0.00    0.0
2014/03/03 00:48:30.000   63.755956938  -68.510473586    93.7072   5   9   1.9944   2.3970   5.4749  -0.8360  -1.6888   1.6734   0.00    0.0
2014/03/03 00:49:00.000   63.755955074  -68.510480612    94.6449   5   9   1.9946   2.3985   5.4788  -0.8409  -1.7046   1.6757   0.00    0.0
2014/03/03 00:49:30.000   63.755952932  -68.510481485    94.9089   5   9   1.9949   2.4000   5.4825  -0.8458  -1.7201   1.6781   0.00    0.0
2014/03/03 00:50:00.000   63.755952642  -68.510478139    94.3370   5   9   1.9952   2.4015   5.4860  -0.8506  -1.7352   1.6805   0.00    0.0
2014/03/03 00:50:30.000   63.755955597  -68.510479454    95.3551   5   9   1.9955   2.4030   5.4891  -0.8555  -1.7500   1.6830   0.00    0.0
2014/03/03 00:51:00.000   63.755951489  -68.510477365    95.8545   5   9   1.9960   2.4045   5.4920  -0.8603  -1.7645   1.6855   0.00    0.0
2014/03/03 00:51:30.000   63.755953145  -68.510478275    95.1838   5   9   1.9965   2.4061   5.4945  -0.8651  -1.7787   1.6880   0.00    0.0
2014/03/03 00:52:00.000   63.755952580  -68.510481803    95.9956   5   9   1.9961   2.4076   5.4966  -0.8695  -1.7927   1.6913   0.00    0.0
2014/03/03 00:52:30.000   63.755950452  -68.510477435    94.4401   5   9   1.9969   2.4092   5.4986  -0.8744  -1.8063   1.6938   0.00    0.0
2014/03/03 00:53:00.000   63.755952114  -68.510475804    95.7312   5   9   1.9977   2.4108   5.5003  -0.8792  -1.8195   1.6963   0.00    0.0
2014/03/03 00:53:30.000   63.755950212  -68.510479415    96.6834   5   9   1.9986   2.4123   5.5017  -0.8840  -1.8325   1.6989   0.00    0.0
2014/03/03 00:54:00.000   63.755949190  -68.510480922    96.1814   5   9   1.9996   2.4139   5.5028  -0.8887  -1.8451   1.7014   0.00    0.0
2014/03/03 00:54:30.000   63.755948258  -68.510479929    95.6361   5   9   2.0006   2.4155   5.5035  -0.8935  -1.8575   1.7040   0.00    0.0
2014/03/03 00:55:00.000   63.755949740  -68.510471014    96.8609   5   9   2.0017   2.4171   5.5040  -0.8982  -1.8695   1.7065   0.00    0.0
2014/03/03 00:55:30.000   63.755943045  -68.510473654    96.3976   5   9   2.0028   2.4187   5.5041  -0.9030  -1.8813   1.7091   0.00    0.0
2014/03/03 00:56:00.000   63.755948348  -68.510471290    97.1100   5   9   2.0040   2.4203   5.5040  -0.9077  -1.8927   1.7117   0.00    0.0
2014/03/03 00:56:30.000   63.755948026  -68.510467667    96.6806   5   9   2.0053   2.4219   5.5035  -0.9123  -1.9038   1.7144   0.00    0.0
2014/03/03 00:57:00.000   63.755949455  -68.510472422    96.2696   5   9   2.0066   2.4235   5.5027  -0.9170  -1.9147   1.7170   0.00    0.0
2014/03/03 00:57:30.000   63.755949613  -68.510465623    96.5645   5   9   2.0080   2.4250   5.5016  -0.9216  -1.9253   1.7196   0.00    0.0
2014/03/03 00:58:00.000   63.755950265  -68.510481158    96.7685   5   9   2.0095   2.4266   5.5001  -0.9263  -1.9355   1.7223   0.00    0.0
2014/03/03 00:58:30.000   63.755949995  -68.510473709    97.2664   5   9   2.0110   2.4281   5.4984  -0.9309  -1.9455   1.7250   0.00    0.0
2014/03/03 00:59:00.000   63.755945170  -68.510476277    97.1407   5   9   2.0125   2.4297   5.4963  -0.9355  -1.9552   1.7277   0.00    0.0
2014/03/03 00:59:30.000   63.755947923  -68.510481034    97.2276   5   9   2.0124   2.4268   5.4906  -0.9335  -1.9573   1.7257   0.00    0.0
2014/03/03 01:00:00.000   63.755945348  -68.510479936    96.2590   5   9   2.0424   2.4293   5.5115  -0.9468  -1.9617   1.6790   0.00    0.0
2014/03/03 01:00:30.000   63.755948171  -68.510477380    97.1498   5   9   2.0439   2.4314   5.5102  -0.9519  -1.9715   1.6816   0.00    0.0
2014/03/03 01:01:00.000   63.755949068  -68.510481019    97.2108   5   9   2.0455   2.4334   5.5086  -0.9570  -1.9810   1.6842   0.00    0.0
2014/03/03 01:01:30.000   63.755946821  -68.510482520    97.2704   5   9   2.0472   2.4355   5.5067  -0.9621  -1.9903   1.6869   0.00    0.0
2014/03/03 01:02:00.000   63.755947747  -68.510485301    95.5724   5  10   1.9903   2.3080   5.3749  -0.7443  -2.2200   1.8527   0.00    0.0
2014/03/03 01:02:30.000   63.755951335  -68.510491627    95.8217   5  10   1.9907   2.3079   5.3770  -0.7457  -2.2259   1.8543   0.00    0.0
2014/03/03 01:03:00.000   63.755952063  -68.510491190    96.9163   5  10   1.9912   2.3078   5.3788  -0.7469  -2.2315   1.8559   0.00    0.0
2014/03/03 01:03:30.000   63.755950600  -68.510495660    96.9887   5  10   1.9918   2.3076   5.3804  -0.7482  -2.2367   1.8575   0.00    0.0
2014/03/03 01:04:00.000   63.755949911  -68.510498172    97.7147   5   9   2.3538   2.3128   6.4045  -0.8727  -2.3621   2.7942   0.00    0.0
2014/03/03 01:04:30.000   63.755947600  -68.510499930    97.6158   5   9   2.3578   2.3132   6.4245  -0.8813  -2.3749   2.8071   0.00    0.0
2014/03/03 01:05:00.000   63.755949042  -68.510486165    97.2462   5   9   2.3516   2.3128   6.4263  -0.8825  -2.3816   2.8012   0.00    0.0
2014/03/03 01:05:30.000   63.755949467  -68.510501249    98.1367   5   9   2.3572   2.3132   6.4484  -0.8918  -2.3947   2.8169   0.00    0.0
2014/03/03 01:06:00.000   63.755948167  -68.510492028    98.4586   5   9   2.3629   2.3136   6.4699  -0.9010  -2.4073   2.8322   0.00    0.0
2014/03/03 01:06:30.000   63.755950938  -68.510490968    98.4294   5   9   2.3686   2.3139   6.4908  -0.9099  -2.4196   2.8473   0.00    0.0
2014/03/03 01:07:00.000   63.755949295  -68.510486499    97.8684   5   9   2.3742   2.3142   6.5111  -0.9186  -2.4315   2.8620   0.00    0.0
2014/03/03 01:07:30.000   63.755957125  -68.510490040    95.4514   5   8   2.5667   2.3170   6.8525  -0.9825  -2.3957   2.5056   0.00    0.0
2014/03/03 01:08:00.000   63.755963081  -68.510494702    94.7920   5   8   2.5692   2.3172   6.8744  -0.9905  -2.4061   2.5221   0.00    0.0
2014/03/03 01:08:30.000   63.755960819  -68.510494708    96.3016   5   8   2.5717   2.3174   6.8956  -0.9983  -2.4159   2.5382   0.00    0.0
2014/03/03 01:09:00.000   63.755956515  -68.510498898    96.6990   5   8   2.5742   2.3175   6.9161  -1.0059  -2.4253   2.5538   0.00    0.0
2014/03/03 01:09:30.000   63.755956800  -68.510491209    96.8565   5   8   2.5767   2.3175   6.9359  -1.0132  -2.4342   2.5689   0.00    0.0
2014/03/03 01:10:00.000   63.755958278  -68.510487835    97.0131   5   8   2.5791   2.3175   6.9549  -1.0202  -2.4425   2.5835   0.00    0.0
2014/03/03 01:10:30.000   63.755960998  -68.510483355    95.7837   5   8   2.5815   2.3173   6.9731  -1.0270  -2.4503   2.5975   0.00    0.0
2014/03/03 01:11:00.000   63.755956630  -68.510495881    96.7909   5   8   2.5839   2.3171   6.9904  -1.0336  -2.4576   2.6111   0.00    0.0
2014/03/03 01:11:30.000   63.755958139  -68.510492253    96.2057   5   8   2.5862   2.3169   7.0068  -1.0398  -2.4644   2.6241   0.00    0.0
2014/03/03 01:12:00.000   63.755962000  -68.510480690    95.5838   5   8   2.5886   2.3165   7.0223  -1.0459  -2.4706   2.6365   0.00    0.0
2014/03/03 01:12:30.000   63.755955283  -68.510477976    96.2113   5   8   2.5908   2.3161   7.0368  -1.0516  -2.4762   2.6484   0.00    0.0
2014/03/03 01:13:00.000   63.755955704  -68.510476868    95.7918   5   8   2.5930   2.3156   7.0504  -1.0571  -2.4812   2.6597   0.00    0.0
2014/03/03 01:13:30.000   63.755954908  -68.510490833    97.4156   5   8   2.5952   2.3150   7.0630  -1.0623  -2.4856   2.6703   0.00    0.0
2014/03/03 01:14:00.000   63.755956806  -68.510484457    95.9195   5   8   2.5973   2.3143   7.0745  -1.0672  -2.4894   2.6804   0.00    0.0
2014/03/03 01:14:30.000   63.755953935  -68.510487211    95.9069   5   8   2.5993   2.3135   7.0850  -1.0718  -2.4927   2.6899   0.00    0.0
2014/03/03 01:15:00.000   63.755952637  -68.510483778    97.0662   5   9   2.5449   2.2649   6.7623  -0.9521  -2.6887   2.9048   0.00    0.0
2014/03/03 01:15:30.000   63.755953989  -68.510482218    96.8830   5   9   2.5459   2.2628   6.7762  -0.9540  -2.6913   2.9125   0.00    0.0
2014/03/03 01:16:00.000   63.755951668  -68.510487356    97.0125   5   9   2.5468   2.2605   6.7891  -0.9556  -2.6932   2.9196   0.00    0.0
2014/03/03 01:16:30.000   63.755952092  -68.510475762    95.4826   5   9   2.5475   2.2581   6.8009  -0.9567  -2.6945   2.9260   0.00    0.0
2014/03/03 01:17:00.000   63.755949873  -68.510485867    96.9389   5   9   2.5481   2.2556   6.8118  -0.9574  -2.6951   2.9318   0.00    0.0
2014/03/03 01:17:30.000   63.755954583  -68.510478477    96.7808   5   9   2.5486   2.2529   6.8216  -0.9577  -2.6951   2.9369   0.00    0.0
2014/03/03 01:18:00.000   63.755952553  -68.510483298    96.8619   5   9   2.5490   2.2501   6.8303  -0.9576  -2.6944   2.9413   0.00    0.0
2014/03/03 01:18:30.000   63.755951292  -68.510473416    96.3579   5   9   2.5492   2.2471   6.8379  -0.9570  -2.6930   2.9451   0.00    0.0
2014/03/03 01:19:00.000   63.755950193  -68.510491921    96.6902   5   9   2.5493   2.2440   6.8445  -0.9560  -2.6910   2.9481   0.00    0.0
2014/03/03 01:19:30.000   63.755949374  -68.510478292    96.6888   5   9   2.5492   2.2408   6.8498  -0.9546  -2.6882   2.9505   0.00    0.0
2014/03/03 01:20:00.000   63.755953179  -68.510481939    95.8706   5   9   2.5444   2.2368   6.8497  -0.9570  -2.6872   2.9457   0.00    0.0
2014/03/03 01:20:30.000   63.755951564  -68.510475400    96.3428   5   9   2.5431   2.2320   6.8522  -0.9516  -2.6842   2.9476   0.00    0.0
2014/03/03 01:21:00.000   63.755948422  -68.510485404    97.4271   5   9   2.5429   2.2287   6.8542  -0.9493  -2.6791   2.9476   0.00    0.0
2014/03/03 01:21:30.000   63.755951233  -68.510473970    96.8086   5   9   2.5426   2.2252   6.8550  -0.9466  -2.6733   2.9470   0.00    0.0
2014/03/03 01:22:00.000   63.755950740  -68.510480720    97.3526   5   9   2.5422   2.2217   6.8546  -0.9435  -2.6669   2.9457   0.00    0.0
2014/03/03 01:22:30.000   63.755952105  -68.510471846    96.0022   5   9   2.5417   2.2180   6.8531  -0.9400  -2.6598   2.9438   0.00    0.0
2014/03/03 01:23:00.000   63.755951511  -68.510469489    95.7579   5   9   2.5410   2.2142   6.8504  -0.9361  -2.6521   2.9412   0.00    0.0
2014/03/03 01:23:30.000   63.755950165  -68.510474618    95.5740   5   9   2.5403   2.2103   6.8466  -0.9318  -2.6437   2.9380   0.00    0.0
2014/03/03 01:24:00.000   63.755948712  -68.510471703    95.3498   5   9   2.5386   2.2055   6.8394  -0.9251  -2.6366   2.9361   0.00    0.0
2014/03/03 01:24:30.000   63.755950387  -68.510475838    96.2882   5   9   2.5378   2.2015   6.8339  -0.9205  -2.6266   2.9312   0.00    0.0
2014/03/03 01:25:00.000   63.755949675  -68.510465227    95.5560   5   9   2.5369   2.1975   6.8273  -0.9155  -2.6159   2.9257   0.00    0.0
2014/03/03 01:25:30.000   63.755945537  -68.510471892    95.6575   5   9   2.5359   2.1933   6.8194  -0.9102  -2.6046   2.9195   0.00    0.0
2014/03/03 01:26:00.000   63.755945777  -68.510471912    95.6151   5   9   2.5348   2.1891   6.8105  -0.9045  -2.5927   2.9128   0.00    0.0
2014/03/03 01:26:30.000   63.755943544  -68.510460148    94.4323   5   9   2.5336   2.1848   6.8005  -0.8985  -2.5803   2.9055   0.00    0.0
2014/03/03 01:27:00.000   63.755941215  -68.510467154    94.5022   5   9   2.5324   2.1804   6.7894  -0.8922  -2.5673   2.8977   0.00    0.0
2014/03/03 01:27:30.000   63.755941164  -68.510459873    94.6027   5   9   2.5310   2.1759   6.7772  -0.8855  -2.5537   2.8893   0.00    0.0
2014/03/03 01:28:00.000   63.755941113  -68.510469165    94.9843   5   9   2.5296   2.1714   6.7640  -0.8785  -2.5397   2.8804   0.00    0.0
2014/03/03 01:28:30.000   63.755937219  -68.510485470    96.7604   5   9   2.5282   2.1669   6.7498  -0.8713  -2.5251   2.8710   0.00    0.0
2014/03/03 01:29:00.000   63.755936855  -68.510472298    95.0027   5   9   2.5266   2.1622   6.7346  -0.8637  -2.5100   2.8611   0.00    0.0
2014/03/03 01:29:30.000   63.755934586  -68.510467191    94.3703   5   9   2.5250   2.1576   6.7185  -0.8559  -2.4944   2.8506   0.00    0.0
2014/03/03 01:30:00.000   63.755931946  -68.510463456    93.7060   5   9   2.5234   2.1529   6.7014  -0.8478  -2.4784   2.8398   0.00    0.0
2014/03/03 01:30:30.000   63.755935030  -68.510459278    93.5070   5   9   2.5217   2.1482   6.6835  -0.8394  -2.4619   2.8284   0.00    0.0
2014/03/03 01:31:00.000   63.755934031  -68.510458020    92.7666   5   9   2.5200   2.1434   6.6647  -0.8307  -2.4450   2.8167   0.00    0.0
2014/03/03 01:31:30.000   63.755935380  -68.510453475    93.9960   5   9   2.5183   2.1386   6.6451  -0.8219  -2.4276   2.8045   0.00    0.0
2014/03/03 01:32:00.000   63.755930941  -68.510467185    94.9029   5   9   2.5165   2.1338   6.6247  -0.8127  -2.4098   2.7919   0.00    0.0
2014/03/03 01:32:30.000   63.755929220  -68.510460847    94.0099   5   9   2.5147   2.1290   6.6035  -0.8034  -2.3917   2.7790   0.00    0.0
2014/03/03 01:33:00.000   63.755929718  -68.510460678    94.5792   5   9   2.5129   2.1242   6.5817  -0.7938  -2.3732   2.7656   0.00    0.0
2014/03/03 01:33:30.000   63.755928608  -68.510459993    93.8602   5   9   2.5111   2.1195   6.5591  -0.7841  -2.3543   2.7520   0.00    0.0
2014/03/03 01:34:00.000   63.755928829  -68.510455354    93.4204   5   9   2.5093   2.1147   6.5360  -0.7741  -2.3351   2.7380   0.00    0.0
2014/03/03 01:34:30.000   63.755926056  -68.510461788    93.9424   5   9   2.5075   2.1099   6.5122  -0.7639  -2.3156   2.7237   0.00    0.0
2014/03/03 01:35:00.000   63.755929620  -68.510462994    92.6162   5   9   2.5057   2.1051   6.4878  -0.7536  -2.2958   2.7091   0.00    0.0
2014/03/03 01:35:30.000   63.755928370  -68.510463037    93.4659   5   9   2.5039   2.1004   6.4629  -0.7430  -2.2756   2.6943   0.00    0.0
2014/03/03 01:36:00.000   63.755928613  -68.510477662    94.8619   5   9   2.5021   2.0957   6.4374  -0.7324  -2.2552   2.6791   0.00    0.0
2014/03/03 01:36:30.000   63.755928270  -68.510469258    92.1113   5   9   2.5004   2.0910   6.4115  -0.7215  -2.2346   2.6638   0.00    0.0
2014/03/03 01:37:00.000   63.755931989  -68.510461013    90.9448   5   9   2.4987   2.0864   6.3852  -0.7105  -2.2137   2.6482   0.00    0.0
2014/03/03 01:37:30.000   63.755934201  -68.510459576    90.5205   5   9   2.4970   2.0818   6.3585  -0.6994  -2.1925   2.6325   0.00    0.0
2014/03/03 01:38:00.000   63.755936584  -68.510459355    90.5857   5   9   2.4954   2.0773   6.3314  -0.6881  -2.1712   2.6165   0.00    0.0
2014/03/03 01:38:30.000   63.755935272  -68.510462222    91.0173   5   9   2.4938   2.0728   6.3039  -0.6767  -2.1497   2.6004   0.00    0.0
2014/03/03 01:39:00.000   63.755933472  -68.510461353    89.9992   5   9   2.4923   2.0684   6.2761  -0.6652  -2.1279   2.5841   0.00    0.0
2014/03/03 01:39:30.000   63.755935588  -68.510467895    90.4267   5   9   2.4908   2.0640   6.2481  -0.6535  -2.1060   2.5677   0.00    0.0
2014/03/03 01:40:00.000   63.755940487  -68.510472809    91.3783   5   9   2.4894   2.0596   6.2198  -0.6418  -2.0839   2.5512   0.00    0.0
2014/03/03 01:40:30.000   63.755937429  -68.510481307    91.0859   5   9   2.4881   2.0554   6.1913  -0.6299  -2.0617   2.5346   0.00    0.0
2014/03/03 01:41:00.000   63.755937074  -68.510479031    91.2638   5   9   2.4868   2.0512   6.1626  -0.6180  -2.0393   2.5179   0.00    0.0
2014/03/03 01:41:30.000   63.755942316  -68.510478978    90.8117   5   9   2.4856   2.0471   6.1337  -0.6059  -2.0168   2.5011   0.00    0.0
2014/03/03 01:42:00.000   63.755940496  -68.510479477    91.8289   5   9   2.4844   2.0430   6.1047  -0.5938  -1.9942   2.4842   0.00    0.0
2014/03/03 01:42:30.000   63.755940326  -68.510477652    91.0997   5   9   2.4834   2.0390   6.0756  -0.5816  -1.9714   2.4673   0.00    0.0
2014/03/03 01:43:00.000   63.755940948  -68.510485780    91.9758   5   9   2.4824   2.0351   6.0464  -0.5693  -1.9486   2.4504   0.00    0.0
2014/03/03 01:43:30.000   63.755943470  -68.510488144    92.4727   5   9   2.4815   2.0313   6.0172  -0.5569  -1.9256   2.4334   0.00    0.0
2014/03/03 01:44:00.000   63.755945544  -68.510489713    91.7041   5   9   2.4807   2.0275   5.9879  -0.5444  -1.9026   2.4164   0.00    0.0
2014/03/03 01:44:30.000   63.755943675  -68.510496481    92.2825   5   9   2.4800   2.0238   5.9586  -0.5319  -1.8795   2.3995   0.00    0.0
2014/03/03 01:45:00.000   63.755946013  -68.510495890    92.6611   5   9   2.4794   2.0202   5.9293  -0.5192  -1.8563   2.3825   0.00    0.0
2014/03/03 01:45:30.000   63.755951470  -68.510494432    92.6897   5   9   2.4789   2.0167   5.9000  -0.5065  -1.8330   2.3655   0.00    0.0
2014/03/03 01:46:00.000   63.755949583  -68.510505866    93.5372   5   9   2.4784   2.0132   5.8708  -0.4937  -1.8097   2.3486   0.00    0.0
2014/03/03 01:46:30.000   63.755951288  -68.510505143    93.1765   5   9   2.4781   2.0099   5.8416  -0.4809  -1.7863   2.3318   0.00    0.0
2014/03/03 01:47:00.000   63.755954569  -68.510501234    92.8054   5   9   2.4779   2.0066   5.8126  -0.4679  -1.7628   2.3150   0.00    0.0
2014/03/03 01:47:30.000   63.755954542  -68.510501345    93.8495   5   9   2.4778   2.0034   5.7836  -0.4549  -1.7393   2.2982   0.00    0.0
2014/03/03 01:48:00.000   63.755952182  -68.510503415    91.6518   5   9   2.4778   2.0003   5.7547  -0.4418  -1.7157   2.2815   0.00    0.0
2014/03/03 01:48:30.000   63.755955303  -68.510507324    92.2600   5   9   2.4778   1.9973   5.7260  -0.4286  -1.6921   2.2649   0.00    0.0
2014/03/03 01:49:00.000   63.755957670  -68.510510356    93.2792   5   9   2.4780   1.9944   5.6974  -0.4153  -1.6685   2.2484   0.00    0.0
2014/03/03 01:49:30.000   63.755948906  -68.510521400    91.4684   5   9   2.4784   1.9915   5.6690  -0.4018  -1.6448   2.2320   0.00    0.0
2014/03/03 01:50:00.000   63.755952440  -68.510520401    92.7465   5   9   2.4788   1.9888   5.6408  -0.3883  -1.6210   2.2157   0.00    0.0
2014/03/03 01:50:30.000   63.755955007  -68.510518570    94.0219   5   9   2.4793   1.9861   5.6128  -0.3746  -1.5972   2.1995   0.00    0.0
2014/03/03 01:51:00.000   63.755951767  -68.510521162    93.9789   5   9   2.4799   1.9835   5.5849  -0.3608  -1.5733   2.1834   0.00    0.0
2014/03/03 01:51:30.000   63.755961272  -68.510520365    95.7422   5   9   2.4807   1.9810   5.5573  -0.3468  -1.5494   2.1675   0.00    0.0
2014/03/03 01:52:00.000   63.755961660  -68.510514988    95.2538   5   9   2.4816   1.9786   5.5299  -0.3326  -1.5255   2.1517   0.00    0.0
2014/03/03 01:52:30.000   63.755959266  -68.510516018    94.1342   5   9   2.4826   1.9762   5.5027  -0.3182  -1.5014   2.1360   0.00    0.0
2014/03/03 01:53:00.000   63.755961048  -68.510514866    95.0450   5   9   2.4837   1.9740   5.4758  -0.3035  -1.4773   2.1205   0.00    0.0
2014/03/03 01:53:30.000   63.755956961  -68.510522736    93.6479   5   9   2.4849   1.9718   5.4492  -0.2886  -1.4532   2.1051   0.00    0.0
2014/03/03 01:54:00.000   63.755960067  -68.510520740    94.9588   5   9   2.4862   1.9697   5.4228  -0.2733  -1.4290   2.0899   0.00    0.0
2014/03/03 01:54:30.000   63.755963881  -68.510517292    95.4797   5   9   2.4877   1.9678   5.3966  -0.2576  -1.4047   2.0748   0.00    0.0
2014/03/03 01:55:00.000   63.755960434  -68.510520790    94.7655   5   9   2.4893   1.9658   5.3708  -0.2414  -1.3803   2.0599   0.00    0.0
2014/03/03 01:55:30.000   63.755961046  -68.510515027    94.4055   5   9   2.4910   1.9640   5.3452  -0.2245  -1.3558   2.0452   0.00    0.0
2014/03/03 01:56:00.000   63.755967556  -68.510513359    96.8037   5   9   2.4928   1.9623   5.3199  -0.2070  -1.3312   2.0307   0.00    0.0
2014/03/03 01:56:30.000   63.755962250  -68.510518195    96.0746   5   9   2.4947   1.9606   5.2950  -0.1884  -1.3065   2.0163   0.00    0.0
2014/03/03 01:57:00.000   63.755951560  -68.510525387    94.2189   5   9   2.4968   1.9590   5.2703  -0.1685  -1.2816   2.0022   0.00    0.0
2014/03/03 01:57:30.000   63.755958858  -68.510517498    96.0777   5   9   2.4990   1.9575   5.2460  -0.1467  -1.2566   1.9882   0.00    0.0
2014/03/03 01:58:00.000   63.755962127  -68.510519921    95.3046   5   9   2.5013   1.9561   5.2219  -0.1221  -1.2315   1.9744   0.00    0.0
2014/03/03 01:58:30.000   63.755952744  -68.510521783    93.5469   5   9   2.5037   1.9547   5.1982  -0.0922  -1.2062   1.9609   0.00    0.0
2014/03/03 01:59:00.000   63.755955260  -68.510526175    93.7935   5   9   2.5063   1.9535   5.1749  -0.0483  -1.1807   1.9475   0.00    0.0
2014/03/03 01:59:30.000   63.755960989  -68.510516118    93.4085   5   9   2.5089   1.9523   5.1518   0.0602  -1.1550   1.9344   0.00    0.0
2014/03/03 02:00:00.000   63.755943772  -68.510512205    95.5095   5  10   2.3832   2.0505   4.9088  -0.3968  -1.2946   2.2832   0.00    0.0
2014/03/03 02:00:30.000   63.755964305  -68.510502990    99.8475   5   9   5.1764   2.3556  10.2654   2.2793   2.9763   6.8292   0.00    0.0
2014/03/03 02:01:00.000   63.755965056  -68.510506556    99.0316   5   9   5.1975   2.3631  10.2847   2.3060   3.0168   6.8520   0.00    0.0
2014/03/03 02:01:30.000   63.755963250  -68.510508702    97.8938   5   9   5.2176   2.3707  10.3016   2.3321   3.0561   6.8731   0.00    0.0
2014/03/03 02:02:00.000   63.755970380  -68.510491712    98.2065   5   9   5.2366   2.3783  10.3161   2.3574   3.0941   6.8924   0.00    0.0
2014/03/03 02:02:30.000   63.755971779  -68.510492050    98.4108   5   9   5.2544   2.3859  10.3282   2.3820   3.1307   6.9099   0.00    0.0
2014/03/03 02:03:00.000   63.755973223  -68.510487588    98.8515   5   9   5.2711   2.3935  10.3378   2.4059   3.1660   6.9256   0.00    0.0
2014/03/03 02:03:30.000   63.755976529  -68.510478335   100.0213   5   9   5.2866   2.4011  10.3448   2.4290   3.1999   6.9394   0.00    0.0
2014/03/03 02:04:00.000   63.755975301  -68.510475520    98.9605   5   9   5.3009   2.4087  10.3492   2.4514   3.2325   6.9513   0.00    0.0
2014/03/03 02:04:30.000   63.755971361  -68.510480996    99.0955   5   9   5.3139   2.4162  10.3511   2.4728   3.2636   6.9612   0.00    0.0
2014/03/03 02:05:00.000   63.755967328  -68.510483170    99.0540   5   9   5.3257   2.4236  10.3503   2.4935   3.2933   6.9692   0.00    0.0
2014/03/03 02:05:30.000   63.755971554  -68.510474854   100.0884   5   9   5.3362   2.4309  10.3468   2.5132   3.3215   6.9752   0.00    0.0
2014/03/03 02:06:00.000   63.755969203  -68.510472790    98.2476   5   9   5.3454   2.4381  10.3408   2.5321   3.3482   6.9791   0.00    0.0
2014/03/03 02:06:30.000   63.755970212  -68.510477200    98.7685   5   9   5.3533   2.4451  10.3320   2.5501   3.3734   6.9811   0.00    0.0
2014/03/03 02:07:00.000   63.755963700  -68.510479814    99.7032   5   9   5.3598   2.4520  10.3206   2.5671   3.3972   6.9810   0.00    0.0
2014/03/03 02:07:30.000   63.755959779  -68.510485958    97.6377   5   9   5.3650   2.4587  10.3065   2.5831   3.4194   6.9789   0.00    0.0
2014/03/03 02:08:00.000   63.755966551  -68.510464988    97.6757   5   9   5.3689   2.4652  10.2898   2.5982   3.4401   6.9748   0.00    0.0
2014/03/03 02:08:30.000   63.755956997  -68.510479382    96.3387   5   9   5.3714   2.4714  10.2705   2.6124   3.4593   6.9686   0.00    0.0
2014/03/03 02:09:00.000   63.755962042  -68.510474950    97.2671   5   9   5.3727   2.4775  10.2487   2.6255   3.4770   6.9605   0.00    0.0
2014/03/03 02:09:30.000   63.755968492  -68.510479079   100.1055   5   9   5.3726   2.4833  10.2243   2.6377   3.4931   6.9504   0.00    0.0
2014/03/03 02:10:00.000   63.755971928  -68.510475121    99.5949   5   9   5.3711   2.4889  10.1974   2.6489   3.5078   6.9383   0.00    0.0
2014/03/03 02:10:30.000   63.755967021  -68.510478585    99.5692   5   9   5.3684   2.4942  10.1680   2.6591   3.5209   6.9243   0.00    0.0
2014/03/03 02:11:00.000   63.755975266  -68.510474020   100.5513   5   9   5.3644   2.4992  10.1363   2.6683   3.5326   6.9084   0.00    0.0
2014/03/03 02:11:30.000   63.755968721  -68.510484774   100.1689   5   9   5.3592   2.5039  10.1023   2.6765   3.5428   6.8906   0.00    0.0
2014/03/03 02:12:00.000   63.755954840  -68.510495970    98.7565   5   8   5.6490   2.7099  10.0951   3.0089   3.4391   6.7697   0.00    0.0
2014/03/03 02:12:30.000   63.755952052  -68.510495750    98.6908   5   8   5.6386   2.7096  10.0589   3.0096   3.4437   6.7448   0.00    0.0
2014/03/03 02:13:00.000   63.755946390  -68.510498654    97.7573   5   8   5.6271   2.7090  10.0208   3.0094   3.4469   6.7181   0.00    0.0
2014/03/03 02:13:30.000   63.755946752  -68.510501730    98.8163   5   8   5.6144   2.7082   9.9808   3.0083   3.4486   6.6897   0.00    0.0
2014/03/03 02:14:00.000   63.755948367  -68.510495293    98.8197   5   8   5.6005   2.7070   9.9390   3.0063   3.4491   6.6597   0.00    0.0
2014/03/03 02:14:30.000   63.755943488  -68.510489548    97.7911   5   8   5.5856   2.7055   9.8955   3.0034   3.4482   6.6280   0.00    0.0
2014/03/03 02:15:00.000   63.755944103  -68.510492198    98.1753   5   8   5.5696   2.7038   9.8504   2.9997   3.4461   6.5948   0.00    0.0
2014/03/03 02:15:30.000   63.755936069  -68.510496822    96.6934   5   8   5.5526   2.7017   9.8037   2.9951   3.4427   6.5602   0.00    0.0
2014/03/03 02:16:00.000   63.755942762  -68.510488897    97.2216   5   8   5.5347   2.6993   9.7557   2.9897   3.4382   6.5241   0.00    0.0
2014/03/03 02:16:30.000   63.755946128  -68.510485341    98.3461   5   8   5.5159   2.6967   9.7063   2.9836   3.4325   6.4867   0.00    0.0
2014/03/03 02:17:00.000   63.755949728  -68.510489403    99.1492   5   8   5.4962   2.6938   9.6556   2.9766   3.4257   6.4480   0.00    0.0
2014/03/03 02:17:30.000   63.755944342  -68.510497403    98.3761   5   8   5.4757   2.6905   9.6038   2.9690   3.4179   6.4082   0.00    0.0
2014/03/03 02:18:00.000   63.755949871  -68.510496012    99.2659   5   8   5.4544   2.6870   9.5510   2.9606   3.4090   6.3672   0.00    0.0
2014/03/03 02:18:30.000   63.755950057  -68.510492900    97.9396   5   8   5.4325   2.6833   9.4972   2.9515   3.3992   6.3251   0.00    0.0
2014/03/03 02:19:00.000   63.755953461  -68.510490598    98.4144   5   8   5.4098   2.6793   9.4425   2.9417   3.3885   6.2821   0.00    0.0
2014/03/03 02:19:30.000   63.755953050  -68.510487952    97.6456   5   8   5.3866   2.6750   9.3871   2.9313   3.3769   6.2381   0.00    0.0
2014/03/03 02:20:00.000   63.755945892  -68.510492679    97.4794   5   8   5.3628   2.6705   9.3309   2.9203   3.3645   6.1933   0.00    0.0
2014/03/03 02:20:30.000   63.755940674  -68.510509459    96.1000   5  10   2.6276   2.0925   4.4531   1.3749  -1.1033   0.6776   0.00    0.0
2014/03/03 02:21:00.000   63.755935665  -68.510511957    94.1022   5  10   2.6279   2.0883   4.4598   1.3718  -1.0887   0.6747   0.00    0.0
2014/03/03 02:21:30.000   63.755931167  -68.510517146    93.3726   5  10   2.6283   2.0842   4.4667   1.3687  -1.0739   0.6722   0.00    0.0
2014/03/03 02:22:00.000   63.755935820  -68.510512620    93.2661   5  10   2.6288   2.0801   4.4737   1.3655  -1.0587   0.6700   0.00    0.0
2014/03/03 02:22:30.000   63.755942276  -68.510499488    93.6385   5  10   2.6292   2.0760   4.4808   1.3623  -1.0433   0.6682   0.00    0.0
2014/03/03 02:23:00.000   63.755936847  -68.510508706    92.8566   5  10   2.6297   2.0720   4.4881   1.3591  -1.0275   0.6668   0.00    0.0
2014/03/03 02:23:30.000   63.755934336  -68.510509932    93.7337   5  10   2.6301   2.0680   4.4956   1.3559  -1.0114   0.6658   0.00    0.0
2014/03/03 02:24:00.000   63.755934370  -68.510522192    93.4247   5  10   2.6306   2.0641   4.5031   1.3526  -0.9950   0.6652   0.00    0.0
2014/03/03 02:24:30.000   63.755943140  -68.510508663    94.0319   5  10   2.6311   2.0602   4.5108   1.3493  -0.9782   0.6649   0.00    0.0
2014/03/03 02:25:00.000   63.755944464  -68.510505586    93.0793   5  10   2.6316   2.0563   4.5187   1.3460  -0.9610   0.6650   0.00    0.0
2014/03/03 02:25:30.000   63.755944089  -68.510509388    93.1747   5  10   2.6322   2.0525   4.5267   1.3426  -0.9434   0.6655   0.00    0.0
2014/03/03 02:26:00.000   63.755942103  -68.510511197    92.7992   5  10   2.6327   2.0487   4.5347   1.3392  -0.9254   0.6663   0.00    0.0
2014/03/03 02:26:30.000   63.755936365  -68.510518120    91.8629   5  10   2.6333   2.0450   4.5430   1.3358  -0.9069   0.6675   0.00    0.0
2014/03/03 02:27:00.000   63.755937297  -68.510501167    92.1048   5  10   2.6339   2.0413   4.5513   1.3323  -0.8879   0.6691   0.00    0.0
2014/03/03 02:27:30.000   63.755946142  -68.510505419    92.8197   5  10   2.6344   2.0376   4.5598   1.3288  -0.8685   0.6710   0.00    0.0
2014/03/03 02:28:00.000   63.755936793  -68.510510707    92.6195   5  10   2.6350   2.0340   4.5683   1.3252  -0.8485   0.6733   0.00    0.0
2014/03/03 02:28:30.000   63.755944992  -68.510507310    92.9033   5  10   2.6356   2.0305   4.5770   1.3217  -0.8278   0.6759   0.00    0.0
2014/03/03 02:29:00.000   63.755944054  -68.510496340    92.5482   5  10   2.6362   2.0270   4.5858   1.3181  -0.8066   0.6789   0.00    0.0
2014/03/03 02:29:30.000   63.755947486  -68.510495722    93.0550   5  10   2.6369   2.0235   4.5948   1.3144  -0.7847   0.6822   0.00    0.0
2014/03/03 02:30:00.000   63.755942326  -68.510508634    93.5031   5  10   2.6375   2.0201   4.6038   1.3108  -0.7620   0.6859   0.00    0.0
2014/03/03 02:30:30.000   63.755942936  -68.510509348    94.0370   5  10   2.6381   2.0167   4.6129   1.3071  -0.7385   0.6899   0.00    0.0
2014/03/03 02:31:00.000   63.755944046  -68.510503265    93.5664   5  10   2.6388   2.0133   4.6222   1.3033  -0.7142   0.6942   0.00    0.0
2014/03/03 02:31:30.000   63.755944691  -68.510501210    93.5812   5  10   2.6394   2.0100   4.6315   1.2996  -0.6888   0.6989   0.00    0.0
2014/03/03 02:32:00.000   63.755944472  -68.510505335    93.4023   5  10   2.6401   2.0068   4.6409   1.2957  -0.6624   0.7038   0.00    0.0
2014/03/03 02:32:30.000   63.755942341  -68.510510741    93.4267   5  10   2.6407   2.0035   4.6505   1.2919  -0.6348   0.7091   0.00    0.0
2014/03/03 02:33:00.000   63.755948112  -68.510508645    93.4607   5  10   2.6414   2.0004   4.6601   1.2880  -0.6058   0.7147   0.00    0.0
2014/03/03 02:33:30.000   63.755951085  -68.510505947    93.3056   5  10   2.6421   1.9973   4.6699   1.2842  -0.5751   0.7205   0.00    0.0
2014/03/03 02:34:00.000   63.755947893  -68.510507582    92.7738   5  10   2.6428   1.9942   4.6797   1.2802  -0.5426   0.7267   0.00    0.0
2014/03/03 02:34:30.000   63.755944207  -68.510510354    92.5598   5  10   2.6435   1.9911   4.6896   1.2763  -0.5079   0.7331   0.00    0.0
2014/03/03 02:35:00.000   63.755950442  -68.510509553    93.3007   5  10   2.6442   1.9882   4.6996   1.2723  -0.4705   0.7398   0.00    0.0
2014/03/03 02:35:30.000   63.755949613  -68.510512552    93.4408   5  10   2.6449   1.9852   4.7097   1.2682  -0.4298   0.7467   0.00    0.0
2014/03/03 02:36:00.000   63.755948575  -68.510499973    92.5572   5  10   2.6456   1.9823   4.7199   1.2642  -0.3845   0.7539   0.00    0.0
2014/03/03 02:36:30.000   63.755946220  -68.510512372    93.3550   5  10   2.6463   1.9795   4.7302   1.2601  -0.3329   0.7614   0.00    0.0
2014/03/03 02:37:00.000   63.755943350  -68.510512254    93.0544   5  10   2.6470   1.9767   4.7405   1.2560  -0.2716   0.7691   0.00    0.0
2014/03/03 02:37:30.000   63.755944193  -68.510514440    93.7617   5  10   2.6478   1.9739   4.7509   1.2518  -0.1911   0.7770   0.00    0.0
2014/03/03 02:38:00.000   63.755944121  -68.510509554    93.2043   5  10   2.6485   1.9712   4.7614   1.2476   0.0284   0.7851   0.00    0.0
2014/03/03 02:38:30.000   63.755943768  -68.510513334    93.5738   5  10   2.6492   1.9685   4.7720   1.2434   0.1955   0.7935   0.00    0.0
2014/03/03 02:39:00.000   63.755946017  -68.510502889    93.6222   5  10   2.6500   1.9659   4.7827   1.2392   0.2753   0.8021   0.00    0.0
2014/03/03 02:39:30.000   63.755947869  -68.510505096    94.1546   5  10   2.6508   1.9633   4.7934   1.2349   0.3367   0.8108   0.00    0.0
2014/03/03 02:40:00.000   63.755949023  -68.510504154    94.1067   5  10   2.6515   1.9608   4.8042   1.2306   0.3887   0.8198   0.00    0.0
2014/03/03 02:40:30.000   63.755950405  -68.510504413    94.5435   5  10   2.6523   1.9583   4.8150   1.2263   0.4346   0.8290   0.00    0.0
2014/03/03 02:41:00.000   63.755946013  -68.510506230    94.2973   5  10   2.6531   1.9559   4.8259   1.2219   0.4762   0.8383   0.00    0.0
2014/03/03 02:41:30.000   63.755944709  -68.510511867    93.9812   5  10   2.6539   1.9535   4.8369   1.2175   0.5144   0.8478   0.00    0.0
2014/03/03 02:42:00.000   63.755945426  -68.510508844    93.5466   5  10   2.6547   1.9512   4.8480   1.2131   0.5501   0.8575   0.00    0.0
2014/03/03 02:42:30.000   63.755948195  -68.510502110    93.3605   5  10   2.6555   1.9489   4.8591   1.2087   0.5836   0.8673   0.00    0.0
2014/03/03 02:43:00.000   63.755948541  -68.510502814    94.0339   5  10   2.6563   1.9466   4.8702   1.2042   0.6154   0.8773   0.00    0.0
2014/03/03 02:43:30.000   63.755949247  -68.510502570    94.9343   5  10   2.6571   1.9444   4.8815   1.1997   0.6456   0.8875   0.00    0.0
2014/03/03 02:44:00.000   63.755950575  -68.510503076    94.7011   5  10   2.6579   1.9423   4.8927   1.1952   0.6745   0.8978   0.00    0.0
2014/03/03 02:44:30.000   63.755948596  -68.510506823    94.5099   5  10   2.6588   1.9402   4.9041   1.1906   0.7021   0.9082   0.00    0.0
2014/03/03 02:45:00.000   63.755948604  -68.510506552    95.5405   5  10   2.6596   1.9381   4.9154   1.1860   0.7288   0.9187   0.00    0.0
2014/03/03 02:45:30.000   63.755944188  -68.510506667    95.2344   5  10   2.6605   1.9361   4.9268   1.1814   0.7545   0.9294   0.00    0.0
2014/03/03 02:46:00.000   63.755947920  -68.510503819    95.4305   5  10   2.6614   1.9341   4.9383   1.1767   0.7793   0.9402   0.00    0.0
2014/03/03 02:46:30.000   63.755947643  -68.510501362    94.8307   5  10   2.6622   1.9322   4.9498   1.1721   0.8033   0.9511   0.00    0.0
2014/03/03 02:47:00.000   63.755956303  -68.510492440    93.8514   5  11   2.3303   1.8350   4.6416   0.7684   1.3164   1.7846   0.00    0.0
2014/03/03 02:47:30.000   63.755954319  -68.510492326    93.8375   5  11   2.3304   1.8353   4.6545   0.7663   1.3260   1.7909   0.00    0.0
2014/03/03 02:48:00.000   63.755956870  -68.510492406    94.6644   5  11   2.3306   1.8356   4.6676   0.7641   1.3355   1.7972   0.00    0.0
2014/03/03 02:48:30.000   63.755952956  -68.510493421    95.2047   5  11   2.3308   1.8359   4.6806   0.7619   1.3448   1.8036   0.00    0.0
2014/03/03 02:49:00.000   63.755957932  -68.510493745    95.8603   5  11   2.3310   1.8362   4.6937   0.7598   1.3541   1.8101   0.00    0.0
2014/03/03 02:49:30.000   63.755957609  -68.510494617    94.8821   5  11   2.3313   1.8365   4.7068   0.7576   1.3633   1.8167   0.00    0.0
2014/03/03 02:50:00.000   63.755961103  -68.510488083    94.7362   5  11   2.3316   1.8369   4.7199   0.7554   1.3725   1.8234   0.00    0.0
2014/03/03 02:50:30.000   63.755959484  -68.510492401    95.5286   5  11   2.3319   1.8373   4.7331   0.7532   1.3815   1.8301   0.00    0.0
2014/03/03 02:51:00.000   63.755952912  -68.510488697    95.1936   5  10   2.4437   1.9952   5.5114  -0.0560  -0.4941   2.3277   0.00    0.0
2014/03/03 02:51:30.000   63.755956411  -68.510492390    96.3097   5  10   2.4471   1.9933   5.5416  -0.0997  -0.4806   2.3451   0.00    0.0
2014/03/03 02:52:00.000   63.755955887  -68.510489519    94.4313   5  10   2.4506   1.9913   5.5720  -0.1290  -0.4665   2.3627   0.00    0.0
2014/03/03 02:52:30.000   63.755958556  -68.510484705    93.7429   5  10   2.4542   1.9894   5.6026  -0.1525  -0.4517   2.3805   0.00    0.0
2014/03/03 02:53:00.000   63.755954998  -68.510492126    93.6491   5  10   2.4579   1.9875   5.6335  -0.1726  -0.4361   2.3984   0.00    0.0
2014/03/03 02:53:30.000   63.755954628  -68.510491275    93.8426   5  10   2.4617   1.9856   5.6647  -0.1903  -0.4197   2.4165   0.00    0.0
2014/03/03 02:54:00.000   63.755958594  -68.510494381    94.6064   5  10   2.4655   1.9837   5.6960  -0.2063  -0.4023   2.4348   0.00    0.0
2014/03/03 02:54:30.000   63.755954371  -68.510495714    94.0898   5  10   2.4695   1.9818   5.7275  -0.2209  -0.3837   2.4532   0.00    0.0
2014/03/03 02:55:00.000   63.755956796  -68.510492228    93.3360   5  10   2.4735   1.9800   5.7593  -0.2343  -0.3639   2.4718   0.00    0.0
2014/03/03 02:55:30.000   63.755959209  -68.510486552    93.0720   5  10   2.4776   1.9781   5.7912  -0.2469  -0.3426   2.4906   0.00    0.0
2014/03/03 02:56:00.000   63.755960602  -68.510485733    92.6729   5  10   2.4818   1.9763   5.8233  -0.2586  -0.3195   2.5095   0.00    0.0
2014/03/03 02:56:30.000   63.755954305  -68.510485693    92.4889   5  10   2.4861   1.9745   5.8556  -0.2697  -0.2942   2.5285   0.00    0.0
2014/03/03 02:57:00.000   63.755951704  -68.510492016    92.1572   5  10   2.4904   1.9728   5.8880  -0.2801  -0.2660   2.5477   0.00    0.0
2014/03/03 02:57:30.000   63.755950079  -68.510490325    92.7921   5  10   2.4949   1.9710   5.9206  -0.2900  -0.2340   2.5670   0.00    0.0
2014/03/03 02:58:00.000   63.755951066  -68.510488947    92.9597   5  10   2.4994   1.9693   5.9533  -0.2994  -0.1963   2.5864   0.00    0.0
2014/03/03 02:58:30.000   63.755950498  -68.510487896    92.3273   5  10   2.5040   1.9676   5.9861  -0.3084  -0.1486   2.6059   0.00    0.0
2014/03/03 02:59:00.000   63.755951731  -68.510489195    92.3591   5  10   2.5087   1.9659   6.0190  -0.3170  -0.0735   2.6256   0.00    0.0
2014/03/03 02:59:30.000   63.755952324  -68.510489160    92.2766   5  10   2.5135   1.9642   6.0520  -0.3251   0.1072   2.6453   0.00    0.0
2014/03/03 03:00:00.000   63.755947129  -68.510486515    90.3760   5  10   2.5076   1.8386   6.0126  -0.2343  -0.4320   2.6311   0.00    0.0
2014/03/03 03:00:30.000   63.755949199  -68.510482985    90.1546   5  10   2.5128   1.8370   6.0473  -0.2416  -0.4014   2.6520   0.00    0.0
2014/03/03 03:01:00.000   63.755946960  -68.510487621    90.9637   5  10   2.5180   1.8354   6.0822  -0.2484  -0.3675   2.6729   0.00    0.0
2014/03/03 03:01:30.000   63.755948292  -68.510484260    91.1449   5  10   2.5232   1.8339   6.1171  -0.2546  -0.3296   2.6939   0.00    0.0
2014/03/03 03:02:00.000   63.755944648  -68.510486621    91.4341   5  10   2.5286   1.8324   6.1521  -0.2604  -0.2858   2.7149   0.00    0.0
2014/03/03 03:02:30.000   63.755950779  -68.510485252    92.5542   5  10   2.5340   1.8309   6.1871  -0.2658  -0.2330   2.7360   0.00    0.0
2014/03/03 03:03:00.000   63.755945260  -68.510482299    91.5331   5  10   2.5394   1.8294   6.2221  -0.2708  -0.1625   2.7572   0.00    0.0
2014/03/03 03:03:30.000   63.755944263  -68.510484328    92.8717   5  10   2.5449   1.8280   6.2571  -0.2754   0.0438   2.7783   0.00    0.0
2014/03/03 03:04:00.000   63.755942200  -68.510490257    91.8190   5  10   2.5505   1.8266   6.2921  -0.2797   0.1752   2.7994   0.00    0.0
2014/03/03 03:04:30.000   63.755943691  -68.510490873    92.0302   5  10   2.5562   1.8252   6.3270  -0.2836   0.2448   2.8206   0.00    0.0
2014/03/03 03:05:00.000   63.755946221  -68.510490720    92.1308   5  10   2.5618   1.8239   6.3618  -0.2872   0.2993   2.8417   0.00    0.0
2014/03/03 03:05:30.000   63.755946057  -68.510491751    92.4688   5  10   2.5676   1.8226   6.3965  -0.2905   0.3459   2.8627   0.00    0.0
2014/03/03 03:06:00.000   63.755943307  -68.510487946    92.1852   5  10   2.5733   1.8213   6.4310  -0.2935   0.3874   2.8838   0.00    0.0
2014/03/03 03:06:30.000   63.755941259  -68.510488575    92.1040   5  10   2.5791   1.8201   6.4654  -0.2963   0.4254   2.9047   0.00    0.0
2014/03/03 03:07:00.000   63.755942033  -68.510486096    92.3706   5  10   2.5850   1.8189   6.4995  -0.2987   0.4607   2.9255   0.00    0.0
2014/03/03 03:07:30.000   63.755940223  -68.510484652    91.8444   5  10   2.5908   1.8177   6.5334  -0.3009   0.4938   2.9463   0.00    0.0
2014/03/03 03:08:00.000   63.755940546  -68.510485715    91.8081   5  10   2.5967   1.8165   6.5670  -0.3029   0.5252   2.9669   0.00    0.0
2014/03/03 03:08:30.000   63.755942453  -68.510483232    92.0805   5  10   2.6026   1.8154   6.6003  -0.3046   0.5551   2.9873   0.00    0.0
2014/03/03 03:09:00.000   63.755944090  -68.510476029    91.7605   5  10   2.6085   1.8143   6.6332  -0.3061   0.5838   3.0076   0.00    0.0
2014/03/03 03:09:30.000   63.755943327  -68.510474859    90.8302   5  10   2.6144   1.8133   6.6657  -0.3074   0.6113   3.0277   0.00    0.0
2014/03/03 03:10:00.000   63.755942665  -68.510477532    90.7739   5  10   2.6202   1.8123   6.6979  -0.3085   0.6378   3.0476   0.00    0.0
2014/03/03 03:10:30.000   63.755942371  -68.510476776    90.5578   5  10   2.6261   1.8113   6.7295  -0.3094   0.6635   3.0672   0.00    0.0
2014/03/03 03:11:00.000   63.755940865  -68.510477217    91.1287   5  10   2.6320   1.8103   6.7606  -0.3102   0.6884   3.0866   0.00    0.0
2014/03/03 03:11:30.000   63.755941775  -68.510472230    91.2326   5  10   2.6378   1.8094   6.7912  -0.3107   0.7125   3.1057   0.00    0.0
2014/03/03 03:12:00.000   63.755939565  -68.510464161    90.9568   5  10   2.6435   1.8085   6.8212  -0.3112   0.7359   3.1245   0.00    0.0
2014/03/03 03:12:30.000   63.755941269  -68.510464639    91.5961   5  10   2.6493   1.8076   6.8505  -0.3114   0.7587   3.1430   0.00    0.0
2014/03/03 03:13:00.000   63.755942788  -68.510466678    91.8987   5  10   2.6549   1.8068   6.8792  -0.3116   0.7809   3.1611   0.00    0.0
2014/03/03 03:13:30.000   63.755940487  -68.510462040    91.4955   5  10   2.6605   1.8060   6.9071  -0.3117   0.8025   3.1789   0.00    0.0
2014/03/03 03:14:00.000   63.755940683  -68.510466270    91.8474   5  10   2.6661   1.8052   6.9343  -0.3116   0.8235   3.1963   0.00    0.0
2014/03/03 03:14:30.000   63.755941998  -68.510467164    91.4191   5  10   2.6715   1.8045   6.9606  -0.3115   0.8440   3.2132   0.00    0.0
2014/03/03 03:15:00.000   63.755936479  -68.510469369    92.4311   5  11   2.6116   1.7880   6.6680   0.2076   0.4999   3.4141   0.00    0.0
2014/03/03 03:15:30.000   63.755934576  -68.510469099    92.7923   5  11   2.6168   1.7866   6.6950   0.2156   0.5234   3.4292   0.00    0.0
2014/03/03 03:16:00.000   63.755937526  -68.510468442    93.8202   5  12   1.8597   1.7823   4.8018   0.4865   0.8794   1.7799   0.00    0.0
2014/03/03 03:16:30.000   63.755943007  -68.510471944    94.1393   5  13   1.8532   1.7000   4.6842   0.3846   1.1823   1.8441   0.00    0.0
2014/03/03 03:17:00.000   63.755941893  -68.510466979    93.0757   5  13   1.8544   1.6993   4.7049   0.3854   1.1882   1.8553   0.00    0.0
2014/03/03 03:17:30.000   63.755942302  -68.510472194    93.8133   5  13   1.8556   1.6987   4.7256   0.3863   1.1941   1.8666   0.00    0.0
2014/03/03 03:18:00.000   63.755945659  -68.510472381    93.4252   5  13   1.8569   1.6981   4.7463   0.3872   1.1999   1.8780   0.00    0.0
2014/03/03 03:18:30.000   63.755940538  -68.510473558    92.8992   5  13   1.8583   1.6974   4.7671   0.3881   1.2056   1.8895   0.00    0.0
2014/03/03 03:19:00.000   63.755943727  -68.510476530    93.6292   5  13   1.8597   1.6968   4.7877   0.3890   1.2112   1.9010   0.00    0.0
2014/03/03 03:19:30.000   63.755941899  -68.510471904    93.2729   5  13   1.8612   1.6962   4.8084   0.3900   1.2168   1.9125   0.00    0.0
2014/03/03 03:20:00.000   63.755943842  -68.510476292    92.8451   5  13   1.8628   1.6956   4.8290   0.3910   1.2222   1.9241   0.00    0.0
2014/03/03 03:20:30.000   63.755947585  -68.510471701    93.2908   5  13   1.8644   1.6950   4.8495   0.3919   1.2276   1.9357   0.00    0.0
2014/03/03 03:21:00.000   63.755944499  -68.510478224    92.3718   5  13   1.8661   1.6944   4.8699   0.3929   1.2328   1.9474   0.00    0.0
2014/03/03 03:21:30.000   63.755942042  -68.510477148    92.6124   5  13   1.8678   1.6938   4.8902   0.3939   1.2380   1.9591   0.00    0.0
2014/03/03 03:22:00.000   63.755941762  -68.510472582    93.6568   5  13   1.8696   1.6932   4.9104   0.3948   1.2430   1.9708   0.00    0.0
2014/03/03 03:22:30.000   63.755945836  -68.510467309    94.0077   5  13   1.8715   1.6926   4.9304   0.3958   1.2479   1.9825   0.00    0.0
2014/03/03 03:23:00.000   63.755943930  -68.510479909    93.8689   5  13   1.8734   1.6920   4.9503   0.3967   1.2527   1.9942   0.00    0.0
2014/03/03 03:23:30.000   63.755944224  -68.510474877    93.6818   5  13   1.8754   1.6914   4.9700   0.3976   1.2573   2.0058   0.00    0.0
2014/03/03 03:24:00.000   63.755942076  -68.510479484    93.5905   5  13   1.8774   1.6909   4.9896   0.3985   1.2619   2.0175   0.00    0.0
2014/03/03 03:24:30.000   63.755944843  -68.510480768    94.8968   5  13   1.8795   1.6903   5.0089   0.3993   1.2662   2.0291   0.00    0.0
2014/03/03 03:25:00.000   63.755942603  -68.510479509    94.2010   5  13   1.8816   1.6897   5.0279   0.4001   1.2705   2.0406   0.00    0.0
2014/03/03 03:25:30.000   63.755943823  -68.510474023    92.3419   5  13   1.8838   1.6891   5.0468   0.4009   1.2745   2.0521   0.00    0.0
2014/03/03 03:26:00.000   63.755937894  -68.510480128    94.1673   5  13   1.8860   1.6886   5.0653   0.4016   1.2785   2.0636   0.00    0.0
2014/03/03 03:26:30.000   63.755940925  -68.510472148    94.0106   5  13   1.8882   1.6880   5.0836   0.4023   1.2822   2.0749   0.00    0.0
2014/03/03 03:27:00.000   63.755942831  -68.510479778    94.3241   5  13   1.8905   1.6874   5.1015   0.4029   1.2858   2.0862   0.00    0.0
2014/03/03 03:27:30.000   63.755943709  -68.510472310    93.0061   5  13   1.8928   1.6869   5.1192   0.4034   1.2891   2.0974   0.00    0.0
2014/03/03 03:28:00.000   63.755944979  -68.510473625    94.2059   5  13   1.8952   1.6863   5.1364   0.4039   1.2923   2.1084   0.00    0.0
2014/03/03 03:28:30.000   63.755943089  -68.510470716    93.8737   5  13   1.8975   1.6857   5.1533   0.4043   1.2953   2.1194   0.00    0.0
2014/03/03 03:29:00.000   63.755944537  -68.510480067    94.0441   5  13   1.8999   1.6851   5.1699   0.4046   1.2981   2.1302   0.00    0.0
2014/03/03 03:29:30.000   63.755947959  -68.510479206    93.7474   5  13   1.9024   1.6845   5.1860   0.4048   1.3007   2.1409   0.00    0.0
2014/03/03 03:30:00.000   63.755946637  -68.510480139    94.7206   5  13   1.9048   1.6840   5.2016   0.4050   1.3031   2.1514   0.00    0.0
2014/03/03 03:30:30.000   63.755948787  -68.510478858    94.0826   5  13   1.9073   1.6834   5.2169   0.4050   1.3052   2.1618   0.00    0.0
2014/03/03 03:31:00.000   63.755946896  -68.510485297    95.4617   5  13   1.9097   1.6828   5.2316   0.4049   1.3071   2.1720   0.00    0.0
2014/03/03 03:31:30.000   63.755947093  -68.510485238    94.3611   5  13   1.9122   1.6822   5.2459   0.4047   1.3088   2.1820   0.00    0.0
2014/03/03 03:32:00.000   63.755947624  -68.510480678    94.3831   5  13   1.9147   1.6816   5.2596   0.4044   1.3102   2.1918   0.00    0.0
2014/03/03 03:32:30.000   63.755944713  -68.510479346    94.3891   5  13   1.9172   1.6810   5.2728   0.4040   1.3114   2.2015   0.00    0.0
2014/03/03 03:33:00.000   63.755945881  -68.510479593    95.0378   5  13   1.9197   1.6804   5.2855   0.4034   1.3124   2.2109   0.00    0.0
2014/03/03 03:33:30.000   63.755947250  -68.510484695    95.5075   5  13   1.9222   1.6798   5.2976   0.4027   1.3130   2.2201   0.00    0.0
2014/03/03 03:34:00.000   63.755946907  -68.510483367    95.8858   5  13   1.9247   1.6792   5.3091   0.4018   1.3135   2.2290   0.00    0.0
2014/03/03 03:34:30.000   63.755949553  -68.510491864    94.6804   5  13   1.9272   1.6786   5.3201   0.4008   1.3136   2.2377   0.00    0.0
2014/03/03 03:35:00.000   63.755949081  -68.510490934    95.3096   5  13   1.9296   1.6779   5.3304   0.3997   1.3135   2.2462   0.00    0.0
2014/03/03 03:35:30.000   63.755946242  -68.510499029    95.4144   5  13   1.9321   1.6773   5.3400   0.3983   1.3131   2.2544   0.00    0.0
2014/03/03 03:36:00.000   63.755952458  -68.510495981    95.9055   5  13   1.9345   1.6767   5.3491   0.3968   1.3124   2.2623   0.00    0.0
2014/03/03 03:36:30.000   63.755952229  -68.510491781    96.1635   5  13   1.9369   1.6760   5.3574   0.3952   1.3114   2.2699   0.00    0.0
2014/03/03 03:37:00.000   63.755950018  -68.510491348    94.8283   5  13   1.9393   1.6754   5.3651   0.3933   1.3101   2.2773   0.00    0.0
2014/03/03 03:37:30.000   63.755952895  -68.510493487    94.9352   5  13   1.9417   1.6747   5.3721   0.3912   1.3085   2.2843   0.00    0.0
2014/03/03 03:38:00.000   63.755947427  -68.510494459    94.0754   5  13   1.9440   1.6741   5.3784   0.3890   1.3066   2.2911   0.00    0.0
2014/03/03 03:38:30.000   63.755951085  -68.510495055    94.7059   5  13   1.9463   1.6734   5.3839   0.3865   1.3044   2.2975   0.00    0.0
2014/03/03 03:39:00.000   63.755953607  -68.510500243    94.9564   5  13   1.9485   1.6728   5.3888   0.3838   1.3019   2.3036   0.00    0.0
2014/03/03 03:39:30.000   63.755952185  -68.510501231    94.8003   5  13   1.9508   1.6721   5.3929   0.3810   1.2991   2.3094   0.00    0.0
2014/03/03 03:40:00.000   63.755951784  -68.510499584    94.6557   5  13   1.9529   1.6715   5.3963   0.3778   1.2960   2.3149   0.00    0.0
2014/03/03 03:40:30.000   63.755955125  -68.510494235    94.9272   5  12   2.0609   1.6744   5.5221   0.4600   1.2424   2.1509   0.00    0.0
2014/03/03 03:41:00.000   63.755958343  -68.510490389    95.3510   5  12   2.0630   1.6735   5.5236   0.4549   1.2401   2.1561   0.00    0.0
2014/03/03 03:41:30.000   63.755958584  -68.510490803    95.8188   5  12   2.0651   1.6726   5.5243   0.4496   1.2374   2.1610   0.00    0.0
2014/03/03 03:42:00.000   63.755955316  -68.510486358    95.6173   5  12   2.0672   1.6718   5.5242   0.4440   1.2343   2.1655   0.00    0.0
2014/03/03 03:42:30.000   63.755958262  -68.510496271    96.3783   5  12   2.0693   1.6709   5.5233   0.4383   1.2310   2.1697   0.00    0.0
2014/03/03 03:43:00.000   63.755958640  -68.510493344    96.3521   5  12   2.0713   1.6701   5.5217   0.4322   1.2273   2.1735   0.00    0.0
2014/03/03 03:43:30.000   63.755959711  -68.510488803    96.4930   5  12   2.0733   1.6693   5.5192   0.4260   1.2232   2.1769   0.00    0.0
2014/03/03 03:44:00.000   63.755959273  -68.510494446    95.6114   5  12   2.0753   1.6684   5.5160   0.4195   1.2188   2.1799   0.00    0.0
2014/03/03 03:44:30.000   63.755962676  -68.510488118    96.4566   5  12   2.0772   1.6676   5.5120   0.4127   1.2141   2.1826   0.00    0.0
2014/03/03 03:45:00.000   63.755956469  -68.510494276    95.3745   5  12   2.0791   1.6668   5.5071   0.4056   1.2091   2.1849   0.00    0.0
2014/03/03 03:45:30.000   63.755960302  -68.510495645    96.4400   5  12   2.0809   1.6660   5.5016   0.3982   1.2037   2.1869   0.00    0.0
2014/03/03 03:46:00.000   63.755959689  -68.510497961    96.5484   5  12   2.0827   1.6652   5.4952   0.3905   1.1979   2.1884   0.00    0.0
2014/03/03 03:46:30.000   63.755961558  -68.510494245    96.3635   5  12   2.0845   1.6645   5.4881   0.3824   1.1919   2.1896   0.00    0.0
2014/03/03 03:47:00.000   63.755963734  -68.510492116    97.1619   5  12   2.0862   1.6637   5.4803   0.3740   1.1855   2.1905   0.00    0.0
2014/03/03 03:47:30.000   63.755960645  -68.510492344    97.4516   5  12   2.0879   1.6630   5.4717   0.3653   1.1788   2.1909   0.00    0.0
2014/03/03 03:48:00.000   63.755961503  -68.510486731    95.7403   5  12   2.0895   1.6622   5.4623   0.3561   1.1718   2.1910   0.00    0.0
2014/03/03 03:48:30.000   63.755959803  -68.510492458    96.4919   5  12   2.0911   1.6615   5.4523   0.3465   1.1644   2.1908   0.00    0.0
2014/03/03 03:49:00.000   63.755960698  -68.510495980    96.7542   5  12   2.0926   1.6608   5.4416   0.3364   1.1568   2.1902   0.00    0.0
2014/03/03 03:49:30.000   63.755959766  -68.510495748    96.5686   5  12   2.0941   1.6602   5.4302   0.3258   1.1488   2.1892   0.00    0.0
2014/03/03 03:50:00.000   63.755959734  -68.510498066    95.7329   5  12   2.0956   1.6595   5.4181   0.3147   1.1405   2.1879   0.00    0.0
2014/03/03 03:50:30.000   63.755956589  -68.510492231    94.9470   5  12   2.0970   1.6589   5.4054   0.3030   1.1319   2.1862   0.00    0.0
2014/03/03 03:51:00.000   63.755954182  -68.510494585    95.0758   5  12   2.0984   1.6582   5.3920   0.2906   1.1231   2.1843   0.00    0.0
2014/03/03 03:51:30.000   63.755957775  -68.510500743    95.7729   5  12   2.0997   1.6576   5.3780   0.2774   1.1139   2.1819   0.00    0.0
2014/03/03 03:52:00.000   63.755952300  -68.510498273    94.7998   5  12   2.1010   1.6571   5.3634   0.2633   1.1044   2.1793   0.00    0.0
2014/03/03 03:52:30.000   63.755953088  -68.510503296    95.5094   5  12   2.1022   1.6565   5.3483   0.2483   1.0946   2.1763   0.00    0.0
2014/03/03 03:53:00.000   63.755951971  -68.510504332    94.8860   5  12   2.1034   1.6560   5.3326   0.2321   1.0846   2.1731   0.00    0.0
2014/03/03 03:53:30.000   63.755953826  -68.510495507    94.4547   5  12   2.1046   1.6555   5.3163   0.2144   1.0742   2.1695   0.00    0.0
2014/03/03 03:54:00.000   63.755952704  -68.510499553    95.4394   5  12   2.1058   1.6550   5.2996   0.1948   1.0636   2.1657   0.00    0.0
2014/03/03 03:54:30.000   63.755951993  -68.510505969    94.5506   5  12   2.1069   1.6545   5.2823   0.1728   1.0527   2.1615   0.00    0.0
2014/03/03 03:55:00.000   63.755947132  -68.510504739    93.2601   5  12   2.1080   1.6541   5.2646   0.1473   1.0415   2.1571   0.00    0.0
2014/03/03 03:55:30.000   63.755947096  -68.510504345    93.0056   5  12   2.1090   1.6537   5.2464   0.1159   1.0300   2.1524   0.00    0.0
2014/03/03 03:56:00.000   63.755949281  -68.510504887    93.1659   5  12   2.1100   1.6534   5.2278   0.0713   1.0183   2.1475   0.00    0.0
2014/03/03 03:56:30.000   63.755948266  -68.510505954    92.3075   5  12   2.1110   1.6530   5.2088  -0.0578   1.0063   2.1423   0.00    0.0
2014/03/03 03:57:00.000   63.755950529  -68.510503302    92.8872   5  12   2.1120   1.6527   5.1894  -0.1088   0.9941   2.1368   0.00    0.0
2014/03/03 03:57:30.000   63.755948697  -68.510504465    91.1901   5  11   2.1152   1.8118   5.5484   0.2274  -0.7303   2.0848   0.00    0.0
2014/03/03 03:58:00.000   63.755952275  -68.510507470    92.3386   5  11   2.1159   1.8110   5.5323   0.2003  -0.7490   2.0805   0.00    0.0
2014/03/03 03:58:30.000   63.755951272  -68.510506657    92.3536   5  11   2.1167   1.8103   5.5158   0.1691  -0.7671   2.0759   0.00    0.0
2014/03/03 03:59:00.000   63.755947765  -68.510503115    91.2880   5  11   2.1174   1.8096   5.4987   0.1307  -0.7846   2.0710   0.00    0.0
2014/03/03 03:59:30.000   63.755950313  -68.510501856    92.4625   5  11   2.1181   1.8090   5.4812   0.0749  -0.8014   2.0660   0.00    0.0
2014/03/03 04:00:00.000   63.755953440  -68.510494291    92.2995   5  11   2.1188   1.8084   5.4632  -0.0763  -0.8177   2.0608   0.00    0.0
2014/03/03 04:00:30.000   63.755952506  -68.510489213    92.2205   5  11   2.1196   1.8079   5.4447  -0.1312  -0.8335   2.0553   0.00    0.0
2014/03/03 04:01:00.000   63.755952706  -68.510484691    92.1393   5  11   2.1203   1.8074   5.4259  -0.1690  -0.8487   2.0496   0.00    0.0
2014/03/03 04:01:30.000   63.755954476  -68.510483074    91.8567   5  11   2.1210   1.8069   5.4066  -0.1997  -0.8635   2.0438   0.00    0.0
2014/03/03 04:02:00.000   63.755955990  -68.510481175    92.1359   5  11   2.1217   1.8065   5.3870  -0.2262  -0.8778   2.0378   0.00    0.0
2014/03/03 04:02:30.000   63.755956975  -68.510481581    93.0313   5  11   2.1225   1.8062   5.3670  -0.2497  -0.8916   2.0316   0.00    0.0
2014/03/03 04:03:00.000   63.755956991  -68.510483663    92.4798   5  11   2.1232   1.8059   5.3467  -0.2712  -0.9050   2.0252   0.00    0.0
2014/03/03 04:03:30.000   63.755952301  -68.510484037    91.3126   5  11   2.1240   1.8056   5.3260  -0.2910  -0.9180   2.0187   0.00    0.0
2014/03/03 04:04:00.000   63.755952082  -68.510488410    91.2978   5  11   2.1247   1.8053   5.3051  -0.3095  -0.9306   2.0120   0.00    0.0
2014/03/03 04:04:30.000   63.755952070  -68.510485709    91.8259   5  11   2.1255   1.8052   5.2839  -0.3269  -0.9427   2.0052   0.00    0.0
2014/03/03 04:05:00.000   63.755953322  -68.510490647    92.3036   5  11   2.1262   1.8050   5.2624  -0.3433  -0.9545   1.9983   0.00    0.0
2014/03/03 04:05:30.000   63.755953240  -68.510480838    92.5598   5  11   2.1270   1.8049   5.2407  -0.3589  -0.9660   1.9912   0.00    0.0
2014/03/03 04:06:00.000   63.755952883  -68.510481949    92.5601   5  11   2.1278   1.8049   5.2188  -0.3738  -0.9771   1.9840   0.00    0.0
2014/03/03 04:06:30.000   63.755952216  -68.510483383    92.9896   5  11   2.1286   1.8048   5.1967  -0.3880  -0.9878   1.9767   0.00    0.0
2014/03/03 04:07:00.000   63.755956432  -68.510473728    92.4018   5  11   2.1295   1.8049   5.1744  -0.4017  -0.9983   1.9694   0.00    0.0
2014/03/03 04:07:30.000   63.755957582  -68.510484210    93.7904   5  11   2.1303   1.8049   5.1520  -0.4149  -1.0084   1.9619   0.00    0.0
2014/03/03 04:08:00.000   63.755953505  -68.510487092    93.7058   5  11   2.1312   1.8051   5.1294  -0.4276  -1.0182   1.9543   0.00    0.0
2014/03/03 04:08:30.000   63.755952698  -68.510482657    93.3880   5  11   2.1321   1.8052   5.1067  -0.4399  -1.0277   1.9467   0.00    0.0
2014/03/03 04:09:00.000   63.755953907  -68.510498185    93.6001   5  11   2.1330   1.8054   5.0839  -0.4519  -1.0369   1.9390   0.00    0.0
2014/03/03 04:09:30.000   63.755954570  -68.510484618    92.7228   5  11   2.1339   1.8057   5.0610  -0.4634  -1.0458   1.9312   0.00    0.0
2014/03/03 04:10:00.000   63.755956044  -68.510494944    93.2916   5  11   2.1349   1.8059   5.0381  -0.4747  -1.0545   1.9233   0.00    0.0
2014/03/03 04:10:30.000   63.755957414  -68.510489448    93.4250   5  11   2.1359   1.8063   5.0151  -0.4856  -1.0629   1.9155   0.00    0.0
2014/03/03 04:11:00.000   63.755954131  -68.510497198    93.2366   5  11   2.1369   1.8066   4.9920  -0.4963  -1.0711   1.9075   0.00    0.0
2014/03/03 04:11:30.000   63.755955145  -68.510496355    93.5943   5  11   2.1380   1.8071   4.9689  -0.5067  -1.0790   1.8996   0.00    0.0
2014/03/03 04:12:00.000   63.755959269  -68.510488549    92.9925   5  11   2.1391   1.8075   4.9459  -0.5169  -1.0867   1.8916   0.00    0.0
2014/03/03 04:12:30.000   63.755961257  -68.510487519    93.2526   5  11   2.1402   1.8080   4.9228  -0.5268  -1.0942   1.8836   0.00    0.0
2014/03/03 04:13:00.000   63.755957743  -68.510500097    93.0890   5  11   2.1414   1.8086   4.8997  -0.5365  -1.1014   1.8756   0.00    0.0
2014/03/03 04:13:30.000   63.755957090  -68.510492048    93.7539   5  11   2.1426   1.8091   4.8767  -0.5461  -1.1085   1.8676   0.00    0.0
2014/03/03 04:14:00.000   63.755959140  -68.510496576    93.7021   5  11   2.1438   1.8098   4.8537  -0.5554  -1.1153   1.8595   0.00    0.0
2014/03/03 04:14:30.000   63.755962042  -68.510486688    92.4530   5  11   2.1451   1.8104   4.8308  -0.5646  -1.1220   1.8515   0.00    0.0
2014/03/03 04:15:00.000   63.755955577  -68.510493544    92.4955   5  11   2.1464   1.8112   4.8080  -0.5735  -1.1284   1.8435   0.00    0.0
2014/03/03 04:15:30.000   63.755955068  -68.510494698    93.1002   5  11   2.1478   1.8119   4.7852  -0.5824  -1.1347   1.8355   0.00    0.0
2014/03/03 04:16:00.000   63.755953276  -68.510494965    93.1897   5  11   2.1492   1.8127   4.7625  -0.5911  -1.1408   1.8275   0.00    0.0
2014/03/03 04:16:30.000   63.755955480  -68.510475888    95.1185   5  10   2.1702   2.0431   5.0394  -0.7958   0.5431   1.6771   0.00    0.0
2014/03/03 04:17:00.000   63.755954406  -68.510476431    95.1119   5  10   2.1718   2.0435   5.0137  -0.8025   0.5172   1.6693   0.00    0.0
2014/03/03 04:17:30.000   63.755950383  -68.510472620    93.6045   5  10   2.1735   2.0440   4.9881  -0.8091   0.4903   1.6615   0.00    0.0
2014/03/03 04:18:00.000   63.755954418  -68.510471039    94.9743   5  10   2.1752   2.0445   4.9626  -0.8156   0.4622   1.6538   0.00    0.0
2014/03/03 04:18:30.000   63.755953126  -68.510467473    94.2544   5  10   2.1769   2.0450   4.9373  -0.8221   0.4326   1.6461   0.00    0.0
2014/03/03 04:19:00.000   63.755952281  -68.510464255    93.8333   5  10   2.1787   2.0456   4.9122  -0.8286   0.4013   1.6385   0.00    0.0
2014/03/03 04:19:30.000   63.755949479  -68.510469309    92.7117   5   9   2.8264   2.0550   6.5073  -0.5961   0.9757   3.2227   0.00    0.0
2014/03/03 04:20:00.000   63.755953156  -68.510466565    93.6178   5   9   2.8240   2.0550   6.4652  -0.6165   0.9429   3.2050   0.00    0.0
2014/03/03 04:20:30.000   63.755949097  -68.510474137    93.4800   5   9   2.8215   2.0551   6.4231  -0.6361   0.9093   3.1871   0.00    0.0
2014/03/03 04:21:00.000   63.755951537  -68.510472314    92.9747   5   9   2.8190   2.0552   6.3808  -0.6550   0.8751   3.1689   0.00    0.0
2014/03/03 04:21:30.000   63.755955510  -68.510467960    93.3339   5   9   2.8165   2.0555   6.3385  -0.6733   0.8399   3.1506   0.00    0.0
2014/03/03 04:22:00.000   63.755952250  -68.510469311    93.5052   5   9   2.8138   2.0557   6.2962  -0.6910   0.8038   3.1321   0.00    0.0
2014/03/03 04:22:30.000   63.755956122  -68.510474917    93.5820   5   9   2.8112   2.0561   6.2540  -0.7082   0.7667   3.1134   0.00    0.0
2014/03/03 04:23:00.000   63.755958669  -68.510481374    94.2024   5   9   2.8085   2.0565   6.2118  -0.7248   0.7283   3.0947   0.00    0.0
2014/03/03 04:23:30.000   63.755961330  -68.510484997    93.8825   5   9   2.8058   2.0570   6.1696  -0.7409   0.6885   3.0758   0.00    0.0
2014/03/03 04:24:00.000   63.755960584  -68.510491329    95.2695   5   8   2.8940   2.3039   7.0663  -1.1481  -1.7969   3.4463   0.00    0.0
2014/03/03 04:24:30.000   63.755963494  -68.510488419    95.2446   5   8   2.8918   2.3060   7.0257  -1.1603  -1.8129   3.4295   0.00    0.0
2014/03/03 04:25:00.000   63.755959617  -68.510505424    93.3145   5   9   2.6974   2.2269   5.9286  -1.4153  -2.3634   2.7963   0.00    0.0
2014/03/03 04:25:30.000   63.755959906  -68.510505588    93.1293   5   9   2.7020   2.2279   5.9250  -1.4226  -2.3690   2.8006   0.00    0.0
2014/03/03 04:26:00.000   63.755959271  -68.510505558    91.9248   5   9   2.7064   2.2289   5.9208  -1.4296  -2.3742   2.8044   0.00    0.0
2014/03/03 04:26:30.000   63.755955992  -68.510511462    92.5323   5   9   2.7107   2.2298   5.9159  -1.4365  -2.3790   2.8079   0.00    0.0
2014/03/03 04:27:00.000   63.755959443  -68.510511098    90.6703   5   9   2.7149   2.2307   5.9104  -1.4431  -2.3834   2.8109   0.00    0.0
2014/03/03 04:27:30.000   63.755956768  -68.510514169    91.2786   5   9   2.7190   2.2315   5.9043  -1.4495  -2.3873   2.8135   0.00    0.0
2014/03/03 04:28:00.000   63.755967400  -68.510515610    91.4985   5   8   3.3652   2.5287   5.9663  -2.1138  -2.1547   2.4781   0.00    0.0
2014/03/03 04:28:30.000   63.755966533  -68.510506468    92.4598   5   8   3.3691   2.5318   5.9576  -2.1207  -2.1594   2.4833   0.00    0.0
2014/03/03 04:29:00.000   63.755967421  -68.510506056    92.9842   5   8   3.3728   2.5347   5.9484  -2.1273  -2.1636   2.4878   0.00    0.0
2014/03/03 04:29:30.000   63.755965775  -68.510505701    92.7242   5   8   3.3764   2.5375   5.9386  -2.1337  -2.1673   2.4917   0.00    0.0
2014/03/03 04:30:00.000   63.755970605  -68.510512821    92.1771   5   8   3.3798   2.5403   5.9283  -2.1399  -2.1705   2.4949   0.00    0.0
2014/03/03 04:30:30.000   63.755969000  -68.510515476    92.8825   5   8   3.3830   2.5429   5.9174  -2.1458  -2.1731   2.4975   0.00    0.0
2014/03/03 04:31:00.000   63.755965787  -68.510517335    92.4687   5   8   3.3861   2.5454   5.9059  -2.1515  -2.1752   2.4994   0.00    0.0
2014/03/03 04:31:30.000   63.755968837  -68.510506521    92.5161   5   8   3.3890   2.5479   5.8940  -2.1570  -2.1767   2.5007   0.00    0.0
2014/03/03 04:32:00.000   63.755965171  -68.510513515    93.9512   5   8   3.3918   2.5502   5.8815  -2.1622  -2.1777   2.5014   0.00    0.0
2014/03/03 04:32:30.000   63.755968559  -68.510527365    93.2380   5   8   3.3944   2.5524   5.8685  -2.1672  -2.1782   2.5014   0.00    0.0
2014/03/03 04:33:00.000   63.755964730  -68.510527101    92.7578   5   8   3.3968   2.5545   5.8549  -2.1720  -2.1782   2.5008   0.00    0.0
2014/03/03 04:33:30.000   63.755969459  -68.510525302    93.2320   5   8   3.3990   2.5565   5.8409  -2.1765  -2.1777   2.4997   0.00    0.0
2014/03/03 04:34:00.000   63.755968399  -68.510537873    95.0611   5   8   3.4011   2.5584   5.8264  -2.1808  -2.1767   2.4979   0.00    0.0
2014/03/03 04:34:30.000   63.755970895  -68.510525945    93.1188   5   8   3.4030   2.5602   5.8114  -2.1849  -2.1752   2.4955   0.00    0.0
2014/03/03 04:35:00.000   63.755962376  -68.510517985    93.9531   5   8   3.4047   2.5618   5.7959  -2.1887  -2.1732   2.4925   0.00    0.0
2014/03/03 04:35:30.000   63.755964434  -68.510522443    93.1625   5   8   3.4062   2.5634   5.7799  -2.1924  -2.1707   2.4889   0.00    0.0
2014/03/03 04:36:00.000   63.755966131  -68.510519801    93.0249   5   8   3.4076   2.5649   5.7636  -2.1957  -2.1678   2.4848   0.00    0.0
2014/03/03 04:36:30.000   63.755961409  -68.510509432    93.4024   5   8   3.4088   2.5662   5.7467  -2.1989  -2.1644   2.4801   0.00    0.0
2014/03/03 04:37:00.000   63.755967534  -68.510512864    93.5073   5   8   3.4099   2.5675   5.7295  -2.2019  -2.1605   2.4748   0.00    0.0
2014/03/03 04:37:30.000   63.755966767  -68.510519267    93.8301   5   8   3.4108   2.5686   5.7119  -2.2046  -2.1562   2.4691   0.00    0.0
2014/03/03 04:38:00.000   63.755961503  -68.510513360    93.6008   5   8   3.4115   2.5697   5.6939  -2.2071  -2.1514   2.4627   0.00    0.0
2014/03/03 04:38:30.000   63.755961913  -68.510505190    94.4361   5   8   3.4121   2.5707   5.6755  -2.2095  -2.1463   2.4559   0.00    0.0
2014/03/03 04:39:00.000   63.755964284  -68.510513934    94.2138   5   8   3.4125   2.5715   5.6567  -2.2116  -2.1407   2.4486   0.00    0.0
2014/03/03 04:39:30.000   63.755959517  -68.510512642    95.0913   5   8   3.4128   2.5723   5.6377  -2.2135  -2.1347   2.4407   0.00    0.0
2014/03/03 04:40:00.000   63.755954052  -68.510509346    94.0760   5   8   3.4129   2.5729   5.6183  -2.2152  -2.1283   2.4324   0.00    0.0
2014/03/03 04:40:30.000   63.755953747  -68.510504532    94.1089   5   8   3.4129   2.5735   5.5985  -2.2167  -2.1215   2.4236   0.00    0.0
2014/03/03 04:41:00.000   63.755957223  -68.510514315    93.8693   5   8   3.4128   2.5740   5.5785  -2.2181  -2.1143   2.4143   0.00    0.0
2014/03/03 04:41:30.000   63.755948837  -68.510502327    93.9494   5   8   3.4125   2.5744   5.5583  -2.2192  -2.1068   2.4046   0.00    0.0
2014/03/03 04:42:00.000   63.755959362  -68.510507131    94.2442   5   8   3.4120   2.5747   5.5378  -2.2202  -2.0989   2.3945   0.00    0.0
2014/03/03 04:42:30.000   63.755953440  -68.510511506    94.2564   5   8   3.4115   2.5749   5.5170  -2.2210  -2.0906   2.3840   0.00    0.0
2014/03/03 04:43:00.000   63.755962618  -68.510519138    93.8055   5   8   3.4108   2.5751   5.4960  -2.2217  -2.0820   2.3730   0.00    0.0
2014/03/03 04:43:30.000   63.755960981  -68.510514315    94.3624   5   8   3.4100   2.5752   5.4748  -2.2221  -2.0731   2.3616   0.00    0.0
2014/03/03 04:44:00.000   63.755968462  -68.510515991    93.8109   5   8   3.4091   2.5752   5.4534  -2.2224  -2.0639   2.3499   0.00    0.0
2014/03/03 04:44:30.000   63.755965483  -68.510517308    94.2383   5   8   3.4081   2.5751   5.4319  -2.2226  -2.0544   2.3378   0.00    0.0
2014/03/03 04:45:00.000   63.755966109  -68.510501827    93.1393   5   8   3.4069   2.5750   5.4102  -2.2226  -2.0446   2.3253   0.00    0.0
2014/03/03 04:45:30.000   63.755965154  -68.510502894    93.7618   5   8   3.4057   2.5748   5.3884  -2.2225  -2.0345   2.3125   0.00    0.0
2014/03/03 04:46:00.000   63.755967354  -68.510490080    92.6241   5   8   3.4044   2.5745   5.3664  -2.2222  -2.0241   2.2994   0.00    0.0
2014/03/03 04:46:30.000   63.755963620  -68.510497029    93.1456   5   8   3.4030   2.5742   5.3443  -2.2218  -2.0134   2.2859   0.00    0.0
2014/03/03 04:47:00.000   63.755964649  -68.510493934    92.8653   5   8   3.4014   2.5738   5.3222  -2.2212  -2.0025   2.2721   0.00    0.0
2014/03/03 04:47:30.000   63.755966308  -68.510495142    93.0985   5   8   3.3998   2.5734   5.2999  -2.2206  -1.9914   2.2581   0.00    0.0
2014/03/03 04:48:00.000   63.755969859  -68.510493520    93.8619   5   8   3.3982   2.5729   5.2776  -2.2198  -1.9800   2.2437   0.00    0.0
2014/03/03 04:48:30.000   63.755970935  -68.510503216    94.2642   5   8   3.3964   2.5724   5.2552  -2.2189  -1.9684   2.2291   0.00    0.0
2014/03/03 04:49:00.000   63.755975578  -68.510501228    95.4493   5   8   3.3946   2.5718   5.2329  -2.2179  -1.9566   2.2142   0.00    0.0
2014/03/03 04:49:30.000   63.755972969  -68.510497424    96.4227   5   8   3.3927   2.5712   5.2105  -2.2168  -1.9446   2.1991   0.00    0.0
2014/03/03 04:50:00.000   63.755974272  -68.510497535    95.0725   5   8   3.3908   2.5706   5.1880  -2.2156  -1.9324   2.1838   0.00    0.0
2014/03/03 04:50:30.000   63.755973317  -68.510495322    95.9668   5   8   3.3888   2.5699   5.1656  -2.2143  -1.9200   2.1682   0.00    0.0
2014/03/03 04:51:00.000   63.755971367  -68.510484511    94.0984   5   8   3.3867   2.5692   5.1432  -2.2129  -1.9074   2.1524   0.00    0.0
2014/03/03 04:51:30.000   63.755964309  -68.510475645    94.6935   5   8   3.3846   2.5685   5.1209  -2.2114  -1.8947   2.1364   0.00    0.0
2014/03/03 04:52:00.000   63.755968455  -68.510480567    94.4744   5   8   3.3825   2.5677   5.0986  -2.2098  -1.8818   2.1202   0.00    0.0
2014/03/03 04:52:30.000   63.755966049  -68.510475206    94.7243   5   8   3.3803   2.5669   5.0763  -2.2082  -1.8687   2.1038   0.00    0.0
2014/03/03 04:53:00.000   63.755966449  -68.510473072    92.7721   5   8   3.3781   2.5661   5.0541  -2.2065  -1.8555   2.0873   0.00    0.0
2014/03/03 04:53:30.000   63.755967449  -68.510472944    93.3097   5   8   3.3759   2.5653   5.0320  -2.2047  -1.8421   2.0705   0.00    0.0
2014/03/03 04:54:00.000   63.755977041  -68.510482530    94.0854   5   8   3.3736   2.5645   5.0099  -2.2029  -1.8287   2.0537   0.00    0.0
2014/03/03 04:54:30.000   63.755974943  -68.510493461    95.8951   5   9   3.1192   2.1355   4.3704  -1.7407   0.3398   1.0357   0.00    0.0
2014/03/03 04:55:00.000   63.755975691  -68.510495396    95.5607   5   9   3.1201   2.1362   4.3630  -1.7425   0.3373   1.0314   0.00    0.0
2014/03/03 04:55:30.000   63.755974861  -68.510500229    96.1865   5   9   3.1211   2.1368   4.3555  -1.7444   0.3349   1.0269   0.00    0.0
2014/03/03 04:56:00.000   63.755971992  -68.510509450    97.5462   5   8   5.2295   2.3660   4.8546  -2.7028   1.5168  -2.8307   0.00    0.0
2014/03/03 04:56:30.000   63.755980322  -68.510516671    98.1980   5   8   5.2421   2.3717   4.8516  -2.7158   1.5274  -2.8443   0.00    0.0
2014/03/03 04:57:00.000   63.755974143  -68.510511874    97.2914   5   8   5.2547   2.3774   4.8486  -2.7287   1.5380  -2.8580   0.00    0.0
2014/03/03 04:57:30.000   63.755970662  -68.510518066    97.6357   5   8   5.2673   2.3832   4.8456  -2.7416   1.5486  -2.8718   0.00    0.0
2014/03/03 04:58:00.000   63.755970974  -68.510513579    97.3928   5   8   5.2798   2.3890   4.8427  -2.7544   1.5592  -2.8856   0.00    0.0
2014/03/03 04:58:30.000   63.755962384  -68.510511595    97.4792   5   8   5.2922   2.3949   4.8398  -2.7672   1.5699  -2.8995   0.00    0.0
2014/03/03 04:59:00.000   63.755982552  -68.510523274    95.9628   5   8   5.3046   2.4008   4.8370  -2.7800   1.5807  -2.9134   0.00    0.0
2014/03/03 04:59:30.000   63.755981848  -68.510514946    96.4682   5   8   5.3169   2.4068   4.8342  -2.7927   1.5915  -2.9274   0.00    0.0
2014/03/03 05:00:00.000   63.755982647  -68.510532595    96.0011   5   8   5.3291   2.4129   4.8315  -2.8053   1.6023  -2.9414   0.00    0.0
2014/03/03 05:00:30.000   63.755992010  -68.510536139    94.9487   5   8   5.3413   2.4190   4.8288  -2.8179   1.6131  -2.9554   0.00    0.0
2014/03/03 05:01:00.000   63.755986494  -68.510531491    95.3180   5   8   5.3534   2.4252   4.8261  -2.8305   1.6240  -2.9695   0.00    0.0
2014/03/03 05:01:30.000   63.755994243  -68.510536764    95.1769   5   8   5.3654   2.4314   4.8235  -2.8430   1.6349  -2.9835   0.00    0.0
2014/03/03 05:02:00.000   63.755987452  -68.510533209    95.5823   5   8   5.3773   2.4376   4.8210  -2.8554   1.6458  -2.9976   0.00    0.0
2014/03/03 05:02:30.000   63.756007488  -68.510532472    94.0292   5   8   5.3891   2.4439   4.8185  -2.8678   1.6567  -3.0116   0.00    0.0
2014/03/03 05:03:00.000   63.755989983  -68.510530031    96.8589   5   8   5.4008   2.4503   4.8160  -2.8801   1.6677  -3.0257   0.00    0.0
2014/03/03 05:03:30.000   63.756006271  -68.510537188    96.0516   5   8   5.4125   2.4567   4.8137  -2.8924   1.6787  -3.0397   0.00    0.0
2014/03/03 05:04:00.000   63.755984200  -68.510545186    97.2094   5   8   5.4240   2.4631   4.8113  -2.9046   1.6897  -3.0538   0.00    0.0
2014/03/03 05:04:30.000   63.755954023  -68.510498082    97.6593   5   9   2.6275   1.8745   4.2121  -0.9255  -0.9159   1.2769   0.00    0.0
2014/03/03 05:05:00.000   63.755954669  -68.510519168    99.4449   5   9   2.6253   1.8736   4.2079  -0.9231  -0.9119   1.2616   0.00    0.0
2014/03/03 05:05:30.000   63.755950456  -68.510503769    97.0505   5   9   2.6232   1.8728   4.2037  -0.9206  -0.9078   1.2462   0.00    0.0
2014/03/03 05:06:00.000   63.755956133  -68.510509788    99.2702   5   9   2.6211   1.8721   4.1995  -0.9181  -0.9036   1.2305   0.00    0.0
2014/03/03 05:06:30.000   63.755948522  -68.510507388    99.3318   5   9   2.6192   1.8713   4.1953  -0.9156  -0.8994   1.2147   0.00    0.0
2014/03/03 05:07:00.000   63.755951271  -68.510498052    98.0542   5   9   2.6174   1.8706   4.1912  -0.9131  -0.8951   1.1986   0.00    0.0
2014/03/03 05:07:30.000   63.755957947  -68.510508130    98.9225   5   9   2.6157   1.8700   4.1870  -0.9106  -0.8907   1.1823   0.00    0.0
2014/03/03 05:08:00.000   63.755953392  -68.510510677    98.5749   5   9   2.6140   1.8694   4.1829  -0.9081  -0.8863   1.1658   0.00    0.0
2014/03/03 05:08:30.000   63.755955017  -68.510498439    98.7160   5   9   2.6125   1.8688   4.1788  -0.9056  -0.8818   1.1491   0.00    0.0
2014/03/03 05:09:00.000   63.755954040  -68.510507598    99.0787   5   9   2.6111   1.8682   4.1748  -0.9031  -0.8772   1.1322   0.00    0.0
2014/03/03 05:09:30.000   63.755951393  -68.510508288    99.3963   5   9   2.6097   1.8677   4.1707  -0.9006  -0.8725   1.1150   0.00    0.0
2014/03/03 05:10:00.000   63.755954323  -68.510494727    98.9852   5   9   2.6085   1.8672   4.1667  -0.8981  -0.8678   1.0977   0.00    0.0
2014/03/03 05:10:30.000   63.755953017  -68.510486272    98.8499   5   9   2.6074   1.8667   4.1628  -0.8956  -0.8630   1.0801   0.00    0.0
2014/03/03 05:11:00.000   63.755951741  -68.510500223    99.1978   5   9   2.6063   1.8663   4.1589  -0.8931  -0.8581   1.0623   0.00    0.0
2014/03/03 05:11:30.000   63.755946125  -68.510498872    97.7266   5   9   2.6054   1.8659   4.1550  -0.8906  -0.8531   1.0442   0.00    0.0
2014/03/03 05:12:00.000   63.755952587  -68.510492743    98.3643   5   9   2.6046   1.8655   4.1512  -0.8881  -0.8481   1.0260   0.00    0.0
2014/03/03 05:12:30.000   63.755954396  -68.510497576    97.4100   5   9   2.6039   1.8652   4.1474  -0.8856  -0.8430   1.0074   0.00    0.0
2014/03/03 05:13:00.000   63.755956445  -68.510497619    98.4109   5   9   2.6032   1.8649   4.1437  -0.8831  -0.8378   0.9887   0.00    0.0
2014/03/03 05:13:30.000   63.755949598  -68.510505503    96.6523   5   8   3.0638   1.9207   4.6728  -0.1774   0.5515   2.1077   0.00    0.0
2014/03/03 05:14:00.000   63.755948496  -68.510509430    96.6556   5   8   3.0629   1.9203   4.6729  -0.1681   0.5615   2.1011   0.00    0.0
2014/03/03 05:14:30.000   63.755947043  -68.510507769    96.6122   5   8   3.0621   1.9201   4.6730  -0.1583   0.5712   2.0945   0.00    0.0
2014/03/03 05:15:00.000   63.755943829  -68.510509398    96.2574   5   8   3.0614   1.9198   4.6731  -0.1479   0.5809   2.0877   0.00    0.0
2014/03/03 05:15:30.000   63.755952931  -68.510507831    97.7643   5   8   3.0606   1.9196   4.6732  -0.1370   0.5903   2.0809   0.00    0.0
2014/03/03 05:16:00.000   63.755948135  -68.510498009    97.4700   5   8   3.0599   1.9194   4.6733  -0.1252   0.5996   2.0740   0.00    0.0
2014/03/03 05:16:30.000   63.755951609  -68.510490305    98.6711   5   8   3.0592   1.9193   4.6734  -0.1125   0.6088   2.0669   0.00    0.0
2014/03/03 05:17:00.000   63.755952879  -68.510487308    97.9813   5   7   3.0618   2.1706   5.2452   0.3655  -1.4257   1.9765   0.00    0.0
2014/03/03 05:17:30.000   63.755952515  -68.510489102    97.8245   5   7   3.0609   2.1688   5.2560   0.3581  -1.4271   1.9729   0.00    0.0
2014/03/03 05:18:00.000   63.755951985  -68.510481270    96.9808   5   7   3.0600   2.1670   5.2669   0.3507  -1.4282   1.9693   0.00    0.0
2014/03/03 05:18:30.000   63.755948954  -68.510483831    96.9171   5   6   4.7602   2.2330   7.6007   1.4518   0.9703   4.8798   0.00    0.0
2014/03/03 05:19:00.000   63.755958324  -68.510493522    97.8949   5   6   4.7835   2.2306   7.6757   1.4524   0.9874   4.9306   0.00    0.0
2014/03/03 05:19:30.000   63.755957711  -68.510489882    97.6042   5   6   4.8070   2.2283   7.7522   1.4532   1.0049   4.9822   0.00    0.0
2014/03/03 05:20:00.000   63.755954163  -68.510482860    96.7768   5   6   4.8309   2.2261   7.8300   1.4540   1.0226   5.0345   0.00    0.0
2014/03/03 05:20:30.000   63.755969501  -68.510484890    98.9016   5   6   4.8552   2.2238   7.9093   1.4551   1.0407   5.0875   0.00    0.0
2014/03/03 05:21:00.000   63.755962179  -68.510483413    98.4062   5   6   4.8797   2.2217   7.9901   1.4563   1.0591   5.1413   0.00    0.0
2014/03/03 05:21:30.000   63.755962232  -68.510480694    98.7637   5   6   4.9047   2.2195   8.0723   1.4576   1.0779   5.1958   0.00    0.0
2014/03/03 05:22:00.000   63.755956249  -68.510479884    97.3786   5   6   4.9299   2.2174   8.1559   1.4591   1.0969   5.2510   0.00    0.0
2014/03/03 05:22:30.000   63.755956680  -68.510482599    97.6992   5   6   4.9555   2.2153   8.2411   1.4607   1.1164   5.3070   0.00    0.0
2014/03/03 05:23:00.000   63.755959376  -68.510485509    97.8164   5   6   4.9814   2.2133   8.3277   1.4626   1.1362   5.3636   0.00    0.0
2014/03/03 05:23:30.000   63.755958524  -68.510486796    97.6810   5   6   5.0076   2.2113   8.4157   1.4646   1.1563   5.4210   0.00    0.0
2014/03/03 05:24:00.000   63.755963008  -68.510488925    97.3329   5   6   5.0341   2.2093   8.5053   1.4667   1.1768   5.4791   0.00    0.0
2014/03/03 05:24:30.000   63.755965506  -68.510486441    98.0855   5   6   5.0610   2.2074   8.5963   1.4691   1.1977   5.5379   0.00    0.0
2014/03/03 05:25:00.000   63.755967659  -68.510488885    98.3712   5   6   5.0881   2.2055   8.6889   1.4716   1.2189   5.5973   0.00    0.0
2014/03/03 05:25:30.000   63.755964789  -68.510485549    97.5589   5   6   5.1154   2.2037   8.7828   1.4744   1.2405   5.6574   0.00    0.0
2014/03/03 05:26:00.000   63.755968416  -68.510480446    98.0583   5   6   5.1431   2.2019   8.8783   1.4773   1.2625   5.7182   0.00    0.0
2014/03/03 05:26:30.000   63.755971007  -68.510473874    98.3676   5   6   5.1710   2.2002   8.9752   1.4804   1.2848   5.7795   0.00    0.0
2014/03/03 05:27:00.000   63.755968558  -68.510480417    98.0235   5   6   5.1991   2.1985   9.0735   1.4837   1.3076   5.8415   0.00    0.0
2014/03/03 05:27:30.000   63.755961125  -68.510480524    96.2931   5   6   5.2274   2.1968   9.1732   1.4872   1.3306   5.9040   0.00    0.0
2014/03/03 05:28:00.000   63.755958007  -68.510482542    96.5753   5   7   3.2884   2.1949   5.4068   1.5378   1.4473   2.1706   0.00    0.0
2014/03/03 05:28:30.000   63.755959661  -68.510482572    96.5902   5   7   3.2883   2.1934   5.4391   1.5363   1.4597   2.1845   0.00    0.0
2014/03/03 05:29:00.000   63.755964436  -68.510480197    97.9280   5   7   3.2883   2.1919   5.4719   1.5348   1.4723   2.1986   0.00    0.0
2014/03/03 05:29:30.000   63.755961153  -68.510477526    96.7608   5   7   3.2882   2.1905   5.5052   1.5333   1.4851   2.2130   0.00    0.0
2014/03/03 05:30:00.000   63.755963307  -68.510467876    97.4867   5   7   3.2883   2.1891   5.5390   1.5318   1.4980   2.2276   0.00    0.0
2014/03/03 05:30:30.000   63.755967968  -68.510474920    97.7648   5   7   3.2883   2.1877   5.5733   1.5303   1.5111   2.2425   0.00    0.0
2014/03/03 05:31:00.000   63.755965737  -68.510475017    97.4533   5   7   3.2885   2.1864   5.6081   1.5289   1.5243   2.2577   0.00    0.0
2014/03/03 05:31:30.000   63.755964468  -68.510474613    97.2660   5   7   3.2886   2.1851   5.6434   1.5275   1.5377   2.2730   0.00    0.0
2014/03/03 05:32:00.000   63.755965005  -68.510476495    97.1555   5   7   3.2888   2.1839   5.6792   1.5260   1.5513   2.2886   0.00    0.0
2014/03/03 05:32:30.000   63.755967253  -68.510477529    97.8557   5   7   3.2890   2.1827   5.7156   1.5246   1.5650   2.3045   0.00    0.0
2014/03/03 05:33:00.000   63.755965535  -68.510478277    98.0860   5   7   3.2893   2.1815   5.7524   1.5232   1.5789   2.3206   0.00    0.0
2014/03/03 05:33:30.000   63.755968895  -68.510473160    98.2969   5   7   3.2896   2.1804   5.7897   1.5218   1.5929   2.3369   0.00    0.0
2014/03/03 05:34:00.000   63.755969266  -68.510474281    97.7658   5   7   3.2900   2.1793   5.8276   1.5205   1.6071   2.3535   0.00    0.0
2014/03/03 05:34:30.000   63.755971462  -68.510481094    97.6411   5   7   3.2904   2.1783   5.8660   1.5191   1.6215   2.3703   0.00    0.0
2014/03/03 05:35:00.000   63.755974452  -68.510480292    98.8789   5   7   3.2908   2.1773   5.9048   1.5178   1.6360   2.3873   0.00    0.0
2014/03/03 05:35:30.000   63.755975544  -68.510477735    99.1891   5   7   3.2913   2.1763   5.9442   1.5165   1.6507   2.4046   0.00    0.0
2014/03/03 05:36:00.000   63.755976253  -68.510481821    98.9349   5   7   3.2918   2.1754   5.9841   1.5152   1.6656   2.4221   0.00    0.0
2014/03/03 05:36:30.000   63.755974316  -68.510480913    98.2059   5   7   3.2923   2.1745   6.0244   1.5139   1.6805   2.4398   0.00    0.0
2014/03/03 05:37:00.000   63.755975035  -68.510477989    98.7494   5   7   3.2929   2.1737   6.0653   1.5127   1.6957   2.4577   0.00    0.0
2014/03/03 05:37:30.000   63.755978176  -68.510478542    98.4674   5   7   3.2936   2.1729   6.1067   1.5114   1.7110   2.4758   0.00    0.0
2014/03/03 05:38:00.000   63.755984509  -68.510476854    99.2635   5   7   3.2942   2.1722   6.1485   1.5102   1.7265   2.4941   0.00    0.0
2014/03/03 05:38:30.000   63.755982720  -68.510480864    98.5624   5   7   3.2949   2.1715   6.1909   1.5090   1.7421   2.5126   0.00    0.0
2014/03/03 05:39:00.000   63.755980388  -68.510483118    98.7875   5   7   3.2956   2.1708   6.2337   1.5078   1.7578   2.5313   0.00    0.0
2014/03/03 05:39:30.000   63.755978125  -68.510481765    98.9929   5   7   3.2964   2.1702   6.2769   1.5067   1.7737   2.5502   0.00    0.0
2014/03/03 05:40:00.000   63.755978423  -68.510484724    99.3181   5   7   3.2972   2.1696   6.3207   1.5055   1.7898   2.5693   0.00    0.0
2014/03/03 05:40:30.000   63.755975884  -68.510484111    97.9792   5   7   3.2980   2.1690   6.3649   1.5044   1.8059   2.5885   0.00    0.0
2014/03/03 05:41:00.000   63.755982369  -68.510482461    99.3390   5   7   3.2989   2.1686   6.4095   1.5033   1.8223   2.6079   0.00    0.0
2014/03/03 05:41:30.000   63.755984293  -68.510479655    98.4135   5   7   3.2998   2.1681   6.4546   1.5023   1.8387   2.6275   0.00    0.0
2014/03/03 05:42:00.000   63.755978592  -68.510481179    98.0724   5   7   3.3007   2.1677   6.5001   1.5012   1.8553   2.6472   0.00    0.0
2014/03/03 05:42:30.000   63.755981473  -68.510478060    98.9184   5   7   3.3017   2.1673   6.5460   1.5002   1.8719   2.6671   0.00    0.0
2014/03/03 05:43:00.000   63.755979899  -68.510477627    98.1007   5   7   3.3027   2.1670   6.5923   1.4991   1.8887   2.6871   0.00    0.0
2014/03/03 05:43:30.000   63.755986316  -68.510482083    98.2252   5   7   3.3037   2.1667   6.6390   1.4981   1.9056   2.7072   0.00    0.0
2014/03/03 05:44:00.000   63.755984785  -68.510481450    97.9147   5   7   3.3047   2.1665   6.6860   1.4971   1.9227   2.7274   0.00    0.0
2014/03/03 05:44:30.000   63.755989926  -68.510477431    98.4299   5   7   3.3058   2.1663   6.7334   1.4962   1.9398   2.7478   0.00    0.0
2014/03/03 05:45:00.000   63.755987190  -68.510472950    98.3739   5   7   3.3068   2.1661   6.7811   1.4952   1.9570   2.7682   0.00    0.0
2014/03/03 05:45:30.000   63.755984673  -68.510478398    98.3341   5   7   3.3079   2.1660   6.8292   1.4942   1.9742   2.7887   0.00    0.0
2014/03/03 05:46:00.000   63.755984729  -68.510474016    98.4127   5   7   3.3090   2.1660   6.8775   1.4933   1.9916   2.8093   0.00    0.0
2014/03/03 05:46:30.000   63.755988975  -68.510468134    98.7470   5   7   3.3101   2.1659   6.9260   1.4924   2.0090   2.8299   0.00    0.0
2014/03/03 05:47:00.000   63.755986008  -68.510476617    98.5372   5   7   3.3113   2.1659   6.9748   1.4914   2.0265   2.8506   0.00    0.0
2014/03/03 05:47:30.000   63.755986098  -68.510476737    97.9891   5   7   3.3124   2.1660   7.0239   1.4905   2.0440   2.8713   0.00    0.0
2014/03/03 05:48:00.000   63.755988672  -68.510471844    98.0107   5   7   3.3136   2.1661   7.0730   1.4896   2.0616   2.8920   0.00    0.0
2014/03/03 05:48:30.000   63.755989609  -68.510469562    99.0329   5   7   3.3147   2.1662   7.1224   1.4886   2.0792   2.9127   0.00    0.0
2014/03/03 05:49:00.000   63.755987412  -68.510471010    99.3671   5   7   3.3159   2.1663   7.1718   1.4877   2.0968   2.9333   0.00    0.0
2014/03/03 05:49:30.000   63.755989411  -68.510466943    99.2819   5   7   3.3170   2.1665   7.2214   1.4868   2.1144   2.9540   0.00    0.0
2014/03/03 05:50:00.000   63.755989058  -68.510465464    98.8147   5   7   3.3182   2.1668   7.2709   1.4858   2.1320   2.9745   0.00    0.0
2014/03/03 05:50:30.000   63.755989189  -68.510462078    99.4066   5   7   3.3193   2.1670   7.3205   1.4848   2.1495   2.9950   0.00    0.0
2014/03/03 05:51:00.000   63.755984253  -68.510462895    99.7877   5   7   3.3204   2.1673   7.3701   1.4838   2.1671   3.0153   0.00    0.0
2014/03/03 05:51:30.000   63.755986624  -68.510461190    99.8474   5   7   3.3215   2.1676   7.4195   1.4828   2.1845   3.0356   0.00    0.0
2014/03/03 05:52:00.000   63.755984596  -68.510461823   100.0307   5   7   3.3226   2.1680   7.4689   1.4817   2.2019   3.0557   0.00    0.0
2014/03/03 05:52:30.000   63.755983475  -68.510466168    99.6562   5   7   3.3237   2.1684   7.5181   1.4807   2.2193   3.0756   0.00    0.0
2014/03/03 05:53:00.000   63.755987171  -68.510465334    99.3189   5   7   3.3247   2.1688   7.5670   1.4795   2.2365   3.0953   0.00    0.0
2014/03/03 05:53:30.000   63.755989359  -68.510461103   101.3257   5   7   3.3257   2.1692   7.6157   1.4783   2.2536   3.1148   0.00    0.0
2014/03/03 05:54:00.000   63.755989372  -68.510469203   100.9278   5   7   3.3266   2.1696   7.6641   1.4771   2.2706   3.1341   0.00    0.0
2014/03/03 05:54:30.000   63.755984518  -68.510470682    99.4583   5   7   3.3275   2.1701   7.7121   1.4758   2.2874   3.1531   0.00    0.0
2014/03/03 05:55:00.000   63.755989087  -68.510472040    99.3633   5   7   3.3283   2.1706   7.7596   1.4744   2.3040   3.1718   0.00    0.0
2014/03/03 05:55:30.000   63.755988417  -68.510473459    99.2110   5   7   3.3291   2.1711   7.8067   1.4730   2.3205   3.1901   0.00    0.0
2014/03/03 05:56:00.000   63.755987041  -68.510469796    99.5663   5   7   3.3298   2.1715   7.8532   1.4715   2.3367   3.2081   0.00    0.0
2014/03/03 05:56:30.000   63.755988496  -68.510469694   100.4304   5   7   3.3305   2.1721   7.8991   1.4699   2.3527   3.2258   0.00    0.0
2014/03/03 05:57:00.000   63.755986287  -68.510468281   100.5073   5   7   3.3310   2.1726   7.9443   1.4682   2.3684   3.2430   0.00    0.0
2014/03/03 05:57:30.000   63.755985132  -68.510472109   100.6186   5   7   3.3315   2.1731   7.9888   1.4663   2.3839   3.2597   0.00    0.0
2014/03/03 05:58:00.000   63.755983548  -68.510470140   101.1146   5   7   3.3319   2.1736   8.0325   1.4644   2.3991   3.2760   0.00    0.0
2014/03/03 05:58:30.000   63.755986888  -68.510470384   101.8606   5   7   3.3322   2.1741   8.0753   1.4624   2.4139   3.2918   0.00    0.0
2014/03/03 05:59:00.000   63.755984319  -68.510470368   100.9412   5   7   3.3324   2.1746   8.1172   1.4602   2.4284   3.3071   0.00    0.0
2014/03/03 05:59:30.000   63.755985259  -68.510466195   100.8526   5   7   3.3325   2.1751   8.1581   1.4578   2.4425   3.3218   0.00    0.0
2014/03/03 06:00:00.000   63.755987772  -68.510469998   101.1641   5   7   3.3325   2.1756   8.1979   1.4554   2.4563   3.3359   0.00    0.0
2014/03/03 06:00:30.000   63.755987557  -68.510473609   100.8723   5   7   3.3323   2.1760   8.2366   1.4527   2.4696   3.3494   0.00    0.0
2014/03/03 06:01:00.000   63.755986980  -68.510481237   100.4957   5   7   3.3320   2.1765   8.2740   1.4499   2.4825   3.3622   0.00    0.0
2014/03/03 06:01:30.000   63.755987011  -68.510478717   101.0207   5   7   3.3316   2.1769   8.3102   1.4469   2.4949   3.3743   0.00    0.0
2014/03/03 06:02:00.000   63.755985685  -68.510476476   100.4011   5   7   3.3311   2.1773   8.3450   1.4437   2.5069   3.3858   0.00    0.0
2014/03/03 06:02:30.000   63.755986521  -68.510476401   100.8196   5   7   3.3304   2.1776   8.3785   1.4404   2.5183   3.3965   0.00    0.0
2014/03/03 06:03:00.000   63.755984616  -68.510476566   101.1082   5   7   3.3295   2.1780   8.4104   1.4368   2.5293   3.4064   0.00    0.0
2014/03/03 06:03:30.000   63.755991945  -68.510478074    99.1959   5   7   3.3285   2.1783   8.4408   1.4330   2.5397   3.4155   0.00    0.0
2014/03/03 06:04:00.000   63.755988151  -68.510481874    98.4931   5   7   3.3274   2.1785   8.4697   1.4290   2.5495   3.4238   0.00    0.0
2014/03/03 06:04:30.000   63.755987322  -68.510475220   100.1054   5   7   3.3261   2.1787   8.4968   1.4247   2.5587   3.4313   0.00    0.0
2014/03/03 06:05:00.000   63.755987965  -68.510472936   100.0778   5   7   3.3246   2.1789   8.5223   1.4202   2.5673   3.4379   0.00    0.0
2014/03/03 06:05:30.000   63.755984093  -68.510473652   100.8430   5   7   3.3229   2.1790   8.5460   1.4155   2.5753   3.4436   0.00    0.0
2014/03/03 06:06:00.000   63.755986061  -68.510472513   101.1407   5   7   3.3211   2.1791   8.5678   1.4104   2.5827   3.4484   0.00    0.0
2014/03/03 06:06:30.000   63.755985746  -68.510479784   100.4375   5   7   3.3191   2.1791   8.5878   1.4052   2.5894   3.4523   0.00    0.0
2014/03/03 06:07:00.000   63.755983374  -68.510479239   100.6334   5   7   3.3169   2.1790   8.6059   1.3996   2.5955   3.4552   0.00    0.0
2014/03/03 06:07:30.000   63.755984493  -68.510478113   100.4977   5   7   3.3145   2.1789   8.6221   1.3938   2.6008   3.4572   0.00    0.0
2014/03/03 06:08:00.000   63.755983720  -68.510481892   101.0103   5   7   3.3119   2.1787   8.6363   1.3876   2.6055   3.4582   0.00    0.0
2014/03/03 06:08:30.000   63.755987297  -68.510467179   100.9778   5   8   3.1003   2.1768   8.0112   1.4166   2.5554   3.9660   0.00    0.0
2014/03/03 06:09:00.000   63.755985411  -68.510469865   101.2157   5   8   3.0973   2.1763   8.0208   1.4127   2.5545   3.9656   0.00    0.0
2014/03/03 06:09:30.000   63.755986929  -68.510468425   100.8129   5   8   3.0939   2.1757   8.0286   1.4085   2.5530   3.9642   0.00    0.0
2014/03/03 06:10:00.000   63.755981369  -68.510477094   100.7161   5   8   3.0903   2.1749   8.0348   1.4040   2.5508   3.9619   0.00    0.0
2014/03/03 06:10:30.000   63.755986920  -68.510467907   100.9517   5   8   3.0864   2.1742   8.0391   1.3992   2.5480   3.9587   0.00    0.0
2014/03/03 06:11:00.000   63.755988504  -68.510475207   100.1125   5   8   3.0822   2.1733   8.0417   1.3940   2.5445   3.9545   0.00    0.0
2014/03/03 06:11:30.000   63.755985815  -68.510470241   100.5881   5   8   3.0777   2.1724   8.0426   1.3885   2.5404   3.9494   0.00    0.0
2014/03/03 06:12:00.000   63.755985216  -68.510468170   100.3983   5   8   3.0729   2.1714   8.0417   1.3827   2.5356   3.9433   0.00    0.0
2014/03/03 06:12:30.000   63.755984848  -68.510469489   101.8159   5   8   3.0678   2.1703   8.0390   1.3766   2.5302   3.9364   0.00    0.0
2014/03/03 06:13:00.000   63.755984430  -68.510476790   101.2195   5   8   3.0624   2.1691   8.0346   1.3702   2.5241   3.9285   0.00    0.0
2014/03/03 06:13:30.000   63.755983547  -68.510476296    99.3073   5   8   3.0568   2.1679   8.0285   1.3635   2.5174   3.9198   0.00    0.0
2014/03/03 06:14:00.000   63.755983792  -68.510481949    99.7735   5   8   3.0510   2.1666   8.0207   1.3565   2.5101   3.9101   0.00    0.0
2014/03/03 06:14:30.000   63.755982257  -68.510476765   100.4840   5   8   3.0448   2.1653   8.0112   1.3491   2.5022   3.8996   0.00    0.0
2014/03/03 06:15:00.000   63.755984194  -68.510466326   101.3444   5   8   3.0385   2.1638   8.0000   1.3415   2.4937   3.8883   0.00    0.0
2014/03/03 06:15:30.000   63.755984285  -68.510472669   100.4826   5   8   3.0318   2.1624   7.9872   1.3336   2.4846   3.8761   0.00    0.0
2014/03/03 06:16:00.000   63.755982601  -68.510475384   100.1984   5   8   3.0250   2.1608   7.9728   1.3254   2.4748   3.8630   0.00    0.0
2014/03/03 06:16:30.000   63.755980286  -68.510475742    99.7345   5   8   3.0180   2.1593   7.9568   1.3169   2.4646   3.8492   0.00    0.0
2014/03/03 06:17:00.000   63.755980322  -68.510473570   100.4441   5   8   3.0107   2.1576   7.9393   1.3082   2.4537   3.8346   0.00    0.0
2014/03/03 06:17:30.000   63.755981130  -68.510482724    98.5592   5   8   3.0032   2.1559   7.9203   1.2992   2.4423   3.8193   0.00    0.0
2014/03/03 06:18:00.000   63.755981153  -68.510481852    98.6864   5   8   2.9956   2.1542   7.8999   1.2899   2.4304   3.8032   0.00    0.0
2014/03/03 06:18:30.000   63.755976149  -68.510481524    99.0557   5   8   2.9878   2.1524   7.8780   1.2804   2.4180   3.7865   0.00    0.0
2014/03/03 06:19:00.000   63.755976832  -68.510488033    97.2113   5   8   2.9798   2.1506   7.8548   1.2707   2.4051   3.7690   0.00    0.0
2014/03/03 06:19:30.000   63.755978248  -68.510484384    97.6993   5   8   2.9717   2.1488   7.8303   1.2607   2.3917   3.7509   0.00    0.0
2014/03/03 06:20:00.000   63.755977472  -68.510486352    97.3329   5   8   2.9634   2.1469   7.8045   1.2505   2.3779   3.7323   0.00    0.0
2014/03/03 06:20:30.000   63.755976468  -68.510485877    97.5115   5   8   2.9551   2.1451   7.7775   1.2401   2.3636   3.7130   0.00    0.0
2014/03/03 06:21:00.000   63.755970053  -68.510486329    97.1437   5   8   2.9466   2.1431   7.7493   1.2295   2.3488   3.6931   0.00    0.0
2014/03/03 06:21:30.000   63.755976167  -68.510480534    97.8734   5   8   2.9380   2.1412   7.7201   1.2186   2.3337   3.6728   0.00    0.0
2014/03/03 06:22:00.000   63.755972168  -68.510486558    95.6543   5   9   2.2139   1.8535   5.4668  -0.7684  -0.6343   1.7213   0.00    0.0
2014/03/03 06:22:30.000   63.755973987  -68.510484515    96.4118   5   9   2.2131   1.8533   5.4731  -0.7729  -0.6342   1.7239   0.00    0.0
2014/03/03 06:23:00.000   63.755969482  -68.510477569    97.6118   5   9   2.2123   1.8531   5.4790  -0.7772  -0.6339   1.7266   0.00    0.0
2014/03/03 06:23:30.000   63.755971386  -68.510482989    96.0457   5   9   2.2115   1.8529   5.4847  -0.7815  -0.6333   1.7292   0.00    0.0
2014/03/03 06:24:00.000   63.755975353  -68.510483730    94.3438   5   9   2.2108   1.8527   5.4900  -0.7857  -0.6325   1.7319   0.00    0.0
2014/03/03 06:24:30.000   63.755976977  -68.510480538    97.5598   5   9   2.2102   1.8526   5.4950  -0.7899  -0.6315   1.7345   0.00    0.0
2014/03/03 06:25:00.000   63.755965692  -68.510492426    94.3415   5   9   2.2095   1.8525   5.4996  -0.7940  -0.6302   1.7372   0.00    0.0
2014/03/03 06:25:30.000   63.755967186  -68.510488249    95.7926   5   9   2.2090   1.8524   5.5039  -0.7980  -0.6288   1.7398   0.00    0.0
2014/03/03 06:26:00.000   63.755971085  -68.510482178    96.1438   5   9   2.2085   1.8523   5.5079  -0.8020  -0.6272   1.7424   0.00    0.0
2014/03/03 06:26:30.000   63.755974982  -68.510488252    96.9899   5   9   2.2080   1.8522   5.5115  -0.8059  -0.6253   1.7450   0.00    0.0
2014/03/03 06:27:00.000   63.755971739  -68.510484859    95.4874   5   9   2.2075   1.8522   5.5147  -0.8097  -0.6233   1.7476   0.00    0.0
2014/03/03 06:27:30.000   63.755975070  -68.510487653    96.3376   5   9   2.2071   1.8522   5.5176  -0.8135  -0.6211   1.7502   0.00    0.0
2014/03/03 06:28:00.000   63.755967406  -68.510493232    94.5200   5   9   2.2068   1.8521   5.5201  -0.8173  -0.6187   1.7527   0.00    0.0
2014/03/03 06:28:30.000   63.755976238  -68.510484347    96.6018   5   9   2.2064   1.8522   5.5222  -0.8210  -0.6161   1.7552   0.00    0.0
2014/03/03 06:29:00.000   63.755973477  -68.510485526    95.6116   5   9   2.2061   1.8522   5.5240  -0.8246  -0.6134   1.7577   0.00    0.0
2014/03/03 06:29:30.000   63.755976633  -68.510486059    96.4148   5   9   2.2059   1.8522   5.5253  -0.8282  -0.6105   1.7602   0.00    0.0
2014/03/03 06:30:00.000   63.755978630  -68.510482943    96.5273   5   9   2.2057   1.8523   5.5263  -0.8317  -0.6075   1.7626   0.00    0.0
2014/03/03 06:30:30.000   63.755979291  -68.510482828    96.2199   5   9   2.2055   1.8524   5.5270  -0.8352  -0.6043   1.7649   0.00    0.0
2014/03/03 06:31:00.000   63.755974486  -68.510483818    96.5169   5   9   2.2054   1.8525   5.5272  -0.8386  -0.6009   1.7672   0.00    0.0
2014/03/03 06:31:30.000   63.755974436  -68.510484259    96.0375   5   9   2.2053   1.8526   5.5270  -0.8420  -0.5974   1.7695   0.00    0.0
2014/03/03 06:32:00.000   63.755973383  -68.510484656    95.7182   5   9   2.2052   1.8528   5.5265  -0.8454  -0.5938   1.7717   0.00    0.0
2014/03/03 06:32:30.000   63.755976424  -68.510477662    97.3071   5   9   2.2052   1.8530   5.5255  -0.8487  -0.5901   1.7738   0.00    0.0
2014/03/03 06:33:00.000   63.755977868  -68.510481776    96.2559   5   9   2.2052   1.8532   5.5242  -0.8520  -0.5862   1.7760   0.00    0.0
2014/03/03 06:33:30.000   63.755976194  -68.510486727    96.3164   5   9   2.2052   1.8534   5.5225  -0.8552  -0.5823   1.7780   0.00    0.0
2014/03/03 06:34:00.000   63.755978334  -68.510484259    96.4649   5   9   2.2053   1.8536   5.5204  -0.8584  -0.5782   1.7800   0.00    0.0
2014/03/03 06:34:30.000   63.755976320  -68.510485515    96.3566   5   9   2.2054   1.8538   5.5180  -0.8616  -0.5740   1.7819   0.00    0.0
2014/03/03 06:35:00.000   63.755974385  -68.510488713    95.5452   5   9   2.2055   1.8541   5.5151  -0.8647  -0.5697   1.7838   0.00    0.0
2014/03/03 06:35:30.000   63.755973857  -68.510484836    96.4066   5   9   2.2057   1.8544   5.5119  -0.8678  -0.5654   1.7856   0.00    0.0
2014/03/03 06:36:00.000   63.755975733  -68.510489238    96.3187   5   9   2.2059   1.8547   5.5083  -0.8709  -0.5610   1.7874   0.00    0.0
2014/03/03 06:36:30.000   63.755973422  -68.510487454    96.5833   5   9   2.2061   1.8551   5.5043  -0.8739  -0.5565   1.7891   0.00    0.0
2014/03/03 06:37:00.000   63.755974468  -68.510483695    96.1499   5   9   2.2063   1.8554   5.4999  -0.8769  -0.5519   1.7907   0.00    0.0
2014/03/03 06:37:30.000   63.755976295  -68.510490064    95.7431   5   9   2.2066   1.8558   5.4952  -0.8799  -0.5473   1.7923   0.00    0.0
2014/03/03 06:38:00.000   63.755974867  -68.510486565    96.2812   5   9   2.2070   1.8562   5.4901  -0.8828  -0.5426   1.7938   0.00    0.0
2014/03/03 06:38:30.000   63.755977035  -68.510486600    96.0483   5   9   2.2073   1.8566   5.4847  -0.8857  -0.5379   1.7952   0.00    0.0
2014/03/03 06:39:00.000   63.755978662  -68.510482010    95.4186   5   9   2.2077   1.8570   5.4789  -0.8886  -0.5332   1.7966   0.00    0.0
2014/03/03 06:39:30.000   63.755974661  -68.510489340    95.7538   5   9   2.2081   1.8575   5.4728  -0.8915  -0.5285   1.7980   0.00    0.0
2014/03/03 06:40:00.000   63.755973032  -68.510491212    95.5939   5   9   2.2086   1.8580   5.4663  -0.8944  -0.5237   1.7992   0.00    0.0
2014/03/03 06:40:30.000   63.755975676  -68.510490337    95.1845   5   9   2.2090   1.8585   5.4595  -0.8972  -0.5190   1.8004   0.00    0.0
2014/03/03 06:41:00.000   63.755976036  -68.510484867    94.9662   5   9   2.2096   1.8590   5.4524  -0.9000  -0.5143   1.8016   0.00    0.0
2014/03/03 06:41:30.000   63.755977195  -68.510493417    95.6447   5   9   2.2101   1.8596   5.4449  -0.9028  -0.5095   1.8027   0.00    0.0
2014/03/03 06:42:00.000   63.755975272  -68.510491934    95.7800   5   9   2.2107   1.8601   5.4371  -0.9055  -0.5049   1.8037   0.00    0.0
2014/03/03 06:42:30.000   63.755975191  -68.510497181    95.9481   5   9   2.2113   1.8607   5.4291  -0.9083  -0.5002   1.8047   0.00    0.0
2014/03/03 06:43:00.000   63.755974191  -68.510499545    95.9417   5   9   2.2119   1.8614   5.4207  -0.9110  -0.4956   1.8056   0.00    0.0
2014/03/03 06:43:30.000   63.755973172  -68.510491667    95.4169   5   9   2.2126   1.8620   5.4120  -0.9138  -0.4911   1.8065   0.00    0.0
2014/03/03 06:44:00.000   63.755975025  -68.510495119    96.0858   5   9   2.2133   1.8627   5.4031  -0.9165  -0.4867   1.8073   0.00    0.0
2014/03/03 06:44:30.000   63.755977424  -68.510499054    97.1043   5   8   2.2208   2.0548   6.0965  -0.9979  -1.6413   1.9401   0.00    0.0
2014/03/03 06:45:00.000   63.755975931  -68.510501643    96.1597   5   8   2.2220   2.0553   6.0932  -1.0026  -1.6426   1.9451   0.00    0.0
2014/03/03 06:45:30.000   63.755978544  -68.510501267    97.0399   5   8   2.2232   2.0558   6.0894  -1.0073  -1.6437   1.9500   0.00    0.0
2014/03/03 06:46:00.000   63.755980793  -68.510506645    96.5302   5   8   2.2245   2.0563   6.0850  -1.0119  -1.6447   1.9548   0.00    0.0
2014/03/03 06:46:30.000   63.755982528  -68.510503831    97.0530   5   8   2.2257   2.0568   6.0801  -1.0164  -1.6454   1.9595   0.00    0.0
2014/03/03 06:47:00.000   63.755982023  -68.510503862    97.0940   5   8   2.2271   2.0573   6.0746  -1.0209  -1.6459   1.9641   0.00    0.0
2014/03/03 06:47:30.000   63.755981935  -68.510507485    97.2798   5   8   2.2284   2.0578   6.0686  -1.0253  -1.6462   1.9686   0.00    0.0
2014/03/03 06:48:00.000   63.755982877  -68.510503110    97.0489   5   8   2.2298   2.0583   6.0620  -1.0297  -1.6463   1.9730   0.00    0.0
2014/03/03 06:48:30.000   63.755984020  -68.510503871    96.2441   5   8   2.2313   2.0588   6.0549  -1.0341  -1.6462   1.9773   0.00    0.0
2014/03/03 06:49:00.000   63.755982054  -68.510504790    95.7643   5   8   2.2327   2.0593   6.0474  -1.0384  -1.6460   1.9814   0.00    0.0
2014/03/03 06:49:30.000   63.755982311  -68.510501920    96.4098   5   8   2.2342   2.0598   6.0393  -1.0426  -1.6455   1.9855   0.00    0.0
2014/03/03 06:50:00.000   63.755982680  -68.510504863    97.6195   5   8   2.2358   2.0603   6.0307  -1.0468  -1.6449   1.9895   0.00    0.0
2014/03/03 06:50:30.000   63.755981583  -68.510505942    97.4710   5   8   2.2374   2.0608   6.0216  -1.0510  -1.6441   1.9933   0.00    0.0
2014/03/03 06:51:00.000   63.755980403  -68.510501491    97.8341   5   8   2.2390   2.0613   6.0120  -1.0551  -1.6431   1.9970   0.00    0.0
2014/03/03 06:51:30.000   63.755979150  -68.510508130    98.2530   5   8   2.2407   2.0619   6.0020  -1.0592  -1.6420   2.0007   0.00    0.0
2014/03/03 06:52:00.000   63.755982521  -68.510508033    97.3688   5   8   2.2423   2.0624   5.9915  -1.0632  -1.6407   2.0042   0.00    0.0
2014/03/03 06:52:30.000   63.755984515  -68.510509743    96.1511   5   8   2.2441   2.0629   5.9805  -1.0672  -1.6392   2.0076   0.00    0.0
2014/03/03 06:53:00.000   63.755983344  -68.510506926    96.0620   5   8   2.2458   2.0634   5.9691  -1.0711  -1.6376   2.0109   0.00    0.0
2014/03/03 06:53:30.000   63.755979922  -68.510508760    98.0064   5   8   2.2476   2.0640   5.9573  -1.0750  -1.6358   2.0141   0.00    0.0
2014/03/03 06:54:00.000   63.755979053  -68.510507039    97.2194   5   8   2.2495   2.0645   5.9451  -1.0789  -1.6339   2.0173   0.00    0.0
2014/03/03 06:54:30.000   63.755982400  -68.510507194    97.4154   5   8   2.2513   2.0650   5.9324  -1.0827  -1.6318   2.0203   0.00    0.0
2014/03/03 06:55:00.000   63.755983763  -68.510504274    96.4255   5   8   2.2532   2.0656   5.9194  -1.0865  -1.6297   2.0232   0.00    0.0
2014/03/03 06:55:30.000   63.755982700  -68.510507420    96.6084   5   8   2.2552   2.0661   5.9060  -1.0903  -1.6273   2.0260   0.00    0.0
2014/03/03 06:56:00.000   63.755981932  -68.510498990    97.7342   5   8   2.2572   2.0667   5.8922  -1.0940  -1.6249   2.0287   0.00    0.0
2014/03/03 06:56:30.000   63.755978373  -68.510504193    97.0295   5   8   2.2592   2.0673   5.8781  -1.0977  -1.6223   2.0314   0.00    0.0
2014/03/03 06:57:00.000   63.755983942  -68.510508958    96.3091   5   8   2.2612   2.0679   5.8637  -1.1013  -1.6197   2.0339   0.00    0.0
2014/03/03 06:57:30.000   63.755983400  -68.510508463    97.4190   5   8   2.2633   2.0685   5.8489  -1.1049  -1.6169   2.0364   0.00    0.0
2014/03/03 06:58:00.000   63.755982654  -68.510508499    97.0266   5   8   2.2655   2.0691   5.8338  -1.1085  -1.6140   2.0387   0.00    0.0
2014/03/03 06:58:30.000   63.755986918  -68.510508992    97.2320   5   9   2.1452   1.9438   5.6923  -0.8452  -1.8579   2.2475   0.00    0.0
2014/03/03 06:59:00.000   63.755985552  -68.510507226    97.0790   5   9   2.1454   1.9422   5.6836  -0.8444  -1.8506   2.2454   0.00    0.0
2014/03/03 06:59:30.000   63.755983551  -68.510513372    96.9728   5   9   2.1456   1.9405   5.6744  -0.8436  -1.8429   2.2432   0.00    0.0
2014/03/03 07:00:00.000   63.755987083  -68.510521185    97.6089   5   9   2.1458   1.9388   5.6648  -0.8427  -1.8351   2.2407   0.00    0.0
2014/03/03 07:00:30.000   63.755991991  -68.510516920    96.7004   5   8   2.3493   1.9373   5.8483  -0.8282  -1.8367   1.8929   0.00    0.0
2014/03/03 07:01:00.000   63.755991785  -68.510511101    97.0564   5   8   2.3492   1.9356   5.8370  -0.8301  -1.8263   1.8911   0.00    0.0
2014/03/03 07:01:30.000   63.755988911  -68.510517834    96.9975   5   8   2.3492   1.9339   5.8254  -0.8320  -1.8156   1.8892   0.00    0.0
2014/03/03 07:02:00.000   63.755991262  -68.510517908    96.7776   5   8   2.3491   1.9322   5.8133  -0.8339  -1.8048   1.8870   0.00    0.0
2014/03/03 07:02:30.000   63.755991436  -68.510516972    96.8498   5   8   2.3491   1.9306   5.8008  -0.8356  -1.7938   1.8847   0.00    0.0
2014/03/03 07:03:00.000   63.755991482  -68.510512527    96.6692   5   8   2.3492   1.9289   5.7880  -0.8373  -1.7825   1.8822   0.00    0.0
2014/03/03 07:03:30.000   63.755984411  -68.510512793    95.2999   5   8   2.3493   1.9273   5.7748  -0.8390  -1.7711   1.8795   0.00    0.0
2014/03/03 07:04:00.000   63.755987474  -68.510519763    95.2911   5   8   2.3494   1.9257   5.7613  -0.8406  -1.7595   1.8767   0.00    0.0
2014/03/03 07:04:30.000   63.755986769  -68.510522221    95.7801   5   8   2.3496   1.9242   5.7474  -0.8421  -1.7476   1.8737   0.00    0.0
2014/03/03 07:05:00.000   63.755985867  -68.510522953    97.0414   5   8   2.3499   1.9226   5.7332  -0.8436  -1.7357   1.8706   0.00    0.0
2014/03/03 07:05:30.000   63.755986809  -68.510518380    96.7984   5   8   2.3502   1.9211   5.7187  -0.8451  -1.7235   1.8673   0.00    0.0
2014/03/03 07:06:00.000   63.755986845  -68.510528375    96.6373   5   8   2.3505   1.9196   5.7038  -0.8465  -1.7112   1.8640   0.00    0.0
2014/03/03 07:06:30.000   63.755991460  -68.510524659    98.0542   5   8   2.3509   1.9182   5.6887  -0.8479  -1.6987   1.8605   0.00    0.0
2014/03/03 07:07:00.000   63.755988518  -68.510525761    97.7495   5   8   2.3513   1.9168   5.6733  -0.8492  -1.6860   1.8568   0.00    0.0
2014/03/03 07:07:30.000   63.755984809  -68.510527501    97.3784   5   8   2.3518   1.9154   5.6576  -0.8505  -1.6732   1.8531   0.00    0.0
2014/03/03 07:08:00.000   63.755986050  -68.510520846    97.3226   5   8   2.3523   1.9141   5.6417  -0.8518  -1.6603   1.8493   0.00    0.0
2014/03/03 07:08:30.000   63.755987965  -68.510529719    97.7836   5   8   2.3529   1.9128   5.6255  -0.8531  -1.6473   1.8454   0.00    0.0
2014/03/03 07:09:00.000   63.755987298  -68.510526973    97.6059   5   8   2.3536   1.9115   5.6091  -0.8543  -1.6341   1.8414   0.00    0.0
2014/03/03 07:09:30.000   63.755987344  -68.510520385    97.0525   5   8   2.3543   1.9103   5.5925  -0.8555  -1.6207   1.8374   0.00    0.0
2014/03/03 07:10:00.000   63.755993274  -68.510524257    97.6217   5   8   2.3550   1.9091   5.5757  -0.8567  -1.6073   1.8332   0.00    0.0
2014/03/03 07:10:30.000   63.755987392  -68.510524742    97.1270   5   8   2.3558   1.9080   5.5587  -0.8579  -1.5938   1.8291   0.00    0.0
2014/03/03 07:11:00.000   63.755986581  -68.510516588    96.2846   5   8   2.3567   1.9069   5.5415  -0.8591  -1.5801   1.8248   0.00    0.0
2014/03/03 07:11:30.000   63.755986433  -68.510520596    96.9676   5   8   2.3576   1.9058   5.5241  -0.8602  -1.5664   1.8206   0.00    0.0
2014/03/03 07:12:00.000   63.755989249  -68.510518420    96.3703   5   8   2.3586   1.9048   5.5066  -0.8614  -1.5525   1.8163   0.00    0.0
2014/03/03 07:12:30.000   63.755988282  -68.510516660    95.2705   5   8   2.3597   1.9039   5.4890  -0.8626  -1.5386   1.8120   0.00    0.0
2014/03/03 07:13:00.000   63.755987573  -68.510521071    96.5245   5   8   2.3608   1.9030   5.4712  -0.8637  -1.5246   1.8076   0.00    0.0
2014/03/03 07:13:30.000   63.755988924  -68.510512816    95.7740   5   8   2.3620   1.9021   5.4534  -0.8649  -1.5105   1.8033   0.00    0.0
2014/03/03 07:14:00.000   63.755983234  -68.510517534    95.5280   5   8   2.3632   1.9013   5.4354  -0.8660  -1.4963   1.7990   0.00    0.0
2014/03/03 07:14:30.000   63.755990329  -68.510520410    96.9021   5   8   2.3645   1.9005   5.4173  -0.8672  -1.4820   1.7947   0.00    0.0
2014/03/03 07:15:00.000   63.755993378  -68.510525563    97.3404   5   8   2.3659   1.8998   5.3992  -0.8683  -1.4677   1.7903   0.00    0.0
2014/03/03 07:15:30.000   63.755989069  -68.510519822    96.9480   5   8   2.3674   1.8991   5.3810  -0.8695  -1.4534   1.7861   0.00    0.0
2014/03/03 07:16:00.000   63.755987524  -68.510520410    95.9792   5   8   2.3689   1.8985   5.3628  -0.8707  -1.4389   1.7818   0.00    0.0
2014/03/03 07:16:30.000   63.755990060  -68.510528051    96.9732   5   8   2.3705   1.8979   5.3445  -0.8719  -1.4244   1.7776   0.00    0.0
2014/03/03 07:17:00.000   63.755987431  -68.510523108    96.2698   5   8   2.3722   1.8974   5.3262  -0.8731  -1.4099   1.7735   0.00    0.0
2014/03/03 07:17:30.000   63.755988114  -68.510518146    95.5156   5   8   2.3740   1.8970   5.3079  -0.8743  -1.3954   1.7694   0.00    0.0
2014/03/03 07:18:00.000   63.755987137  -68.510526596    95.0777   5   8   2.3758   1.8966   5.2896  -0.8756  -1.3808   1.7654   0.00    0.0
2014/03/03 07:18:30.000   63.755987570  -68.510521099    95.6895   5   8   2.3777   1.8962   5.2713  -0.8768  -1.3661   1.7614   0.00    0.0
2014/03/03 07:19:00.000   63.755991208  -68.510520343    95.6294   5   8   2.3797   1.8959   5.2530  -0.8781  -1.3514   1.7576   0.00    0.0
2014/03/03 07:19:30.000   63.755986002  -68.510516597    94.6347   5   8   2.3818   1.8957   5.2348  -0.8794  -1.3368   1.7538   0.00    0.0
2014/03/03 07:20:00.000   63.755971468  -68.510515464    93.0096   5   7   4.4702   2.1205   8.5117  -2.0905  -2.8533   5.3382   0.00    0.0
2014/03/03 07:20:30.000   63.755984704  -68.510527687    94.9120   5   7   4.4805   2.1192   8.5063  -2.0911  -2.8445   5.3464   0.00    0.0
2014/03/03 07:21:00.000   63.755972625  -68.510515988    93.2862   5   7   4.4902   2.1178   8.4991  -2.0912  -2.8350   5.3532   0.00    0.0
2014/03/03 07:21:30.000   63.755977982  -68.510518377    94.0868   5   7   4.4991   2.1163   8.4902  -2.0907  -2.8247   5.3587   0.00    0.0
2014/03/03 07:22:00.000   63.755979114  -68.510522174    94.0948   5   7   4.5073   2.1146   8.4796  -2.0898  -2.8137   5.3629   0.00    0.0
2014/03/03 07:22:30.000   63.755969305  -68.510510142    92.7639   5   7   4.5147   2.1130   8.4673  -2.0883  -2.8020   5.3657   0.00    0.0
2014/03/03 07:23:00.000   63.755976256  -68.510520051    92.7933   5   7   4.5214   2.1112   8.4534  -2.0864  -2.7895   5.3673   0.00    0.0
2014/03/03 07:23:30.000   63.755973765  -68.510513850    93.1096   5   7   4.5274   2.1093   8.4378  -2.0839  -2.7764   5.3675   0.00    0.0
2014/03/03 07:24:00.000   63.755974216  -68.510513275    93.3720   5   7   4.5326   2.1074   8.4207  -2.0810  -2.7625   5.3664   0.00    0.0
2014/03/03 07:24:30.000   63.755986559  -68.510519075    94.6485   5   7   4.5371   2.1054   8.4019  -2.0776  -2.7480   5.3640   0.00    0.0
2014/03/03 07:25:00.000   63.755973940  -68.510503311    92.0401   5   7   4.5409   2.1034   8.3817  -2.0737  -2.7328   5.3605   0.00    0.0
2014/03/03 07:25:30.000   63.755978251  -68.510515774    93.8234   5   7   4.5440   2.1013   8.3599  -2.0694  -2.7170   5.3557   0.00    0.0
2014/03/03 07:26:00.000   63.755982655  -68.510521667    95.3086   5   7   4.5463   2.0991   8.3368  -2.0646  -2.7005   5.3497   0.00    0.0
2014/03/03 07:26:30.000   63.755970031  -68.510513026    92.9452   5   7   4.5480   2.0969   8.3122  -2.0594  -2.6835   5.3425   0.00    0.0
2014/03/03 07:27:00.000   63.755975379  -68.510507117    92.5754   5   7   4.5490   2.0947   8.2864  -2.0538  -2.6658   5.3342   0.00    0.0
2014/03/03 07:27:30.000   63.755981612  -68.510506553    94.7428   5   7   4.5494   2.0924   8.2592  -2.0478  -2.6476   5.3248   0.00    0.0
2014/03/03 07:28:00.000   63.755972523  -68.510507530    94.2174   5   7   4.5490   2.0901   8.2308  -2.0414  -2.6289   5.3143   0.00    0.0
2014/03/03 07:28:30.000   63.755990114  -68.510510872    95.1671   5   7   4.5481   2.0878   8.2012  -2.0346  -2.6096   5.3028   0.00    0.0
2014/03/03 07:29:00.000   63.755970689  -68.510496558    93.4008   5   7   4.5466   2.0855   8.1705  -2.0274  -2.5898   5.2903   0.00    0.0
2014/03/03 07:29:30.000   63.755985475  -68.510503330    94.5752   5   7   4.5444   2.0832   8.1388  -2.0199  -2.5695   5.2769   0.00    0.0
2014/03/03 07:30:00.000   63.755981408  -68.510513388    95.7175   5   7   4.5417   2.0809   8.1060  -2.0121  -2.5488   5.2625   0.00    0.0
2014/03/03 07:30:30.000   63.755965422  -68.510487855    90.8238   5   7   4.5384   2.0786   8.0723  -2.0039  -2.5276   5.2472   0.00    0.0
2014/03/03 07:31:00.000   63.755975766  -68.510515562    93.5232   5   7   4.5346   2.0763   8.0377  -1.9955  -2.5060   5.2311   0.00    0.0
2014/03/03 07:31:30.000   63.755968109  -68.510495201    91.8451   5   7   4.5302   2.0740   8.0023  -1.9867  -2.4839   5.2142   0.00    0.0
2014/03/03 07:32:00.000   63.755973286  -68.510513417    93.2581   5   7   4.5254   2.0718   7.9661  -1.9777  -2.4615   5.1965   0.00    0.0
2014/03/03 07:32:30.000   63.755980392  -68.510511906    94.1964   5   7   4.5201   2.0696   7.9292  -1.9684  -2.4388   5.1781   0.00    0.0
2014/03/03 07:33:00.000   63.755969195  -68.510508778    91.9881   5   7   4.5143   2.0674   7.8916  -1.9589  -2.4157   5.1590   0.00    0.0
2014/03/03 07:33:30.000   63.755969439  -68.510514446    92.0778   5   7   4.5081   2.0652   7.8534  -1.9491  -2.3923   5.1393   0.00    0.0
2014/03/03 07:34:00.000   63.755967938  -68.510509245    90.9297   5   7   4.5015   2.0631   7.8147  -1.9391  -2.3685   5.1190   0.00    0.0
2014/03/03 07:34:30.000   63.755971744  -68.510507565    92.3095   5   7   4.4945   2.0611   7.7755  -1.9289  -2.3445   5.0981   0.00    0.0
2014/03/03 07:35:00.000   63.755971204  -68.510510196    92.9508   5   7   4.4872   2.0591   7.7359  -1.9185  -2.3202   5.0767   0.00    0.0
2014/03/03 07:35:30.000   63.755977801  -68.510510091    93.1129   5   7   4.4795   2.0572   7.6959  -1.9080  -2.2957   5.0548   0.00    0.0
2014/03/03 07:36:00.000   63.755963802  -68.510501235    90.4554   5   6   5.2427   2.3565  10.6286  -0.6665   1.8282   6.7458   0.00    0.0
2014/03/03 07:36:30.000   63.755975658  -68.510517979    93.0524   5   6   5.2607   2.3615  10.6583  -0.5576   1.9110   6.7723   0.00    0.0
2014/03/03 07:37:00.000   63.755973987  -68.510504218    91.1133   5   6   5.2784   2.3669  10.6873  -0.4189   1.9912   6.7982   0.00    0.0
2014/03/03 07:37:30.000   63.755965274  -68.510503129    90.6068   5   6   5.2958   2.3726  10.7156  -0.1955   2.0692   6.8236   0.00    0.0
2014/03/03 07:38:00.000   63.755982353  -68.510516506    94.1939   5   6   5.3129   2.3788  10.7432   0.3177   2.1450   6.8485   0.00    0.0
2014/03/03 07:38:30.000   63.755973446  -68.510506595    92.9094   5   6   5.3297   2.3852  10.7700   0.4919   2.2189   6.8728   0.00    0.0
2014/03/03 07:39:00.000   63.755970206  -68.510516753    92.4970   5   6   5.3462   2.3921  10.7961   0.6202   2.2911   6.8965   0.00    0.0
2014/03/03 07:39:30.000   63.755967233  -68.510509217    92.5109   5   6   5.3623   2.3994  10.8214   0.7273   2.3616   6.9197   0.00    0.0
2014/03/03 07:40:00.000   63.755965745  -68.510509763    91.1266   5   6   5.3782   2.4070  10.8459   0.8215   2.4305   6.9422   0.00    0.0
2014/03/03 07:40:30.000   63.755973552  -68.510511780    94.2682   5   6   5.3937   2.4150  10.8696   0.9068   2.4980   6.9642   0.00    0.0
2014/03/03 07:41:00.000   63.755973237  -68.510517132    94.3036   5   6   5.4088   2.4234  10.8926   0.9854   2.5641   6.9855   0.00    0.0
2014/03/03 07:41:30.000   63.755963488  -68.510516282    92.1770   5   6   5.4236   2.4322  10.9147   1.0588   2.6289   7.0063   0.00    0.0
2014/03/03 07:42:00.000   63.755958695  -68.510507100    89.6671   5   6   5.4380   2.4414  10.9361   1.1280   2.6925   7.0264   0.00    0.0
2014/03/03 07:42:30.000   63.755975068  -68.510512747    92.9201   5   6   5.4521   2.4509  10.9566   1.1936   2.7549   7.0459   0.00    0.0
2014/03/03 07:43:00.000   63.755965982  -68.510513584    93.0579   5   6   5.4657   2.4607  10.9763   1.2562   2.8161   7.0648   0.00    0.0
2014/03/03 07:43:30.000   63.755973508  -68.510520690    94.1011   5   6   5.4791   2.4710  10.9952   1.3161   2.8761   7.0830   0.00    0.0
2014/03/03 07:44:00.000   63.755995465  -68.510520279   100.0426   5   5   8.7778   2.6977  20.6053  -2.3148  -3.1324  13.0256   0.00    0.0
2014/03/03 07:44:30.000   63.756005894  -68.510521449   102.1230   5   5   8.8791   2.6912  20.8391  -2.2425  -2.9980  13.1848   0.00    0.0
2014/03/03 07:45:00.000   63.756004412  -68.510522176   104.1554   5   5   8.9792   2.6852  21.0694  -2.1626  -2.8480  13.3416   0.00    0.0
2014/03/03 07:45:30.000   63.756027788  -68.510532558   109.2281   5   5   9.0779   2.6799  21.2953  -2.0741  -2.6796  13.4957   0.00    0.0
2014/03/03 07:46:00.000   63.756008315  -68.510521940   103.6488   5   5   9.1747   2.6752  21.5163  -1.9759  -2.4892  13.6467   0.00    0.0
2014/03/03 07:46:30.000   63.756008342  -68.510518229   101.9648   5   5   9.2695   2.6713  21.7316  -1.8664  -2.2713  13.7939   0.00    0.0
2014/03/03 07:47:00.000   63.756015672  -68.510524609   105.4980   5   5   9.3618   2.6682  21.9403  -1.7435  -2.0172  13.9370   0.00    0.0
2014/03/03 07:47:30.000   63.756022989  -68.510524547   109.7067   5   5   9.4513   2.6661  22.1416  -1.6044  -1.7110  14.0753   0.00    0.0
2014/03/03 07:48:00.000   63.756027086  -68.510524710   109.7793   5   5   9.5377   2.6650  22.3349  -1.4446  -1.3177  14.2083   0.00    0.0
2014/03/03 07:48:30.000   63.756015957  -68.510522424   106.5093   5   5   9.6207   2.6650  22.5191  -1.2564  -0.7051  14.3355   0.00    0.0
2014/03/03 07:49:00.000   63.756011214  -68.510513926   105.4991   5   5   9.6998   2.6662  22.6936  -1.0249   0.8872  14.4564   0.00    0.0
2014/03/03 07:49:30.000   63.755999215  -68.510511005   101.2729   5   5   9.7748   2.6686  22.8576  -0.7098   1.4538  14.5705   0.00    0.0
2014/03/03 07:50:00.000   63.756003029  -68.510517560   101.4719   5   5   9.8453   2.6723  23.0102   0.2452   1.8651  14.6771   0.00    0.0
2014/03/03 07:50:30.000   63.755998019  -68.510506987   102.0632   5   5   9.9109   2.6773  23.1506   0.7997   2.2087  14.7759   0.00    0.0
2014/03/03 07:51:00.000   63.755997364  -68.510511635   101.7555   5   5   9.9714   2.6838  23.2782   1.1102   2.5115  14.8662   0.00    0.0
2014/03/03 07:51:30.000   63.756008118  -68.510512269   105.0301   5   5  10.0265   2.6916  23.3924   1.3554   2.7860  14.9478   0.00    0.0
2014/03/03 07:52:00.000   63.756012262  -68.510511023   106.1199   5   5  10.0758   2.7009  23.4924   1.5655   3.0391  15.0201   0.00    0.0
2014/03/03 07:52:30.000   63.755979446  -68.510511676    97.3121   5   6   3.6340   2.5899   6.9993  -2.1237  -2.7114   3.8546   0.00    0.0
2014/03/03 07:53:00.000   63.755979289  -68.510522260    96.8816   5   6   3.6368   2.5834   7.0036  -2.1171  -2.6948   3.8595   0.00    0.0
2014/03/03 07:53:30.000   63.755973162  -68.510513894    95.9945   5   6   3.6395   2.5768   7.0078  -2.1103  -2.6779   3.8643   0.00    0.0
2014/03/03 07:54:00.000   63.755978106  -68.510524365    96.7560   5   6   3.6423   2.5703   7.0121  -2.1033  -2.6607   3.8691   0.00    0.0
2014/03/03 07:54:30.000   63.755978518  -68.510512397    97.4300   5   6   3.6451   2.5637   7.0163  -2.0961  -2.6431   3.8739   0.00    0.0
2014/03/03 07:55:00.000   63.755983225  -68.510517969    96.7841   5   6   3.6478   2.5572   7.0205  -2.0888  -2.6252   3.8786   0.00    0.0
2014/03/03 07:55:30.000   63.755978790  -68.510512306    96.3496   5   6   3.6506   2.5507   7.0247  -2.0813  -2.6069   3.8833   0.00    0.0
2014/03/03 07:56:00.000   63.755976114  -68.510513009    96.4973   5   6   3.6533   2.5442   7.0289  -2.0737  -2.5883   3.8879   0.00    0.0
2014/03/03 07:56:30.000   63.755972913  -68.510515349    95.2101   5   6   3.6561   2.5377   7.0331  -2.0658  -2.5694   3.8925   0.00    0.0
2014/03/03 07:57:00.000   63.755974652  -68.510516123    96.7535   5   6   3.6588   2.5312   7.0372  -2.0578  -2.5501   3.8971   0.00    0.0
2014/03/03 07:57:30.000   63.755978555  -68.510512360    97.2774   5   6   3.6616   2.5248   7.0414  -2.0497  -2.5304   3.9016   0.00    0.0
2014/03/03 07:58:00.000   63.755970307  -68.510519015    95.1733   5   6   3.6643   2.5184   7.0455  -2.0413  -2.5104   3.9061   0.00    0.0
2014/03/03 07:58:30.000   63.755981290  -68.510508126    95.4647   5   5   3.7967   2.8469   8.5378  -1.6777  -3.5571   3.2488   0.00    0.0
2014/03/03 07:59:00.000   63.755977568  -68.510507031    93.7847   5   5   3.7989   2.8347   8.5476  -1.6719  -3.5352   3.2535   0.00    0.0
2014/03/03 07:59:30.000   63.755984071  -68.510514980    96.9729   5   5   3.8012   2.8226   8.5572  -1.6660  -3.5129   3.2581   0.00    0.0
2014/03/03 08:00:00.000   63.755974006  -68.510504757    93.9301   5   5   3.8034   2.8105   8.5667  -1.6599  -3.4901   3.2628   0.00    0.0
2014/03/03 08:00:30.000   63.755978413  -68.510512111    94.9816   5   5   3.8056   2.7984   8.5760  -1.6536  -3.4669   3.2675   0.00    0.0
2014/03/03 08:01:00.000   63.755974229  -68.510506796    95.3753   5   5   3.8078   2.7863   8.5851  -1.6472  -3.4432   3.2722   0.00    0.0
2014/03/03 08:01:30.000   63.755974446  -68.510511846    93.1105   5   5   3.8100   2.7743   8.5940  -1.6407  -3.4191   3.2770   0.00    0.0
2014/03/03 08:02:00.000   63.755973596  -68.510508858    94.0256   5   5   3.8121   2.7624   8.6027  -1.6340  -3.3945   3.2817   0.00    0.0
2014/03/03 08:02:30.000   63.755972172  -68.510503024    93.3161   5   5   3.8143   2.7505   8.6112  -1.6272  -3.3694   3.2865   0.00    0.0
2014/03/03 08:03:00.000   63.755977260  -68.510504019    95.0566   5   5   3.8164   2.7386   8.6196  -1.6202  -3.3438   3.2913   0.00    0.0
2014/03/03 08:03:30.000   63.755971483  -68.510509305    92.5320   5   5   3.8186   2.7268   8.6277  -1.6131  -3.3177   3.2960   0.00    0.0
2014/03/03 08:04:00.000   63.755974459  -68.510508693    93.4940   5   5   3.8207   2.7151   8.6357  -1.6058  -3.2912   3.3009   0.00    0.0
2014/03/03 08:04:30.000   63.755976108  -68.510517749    93.8192   5   6   3.0080   2.5241   6.5327  -0.5203  -2.2748  -1.5572   0.00    0.0
2014/03/03 08:05:00.000   63.755981134  -68.510523889    95.2470   5   6   3.0073   2.5178   6.5497  -0.5287  -2.2566  -1.5486   0.00    0.0
2014/03/03 08:05:30.000   63.755980427  -68.510522467    95.7397   5   6   3.0066   2.5114   6.5668  -0.5369  -2.2380  -1.5394   0.00    0.0
2014/03/03 08:06:00.000   63.755978564  -68.510517550    94.8922   5   6   3.0059   2.5052   6.5841  -0.5451  -2.2191  -1.5297   0.00    0.0
2014/03/03 08:06:30.000   63.755978218  -68.510522241    94.8856   5   6   3.0052   2.4990   6.6014  -0.5531  -2.1997  -1.5194   0.00    0.0
2014/03/03 08:07:00.000   63.755982011  -68.510517640    96.6226   5   6   3.0046   2.4929   6.6188  -0.5610  -2.1799  -1.5084   0.00    0.0
2014/03/03 08:07:30.000   63.755979418  -68.510520309    94.7550   5   6   3.0040   2.4869   6.6363  -0.5688  -2.1596  -1.4969   0.00    0.0
2014/03/03 08:08:00.000   63.755978107  -68.510518221    94.7008   5   6   3.0034   2.4809   6.6539  -0.5764  -2.1389  -1.4847   0.00    0.0
2014/03/03 08:08:30.000   63.755979840  -68.510524949    95.3251   5   6   3.0028   2.4751   6.6715  -0.5839  -2.1177  -1.4718   0.00    0.0
2014/03/03 08:09:00.000   63.755980551  -68.510517711    94.3971   5   7   2.9954   2.0200   5.4402  -0.7982   1.0651  -1.1570   0.00    0.0
2014/03/03 08:09:30.000   63.755979730  -68.510520411    95.2725   5   7   2.9949   2.0194   5.4653  -0.8022   1.0887  -1.1396   0.00    0.0
2014/03/03 08:10:00.000   63.755979610  -68.510532048    96.5246   5   7   2.9945   2.0189   5.4906  -0.8062   1.1122  -1.1214   0.00    0.0
2014/03/03 08:10:30.000   63.755977615  -68.510533141    96.1216   5   7   2.9940   2.0185   5.5163  -0.8100   1.1354  -1.1022   0.00    0.0
2014/03/03 08:11:00.000   63.755978336  -68.510530663    95.0866   5   7   2.9936   2.0181   5.5422  -0.8137   1.1585  -1.0820   0.00    0.0
2014/03/03 08:11:30.000   63.755973800  -68.510525803    95.0936   5   7   2.9933   2.0178   5.5685  -0.8174   1.1815  -1.0608   0.00    0.0
2014/03/03 08:12:00.000   63.755980200  -68.510528424    95.1565   5   7   2.9930   2.0177   5.5950  -0.8208   1.2043  -1.0384   0.00    0.0
2014/03/03 08:12:30.000   63.755982647  -68.510520820    94.9349   5   7   2.9927   2.0176   5.6218  -0.8242   1.2270  -1.0148   0.00    0.0
2014/03/03 08:13:00.000   63.755981884  -68.510525057    95.5569   5   7   2.9924   2.0176   5.6490  -0.8275   1.2497  -0.9898   0.00    0.0
2014/03/03 08:13:30.000   63.755979482  -68.510516669    94.5666   5   7   2.9922   2.0177   5.6764  -0.8306   1.2722  -0.9634   0.00    0.0
2014/03/03 08:14:00.000   63.755984167  -68.510511541    94.2908   5   7   2.9921   2.0178   5.7040  -0.8336   1.2947  -0.9355   0.00    0.0
2014/03/03 08:14:30.000   63.755977897  -68.510517378    95.5095   5   8   2.4573   1.9209   5.2152   0.5970   0.5128   1.8000   0.00    0.0
2014/03/03 08:15:00.000   63.755972258  -68.510520981    95.7820   5   8   2.4587   1.9192   5.2435   0.6008   0.5510   1.8169   0.00    0.0
2014/03/03 08:15:30.000   63.755980214  -68.510520627    96.8365   5   8   2.4603   1.9177   5.2721   0.6047   0.5875   1.8340   0.00    0.0
2014/03/03 08:16:00.000   63.755972746  -68.510522210    95.9830   5   8   2.4620   1.9161   5.3010   0.6088   0.6225   1.8513   0.00    0.0
2014/03/03 08:16:30.000   63.755976864  -68.510514520    96.2112   5   8   2.4638   1.9147   5.3303   0.6129   0.6562   1.8688   0.00    0.0
2014/03/03 08:17:00.000   63.755976587  -68.510515458    95.9303   5   8   2.4657   1.9133   5.3599   0.6172   0.6889   1.8865   0.00    0.0
2014/03/03 08:17:30.000   63.755977105  -68.510514190    96.0407   5   8   2.4677   1.9120   5.3899   0.6215   0.7208   1.9043   0.00    0.0
2014/03/03 08:18:00.000   63.755978308  -68.510513812    95.4685   5   8   2.4698   1.9107   5.4202   0.6260   0.7519   1.9223   0.00    0.0
2014/03/03 08:18:30.000   63.755976868  -68.510517158    95.9173   5   8   2.4720   1.9095   5.4508   0.6306   0.7823   1.9405   0.00    0.0
2014/03/03 08:19:00.000   63.755975589  -68.510514863    95.8038   5   8   2.4743   1.9084   5.4817   0.6352   0.8122   1.9588   0.00    0.0
2014/03/03 08:19:30.000   63.755977849  -68.510516194    96.5595   5   8   2.4768   1.9074   5.5130   0.6400   0.8416   1.9773   0.00    0.0
2014/03/03 08:20:00.000   63.755973668  -68.510521791    95.9001   5   8   2.4793   1.9064   5.5446   0.6449   0.8705   1.9960   0.00    0.0
2014/03/03 08:20:30.000   63.755972866  -68.510521938    95.5013   5   8   2.4819   1.9055   5.5764   0.6500   0.8991   2.0148   0.00    0.0
2014/03/03 08:21:00.000   63.755973956  -68.510522357    95.9104   5   8   2.4847   1.9047   5.6086   0.6551   0.9273   2.0338   0.00    0.0
2014/03/03 08:21:30.000   63.755974623  -68.510518382    95.2712   5   8   2.4875   1.9040   5.6411   0.6603   0.9552   2.0529   0.00    0.0
2014/03/03 08:22:00.000   63.755977052  -68.510523291    96.3234   5   8   2.4905   1.9033   5.6738   0.6657   0.9829   2.0722   0.00    0.0
2014/03/03 08:22:30.000   63.755976562  -68.510520229    96.0333   5   8   2.4936   1.9027   5.7068   0.6712   1.0103   2.0917   0.00    0.0
2014/03/03 08:23:00.000   63.755972051  -68.510516552    94.4813   5   8   2.4967   1.9022   5.7401   0.6768   1.0375   2.1112   0.00    0.0
2014/03/03 08:23:30.000   63.755972753  -68.510515810    94.7524   5   8   2.5000   1.9017   5.7737   0.6825   1.0645   2.1310   0.00    0.0
2014/03/03 08:24:00.000   63.755974302  -68.510508309    94.7002   5   8   2.5034   1.9013   5.8075   0.6883   1.0913   2.1509   0.00    0.0
2014/03/03 08:24:30.000   63.755976206  -68.510508495    95.2004   5   8   2.5068   1.9010   5.8415   0.6942   1.1179   2.1709   0.00    0.0
2014/03/03 08:25:00.000   63.755976304  -68.510510994    95.0933   5   8   2.5104   1.9008   5.8758   0.7003   1.1444   2.1910   0.00    0.0
2014/03/03 08:25:30.000   63.755977092  -68.510508151    95.3013   5   8   2.5141   1.9007   5.9103   0.7065   1.1708   2.2112   0.00    0.0
2014/03/03 08:26:00.000   63.755974075  -68.510509159    95.0781   5   8   2.5179   1.9006   5.9450   0.7127   1.1971   2.2316   0.00    0.0
2014/03/03 08:26:30.000   63.755976462  -68.510510581    95.3393   5   8   2.5218   1.9007   5.9799   0.7191   1.2232   2.2521   0.00    0.0
2014/03/03 08:27:00.000   63.755974619  -68.510512034    95.0068   5   8   2.5257   1.9008   6.0149   0.7256   1.2493   2.2727   0.00    0.0
2014/03/03 08:27:30.000   63.755973848  -68.510512686    95.2423   5   8   2.5298   1.9010   6.0501   0.7322   1.2753   2.2934   0.00    0.0
2014/03/03 08:28:00.000   63.755975851  -68.510512033    95.3062   5   8   2.5340   1.9012   6.0855   0.7389   1.3011   2.3142   0.00    0.0
2014/03/03 08:28:30.000   63.755972711  -68.510517545    94.8941   5   8   2.5383   1.9016   6.1210   0.7458   1.3269   2.3350   0.00    0.0
2014/03/03 08:29:00.000   63.755975905  -68.510508661    94.8086   5   8   2.5426   1.9020   6.1566   0.7527   1.3526   2.3560   0.00    0.0
2014/03/03 08:29:30.000   63.755975155  -68.510512823    94.8312   5   8   2.5471   1.9025   6.1923   0.7597   1.3783   2.3770   0.00    0.0
2014/03/03 08:30:00.000   63.755977209  -68.510511792    94.9753   5   8   2.5516   1.9031   6.2281   0.7668   1.4038   2.3980   0.00    0.0
2014/03/03 08:30:30.000   63.755977254  -68.510511755    94.7417   5   8   2.5563   1.9038   6.2639   0.7740   1.4293   2.4191   0.00    0.0
2014/03/03 08:31:00.000   63.755974823  -68.510519107    94.6117   5   8   2.5610   1.9046   6.2998   0.7813   1.4547   2.4402   0.00    0.0
2014/03/03 08:31:30.000   63.755974453  -68.510521149    94.5767   5   8   2.5658   1.9055   6.3357   0.7887   1.4800   2.4614   0.00    0.0
2014/03/03 08:32:00.000   63.755975644  -68.510515646    94.2153   5   8   2.5707   1.9064   6.3715   0.7962   1.5052   2.4826   0.00    0.0
2014/03/03 08:32:30.000   63.755973043  -68.510510561    94.0121   5   8   2.5757   1.9074   6.4073   0.8038   1.5304   2.5037   0.00    0.0
2014/03/03 08:33:00.000   63.755971962  -68.510509352    93.6415   5   8   2.5808   1.9085   6.4431   0.8114   1.5554   2.5249   0.00    0.0
2014/03/03 08:33:30.000   63.755974808  -68.510510333    93.7385   5   8   2.5859   1.9097   6.4787   0.8191   1.5804   2.5460   0.00    0.0
2014/03/03 08:34:00.000   63.755973730  -68.510515696    94.1495   5   8   2.5911   1.9110   6.5143   0.8269   1.6053   2.5671   0.00    0.0
2014/03/03 08:34:30.000   63.755974723  -68.510511937    94.3905   5   8   2.5964   1.9124   6.5497   0.8347   1.6300   2.5882   0.00    0.0
2014/03/03 08:35:00.000   63.755971251  -68.510512099    92.4882   5   8   2.6017   1.9138   6.5849   0.8426   1.6547   2.6092   0.00    0.0
2014/03/03 08:35:30.000   63.755972474  -68.510513175    92.8292   5   8   2.6071   1.9153   6.6199   0.8505   1.6792   2.6300   0.00    0.0
2014/03/03 08:36:00.000   63.755972207  -68.510510791    93.1184   5   8   2.6126   1.9169   6.6547   0.8585   1.7036   2.6508   0.00    0.0
2014/03/03 08:36:30.000   63.755974263  -68.510512495    93.1010   5   8   2.6181   1.9186   6.6892   0.8665   1.7279   2.6715   0.00    0.0
2014/03/03 08:37:00.000   63.755971885  -68.510506272    92.1576   5   8   2.6237   1.9204   6.7234   0.8746   1.7520   2.6921   0.00    0.0
2014/03/03 08:37:30.000   63.755972392  -68.510501456    92.6508   5   8   2.6293   1.9222   6.7573   0.8827   1.7759   2.7125   0.00    0.0
2014/03/03 08:38:00.000   63.755974945  -68.510506642    92.7479   5   8   2.6349   1.9241   6.7907   0.8908   1.7997   2.7327   0.00    0.0
2014/03/03 08:38:30.000   63.755973033  -68.510507611    92.9303   5   8   2.6406   1.9261   6.8238   0.8988   1.8233   2.7527   0.00    0.0
2014/03/03 08:39:00.000   63.755972971  -68.510512630    92.5896   5   8   2.6463   1.9282   6.8564   0.9069   1.8467   2.7726   0.00    0.0
2014/03/03 08:39:30.000   63.755971348  -68.510518600    92.4730   5   8   2.6521   1.9303   6.8886   0.9150   1.8699   2.7922   0.00    0.0
2014/03/03 08:40:00.000   63.755973832  -68.510520102    92.2947   5   8   2.6578   1.9325   6.9202   0.9231   1.8929   2.8116   0.00    0.0
2014/03/03 08:40:30.000   63.755973796  -68.510509290    92.9949   5   8   2.6636   1.9348   6.9512   0.9312   1.9157   2.8307   0.00    0.0
2014/03/03 08:41:00.000   63.755971452  -68.510515768    92.8400   5   8   2.6693   1.9371   6.9817   0.9392   1.9382   2.8495   0.00    0.0
2014/03/03 08:41:30.000   63.755974632  -68.510519798    92.5432   5   8   2.6751   1.9395   7.0115   0.9471   1.9604   2.8680   0.00    0.0
2014/03/03 08:42:00.000   63.755971662  -68.510517396    92.4637   5   8   2.6809   1.9419   7.0406   0.9551   1.9824   2.8862   0.00    0.0
2014/03/03 08:42:30.000   63.755970490  -68.510519252    92.6284   5   8   2.6866   1.9444   7.0690   0.9629   2.0040   2.9041   0.00    0.0
2014/03/03 08:43:00.000   63.755971296  -68.510516863    92.5039   5   8   2.6924   1.9469   7.0966   0.9707   2.0254   2.9216   0.00    0.0
2014/03/03 08:43:30.000   63.755968990  -68.510517490    92.0677   5   8   2.6981   1.9495   7.1234   0.9784   2.0464   2.9387   0.00    0.0
2014/03/03 08:44:00.000   63.755967530  -68.510519146    92.1795   5   8   2.7038   1.9522   7.1494   0.9860   2.0671   2.9553   0.00    0.0
2014/03/03 08:44:30.000   63.755969594  -68.510519168    92.2809   5   8   2.7094   1.9548   7.1745   0.9936   2.0874   2.9716   0.00    0.0
2014/03/03 08:45:00.000   63.755970134  -68.510517933    91.9853   5   8   2.7150   1.9575   7.1987   1.0010   2.1074   2.9874   0.00    0.0
2014/03/03 08:45:30.000   63.755971312  -68.510516519    92.2743   5   8   2.7206   1.9603   7.2219   1.0082   2.1269   3.0027   0.00    0.0
2014/03/03 08:46:00.000   63.755969434  -68.510510623    92.1305   5   8   2.7260   1.9630   7.2441   1.0154   2.1461   3.0176   0.00    0.0
2014/03/03 08:46:30.000   63.755970596  -68.510518722    92.0059   5   8   2.7315   1.9658   7.2653   1.0224   2.1648   3.0319   0.00    0.0
2014/03/03 08:47:00.000   63.755969542  -68.510514452    92.1118   5   8   2.7368   1.9686   7.2854   1.0292   2.1831   3.0457   0.00    0.0
2014/03/03 08:47:30.000   63.755969639  -68.510514330    91.8896   5   8   2.7421   1.9714   7.3044   1.0359   2.2009   3.0589   0.00    0.0
2014/03/03 08:48:00.000   63.755969110  -68.510521091    92.1523   5   8   2.7473   1.9742   7.3223   1.0424   2.2183   3.0716   0.00    0.0
2014/03/03 08:48:30.000   63.755969239  -68.510515150    91.0327   5   8   2.7524   1.9770   7.3390   1.0488   2.2351   3.0837   0.00    0.0
2014/03/03 08:49:00.000   63.755969444  -68.510509685    90.8047   5   8   2.7573   1.9798   7.3545   1.0549   2.2515   3.0951   0.00    0.0
2014/03/03 08:49:30.000   63.755968805  -68.510512613    91.2355   5   8   2.7622   1.9826   7.3688   1.0608   2.2673   3.1060   0.00    0.0
2014/03/03 08:50:00.000   63.755969279  -68.510518329    91.0800   5   8   2.7670   1.9854   7.3818   1.0666   2.2826   3.1162   0.00    0.0
2014/03/03 08:50:30.000   63.755971327  -68.510518799    91.9803   5   8   2.7717   1.9882   7.3935   1.0720   2.2974   3.1257   0.00    0.0
2014/03/03 08:51:00.000   63.755969297  -68.510516835    91.8479   5   8   2.7762   1.9910   7.4039   1.0773   2.3115   3.1346   0.00    0.0
2014/03/03 08:51:30.000   63.755968739  -68.510508816    91.6591   5   8   2.7806   1.9937   7.4131   1.0823   2.3252   3.1428   0.00    0.0
2014/03/03 08:52:00.000   63.755968652  -68.510515947    91.8378   5   8   2.7849   1.9964   7.4208   1.0871   2.3382   3.1503   0.00    0.0
2014/03/03 08:52:30.000   63.755973545  -68.510512524    91.6172   5   8   2.7890   1.9991   7.4272   1.0916   2.3507   3.1571   0.00    0.0
2014/03/03 08:53:00.000   63.755970403  -68.510513469    92.0757   5   8   2.7930   2.0017   7.4323   1.0959   2.3625   3.1632   0.00    0.0
2014/03/03 08:53:30.000   63.755972678  -68.510511256    91.9481   5   8   2.7969   2.0043   7.4359   1.0998   2.3737   3.1686   0.00    0.0
2014/03/03 08:54:00.000   63.755970431  -68.510513516    91.7452   5   8   2.8006   2.0068   7.4382   1.1035   2.3843   3.1732   0.00    0.0
2014/03/03 08:54:30.000   63.755970134  -68.510508672    91.6990   5   8   2.8042   2.0093   7.4391   1.1070   2.3943   3.1771   0.00    0.0
2014/03/03 08:55:00.000   63.755969609  -68.510516375    92.4157   5   8   2.8076   2.0117   7.4386   1.1101   2.4037   3.1803   0.00    0.0
2014/03/03 08:55:30.000   63.755972380  -68.510518211    92.4934   5   8   2.8109   2.0140   7.4367   1.1129   2.4124   3.1828   0.00    0.0
2014/03/03 08:56:00.000   63.755971526  -68.510520216    91.1954   5   8   2.8140   2.0163   7.4334   1.1154   2.4204   3.1844   0.00    0.0
2014/03/03 08:56:30.000   63.755971916  -68.510506567    91.1520   5   8   2.8169   2.0185   7.4288   1.1176   2.4279   3.1854   0.00    0.0
2014/03/03 08:57:00.000   63.755972941  -68.510505644    91.5965   5   8   2.8197   2.0207   7.4227   1.1195   2.4346   3.1856   0.00    0.0
2014/03/03 08:57:30.000   63.755970936  -68.510519058    91.4751   5   8   2.8223   2.0228   7.4153   1.1211   2.4408   3.1851   0.00    0.0
2014/03/03 08:58:00.000   63.755972622  -68.510511740    91.0132   5  10   2.4206   2.0038   6.3697   1.2880   2.5820   2.8846   0.00    0.0
2014/03/03 08:58:30.000   63.755969611  -68.510521266    91.3785   5  10   2.4244   2.0049   6.3786   1.2915   2.5872   2.8922   0.00    0.0
2014/03/03 08:59:00.000   63.755980553  -68.510517080    93.5008   5  10   2.4280   2.0059   6.3864   1.2948   2.5918   2.8993   0.00    0.0
2014/03/03 08:59:30.000   63.755978144  -68.510509035    93.4548   5  10   2.4316   2.0067   6.3934   1.2979   2.5959   2.9060   0.00    0.0
2014/03/03 09:00:00.000   63.755977687  -68.510514451    92.2008   5  10   2.4351   2.0074   6.3993   1.3007   2.5995   2.9121   0.00    0.0
2014/03/03 09:00:30.000   63.755975864  -68.510514556    92.2179   5  10   2.4384   2.0080   6.4042   1.3032   2.6024   2.9178   0.00    0.0
2014/03/03 09:01:00.000   63.755972342  -68.510516450    91.5193   5  10   2.4417   2.0084   6.4080   1.3054   2.6048   2.9229   0.00    0.0
2014/03/03 09:01:30.000   63.755974744  -68.510513071    92.1737   5  10   2.4449   2.0087   6.4109   1.3074   2.6067   2.9275   0.00    0.0
2014/03/03 09:02:00.000   63.755969531  -68.510520059    89.9420   5  10   2.4479   2.0088   6.4127   1.3091   2.6079   2.9316   0.00    0.0
2014/03/03 09:02:30.000   63.755976693  -68.510519224    92.5385   5  10   2.4508   2.0088   6.4135   1.3106   2.6086   2.9352   0.00    0.0
2014/03/03 09:03:00.000   63.755978908  -68.510509099    92.5648   5  10   2.4536   2.0086   6.4133   1.3117   2.6086   2.9382   0.00    0.0
2014/03/03 09:03:30.000   63.755978562  -68.510515276    92.1647   5  10   2.4563   2.0083   6.4120   1.3126   2.6081   2.9407   0.00    0.0
2014/03/03 09:04:00.000   63.755970797  -68.510510228    91.8416   5  10   2.4588   2.0079   6.4097   1.3132   2.6071   2.9426   0.00    0.0
2014/03/03 09:04:30.000   63.755984135  -68.510518212    91.5764   5  10   2.4613   2.0073   6.4063   1.3135   2.6054   2.9441   0.00    0.0
2014/03/03 09:05:00.000   63.755969229  -68.510509733    91.6447   5  10   2.4636   2.0065   6.4020   1.3135   2.6031   2.9449   0.00    0.0
2014/03/03 09:05:30.000   63.755977337  -68.510513790    91.8245   5  10   2.4658   2.0056   6.3966   1.3133   2.6003   2.9453   0.00    0.0
2014/03/03 09:06:00.000   63.755980964  -68.510511193    92.4930   5  10   2.4678   2.0046   6.3902   1.3127   2.5969   2.9451   0.00    0.0
2014/03/03 09:06:30.000   63.755980217  -68.510506242    92.3849   5  10   2.4698   2.0034   6.3829   1.3119   2.5929   2.9443   0.00    0.0
2014/03/03 09:07:00.000   63.755979227  -68.510510608    92.7521   5  10   2.4716   2.0021   6.3745   1.3108   2.5884   2.9431   0.00    0.0
2014/03/03 09:07:30.000   63.755979407  -68.510511247    92.0591   5  10   2.4732   2.0006   6.3652   1.3095   2.5833   2.9413   0.00    0.0
2014/03/03 09:08:00.000   63.755980057  -68.510511730    92.4093   5  10   2.4748   1.9990   6.3549   1.3078   2.5776   2.9390   0.00    0.0
2014/03/03 09:08:30.000   63.755980248  -68.510506932    93.8471   5  10   2.4762   1.9973   6.3437   1.3059   2.5715   2.9362   0.00    0.0
2014/03/03 09:09:00.000   63.755975793  -68.510507191    90.6201   5  10   2.4775   1.9954   6.3316   1.3037   2.5647   2.9329   0.00    0.0
2014/03/03 09:09:30.000   63.755980120  -68.510511515    92.5831   5  10   2.4787   1.9934   6.3186   1.3012   2.5575   2.9291   0.00    0.0
2014/03/03 09:10:00.000   63.755983119  -68.510506651    91.3162   5  10   2.4798   1.9913   6.3048   1.2985   2.5497   2.9248   0.00    0.0
2014/03/03 09:10:30.000   63.755973965  -68.510507684    92.7273   5  10   2.4808   1.9891   6.2901   1.2955   2.5414   2.9201   0.00    0.0
2014/03/03 09:11:00.000   63.755981545  -68.510509409    91.4411   5  10   2.4817   1.9867   6.2746   1.2923   2.5327   2.9149   0.00    0.0
2014/03/03 09:11:30.000   63.755974552  -68.510506272    92.2787   5   9   2.5838   2.0582   6.3242   1.4328   2.4227   2.7947   0.00    0.0
2014/03/03 09:12:00.000   63.755982352  -68.510501655    91.8315   5   9   2.5822   2.0538   6.3126   1.4261   2.4100   2.7851   0.00    0.0
2014/03/03 09:12:30.000   63.755984676  -68.510511023    92.2796   5   9   2.5807   2.0494   6.3004   1.4193   2.3969   2.7751   0.00    0.0
2014/03/03 09:13:00.000   63.755977797  -68.510503965    92.1592   5   9   2.5790   2.0449   6.2876   1.4124   2.3834   2.7649   0.00    0.0
2014/03/03 09:13:30.000   63.755982328  -68.510506435    93.2836   5   9   2.5774   2.0404   6.2742   1.4053   2.3696   2.7544   0.00    0.0
2014/03/03 09:14:00.000   63.755982416  -68.510505478    90.7570   5   9   2.5757   2.0358   6.2603   1.3981   2.3555   2.7436   0.00    0.0
2014/03/03 09:14:30.000   63.755987239  -68.510503324    92.7580   5   9   2.5739   2.0312   6.2458   1.3907   2.3411   2.7326   0.00    0.0
2014/03/03 09:15:00.000   63.755978017  -68.510507450    91.9887   5   9   2.5722   2.0266   6.2309   1.3833   2.3263   2.7213   0.00    0.0
2014/03/03 09:15:30.000   63.755984443  -68.510516529    91.7991   5   9   2.5704   2.0220   6.2154   1.3757   2.3112   2.7097   0.00    0.0
2014/03/03 09:16:00.000   63.755982273  -68.510506073    92.1991   5   9   2.5685   2.0174   6.1996   1.3680   2.2958   2.6980   0.00    0.0
2014/03/03 09:16:30.000   63.755982868  -68.510506443    92.5694   5   9   2.5667   2.0127   6.1832   1.3602   2.2802   2.6860   0.00    0.0
2014/03/03 09:17:00.000   63.755978843  -68.510502728    91.9488   5   9   2.5649   2.0080   6.1664   1.3522   2.2643   2.6738   0.00    0.0
2014/03/03 09:17:30.000   63.755982998  -68.510510209    91.8490   5   9   2.5630   2.0034   6.1493   1.3442   2.2481   2.6614   0.00    0.0
2014/03/03 09:18:00.000   63.755980375  -68.510504235    91.6402   5   9   2.5611   1.9987   6.1317   1.3361   2.2316   2.6488   0.00    0.0
2014/03/03 09:18:30.000   63.755975924  -68.510499789    91.5820   5   9   2.5593   1.9940   6.1138   1.3278   2.2149   2.6361   0.00    0.0
2014/03/03 09:19:00.000   63.755980352  -68.510508895    91.6539   5   9   2.5574   1.9894   6.0955   1.3195   2.1980   2.6232   0.00    0.0
2014/03/03 09:19:30.000   63.755982971  -68.510501355    90.4322   5   9   2.5556   1.9847   6.0769   1.3111   2.1808   2.6102   0.00    0.0
2014/03/03 09:20:00.000   63.755979202  -68.510498731    90.4631   5   9   2.5537   1.9801   6.0580   1.3026   2.1634   2.5970   0.00    0.0
2014/03/03 09:20:30.000   63.755979787  -68.510504544    91.8247   5   9   2.5519   1.9755   6.0388   1.2940   2.1458   2.5837   0.00    0.0
2014/03/03 09:21:00.000   63.755978873  -68.510502299    92.3144   5   9   2.5500   1.9709   6.0194   1.2854   2.1279   2.5703   0.00    0.0
2014/03/03 09:21:30.000   63.755980707  -68.510509636    90.0252   5   9   2.5482   1.9663   5.9997   1.2767   2.1099   2.5568   0.00    0.0
2014/03/03 09:22:00.000   63.755980615  -68.510509275    89.6245   5   9   2.5464   1.9617   5.9797   1.2679   2.0917   2.5432   0.00    0.0
2014/03/03 09:22:30.000   63.755973634  -68.510512065    90.7472   5   9   2.5447   1.9572   5.9596   1.2590   2.0733   2.5295   0.00    0.0
2014/03/03 09:23:00.000   63.755974960  -68.510509394    90.8950   5   9   2.5429   1.9527   5.9393   1.2501   2.0548   2.5157   0.00    0.0
2014/03/03 09:23:30.000   63.755981908  -68.510503779    91.2979   5   9   2.5412   1.9482   5.9188   1.2411   2.0360   2.5019   0.00    0.0
2014/03/03 09:24:00.000   63.755972683  -68.510508222    91.4384   5   9   2.5396   1.9438   5.8981   1.2321   2.0171   2.4881   0.00    0.0
2014/03/03 09:24:30.000   63.755979622  -68.510502780    90.3044   5   9   2.5379   1.9394   5.8774   1.2230   1.9981   2.4742   0.00    0.0
2014/03/03 09:25:00.000   63.755977219  -68.510511138    90.6918   5   9   2.5363   1.9351   5.8565   1.2139   1.9789   2.4604   0.00    0.0
2014/03/03 09:25:30.000   63.755973861  -68.510512428    90.0289   5   9   2.5348   1.9308   5.8355   1.2047   1.9595   2.4465   0.00    0.0
2014/03/03 09:26:00.000   63.755974507  -68.510512338    90.7459   5   9   2.5333   1.9265   5.8144   1.1954   1.9400   2.4326   0.00    0.0
2014/03/03 09:26:30.000   63.755974016  -68.510505851    90.8566   5   9   2.5318   1.9223   5.7932   1.1861   1.9204   2.4187   0.00    0.0
2014/03/03 09:27:00.000   63.755975155  -68.510509552    90.2423   5   9   2.5304   1.9182   5.7720   1.1768   1.9007   2.4048   0.00    0.0
2014/03/03 09:27:30.000   63.755981251  -68.510510649    90.0858   5   9   2.5290   1.9141   5.7508   1.1674   1.8808   2.3910   0.00    0.0
2014/03/03 09:28:00.000   63.755978829  -68.510512924    90.4333   5   9   2.5277   1.9100   5.7296   1.1580   1.8608   2.3772   0.00    0.0
2014/03/03 09:28:30.000   63.755975629  -68.510508888    90.2916   5   9   2.5264   1.9061   5.7083   1.1485   1.8407   2.3634   0.00    0.0
2014/03/03 09:29:00.000   63.755974279  -68.510507579    90.8061   5   9   2.5252   1.9021   5.6871   1.1390   1.8205   2.3497   0.00    0.0
2014/03/03 09:29:30.000   63.755973585  -68.510512710    90.1906   5   9   2.5241   1.8983   5.6659   1.1295   1.8002   2.3361   0.00    0.0
2014/03/03 09:30:00.000   63.755974937  -68.510509338    90.1863   5   9   2.5230   1.8944   5.6447   1.1199   1.7798   2.3226   0.00    0.0
2014/03/03 09:30:30.000   63.755979154  -68.510513402    90.2100   5   9   2.5220   1.8907   5.6236   1.1103   1.7593   2.3092   0.00    0.0
2014/03/03 09:31:00.000   63.755979796  -68.510507022    90.2337   5   9   2.5210   1.8870   5.6025   1.1006   1.7386   2.2958   0.00    0.0
2014/03/03 09:31:30.000   63.755976154  -68.510519444    90.2545   5   9   2.5201   1.8834   5.5816   1.0909   1.7179   2.2826   0.00    0.0
2014/03/03 09:32:00.000   63.755974541  -68.510514364    90.8582   5   9   2.5193   1.8798   5.5607   1.0812   1.6971   2.2695   0.00    0.0
2014/03/03 09:32:30.000   63.755978430  -68.510508395    89.5847   5   9   2.5186   1.8764   5.5399   1.0714   1.6761   2.2565   0.00    0.0
2014/03/03 09:33:00.000   63.755977754  -68.510510137    90.2216   5   9   2.5179   1.8729   5.5193   1.0615   1.6551   2.2437   0.00    0.0
2014/03/03 09:33:30.000   63.755968397  -68.510516712    90.8675   5   9   2.5173   1.8696   5.4988   1.0517   1.6339   2.2310   0.00    0.0
2014/03/03 09:34:00.000   63.755969355  -68.510516116    90.3469   5   9   2.5168   1.8663   5.4784   1.0418   1.6127   2.2184   0.00    0.0
2014/03/03 09:34:30.000   63.755969337  -68.510511625    88.9221   5   8   3.9921   1.8640   8.6019   0.9409   1.4655   5.0469   0.00    0.0
2014/03/03 09:35:00.000   63.755963371  -68.510519288    88.3147   5   8   4.0012   1.8613   8.6079   0.9106   1.4156   5.0570   0.00    0.0
2014/03/03 09:35:30.000   63.755964227  -68.510509553    88.0344   5   8   4.0098   1.8587   8.6128   0.8788   1.3633   5.0661   0.00    0.0
2014/03/03 09:36:00.000   63.755966194  -68.510517640    88.6977   5   8   4.0180   1.8562   8.6164   0.8454   1.3084   5.0744   0.00    0.0
2014/03/03 09:36:30.000   63.755962179  -68.510520171    87.7907   5   8   4.0257   1.8539   8.6187   0.8101   1.2507   5.0818   0.00    0.0
2014/03/03 09:37:00.000   63.755971014  -68.510515795    89.5175   5   8   4.0330   1.8518   8.6198   0.7727   1.1898   5.0884   0.00    0.0
2014/03/03 09:37:30.000   63.755974946  -68.510518753    89.2892   5   8   4.0398   1.8498   8.6196   0.7331   1.1253   5.0940   0.00    0.0
2014/03/03 09:38:00.000   63.755970772  -68.510516393    88.1163   5   8   4.0461   1.8481   8.6181   0.6908   1.0565   5.0987   0.00    0.0
2014/03/03 09:38:30.000   63.755964262  -68.510522924    88.6282   5   8   4.0519   1.8464   8.6154   0.6453   0.9827   5.1025   0.00    0.0
2014/03/03 09:39:00.000   63.755966342  -68.510523186    88.5540   5   8   4.0572   1.8450   8.6114   0.5960   0.9026   5.1054   0.00    0.0
2014/03/03 09:39:30.000   63.755971055  -68.510519490    88.3044   5   8   4.0621   1.8437   8.6061   0.5419   0.8146   5.1074   0.00    0.0
2014/03/03 09:40:00.000   63.755962269  -68.510516438    88.4499   5   8   4.0664   1.8426   8.5996   0.4814   0.7158   5.1085   0.00    0.0
2014/03/03 09:40:30.000   63.755966184  -68.510516636    87.9739   5   8   4.0703   1.8417   8.5919   0.4119   0.6011   5.1087   0.00    0.0
2014/03/03 09:41:00.000   63.755964019  -68.510522882    87.2043   5   8   4.0736   1.8410   8.5829   0.3276   0.4587   5.1080   0.00    0.0
2014/03/03 09:41:30.000   63.755959221  -68.510519207    87.0745   5   8   4.0765   1.8405   8.5727   0.2120   0.2448   5.1063   0.00    0.0
2014/03/03 09:42:00.000   63.755968113  -68.510519047    87.5626   5   8   4.0789   1.8401   8.5612  -0.1324  -0.3000   5.1038   0.00    0.0
2014/03/03 09:42:30.000   63.755965577  -68.510519528    87.6251   5   8   4.0808   1.8399   8.5486  -0.2828  -0.4892   5.1004   0.00    0.0
2014/03/03 09:43:00.000   63.755959158  -68.510517754    88.0109   5   8   4.0822   1.8399   8.5348  -0.3773  -0.6227   5.0961   0.00    0.0
2014/03/03 09:43:30.000   63.755966996  -68.510515804    87.1752   5   8   4.0831   1.8401   8.5198  -0.4523  -0.7316   5.0910   0.00    0.0
2014/03/03 09:44:00.000   63.755963147  -68.510515986    87.9244   5   8   4.0836   1.8405   8.5037  -0.5164  -0.8257   5.0850   0.00    0.0
2014/03/03 09:44:30.000   63.755963482  -68.510520489    87.7812   5   8   4.0836   1.8410   8.4865  -0.5731  -0.9094   5.0781   0.00    0.0
2014/03/03 09:45:00.000   63.755967669  -68.510523570    87.7584   5   8   4.0831   1.8417   8.4681  -0.6244  -0.9853   5.0704   0.00    0.0
2014/03/03 09:45:30.000   63.755971393  -68.510518458    88.8344   5   8   4.0821   1.8426   8.4487  -0.6716  -1.0551   5.0620   0.00    0.0
2014/03/03 09:46:00.000   63.755965817  -68.510523224    88.4517   5   8   4.0807   1.8436   8.4283  -0.7153  -1.1199   5.0527   0.00    0.0
2014/03/03 09:46:30.000   63.755973736  -68.510524913    88.3112   5   8   4.0789   1.8448   8.4069  -0.7563  -1.1804   5.0426   0.00    0.0
2014/03/03 09:47:00.000   63.755966314  -68.510526610    87.9939   5   8   4.0766   1.8462   8.3844  -0.7948  -1.2372   5.0317   0.00    0.0
2014/03/03 09:47:30.000   63.755958222  -68.510517413    87.4775   5   8   4.0739   1.8477   8.3610  -0.8311  -1.2908   5.0201   0.00    0.0
2014/03/03 09:48:00.000   63.755963981  -68.510522704    87.4689   5   8   4.0707   1.8494   8.3367  -0.8656  -1.3416   5.0078   0.00    0.0
2014/03/03 09:48:30.000   63.755957869  -68.510522349    87.3197   5   9   4.0669   1.7782   7.9641  -0.8829  -1.7765   5.0075   0.00    0.0
2014/03/03 09:49:00.000   63.755980527  -68.510521021    89.9676   5  10   2.4173   1.7787   5.1624  -0.7809  -1.6908   2.2867   0.00    0.0
2014/03/03 09:49:30.000   63.755980385  -68.510520628    90.7085   5  10   2.4183   1.7802   5.1774  -0.7904  -1.7044   2.2939   0.00    0.0
2014/03/03 09:50:00.000   63.755982902  -68.510521980    90.6789   5  10   2.4193   1.7817   5.1924  -0.7999  -1.7178   2.3011   0.00    0.0
2014/03/03 09:50:30.000   63.755986189  -68.510524659    91.0056   5  10   2.4203   1.7832   5.2073  -0.8092  -1.7311   2.3084   0.00    0.0
2014/03/03 09:51:00.000   63.755979790  -68.510519869    89.1668   5  10   2.4214   1.7847   5.2222  -0.8184  -1.7442   2.3157   0.00    0.0
2014/03/03 09:51:30.000   63.755977332  -68.510519044    89.1887   5  10   2.4225   1.7863   5.2370  -0.8275  -1.7573   2.3229   0.00    0.0
2014/03/03 09:52:00.000   63.755980343  -68.510521098    90.0694   5  10   2.4236   1.7879   5.2518  -0.8365  -1.7702   2.3302   0.00    0.0
2014/03/03 09:52:30.000   63.755976613  -68.510523958    90.4287   5  10   2.4248   1.7895   5.2665  -0.8454  -1.7829   2.3374   0.00    0.0
2014/03/03 09:53:00.000   63.755975214  -68.510525564    89.7481   5  10   2.4259   1.7912   5.2811  -0.8542  -1.7955   2.3446   0.00    0.0
2014/03/03 09:53:30.000   63.755983420  -68.510519739    90.0918   5  10   2.4271   1.7928   5.2956  -0.8628  -1.8079   2.3517   0.00    0.0
2014/03/03 09:54:00.000   63.755979219  -68.510524120    89.4556   5  10   2.4284   1.7945   5.3100  -0.8714  -1.8202   2.3588   0.00    0.0
2014/03/03 09:54:30.000   63.755987300  -68.510524624    90.8131   5  10   2.4296   1.7962   5.3242  -0.8798  -1.8323   2.3659   0.00    0.0
2014/03/03 09:55:00.000   63.755979018  -68.510523188    89.1150   5   9   2.7499   1.8011   5.4627  -0.9625  -1.8103   2.0348   0.00    0.0
2014/03/03 09:55:30.000   63.755985243  -68.510523864    90.0463   5   9   2.7487   1.8030   5.4785  -0.9713  -1.8213   2.0412   0.00    0.0
2014/03/03 09:56:00.000   63.755981550  -68.510529775    89.8940   5   9   2.7475   1.8048   5.4941  -0.9799  -1.8321   2.0474   0.00    0.0
2014/03/03 09:56:30.000   63.755986723  -68.510525416    89.9081   5   9   2.7463   1.8067   5.5095  -0.9884  -1.8428   2.0536   0.00    0.0
2014/03/03 09:57:00.000   63.755982649  -68.510521387    89.1924   5   9   2.7452   1.8086   5.5247  -0.9967  -1.8533   2.0596   0.00    0.0
2014/03/03 09:57:30.000   63.755983525  -68.510525338    90.3230   5   9   2.7441   1.8105   5.5397  -1.0049  -1.8635   2.0656   0.00    0.0
2014/03/03 09:58:00.000   63.755980688  -68.510526689    90.1413   5   9   2.7430   1.8124   5.5546  -1.0130  -1.8736   2.0714   0.00    0.0
2014/03/03 09:58:30.000   63.755982355  -68.510526493    89.6056   5   9   2.7419   1.8143   5.5691  -1.0209  -1.8835   2.0771   0.00    0.0
2014/03/03 09:59:00.000   63.755979749  -68.510526461    89.6102   5   9   2.7408   1.8162   5.5835  -1.0287  -1.8932   2.0827   0.00    0.0
2014/03/03 09:59:30.000   63.755986065  -68.510522425    90.2862   5   9   2.7398   1.8181   5.5975  -1.0363  -1.9027   2.0882   0.00    0.0
2014/03/03 10:00:00.000   63.755989808  -68.510519710    89.7039   5   9   2.7967   1.8943   5.6285  -1.1778  -1.9713   2.1521   0.00    0.0
2014/03/03 10:00:30.000   63.755986365  -68.510527338    90.4878   5   9   2.7948   1.8964   5.6417  -1.1835  -1.9798   2.1563   0.00    0.0
2014/03/03 10:01:00.000   63.755981914  -68.510527499    89.7268   5   9   2.7929   1.8985   5.6546  -1.1891  -1.9881   2.1603   0.00    0.0
2014/03/03 10:01:30.000   63.755981798  -68.510525373    90.0963   5   9   2.7909   1.9005   5.6672  -1.1946  -1.9961   2.1641   0.00    0.0
2014/03/03 10:02:00.000   63.755979980  -68.510524094    90.2710   5   9   2.7890   1.9026   5.6793  -1.2000  -2.0038   2.1677   0.00    0.0
2014/03/03 10:02:30.000   63.755983299  -68.510528472    90.2497   5   9   2.7871   1.9046   5.6912  -1.2052  -2.0112   2.1712   0.00    0.0
2014/03/03 10:03:00.000   63.755984241  -68.510528480    90.9398   5   9   2.7852   1.9065   5.7026  -1.2103  -2.0184   2.1744   0.00    0.0
2014/03/03 10:03:30.000   63.755983679  -68.510523858    90.5903   5   9   2.7834   1.9085   5.7136  -1.2153  -2.0253   2.1774   0.00    0.0
2014/03/03 10:04:00.000   63.755986407  -68.510528767    90.6569   5   9   2.7815   1.9104   5.7243  -1.2201  -2.0318   2.1803   0.00    0.0
2014/03/03 10:04:30.000   63.755987822  -68.510525988    90.7593   5   9   2.7796   1.9123   5.7344  -1.2248  -2.0381   2.1829   0.00    0.0
2014/03/03 10:05:00.000   63.755984951  -68.510525403    90.7001   5   9   2.7777   1.9141   5.7442  -1.2294  -2.0441   2.1853   0.00    0.0
2014/03/03 10:05:30.000   63.755983609  -68.510521445    90.3483   5   9   2.7759   1.9159   5.7535  -1.2339  -2.0498   2.1875   0.00    0.0
2014/03/03 10:06:00.000   63.755979174  -68.510530548    90.8221   5   9   2.7740   1.9176   5.7623  -1.2382  -2.0551   2.1894   0.00    0.0
2014/03/03 10:06:30.000   63.755982701  -68.510532047    91.4280   5   9   2.7721   1.9193   5.7707  -1.2424  -2.0601   2.1911   0.00    0.0
2014/03/03 10:07:00.000   63.755980873  -68.510532521    91.3345   5   9   2.7703   1.9210   5.7785  -1.2464  -2.0649   2.1926   0.00    0.0
2014/03/03 10:07:30.000   63.755983358  -68.510531854    91.3661   5   9   2.7684   1.9226   5.7859  -1.2504  -2.0692   2.1938   0.00    0.0
2014/03/03 10:08:00.000   63.755980642  -68.510530308    90.7292   5   9   2.7665   1.9241   5.7927  -1.2542  -2.0733   2.1948   0.00    0.0
2014/03/03 10:08:30.000   63.755983659  -68.510525254    90.2041   5   9   2.7647   1.9257   5.7991  -1.2578  -2.0770   2.1956   0.00    0.0
2014/03/03 10:09:00.000   63.755982936  -68.510530080    90.8030   5   9   2.7628   1.9271   5.8049  -1.2614  -2.0804   2.1961   0.00    0.0
2014/03/03 10:09:30.000   63.755987253  -68.510528644    91.0540   5   9   2.7609   1.9285   5.8102  -1.2648  -2.0835   2.1964   0.00    0.0
2014/03/03 10:10:00.000   63.755987122  -68.510525327    90.4576   5   9   2.7591   1.9299   5.8149  -1.2681  -2.0862   2.1964   0.00    0.0
2014/03/03 10:10:30.000   63.755984706  -68.510520944    90.1845   5   9   2.7572   1.9312   5.8191  -1.2712  -2.0885   2.1962   0.00    0.0
2014/03/03 10:11:00.000   63.755986250  -68.510526096    90.6750   5   9   2.7553   1.9324   5.8227  -1.2742  -2.0905   2.1957   0.00    0.0
2014/03/03 10:11:30.000   63.755984460  -68.510526512    90.8719   5   9   2.7535   1.9336   5.8258  -1.2771  -2.0922   2.1950   0.00    0.0
2014/03/03 10:12:00.000   63.755982707  -68.510520408    90.9055   5   9   2.7516   1.9348   5.8283  -1.2799  -2.0935   2.1940   0.00    0.0
2014/03/03 10:12:30.000   63.755983617  -68.510531856    90.8498   5   9   2.7497   1.9359   5.8302  -1.2825  -2.0944   2.1927   0.00    0.0
2014/03/03 10:13:00.000   63.755982687  -68.510527434    91.4753   5   9   2.7478   1.9369   5.8316  -1.2851  -2.0950   2.1913   0.00    0.0
2014/03/03 10:13:30.000   63.755984633  -68.510523030    90.4388   5   9   2.7459   1.9379   5.8324  -1.2875  -2.0953   2.1895   0.00    0.0
2014/03/03 10:14:00.000   63.755985251  -68.510527028    90.7922   5   9   2.7440   1.9388   5.8326  -1.2897  -2.0952   2.1876   0.00    0.0
2014/03/03 10:14:30.000   63.755979667  -68.510524616    90.5411   5   9   2.7422   1.9397   5.8322  -1.2919  -2.0947   2.1853   0.00    0.0
2014/03/03 10:15:00.000   63.755985155  -68.510532071    90.9915   5   9   2.7403   1.9405   5.8313  -1.2939  -2.0939   2.1829   0.00    0.0
2014/03/03 10:15:30.000   63.755983682  -68.510526109    90.3967   5   9   2.7384   1.9413   5.8298  -1.2959  -2.0927   2.1802   0.00    0.0
2014/03/03 10:16:00.000   63.755989565  -68.510526072    91.2396   5   9   2.7365   1.9420   5.8277  -1.2977  -2.0912   2.1772   0.00    0.0
2014/03/03 10:16:30.000   63.755984396  -68.510529012    91.6556   5   9   2.7346   1.9426   5.8250  -1.2994  -2.0893   2.1740   0.00    0.0
2014/03/03 10:17:00.000   63.755988033  -68.510524615    91.0103   5   9   2.7327   1.9432   5.8218  -1.3009  -2.0871   2.1706   0.00    0.0
2014/03/03 10:17:30.000   63.755985595  -68.510530044    90.8187   5   9   2.7308   1.9437   5.8180  -1.3024  -2.0845   2.1670   0.00    0.0
2014/03/03 10:18:00.000   63.755983816  -68.510529329    92.1407   5   9   2.7290   1.9442   5.8137  -1.3038  -2.0816   2.1631   0.00    0.0
2014/03/03 10:18:30.000   63.755984425  -68.510528402    91.0254   5   9   2.7271   1.9447   5.8088  -1.3050  -2.0784   2.1590   0.00    0.0
2014/03/03 10:19:00.000   63.755985586  -68.510521646    90.5680   5   9   2.7252   1.9451   5.8033  -1.3062  -2.0748   2.1547   0.00    0.0
2014/03/03 10:19:30.000   63.755984636  -68.510524567    91.0134   5   9   2.7233   1.9454   5.7973  -1.3072  -2.0708   2.1502   0.00    0.0
2014/03/03 10:20:00.000   63.755983440  -68.510527318    90.9586   5   9   2.7215   1.9457   5.7908  -1.3082  -2.0666   2.1454   0.00    0.0
2014/03/03 10:20:30.000   63.755983979  -68.510522592    91.7510   5   9   2.7196   1.9459   5.7837  -1.3090  -2.0620   2.1405   0.00    0.0
2014/03/03 10:21:00.000   63.755978006  -68.510528961    90.9704   5   9   2.7178   1.9461   5.7762  -1.3098  -2.0571   2.1354   0.00    0.0
2014/03/03 10:21:30.000   63.755978676  -68.510526092    92.0474   5   9   2.7159   1.9463   5.7681  -1.3105  -2.0518   2.1301   0.00    0.0
2014/03/03 10:22:00.000   63.755984454  -68.510523943    91.6021   5   9   2.7141   1.9464   5.7595  -1.3110  -2.0463   2.1246   0.00    0.0
2014/03/03 10:22:30.000   63.755983998  -68.510516560    90.9745   5   9   2.7123   1.9465   5.7505  -1.3115  -2.0404   2.1189   0.00    0.0
2014/03/03 10:23:00.000   63.755987320  -68.510529451    93.0246   5   9   2.7105   1.9465   5.7410  -1.3119  -2.0343   2.1131   0.00    0.0
2014/03/03 10:23:30.000   63.755979090  -68.510521001    92.1688   5   9   2.7087   1.9465   5.7310  -1.3123  -2.0278   2.1071   0.00    0.0
2014/03/03 10:24:00.000   63.755982115  -68.510525888    90.8333   5   9   2.7069   1.9465   5.7205  -1.3125  -2.0210   2.1010   0.00    0.0
2014/03/03 10:24:30.000   63.755983401  -68.510523517    91.1495   5   9   2.7052   1.9464   5.7096  -1.3127  -2.0140   2.0947   0.00    0.0
2014/03/03 10:25:00.000   63.755980269  -68.510520711    92.1014   5   9   2.7035   1.9464   5.6983  -1.3128  -2.0066   2.0882   0.00    0.0
2014/03/03 10:25:30.000   63.755986055  -68.510533805    91.3762   5   9   2.7017   1.9462   5.6866  -1.3128  -1.9990   2.0817   0.00    0.0
2014/03/03 10:26:00.000   63.755985795  -68.510522740    90.9982   5   9   2.7000   1.9461   5.6745  -1.3127  -1.9912   2.0750   0.00    0.0
2014/03/03 10:26:30.000   63.755984162  -68.510528467    91.7823   5   9   2.6984   1.9459   5.6619  -1.3126  -1.9830   2.0682   0.00    0.0
2014/03/03 10:27:00.000   63.755983410  -68.510524560    90.7135   5   9   2.6967   1.9457   5.6491  -1.3124  -1.9746   2.0612   0.00    0.0
2014/03/03 10:27:30.000   63.755985376  -68.510522707    91.0380   5   9   2.6951   1.9455   5.6358  -1.3122  -1.9659   2.0542   0.00    0.0
2014/03/03 10:28:00.000   63.755988670  -68.510520313    91.2826   5   9   2.6935   1.9452   5.6222  -1.3119  -1.9570   2.0471   0.00    0.0
2014/03/03 10:28:30.000   63.755985487  -68.510523830    92.2590   5   9   2.6919   1.9450   5.6083  -1.3115  -1.9479   2.0399   0.00    0.0
2014/03/03 10:29:00.000   63.755985936  -68.510522714    91.8003   5   9   2.6903   1.9447   5.5941  -1.3111  -1.9385   2.0327   0.00    0.0
2014/03/03 10:29:30.000   63.755981624  -68.510526604    91.5839   5   9   2.6888   1.9444   5.5796  -1.3106  -1.9289   2.0253   0.00    0.0
2014/03/03 10:30:00.000   63.755983536  -68.510525081    91.3033   5   9   2.6873   1.9441   5.5648  -1.3101  -1.9190   2.0180   0.00    0.0
2014/03/03 10:30:30.000   63.755984119  -68.510524736    91.7500   5   9   2.6859   1.9438   5.5497  -1.3095  -1.9090   2.0105   0.00    0.0
2014/03/03 10:31:00.000   63.755982757  -68.510530620    90.7701   5   8   3.0374   1.9715   6.7331  -1.1147  -1.5280   3.0760   0.00    0.0
2014/03/03 10:31:30.000   63.755976115  -68.510519570    90.1058   5   8   3.0383   1.9711   6.7316  -1.1134  -1.5132   3.0785   0.00    0.0
2014/03/03 10:32:00.000   63.755977849  -68.510523263    90.1218   5   8   3.0391   1.9708   6.7294  -1.1120  -1.4979   3.0807   0.00    0.0
2014/03/03 10:32:30.000   63.755978415  -68.510528525    90.6774   5   8   3.0398   1.9705   6.7266  -1.1105  -1.4823   3.0825   0.00    0.0
2014/03/03 10:33:00.000   63.755972195  -68.510525673    90.2054   5   8   3.0405   1.9702   6.7231  -1.1089  -1.4662   3.0839   0.00    0.0
2014/03/03 10:33:30.000   63.755976849  -68.510527001    89.7513   5   8   3.0411   1.9699   6.7189  -1.1072  -1.4497   3.0851   0.00    0.0
2014/03/03 10:34:00.000   63.755979095  -68.510524117    89.4265   5   8   3.0417   1.9697   6.7140  -1.1053  -1.4328   3.0858   0.00    0.0
2014/03/03 10:34:30.000   63.755976603  -68.510528694    89.6178   5   8   3.0422   1.9695   6.7085  -1.1034  -1.4155   3.0863   0.00    0.0
2014/03/03 10:35:00.000   63.755977391  -68.510534226    90.3451   5   8   3.0426   1.9693   6.7023  -1.1014  -1.3978   3.0864   0.00    0.0
2014/03/03 10:35:30.000   63.755978702  -68.510527913    90.1930   5   8   3.0430   1.9692   6.6955  -1.0992  -1.3797   3.0861   0.00    0.0
2014/03/03 10:36:00.000   63.755978629  -68.510524756    89.7057   5   8   3.0432   1.9691   6.6880  -1.0970  -1.3612   3.0856   0.00    0.0
2014/03/03 10:36:30.000   63.755981253  -68.510529338    90.4044   5   8   3.0435   1.9690   6.6799  -1.0947  -1.3423   3.0847   0.00    0.0
2014/03/03 10:37:00.000   63.755978091  -68.510526965    89.8563   5   8   3.0436   1.9690   6.6712  -1.0923  -1.3229   3.0835   0.00    0.0
2014/03/03 10:37:30.000   63.755976461  -68.510529087    90.3947   5   8   3.0437   1.9690   6.6619  -1.0898  -1.3032   3.0819   0.00    0.0
2014/03/03 10:38:00.000   63.755974570  -68.510532793    91.0344   5   8   3.0438   1.9690   6.6520  -1.0872  -1.2830   3.0801   0.00    0.0
2014/03/03 10:38:30.000   63.755974060  -68.510528344    90.6645   5   8   3.0438   1.9691   6.6415  -1.0846  -1.2624   3.0779   0.00    0.0
2014/03/03 10:39:00.000   63.755976756  -68.510525322    90.6966   5   8   3.0437   1.9692   6.6304  -1.0819  -1.2413   3.0754   0.00    0.0
2014/03/03 10:39:30.000   63.755976942  -68.510527341    90.2624   5   8   3.0435   1.9693   6.6188  -1.0791  -1.2199   3.0727   0.00    0.0
2014/03/03 10:40:00.000   63.755974063  -68.510529033    90.6498   5   8   3.0434   1.9695   6.6066  -1.0763  -1.1980   3.0696   0.00    0.0
2014/03/03 10:40:30.000   63.755974779  -68.510525789    90.8395   5   8   3.0431   1.9698   6.5939  -1.0734  -1.1756   3.0663   0.00    0.0
2014/03/03 10:41:00.000   63.755973163  -68.510531520    91.3347   5   8   3.0428   1.9701   6.5807  -1.0704  -1.1528   3.0627   0.00    0.0
2014/03/03 10:41:30.000   63.755977386  -68.510531452    90.9999   5   8   3.0424   1.9704   6.5669  -1.0674  -1.1295   3.0588   0.00    0.0
2014/03/03 10:42:00.000   63.755980045  -68.510532644    90.5917   5   8   3.0420   1.9708   6.5527  -1.0644  -1.1057   3.0547   0.00    0.0
2014/03/03 10:42:30.000   63.755973405  -68.510530809    90.0490   5   8   3.0416   1.9712   6.5380  -1.0613  -1.0814   3.0503   0.00    0.0
2014/03/03 10:43:00.000   63.755973792  -68.510530330    90.8427   5   8   3.0411   1.9716   6.5229  -1.0582  -1.0566   3.0456   0.00    0.0
2014/03/03 10:43:30.000   63.755971499  -68.510532932    91.1356   5   8   3.0405   1.9722   6.5072  -1.0550  -1.0312   3.0407   0.00    0.0
2014/03/03 10:44:00.000   63.755971117  -68.510531171    91.5683   5   8   3.0400   1.9727   6.4912  -1.0518  -1.0053   3.0356   0.00    0.0
2014/03/03 10:44:30.000   63.755976978  -68.510529578    90.5875   5   8   3.0393   1.9733   6.4748  -1.0485  -0.9788   3.0302   0.00    0.0
2014/03/03 10:45:00.000   63.755976998  -68.510529325    90.6297   5   8   3.0387   1.9740   6.4579  -1.0452  -0.9516   3.0246   0.00    0.0
2014/03/03 10:45:30.000   63.755973781  -68.510531218    90.5285   5   8   3.0380   1.9746   6.4407  -1.0419  -0.9238   3.0188   0.00    0.0
2014/03/03 10:46:00.000   63.755970807  -68.510530863    90.7742   5   8   3.0372   1.9754   6.4231  -1.0386  -0.8953   3.0128   0.00    0.0
2014/03/03 10:46:30.000   63.755968381  -68.510533862    90.9324   5   8   3.0364   1.9762   6.4052  -1.0353  -0.8660   3.0066   0.00    0.0
2014/03/03 10:47:00.000   63.755976612  -68.510531136    91.9971   5   8   3.0356   1.9770   6.3869  -1.0319  -0.8359   3.0002   0.00    0.0
2014/03/03 10:47:30.000   63.755974568  -68.510534913    91.2597   5   8   3.0348   1.9779   6.3683  -1.0286  -0.8048   2.9936   0.00    0.0
2014/03/03 10:48:00.000   63.755973750  -68.510529032    91.3796   5   8   3.0340   1.9788   6.3495  -1.0252  -0.7728   2.9869   0.00    0.0
2014/03/03 10:48:30.000   63.755973547  -68.510534600    91.3681   5   8   3.0331   1.9798   6.3303  -1.0218  -0.7396   2.9800   0.00    0.0
2014/03/03 10:49:00.000   63.755972954  -68.510538312    91.7921   5   8   3.0322   1.9808   6.3109  -1.0184  -0.7052   2.9729   0.00    0.0
2014/03/03 10:49:30.000   63.755972123  -68.510530702    91.3097   5   8   3.0312   1.9819   6.2912  -1.0150  -0.6693   2.9656   0.00    0.0
2014/03/03 10:50:00.000   63.755973820  -68.510535210    91.9863   5   8   3.0303   1.9830   6.2712  -1.0117  -0.6317   2.9583   0.00    0.0
2014/03/03 10:50:30.000   63.755972446  -68.510540162    92.9546   5   8   3.0293   1.9842   6.2511  -1.0083  -0.5921   2.9507   0.00    0.0
2014/03/03 10:51:00.000   63.755969787  -68.510536114    92.4201   5   8   3.0284   1.9854   6.2307  -1.0049  -0.5501   2.9431   0.00    0.0
2014/03/03 10:51:30.000   63.755967238  -68.510538769    92.4772   5   8   3.0274   1.9867   6.2102  -1.0015  -0.5051   2.9353   0.00    0.0
2014/03/03 10:52:00.000   63.755973204  -68.510543224    93.6589   5   8   3.0264   1.9880   6.1895  -0.9982  -0.4563   2.9274   0.00    0.0
2014/03/03 10:52:30.000   63.755971467  -68.510535266    93.4683   5   8   3.0254   1.9893   6.1686  -0.9949  -0.4022   2.9194   0.00    0.0
2014/03/03 10:53:00.000   63.755969315  -68.510540061    92.8028   5   8   3.0244   1.9907   6.1476  -0.9915  -0.3403   2.9113   0.00    0.0
2014/03/03 10:53:30.000   63.755964864  -68.510539462    92.7761   5   8   3.0234   1.9922   6.1264  -0.9882  -0.2654   2.9031   0.00    0.0
2014/03/03 10:54:00.000   63.755967568  -68.510538288    92.2849   5   8   3.0224   1.9937   6.1052  -0.9849  -0.1600   2.8948   0.00    0.0
2014/03/03 10:54:30.000   63.755975688  -68.510540288    92.7886   5   8   3.0214   1.9952   6.0838  -0.9817   0.1366   2.8865   0.00    0.0
2014/03/03 10:55:00.000   63.755973609  -68.510534060    91.9108   5   8   3.0204   1.9968   6.0623  -0.9784   0.2497   2.8780   0.00    0.0
2014/03/03 10:55:30.000   63.755969046  -68.510532190    91.0659   5   8   3.0194   1.9984   6.0408  -0.9752   0.3248   2.8695   0.00    0.0
2014/03/03 10:56:00.000   63.755976951  -68.510539101    93.1974   5   7   3.4464   2.0243   6.5979  -0.6527  -0.8335   1.9210   0.00    0.0
2014/03/03 10:56:30.000   63.755971969  -68.510533095    91.8351   5   7   3.4454   2.0248   6.5751  -0.6576  -0.7939   1.9114   0.00    0.0
2014/03/03 10:57:00.000   63.755976730  -68.510537697    92.1087   5   7   3.4444   2.0255   6.5522  -0.6625  -0.7526   1.9020   0.00    0.0
2014/03/03 10:57:30.000   63.755969638  -68.510535042    91.4554   5   7   3.4433   2.0262   6.5292  -0.6674  -0.7095   1.8926   0.00    0.0
2014/03/03 10:58:00.000   63.755972711  -68.510527315    91.2445   5   7   3.4423   2.0270   6.5061  -0.6723  -0.6641   1.8833   0.00    0.0
2014/03/03 10:58:30.000   63.755973334  -68.510533082    92.6713   5   7   3.4412   2.0278   6.4829  -0.6771  -0.6160   1.8741   0.00    0.0
2014/03/03 10:59:00.000   63.755976068  -68.510539307    91.7227   5   7   3.4401   2.0288   6.4595  -0.6820  -0.5645   1.8650   0.00    0.0
2014/03/03 10:59:30.000   63.755972952  -68.510532423    92.2137   5   7   3.4390   2.0298   6.4361  -0.6868  -0.5085   1.8561   0.00    0.0
2014/03/03 11:00:00.000   63.755972846  -68.510529715    92.4796   5   7   3.4227   1.9200   5.9503  -0.8219  -1.3348   1.6433   0.00    0.0
2014/03/03 11:00:30.000   63.755975290  -68.510528464    92.1213   5   7   3.4213   1.9200   5.9280  -0.8279  -1.3140   1.6325   0.00    0.0
2014/03/03 11:01:00.000   63.755973976  -68.510527825    92.5422   5   7   3.4199   1.9201   5.9057  -0.8339  -1.2930   1.6219   0.00    0.0
2014/03/03 11:01:30.000   63.755974901  -68.510535366    92.4119   5   7   3.4184   1.9202   5.8834  -0.8398  -1.2719   1.6115   0.00    0.0
2014/03/03 11:02:00.000   63.755971399  -68.510523319    92.6900   5   7   3.4169   1.9205   5.8612  -0.8457  -1.2506   1.6014   0.00    0.0
2014/03/03 11:02:30.000   63.755972315  -68.510529330    91.4352   5   7   3.4155   1.9208   5.8390  -0.8515  -1.2292   1.5914   0.00    0.0
2014/03/03 11:03:00.000   63.755971092  -68.510523603    92.2434   5   7   3.4140   1.9212   5.8169  -0.8573  -1.2075   1.5816   0.00    0.0
2014/03/03 11:03:30.000   63.755976358  -68.510536521    93.2427   5   7   3.4125   1.9216   5.7949  -0.8631  -1.1857   1.5720   0.00    0.0
2014/03/03 11:04:00.000   63.755973941  -68.510527249    92.4291   5   7   3.4109   1.9222   5.7730  -0.8688  -1.1637   1.5627   0.00    0.0
2014/03/03 11:04:30.000   63.755973185  -68.510528895    93.1259   5   7   3.4094   1.9228   5.7511  -0.8744  -1.1415   1.5536   0.00    0.0
2014/03/03 11:05:00.000   63.755975463  -68.510532847    93.4877   5   7   3.4079   1.9235   5.7294  -0.8800  -1.1190   1.5448   0.00    0.0
2014/03/03 11:05:30.000   63.755973292  -68.510531827    92.9504   5   7   3.4063   1.9242   5.7078  -0.8856  -1.0963   1.5361   0.00    0.0
2014/03/03 11:06:00.000   63.755976683  -68.510529934    92.5254   5   7   3.4047   1.9251   5.6863  -0.8911  -1.0734   1.5278   0.00    0.0
2014/03/03 11:06:30.000   63.755975153  -68.510529289    93.1722   5   7   3.4031   1.9260   5.6649  -0.8966  -1.0502   1.5197   0.00    0.0
2014/03/03 11:07:00.000   63.755976613  -68.510531405    93.6399   5   7   3.4016   1.9270   5.6437  -0.9020  -1.0268   1.5118   0.00    0.0
2014/03/03 11:07:30.000   63.755974358  -68.510533011    93.1462   5   7   3.4000   1.9281   5.6226  -0.9074  -1.0030   1.5042   0.00    0.0
2014/03/03 11:08:00.000   63.755973557  -68.510528159    93.2872   5   7   3.3984   1.9293   5.6016  -0.9127  -0.9789   1.4968   0.00    0.0
2014/03/03 11:08:30.000   63.755973777  -68.510524316    94.1345   5   7   3.3967   1.9305   5.5809  -0.9180  -0.9545   1.4898   0.00    0.0
2014/03/03 11:09:00.000   63.755975023  -68.510527578    94.6315   5   7   3.3951   1.9318   5.5602  -0.9232  -0.9296   1.4830   0.00    0.0
2014/03/03 11:09:30.000   63.755981616  -68.510534773    95.7410   5   7   3.3935   1.9332   5.5398  -0.9284  -0.9044   1.4764   0.00    0.0
2014/03/03 11:10:00.000   63.755974255  -68.510530186    94.3804   5   7   3.3918   1.9346   5.5195  -0.9335  -0.8786   1.4702   0.00    0.0
2014/03/03 11:10:30.000   63.755971325  -68.510531029    93.2754   5   7   3.3902   1.9362   5.4995  -0.9386  -0.8524   1.4642   0.00    0.0
2014/03/03 11:11:00.000   63.755974281  -68.510541087    91.1737   5   6   3.4429   2.5828   7.9508   0.3869   3.0258   2.3742   0.00    0.0
2014/03/03 11:11:30.000   63.755976177  -68.510543353    94.0569   5   6   3.4426   2.5931   7.9528   0.4021   3.0522   2.3829   0.00    0.0
2014/03/03 11:12:00.000   63.755972153  -68.510542734    92.2653   5   6   3.4423   2.6036   7.9547   0.4171   3.0782   2.3917   0.00    0.0
2014/03/03 11:12:30.000   63.755967782  -68.510539416    89.6417   5   6   3.4421   2.6141   7.9564   0.4318   3.1039   2.4007   0.00    0.0
2014/03/03 11:13:00.000   63.755976674  -68.510540663    92.4255   5   6   3.4419   2.6247   7.9579   0.4464   3.1292   2.4098   0.00    0.0
2014/03/03 11:13:30.000   63.755978918  -68.510547177    93.9129   5   6   3.4417   2.6354   7.9592   0.4607   3.1541   2.4191   0.00    0.0
2014/03/03 11:14:00.000   63.755984148  -68.510543366    95.2132   5   6   3.4415   2.6461   7.9603   0.4749   3.1787   2.4285   0.00    0.0
2014/03/03 11:14:30.000   63.755982150  -68.510540926    93.8125   5   6   3.4413   2.6569   7.9613   0.4890   3.2028   2.4380   0.00    0.0
2014/03/03 11:15:00.000   63.755978536  -68.510540738    93.5422   5   6   3.4412   2.6677   7.9620   0.5029   3.2267   2.4477   0.00    0.0
2014/03/03 11:15:30.000   63.755974884  -68.510539789    92.3742   5   6   3.4411   2.6786   7.9626   0.5166   3.2501   2.4575   0.00    0.0
2014/03/03 11:16:00.000   63.755978693  -68.510540188    94.5414   5   6   3.4534   2.6896   8.0178   0.5251   3.2705   2.5222   0.00    0.0
2014/03/03 11:16:30.000   63.755979728  -68.510541030    93.9899   5   6   3.4559   2.7006   8.0292   0.5387   3.2932   2.5431   0.00    0.0
2014/03/03 11:17:00.000   63.755977250  -68.510540571    93.1136   5   6   3.4585   2.7116   8.0408   0.5524   3.3157   2.5645   0.00    0.0
2014/03/03 11:17:30.000   63.755974029  -68.510535459    92.4622   5   6   3.4613   2.7226   8.0525   0.5662   3.3379   2.5862   0.00    0.0
2014/03/03 11:18:00.000   63.755968265  -68.510542466    90.6682   5   6   3.4642   2.7336   8.0645   0.5802   3.3600   2.6083   0.00    0.0
2014/03/03 11:18:30.000   63.755968578  -68.510541144    90.9017   5   6   3.4672   2.7447   8.0768   0.5944   3.3818   2.6308   0.00    0.0
2014/03/03 11:19:00.000   63.755974169  -68.510539091    92.3889   5   6   3.4704   2.7558   8.0892   0.6087   3.4035   2.6537   0.00    0.0
2014/03/03 11:19:30.000   63.755972748  -68.510542416    92.4030   5   6   3.4737   2.7668   8.1019   0.6232   3.4249   2.6769   0.00    0.0
2014/03/03 11:20:00.000   63.755983656  -68.510539587    95.5177   5   6   3.4772   2.7779   8.1148   0.6378   3.4462   2.7006   0.00    0.0
2014/03/03 11:20:30.000   63.755976300  -68.510544087    94.0388   5   6   3.4808   2.7890   8.1279   0.6525   3.4672   2.7246   0.00    0.0
2014/03/03 11:21:00.000   63.755979280  -68.510542172    94.2474   5   6   3.4846   2.8001   8.1413   0.6674   3.4881   2.7489   0.00    0.0
2014/03/03 11:21:30.000   63.755980492  -68.510537037    95.8611   5   6   3.4886   2.8112   8.1550   0.6824   3.5088   2.7737   0.00    0.0
2014/03/03 11:22:00.000   63.755977005  -68.510536650    93.6107   5   6   3.4927   2.8223   8.1689   0.6975   3.5293   2.7988   0.00    0.0
2014/03/03 11:22:30.000   63.755972863  -68.510538800    90.7035   5   5  12.1449   2.9038  37.3762   2.8111   5.9821  20.7879   0.00    0.0
2014/03/03 11:23:00.000   63.755970516  -68.510536957    89.9785   5   5  12.5558   2.9440  38.6193   3.1120   6.4339  21.5214   0.00    0.0
2014/03/03 11:23:30.000   63.755971120  -68.510537063    92.9055   5   5  12.9880   2.9909  39.9222   3.4176   6.9026  22.2903   0.00    0.0
2014/03/03 11:24:00.000   63.755985725  -68.510534297    97.6240   5   5  13.4417   3.0451  41.2851   3.7296   7.3895  23.0946   0.00    0.0
2014/03/03 11:24:30.000   63.755985308  -68.510532564    97.8583   5   5  13.9167   3.1075  42.7065   4.0496   7.8953  23.9337   0.00    0.0
2014/03/03 11:25:00.000   63.755994653  -68.510530834    99.7370   5   5  14.4122   3.1787  44.1835   4.3782   8.4206  24.8061   0.00    0.0
2014/03/03 11:25:30.000   63.755988267  -68.510530251    96.8513   5   5  14.9266   3.2592  45.7109   4.7159   8.9649  25.7089   0.00    0.0
2014/03/03 11:26:00.000   63.755986257  -68.510533341    97.7520   5   5  15.4577   3.3495  47.2806   5.0624   9.5276  26.6376   0.00    0.0
2014/03/03 11:26:30.000   63.755986551  -68.510530623    97.2169   5   5  16.0018   3.4499  48.8814   5.4171  10.1066  27.5858   0.00    0.0
2014/03/03 11:27:00.000   63.755994654  -68.510530872   100.9990   5   5  16.5540   3.5603  50.4974   5.7784  10.6991  28.5447   0.00    0.0
2014/03/03 11:27:30.000   63.756002506  -68.510530334   104.7806   5   5  17.1078   3.6804  52.1085   6.1439  11.3005  29.5027   0.00    0.0
2014/03/03 11:28:00.000   63.755993800  -68.510528777   100.7866   5   5  17.6551   3.8092  53.6891   6.5105  11.9051  30.4452   0.00    0.0
2014/03/03 11:28:30.000   63.756013618  -68.510532272   107.3330   5   5  18.1856   3.9454  55.2082   6.8739  12.5051  31.3544   0.00    0.0
2014/03/03 11:29:00.000   63.755990580  -68.510537226    97.3167   5   5  18.6877   4.0870  56.6300   7.2287  13.0913  32.2097   0.00    0.0
2014/03/03 11:29:30.000   63.755987148  -68.510535695    96.3493   5   5  19.1480   4.2315  57.9146   7.5688  13.6527  32.9881   0.00    0.0
2014/03/03 11:30:00.000   63.756021680  -68.510519950   110.2424   5   5  19.5526   4.3757  59.0203   7.8872  14.1774  33.6652   0.00    0.0
2014/03/03 11:30:30.000   63.756022687  -68.510516483   110.5819   5   5  19.8877   4.5162  59.9060   8.1768  14.6528  34.2173   0.00    0.0
2014/03/03 11:31:00.000   63.756013623  -68.510523128   105.4420   5   5  20.1406   4.6493  60.5350   8.4306  15.0670  34.6226   0.00    0.0
2014/03/03 11:31:30.000   63.756000802  -68.510529224   102.7510   5   5  20.3012   4.7714  60.8781   8.6423  15.4093  34.8638   0.00    0.0
2014/03/03 11:32:00.000   63.756007017  -68.510525632   105.4435   5   5  20.3626   4.8795  60.9175   8.8072  15.6717  34.9301   0.00    0.0
2014/03/03 11:32:30.000   63.756015601  -68.510520031   107.7295   5   5  20.3228   4.9711  60.6484   8.9224  15.8491  34.8181   0.00    0.0
2014/03/03 11:33:00.000   63.756028557  -68.510517105   113.2394   5   5  20.1838   5.0444  60.0801   8.9871  15.9407  34.5324   0.00    0.0
2014/03/03 11:33:30.000   63.756025348  -68.510509861   112.5290   5   5  19.9525   5.0991  59.2345   9.0027  15.9490  34.0852   0.00    0.0
2014/03/03 11:34:00.000   63.756018185  -68.510514623   109.4406   5   5  19.6387   5.1352  58.1442   8.9725  15.8798  33.4946   0.00    0.0
2014/03/03 11:34:30.000   63.756026531  -68.510507044   112.2462   5   5  19.2552   5.1539  56.8483   8.9013  15.7417  32.7829   0.00    0.0
2014/03/03 11:35:00.000   63.756022266  -68.510507036   111.9602   5   5  18.8155   5.1569  55.3894   8.7947  15.5444  31.9743   0.00    0.0
2014/03/03 11:35:30.000   63.756020886  -68.510509615   109.6768   5   5  18.3334   5.1463  53.8098   8.6590  15.2987  31.0931   0.00    0.0
2014/03/03 11:36:00.000   63.756011562  -68.510514041   106.6512   5   5  17.8221   5.1241  52.1494   8.5002  15.0151  30.1623   0.00    0.0
2014/03/03 11:36:30.000   63.756019195  -68.510502773   111.9085   5   5  17.2932   5.0926  50.4431   8.3238  14.7031  29.2020   0.00    0.0
2014/03/03 11:37:00.000   63.756023417  -68.510500148   113.1049   5   5  16.7566   5.0538  48.7210   8.1351  14.3716  28.2297   0.00    0.0
2014/03/03 11:37:30.000   63.756014761  -68.510504764   107.0979   5   5  16.2204   5.0095  47.0074   7.9384  14.0280  27.2596   0.00    0.0
2014/03/03 11:38:00.000   63.755971514  -68.510524761    94.6674   5   6   5.9019   3.4237  13.6688   2.7677   5.6519   7.9745   0.00    0.0
2014/03/03 11:38:30.000   63.755967106  -68.510530440    93.9211   5   6   5.9516   3.4477  13.8166   2.8221   5.7231   8.0738   0.00    0.0
2014/03/03 11:39:00.000   63.755969045  -68.510526973    94.1978   5   6   6.0009   3.4717  13.9629   2.8757   5.7935   8.1720   0.00    0.0
2014/03/03 11:39:30.000   63.755975610  -68.510533671    93.6711   5   6   6.0497   3.4956  14.1071   2.9283   5.8630   8.2688   0.00    0.0
2014/03/03 11:40:00.000   63.755966881  -68.510535844    94.7994   5   6   6.0979   3.5193  14.2488   2.9798   5.9313   8.3638   0.00    0.0
2014/03/03 11:40:30.000   63.755983957  -68.510527313    96.8337   5   6   6.1451   3.5428  14.3875   3.0301   5.9983   8.4567   0.00    0.0
2014/03/03 11:41:00.000   63.755972710  -68.510534618    95.0425   5   6   6.1913   3.5660  14.5224   3.0790   6.0637   8.5472   0.00    0.0
2014/03/03 11:41:30.000   63.755965545  -68.510535496    93.7613   5   6   6.2362   3.5887  14.6531   3.1262   6.1272   8.6348   0.00    0.0
2014/03/03 11:42:00.000   63.755988688  -68.510530486    96.9406   5   6   6.2795   3.6108  14.7788   3.1718   6.1886   8.7191   0.00    0.0
2014/03/03 11:42:30.000   63.755961163  -68.510548356    93.2982   5   6   6.3210   3.6324  14.8990   3.2153   6.2475   8.7998   0.00    0.0
2014/03/03 11:43:00.000   63.755960237  -68.510545544    90.7498   5   6   6.3606   3.6532  15.0130   3.2568   6.3038   8.8763   0.00    0.0
2014/03/03 11:43:30.000   63.755968333  -68.510536823    93.4441   5   6   6.3978   3.6732  15.1202   3.2959   6.3570   8.9484   0.00    0.0
2014/03/03 11:44:00.000   63.755981249  -68.510526293    96.9688   5   7   2.7773   2.9080   6.2027  -1.4472   3.0708   0.8004   0.00    0.0
2014/03/03 11:44:30.000   63.755985045  -68.510529588    96.9501   5   7   2.7749   2.9133   6.2242  -1.4425   3.0834   0.8499   0.00    0.0
2014/03/03 11:45:00.000   63.755968135  -68.510527769    95.5884   5   7   2.7726   2.9186   6.2459  -1.4377   3.0960   0.8976   0.00    0.0
2014/03/03 11:45:30.000   63.755973396  -68.510526026    96.8433   5   7   2.7705   2.9239   6.2676  -1.4328   3.1084   0.9438   0.00    0.0
2014/03/03 11:46:00.000   63.755978581  -68.510526541    95.7368   5   7   2.7686   2.9291   6.2894  -1.4278   3.1208   0.9886   0.00    0.0
2014/03/03 11:46:30.000   63.755979217  -68.510528001    95.6935   5   7   2.7668   2.9344   6.3113  -1.4226   3.1331   1.0322   0.00    0.0
2014/03/03 11:47:00.000   63.755981319  -68.510525160    96.3201   5   7   2.7651   2.9396   6.3333  -1.4174   3.1452   1.0747   0.00    0.0
2014/03/03 11:47:30.000   63.755972688  -68.510527344    96.6443   5   7   2.7636   2.9448   6.3553  -1.4120   3.1573   1.1163   0.00    0.0
2014/03/03 11:48:00.000   63.755974554  -68.510520208    96.8997   5   7   2.7623   2.9500   6.3773  -1.4065   3.1692   1.1570   0.00    0.0
2014/03/03 11:48:30.000   63.755975800  -68.510522056    95.9207   5   7   2.7611   2.9551   6.3994  -1.4008   3.1810   1.1970   0.00    0.0
2014/03/03 11:49:00.000   63.755979901  -68.510526647    95.4994   5   7   2.7601   2.9602   6.4214  -1.3951   3.1927   1.2362   0.00    0.0
2014/03/03 11:49:30.000   63.755974710  -68.510520440    96.6470   5   7   2.7592   2.9652   6.4434  -1.3893   3.2042   1.2747   0.00    0.0
2014/03/03 11:50:00.000   63.755972383  -68.510534230    94.9154   5   7   2.7585   2.9703   6.4654  -1.3833   3.2156   1.3126   0.00    0.0
2014/03/03 11:50:30.000   63.755967413  -68.510518220    96.5368   5   7   2.7579   2.9753   6.4874  -1.3773   3.2268   1.3499   0.00    0.0
2014/03/03 11:51:00.000   63.755974521  -68.510527316    94.2835   5   7   2.7575   2.9802   6.5092  -1.3712   3.2379   1.3867   0.00    0.0
2014/03/03 11:51:30.000   63.755975058  -68.510531334    95.2062   5   7   2.7573   2.9851   6.5310  -1.3650   3.2488   1.4229   0.00    0.0
2014/03/03 11:52:00.000   63.755984074  -68.510526746    96.2559   5   7   2.7572   2.9899   6.5527  -1.3587   3.2595   1.4585   0.00    0.0
2014/03/03 11:52:30.000   63.755976202  -68.510531693    94.6509   5   7   2.7573   2.9947   6.5742  -1.3523   3.2700   1.4937   0.00    0.0
2014/03/03 11:53:00.000   63.755972484  -68.510522381    96.4301   5   7   2.7576   2.9995   6.5956  -1.3459   3.2803   1.5284   0.00    0.0
2014/03/03 11:53:30.000   63.755978221  -68.510537620    94.6978   5   7   2.7580   3.0042   6.6168  -1.3394   3.2904   1.5627   0.00    0.0
2014/03/03 11:54:00.000   63.755974404  -68.510523961    95.6565   5   7   2.7585   3.0088   6.6378  -1.3329   3.3003   1.5964   0.00    0.0
2014/03/03 11:54:30.000   63.755976030  -68.510539209    95.2274   5   7   2.7592   3.0134   6.6586  -1.3263   3.3099   1.6297   0.00    0.0
2014/03/03 11:55:00.000   63.755976345  -68.510529348    94.8543   5   7   2.7603   3.0217   6.6813  -1.3176   3.3232   1.6644   0.00    0.0
2014/03/03 11:55:30.000   63.755974281  -68.510530181    95.2102   5   7   2.7614   3.0268   6.7019  -1.3106   3.3329   1.6971   0.00    0.0
2014/03/03 11:56:00.000   63.755969766  -68.510518774    95.9587   5   7   2.7626   3.0317   6.7223  -1.3035   3.3423   1.7293   0.00    0.0
2014/03/03 11:56:30.000   63.755982168  -68.510535806    93.9930   5   7   2.7640   3.0366   6.7423  -1.2965   3.3515   1.7611   0.00    0.0
2014/03/03 11:57:00.000   63.755976945  -68.510534410    94.8024   5   7   2.7655   3.0415   6.7620  -1.2894   3.3604   1.7924   0.00    0.0
2014/03/03 11:57:30.000   63.755977679  -68.510521261    96.3191   5   7   2.7672   3.0462   6.7813  -1.2824   3.3689   1.8233   0.00    0.0
2014/03/03 11:58:00.000   63.755980745  -68.510528209    95.8866   5   7   2.7690   3.0509   6.8002  -1.2753   3.3772   1.8537   0.00    0.0
2014/03/03 11:58:30.000   63.755975532  -68.510529403    95.1584   5   7   2.7710   3.0554   6.8188  -1.2683   3.3851   1.8837   0.00    0.0
2014/03/03 11:59:00.000   63.755976520  -68.510529213    95.9005   5   7   2.7731   3.0599   6.8369  -1.2614   3.3926   1.9132   0.00    0.0
2014/03/03 11:59:30.000   63.755974913  -68.510534851    95.0544   5   8   2.7078   1.9804   5.4291  -0.3880   1.3319   2.5137   0.00    0.0
2014/03/03 12:00:00.000   63.755982616  -68.510527646    95.1717   5   8   2.7352   2.1020   5.4651   0.3443   1.4336   2.5580   0.00    0.0
2014/03/03 12:00:30.000   63.755979278  -68.510528769    95.1143   5   8   2.7380   2.1020   5.4889   0.3592   1.4421   2.5756   0.00    0.0
2014/03/03 12:01:00.000   63.755975041  -68.510534068    95.5979   5   8   2.7408   2.1020   5.5127   0.3735   1.4507   2.5932   0.00    0.0
2014/03/03 12:01:30.000   63.755972073  -68.510535188    95.2598   5   8   2.7437   2.1021   5.5365   0.3873   1.4594   2.6106   0.00    0.0
2014/03/03 12:02:00.000   63.755978464  -68.510532337    95.9402   5   8   2.7467   2.1023   5.5604   0.4006   1.4681   2.6279   0.00    0.0
2014/03/03 12:02:30.000   63.755980314  -68.510534844    95.2172   5   8   2.7516   2.1038   5.5842   0.4041   1.4776   2.6445   0.00    0.0
2014/03/03 12:03:00.000   63.755976179  -68.510536066    95.0897   5   8   2.7549   2.1042   5.6080   0.4156   1.4864   2.6614   0.00    0.0
2014/03/03 12:03:30.000   63.755974050  -68.510538434    95.4488   5   8   2.7583   2.1047   5.6317   0.4267   1.4953   2.6783   0.00    0.0
2014/03/03 12:04:00.000   63.755971793  -68.510540276    95.2969   5   8   2.7617   2.1052   5.6553   0.4374   1.5041   2.6949   0.00    0.0
2014/03/03 12:04:30.000   63.755976176  -68.510536566    95.9503   5   8   2.7652   2.1058   5.6788   0.4478   1.5130   2.7114   0.00    0.0
2014/03/03 12:05:00.000   63.755974116  -68.510536557    95.6944   5   8   2.7687   2.1064   5.7022   0.4579   1.5218   2.7277   0.00    0.0
2014/03/03 12:05:30.000   63.755973428  -68.510536238    95.6352   5   8   2.7722   2.1071   5.7254   0.4677   1.5307   2.7439   0.00    0.0
2014/03/03 12:06:00.000   63.755977470  -68.510534941    95.3615   5   8   2.7810   2.1086   5.7491   0.4870   1.5379   2.7571   0.00    0.0
2014/03/03 12:06:30.000   63.755972381  -68.510533892    94.7673   5   8   2.7853   2.1094   5.7722   0.4974   1.5464   2.7723   0.00    0.0
2014/03/03 12:07:00.000   63.755976970  -68.510535857    95.9572   5   8   2.7896   2.1104   5.7951   0.5074   1.5549   2.7873   0.00    0.0
2014/03/03 12:07:30.000   63.755972317  -68.510540427    94.8638   5   7   3.3082   2.1877   5.9017   1.1323   1.3695   2.4685   0.00    0.0
2014/03/03 12:08:00.000   63.755976105  -68.510539821    95.4026   5   7   3.3038   2.1870   5.9287   1.1281   1.3753   2.4777   0.00    0.0
2014/03/03 12:08:30.000   63.755968461  -68.510531975    95.0239   5   7   3.2994   2.1864   5.9556   1.1238   1.3810   2.4866   0.00    0.0
2014/03/03 12:09:00.000   63.755973546  -68.510534067    95.0385   5   8   2.6776   2.1851   5.8940   1.0658   1.4091   2.8626   0.00    0.0
2014/03/03 12:09:30.000   63.755972222  -68.510536540    95.2029   5   8   2.6766   2.1847   5.9201   1.0665   1.4127   2.8709   0.00    0.0
2014/03/03 12:10:00.000   63.755976860  -68.510536524    94.7162   5   8   2.6756   2.1844   5.9461   1.0671   1.4163   2.8790   0.00    0.0
2014/03/03 12:10:30.000   63.755967920  -68.510538154    95.0157   5   8   2.6746   2.1842   5.9718   1.0678   1.4198   2.8870   0.00    0.0
2014/03/03 12:11:00.000   63.755968673  -68.510540389    94.9264   5   8   2.6736   2.1839   5.9974   1.0683   1.4231   2.8947   0.00    0.0
2014/03/03 12:11:30.000   63.755975502  -68.510525651    95.8637   5   8   2.6725   2.1837   6.0228   1.0688   1.4264   2.9023   0.00    0.0
2014/03/03 12:12:00.000   63.755972427  -68.510525402    95.3700   5   8   2.6714   2.1836   6.0480   1.0693   1.4296   2.9097   0.00    0.0
2014/03/03 12:12:30.000   63.755973289  -68.510535520    95.3297   5   8   2.6703   2.1834   6.0729   1.0697   1.4327   2.9168   0.00    0.0
2014/03/03 12:13:00.000   63.755974160  -68.510531250    95.8113   5   8   2.6692   2.1833   6.0976   1.0700   1.4356   2.9238   0.00    0.0
2014/03/03 12:13:30.000   63.755977457  -68.510521360    95.8266   5   8   2.6680   2.1832   6.1220   1.0703   1.4385   2.9305   0.00    0.0
2014/03/03 12:14:00.000   63.755974531  -68.510519650    95.8725   5   8   2.6668   2.1832   6.1461   1.0705   1.4411   2.9370   0.00    0.0
2014/03/03 12:14:30.000   63.755973715  -68.510521960    95.3735   5   8   2.6656   2.1832   6.1699   1.0706   1.4437   2.9433   0.00    0.0
2014/03/03 12:15:00.000   63.755972071  -68.510520905    95.9420   5   8   2.6643   2.1832   6.1934   1.0707   1.4461   2.9493   0.00    0.0
2014/03/03 12:15:30.000   63.755975120  -68.510521433    95.8452   5   8   2.6630   2.1832   6.2165   1.0707   1.4483   2.9550   0.00    0.0
2014/03/03 12:16:00.000   63.755974054  -68.510521955    96.0826   5   8   2.6617   2.1833   6.2393   1.0706   1.4503   2.9605   0.00    0.0
2014/03/03 12:16:30.000   63.755969380  -68.510526239    95.9612   5   8   2.6603   2.1833   6.2617   1.0704   1.4522   2.9658   0.00    0.0
2014/03/03 12:17:00.000   63.755976717  -68.510524656    95.6361   5   8   2.6588   2.1834   6.2837   1.0702   1.4539   2.9707   0.00    0.0
2014/03/03 12:17:30.000   63.755974148  -68.510521186    95.5362   5   8   2.6574   2.1836   6.3053   1.0698   1.4554   2.9754   0.00    0.0
2014/03/03 12:18:00.000   63.755970327  -68.510521504    94.8870   5   8   2.6559   2.1837   6.3264   1.0694   1.4567   2.9798   0.00    0.0
2014/03/03 12:18:30.000   63.755974460  -68.510522907    95.6564   5   8   2.6543   2.1839   6.3471   1.0689   1.4577   2.9839   0.00    0.0
2014/03/03 12:19:00.000   63.755975947  -68.510523767    96.3575   5   9   2.6003   2.0875   5.9498   1.2159   1.8931   2.7815   0.00    0.0
2014/03/03 12:19:30.000   63.755974438  -68.510530016    95.9761   5   9   2.5995   2.0866   5.9717   1.2149   1.8955   2.7872   0.00    0.0
2014/03/03 12:20:00.000   63.755977541  -68.510519697    97.0208   5   9   2.5986   2.0856   5.9934   1.2139   1.8976   2.7927   0.00    0.0
2014/03/03 12:20:30.000   63.755977906  -68.510521867    96.3508   5   9   2.5978   2.0846   6.0147   1.2128   1.8994   2.7979   0.00    0.0
2014/03/03 12:21:00.000   63.755974001  -68.510522321    95.4422   5   9   2.5969   2.0837   6.0356   1.2115   1.9010   2.8029   0.00    0.0
2014/03/03 12:21:30.000   63.755972954  -68.510524553    96.6246   5   9   2.5959   2.0827   6.0562   1.2101   1.9023   2.8077   0.00    0.0
2014/03/03 12:22:00.000   63.755974943  -68.510523085    95.1569   5   9   2.5950   2.0817   6.0764   1.2085   1.9033   2.8122   0.00    0.0
2014/03/03 12:22:30.000   63.755980155  -68.510528697    95.4576   5  10   2.5891   2.0239   5.9437   1.2384   2.0687   2.7778   0.00    0.0
2014/03/03 12:23:00.000   63.755972960  -68.510523395    96.5841   5  10   2.5882   2.0224   5.9645   1.2361   2.0693   2.7827   0.00    0.0
2014/03/03 12:23:30.000   63.755977062  -68.510527786    95.9438   5  10   2.5874   2.0208   5.9848   1.2337   2.0696   2.7874   0.00    0.0
2014/03/03 12:24:00.000   63.755974753  -68.510527616    96.1614   5  10   2.5865   2.0192   6.0048   1.2311   2.0696   2.7918   0.00    0.0
2014/03/03 12:24:30.000   63.755974458  -68.510530735    95.5383   5  10   2.5855   2.0176   6.0243   1.2284   2.0693   2.7960   0.00    0.0
2014/03/03 12:25:00.000   63.755972406  -68.510524693    95.5011   5  10   2.5857   2.0167   6.0592   1.2271   2.0740   2.8058   0.00    0.0
2014/03/03 12:25:30.000   63.755976395  -68.510526771    94.7882   5  10   2.5848   2.0151   6.0797   1.2243   2.0737   2.8101   0.00    0.0
2014/03/03 12:26:00.000   63.755973615  -68.510529916    95.1137   5  10   2.5839   2.0135   6.0998   1.2213   2.0730   2.8142   0.00    0.0
2014/03/03 12:26:30.000   63.755975709  -68.510530941    95.3034   5  10   2.5829   2.0118   6.1195   1.2182   2.0721   2.8179   0.00    0.0
2014/03/03 12:27:00.000   63.755973502  -68.510535601    95.0452   5  10   2.5820   2.0102   6.1387   1.2149   2.0707   2.8214   0.00    0.0
2014/03/03 12:27:30.000   63.755977043  -68.510525990    96.3593   5  10   2.5809   2.0085   6.1575   1.2114   2.0690   2.8247   0.00    0.0
2014/03/03 12:28:00.000   63.755968567  -68.510530483    95.4671   5  10   2.5799   2.0068   6.1758   1.2078   2.0670   2.8276   0.00    0.0
2014/03/03 12:28:30.000   63.755979562  -68.510527572    95.9722   5  10   2.5788   2.0051   6.1936   1.2040   2.0646   2.8302   0.00    0.0
2014/03/03 12:29:00.000   63.755973605  -68.510533343    96.8049   5  10   2.5777   2.0034   6.2109   1.2001   2.0619   2.8326   0.00    0.0
2014/03/03 12:29:30.000   63.755975241  -68.510520939    96.1028   5  10   2.5765   2.0016   6.2276   1.1960   2.0588   2.8346   0.00    0.0
2014/03/03 12:30:00.000   63.755974418  -68.510524459    95.7620   5  10   2.5753   1.9998   6.2439   1.1918   2.0553   2.8364   0.00    0.0
2014/03/03 12:30:30.000   63.755972409  -68.510533034    95.8297   5  10   2.5741   1.9980   6.2596   1.1873   2.0514   2.8378   0.00    0.0
2014/03/03 12:31:00.000   63.755974466  -68.510527858    95.3070   5  10   2.5728   1.9962   6.2747   1.1828   2.0472   2.8389   0.00    0.0
2014/03/03 12:31:30.000   63.755969596  -68.510534426    94.9162   5  10   2.5715   1.9944   6.2893   1.1780   2.0425   2.8398   0.00    0.0
2014/03/03 12:32:00.000   63.755976525  -68.510533635    95.3402   5  10   2.5701   1.9925   6.3033   1.1731   2.0375   2.8403   0.00    0.0
2014/03/03 12:32:30.000   63.755969249  -68.510528931    94.9028   5  10   2.5688   1.9906   6.3168   1.1680   2.0321   2.8405   0.00    0.0
2014/03/03 12:33:00.000   63.755970397  -68.510539818    95.3284   5  10   2.5674   1.9887   6.3297   1.1628   2.0263   2.8405   0.00    0.0
2014/03/03 12:33:30.000   63.755972586  -68.510531341    95.8378   5  10   2.5659   1.9868   6.3420   1.1574   2.0200   2.8401   0.00    0.0
2014/03/03 12:34:00.000   63.755974645  -68.510538258    96.3101   5  10   2.5645   1.9849   6.3537   1.1518   2.0134   2.8394   0.00    0.0
2014/03/03 12:34:30.000   63.755970359  -68.510540672    95.8136   5  10   2.5630   1.9829   6.3648   1.1461   2.0064   2.8384   0.00    0.0
2014/03/03 12:35:00.000   63.755970164  -68.510534644    96.2335   5  10   2.5615   1.9810   6.3753   1.1401   1.9990   2.8371   0.00    0.0
2014/03/03 12:35:30.000   63.755973888  -68.510534940    94.7640   5  10   2.5599   1.9790   6.3852   1.1341   1.9912   2.8355   0.00    0.0
2014/03/03 12:36:00.000   63.755966564  -68.510533693    94.5138   5  11   2.0798   1.8659   5.3058   0.5462   1.2648   1.6467   0.00    0.0
2014/03/03 12:36:30.000   63.755967519  -68.510539423    94.9588   5  11   2.0792   1.8654   5.3226   0.5403   1.2600   1.6492   0.00    0.0
2014/03/03 12:37:00.000   63.755967218  -68.510537692    95.1134   5  11   2.0787   1.8649   5.3392   0.5342   1.2549   1.6518   0.00    0.0
2014/03/03 12:37:30.000   63.755968242  -68.510535686    94.8043   5  11   2.0782   1.8644   5.3556   0.5280   1.2496   1.6544   0.00    0.0
2014/03/03 12:38:00.000   63.755972478  -68.510534126    93.9722   5  11   2.0778   1.8640   5.3718   0.5217   1.2441   1.6570   0.00    0.0
2014/03/03 12:38:30.000   63.755970929  -68.510533160    95.4992   5  11   2.0775   1.8636   5.3878   0.5153   1.2383   1.6596   0.00    0.0
2014/03/03 12:39:00.000   63.755971247  -68.510540811    94.8307   5  11   2.0773   1.8632   5.4037   0.5087   1.2323   1.6623   0.00    0.0
2014/03/03 12:39:30.000   63.755974651  -68.510538373    94.8637   5  11   2.0771   1.8628   5.4193   0.5020   1.2260   1.6650   0.00    0.0
2014/03/03 12:40:00.000   63.755970520  -68.510530320    94.7936   5  11   2.0769   1.8625   5.4348   0.4951   1.2194   1.6677   0.00    0.0
2014/03/03 12:40:30.000   63.755973778  -68.510528664    94.3391   5  10   2.0787   1.9144   5.5549   0.5265   0.9965   1.6420   0.00    0.0
2014/03/03 12:41:00.000   63.755971729  -68.510536254    94.2176   5  10   2.0784   1.9138   5.5747   0.5178   0.9827   1.6456   0.00    0.0
2014/03/03 12:41:30.000   63.755971939  -68.510530055    94.4937   5  10   2.0783   1.9132   5.5944   0.5089   0.9684   1.6493   0.00    0.0
2014/03/03 12:42:00.000   63.755969021  -68.510525043    93.8338   5  10   2.0782   1.9127   5.6139   0.4998   0.9535   1.6530   0.00    0.0
2014/03/03 12:42:30.000   63.755972173  -68.510535171    93.2360   5  10   2.0782   1.9123   5.6333   0.4905   0.9381   1.6569   0.00    0.0
2014/03/03 12:43:00.000   63.755970779  -68.510533367    94.4435   5  10   2.0782   1.9118   5.6525   0.4809   0.9221   1.6609   0.00    0.0
2014/03/03 12:43:30.000   63.755968196  -68.510533080    94.2196   5  10   2.0784   1.9115   5.6715   0.4711   0.9054   1.6649   0.00    0.0
2014/03/03 12:44:00.000   63.755974197  -68.510534922    93.6360   5  10   2.0785   1.9111   5.6903   0.4610   0.8881   1.6690   0.00    0.0
2014/03/03 12:44:30.000   63.755966892  -68.510532875    93.9061   5  10   2.0795   1.9134   5.7092   0.4565   0.8674   1.6724   0.00    0.0
2014/03/03 12:45:00.000   63.755971339  -68.510530755    93.7604   5  10   2.0799   1.9134   5.7276   0.4467   0.8485   1.6767   0.00    0.0
2014/03/03 12:45:30.000   63.755967225  -68.510528033    94.2518   5  10   2.0804   1.9135   5.7458   0.4366   0.8288   1.6810   0.00    0.0
2014/03/03 12:46:00.000   63.755970269  -68.510533964    93.7441   5  10   2.0809   1.9136   5.7638   0.4261   0.8083   1.6854   0.00    0.0
2014/03/03 12:46:30.000   63.755967023  -68.510530214    94.1021   5  10   2.0815   1.9137   5.7816   0.4154   0.7869   1.6899   0.00    0.0
2014/03/03 12:47:00.000   63.755969248  -68.510532944    94.4739   5  10   2.0822   1.9139   5.7991   0.4044   0.7645   1.6945   0.00    0.0
2014/03/03 12:47:30.000   63.755973170  -68.510538068    93.4234   5  10   2.0830   1.9142   5.8163   0.3929   0.7411   1.6992   0.00    0.0
2014/03/03 12:48:00.000   63.755968678  -68.510536199    94.6706   5  10   2.0838   1.9145   5.8333   0.3811   0.7166   1.7040   0.00    0.0
2014/03/03 12:48:30.000   63.755967971  -68.510534238    94.1380   5  10   2.0847   1.9149   5.8500   0.3688   0.6908   1.7088   0.00    0.0
2014/03/03 12:49:00.000   63.755972138  -68.510531192    93.4162   5  10   2.0857   1.9153   5.8665   0.3560   0.6637   1.7138   0.00    0.0
2014/03/03 12:49:30.000   63.755970756  -68.510537251    93.8838   5  10   2.0867   1.9157   5.8827   0.3426   0.6349   1.7188   0.00    0.0
2014/03/03 12:50:00.000   63.755971608  -68.510537240    94.0298   5  10   2.0878   1.9162   5.8985   0.3286   0.6045   1.7239   0.00    0.0
2014/03/03 12:50:30.000   63.755972087  -68.510538090    93.8351   5  10   2.0890   1.9168   5.9141   0.3140   0.5719   1.7291   0.00    0.0
2014/03/03 12:51:00.000   63.755970466  -68.510532256    92.8099   5  10   2.0903   1.9174   5.9293   0.2984   0.5370   1.7344   0.00    0.0
2014/03/03 12:51:30.000   63.755968382  -68.510528385    93.4717   5  10   2.0916   1.9180   5.9443   0.2820   0.4991   1.7397   0.00    0.0
2014/03/03 12:52:00.000   63.755972746  -68.510532308    93.3309   5  10   2.0930   1.9187   5.9589   0.2644   0.4577   1.7452   0.00    0.0
2014/03/03 12:52:30.000   63.755969956  -68.510535187    94.0135   5  10   2.0945   1.9195   5.9731   0.2454   0.4116   1.7507   0.00    0.0
2014/03/03 12:53:00.000   63.755970736  -68.510533667    93.8427   5  10   2.0960   1.9203   5.9871   0.2247   0.3590   1.7563   0.00    0.0
2014/03/03 12:53:30.000   63.755970618  -68.510533186    93.6553   5  10   2.0976   1.9212   6.0007   0.2018   0.2966   1.7620   0.00    0.0
2014/03/03 12:54:00.000   63.755969885  -68.510538640    93.4599   5  10   2.0993   1.9221   6.0139   0.1757   0.2161   1.7678   0.00    0.0
2014/03/03 12:54:30.000   63.755968920  -68.510538142    93.6347   5  10   2.1011   1.9231   6.0268   0.1447   0.0712   1.7736   0.00    0.0
2014/03/03 12:55:00.000   63.755968411  -68.510540939    93.8443   5  10   2.1029   1.9241   6.0393   0.1047  -0.1921   1.7795   0.00    0.0
2014/03/03 12:55:30.000   63.755967672  -68.510536093    94.8479   5  10   2.1048   1.9252   6.0515   0.0302  -0.2815   1.7855   0.00    0.0
2014/03/03 12:56:00.000   63.755967659  -68.510537090    93.7718   5  10   2.1068   1.9263   6.0632  -0.0959  -0.3491   1.7916   0.00    0.0
2014/03/03 12:56:30.000   63.755968871  -68.510537837    93.9631   5  10   2.1089   1.9275   6.0746  -0.1392  -0.4059   1.7977   0.00    0.0
2014/03/03 12:57:00.000   63.755966662  -68.510534993    93.4799   5  10   2.1110   1.9288   6.0856  -0.1721  -0.4560   1.8039   0.00    0.0
2014/03/03 12:57:30.000   63.755966486  -68.510534754    94.3182   5  10   2.1132   1.9301   6.0962  -0.1998  -0.5014   1.8102   0.00    0.0
2014/03/03 12:58:00.000   63.755970124  -68.510535651    93.9891   5  10   2.1155   1.9314   6.1065  -0.2243  -0.5432   1.8166   0.00    0.0
2014/03/03 12:58:30.000   63.755967159  -68.510541493    93.7658   5  10   2.1178   1.9328   6.1163  -0.2465  -0.5821   1.8230   0.00    0.0
2014/03/03 12:59:00.000   63.755968744  -68.510535814    93.7875   5  10   2.1203   1.9343   6.1257  -0.2670  -0.6188   1.8295   0.00    0.0
2014/03/03 12:59:30.000   63.755966227  -68.510534547    93.3083   5  10   2.1228   1.9358   6.1348  -0.2861  -0.6535   1.8360   0.00    0.0
2014/03/03 13:00:00.000   63.755966741  -68.510533653    94.5354   5  10   2.1240   1.8957   6.1195  -0.3500  -0.5054   1.8536   0.00    0.0
2014/03/03 13:00:30.000   63.755969033  -68.510528438    93.8368   5  10   2.1266   1.8972   6.1279  -0.3655  -0.5476   1.8604   0.00    0.0
2014/03/03 13:01:00.000   63.755970076  -68.510531324    94.1262   5  10   2.1293   1.8987   6.1358  -0.3805  -0.5868   1.8672   0.00    0.0
2014/03/03 13:01:30.000   63.755968873  -68.510524403    93.5305   5  10   2.1321   1.9003   6.1434  -0.3949  -0.6237   1.8740   0.00    0.0
2014/03/03 13:02:00.000   63.755972656  -68.510525876    93.8958   5  10   2.1350   1.9019   6.1505  -0.4090  -0.6586   1.8809   0.00    0.0
2014/03/03 13:02:30.000   63.755968291  -68.510530074    93.1770   5  10   2.1379   1.9036   6.1572  -0.4227  -0.6918   1.8879   0.00    0.0
2014/03/03 13:03:00.000   63.755972370  -68.510529453    94.8225   5   9   2.3889   1.9766   7.1243  -0.8646  -1.5499   2.7161   0.00    0.0
2014/03/03 13:03:30.000   63.755973213  -68.510530285    94.7316   5   9   2.3942   1.9794   7.1477  -0.8753  -1.5749   2.7319   0.00    0.0
2014/03/03 13:04:00.000   63.755974650  -68.510532932    94.7809   5   9   2.3995   1.9822   7.1703  -0.8860  -1.5993   2.7475   0.00    0.0
2014/03/03 13:04:30.000   63.755973636  -68.510533282    95.6258   5   9   2.4049   1.9851   7.1921  -0.8965  -1.6233   2.7629   0.00    0.0
2014/03/03 13:05:00.000   63.755973678  -68.510532292    94.6350   5   9   2.4104   1.9881   7.2130  -0.9070  -1.6468   2.7780   0.00    0.0
2014/03/03 13:05:30.000   63.755973434  -68.510536267    94.7729   5   9   2.4158   1.9911   7.2330  -0.9174  -1.6698   2.7928   0.00    0.0
2014/03/03 13:06:00.000   63.755971843  -68.510535379    94.6868   5   9   2.4213   1.9942   7.2521  -0.9278  -1.6923   2.8073   0.00    0.0
2014/03/03 13:06:30.000   63.755972349  -68.510533567    94.6997   5   9   2.4292   2.0019   7.2767  -0.9457  -1.7265   2.8274   0.00    0.0
2014/03/03 13:07:00.000   63.755974730  -68.510531174    94.4606   5   9   2.4351   2.0058   7.2950  -0.9569  -1.7498   2.8423   0.00    0.0
2014/03/03 13:07:30.000   63.755971380  -68.510537898    95.4087   5   9   2.4410   2.0096   7.3124  -0.9680  -1.7726   2.8569   0.00    0.0
2014/03/03 13:08:00.000   63.755974210  -68.510533003    94.0997   5   9   2.4470   2.0136   7.3289  -0.9790  -1.7949   2.8713   0.00    0.0
2014/03/03 13:08:30.000   63.755972443  -68.510536719    93.8376   5   9   2.4530   2.0176   7.3443  -0.9899  -1.8168   2.8853   0.00    0.0
2014/03/03 13:09:00.000   63.755971005  -68.510535923    93.9708   5   9   2.4590   2.0216   7.3588  -1.0006  -1.8381   2.8990   0.00    0.0
2014/03/03 13:09:30.000   63.755974603  -68.510525720    93.7276   5   9   2.4650   2.0257   7.3723  -1.0113  -1.8590   2.9124   0.00    0.0
2014/03/03 13:10:00.000   63.755972367  -68.510537271    94.3917   5   9   2.4710   2.0298   7.3848  -1.0219  -1.8794   2.9255   0.00    0.0
2014/03/03 13:10:30.000   63.755970438  -68.510540657    94.6089   5   9   2.4771   2.0340   7.3963  -1.0323  -1.8992   2.9383   0.00    0.0
2014/03/03 13:11:00.000   63.755972477  -68.510532453    94.0462   5   9   2.4831   2.0382   7.4067  -1.0426  -1.9185   2.9507   0.00    0.0
2014/03/03 13:11:30.000   63.755972746  -68.510534144    94.1443   5   9   2.4892   2.0424   7.4161  -1.0528  -1.9374   2.9627   0.00    0.0
2014/03/03 13:12:00.000   63.755973885  -68.510536275    93.4982   5   9   2.4953   2.0466   7.4244  -1.0629  -1.9557   2.9744   0.00    0.0
2014/03/03 13:12:30.000   63.755974298  -68.510530964    93.7774   5   9   2.5013   2.0509   7.4317  -1.0729  -1.9734   2.9858   0.00    0.0
2014/03/03 13:13:00.000   63.755972586  -68.510533914    94.0179   5   9   2.5074   2.0552   7.4379  -1.0827  -1.9906   2.9967   0.00    0.0
2014/03/03 13:13:30.000   63.755971824  -68.510532702    94.0698   5   9   2.5135   2.0596   7.4431  -1.0924  -2.0073   3.0073   0.00    0.0
2014/03/03 13:14:00.000   63.755972407  -68.510533266    93.5393   5   9   2.5196   2.0639   7.4472  -1.1019  -2.0235   3.0176   0.00    0.0
2014/03/03 13:14:30.000   63.755967825  -68.510529549    92.5888   5   9   2.5256   2.0683   7.4502  -1.1114  -2.0391   3.0274   0.00    0.0
2014/03/03 13:15:00.000   63.755970850  -68.510531871    93.7293   5   9   2.5317   2.0726   7.4522  -1.1207  -2.0542   3.0369   0.00    0.0
2014/03/03 13:15:30.000   63.755972485  -68.510530210    93.0939   5   9   2.5377   2.0770   7.4531  -1.1298  -2.0688   3.0460   0.00    0.0
2014/03/03 13:16:00.000   63.755973290  -68.510532576    93.6747   5   9   2.5438   2.0814   7.4530  -1.1388  -2.0828   3.0548   0.00    0.0
2014/03/03 13:16:30.000   63.755973254  -68.510529677    93.1262   5   9   2.5498   2.0858   7.4518  -1.1477  -2.0962   3.0631   0.00    0.0
2014/03/03 13:17:00.000   63.755970525  -68.510530477    93.1023   5   9   2.5558   2.0902   7.4497  -1.1564  -2.1092   3.0711   0.00    0.0
2014/03/03 13:17:30.000   63.755971115  -68.510533623    93.5369   5   9   2.5618   2.0946   7.4465  -1.1650  -2.1216   3.0787   0.00    0.0
2014/03/03 13:18:00.000   63.755970827  -68.510535943    94.3119   5   9   2.5678   2.0990   7.4423  -1.1734  -2.1334   3.0859   0.00    0.0
2014/03/03 13:18:30.000   63.755971884  -68.510536415    93.3185   5   9   2.5738   2.1034   7.4372  -1.1817  -2.1447   3.0928   0.00    0.0
2014/03/03 13:19:00.000   63.755969301  -68.510534740    93.3740   5   9   2.5798   2.1077   7.4310  -1.1899  -2.1555   3.0993   0.00    0.0
2014/03/03 13:19:30.000   63.755970827  -68.510533126    93.7961   5   9   2.5857   2.1121   7.4240  -1.1979  -2.1658   3.1054   0.00    0.0
2014/03/03 13:20:00.000   63.755973327  -68.510534210    93.1983   5   9   2.5916   2.1165   7.4160  -1.2057  -2.1756   3.1112   0.00    0.0
2014/03/03 13:20:30.000   63.755969888  -68.510533204    93.3721   5   9   2.5976   2.1208   7.4071  -1.2134  -2.1848   3.1167   0.00    0.0
2014/03/03 13:21:00.000   63.755971199  -68.510533655    93.8696   5   9   2.6035   2.1251   7.3974  -1.2210  -2.1936   3.1218   0.00    0.0
2014/03/03 13:21:30.000   63.755971175  -68.510534739    94.2674   5   9   2.6094   2.1295   7.3867  -1.2285  -2.2018   3.1265   0.00    0.0
2014/03/03 13:22:00.000   63.755967386  -68.510528395    94.6884   5  10   2.5554   2.0482   6.7275  -1.3638  -2.5866   2.8499   0.00    0.0
2014/03/03 13:22:30.000   63.755971287  -68.510527744    94.3768   5  10   2.5626   2.0507   6.7321  -1.3704  -2.5920   2.8611   0.00    0.0
2014/03/03 13:23:00.000   63.755973384  -68.510522793    94.6935   5  10   2.5697   2.0531   6.7359  -1.3770  -2.5969   2.8719   0.00    0.0
2014/03/03 13:23:30.000   63.755972863  -68.510526192    94.1865   5  10   2.5769   2.0554   6.7390  -1.3834  -2.6013   2.8825   0.00    0.0
2014/03/03 13:24:00.000   63.755972427  -68.510523834    94.8428   5  10   2.5840   2.0577   6.7412  -1.3896  -2.6052   2.8928   0.00    0.0
2014/03/03 13:24:30.000   63.755968900  -68.510531206    94.4247   5  10   2.5912   2.0598   6.7428  -1.3957  -2.6087   2.9028   0.00    0.0
2014/03/03 13:25:00.000   63.755969483  -68.510522262    94.1019   5  10   2.5984   2.0619   6.7435  -1.4017  -2.6117   2.9125   0.00    0.0
2014/03/03 13:25:30.000   63.755970766  -68.510527573    94.1243   5  10   2.6056   2.0639   6.7435  -1.4075  -2.6142   2.9219   0.00    0.0
2014/03/03 13:26:00.000   63.755971795  -68.510529513    95.5095   5  10   2.6128   2.0658   6.7428  -1.4131  -2.6163   2.9310   0.00    0.0
2014/03/03 13:26:30.000   63.755972673  -68.510527992    94.6971   5  10   2.6199   2.0676   6.7414  -1.4186  -2.6179   2.9398   0.00    0.0
2014/03/03 13:27:00.000   63.755968665  -68.510526580    94.4745   5  10   2.6271   2.0693   6.7392  -1.4240  -2.6190   2.9484   0.00    0.0
2014/03/03 13:27:30.000   63.755970069  -68.510533683    95.5385   5  10   2.6343   2.0709   6.7363  -1.4292  -2.6197   2.9566   0.00    0.0
2014/03/03 13:28:00.000   63.755967664  -68.510531031    94.2645   5  10   2.6415   2.0725   6.7327  -1.4343  -2.6200   2.9646   0.00    0.0
2014/03/03 13:28:30.000   63.755961276  -68.510521864    94.6956   5   9   3.0442   2.1971   6.8371  -1.7776  -2.4461   2.6481   0.00    0.0
2014/03/03 13:29:00.000   63.755961306  -68.510523916    94.6525   5   9   3.0487   2.1992   6.8343  -1.7817  -2.4432   2.6541   0.00    0.0
2014/03/03 13:29:30.000   63.755959586  -68.510512675    94.9716   5   9   3.0532   2.2012   6.8309  -1.7857  -2.4399   2.6598   0.00    0.0
2014/03/03 13:30:00.000   63.755962318  -68.510523342    94.0523   5   9   3.0578   2.2070   6.8364  -1.7906  -2.4263   2.6632   0.00    0.0
2014/03/03 13:30:30.000   63.755959833  -68.510515744    94.5856   5   9   3.0623   2.2095   6.8330  -1.7945  -2.4206   2.6680   0.00    0.0
2014/03/03 13:31:00.000   63.755962878  -68.510522264    93.6215   5   9   3.0668   2.2120   6.8289  -1.7984  -2.4145   2.6726   0.00    0.0
2014/03/03 13:31:30.000   63.755962065  -68.510519699    94.1141   5   9   3.0712   2.2144   6.8243  -1.8021  -2.4080   2.6768   0.00    0.0
2014/03/03 13:32:00.000   63.755962575  -68.510522164    94.4148   5   9   3.0757   2.2168   6.8191  -1.8057  -2.4010   2.6808   0.00    0.0
2014/03/03 13:32:30.000   63.755962062  -68.510512350    94.1885   5   9   3.0801   2.2192   6.8133  -1.8092  -2.3936   2.6846   0.00    0.0
2014/03/03 13:33:00.000   63.755959412  -68.510518478    93.3614   5   9   3.0846   2.2215   6.8071  -1.8127  -2.3859   2.6881   0.00    0.0
2014/03/03 13:33:30.000   63.755962220  -68.510524593    94.7142   5   9   3.0890   2.2237   6.8003  -1.8160  -2.3777   2.6914   0.00    0.0
2014/03/03 13:34:00.000   63.755959047  -68.510518169    93.7772   5   9   3.0934   2.2260   6.7930  -1.8192  -2.3692   2.6945   0.00    0.0
2014/03/03 13:34:30.000   63.755961222  -68.510515071    93.7073   5   9   3.0979   2.2282   6.7853  -1.8224  -2.3603   2.6974   0.00    0.0
2014/03/03 13:35:00.000   63.755958355  -68.510516371    94.5334   5   9   3.1023   2.2305   6.7771  -1.8255  -2.3510   2.7001   0.00    0.0
2014/03/03 13:35:30.000   63.755957453  -68.510521622    93.4872   5   9   3.1067   2.2327   6.7686  -1.8285  -2.3414   2.7027   0.00    0.0
2014/03/03 13:36:00.000   63.755958738  -68.510516729    93.9026   5   9   3.1112   2.2349   6.7597  -1.8314  -2.3314   2.7051   0.00    0.0
2014/03/03 13:36:30.000   63.755959683  -68.510516401    94.1754   5   9   3.1156   2.2370   6.7504  -1.8342  -2.3211   2.7073   0.00    0.0
2014/03/03 13:37:00.000   63.755957429  -68.510514862    93.2648   5   9   3.1200   2.2392   6.7408  -1.8370  -2.3106   2.7094   0.00    0.0
2014/03/03 13:37:30.000   63.755954578  -68.510510432    92.6732   5   9   3.1245   2.2414   6.7308  -1.8397  -2.2997   2.7114   0.00    0.0
2014/03/03 13:38:00.000   63.755956964  -68.510515367    94.1791   5   9   3.1289   2.2436   6.7206  -1.8423  -2.2885   2.7132   0.00    0.0
2014/03/03 13:38:30.000   63.755952924  -68.510514807    92.4087   5   9   3.1334   2.2458   6.7101  -1.8449  -2.2770   2.7150   0.00    0.0
2014/03/03 13:39:00.000   63.755952090  -68.510512559    92.4165   5   9   3.1379   2.2480   6.6994  -1.8474  -2.2652   2.7167   0.00    0.0
2014/03/03 13:39:30.000   63.755956143  -68.510513014    93.1890   5   9   3.1424   2.2502   6.6885  -1.8498  -2.2532   2.7183   0.00    0.0
2014/03/03 13:40:00.000   63.755959959  -68.510515302    93.4852   5   9   3.1469   2.2524   6.6774  -1.8522  -2.2409   2.7198   0.00    0.0
2014/03/03 13:40:30.000   63.755957393  -68.510513066    92.3378   5   9   3.1514   2.2547   6.6661  -1.8546  -2.2284   2.7213   0.00    0.0
2014/03/03 13:41:00.000   63.755959617  -68.510509336    93.0065   5   9   3.1560   2.2569   6.6546  -1.8569  -2.2156   2.7227   0.00    0.0
2014/03/03 13:41:30.000   63.755959990  -68.510513910    93.4978   5   9   3.1606   2.2592   6.6431  -1.8592  -2.2026   2.7241   0.00    0.0
2014/03/03 13:42:00.000   63.755960603  -68.510514776    92.8195   5   9   3.1652   2.2615   6.6314  -1.8614  -2.1894   2.7255   0.00    0.0
2014/03/03 13:42:30.000   63.755959838  -68.510512289    91.8980   5   9   3.1698   2.2639   6.6197  -1.8636  -2.1759   2.7269   0.00    0.0
2014/03/03 13:43:00.000   63.755963711  -68.510515279    92.9280   5   9   3.1744   2.2663   6.6078  -1.8657  -2.1623   2.7283   0.00    0.0
2014/03/03 13:43:30.000   63.755963653  -68.510522157    92.8929   5   9   3.1791   2.2687   6.5960  -1.8678  -2.1484   2.7297   0.00    0.0
2014/03/03 13:44:00.000   63.755965773  -68.510526878    91.0593   5  10   2.7395   2.1427   6.4622  -1.5083  -2.3463   3.0830   0.00    0.0
2014/03/03 13:44:30.000   63.755961686  -68.510528954    92.5344   5  10   2.7411   2.1419   6.4537  -1.5039  -2.3330   3.0808   0.00    0.0
2014/03/03 13:45:00.000   63.755958930  -68.510521021    91.8108   5  10   2.7428   2.1411   6.4452  -1.4995  -2.3194   3.0786   0.00    0.0
2014/03/03 13:45:30.000   63.755964171  -68.510528604    92.2057   5   9   3.9185   2.1573   9.1214  -1.7289  -2.6568   5.2479   0.00    0.0
2014/03/03 13:46:00.000   63.755965689  -68.510531021    91.9357   5   9   3.9367   2.1566   9.1584  -1.7268  -2.6476   5.2774   0.00    0.0
2014/03/03 13:46:30.000   63.755961535  -68.510527656    92.9226   5   9   3.9547   2.1558   9.1947  -1.7242  -2.6378   5.3066   0.00    0.0
2014/03/03 13:47:00.000   63.755960435  -68.510528256    91.5591   5   9   3.9725   2.1550   9.2304  -1.7213  -2.6274   5.3353   0.00    0.0
2014/03/03 13:47:30.000   63.755962319  -68.510533930    91.6668   5   9   3.9903   2.1542   9.2653  -1.7181  -2.6163   5.3636   0.00    0.0
2014/03/03 13:48:00.000   63.755958053  -68.510528897    90.9181   5   9   4.0079   2.1535   9.2996  -1.7145  -2.6046   5.3914   0.00    0.0
2014/03/03 13:48:30.000   63.755962620  -68.510530925    91.1142   5   9   4.0254   2.1527   9.3332  -1.7106  -2.5923   5.4189   0.00    0.0
2014/03/03 13:49:00.000   63.755960807  -68.510532787    91.0883   5   9   4.0427   2.1519   9.3660  -1.7063  -2.5793   5.4459   0.00    0.0
2014/03/03 13:49:30.000   63.755956930  -68.510532336    91.0786   5   9   4.0599   2.1511   9.3981  -1.7017  -2.5657   5.4725   0.00    0.0
2014/03/03 13:50:00.000   63.755960117  -68.510535825    91.7659   5   9   4.0769   2.1503   9.4294  -1.6967  -2.5515   5.4986   0.00    0.0
2014/03/03 13:50:30.000   63.755961511  -68.510532469    91.5697   5   9   4.0937   2.1495   9.4600  -1.6913  -2.5366   5.5242   0.00    0.0
2014/03/03 13:51:00.000   63.755960454  -68.510535125    91.0214   5   9   4.1136   2.1504   9.4903  -1.6898  -2.5193   5.5479   0.00    0.0
2014/03/03 13:51:30.000   63.755959699  -68.510530139    90.3131   5   9   4.1306   2.1500   9.5194  -1.6845  -2.5029   5.5724   0.00    0.0
2014/03/03 13:52:00.000   63.755960004  -68.510534882    90.8724   5   9   4.1475   2.1496   9.5477  -1.6788  -2.4858   5.5964   0.00    0.0
2014/03/03 13:52:30.000   63.755960791  -68.510535460    92.0624   5   9   4.1641   2.1493   9.5752  -1.6729  -2.4681   5.6200   0.00    0.0
2014/03/03 13:53:00.000   63.755958428  -68.510530161    90.6723   5   9   4.1806   2.1489   9.6019  -1.6666  -2.4497   5.6431   0.00    0.0
2014/03/03 13:53:30.000   63.755960251  -68.510531047    91.0516   5   9   4.1969   2.1487   9.6278  -1.6600  -2.4306   5.6657   0.00    0.0
2014/03/03 13:54:00.000   63.755956163  -68.510536431    90.8088   5   9   4.2130   2.1485   9.6528  -1.6530  -2.4109   5.6879   0.00    0.0
2014/03/03 13:54:30.000   63.755954989  -68.510535744    90.1357   5   9   4.2289   2.1483   9.6771  -1.6458  -2.3906   5.7095   0.00    0.0
2014/03/03 13:55:00.000   63.755955369  -68.510537703    90.7343   5   9   4.2445   2.1482   9.7006  -1.6382  -2.3696   5.7307   0.00    0.0
2014/03/03 13:55:30.000   63.755957021  -68.510536276    91.2155   5   9   4.2600   2.1482   9.7232  -1.6303  -2.3479   5.7514   0.00    0.0
2014/03/03 13:56:00.000   63.755953650  -68.510533742    90.3282   5   9   4.2752   2.1482   9.7451  -1.6221  -2.3256   5.7716   0.00    0.0
2014/03/03 13:56:30.000   63.755953255  -68.510533640    90.9100   5   9   4.2903   2.1483   9.7661  -1.6135  -2.3027   5.7913   0.00    0.0
2014/03/03 13:57:00.000   63.755950271  -68.510536527    89.7103   5   9   4.3051   2.1485   9.7863  -1.6047  -2.2790   5.8105   0.00    0.0
2014/03/03 13:57:30.000   63.755947740  -68.510537514    89.5003   5   9   4.3197   2.1487   9.8057  -1.5956  -2.2548   5.8292   0.00    0.0
2014/03/03 13:58:00.000   63.755954168  -68.510533850    90.8568   5   9   4.3341   2.1491   9.8243  -1.5861  -2.2298   5.8474   0.00    0.0
2014/03/03 13:58:30.000   63.755953475  -68.510540251    90.7529   5   9   4.3483   2.1495   9.8422  -1.5764  -2.2042   5.8651   0.00    0.0
2014/03/03 13:59:00.000   63.755951416  -68.510535791    90.2134   5   9   4.3622   2.1500   9.8592  -1.5663  -2.1779   5.8824   0.00    0.0
2014/03/03 13:59:30.000   63.755949026  -68.510539673    88.9022   5   9   4.3759   2.1505   9.8755  -1.5560  -2.1510   5.8992   0.00    0.0
2014/03/03 14:00:00.000   63.755950511  -68.510539026    90.0100   5   9   4.3894   2.1512   9.8909  -1.5453  -2.1233   5.9154   0.00    0.0
2014/03/03 14:00:30.000   63.755949510  -68.510541099    90.1733   5   9   4.4027   2.1520   9.9056  -1.5344  -2.0950   5.9312   0.00    0.0
2014/03/03 14:01:00.000   63.755950867  -68.510537602    89.8257   5   9   4.4157   2.1529   9.9196  -1.5232  -2.0660   5.9466   0.00    0.0
2014/03/03 14:01:30.000   63.755947354  -68.510542190    90.6104   5   8   4.4441   2.1775  10.3048  -1.4717  -2.2419   5.8750   0.00    0.0
2014/03/03 14:02:00.000   63.755948590  -68.510538920    90.2677   5   8   4.4554   2.1780  10.3282  -1.4619  -2.2148   5.8919   0.00    0.0
2014/03/03 14:02:30.000   63.755948623  -68.510543669    90.6758   5   8   4.4665   2.1785  10.3510  -1.4518  -2.1870   5.9085   0.00    0.0
2014/03/03 14:03:00.000   63.755945332  -68.510543267    90.3483   5   8   4.4775   2.1791  10.3731  -1.4414  -2.1585   5.9247   0.00    0.0
2014/03/03 14:03:30.000   63.755949689  -68.510541305    90.5038   5   8   4.4882   2.1799  10.3947  -1.4307  -2.1293   5.9405   0.00    0.0
2014/03/03 14:04:00.000   63.755943598  -68.510538333    89.8627   5   8   4.4988   2.1807  10.4156  -1.4198  -2.0993   5.9559   0.00    0.0
2014/03/03 14:04:30.000   63.755946829  -68.510543631    89.8669   5   8   4.5093   2.1816  10.4360  -1.4086  -2.0685   5.9711   0.00    0.0
2014/03/03 14:05:00.000   63.755950852  -68.510541774    90.3627   5   8   4.5195   2.1827  10.4557  -1.3971  -2.0370   5.9858   0.00    0.0
2014/03/03 14:05:30.000   63.755944453  -68.510539907    88.8149   5   8   4.5296   2.1838  10.4749  -1.3855  -2.0046   6.0002   0.00    0.0
2014/03/03 14:06:00.000   63.755947301  -68.510538002    91.1792   5   8   4.5396   2.1851  10.4934  -1.3735  -1.9715   6.0143   0.00    0.0
2014/03/03 14:06:30.000   63.755946585  -68.510543351    90.2245   5   8   4.5494   2.1864  10.5114  -1.3613  -1.9375   6.0280   0.00    0.0
2014/03/03 14:07:00.000   63.755941947  -68.510538738    88.7294   5   8   4.5590   2.1879  10.5288  -1.3489  -1.9027   6.0414   0.00    0.0
2014/03/03 14:07:30.000   63.755945102  -68.510540688    89.6853   5   8   4.5684   2.1895  10.5456  -1.3362  -1.8670   6.0545   0.00    0.0
2014/03/03 14:08:00.000   63.755941778  -68.510545996    88.5627   5   8   4.5777   2.1912  10.5618  -1.3233  -1.8304   6.0672   0.00    0.0
2014/03/03 14:08:30.000   63.755946573  -68.510543808    89.6114   5   8   4.5869   2.1930  10.5775  -1.3101  -1.7929   6.0796   0.00    0.0
2014/03/03 14:09:00.000   63.755946415  -68.510539897    89.4312   5   8   4.5959   2.1949  10.5925  -1.2967  -1.7543   6.0917   0.00    0.0
2014/03/03 14:09:30.000   63.755946361  -68.510547035    89.6064   5   8   4.6047   2.1970  10.6070  -1.2831  -1.7148   6.1034   0.00    0.0
2014/03/03 14:10:00.000   63.755944714  -68.510542953    89.3635   5   8   4.6134   2.1991  10.6210  -1.2693  -1.6741   6.1148   0.00    0.0
2014/03/03 14:10:30.000   63.755948445  -68.510546491    89.6316   5   8   4.6219   2.2014  10.6343  -1.2552  -1.6324   6.1259   0.00    0.0
2014/03/03 14:11:00.000   63.755941767  -68.510545808    88.6141   5   8   4.6303   2.2038  10.6472  -1.2409  -1.5894   6.1367   0.00    0.0
2014/03/03 14:11:30.000   63.755951705  -68.510543569    90.0146   5   8   4.6385   2.2063  10.6594  -1.2264  -1.5452   6.1471   0.00    0.0
2014/03/03 14:12:00.000   63.755946527  -68.510546358    89.4256   5   8   4.6465   2.2089  10.6711  -1.2117  -1.4996   6.1573   0.00    0.0
2014/03/03 14:12:30.000   63.755946473  -68.510542257    89.4239   5   8   4.6544   2.2116  10.6822  -1.1968  -1.4525   6.1671   0.00    0.0
2014/03/03 14:13:00.000   63.755945994  -68.510540504    89.7245   5   8   4.6622   2.2144  10.6928  -1.1817  -1.4039   6.1766   0.00    0.0
2014/03/03 14:13:30.000   63.755944442  -68.510543592    89.5871   5   8   4.6698   2.2174  10.7028  -1.1664  -1.3536   6.1858   0.00    0.0
2014/03/03 14:14:00.000   63.755944153  -68.510542386    89.3760   5   8   4.6773   2.2204  10.7123  -1.1508  -1.3014   6.1947   0.00    0.0
2014/03/03 14:14:30.000   63.755942371  -68.510539596    89.0600   5   8   4.6846   2.2236  10.7212  -1.1351  -1.2471   6.2032   0.00    0.0
2014/03/03 14:15:00.000   63.755949385  -68.510544500    89.9129   5   8   4.6917   2.2269  10.7295  -1.1192  -1.1904   6.2115   0.00    0.0
2014/03/03 14:15:30.000   63.755946077  -68.510546542    90.2222   5   8   4.6987   2.2302  10.7373  -1.1030  -1.1311   6.2194   0.00    0.0
2014/03/03 14:16:00.000   63.755940319  -68.510548140    88.1222   5   9   4.6696   2.1905  10.3612  -0.9628  -1.5446   6.3583   0.00    0.0
2014/03/03 14:16:30.000   63.755946047  -68.510543644    88.7140   5   9   4.6759   2.1925  10.3709  -0.9407  -1.5063   6.3657   0.00    0.0
2014/03/03 14:17:00.000   63.755939804  -68.510549048    88.1746   5   9   4.6821   2.1945  10.3800  -0.9182  -1.4671   6.3728   0.00    0.0
2014/03/03 14:17:30.000   63.755938037  -68.510540165    87.5918   5   9   4.6882   2.1966  10.3886  -0.8952  -1.4269   6.3796   0.00    0.0
2014/03/03 14:18:00.000   63.755944105  -68.510543481    88.3443   5   9   4.6941   2.1988  10.3966  -0.8717  -1.3858   6.3860   0.00    0.0
2014/03/03 14:18:30.000   63.755947083  -68.510548972    88.9781   5   9   4.6998   2.2010  10.4040  -0.8476  -1.3435   6.3922   0.00    0.0
2014/03/03 14:19:00.000   63.755950680  -68.510551001    89.5493   5   9   4.7054   2.2034  10.4109  -0.8230  -1.3002   6.3980   0.00    0.0
2014/03/03 14:19:30.000   63.755943296  -68.510544512    88.2827   5   9   4.7109   2.2058  10.4172  -0.7978  -1.2556   6.4034   0.00    0.0
2014/03/03 14:20:00.000   63.755946431  -68.510543674    89.3927   5   9   4.7161   2.2083  10.4229  -0.7719  -1.2097   6.4086   0.00    0.0
2014/03/03 14:20:30.000   63.755939250  -68.510539920    87.6904   5   9   4.7213   2.2108  10.4280  -0.7453  -1.1623   6.4134   0.00    0.0
2014/03/03 14:21:00.000   63.755942993  -68.510548706    88.0256   5   9   4.7263   2.2134  10.4326  -0.7180  -1.1132   6.4179   0.00    0.0
2014/03/03 14:21:30.000   63.755942800  -68.510548640    88.8999   5   9   4.7311   2.2161  10.4366  -0.6899  -1.0623   6.4220   0.00    0.0
2014/03/03 14:22:00.000   63.755939409  -68.510546858    88.0290   5   9   4.7357   2.2189  10.4400  -0.6608  -1.0094   6.4259   0.00    0.0
2014/03/03 14:22:30.000   63.755946282  -68.510552713    89.2199   5   9   4.7402   2.2217  10.4428  -0.6306  -0.9541   6.4293   0.00    0.0
2014/03/03 14:23:00.000   63.755940741  -68.510542503    87.4173   5   9   4.7446   2.2246  10.4450  -0.5994  -0.8959   6.4325   0.00    0.0
2014/03/03 14:23:30.000   63.755942969  -68.510547199    88.3729   5   9   4.7487   2.2275  10.4466  -0.5668  -0.8345   6.4353   0.00    0.0
2014/03/03 14:24:00.000   63.755942824  -68.510546700    87.1748   5   9   4.7527   2.2305  10.4476  -0.5326  -0.7689   6.4378   0.00    0.0
2014/03/03 14:24:30.000   63.755933566  -68.510547719    86.6649   5   9   4.7566   2.2336  10.4480  -0.4965  -0.6981   6.4399   0.00    0.0
2014/03/03 14:25:00.000   63.755941932  -68.510547026    87.9157   5   9   4.7603   2.2367  10.4477  -0.4582  -0.6204   6.4416   0.00    0.0
2014/03/03 14:25:30.000   63.755944186  -68.510547724    88.7847   5   9   4.7638   2.2398  10.4469  -0.4170  -0.5328   6.4431   0.00    0.0
2014/03/03 14:26:00.000   63.755943426  -68.510548560    88.5924   5   9   4.7671   2.2430  10.4455  -0.3720  -0.4293   6.4441   0.00    0.0
2014/03/03 14:26:30.000   63.755947011  -68.510549397    89.4881   5   9   4.7703   2.2463  10.4434  -0.3217  -0.2936   6.4448   0.00    0.0
2014/03/03 14:27:00.000   63.755941215  -68.510546300    87.8368   5   9   4.7733   2.2496  10.4407  -0.2630   0.1013   6.4452   0.00    0.0
2014/03/03 14:27:30.000   63.755936027  -68.510550130    86.6550   5   9   4.7761   2.2529  10.4374  -0.1882   0.3242   6.4452   0.00    0.0
2014/03/03 14:28:00.000   63.755936351  -68.510547233    86.7416   5   9   4.7787   2.2563  10.4334  -0.0486   0.4452   6.4448   0.00    0.0
2014/03/03 14:28:30.000   63.755945681  -68.510551456    88.5691   5   9   4.7812   2.2597  10.4288   0.1734   0.5382   6.4441   0.00    0.0
2014/03/03 14:29:00.000   63.755947980  -68.510548783    89.4690   5   9   4.7835   2.2632  10.4236   0.2486   0.6158   6.4429   0.00    0.0
2014/03/03 14:29:30.000   63.755941065  -68.510551358    88.9189   5   9   4.7856   2.2666  10.4177   0.3047   0.6834   6.4415   0.00    0.0
2014/03/03 14:30:00.000   63.755937967  -68.510553441    87.5155   5   9   4.7876   2.2702  10.4112   0.3510   0.7436   6.4396   0.00    0.0
2014/03/03 14:30:30.000   63.755936618  -68.510545000    87.8461   5   9   4.7893   2.2737  10.4040   0.3909   0.7980   6.4374   0.00    0.0
2014/03/03 14:31:00.000   63.755942122  -68.510553213    89.1828   5   9   4.7909   2.2773  10.3962   0.4262   0.8478   6.4348   0.00    0.0
2014/03/03 14:31:30.000   63.755948401  -68.510555829    90.4285   5   9   4.7923   2.2808  10.3878   0.4580   0.8937   6.4318   0.00    0.0
2014/03/03 14:32:00.000   63.755944895  -68.510559170    89.7815   5   9   4.7935   2.2845  10.3786   0.4869   0.9362   6.4284   0.00    0.0
2014/03/03 14:32:30.000   63.755937613  -68.510548443    87.4032   5   9   4.7945   2.2881  10.3689   0.5134   0.9759   6.4246   0.00    0.0
2014/03/03 14:33:00.000   63.755926478  -68.510560481    86.1516   5   9   4.7953   2.2917  10.3584   0.5379   1.0129   6.4205   0.00    0.0
2014/03/03 14:33:30.000   63.755942934  -68.510550019    88.9728   5   9   4.7960   2.2954  10.3474   0.5605   1.0476   6.4160   0.00    0.0
2014/03/03 14:34:00.000   63.755947474  -68.510556884    90.3758   5   9   4.7964   2.2991  10.3356   0.5816   1.0801   6.4110   0.00    0.0
2014/03/03 14:34:30.000   63.755940323  -68.510554096    88.3256   5   9   4.7967   2.3027  10.3232   0.6012   1.1107   6.4057   0.00    0.0
2014/03/03 14:35:00.000   63.755923239  -68.510550495    85.2460   5   9   4.7968   2.3064  10.3102   0.6194   1.1394   6.4001   0.00    0.0
2014/03/03 14:35:30.000   63.755944220  -68.510558133    89.8283   5   9   4.7967   2.3101  10.2965   0.6365   1.1665   6.3940   0.00    0.0
2014/03/03 14:36:00.000   63.755938442  -68.510556486    88.1682   5   9   4.7964   2.3138  10.2822   0.6524   1.1920   6.3875   0.00    0.0
2014/03/03 14:36:30.000   63.755942107  -68.510556370    88.7275   5   9   4.7959   2.3175  10.2672   0.6673   1.2160   6.3806   0.00    0.0
2014/03/03 14:37:00.000   63.755931374  -68.510566385    87.1523   5   9   4.7952   2.3212  10.2515   0.6812   1.2385   6.3734   0.00    0.0
2014/03/03 14:37:30.000   63.755942391  -68.510560282    89.6726   5   9   4.7943   2.3249  10.2352   0.6942   1.2597   6.3658   0.00    0.0
2014/03/03 14:38:00.000   63.755944117  -68.510558201    89.5965   5   9   4.7933   2.3286  10.2183   0.7062   1.2796   6.3578   0.00    0.0
2014/03/03 14:38:30.000   63.755934265  -68.510560521    88.8577   5   9   4.7920   2.3323  10.2008   0.7174   1.2983   6.3494   0.00    0.0
2014/03/03 14:39:00.000   63.755944309  -68.510555361    90.5913   5   9   4.7906   2.3359  10.1826   0.7278   1.3158   6.3406   0.00    0.0
2014/03/03 14:39:30.000   63.755943012  -68.510557636    90.2521   5   9   4.7890   2.3396  10.1638   0.7374   1.3322   6.3314   0.00    0.0
2014/03/03 14:40:00.000   63.755937434  -68.510561889    89.2909   5   9   4.7872   2.3433  10.1443   0.7462   1.3474   6.3219   0.00    0.0
2014/03/03 14:40:30.000   63.755940109  -68.510560252    89.5842   5   9   4.7853   2.3469  10.1243   0.7544   1.3616   6.3120   0.00    0.0
2014/03/03 14:41:00.000   63.755932773  -68.510557882    87.8348   5   9   4.7831   2.3505  10.1037   0.7618   1.3747   6.3017   0.00    0.0
2014/03/03 14:41:30.000   63.755932420  -68.510558487    87.5927   5   9   4.7808   2.3541  10.0824   0.7685   1.3868   6.2911   0.00    0.0
2014/03/03 14:42:00.000   63.755937277  -68.510566171    89.2673   5   9   4.7783   2.3577  10.0606   0.7745   1.3980   6.2801   0.00    0.0
2014/03/03 14:42:30.000   63.755930539  -68.510559310    87.6724   5   9   4.7757   2.3613  10.0382   0.7799   1.4082   6.2687   0.00    0.0
2014/03/03 14:43:00.000   63.755938994  -68.510563653    89.8996   5   9   4.7728   2.3649  10.0152   0.7846   1.4174   6.2570   0.00    0.0
2014/03/03 14:43:30.000   63.755936965  -68.510565352    90.0586   5   9   4.7698   2.3684   9.9917   0.7887   1.4258   6.2450   0.00    0.0
2014/03/03 14:44:00.000   63.755942715  -68.510560965    90.6304   5   9   4.7667   2.3719   9.9676   0.7922   1.4332   6.2326   0.00    0.0
2014/03/03 14:44:30.000   63.755941858  -68.510567661    91.1322   5   9   4.7634   2.3754   9.9430   0.7950   1.4398   6.2198   0.00    0.0
2014/03/03 14:45:00.000   63.755934294  -68.510560264    89.1286   5   9   4.7599   2.3789   9.9178   0.7973   1.4455   6.2068   0.00    0.0
2014/03/03 14:45:30.000   63.755950530  -68.510558795    93.5697   5  10   4.0301   2.1906   7.6126  -1.3140  -1.9521   4.7330   0.00    0.0
2014/03/03 14:46:00.000   63.755942857  -68.510553554    91.6179   5  10   4.0393   2.1923   7.6273  -1.3103  -1.9428   4.7453   0.00    0.0
2014/03/03 14:46:30.000   63.755952638  -68.510559806    93.8771   5  10   4.0485   2.1939   7.6418  -1.3064  -1.9334   4.7575   0.00    0.0
2014/03/03 14:47:00.000   63.755951005  -68.510554249    93.6055   5  10   4.0576   2.1956   7.6560  -1.3026  -1.9240   4.7695   0.00    0.0
2014/03/03 14:47:30.000   63.755952491  -68.510555080    93.7518   5  10   4.0667   2.1973   7.6699  -1.2987  -1.9145   4.7814   0.00    0.0
2014/03/03 14:48:00.000   63.755952144  -68.510558215    93.4745   5  10   4.0757   2.1991   7.6836  -1.2948  -1.9050   4.7931   0.00    0.0
2014/03/03 14:48:30.000   63.755943303  -68.510556059    92.4530   5  11   2.9437   2.1349   5.8879  -0.3909  -0.9711   3.0077   0.00    0.0
2014/03/03 14:49:00.000   63.755944763  -68.510555679    91.4473   5  11   2.9462   2.1371   5.8975  -0.3753  -0.9531   3.0132   0.00    0.0
2014/03/03 14:49:30.000   63.755946006  -68.510553696    91.7029   5  11   2.9488   2.1393   5.9071  -0.3591  -0.9349   3.0188   0.00    0.0
2014/03/03 14:50:00.000   63.755938469  -68.510557863    90.5893   5  11   2.9514   2.1415   5.9168  -0.3421  -0.9164   3.0246   0.00    0.0
2014/03/03 14:50:30.000   63.755943894  -68.510551702    91.4014   5  11   2.9541   2.1438   5.9265  -0.3243  -0.8977   3.0304   0.00    0.0
2014/03/03 14:51:00.000   63.755942050  -68.510554021    91.9833   5  11   2.9569   2.1460   5.9362  -0.3056  -0.8788   3.0364   0.00    0.0
2014/03/03 14:51:30.000   63.755945155  -68.510552432    92.6447   5  11   2.9598   2.1483   5.9460  -0.2857  -0.8596   3.0424   0.00    0.0
2014/03/03 14:52:00.000   63.755950892  -68.510564908    93.8714   5  10   3.2731   2.3606   6.7832  -1.1934  -1.9663   3.7163   0.00    0.0
2014/03/03 14:52:30.000   63.755949980  -68.510559670    93.0658   5  10   3.2753   2.3599   6.7941  -1.1839  -1.9533   3.7218   0.00    0.0
2014/03/03 14:53:00.000   63.755945309  -68.510560243    93.2505   5  10   3.2775   2.3591   6.8051  -1.1743  -1.9403   3.7274   0.00    0.0
2014/03/03 14:53:30.000   63.755946813  -68.510557376    92.9642   5  10   3.2799   2.3584   6.8159  -1.1647  -1.9273   3.7330   0.00    0.0
2014/03/03 14:54:00.000   63.755942130  -68.510554474    92.5361   5  10   3.2823   2.3577   6.8268  -1.1551  -1.9142   3.7387   0.00    0.0
2014/03/03 14:54:30.000   63.755943367  -68.510557371    92.1634   5  10   3.2848   2.3571   6.8375  -1.1454  -1.9010   3.7445   0.00    0.0
2014/03/03 14:55:00.000   63.755946609  -68.510555207    92.6902   5  10   3.2874   2.3565   6.8482  -1.1356  -1.8878   3.7503   0.00    0.0
2014/03/03 14:55:30.000   63.755946304  -68.510557184    92.6991   5  10   3.2900   2.3560   6.8588  -1.1258  -1.8745   3.7562   0.00    0.0
2014/03/03 14:56:00.000   63.755940025  -68.510555615    91.2174   5  10   3.2927   2.3554   6.8693  -1.1160  -1.8613   3.7621   0.00    0.0
2014/03/03 14:56:30.000   63.755942379  -68.510557169    91.7215   5  10   3.2955   2.3550   6.8798  -1.1061  -1.8479   3.7680   0.00    0.0
2014/03/03 14:57:00.000   63.755946542  -68.510554592    91.8219   5  10   3.2984   2.3545   6.8901  -1.0962  -1.8346   3.7740   0.00    0.0
2014/03/03 14:57:30.000   63.755951679  -68.510555031    91.7935   5  11   3.2025   2.3519   6.8472  -1.0484  -1.8447   3.8697   0.00    0.0
2014/03/03 14:58:00.000   63.755950593  -68.510559321    92.2430   5  11   3.2041   2.3514   6.8596  -1.0362  -1.8319   3.8744   0.00    0.0
2014/03/03 14:58:30.000   63.755949056  -68.510552628    92.0160   5  11   3.2058   2.3509   6.8719  -1.0239  -1.8190   3.8791   0.00    0.0
2014/03/03 14:59:00.000   63.755952027  -68.510565118    92.9053   5  11   3.2075   2.3504   6.8840  -1.0114  -1.8061   3.8838   0.00    0.0
2014/03/03 14:59:30.000   63.755953944  -68.510570186    93.7238   5  12   3.1959   2.1695   6.6338  -0.8563  -1.2307   3.8169   0.00    0.0
2014/03/03 15:00:00.000   63.755953355  -68.510555131    93.2424   5  12   3.2056   2.1872   6.6542  -0.8131  -1.2417   3.8199   0.00    0.0
2014/03/03 15:00:30.000   63.755949898  -68.510549360    92.5344   5  12   3.2084   2.1872   6.6716  -0.8049  -1.2315   3.8280   0.00    0.0
2014/03/03 15:01:00.000   63.755949296  -68.510549399    92.3663   5  12   3.2112   2.1872   6.6889  -0.7966  -1.2214   3.8360   0.00    0.0
2014/03/03 15:01:30.000   63.755952039  -68.510551869    93.1865   5  12   3.2140   2.1873   6.7060  -0.7884  -1.2113   3.8440   0.00    0.0
2014/03/03 15:02:00.000   63.755953421  -68.510552861    94.1568   5  12   3.2168   2.1874   6.7229  -0.7801  -1.2013   3.8520   0.00    0.0
2014/03/03 15:02:30.000   63.755954249  -68.510558375    93.0852   5  12   3.2196   2.1875   6.7395  -0.7719  -1.1914   3.8598   0.00    0.0
2014/03/03 15:03:00.000   63.755953493  -68.510547815    93.7183   5  12   3.2225   2.1876   6.7560  -0.7637  -1.1816   3.8676   0.00    0.0
2014/03/03 15:03:30.000   63.755945408  -68.510545712    92.1338   5  12   3.2253   2.1877   6.7722  -0.7555  -1.1719   3.8753   0.00    0.0
2014/03/03 15:04:00.000   63.755952532  -68.510552663    92.9575   5  12   3.2282   2.1879   6.7882  -0.7474  -1.1623   3.8830   0.00    0.0
2014/03/03 15:04:30.000   63.755957174  -68.510546903    93.7755   5  12   3.2311   2.1881   6.8039  -0.7393  -1.1528   3.8905   0.00    0.0
2014/03/03 15:05:00.000   63.755950241  -68.510547829    92.7333   5  12   3.2340   2.1883   6.8193  -0.7312  -1.1434   3.8979   0.00    0.0
2014/03/03 15:05:30.000   63.755951088  -68.510551515    93.3610   5  12   3.2369   2.1886   6.8345  -0.7231  -1.1342   3.9053   0.00    0.0
2014/03/03 15:06:00.000   63.755952477  -68.510548927    92.8253   5  12   3.2398   2.1888   6.8494  -0.7151  -1.1251   3.9125   0.00    0.0
2014/03/03 15:06:30.000   63.755948095  -68.510546367    91.7507   5  12   3.2427   2.1891   6.8639  -0.7071  -1.1162   3.9196   0.00    0.0
2014/03/03 15:07:00.000   63.755955680  -68.510551060    93.1391   5  12   3.2456   2.1894   6.8782  -0.6991  -1.1074   3.9267   0.00    0.0
2014/03/03 15:07:30.000   63.755955113  -68.510543216    92.0748   5  12   3.2485   2.1897   6.8921  -0.6912  -1.0987   3.9335   0.00    0.0
2014/03/03 15:08:00.000   63.755949397  -68.510540867    92.1413   5  12   3.2514   2.1901   6.9058  -0.6834  -1.0903   3.9403   0.00    0.0
2014/03/03 15:08:30.000   63.755954429  -68.510546078    92.4873   5  12   3.2543   2.1905   6.9190  -0.6756  -1.0820   3.9469   0.00    0.0
2014/03/03 15:09:00.000   63.755949609  -68.510544658    91.5595   5  12   3.2573   2.1909   6.9320  -0.6678  -1.0739   3.9534   0.00    0.0
2014/03/03 15:09:30.000   63.755952643  -68.510548141    92.1375   5  12   3.2602   2.1913   6.9445  -0.6601  -1.0660   3.9598   0.00    0.0
2014/03/03 15:10:00.000   63.755949543  -68.510542588    91.3027   5  12   3.2631   2.1917   6.9567  -0.6525  -1.0583   3.9660   0.00    0.0
2014/03/03 15:10:30.000   63.755952616  -68.510547219    92.2204   5  12   3.2660   2.1922   6.9685  -0.6449  -1.0509   3.9720   0.00    0.0
2014/03/03 15:11:00.000   63.755952434  -68.510534788    91.3176   5  12   3.2688   2.1927   6.9800  -0.6374  -1.0436   3.9779   0.00    0.0
2014/03/03 15:11:30.000   63.755948444  -68.510532405    91.1278   5  12   3.2717   2.1932   6.9910  -0.6299  -1.0366   3.9837   0.00    0.0
2014/03/03 15:12:00.000   63.755955543  -68.510530581    91.7950   5  12   3.2746   2.1937   7.0016  -0.6226  -1.0299   3.9892   0.00    0.0
2014/03/03 15:12:30.000   63.755950083  -68.510538414    91.1579   5  12   3.2774   2.1942   7.0119  -0.6153  -1.0233   3.9947   0.00    0.0
2014/03/03 15:13:00.000   63.755946487  -68.510534875    90.7725   5  11   3.3214   2.2726   7.0821  -0.2505  -1.2565   3.9393   0.00    0.0
2014/03/03 15:13:30.000   63.755956746  -68.510530568    92.1448   5  11   3.3234   2.2726   7.0941  -0.2411  -1.2555   3.9437   0.00    0.0
2014/03/03 15:14:00.000   63.755950023  -68.510536859    91.8298   5  10   3.3655   2.3929   7.2082   0.5781  -1.5755   3.8677   0.00    0.0
2014/03/03 15:14:30.000   63.755955831  -68.510526234    91.3252   5  10   3.3667   2.3924   7.2234   0.5774  -1.5802   3.8712   0.00    0.0
2014/03/03 15:15:00.000   63.755948779  -68.510533635    91.2008   5  10   3.3679   2.3919   7.2382   0.5765  -1.5850   3.8745   0.00    0.0
2014/03/03 15:15:30.000   63.755954879  -68.510541375    91.5931   5  10   3.3690   2.3914   7.2527   0.5756  -1.5899   3.8777   0.00    0.0
2014/03/03 15:16:00.000   63.755949474  -68.510533090    91.1901   5  10   3.3702   2.3910   7.2668   0.5744  -1.5949   3.8808   0.00    0.0
2014/03/03 15:16:30.000   63.755954581  -68.510534273    91.7073   5  10   3.3714   2.3906   7.2806   0.5732  -1.6001   3.8837   0.00    0.0
2014/03/03 15:17:00.000   63.755948505  -68.510541620    90.9319   5  10   3.3725   2.3903   7.2941   0.5719  -1.6054   3.8865   0.00    0.0
2014/03/03 15:17:30.000   63.755953436  -68.510540486    91.5373   5  10   3.3737   2.3900   7.3072   0.5704  -1.6108   3.8892   0.00    0.0
2014/03/03 15:18:00.000   63.755953579  -68.510539870    91.4975   5  10   3.3749   2.3897   7.3198   0.5688  -1.6164   3.8917   0.00    0.0
2014/03/03 15:18:30.000   63.755950541  -68.510529612    91.1222   5  10   3.3761   2.3895   7.3322   0.5671  -1.6220   3.8941   0.00    0.0
2014/03/03 15:19:00.000   63.755951047  -68.510537396    91.5310   5  10   3.3773   2.3893   7.3441   0.5653  -1.6278   3.8964   0.00    0.0
2014/03/03 15:19:30.000   63.755950743  -68.510536959    92.0166   5  10   3.3785   2.3892   7.3556   0.5634  -1.6336   3.8985   0.00    0.0
2014/03/03 15:20:00.000   63.755951942  -68.510538841    92.4742   5  10   3.3798   2.3891   7.3667   0.5614  -1.6396   3.9005   0.00    0.0
2014/03/03 15:20:30.000   63.755951102  -68.510532216    91.5206   5  10   3.3810   2.3890   7.3774   0.5593  -1.6456   3.9023   0.00    0.0
2014/03/03 15:21:00.000   63.755951331  -68.510535623    91.7151   5  10   3.3822   2.3890   7.3877   0.5571  -1.6518   3.9040   0.00    0.0
2014/03/03 15:21:30.000   63.755949316  -68.510534114    91.2688   5  10   3.3835   2.3890   7.3975   0.5548  -1.6580   3.9056   0.00    0.0
2014/03/03 15:22:00.000   63.755948671  -68.510538051    91.7226   5  10   3.3848   2.3890   7.4070   0.5524  -1.6642   3.9070   0.00    0.0
2014/03/03 15:22:30.000   63.755950914  -68.510534114    91.8649   5  10   3.3861   2.3891   7.4159   0.5499  -1.6706   3.9082   0.00    0.0
2014/03/03 15:23:00.000   63.755950311  -68.510533536    91.7519   5  10   3.3874   2.3892   7.4245   0.5473  -1.6770   3.9093   0.00    0.0
2014/03/03 15:23:30.000   63.755949101  -68.510541747    92.0425   5  10   3.3887   2.3893   7.4326   0.5446  -1.6835   3.9103   0.00    0.0
2014/03/03 15:24:00.000   63.755949115  -68.510532656    90.5741   5  10   3.3900   2.3895   7.4402   0.5419  -1.6900   3.9111   0.00    0.0
2014/03/03 15:24:30.000   63.755950800  -68.510531915    91.5610   5  10   3.3914   2.3898   7.4474   0.5390  -1.6966   3.9117   0.00    0.0
2014/03/03 15:25:00.000   63.755950995  -68.510534578    92.1159   5  10   3.3927   2.3900   7.4541   0.5361  -1.7032   3.9123   0.00    0.0
2014/03/03 15:25:30.000   63.755950224  -68.510532074    91.9577   5  10   3.3941   2.3903   7.4603   0.5331  -1.7099   3.9126   0.00    0.0
2014/03/03 15:26:00.000   63.755952764  -68.510533709    92.2063   5  10   3.3956   2.3907   7.4661   0.5300  -1.7166   3.9128   0.00    0.0
2014/03/03 15:26:30.000   63.755948748  -68.510540980    92.2982   5  10   3.3970   2.3910   7.4713   0.5269  -1.7233   3.9129   0.00    0.0
2014/03/03 15:27:00.000   63.755952177  -68.510527405    91.5651   5  10   3.3985   2.3915   7.4762   0.5236  -1.7301   3.9128   0.00    0.0
2014/03/03 15:27:30.000   63.755947653  -68.510543950    92.2283   5  10   3.3999   2.3919   7.4805   0.5203  -1.7368   3.9126   0.00    0.0
2014/03/03 15:28:00.000   63.755951131  -68.510532624    92.0621   5  10   3.4015   2.3924   7.4843   0.5170  -1.7436   3.9122   0.00    0.0
2014/03/03 15:28:30.000   63.755953465  -68.510535352    91.8853   5  10   3.4030   2.3929   7.4877   0.5136  -1.7504   3.9116   0.00    0.0
2014/03/03 15:29:00.000   63.755950910  -68.510534022    92.4181   5  10   3.4046   2.3935   7.4906   0.5101  -1.7572   3.9110   0.00    0.0
2014/03/03 15:29:30.000   63.755952112  -68.510534655    92.3112   5  10   3.4062   2.3941   7.4930   0.5065  -1.7640   3.9102   0.00    0.0
2014/03/03 15:30:00.000   63.755951583  -68.510531579    91.7709   5  10   3.4078   2.3947   7.4949   0.5030  -1.7708   3.9092   0.00    0.0
2014/03/03 15:30:30.000   63.755953930  -68.510531417    92.8537   5  10   3.4095   2.3954   7.4964   0.4993  -1.7775   3.9081   0.00    0.0
2014/03/03 15:31:00.000   63.755949871  -68.510531248    92.2570   5  10   3.4112   2.3961   7.4974   0.4956  -1.7843   3.9069   0.00    0.0
2014/03/03 15:31:30.000   63.755947409  -68.510540237    91.8926   5  10   3.4130   2.3968   7.4978   0.4919  -1.7910   3.9055   0.00    0.0
2014/03/03 15:32:00.000   63.755953563  -68.510529628    92.4679   5  10   3.4147   2.3976   7.4978   0.4881  -1.7977   3.9040   0.00    0.0
2014/03/03 15:32:30.000   63.755949708  -68.510535561    92.1847   5  10   3.4166   2.3984   7.4974   0.4842  -1.8044   3.9024   0.00    0.0
2014/03/03 15:33:00.000   63.755953570  -68.510535453    92.4984   5  10   3.4184   2.3992   7.4964   0.4804  -1.8110   3.9007   0.00    0.0
2014/03/03 15:33:30.000   63.755952422  -68.510525090    91.9139   5  10   3.4203   2.4001   7.4950   0.4765  -1.8176   3.8988   0.00    0.0
2014/03/03 15:34:00.000   63.755951706  -68.510541323    92.6391   5  10   3.4223   2.4010   7.4931   0.4725  -1.8242   3.8968   0.00    0.0
2014/03/03 15:34:30.000   63.755952353  -68.510538450    92.1161   5  10   3.4243   2.4020   7.4908   0.4685  -1.8307   3.8947   0.00    0.0
2014/03/03 15:35:00.000   63.755949854  -68.510542745    92.6390   5  10   3.4264   2.4030   7.4880   0.4645  -1.8372   3.8924   0.00    0.0
2014/03/03 15:35:30.000   63.755953117  -68.510536855    93.3000   5  10   3.4285   2.4040   7.4847   0.4605  -1.8436   3.8901   0.00    0.0
2014/03/03 15:36:00.000   63.755952139  -68.510532844    92.7080   5  10   3.4306   2.4050   7.4810   0.4564  -1.8499   3.8876   0.00    0.0
2014/03/03 15:36:30.000   63.755957106  -68.510521663    92.9096   5  10   3.4328   2.4061   7.4768   0.4523  -1.8562   3.8851   0.00    0.0
2014/03/03 15:37:00.000   63.755954605  -68.510535276    93.0273   5  10   3.4351   2.4072   7.4723   0.4482  -1.8625   3.8824   0.00    0.0
2014/03/03 15:37:30.000   63.755950177  -68.510539205    92.3286   5  10   3.4374   2.4084   7.4672   0.4440  -1.8686   3.8797   0.00    0.0
2014/03/03 15:38:00.000   63.755954406  -68.510527581    92.4244   5  10   3.4398   2.4096   7.4618   0.4398  -1.8747   3.8768   0.00    0.0
2014/03/03 15:38:30.000   63.755953914  -68.510532144    92.3452   5  10   3.4422   2.4108   7.4559   0.4357  -1.8808   3.8739   0.00    0.0
2014/03/03 15:39:00.000   63.755954473  -68.510533333    92.8596   5  10   3.4447   2.4120   7.4496   0.4315  -1.8867   3.8708   0.00    0.0
2014/03/03 15:39:30.000   63.755951572  -68.510543998    93.3108   5  10   3.4473   2.4133   7.4429   0.4272  -1.8926   3.8677   0.00    0.0
2014/03/03 15:40:00.000   63.755949316  -68.510541767    93.2249   5  10   3.4499   2.4146   7.4358   0.4230  -1.8984   3.8645   0.00    0.0
2014/03/03 15:40:30.000   63.755951519  -68.510537810    92.9511   5  10   3.4526   2.4160   7.4283   0.4188  -1.9042   3.8613   0.00    0.0
2014/03/03 15:41:00.000   63.755953033  -68.510533958    92.6461   5  10   3.4554   2.4174   7.4204   0.4145  -1.9098   3.8579   0.00    0.0
2014/03/03 15:41:30.000   63.755954911  -68.510527767    93.2272   5  10   3.4582   2.4188   7.4122   0.4103  -1.9154   3.8545   0.00    0.0
2014/03/03 15:42:00.000   63.755951960  -68.510531895    92.7766   5  10   3.4612   2.4202   7.4036   0.4060  -1.9209   3.8511   0.00    0.0
2014/03/03 15:42:30.000   63.755949549  -68.510535988    93.0701   5  10   3.4641   2.4217   7.3946   0.4017  -1.9262   3.8476   0.00    0.0
2014/03/03 15:43:00.000   63.755952808  -68.510534790    93.6589   5  10   3.4672   2.4232   7.3852   0.3974  -1.9316   3.8440   0.00    0.0
2014/03/03 15:43:30.000   63.755952407  -68.510528371    93.1527   5  10   3.4703   2.4247   7.3756   0.3931  -1.9368   3.8403   0.00    0.0
2014/03/03 15:44:00.000   63.755952198  -68.510536664    93.4155   5  10   3.4735   2.4263   7.3656   0.3888  -1.9419   3.8367   0.00    0.0
2014/03/03 15:44:30.000   63.755950964  -68.510539614    93.1181   5   9   3.4849   2.5122   7.6544  -0.0727  -1.5565   3.7668   0.00    0.0
2014/03/03 15:45:00.000   63.755951094  -68.510532828    93.1106   5   9   3.4879   2.5142   7.6468  -0.0721  -1.5596   3.7643   0.00    0.0
2014/03/03 15:45:30.000   63.755951661  -68.510533918    92.9663   5   9   3.4909   2.5162   7.6388  -0.0714  -1.5626   3.7619   0.00    0.0
2014/03/03 15:46:00.000   63.755954189  -68.510535441    93.4704   5   9   3.4941   2.5183   7.6305  -0.0705  -1.5655   3.7594   0.00    0.0
2014/03/03 15:46:30.000   63.755953724  -68.510538688    93.4083   5   9   3.4973   2.5204   7.6219  -0.0693  -1.5685   3.7568   0.00    0.0
2014/03/03 15:47:00.000   63.755952415  -68.510523748    92.4918   5   9   3.5007   2.5225   7.6129  -0.0680  -1.5713   3.7543   0.00    0.0
2014/03/03 15:47:30.000   63.755955063  -68.510533129    93.1612   5   9   3.5041   2.5247   7.6036  -0.0664  -1.5741   3.7518   0.00    0.0
2014/03/03 15:48:00.000   63.755953666  -68.510532804    93.2924   5   9   3.5077   2.5269   7.5939  -0.0646  -1.5769   3.7493   0.00    0.0
2014/03/03 15:48:30.000   63.755954073  -68.510532548    92.8425   5   9   3.5113   2.5291   7.5840  -0.0625  -1.5796   3.7467   0.00    0.0
2014/03/03 15:49:00.000   63.755949949  -68.510530509    92.0363   5   9   3.5151   2.5313   7.5738  -0.0601  -1.5823   3.7442   0.00    0.0
2014/03/03 15:49:30.000   63.755951046  -68.510534689    93.4656   5   9   3.5189   2.5335   7.5633  -0.0574  -1.5849   3.7417   0.00    0.0
2014/03/03 15:50:00.000   63.755952070  -68.510532051    93.5223   5   9   3.5229   2.5358   7.5525  -0.0543  -1.5874   3.7392   0.00    0.0
2014/03/03 15:50:30.000   63.755952405  -68.510528270    93.4628   5   9   3.5270   2.5381   7.5414  -0.0506  -1.5899   3.7367   0.00    0.0
2014/03/03 15:51:00.000   63.755952530  -68.510531568    92.2958   5   9   3.5311   2.5405   7.5301  -0.0464  -1.5923   3.7342   0.00    0.0
2014/03/03 15:51:30.000   63.755951666  -68.510532298    93.8003   5   9   3.5354   2.5428   7.5186  -0.0415  -1.5947   3.7318   0.00    0.0
2014/03/03 15:52:00.000   63.755952914  -68.510527089    93.3685   5   9   3.5397   2.5452   7.5068  -0.0354  -1.5971   3.7294   0.00    0.0
2014/03/03 15:52:30.000   63.755952204  -68.510523050    93.4481   5   9   3.5442   2.5477   7.4947  -0.0276  -1.5993   3.7270   0.00    0.0
2014/03/03 15:53:00.000   63.755949849  -68.510537782    93.3286   5   9   3.5488   2.5501   7.4825  -0.0154  -1.6016   3.7246   0.00    0.0
2014/03/03 15:53:30.000   63.755950543  -68.510533097    93.2845   5   9   3.5535   2.5526   7.4701   0.0177  -1.6037   3.7223   0.00    0.0
2014/03/03 15:54:00.000   63.755950263  -68.510538000    93.2538   5   9   3.5583   2.5551   7.4574   0.0299  -1.6058   3.7200   0.00    0.0
2014/03/03 15:54:30.000   63.755952926  -68.510523291    93.6074   5   9   3.5632   2.5576   7.4446   0.0387  -1.6079   3.7178   0.00    0.0
2014/03/03 15:55:00.000   63.755953960  -68.510532081    94.2627   5   9   3.5682   2.5602   7.4316   0.0462  -1.6099   3.7156   0.00    0.0
2014/03/03 15:55:30.000   63.755950952  -68.510526316    93.2727   5   9   3.5733   2.5628   7.4185   0.0529  -1.6118   3.7135   0.00    0.0
2014/03/03 15:56:00.000   63.755953983  -68.510527585    93.6667   5   9   3.5785   2.5654   7.4052   0.0590  -1.6137   3.7114   0.00    0.0
2014/03/03 15:56:30.000   63.755954356  -68.510525641    93.2741   5   9   3.5838   2.5680   7.3917   0.0648  -1.6155   3.7093   0.00    0.0
2014/03/03 15:57:00.000   63.755953916  -68.510526374    93.6452   5   9   3.5893   2.5707   7.3781   0.0703  -1.6173   3.7074   0.00    0.0
2014/03/03 15:57:30.000   63.755952917  -68.510523870    94.5596   5   8   3.6285   2.8686   8.2553   0.7941   1.4514   3.9459   0.00    0.0
2014/03/03 15:58:00.000   63.755955866  -68.510521973    94.3870   5   8   3.6356   2.8718   8.2486   0.8038   1.4573   3.9501   0.00    0.0
2014/03/03 15:58:30.000   63.755953348  -68.510521918    94.1325   5   8   3.6428   2.8751   8.2416   0.8135   1.4631   3.9543   0.00    0.0
2014/03/03 15:59:00.000   63.755954098  -68.510523519    93.9781   5   8   3.6501   2.8784   8.2344   0.8231   1.4686   3.9587   0.00    0.0
2014/03/03 15:59:30.000   63.755952669  -68.510525929    93.4168   5   8   3.6576   2.8817   8.2270   0.8325   1.4741   3.9630   0.00    0.0
2014/03/03 16:00:00.000   63.755953703  -68.510524733    94.0317   5   8   3.6654   2.9152   8.2856   0.8345   1.3234   3.9714   0.00    0.0
2014/03/03 16:00:30.000   63.755953256  -68.510524563    93.8047   5   8   3.6731   2.9180   8.2779   0.8435   1.3302   3.9762   0.00    0.0
2014/03/03 16:01:00.000   63.755951830  -68.510526186    93.7278   5   8   3.6810   2.9210   8.2699   0.8524   1.3368   3.9810   0.00    0.0
2014/03/03 16:01:30.000   63.755953012  -68.510526576    93.5987   5   8   3.6891   2.9239   8.2617   0.8613   1.3433   3.9858   0.00    0.0
2014/03/03 16:02:00.000   63.755953808  -68.510525343    93.8589   5   8   3.6972   2.9268   8.2532   0.8701   1.3497   3.9908   0.00    0.0
2014/03/03 16:02:30.000   63.755951022  -68.510524776    93.8376   5   8   3.7055   2.9298   8.2446   0.8788   1.3559   3.9957   0.00    0.0
2014/03/03 16:03:00.000   63.755952857  -68.510524650    93.8877   5   8   3.7139   2.9328   8.2358   0.8875   1.3620   4.0008   0.00    0.0
2014/03/03 16:03:30.000   63.755950488  -68.510529835    94.5217   5   8   3.7225   2.9358   8.2268   0.8961   1.3679   4.0059   0.00    0.0
2014/03/03 16:04:00.000   63.755948136  -68.510507174    90.7020   5   7   3.7341   3.2299   8.9520   0.7859  -1.6945   4.0768   0.00    0.0
2014/03/03 16:04:30.000   63.755950931  -68.510499670    90.5743   5   7   3.7432   3.2312   8.9483   0.7907  -1.6909   4.0850   0.00    0.0
2014/03/03 16:05:00.000   63.755949755  -68.510502627    90.7885   5   7   3.7524   3.2324   8.9442   0.7954  -1.6870   4.0932   0.00    0.0
2014/03/03 16:05:30.000   63.755950608  -68.510501563    90.2549   5   7   3.7617   3.2337   8.9398   0.8002  -1.6830   4.1015   0.00    0.0
2014/03/03 16:06:00.000   63.755948301  -68.510498876    90.0387   5   7   3.7711   3.2350   8.9350   0.8051  -1.6788   4.1098   0.00    0.0
2014/03/03 16:06:30.000   63.755949790  -68.510498317    89.9079   5   7   3.7807   3.2364   8.9299   0.8100  -1.6744   4.1181   0.00    0.0
2014/03/03 16:07:00.000   63.755952464  -68.510493674    90.8472   5   7   3.7904   3.2377   8.9244   0.8149  -1.6698   4.1265   0.00    0.0
2014/03/03 16:07:30.000   63.755949249  -68.510498978    90.3068   5   7   3.8002   3.2391   8.9186   0.8199  -1.6650   4.1349   0.00    0.0
2014/03/03 16:08:00.000   63.755948572  -68.510499778    90.6354   5   7   3.8102   3.2405   8.9125   0.8250  -1.6601   4.1434   0.00    0.0
2014/03/03 16:08:30.000   63.755948439  -68.510495913    90.2214   5   7   3.8203   3.2420   8.9061   0.8300  -1.6550   4.1519   0.00    0.0
2014/03/03 16:09:00.000   63.755946450  -68.510505910    90.6624   5   7   3.8305   3.2434   8.8994   0.8351  -1.6498   4.1604   0.00    0.0
2014/03/03 16:09:30.000   63.755951738  -68.510500201    90.5061   5   7   3.8408   3.2449   8.8924   0.8402  -1.6444   4.1690   0.00    0.0
2014/03/03 16:10:00.000   63.755951468  -68.510496698    90.6509   5   7   3.8512   3.2464   8.8851   0.8454  -1.6389   4.1776   0.00    0.0
2014/03/03 16:10:30.000   63.755946848  -68.510503960    90.5196   5   7   3.8618   3.2480   8.8776   0.8505  -1.6333   4.1862   0.00    0.0
2014/03/03 16:11:00.000   63.755945047  -68.510504545    90.1371   5   7   3.8725   3.2496   8.8698   0.8557  -1.6275   4.1949   0.00    0.0
2014/03/03 16:11:30.000   63.755948478  -68.510501322    89.6611   5   7   3.8832   3.2512   8.8618   0.8609  -1.6217   4.2036   0.00    0.0
2014/03/03 16:12:00.000   63.755952738  -68.510496213    89.8976   5   7   3.8941   3.2528   8.8536   0.8661  -1.6157   4.2123   0.00    0.0
2014/03/03 16:12:30.000   63.755955077  -68.510494393    90.9901   5   8   3.4956   3.1050   7.5401  -0.9685  -2.6644   3.1251   0.00    0.0
2014/03/03 16:13:00.000   63.755955791  -68.510494166    91.8676   5   8   3.5057   3.1043   7.5438  -0.9731  -2.6633   3.1398   0.00    0.0
2014/03/03 16:13:30.000   63.755947745  -68.510499659    90.9813   5   8   3.5160   3.1036   7.5474  -0.9778  -2.6621   3.1547   0.00    0.0
2014/03/03 16:14:00.000   63.755952481  -68.510494160    90.0593   5   8   3.5264   3.1030   7.5509  -0.9824  -2.6607   3.1697   0.00    0.0
2014/03/03 16:14:30.000   63.755947819  -68.510492678    90.9444   5   8   3.5369   3.1023   7.5543  -0.9871  -2.6593   3.1848   0.00    0.0
2014/03/03 16:15:00.000   63.755949340  -68.510493223    91.4940   5   8   3.5475   3.1016   7.5576  -0.9917  -2.6577   3.2000   0.00    0.0
2014/03/03 16:15:30.000   63.755954472  -68.510490035    90.6173   5   8   3.5583   3.1009   7.5608  -0.9963  -2.6560   3.2154   0.00    0.0
2014/03/03 16:16:00.000   63.755953538  -68.510489713    91.1281   5   8   3.5693   3.1003   7.5639  -1.0009  -2.6541   3.2309   0.00    0.0
2014/03/03 16:16:30.000   63.755943508  -68.510500995    90.7785   5   8   3.5803   3.0996   7.5670  -1.0055  -2.6522   3.2465   0.00    0.0
2014/03/03 16:17:00.000   63.755954324  -68.510494799    90.8839   5   8   3.5915   3.0990   7.5700  -1.0101  -2.6502   3.2622   0.00    0.0
2014/03/03 16:17:30.000   63.755952778  -68.510487903    90.4750   5   8   3.6029   3.0983   7.5729  -1.0146  -2.6480   3.2780   0.00    0.0
2014/03/03 16:18:00.000   63.755945509  -68.510497500    89.9675   5   8   3.6143   3.0977   7.5758  -1.0192  -2.6458   3.2939   0.00    0.0
2014/03/03 16:18:30.000   63.755952474  -68.510486924    90.7428   5   8   3.6259   3.0971   7.5786  -1.0237  -2.6434   3.3099   0.00    0.0
2014/03/03 16:19:00.000   63.755954713  -68.510492962    91.1581   5   8   3.6376   3.0965   7.5814  -1.0283  -2.6410   3.3260   0.00    0.0
2014/03/03 16:19:30.000   63.755949306  -68.510489544    90.7228   5   8   3.6494   3.0959   7.5841  -1.0328  -2.6385   3.3422   0.00    0.0
2014/03/03 16:20:00.000   63.755954270  -68.510490677    90.8836   5   8   3.6614   3.0953   7.5868  -1.0373  -2.6358   3.3585   0.00    0.0
2014/03/03 16:20:30.000   63.755949260  -68.510495083    90.3376   5   8   3.6735   3.0948   7.5894  -1.0417  -2.6331   3.3749   0.00    0.0
2014/03/03 16:21:00.000   63.755950853  -68.510493752    91.1802   5   8   3.6857   3.0942   7.5920  -1.0462  -2.6303   3.3913   0.00    0.0
2014/03/03 16:21:30.000   63.755951672  -68.510494593    90.4357   5   8   3.6980   3.0937   7.5945  -1.0506  -2.6274   3.4079   0.00    0.0
2014/03/03 16:22:00.000   63.755953215  -68.510495982    90.9360   5   8   3.7105   3.0932   7.5971  -1.0550  -2.6245   3.4245   0.00    0.0
2014/03/03 16:22:30.000   63.755948677  -68.510494901    90.8633   5   8   3.7230   3.0927   7.5996  -1.0594  -2.6214   3.4412   0.00    0.0
2014/03/03 16:23:00.000   63.755951367  -68.510494736    90.2958   5   8   3.7357   3.0922   7.6021  -1.0638  -2.6183   3.4580   0.00    0.0
2014/03/03 16:23:30.000   63.755948642  -68.510493821    90.9967   5   8   3.7485   3.0918   7.6046  -1.0681  -2.6151   3.4748   0.00    0.0
2014/03/03 16:24:00.000   63.755950299  -68.510499904    91.1540   5   8   3.7614   3.0913   7.6070  -1.0725  -2.6119   3.4917   0.00    0.0
2014/03/03 16:24:30.000   63.755948671  -68.510495014    90.0078   5   8   3.7744   3.0909   7.6095  -1.0768  -2.6085   3.5087   0.00    0.0
2014/03/03 16:25:00.000   63.755948831  -68.510494888    91.3950   5   8   3.7875   3.0905   7.6120  -1.0811  -2.6052   3.5257   0.00    0.0
2014/03/03 16:25:30.000   63.755947277  -68.510493941    90.2904   5   8   3.8008   3.0902   7.6144  -1.0853  -2.6017   3.5428   0.00    0.0
2014/03/03 16:26:00.000   63.755954367  -68.510488612    91.6579   5   8   3.8141   3.0898   7.6169  -1.0895  -2.5982   3.5600   0.00    0.0
2014/03/03 16:26:30.000   63.755951639  -68.510496055    91.9264   5   8   3.8275   3.0895   7.6193  -1.0937  -2.5946   3.5772   0.00    0.0
2014/03/03 16:27:00.000   63.755943685  -68.510493989    90.7270   5   8   3.8411   3.0892   7.6218  -1.0979  -2.5909   3.5944   0.00    0.0
2014/03/03 16:27:30.000   63.755953010  -68.510495173    91.1016   5   8   3.8547   3.0889   7.6243  -1.1020  -2.5872   3.6117   0.00    0.0
2014/03/03 16:28:00.000   63.755946508  -68.510496057    91.4902   5   8   3.8685   3.0886   7.6268  -1.1061  -2.5834   3.6290   0.00    0.0
2014/03/03 16:28:30.000   63.755952863  -68.510490717    91.7367   5   8   3.8823   3.0884   7.6293  -1.1102  -2.5796   3.6464   0.00    0.0
2014/03/03 16:29:00.000   63.755951228  -68.510495095    91.8073   5   7   5.5338   3.1125  10.5320  -1.6640  -3.0749   6.4765   0.00    0.0
2014/03/03 16:29:30.000   63.755950376  -68.510498442    91.5949   5   7   5.5629   3.1129  10.5649  -1.6750  -3.0797   6.5152   0.00    0.0
2014/03/03 16:30:00.000   63.755954255  -68.510495098    91.8561   5   7   5.5918   3.1133  10.5972  -1.6858  -3.0842   6.5534   0.00    0.0
2014/03/03 16:30:30.000   63.755953116  -68.510495357    91.8719   5   7   5.6207   3.1137  10.6288  -1.6963  -3.0885   6.5911   0.00    0.0
2014/03/03 16:31:00.000   63.755950264  -68.510496589    91.4077   5   7   5.6493   3.1141  10.6598  -1.7066  -3.0925   6.6284   0.00    0.0
2014/03/03 16:31:30.000   63.755945229  -68.510493598    90.4360   5   7   5.6778   3.1145  10.6900  -1.7167  -3.0962   6.6651   0.00    0.0
2014/03/03 16:32:00.000   63.755951523  -68.510492130    91.2129   5   7   5.7061   3.1149  10.7195  -1.7265  -3.0997   6.7012   0.00    0.0
2014/03/03 16:32:30.000   63.755950586  -68.510492010    91.3548   5   7   5.7341   3.1154  10.7481  -1.7360  -3.1030   6.7367   0.00    0.0
2014/03/03 16:33:00.000   63.755946746  -68.510490705    90.3642   5   7   5.7619   3.1158  10.7760  -1.7453  -3.1059   6.7716   0.00    0.0
2014/03/03 16:33:30.000   63.755949494  -68.510489886    91.4437   5   7   5.7894   3.1163  10.8030  -1.7543  -3.1086   6.8058   0.00    0.0
2014/03/03 16:34:00.000   63.755947295  -68.510494707    91.0966   5   7   5.8166   3.1167  10.8291  -1.7631  -3.1109   6.8394   0.00    0.0
2014/03/03 16:34:30.000   63.755950541  -68.510491962    91.2115   5   7   5.8435   3.1172  10.8543  -1.7715  -3.1130   6.8722   0.00    0.0
2014/03/03 16:35:00.000   63.755942393  -68.510494542    90.6052   5   7   5.8700   3.1177  10.8786  -1.7797  -3.1147   6.9043   0.00    0.0
2014/03/03 16:35:30.000   63.755960414  -68.510486861    91.0114   5   7   5.8961   3.1182  10.9018  -1.7875  -3.1161   6.9356   0.00    0.0
2014/03/03 16:36:00.000   63.755942953  -68.510499227    90.6725   5   7   5.9219   3.1187  10.9241  -1.7950  -3.1172   6.9660   0.00    0.0
2014/03/03 16:36:30.000   63.755959581  -68.510487567    90.9952   5   7   5.9472   3.1192  10.9453  -1.8023  -3.1179   6.9957   0.00    0.0
2014/03/03 16:37:00.000   63.755934443  -68.510495459    90.6976   5   7   5.9721   3.1197  10.9655  -1.8092  -3.1183   7.0245   0.00    0.0
2014/03/03 16:37:30.000   63.755959468  -68.510484196    91.6641   5   7   5.9965   3.1202  10.9846  -1.8157  -3.1183   7.0524   0.00    0.0
2014/03/03 16:38:00.000   63.755949844  -68.510493038    91.2680   5   7   6.0204   3.1207  11.0025  -1.8220  -3.1180   7.0793   0.00    0.0
2014/03/03 16:38:30.000   63.755951144  -68.510496780    90.6354   5   7   6.0438   3.1213  11.0193  -1.8278  -3.1173   7.1053   0.00    0.0
2014/03/03 16:39:00.000   63.755945354  -68.510493870    90.6891   5   7   6.0666   3.1218  11.0349  -1.8334  -3.1162   7.1304   0.00    0.0
2014/03/03 16:39:30.000   63.755943248  -68.510496355    90.1053   5   7   6.0889   3.1224  11.0493  -1.8386  -3.1148   7.1544   0.00    0.0
2014/03/03 16:40:00.000   63.755949934  -68.510493446    90.9979   5   7   6.1106   3.1229  11.0625  -1.8434  -3.1129   7.1774   0.00    0.0
2014/03/03 16:40:30.000   63.755945762  -68.510493284    91.5509   5   7   6.1316   3.1235  11.0744  -1.8478  -3.1107   7.1994   0.00    0.0
2014/03/03 16:41:00.000   63.755946463  -68.510494283    90.7654   5   7   6.1521   3.1240  11.0851  -1.8519  -3.1080   7.2203   0.00    0.0
2014/03/03 16:41:30.000   63.755938709  -68.510494079    90.1691   5   7   6.1719   3.1246  11.0945  -1.8557  -3.1049   7.2401   0.00    0.0
2014/03/03 16:42:00.000   63.755948384  -68.510486977    90.7787   5   7   6.1910   3.1252  11.1026  -1.8590  -3.1015   7.2588   0.00    0.0
2014/03/03 16:42:30.000   63.755941132  -68.510495242    90.7603   5   7   6.2095   3.1258  11.1093  -1.8620  -3.0976   7.2764   0.00    0.0
2014/03/03 16:43:00.000   63.755944135  -68.510493387    90.3761   5   7   6.2272   3.1264  11.1148  -1.8645  -3.0933   7.2928   0.00    0.0
2014/03/03 16:43:30.000   63.755942089  -68.510486020    90.6871   5   7   6.2442   3.1270  11.1188  -1.8667  -3.0886   7.3081   0.00    0.0
2014/03/03 16:44:00.000   63.755948744  -68.510489146    90.9554   5   7   6.2605   3.1276  11.1216  -1.8685  -3.0834   7.3222   0.00    0.0
2014/03/03 16:44:30.000   63.755947352  -68.510489558    91.2786   5   7   6.2760   3.1282  11.1229  -1.8700  -3.0778   7.3351   0.00    0.0
2014/03/03 16:45:00.000   63.755941035  -68.510489481    90.6372   5   7   6.2908   3.1289  11.1229  -1.8710  -3.0718   7.3468   0.00    0.0
2014/03/03 16:45:30.000   63.755933458  -68.510483954    91.7355   5   6   6.3333   3.4963  11.7358  -2.1069  -1.8855   7.2027   0.00    0.0
2014/03/03 16:46:00.000   63.755955187  -68.510488561    91.5791   5   6   6.3435   3.4980  11.7496  -2.0956  -1.8502   7.2184   0.00    0.0
2014/03/03 16:46:30.000   63.755936213  -68.510483465    91.3020   5   6   6.3530   3.4998  11.7624  -2.0838  -1.8133   7.2331   0.00    0.0
2014/03/03 16:47:00.000   63.755947048  -68.510486677    90.5944   5   6   6.3620   3.5016  11.7741  -2.0716  -1.7747   7.2468   0.00    0.0
2014/03/03 16:47:30.000   63.755942047  -68.510487097    91.3578   5   6   6.3702   3.5035  11.7847  -2.0590  -1.7345   7.2593   0.00    0.0
2014/03/03 16:48:00.000   63.755939218  -68.510482982    91.6958   5   6   6.3779   3.5055  11.7941  -2.0459  -1.6924   7.2709   0.00    0.0
2014/03/03 16:48:30.000   63.755934129  -68.510485799    91.0512   5   6   6.3848   3.5075  11.8025  -2.0323  -1.6484   7.2813   0.00    0.0
2014/03/03 16:49:00.000   63.755944743  -68.510488235    90.1317   5   6   6.3912   3.5095  11.8097  -2.0183  -1.6024   7.2907   0.00    0.0
2014/03/03 16:49:30.000   63.755937089  -68.510487860    89.9724   5   6   6.3968   3.5117  11.8157  -2.0038  -1.5541   7.2990   0.00    0.0
2014/03/03 16:50:00.000   63.755937795  -68.510490991    90.5520   5   6   6.4018   3.5139  11.8206  -1.9890  -1.5035   7.3063   0.00    0.0
2014/03/03 16:50:30.000   63.755935588  -68.510489372    91.1594   5   6   6.4061   3.5161  11.8244  -1.9736  -1.4502   7.3124   0.00    0.0
2014/03/03 16:51:00.000   63.755942202  -68.510484820    92.1616   5   6   6.4097   3.5185  11.8271  -1.9579  -1.3940   7.3175   0.00    0.0
2014/03/03 16:51:30.000   63.755935701  -68.510480864    91.2798   5   6   6.4127   3.5209  11.8286  -1.9417  -1.3346   7.3216   0.00    0.0
2014/03/03 16:52:00.000   63.755957709  -68.510491900    91.9698   5   6   6.6148   3.3802  11.7635   1.1049  -1.8507   7.4662   0.00    0.0
2014/03/03 16:52:30.000   63.755954409  -68.510490705    91.4271   5   6   6.6085   3.3798  11.7664   1.1361  -1.8084   7.4574   0.00    0.0
2014/03/03 16:53:00.000   63.755960900  -68.510485875    91.3149   5   6   6.6016   3.3794  11.7682   1.1665  -1.7648   7.4477   0.00    0.0
2014/03/03 16:53:30.000   63.755958252  -68.510490185    91.9877   5   6   6.5941   3.3792  11.7689   1.1962  -1.7200   7.4369   0.00    0.0
2014/03/03 16:54:00.000   63.755954811  -68.510489644    90.9273   5   6   6.5859   3.3790  11.7686   1.2251  -1.6738   7.4251   0.00    0.0
2014/03/03 16:54:30.000   63.755959000  -68.510488336    90.7754   5   6   6.5772   3.3790  11.7674   1.2533  -1.6261   7.4124   0.00    0.0
2014/03/03 16:55:00.000   63.755953547  -68.510486303    90.4912   5   6   6.5679   3.3790  11.7651   1.2808  -1.5769   7.3987   0.00    0.0
2014/03/03 16:55:30.000   63.755957513  -68.510487798    91.3113   5   6   6.5580   3.3790  11.7619   1.3076  -1.5260   7.3841   0.00    0.0
2014/03/03 16:56:00.000   63.755960032  -68.510487820    91.1725   5   6   6.5476   3.3792  11.7578   1.3337  -1.4732   7.3686   0.00    0.0
2014/03/03 16:56:30.000   63.755957823  -68.510483387    91.0915   5   6   6.5366   3.3794  11.7527   1.3592  -1.4185   7.3522   0.00    0.0
2014/03/03 16:57:00.000   63.755954111  -68.510486466    91.2329   5   6   6.5252   3.3797  11.7468   1.3841  -1.3616   7.3349   0.00    0.0
2014/03/03 16:57:30.000   63.755954333  -68.510490827    90.5992   5   6   6.5132   3.3801  11.7401   1.4084  -1.3022   7.3169   0.00    0.0
2014/03/03 16:58:00.000   63.755957646  -68.510489769    90.7609   5   6   6.5008   3.3806  11.7325   1.4321  -1.2400   7.2980   0.00    0.0
2014/03/03 16:58:30.000   63.755954132  -68.510488225    91.3705   5   6   6.4879   3.3812  11.7241   1.4551  -1.1746   7.2783   0.00    0.0
2014/03/03 16:59:00.000   63.755957840  -68.510488125    91.3985   5   6   6.4746   3.3818  11.7150   1.4776  -1.1056   7.2579   0.00    0.0
2014/03/03 16:59:30.000   63.755958438  -68.510489187    91.5380   5   6   6.4609   3.3825  11.7052   1.4996  -1.0320   7.2367   0.00    0.0
2014/03/03 17:00:00.000   63.755954270  -68.510493582    91.3255   5   6   6.4467   3.3833  11.6946   1.5210  -0.9531   7.2149   0.00    0.0
2014/03/03 17:00:30.000   63.755953250  -68.510493477    91.4004   5   6   6.4322   3.3842  11.6834   1.5418  -0.8673   7.1923   0.00    0.0
2014/03/03 17:01:00.000   63.755955873  -68.510496569    91.5198   5   6   6.4173   3.3851  11.6715   1.5621  -0.7724   7.1691   0.00    0.0
2014/03/03 17:01:30.000   63.755953767  -68.510491888    91.2214   5   6   6.4021   3.3862  11.6590   1.5818  -0.6645   7.1452   0.00    0.0
2014/03/03 17:02:00.000   63.755957779  -68.510490429    91.6936   5   6   6.3865   3.3873  11.6459   1.6011  -0.5359   7.1208   0.00    0.0
2014/03/03 17:02:30.000   63.755958551  -68.510493453    91.6086   5   6   6.3706   3.3885  11.6322   1.6198  -0.3656   7.0957   0.00    0.0
2014/03/03 17:03:00.000   63.755957648  -68.510497833    91.9584   5   6   6.3545   3.3897  11.6180   1.6380   0.1386   7.0701   0.00    0.0
2014/03/03 17:03:30.000   63.755956193  -68.510490336    91.4380   5   6   6.3380   3.3911  11.6033   1.6558   0.4138   7.0439   0.00    0.0
2014/03/03 17:04:00.000   63.755954018  -68.510491353    90.7348   5   6   6.3213   3.3925  11.5880   1.6730   0.5678   7.0172   0.00    0.0
2014/03/03 17:04:30.000   63.755958717  -68.510492275    91.4345   5   6   6.3044   3.3940  11.5723   1.6898   0.6875   6.9900   0.00    0.0
2014/03/03 17:05:00.000   63.755956471  -68.510492399    91.2459   5   6   6.2872   3.3956  11.5562   1.7061   0.7886   6.9624   0.00    0.0
2014/03/03 17:05:30.000   63.755958307  -68.510488434    91.5755   5   6   6.2698   3.3972  11.5397   1.7219   0.8777   6.9342   0.00    0.0
2014/03/03 17:06:00.000   63.755957345  -68.510486460    91.0745   5   6   6.2523   3.3989  11.5227   1.7373   0.9579   6.9057   0.00    0.0
2014/03/03 17:06:30.000   63.755956853  -68.510491517    91.1633   5   6   6.2345   3.4007  11.5054   1.7522   1.0315   6.8767   0.00    0.0
2014/03/03 17:07:00.000   63.755953552  -68.510492231    90.9991   5   6   6.2166   3.4026  11.4877   1.7666   1.0997   6.8474   0.00    0.0
2014/03/03 17:07:30.000   63.755955229  -68.510487890    90.8162   5   6   6.1986   3.4045  11.4697   1.7807   1.1634   6.8177   0.00    0.0
2014/03/03 17:08:00.000   63.755957528  -68.510489138    91.7179   5   6   6.1804   3.4065  11.4514   1.7943   1.2233   6.7876   0.00    0.0
2014/03/03 17:08:30.000   63.755958074  -68.510485740    91.1186   5   6   6.1621   3.4086  11.4328   1.8074   1.2801   6.7572   0.00    0.0
2014/03/03 17:09:00.000   63.755958304  -68.510487536    91.1934   5   6   6.1437   3.4107  11.4140   1.8202   1.3340   6.7265   0.00    0.0
2014/03/03 17:09:30.000   63.755958852  -68.510492179    91.4873   5   6   6.1253   3.4129  11.3948   1.8325   1.3853   6.6955   0.00    0.0
2014/03/03 17:10:00.000   63.755954581  -68.510488444    91.3177   5   6   6.1067   3.4152  11.3755   1.8445   1.4345   6.6642   0.00    0.0
2014/03/03 17:10:30.000   63.755957389  -68.510489656    91.8597   5   6   6.0881   3.4176  11.3559   1.8560   1.4816   6.6326   0.00    0.0
2014/03/03 17:11:00.000   63.755957080  -68.510487469    91.2518   5   6   6.0694   3.4200  11.3361   1.8671   1.5269   6.6008   0.00    0.0
2014/03/03 17:11:30.000   63.755958043  -68.510491039    92.2318   5   6   6.0507   3.4225  11.3162   1.8779   1.5705   6.5688   0.00    0.0
2014/03/03 17:12:00.000   63.755956146  -68.510480469    91.8181   5   6   6.0320   3.4250  11.2961   1.8883   1.6126   6.5366   0.00    0.0
2014/03/03 17:12:30.000   63.755957103  -68.510491150    92.2328   5   6   6.0132   3.4276  11.2758   1.8983   1.6532   6.5042   0.00    0.0
2014/03/03 17:13:00.000   63.755956265  -68.510488665    91.3006   5   6   5.9945   3.4303  11.2553   1.9079   1.6925   6.4716   0.00    0.0
2014/03/03 17:13:30.000   63.755960081  -68.510483846    91.6989   5   6   5.9757   3.4330  11.2348   1.9172   1.7306   6.4388   0.00    0.0
2014/03/03 17:14:00.000   63.755955719  -68.510483556    91.9235   5   6   5.9570   3.4359  11.2141   1.9261   1.7675   6.4058   0.00    0.0
2014/03/03 17:14:30.000   63.755960763  -68.510481822    91.0833   5   6   5.9383   3.4387  11.1933   1.9347   1.8033   6.3728   0.00    0.0
2014/03/03 17:15:00.000   63.755957137  -68.510489207    92.2245   5   6   5.9196   3.4416  11.1724   1.9429   1.8381   6.3396   0.00    0.0
2014/03/03 17:15:30.000   63.755961608  -68.510481401    90.8951   5   6   5.9010   3.4446  11.1515   1.9507   1.8720   6.3062   0.00    0.0
2014/03/03 17:16:00.000   63.755959651  -68.510480943    91.0314   5   6   5.8824   3.4477  11.1304   1.9583   1.9049   6.2728   0.00    0.0
2014/03/03 17:16:30.000   63.755963800  -68.510484086    92.6613   5   6   5.8639   3.4508  11.1093   1.9655   1.9369   6.2393   0.00    0.0
2014/03/03 17:17:00.000   63.755961350  -68.510479385    90.9297   5   6   5.8455   3.4540  11.0881   1.9723   1.9681   6.2056   0.00    0.0
2014/03/03 17:17:30.000   63.755956905  -68.510486171    91.9239   5   6   5.8271   3.4572  11.0669   1.9789   1.9986   6.1719   0.00    0.0
2014/03/03 17:18:00.000   63.755959343  -68.510476973    91.9626   5   6   5.8088   3.4605  11.0456   1.9851   2.0282   6.1382   0.00    0.0
2014/03/03 17:18:30.000   63.755958070  -68.510481883    92.1164   5   6   5.7906   3.4638  11.0243   1.9911   2.0572   6.1044   0.00    0.0
2014/03/03 17:19:00.000   63.755958456  -68.510478073    91.6161   5   6   5.7725   3.4672  11.0030   1.9967   2.0855   6.0705   0.00    0.0
2014/03/03 17:19:30.000   63.755962975  -68.510484503    92.4774   5   6   5.7545   3.4707  10.9816   2.0020   2.1131   6.0366   0.00    0.0
2014/03/03 17:20:00.000   63.755958127  -68.510482726    91.3287   5   6   5.7366   3.4742  10.9602   2.0070   2.1400   6.0026   0.00    0.0
2014/03/03 17:20:30.000   63.755958203  -68.510481977    91.6731   5   6   5.7188   3.4778  10.9388   2.0117   2.1664   5.9687   0.00    0.0
2014/03/03 17:21:00.000   63.755959469  -68.510485270    91.6267   5   6   5.7011   3.4814  10.9173   2.0161   2.1922   5.9347   0.00    0.0
2014/03/03 17:21:30.000   63.755958197  -68.510481198    91.9264   5   6   5.6835   3.4851  10.8959   2.0203   2.2174   5.9007   0.00    0.0
2014/03/03 17:22:00.000   63.755961930  -68.510487117    92.4614   5   6   5.6661   3.4888  10.8744   2.0241   2.2420   5.8667   0.00    0.0
2014/03/03 17:22:30.000   63.755959307  -68.510480684    91.4317   5   6   5.6488   3.4926  10.8529   2.0277   2.2662   5.8327   0.00    0.0
2014/03/03 17:23:00.000   63.755956900  -68.510474365    90.6817   5   6   5.6317   3.4964  10.8314   2.0310   2.2898   5.7986   0.00    0.0
2014/03/03 17:23:30.000   63.755957036  -68.510478081    90.5143   5   6   5.6147   3.5003  10.8099   2.0340   2.3129   5.7647   0.00    0.0
2014/03/03 17:24:00.000   63.755953467  -68.510478013    90.6770   5   7   4.9977   3.4633   8.9078   2.3442   2.9503   4.1826   0.00    0.0
2014/03/03 17:24:30.000   63.755953715  -68.510479963    91.2573   5   7   4.9925   3.4667   8.9174   2.3457   2.9678   4.1714   0.00    0.0
2014/03/03 17:25:00.000   63.755954123  -68.510475052    91.6054   5   7   4.9874   3.4700   8.9272   2.3470   2.9850   4.1603   0.00    0.0
2014/03/03 17:25:30.000   63.755953625  -68.510481680    91.6088   5   7   4.9823   3.4734   8.9369   2.3482   3.0021   4.1492   0.00    0.0
2014/03/03 17:26:00.000   63.755951937  -68.510481663    91.4589   5   7   4.9772   3.4768   8.9467   2.3493   3.0190   4.1382   0.00    0.0
2014/03/03 17:26:30.000   63.755949488  -68.510481233    90.8847   5   7   4.9722   3.4801   8.9565   2.3502   3.0356   4.1272   0.00    0.0
2014/03/03 17:27:00.000   63.755952739  -68.510480847    91.1059   5   7   4.9672   3.4835   8.9664   2.3510   3.0521   4.1162   0.00    0.0
2014/03/03 17:27:30.000   63.755952994  -68.510470694    90.0628   5   6   4.9659   3.8211   9.9224   2.4134   1.6752   4.0070   0.00    0.0
2014/03/03 17:28:00.000   63.755953256  -68.510470553    89.7898   5   6   4.9608   3.8172   9.9411   2.4110   1.7150   3.9990   0.00    0.0
2014/03/03 17:28:30.000   63.755955163  -68.510478305    89.7480   5   6   4.9557   3.8135   9.9598   2.4084   1.7539   3.9911   0.00    0.0
2014/03/03 17:29:00.000   63.755952752  -68.510473830    89.7415   5   6   4.9507   3.8098   9.9784   2.4057   1.7918   3.9833   0.00    0.0
2014/03/03 17:29:30.000   63.755954354  -68.510475413    90.1062   5   6   4.9457   3.8063   9.9970   2.4029   1.8289   3.9755   0.00    0.0
2014/03/03 17:30:00.000   63.755954913  -68.510467837    90.1720   5   6   4.9408   3.8028  10.0156   2.4001   1.8652   3.9678   0.00    0.0
2014/03/03 17:30:30.000   63.755949680  -68.510471224    89.3229   5   6   4.9360   3.7994  10.0341   2.3971   1.9006   3.9601   0.00    0.0
2014/03/03 17:31:00.000   63.755949519  -68.510472112    89.7889   5   6   4.9312   3.7961  10.0525   2.3940   1.9353   3.9525   0.00    0.0
2014/03/03 17:31:30.000   63.755956072  -68.510471354    91.1024   5   6   4.9264   3.7928  10.0708   2.3908   1.9692   3.9450   0.00    0.0
2014/03/03 17:32:00.000   63.755949910  -68.510472389    90.3538   5   6   4.9218   3.7897  10.0889   2.3875   2.0025   3.9374   0.00    0.0
2014/03/03 17:32:30.000   63.755952532  -68.510471623    90.0371   5   7   4.4282   3.7859   9.4372   2.4164   1.9695   4.8144   0.00    0.0
2014/03/03 17:33:00.000   63.755951980  -68.510473977    90.6586   5   7   4.4232   3.7827   9.4547   2.4186   1.9905   4.8092   0.00    0.0
2014/03/03 17:33:30.000   63.755951648  -68.510470199    90.2006   5   7   4.4184   3.7795   9.4721   2.4208   2.0111   4.8039   0.00    0.0
2014/03/03 17:34:00.000   63.755951842  -68.510475357    91.5472   5   7   4.4136   3.7763   9.4894   2.4229   2.0312   4.7986   0.00    0.0
2014/03/03 17:34:30.000   63.755949918  -68.510472031    90.0581   5   7   4.4088   3.7731   9.5066   2.4248   2.0509   4.7933   0.00    0.0
2014/03/03 17:35:00.000   63.755952396  -68.510475505    90.9216   5   7   4.4041   3.7700   9.5236   2.4267   2.0702   4.7879   0.00    0.0
2014/03/03 17:35:30.000   63.755950742  -68.510470705    89.7131   5   7   4.3995   3.7669   9.5404   2.4284   2.0889   4.7824   0.00    0.0
2014/03/03 17:36:00.000   63.755948103  -68.510474704    89.0926   5   7   4.3949   3.7638   9.5571   2.4300   2.1073   4.7769   0.00    0.0
2014/03/03 17:36:30.000   63.755952623  -68.510472707    90.0339   5   7   4.3904   3.7608   9.5735   2.4315   2.1252   4.7713   0.00    0.0
2014/03/03 17:37:00.000   63.755952989  -68.510476185    89.4359   5   7   4.3860   3.7578   9.5897   2.4329   2.1426   4.7657   0.00    0.0
2014/03/03 17:37:30.000   63.755951110  -68.510483093    89.7578   5   7   4.3815   3.7548   9.6057   2.4342   2.1596   4.7600   0.00    0.0
2014/03/03 17:38:00.000   63.755950897  -68.510475952    89.6086   5   7   4.3772   3.7518   9.6214   2.4354   2.1761   4.7541   0.00    0.0
2014/03/03 17:38:30.000   63.755950768  -68.510476332    89.7904   5   7   4.3729   3.7488   9.6368   2.4364   2.1922   4.7482   0.00    0.0
2014/03/03 17:39:00.000   63.755952080  -68.510478555    90.3419   5   7   4.3686   3.7459   9.6519   2.4374   2.2077   4.7422   0.00    0.0
2014/03/03 17:39:30.000   63.755951667  -68.510477794    90.0110   5   7   4.3644   3.7430   9.6668   2.4382   2.2228   4.7360   0.00    0.0
2014/03/03 17:40:00.000   63.755952995  -68.510477461    90.0036   5   7   4.3603   3.7401   9.6812   2.4389   2.2374   4.7298   0.00    0.0
2014/03/03 17:40:30.000   63.755951990  -68.510476441    89.5000   5   7   4.3562   3.7372   9.6954   2.4394   2.2515   4.7234   0.00    0.0
2014/03/03 17:41:00.000   63.755953571  -68.510477702    89.9457   5   7   4.3521   3.7343   9.7091   2.4399   2.2651   4.7168   0.00    0.0
2014/03/03 17:41:30.000   63.755951578  -68.510474625    89.8385   5   7   4.3481   3.7314   9.7225   2.4402   2.2782   4.7101   0.00    0.0
2014/03/03 17:42:00.000   63.755950431  -68.510472247    89.4743   5   7   4.3441   3.7286   9.7354   2.4404   2.2908   4.7033   0.00    0.0
2014/03/03 17:42:30.000   63.755952876  -68.510476470    90.2889   5   7   4.3402   3.7257   9.7479   2.4405   2.3029   4.6963   0.00    0.0
2014/03/03 17:43:00.000   63.755949663  -68.510476596    89.4410   5   7   4.3363   3.7228   9.7600   2.4404   2.3145   4.6891   0.00    0.0
2014/03/03 17:43:30.000   63.755954796  -68.510476801    90.2679   5   7   4.3324   3.7200   9.7716   2.4402   2.3255   4.6818   0.00    0.0
2014/03/03 17:44:00.000   63.755952465  -68.510472502    90.0634   5   7   4.3286   3.7171   9.7827   2.4399   2.3360   4.6742   0.00    0.0
2014/03/03 17:44:30.000   63.755952614  -68.510476910    90.4903   5   7   4.3249   3.7143   9.7933   2.4394   2.3460   4.6665   0.00    0.0
2014/03/03 17:45:00.000   63.755953910  -68.510479894    89.8296   5   7   4.3211   3.7115   9.8034   2.4388   2.3554   4.6586   0.00    0.0
2014/03/03 17:45:30.000   63.755953151  -68.510472614    89.6541   5   7   4.3174   3.7086   9.8129   2.4381   2.3643   4.6504   0.00    0.0
2014/03/03 17:46:00.000   63.755957584  -68.510476936    90.0522   5   7   4.3138   3.7058   9.8219   2.4372   2.3726   4.6421   0.00    0.0
2014/03/03 17:46:30.000   63.755955201  -68.510480506    90.3023   5   7   4.3102   3.7029   9.8303   2.4362   2.3803   4.6335   0.00    0.0
2014/03/03 17:47:00.000   63.755953991  -68.510479683    89.2707   5   7   4.3066   3.7000   9.8382   2.4351   2.3875   4.6247   0.00    0.0
2014/03/03 17:47:30.000   63.755953972  -68.510470351    90.0621   5   7   4.3030   3.6971   9.8454   2.4338   2.3941   4.6157   0.00    0.0
2014/03/03 17:48:00.000   63.755950992  -68.510477273    89.7687   5   7   4.2995   3.6943   9.8520   2.4324   2.4001   4.6064   0.00    0.0
2014/03/03 17:48:30.000   63.755953113  -68.510481553    89.7248   5   7   4.2961   3.6914   9.8579   2.4308   2.4055   4.5969   0.00    0.0
2014/03/03 17:49:00.000   63.755948251  -68.510478672    88.5671   5   7   4.2927   3.6885   9.8632   2.4291   2.4103   4.5871   0.00    0.0
2014/03/03 17:49:30.000   63.755950402  -68.510479803    89.5648   5   7   4.2893   3.6855   9.8679   2.4272   2.4145   4.5771   0.00    0.0
2014/03/03 17:50:00.000   63.755951230  -68.510478546    89.1583   5   7   4.2859   3.6826   9.8718   2.4253   2.4182   4.5668   0.00    0.0
2014/03/03 17:50:30.000   63.755952372  -68.510476169    89.5314   5   7   4.2826   3.6797   9.8751   2.4231   2.4212   4.5563   0.00    0.0
2014/03/03 17:51:00.000   63.755953557  -68.510470588    90.5243   5   7   4.2793   3.6767   9.8777   2.4209   2.4235   4.5454   0.00    0.0
2014/03/03 17:51:30.000   63.755955480  -68.510481613    90.2729   5   7   4.2761   3.6737   9.8796   2.4185   2.4253   4.5343   0.00    0.0
2014/03/03 17:52:00.000   63.755952469  -68.510472775    89.2934   5   7   4.2729   3.6707   9.8807   2.4159   2.4264   4.5230   0.00    0.0
2014/03/03 17:52:30.000   63.755952467  -68.510472628    89.0325   5   7   4.2697   3.6677   9.8811   2.4132   2.4269   4.5113   0.00    0.0
2014/03/03 17:53:00.000   63.755953115  -68.510473802    89.7619   5   7   4.2666   3.6647   9.8808   2.4104   2.4268   4.4994   0.00    0.0
2014/03/03 17:53:30.000   63.755954666  -68.510473900    90.3603   5   7   4.2635   3.6616   9.8797   2.4074   2.4260   4.4872   0.00    0.0
2014/03/03 17:54:00.000   63.755953928  -68.510480167    90.2498   5   7   4.2605   3.6585   9.8779   2.4043   2.4246   4.4747   0.00    0.0
2014/03/03 17:54:30.000   63.755951240  -68.510480329    90.2921   5   7   4.2575   3.6554   9.8753   2.4010   2.4226   4.4619   0.00    0.0
2014/03/03 17:55:00.000   63.755954416  -68.510476654    90.0299   5   7   4.2546   3.6523   9.8719   2.3976   2.4199   4.4488   0.00    0.0
2014/03/03 17:55:30.000   63.755952919  -68.510463194    92.9365   5   8   4.2517   3.4719   9.0847   2.3977   1.2290   4.4420   0.00    0.0
2014/03/03 17:56:00.000   63.755950879  -68.510465678    92.5171   5   8   4.2488   3.4688   9.0932   2.3972   1.2373   4.4343   0.00    0.0
2014/03/03 17:56:30.000   63.755953702  -68.510463651    92.4089   5   8   4.2459   3.4657   9.1011   2.3967   1.2447   4.4262   0.00    0.0
2014/03/03 17:57:00.000   63.755950797  -68.510459983    92.1722   5   8   4.2430   3.4627   9.1083   2.3960   1.2513   4.4178   0.00    0.0
2014/03/03 17:57:30.000   63.755953947  -68.510464038    92.6821   5   8   4.2401   3.4596   9.1149   2.3953   1.2571   4.4091   0.00    0.0
2014/03/03 17:58:00.000   63.755954310  -68.510464564    92.4493   5   8   4.2372   3.4565   9.1209   2.3944   1.2620   4.4001   0.00    0.0
2014/03/03 17:58:30.000   63.755955906  -68.510460745    93.0284   5   8   4.2343   3.4535   9.1262   2.3935   1.2662   4.3908   0.00    0.0
2014/03/03 17:59:00.000   63.755955917  -68.510462000    93.3316   5   8   4.2314   3.4504   9.1309   2.3924   1.2695   4.3811   0.00    0.0
2014/03/03 17:59:30.000   63.755951154  -68.510457735    92.5410   5   8   4.2286   3.4473   9.1349   2.3913   1.2721   4.3710   0.00    0.0
2014/03/03 18:00:00.000   63.755957554  -68.510462503    93.1902   5   8   4.3402   3.4443   9.3204   2.3941   1.2881   4.5641   0.00    0.0
2014/03/03 18:00:30.000   63.755955415  -68.510462166    92.6861   5   8   4.3364   3.4413   9.3229   2.3929   1.2896   4.5528   0.00    0.0
2014/03/03 18:01:00.000   63.755952490  -68.510458185    92.8895   5   8   4.3325   3.4382   9.3247   2.3916   1.2904   4.5412   0.00    0.0
2014/03/03 18:01:30.000   63.755958903  -68.510460628    93.8390   5   8   4.3286   3.4352   9.3257   2.3902   1.2903   4.5291   0.00    0.0
2014/03/03 18:02:00.000   63.755958247  -68.510460873    93.9495   5   8   4.3248   3.4321   9.3260   2.3886   1.2894   4.5167   0.00    0.0
2014/03/03 18:02:30.000   63.755956244  -68.510461737    93.1124   5   8   4.3209   3.4290   9.3255   2.3870   1.2877   4.5038   0.00    0.0
2014/03/03 18:03:00.000   63.755960067  -68.510460539    93.4841   5   8   4.3171   3.4260   9.3242   2.3852   1.2851   4.4906   0.00    0.0
2014/03/03 18:03:30.000   63.755957054  -68.510456553    93.8647   5   8   4.3132   3.4229   9.3222   2.3833   1.2818   4.4770   0.00    0.0
2014/03/03 18:04:00.000   63.755956051  -68.510456534    93.6682   5   8   4.3094   3.4198   9.3194   2.3814   1.2776   4.4629   0.00    0.0
2014/03/03 18:04:30.000   63.755959255  -68.510459584    93.2636   5   8   4.3056   3.4168   9.3158   2.3793   1.2726   4.4485   0.00    0.0
2014/03/03 18:05:00.000   63.755954572  -68.510464157    92.6985   5   8   4.3018   3.4137   9.3115   2.3771   1.2667   4.4337   0.00    0.0
2014/03/03 18:05:30.000   63.755954153  -68.510463621    93.1677   5   8   4.2981   3.4106   9.3064   2.3748   1.2601   4.4184   0.00    0.0
2014/03/03 18:06:00.000   63.755954858  -68.510464942    92.8440   5   8   4.2944   3.4075   9.3006   2.3725   1.2526   4.4028   0.00    0.0
2014/03/03 18:06:30.000   63.755951340  -68.510467038    92.2966   5   8   4.2907   3.4045   9.2940   2.3700   1.2443   4.3869   0.00    0.0
2014/03/03 18:07:00.000   63.755956657  -68.510461673    93.6511   5   8   4.2870   3.4014   9.2867   2.3674   1.2352   4.3705   0.00    0.0
2014/03/03 18:07:30.000   63.755951968  -68.510463003    92.8029   5   8   4.2834   3.3983   9.2786   2.3648   1.2252   4.3538   0.00    0.0
2014/03/03 18:08:00.000   63.755954452  -68.510463046    92.6417   5   8   4.2798   3.3952   9.2699   2.3621   1.2144   4.3367   0.00    0.0
2014/03/03 18:08:30.000   63.755952005  -68.510462944    92.5599   5   8   4.2762   3.3922   9.2603   2.3592   1.2028   4.3192   0.00    0.0
2014/03/03 18:09:00.000   63.755950204  -68.510461598    92.5904   5   8   4.2728   3.3891   9.2501   2.3564   1.1903   4.3014   0.00    0.0
2014/03/03 18:09:30.000   63.755960795  -68.510447133    92.8798   5   9   3.9301   3.1135   9.0920   1.8217   1.8900   4.5920   0.00    0.0
2014/03/03 18:10:00.000   63.755958747  -68.510454006    92.2892   5   9   3.9236   3.1122   9.0803   1.8176   1.8787   4.5758   0.00    0.0
2014/03/03 18:10:30.000   63.755960308  -68.510456728    91.3376   5   9   3.9172   3.1110   9.0680   1.8135   1.8670   4.5593   0.00    0.0
2014/03/03 18:11:00.000   63.755956249  -68.510461881    91.0720   5   9   3.9108   3.1097   9.0550   1.8092   1.8548   4.5425   0.00    0.0
2014/03/03 18:11:30.000   63.755960473  -68.510453242    92.7101   5   9   3.9045   3.1085   9.0413   1.8049   1.8421   4.5255   0.00    0.0
2014/03/03 18:12:00.000   63.755961050  -68.510451693    92.7174   5   9   3.8982   3.1073   9.0269   1.8005   1.8290   4.5082   0.00    0.0
2014/03/03 18:12:30.000   63.755953574  -68.510456565    90.7127   5  10   3.3939   3.1036   7.8768   1.8597   1.9573   3.4389   0.00    0.0
2014/03/03 18:13:00.000   63.755955933  -68.510454280    90.9034   5  10   3.3906   3.1022   7.8743   1.8578   1.9494   3.4276   0.00    0.0
2014/03/03 18:13:30.000   63.755954605  -68.510457707    91.3547   5  10   3.3874   3.1007   7.8714   1.8559   1.9411   3.4162   0.00    0.0
2014/03/03 18:14:00.000   63.755954580  -68.510464683    91.2183   5  10   3.3842   3.0993   7.8681   1.8540   1.9324   3.4047   0.00    0.0
2014/03/03 18:14:30.000   63.755959958  -68.510445043    91.8674   5  10   3.3812   3.0978   7.8644   1.8520   1.9234   3.3932   0.00    0.0
2014/03/03 18:15:00.000   63.755959277  -68.510453031    92.0504   5  10   3.3782   3.0963   7.8603   1.8501   1.9140   3.3816   0.00    0.0
2014/03/03 18:15:30.000   63.755956247  -68.510454216    91.9400   5  10   3.3754   3.0949   7.8559   1.8481   1.9043   3.3699   0.00    0.0
2014/03/03 18:16:00.000   63.755956144  -68.510452037    91.2953   5  10   3.3726   3.0934   7.8510   1.8460   1.8943   3.3582   0.00    0.0
2014/03/03 18:16:30.000   63.755956897  -68.510443714    91.9673   5  10   3.3699   3.0919   7.8458   1.8440   1.8839   3.3463   0.00    0.0
2014/03/03 18:17:00.000   63.755958212  -68.510448556    92.9188   5  10   3.3673   3.0904   7.8402   1.8419   1.8731   3.3345   0.00    0.0
2014/03/03 18:17:30.000   63.755955910  -68.510445199    91.8637   5  10   3.3649   3.0889   7.8343   1.8399   1.8620   3.3225   0.00    0.0
2014/03/03 18:18:00.000   63.755958785  -68.510440540    91.5579   5  10   3.3625   3.0874   7.8280   1.8378   1.8506   3.3105   0.00    0.0
2014/03/03 18:18:30.000   63.755953636  -68.510447719    91.0775   5  10   3.3602   3.0859   7.8214   1.8357   1.8388   3.2985   0.00    0.0
2014/03/03 18:19:00.000   63.755952214  -68.510450115    90.1390   5  10   3.3580   3.0845   7.8144   1.8335   1.8267   3.2864   0.00    0.0
2014/03/03 18:19:30.000   63.755956627  -68.510449591    91.4426   5  10   3.3559   3.0830   7.8070   1.8314   1.8142   3.2743   0.00    0.0
2014/03/03 18:20:00.000   63.755959365  -68.510452535    90.8326   5  10   3.3539   3.0815   7.7994   1.8293   1.8015   3.2621   0.00    0.0
2014/03/03 18:20:30.000   63.755953904  -68.510454938    90.1247   5  10   3.3520   3.0800   7.7914   1.8271   1.7884   3.2500   0.00    0.0
2014/03/03 18:21:00.000   63.755954808  -68.510451358    90.0792   5  10   3.3502   3.0785   7.7831   1.8250   1.7749   3.2378   0.00    0.0
2014/03/03 18:21:30.000   63.755951174  -68.510459563    89.7760   5  10   3.3486   3.0770   7.7744   1.8228   1.7612   3.2256   0.00    0.0
2014/03/03 18:22:00.000   63.755955613  -68.510454175    90.6759   5  10   3.3470   3.0755   7.7655   1.8207   1.7471   3.2133   0.00    0.0
2014/03/03 18:22:30.000   63.755959730  -68.510448562    90.8722   5  10   3.3455   3.0740   7.7563   1.8185   1.7327   3.2011   0.00    0.0
2014/03/03 18:23:00.000   63.755958821  -68.510451772    90.9291   5  10   3.3441   3.0726   7.7468   1.8163   1.7179   3.1889   0.00    0.0
2014/03/03 18:23:30.000   63.755956395  -68.510456468    91.0741   5  10   3.3429   3.0711   7.7370   1.8142   1.7029   3.1766   0.00    0.0
2014/03/03 18:24:00.000   63.755957227  -68.510454334    90.3785   5  10   3.3418   3.0696   7.7269   1.8120   1.6875   3.1644   0.00    0.0
2014/03/03 18:24:30.000   63.755961540  -68.510450314    90.8484   5   9   3.8219   3.0706   8.6845   1.8715   1.8117   4.1633   0.00    0.0
2014/03/03 18:25:00.000   63.755960080  -68.510451095    91.1489   5   9   3.8176   3.0691   8.6737   1.8685   1.7954   4.1500   0.00    0.0
2014/03/03 18:25:30.000   63.755959169  -68.510459366    90.9329   5   9   3.8133   3.0676   8.6625   1.8655   1.7787   4.1365   0.00    0.0
2014/03/03 18:26:00.000   63.755961794  -68.510442277    91.7710   5   9   3.8092   3.0661   8.6508   1.8625   1.7616   4.1230   0.00    0.0
2014/03/03 18:26:30.000   63.755958065  -68.510455704    90.8135   5   9   3.8052   3.0646   8.6388   1.8594   1.7442   4.1093   0.00    0.0
2014/03/03 18:27:00.000   63.755953722  -68.510456405    90.7754   5   9   3.8012   3.0631   8.6263   1.8563   1.7263   4.0956   0.00    0.0
2014/03/03 18:27:30.000   63.755956431  -68.510453304    90.4965   5   9   3.7974   3.0616   8.6134   1.8532   1.7081   4.0818   0.00    0.0
2014/03/03 18:28:00.000   63.755959772  -68.510449992    90.7130   5   9   3.7936   3.0602   8.6001   1.8501   1.6894   4.0680   0.00    0.0
2014/03/03 18:28:30.000   63.755958823  -68.510453068    90.9219   5   9   3.7900   3.0587   8.5864   1.8470   1.6704   4.0540   0.00    0.0
2014/03/03 18:29:00.000   63.755961553  -68.510453216    91.3625   5   9   3.7865   3.0573   8.5723   1.8438   1.6511   4.0401   0.00    0.0
2014/03/03 18:29:30.000   63.755958214  -68.510458036    91.3574   5   9   3.7831   3.0558   8.5579   1.8406   1.6313   4.0260   0.00    0.0
2014/03/03 18:30:00.000   63.755952817  -68.510454541    90.1379   5   9   3.7798   3.0544   8.5432   1.8374   1.6112   4.0120   0.00    0.0
2014/03/03 18:30:30.000   63.755957264  -68.510457881    90.7618   5   9   3.7766   3.0529   8.5281   1.8342   1.5906   3.9979   0.00    0.0
2014/03/03 18:31:00.000   63.755957406  -68.510457200    91.0982   5   9   3.7735   3.0515   8.5127   1.8310   1.5697   3.9838   0.00    0.0
2014/03/03 18:31:30.000   63.755958662  -68.510450547    91.0879   5   9   3.7706   3.0501   8.4970   1.8278   1.5484   3.9697   0.00    0.0
2014/03/03 18:32:00.000   63.755957147  -68.510454403    90.8908   5   9   3.7677   3.0487   8.4810   1.8246   1.5268   3.9557   0.00    0.0
2014/03/03 18:32:30.000   63.755957595  -68.510452759    89.9630   5   9   3.7650   3.0474   8.4648   1.8214   1.5047   3.9416   0.00    0.0
2014/03/03 18:33:00.000   63.755959452  -68.510453313    90.6656   5   9   3.7625   3.0460   8.4482   1.8181   1.4823   3.9275   0.00    0.0
2014/03/03 18:33:30.000   63.755961648  -68.510455281    90.7689   5   9   3.7600   3.0446   8.4315   1.8149   1.4595   3.9135   0.00    0.0
2014/03/03 18:34:00.000   63.755955468  -68.510455262    90.1640   5   8   3.8440   3.4529   9.3919   2.1456   2.9780   4.3111   0.00    0.0
2014/03/03 18:34:30.000   63.755953185  -68.510455270    90.1356   5   8   3.8427   3.4505   9.3768   2.1438   2.9650   4.3004   0.00    0.0
2014/03/03 18:35:00.000   63.755959632  -68.510451980    90.8650   5   8   3.8415   3.4480   9.3611   2.1420   2.9516   4.2896   0.00    0.0
2014/03/03 18:35:30.000   63.755961483  -68.510448014    91.1232   5   8   3.8403   3.4455   9.3450   2.1401   2.9379   4.2788   0.00    0.0
2014/03/03 18:36:00.000   63.755960705  -68.510457419    90.3069   5   8   3.8393   3.4429   9.3285   2.1381   2.9239   4.2680   0.00    0.0
2014/03/03 18:36:30.000   63.755955202  -68.510457106    89.8813   5   8   3.8384   3.4402   9.3116   2.1360   2.9096   4.2571   0.00    0.0
2014/03/03 18:37:00.000   63.755957154  -68.510454087    91.2550   5   8   3.8376   3.4375   9.2943   2.1339   2.8949   4.2462   0.00    0.0
2014/03/03 18:37:30.000   63.755954305  -68.510452733    90.7025   5   8   3.8369   3.4348   9.2766   2.1317   2.8800   4.2352   0.00    0.0
2014/03/03 18:38:00.000   63.755953200  -68.510464693    90.9222   5   8   3.8364   3.4320   9.2585   2.1294   2.8648   4.2243   0.00    0.0
2014/03/03 18:38:30.000   63.755954285  -68.510461657    91.2054   5   8   3.8359   3.4292   9.2401   2.1271   2.8493   4.2134   0.00    0.0
2014/03/03 18:39:00.000   63.755957253  -68.510460059    91.1257   5   8   3.8356   3.4263   9.2214   2.1247   2.8336   4.2025   0.00    0.0
2014/03/03 18:39:30.000   63.755945723  -68.510472153    88.5120   5   9   3.2713   3.1093   7.8772   1.2789   1.0599   2.8362   0.00    0.0
2014/03/03 18:40:00.000   63.755947916  -68.510464319    88.5337   5   9   3.2717   3.1061   7.8731   1.2755   1.0378   2.8317   0.00    0.0
2014/03/03 18:40:30.000   63.755953794  -68.510458768    88.5595   5   9   3.2722   3.1030   7.8689   1.2719   1.0153   2.8275   0.00    0.0
2014/03/03 18:41:00.000   63.755952031  -68.510464465    88.2061   5   9   3.2728   3.0998   7.8645   1.2683   0.9923   2.8234   0.00    0.0
2014/03/03 18:41:30.000   63.755954033  -68.510460393    89.1204   5   9   3.2736   3.0966   7.8599   1.2646   0.9688   2.8195   0.00    0.0
2014/03/03 18:42:00.000   63.755952630  -68.510458922    89.2572   5   9   3.2745   3.0935   7.8553   1.2609   0.9448   2.8158   0.00    0.0
2014/03/03 18:42:30.000   63.755951989  -68.510459725    89.0403   5   9   3.2755   3.0903   7.8505   1.2571   0.9203   2.8124   0.00    0.0
2014/03/03 18:43:00.000   63.755947508  -68.510463941    88.2227   5   9   3.2766   3.0871   7.8455   1.2533   0.8953   2.8092   0.00    0.0
2014/03/03 18:43:30.000   63.755950172  -68.510465508    89.4972   5   9   3.2779   3.0839   7.8405   1.2493   0.8697   2.8062   0.00    0.0
2014/03/03 18:44:00.000   63.755947338  -68.510465216    88.5095   5   9   3.2793   3.0807   7.8353   1.2453   0.8434   2.8034   0.00    0.0
2014/03/03 18:44:30.000   63.755952786  -68.510457544    88.7761   5   9   3.2808   3.0775   7.8300   1.2413   0.8164   2.8009   0.00    0.0
2014/03/03 18:45:00.000   63.755948371  -68.510466409    88.2344   5   9   3.2824   3.0742   7.8246   1.2372   0.7887   2.7986   0.00    0.0
2014/03/03 18:45:30.000   63.755950510  -68.510463874    88.4398   5   9   3.2841   3.0710   7.8191   1.2330   0.7602   2.7966   0.00    0.0
2014/03/03 18:46:00.000   63.755951858  -68.510462805    88.2727   5   9   3.2860   3.0678   7.8135   1.2287   0.7307   2.7948   0.00    0.0
2014/03/03 18:46:30.000   63.755955572  -68.510458010    89.3297   5   9   3.2880   3.0646   7.8078   1.2244   0.7003   2.7933   0.00    0.0
2014/03/03 18:47:00.000   63.755950266  -68.510472088    88.2435   5   9   3.2901   3.0613   7.8020   1.2200   0.6688   2.7920   0.00    0.0
2014/03/03 18:47:30.000   63.755952967  -68.510464397    88.7482   5   9   3.2923   3.0581   7.7961   1.2155   0.6359   2.7909   0.00    0.0
2014/03/03 18:48:00.000   63.755951846  -68.510465346    87.9101   5   9   3.2946   3.0548   7.7902   1.2109   0.6016   2.7902   0.00    0.0
2014/03/03 18:48:30.000   63.755952129  -68.510459676    88.4178   5   9   3.2971   3.0516   7.7841   1.2063   0.5656   2.7897   0.00    0.0
2014/03/03 18:49:00.000   63.755949458  -68.510463613    89.1150   5   9   3.2997   3.0483   7.7780   1.2015   0.5275   2.7894   0.00    0.0
2014/03/03 18:49:30.000   63.755946286  -68.510466471    88.6825   5   9   3.3024   3.0451   7.7718   1.1967   0.4869   2.7894   0.00    0.0
2014/03/03 18:50:00.000   63.755950056  -68.510467287    89.0901   5   9   3.3053   3.0418   7.7656   1.1919   0.4430   2.7897   0.00    0.0
2014/03/03 18:50:30.000   63.755946758  -68.510466682    88.4219   5   9   3.3082   3.0386   7.7593   1.1869   0.3948   2.7903   0.00    0.0
2014/03/03 18:51:00.000   63.755947227  -68.510466109    89.1437   5   9   3.3113   3.0353   7.7529   1.1818   0.3406   2.7912   0.00    0.0
2014/03/03 18:51:30.000   63.755949470  -68.510465293    88.3060   5   9   3.3146   3.0320   7.7465   1.1767   0.2768   2.7923   0.00    0.0
2014/03/03 18:52:00.000   63.755949675  -68.510467593    87.5997   5   9   3.3179   3.0288   7.7401   1.1714   0.1941   2.7937   0.00    0.0
2014/03/03 18:52:30.000   63.755948632  -68.510471314    88.2597   5   9   3.3214   3.0255   7.7336   1.1661  -0.0276   2.7954   0.00    0.0
2014/03/03 18:53:00.000   63.755951200  -68.510463719    89.2804   5   9   3.3250   3.0223   7.7270   1.1607  -0.1967   2.7974   0.00    0.0
2014/03/03 18:53:30.000   63.755945903  -68.510463270    89.0879   5   9   3.3287   3.0190   7.7204   1.1552  -0.2759   2.7996   0.00    0.0
2014/03/03 18:54:00.000   63.755944445  -68.510469791    89.2429   5   9   3.3326   3.0157   7.7138   1.1496  -0.3362   2.8022   0.00    0.0
2014/03/03 18:54:30.000   63.755950896  -68.510463019    88.7768   5   9   3.3365   3.0125   7.7072   1.1438  -0.3865   2.8050   0.00    0.0
2014/03/03 18:55:00.000   63.755957294  -68.510453868    87.8175   5   9   3.3407   3.0092   7.7005   1.1380  -0.4304   2.8081   0.00    0.0
2014/03/03 18:55:30.000   63.755946837  -68.510465839    89.1113   5   9   3.3449   3.0060   7.6939   1.1321  -0.4696   2.8116   0.00    0.0
2014/03/03 18:56:00.000   63.755946335  -68.510460525    88.8617   5   9   3.3493   3.0027   7.6872   1.1261  -0.5052   2.8153   0.00    0.0
2014/03/03 18:56:30.000   63.755949729  -68.510467248    88.7928   5   9   3.3538   2.9995   7.6805   1.1199  -0.5380   2.8193   0.00    0.0
2014/03/03 18:57:00.000   63.755951856  -68.510455812    87.8877   5   9   3.3584   2.9963   7.6738   1.1137  -0.5684   2.8236   0.00    0.0
2014/03/03 18:57:30.000   63.755947578  -68.510464866    88.3076   5   9   3.3632   2.9930   7.6671   1.1073  -0.5968   2.8282   0.00    0.0
2014/03/03 18:58:00.000   63.755945659  -68.510468955    88.4556   5   9   3.3681   2.9898   7.6604   1.1009  -0.6234   2.8331   0.00    0.0
2014/03/03 18:58:30.000   63.755952413  -68.510460086    87.1632   5   9   3.3731   2.9866   7.6537   1.0943  -0.6485   2.8382   0.00    0.0
2014/03/03 18:59:00.000   63.755949883  -68.510465926    88.1916   5   9   3.3783   2.9833   7.6470   1.0875  -0.6722   2.8437   0.00    0.0
2014/03/03 18:59:30.000   63.755948070  -68.510468003    88.3626   5   9   3.3836   2.9801   7.6403   1.0807  -0.6947   2.8495   0.00    0.0
2014/03/03 19:00:00.000   63.755948622  -68.510474534    89.7637   5   9   3.3970   3.0277   7.6898   1.1317  -1.0124   2.8177   0.00    0.0
2014/03/03 19:00:30.000   63.755951286  -68.510477036    88.6400   5   9   3.4023   3.0241   7.6843   1.1240  -1.0282   2.8242   0.00    0.0
2014/03/03 19:01:00.000   63.755954255  -68.510479548    89.2471   5   9   3.4078   3.0205   7.6788   1.1161  -1.0433   2.8311   0.00    0.0
2014/03/03 19:01:30.000   63.755951792  -68.510478822    89.9600   5   9   3.4135   3.0169   7.6734   1.1081  -1.0580   2.8383   0.00    0.0
2014/03/03 19:02:00.000   63.755947994  -68.510473379    89.8418   5   9   3.4193   3.0133   7.6679   1.1000  -1.0721   2.8458   0.00    0.0
2014/03/03 19:02:30.000   63.755951627  -68.510483194    89.7821   5   9   3.4252   3.0097   7.6625   1.0917  -1.0857   2.8536   0.00    0.0
2014/03/03 19:03:00.000   63.755953806  -68.510474164    89.7468   5   9   3.4313   3.0062   7.6571   1.0833  -1.0987   2.8617   0.00    0.0
2014/03/03 19:03:30.000   63.755951650  -68.510477802    89.6367   5   9   3.4375   3.0026   7.6517   1.0747  -1.1113   2.8702   0.00    0.0
2014/03/03 19:04:00.000   63.755949785  -68.510485333    90.0293   5   9   3.4438   2.9991   7.6464   1.0660  -1.1235   2.8789   0.00    0.0
2014/03/03 19:04:30.000   63.755952290  -68.510480723    89.4157   5   9   3.4504   2.9956   7.6411   1.0571  -1.1352   2.8879   0.00    0.0
2014/03/03 19:05:00.000   63.755946319  -68.510479155    89.7049   5   8   4.1073   3.0206   8.1896   1.4201  -1.5938   1.3522   0.00    0.0
2014/03/03 19:05:30.000   63.755947561  -68.510476873    90.3722   5   8   4.1155   3.0159   8.1832   1.4064  -1.5922   1.3711   0.00    0.0
2014/03/03 19:06:00.000   63.755945855  -68.510480222    89.6334   5   8   4.1239   3.0111   8.1767   1.3925  -1.5903   1.3907   0.00    0.0
2014/03/03 19:06:30.000   63.755949608  -68.510480364    89.6057   5   8   4.1323   3.0065   8.1702   1.3783  -1.5881   1.4110   0.00    0.0
2014/03/03 19:07:00.000   63.755948358  -68.510478061    89.8614   5   8   4.1409   3.0018   8.1636   1.3637  -1.5857   1.4319   0.00    0.0
2014/03/03 19:07:30.000   63.755948118  -68.510480342    89.6100   5   8   4.1497   2.9972   8.1569   1.3489  -1.5830   1.4534   0.00    0.0
2014/03/03 19:08:00.000   63.755947106  -68.510482090    90.0271   5   8   4.1586   2.9927   8.1502   1.3338  -1.5801   1.4755   0.00    0.0
2014/03/03 19:08:30.000   63.755948255  -68.510478539    90.1785   5   8   4.1676   2.9882   8.1434   1.3184  -1.5768   1.4981   0.00    0.0
2014/03/03 19:09:00.000   63.755943072  -68.510488176    91.1567   5   7   4.8221   3.8270  10.5255   2.7335  -4.2986  -3.7117   0.00    0.0
2014/03/03 19:09:30.000   63.755947338  -68.510486034    90.9412   5   7   4.8255   3.8166  10.5421   2.7168  -4.2981  -3.7045   0.00    0.0
2014/03/03 19:10:00.000   63.755944732  -68.510486581    90.9866   5   7   4.8288   3.8061  10.5580   2.6997  -4.2971  -3.6962   0.00    0.0
2014/03/03 19:10:30.000   63.755943045  -68.510487950    91.0151   5   7   4.8320   3.7956  10.5733   2.6821  -4.2955  -3.6866   0.00    0.0
2014/03/03 19:11:00.000   63.755944138  -68.510486202    90.6292   5   7   4.8352   3.7851  10.5880   2.6642  -4.2933  -3.6758   0.00    0.0
2014/03/03 19:11:30.000   63.755944422  -68.510485764    91.7064   5   7   4.8383   3.7744  10.6020   2.6459  -4.2905  -3.6639   0.00    0.0
2014/03/03 19:12:00.000   63.755943058  -68.510484983    90.9479   5   7   4.8415   3.7638  10.6154   2.6271  -4.2871  -3.6506   0.00    0.0
2014/03/03 19:12:30.000   63.755942760  -68.510488323    91.9833   5   7   4.8446   3.7531  10.6282   2.6080  -4.2832  -3.6362   0.00    0.0
2014/03/03 19:13:00.000   63.755945286  -68.510483175    90.9669   5   7   4.8476   3.7424  10.6403   2.5884  -4.2787  -3.6205   0.00    0.0
2014/03/03 19:13:30.000   63.755944970  -68.510484339    90.4594   5   7   4.8507   3.7316  10.6518   2.5684  -4.2737  -3.6035   0.00    0.0
2014/03/03 19:14:00.000   63.755945935  -68.510478699    90.5887   5   8   4.0973   3.6708   9.1241   2.2158  -3.8552   1.2260   0.00    0.0
2014/03/03 19:14:30.000   63.755950025  -68.510478005    90.3146   5   8   4.0996   3.6623   9.1501   2.2003  -3.8609   1.2623   0.00    0.0
2014/03/03 19:15:00.000   63.755945076  -68.510481951    90.2594   5   8   4.1020   3.6537   9.1760   2.1845  -3.8662   1.2991   0.00    0.0
2014/03/03 19:15:30.000   63.755948546  -68.510484661    91.5042   5   8   4.1046   3.6452   9.2018   2.1686  -3.8712   1.3366   0.00    0.0
2014/03/03 19:16:00.000   63.755946633  -68.510482970    90.8006   5   8   4.1072   3.6366   9.2275   2.1525  -3.8758   1.3745   0.00    0.0
2014/03/03 19:16:30.000   63.755949339  -68.510482416    90.0126   5   8   4.1100   3.6281   9.2530   2.1363  -3.8802   1.4129   0.00    0.0
2014/03/03 19:17:00.000   63.755948346  -68.510478847    90.2421   5   8   4.1129   3.6195   9.2785   2.1198  -3.8842   1.4517   0.00    0.0
2014/03/03 19:17:30.000   63.755944214  -68.510483392    90.2894   5   8   4.1159   3.6109   9.3038   2.1031  -3.8879   1.4909   0.00    0.0
2014/03/03 19:18:00.000   63.755947210  -68.510480697    90.9651   5   8   4.1191   3.6023   9.3290   2.0863  -3.8913   1.5305   0.00    0.0
2014/03/03 19:18:30.000   63.755943569  -68.510479040    90.3113   5   8   4.1223   3.5937   9.3540   2.0693  -3.8944   1.5704   0.00    0.0
2014/03/03 19:19:00.000   63.755949252  -68.510475767    90.5267   5   8   4.1257   3.5851   9.3789   2.0521  -3.8972   1.6106   0.00    0.0
2014/03/03 19:19:30.000   63.755948446  -68.510477408    90.8411   5   8   4.1293   3.5765   9.4037   2.0347  -3.8997   1.6511   0.00    0.0
2014/03/03 19:20:00.000   63.755946219  -68.510475236    90.1858   5   8   4.1329   3.5679   9.4283   2.0170  -3.9018   1.6918   0.00    0.0
2014/03/03 19:20:30.000   63.755947336  -68.510472052    89.3898   5   8   4.1367   3.5593   9.4528   1.9992  -3.9037   1.7327   0.00    0.0
2014/03/03 19:21:00.000   63.755950268  -68.510474089    90.5332   5   8   4.1406   3.5507   9.4771   1.9812  -3.9052   1.7738   0.00    0.0
2014/03/03 19:21:30.000   63.755945830  -68.510477966    91.1184   5   8   4.1447   3.5421   9.5013   1.9631  -3.9065   1.8151   0.00    0.0
2014/03/03 19:22:00.000   63.755948122  -68.510473552    90.5974   5   8   4.1489   3.5334   9.5253   1.9447  -3.9074   1.8565   0.00    0.0
2014/03/03 19:22:30.000   63.755947261  -68.510474518    90.6910   5   8   4.1532   3.5248   9.5491   1.9261  -3.9080   1.8981   0.00    0.0
2014/03/03 19:23:00.000   63.755947530  -68.510472767    90.3519   5   8   4.1577   3.5162   9.5728   1.9072  -3.9084   1.9398   0.00    0.0
2014/03/03 19:23:30.000   63.755947405  -68.510471955    90.0809   5   8   4.1623   3.5076   9.5963   1.8882  -3.9084   1.9816   0.00    0.0
2014/03/03 19:24:00.000   63.755948488  -68.510470889    90.5131   5   8   4.1671   3.4990   9.6196   1.8690  -3.9081   2.0234   0.00    0.0
2014/03/03 19:24:30.000   63.755945568  -68.510472850    89.6011   5   8   4.1720   3.4903   9.6428   1.8496  -3.9075   2.0653   0.00    0.0
2014/03/03 19:25:00.000   63.755943696  -68.510474934    89.9197   5   8   4.1771   3.4817   9.6657   1.8300  -3.9067   2.1073   0.00    0.0
2014/03/03 19:25:30.000   63.755950780  -68.510473961    90.4660   5   8   4.1823   3.4731   9.6885   1.8101  -3.9055   2.1493   0.00    0.0
2014/03/03 19:26:00.000   63.755952697  -68.510477301    90.3486   5   8   4.1877   3.4645   9.7110   1.7900  -3.9040   2.1912   0.00    0.0
2014/03/03 19:26:30.000   63.755948657  -68.510473552    89.8074   5   8   4.1932   3.4559   9.7334   1.7698  -3.9022   2.2332   0.00    0.0
2014/03/03 19:27:00.000   63.755949062  -68.510472846    89.2767   5   8   4.1988   3.4473   9.7556   1.7493  -3.9002   2.2752   0.00    0.0
2014/03/03 19:27:30.000   63.755951666  -68.510469992    89.6290   5   8   4.2047   3.4388   9.7775   1.7285  -3.8978   2.3171   0.00    0.0
2014/03/03 19:28:00.000   63.755950000  -68.510476728    90.1555   5   8   4.2107   3.4302   9.7992   1.7076  -3.8952   2.3590   0.00    0.0
2014/03/03 19:28:30.000   63.755946321  -68.510470682    88.8862   5   8   4.2168   3.4216   9.8207   1.6864  -3.8922   2.4009   0.00    0.0
2014/03/03 19:29:00.000   63.755944141  -68.510470730    88.4375   5   7   5.6242   3.5558  13.7231  -0.9651  -4.9659   6.4413   0.00    0.0
2014/03/03 19:29:30.000   63.755944476  -68.510472938    87.7928   5   7   5.6566   3.5541  13.8551  -1.0637  -5.0025   6.5362   0.00    0.0
2014/03/03 19:30:00.000   63.755945797  -68.510467763    88.0328   5   7   5.6900   3.5527  13.9889  -1.1549  -5.0393   6.6323   0.00    0.0
2014/03/03 19:30:30.000   63.755943988  -68.510467670    87.5479   5   7   5.7244   3.5513  14.1243  -1.2403  -5.0764   6.7295   0.00    0.0
2014/03/03 19:31:00.000   63.755946131  -68.510464368    87.3692   5   7   5.7597   3.5501  14.2615  -1.3210  -5.1138   6.8279   0.00    0.0
2014/03/03 19:31:30.000   63.755945360  -68.510469086    86.8041   5   7   5.7960   3.5490  14.4002  -1.3979  -5.1514   6.9274   0.00    0.0
2014/03/03 19:32:00.000   63.755946886  -68.510465557    86.3780   5   7   5.8332   3.5480  14.5405  -1.4715  -5.1892   7.0280   0.00    0.0
2014/03/03 19:32:30.000   63.755949200  -68.510462960    86.4959   5   7   5.8714   3.5472  14.6822  -1.5422  -5.2272   7.1295   0.00    0.0
2014/03/03 19:33:00.000   63.755945483  -68.510465716    85.2990   5   7   5.9105   3.5464  14.8254  -1.6104  -5.2652   7.2320   0.00    0.0
2014/03/03 19:33:30.000   63.755947644  -68.510464128    86.2357   5   7   5.9505   3.5457  14.9697  -1.6764  -5.3034   7.3353   0.00    0.0
2014/03/03 19:34:00.000   63.755948211  -68.510465009    86.1926   5   7   5.9914   3.5451  15.1152  -1.7404  -5.3415   7.4395   0.00    0.0
2014/03/03 19:34:30.000   63.755951386  -68.510466252    87.6219   5   7   6.0332   3.5445  15.2617  -1.8025  -5.3797   7.5444   0.00    0.0
2014/03/03 19:35:00.000   63.755950427  -68.510464411    86.7604   5   7   6.0758   3.5440  15.4091  -1.8629  -5.4177   7.6499   0.00    0.0
2014/03/03 19:35:30.000   63.755949563  -68.510464589    86.9335   5   7   6.1192   3.5435  15.5572  -1.9218  -5.4557   7.7560   0.00    0.0
2014/03/03 19:36:00.000   63.755952330  -68.510465433    87.4457   5   7   6.1633   3.5431  15.7059  -1.9791  -5.4934   7.8625   0.00    0.0
2014/03/03 19:36:30.000   63.755952821  -68.510466605    86.8631   5   7   6.2081   3.5426  15.8548  -2.0349  -5.5308   7.9693   0.00    0.0
2014/03/03 19:37:00.000   63.755952802  -68.510463794    87.2157   5   7   6.2536   3.5422  16.0039  -2.0894  -5.5679   8.0764   0.00    0.0
2014/03/03 19:37:30.000   63.755952125  -68.510461699    86.2223   5   7   6.2997   3.5417  16.1529  -2.1425  -5.6046   8.1835   0.00    0.0
2014/03/03 19:38:00.000   63.755951787  -68.510467015    86.8914   5   7   6.3463   3.5412  16.3016  -2.1942  -5.6407   8.2905   0.00    0.0
2014/03/03 19:38:30.000   63.755954830  -68.510463865    87.7821   5   7   6.3934   3.5406  16.4497  -2.2446  -5.6762   8.3972   0.00    0.0
2014/03/03 19:39:00.000   63.755957992  -68.510467349    89.0092   5   7   6.4408   3.5399  16.5969  -2.2937  -5.7110   8.5035   0.00    0.0
2014/03/03 19:39:30.000   63.755957813  -68.510463650    87.5443   5   7   6.4885   3.5391  16.7430  -2.3414  -5.7450   8.6093   0.00    0.0
2014/03/03 19:40:00.000   63.755960435  -68.510467365    89.1002   5   7   6.5364   3.5381  16.8875  -2.3878  -5.7781   8.7142   0.00    0.0
2014/03/03 19:40:30.000   63.755957639  -68.510465323    87.9002   5   7   6.5843   3.5370  17.0303  -2.4327  -5.8101   8.8182   0.00    0.0
2014/03/03 19:41:00.000   63.755958190  -68.510467028    89.1162   5   7   6.6323   3.5357  17.1709  -2.4763  -5.8410   8.9209   0.00    0.0
2014/03/03 19:41:30.000   63.755957353  -68.510474475    88.4865   5   7   6.6801   3.5343  17.3089  -2.5184  -5.8707   9.0222   0.00    0.0
2014/03/03 19:42:00.000   63.755956396  -68.510467829    88.1518   5   7   6.7276   3.5325  17.4441  -2.5589  -5.8989   9.1218   0.00    0.0
2014/03/03 19:42:30.000   63.755963664  -68.510469145    89.3441   5   7   6.7747   3.5306  17.5759  -2.5980  -5.9256   9.2195   0.00    0.0
2014/03/03 19:43:00.000   63.755958994  -68.510466726    88.2945   5   7   6.8213   3.5283  17.7041  -2.6354  -5.9507   9.3150   0.00    0.0
2014/03/03 19:43:30.000   63.755958072  -68.510463598    87.5956   5   7   6.8672   3.5257  17.8281  -2.6711  -5.9739   9.4081   0.00    0.0
2014/03/03 19:44:00.000   63.755957231  -68.510466688    88.5923   5   7   6.9123   3.5228  17.9476  -2.7052  -5.9953   9.4984   0.00    0.0
2014/03/03 19:44:30.000   63.755957245  -68.510463602    86.5329   5   7   6.9564   3.5196  18.0621  -2.7375  -6.0146   9.5859   0.00    0.0
2014/03/03 19:45:00.000   63.755956645  -68.510467642    86.7597   5   7   6.9994   3.5160  18.1712  -2.7679  -6.0318   9.6700   0.00    0.0
2014/03/03 19:45:30.000   63.755957920  -68.510466943    87.1559   5   7   7.0411   3.5119  18.2744  -2.7964  -6.0466   9.7507   0.00    0.0
2014/03/03 19:46:00.000   63.755963390  -68.510465044    89.5824   5   7   7.0814   3.5075  18.3715  -2.8230  -6.0590   9.8276   0.00    0.0
2014/03/03 19:46:30.000   63.755963423  -68.510467279    88.4946   5   7   7.1201   3.5026  18.4618  -2.8476  -6.0689   9.9005   0.00    0.0
2014/03/03 19:47:00.000   63.755958897  -68.510472725    88.7671   5   7   7.1571   3.4972  18.5452  -2.8701  -6.0761   9.9690   0.00    0.0
2014/03/03 19:47:30.000   63.755954087  -68.510463339    87.3788   5   7   7.1921   3.4914  18.6211  -2.8905  -6.0805  10.0330   0.00    0.0
2014/03/03 19:48:00.000   63.755966611  -68.510466917    88.1073   5   7   7.2252   3.4850  18.6891  -2.9087  -6.0821  10.0922   0.00    0.0
2014/03/03 19:48:30.000   63.755961094  -68.510469586    87.9687   5   7   7.2560   3.4782  18.7491  -2.9248  -6.0807  10.1464   0.00    0.0
2014/03/03 19:49:00.000   63.755966237  -68.510467272    91.0374   5   7   7.2846   3.4709  18.8006  -2.9386  -6.0763  10.1954   0.00    0.0
2014/03/03 19:49:30.000   63.755967844  -68.510474825    89.7914   5   7   7.3108   3.4631  18.8435  -2.9501  -6.0689  10.2389   0.00    0.0
2014/03/03 19:50:00.000   63.755967585  -68.510466646    88.6755   5   7   7.3344   3.4548  18.8773  -2.9594  -6.0583  10.2769   0.00    0.0
2014/03/03 19:50:30.000   63.755967378  -68.510469294    89.6059   5   7   7.3554   3.4460  18.9021  -2.9664  -6.0445  10.3092   0.00    0.0
2014/03/03 19:51:00.000   63.755966184  -68.510470883    88.3350   5   7   7.3736   3.4367  18.9176  -2.9711  -6.0275  10.3356   0.00    0.0
2014/03/03 19:51:30.000   63.755945677  -68.510460323    80.5845   5   6  11.8334   3.6016  39.8725  -4.3686  -8.6593  20.7757   0.00    0.0
2014/03/03 19:52:00.000   63.755934912  -68.510465791    73.2732   5   6  12.1826   3.6057  41.1372  -4.4710  -8.8256  21.4710   0.00    0.0
2014/03/03 19:52:30.000   63.755941399  -68.510460212    77.6562   5   6  12.5421   3.6090  42.4328  -4.5722  -8.9905  22.1829   0.00    0.0
2014/03/03 19:53:00.000   63.755944165  -68.510464600    79.6752   5   6  12.9094   3.6115  43.7512  -4.6710  -9.1518  22.9070   0.00    0.0
2014/03/03 19:53:30.000   63.755932127  -68.510460044    73.7985   5   6  13.2817   3.6127  45.0815  -4.7661  -9.3070  23.6375   0.00    0.0
2014/03/03 19:54:00.000   63.755932831  -68.510455514    73.6741   5   6  13.6552   3.6124  46.4101  -4.8558  -9.4530  24.3672   0.00    0.0
2014/03/03 19:54:30.000   63.755946484  -68.510458022    81.0132   5   6  14.0252   3.6101  47.7200  -4.9382  -9.5863  25.0869   0.00    0.0
2014/03/03 19:55:00.000   63.755949592  -68.510462657    82.0494   5   6  14.3861   3.6056  48.9913  -5.0112  -9.7027  25.7858   0.00    0.0
2014/03/03 19:55:30.000   63.755949392  -68.510467208    81.4398   5   6  14.7312   3.5984  50.2005  -5.0723  -9.7980  26.4516   0.00    0.0
2014/03/03 19:56:00.000   63.755936730  -68.510469067    76.3633   5   6  15.0533   3.5881  51.3219  -5.1192  -9.8674  27.0701   0.00    0.0
2014/03/03 19:56:30.000   63.755944960  -68.510463207    79.5507   5   6  15.3446   3.5745  52.3279  -5.1492  -9.9064  27.6266   0.00    0.0
2014/03/03 19:57:00.000   63.755950803  -68.510464281    81.9265   5   6  15.5970   3.5573  53.1904  -5.1600  -9.9104  28.1060   0.00    0.0
2014/03/03 19:57:30.000   63.755947368  -68.510466540    77.6364   5   6  15.8029   3.5364  53.8830  -5.1497  -9.8757  28.4939   0.00    0.0
2014/03/03 19:58:00.000   63.755944923  -68.510468166    76.6275   5   6  15.9555   3.5120  54.3821  -5.1166  -9.7995  28.7777   0.00    0.0
2014/03/03 19:58:30.000   63.755944116  -68.510465365    78.0058   5   6  16.0496   3.4843  54.6699  -5.0599  -9.6801  28.9475   0.00    0.0
2014/03/03 19:59:00.000   63.755951269  -68.510468573    80.4125   5   6  16.0819   3.4536  54.7351  -4.9795  -9.5175  28.9971   0.00    0.0
2014/03/03 19:59:30.000   63.755952725  -68.510467359    80.1371   5   6  16.0511   3.4208  54.5747  -4.8764  -9.3131  28.9247   0.00    0.0
2014/03/03 20:00:00.000   63.755916616  -68.510448092    64.9458   5   6  16.6596   3.6251  56.9399  -5.3635 -10.2402  30.1515   0.00    0.0
2014/03/03 20:00:30.000   63.755925360  -68.510451063    67.6969   5   6  16.4126   3.5710  55.9936  -5.1655  -9.8616  29.6579   0.00    0.0
2014/03/03 20:01:00.000   63.755929929  -68.510451768    69.5443   5   6  16.1167   3.5181  54.8730  -4.9527  -9.4559  29.0695   0.00    0.0
2014/03/03 20:01:30.000   63.755932606  -68.510457866    70.8765   5   6  15.7813   3.4674  53.6120  -4.7292  -9.0309  28.4044   0.00    0.0
2014/03/03 20:02:00.000   63.755935257  -68.510458493    71.8365   5   6  15.4159   3.4197  52.2443  -4.4988  -8.5937  27.6806   0.00    0.0
2014/03/03 20:02:30.000   63.755946308  -68.510458167    75.7800   5   6  15.0294   3.3755  50.8019  -4.2652  -8.1508  26.9151   0.00    0.0
2014/03/03 20:03:00.000   63.755951042  -68.510457861    77.4593   5   6  14.6299   3.3351  49.3135  -4.0314  -7.7077  26.1234   0.00    0.0
2014/03/03 20:03:30.000   63.755944060  -68.510453866    74.7981   5   6  14.2242   3.2987  47.8038  -3.7997  -7.2688  25.3187   0.00    0.0
2014/03/03 20:04:00.000   63.755958770  -68.510457771    80.4793   5   6  13.8183   3.2663  46.2934  -3.5721  -6.8375  24.5121   0.00    0.0
2014/03/03 20:04:30.000   63.755955553  -68.510462909    78.7458   5   6  13.4168   3.2376  44.7990  -3.3500  -6.4162  23.7126   0.00    0.0
2014/03/03 20:05:00.000   63.755965409  -68.510464862    83.5490   5   6  13.0232   3.2126  43.3332  -3.1345  -6.0065  22.9272   0.00    0.0
2014/03/03 20:05:30.000   63.755970015  -68.510467073    85.3681   5   6  12.6404   3.1908  41.9059  -2.9260  -5.6095  22.1611   0.00    0.0
2014/03/03 20:06:00.000   63.755966031  -68.510465551    83.6592   5   6  12.2703   3.1720  40.5237  -2.7250  -5.2254  21.4180   0.00    0.0
2014/03/03 20:06:30.000   63.755974123  -68.510465373    85.7375   5   6  11.9141   3.1559  39.1912  -2.5314  -4.8541  20.7005   0.00    0.0
2014/03/03 20:07:00.000   63.755974888  -68.510464129    87.5094   5   6  11.5727   3.1422  37.9113  -2.3452  -4.4950  20.0102   0.00    0.0
2014/03/03 20:07:30.000   63.755968870  -68.510468216    85.1806   5   6  11.2463   3.1306  36.6851  -2.1660  -4.1472  19.3478   0.00    0.0
2014/03/03 20:08:00.000   63.755978440  -68.510468383    88.1053   5   6  10.9351   3.1208  35.5129  -1.9934  -3.8094  18.7135   0.00    0.0
2014/03/03 20:08:30.000   63.755983577  -68.510467706    89.4257   5   6  10.6389   3.1127  34.3942  -1.8269  -3.4801  18.1070   0.00    0.0
2014/03/03 20:09:00.000   63.755980196  -68.510468737    87.7578   5   6  10.3574   3.1059  33.3277  -1.6659  -3.1572  17.5279   0.00    0.0
2014/03/03 20:09:30.000   63.755981600  -68.510462935    89.2770   5   6  10.0900   3.1004  32.3118  -1.5094  -2.8383  16.9753   0.00    0.0
2014/03/03 20:10:00.000   63.755987735  -68.510463717    90.6693   5   6   9.8363   3.0959  31.3446  -1.3566  -2.5198  16.4483   0.00    0.0
2014/03/03 20:10:30.000   63.755987935  -68.510466769    90.3616   5   6   9.5956   3.0923  30.4240  -1.2063  -2.1971  15.9457   0.00    0.0
2014/03/03 20:11:00.000   63.755983919  -68.510465802    89.5446   5   6   9.3675   3.0895  29.5479  -1.0568  -1.8625  15.4665   0.00    0.0
2014/03/03 20:11:30.000   63.755983933  -68.510465093    89.1343   5   6   9.1511   3.0874  28.7141  -0.9058  -1.5021  15.0095   0.00    0.0
2014/03/03 20:12:00.000   63.755989432  -68.510462633    91.1553   5   6   8.9459   3.0859  27.9203  -0.7492  -1.0836  14.5736   0.00    0.0
2014/03/03 20:12:30.000   63.755989646  -68.510467934    91.2496   5   6   8.7514   3.0848  27.1645  -0.5793  -0.4560  14.1577   0.00    0.0
2014/03/03 20:13:00.000   63.755983385  -68.510462834    89.1858   5   6   8.5668   3.0842  26.4445  -0.3736   0.8093  13.7607   0.00    0.0
2014/03/03 20:13:30.000   63.755992217  -68.510463828    91.8299   5   6   8.3917   3.0839  25.7584   0.1728   1.1939  13.3815   0.00    0.0
2014/03/03 20:14:00.000   63.755991259  -68.510463986    91.5224   5   6   8.2255   3.0840  25.1043   0.4190   1.4539  13.0193   0.00    0.0
2014/03/03 20:14:30.000   63.755989157  -68.510462709    91.4535   5   6   8.0676   3.0843  24.4802   0.5477   1.6518  12.6729   0.00    0.0
2014/03/03 20:15:00.000   63.755989586  -68.510465258    91.6946   5   6   7.9176   3.0849  23.8846   0.6368   1.8104  12.3416   0.00    0.0
2014/03/03 20:15:30.000   63.755992755  -68.510461980    91.9211   5   6   7.7751   3.0857  23.3158   0.7028   1.9411  12.0244   0.00    0.0
2014/03/03 20:16:00.000   63.755993052  -68.510465481    92.2548   5   6   7.6396   3.0866  22.7722   0.7530   2.0507  11.7206   0.00    0.0
2014/03/03 20:16:30.000   63.755993870  -68.510463551    92.9630   5   6   7.5106   3.0877  22.2525   0.7915   2.1437  11.4294   0.00    0.0
2014/03/03 20:17:00.000   63.755992387  -68.510461284    92.4843   5   6   7.3879   3.0890  21.7552   0.8208   2.2234  11.1501   0.00    0.0
2014/03/03 20:17:30.000   63.755998068  -68.510467138    93.1990   5   6   7.2710   3.0903  21.2792   0.8425   2.2921  10.8821   0.00    0.0
2014/03/03 20:18:00.000   63.755993083  -68.510470684    93.3838   5   6   7.1596   3.0917  20.8231   0.8578   2.3514  10.6247   0.00    0.0
2014/03/03 20:18:30.000   63.755989846  -68.510473723    92.1813   5   6   7.0535   3.0933  20.3860   0.8677   2.4030  10.3774   0.00    0.0
2014/03/03 20:19:00.000   63.755996305  -68.510474735    92.5237   5   6   6.9522   3.0949  19.9668   0.8729   2.4478  10.1395   0.00    0.0
2014/03/03 20:19:30.000   63.755994368  -68.510474635    90.9943   5   6   6.8555   3.0966  19.5645   0.8739   2.4867   9.9107   0.00    0.0
2014/03/03 20:20:00.000   63.755997837  -68.510472385    91.0978   5   6   6.7633   3.0983  19.1782   0.8711   2.5206   9.6903   0.00    0.0
2014/03/03 20:20:30.000   63.755997028  -68.510471997    91.0970   5   6   6.6751   3.1001  18.8070   0.8648   2.5501   9.4780   0.00    0.0
2014/03/03 20:21:00.000   63.755995960  -68.510469773    91.2062   5   6   6.5909   3.1019  18.4502   0.8553   2.5757   9.2734   0.00    0.0
2014/03/03 20:21:30.000   63.755993060  -68.510471731    92.1108   5   6   6.5104   3.1038  18.1070   0.8428   2.5978   9.0760   0.00    0.0
2014/03/03 20:22:00.000   63.755991259  -68.510474718    91.9007   5   6   6.4333   3.1057  17.7766   0.8275   2.6169   8.8855   0.00    0.0
2014/03/03 20:22:30.000   63.755992765  -68.510481045    92.9641   5   6   6.3596   3.1077  17.4586   0.8093   2.6332   8.7016   0.00    0.0
2014/03/03 20:23:00.000   63.755989969  -68.510477503    91.8975   5   6   6.2890   3.1097  17.1521   0.7884   2.6472   8.5239   0.00    0.0
2014/03/03 20:23:30.000   63.755996528  -68.510475291    92.8130   5   6   6.2214   3.1117  16.8567   0.7648   2.6589   8.3521   0.00    0.0
2014/03/03 20:24:00.000   63.755999444  -68.510473711    92.7691   5   6   6.1567   3.1137  16.5718   0.7383   2.6687   8.1859   0.00    0.0
2014/03/03 20:24:30.000   63.755995821  -68.510472323    91.8082   5   6   6.0946   3.1158  16.2968   0.7090   2.6768   8.0251   0.00    0.0
2014/03/03 20:25:00.000   63.755993574  -68.510474968    91.4952   5   6   6.0350   3.1179  16.0314   0.6765   2.6832   7.8694   0.00    0.0
2014/03/03 20:25:30.000   63.755995895  -68.510470985    91.3408   5   6   5.9779   3.1201  15.7751   0.6406   2.6883   7.7186   0.00    0.0
2014/03/03 20:26:00.000   63.755997006  -68.510473077    91.5106   5   6   5.9231   3.1222  15.5273   0.6008   2.6921   7.5725   0.00    0.0
2014/03/03 20:26:30.000   63.755993603  -68.510475939    91.6187   5   6   5.8705   3.1244  15.2878   0.5564   2.6946   7.4307   0.00    0.0
2014/03/03 20:27:00.000   63.755992855  -68.510474541    91.1306   5   6   5.8200   3.1267  15.0562   0.5065   2.6962   7.2933   0.00    0.0
2014/03/03 20:27:30.000   63.755991468  -68.510474277    91.4619   5   6   5.7714   3.1289  14.8321   0.4494   2.6968   7.1599   0.00    0.0
2014/03/03 20:28:00.000   63.755997355  -68.510472622    92.1280   5   6   5.7248   3.1312  14.6151   0.3819   2.6965   7.0304   0.00    0.0
2014/03/03 20:28:30.000   63.755994619  -68.510471246    93.0752   5   6   5.6800   3.1335  14.4050   0.2974   2.6954   6.9046   0.00    0.0
2014/03/03 20:29:00.000   63.755996043  -68.510469762    92.2944   5   6   5.6369   3.1358  14.2014   0.1727   2.6936   6.7824   0.00    0.0
2014/03/03 20:29:30.000   63.755994328  -68.510472337    92.5899   5   6   5.5954   3.1382  14.0041  -0.1730   2.6911   6.6636   0.00    0.0
2014/03/03 20:30:00.000   63.755993255  -68.510470487    92.7496   5   6   5.5555   3.1406  13.8127  -0.3011   2.6880   6.5481   0.00    0.0
2014/03/03 20:30:30.000   63.755996223  -68.510467092    92.4207   5   6   5.5172   3.1430  13.6272  -0.3903   2.6844   6.4358   0.00    0.0
2014/03/03 20:31:00.000   63.755996312  -68.510469847    92.5909   5   6   5.4802   3.1455  13.4471  -0.4635   2.6803   6.3265   0.00    0.0
2014/03/03 20:31:30.000   63.755993422  -68.510468862    92.8093   5   6   5.4447   3.1479  13.2723  -0.5274   2.6757   6.2201   0.00    0.0
2014/03/03 20:32:00.000   63.755996831  -68.510468025    92.3893   5   6   5.4105   3.1505  13.1025  -0.5850   2.6707   6.1165   0.00    0.0
2014/03/03 20:32:30.000   63.755999010  -68.510465717    93.1248   5   6   5.3775   3.1530  12.9376  -0.6379   2.6653   6.0156   0.00    0.0
2014/03/03 20:33:00.000   63.755999329  -68.510464793    92.4742   5   6   5.3458   3.1556  12.7774  -0.6871   2.6596   5.9173   0.00    0.0
2014/03/03 20:33:30.000   63.755998696  -68.510462580    91.3640   5   6   5.3152   3.1582  12.6216  -0.7335   2.6535   5.8215   0.00    0.0
2014/03/03 20:34:00.000   63.755995920  -68.510466472    91.9301   5   6   5.2857   3.1608  12.4702  -0.7774   2.6472   5.7281   0.00    0.0
2014/03/03 20:34:30.000   63.756000377  -68.510469384    92.7970   5   6   5.2573   3.1635  12.3228  -0.8192   2.6405   5.6370   0.00    0.0
2014/03/03 20:35:00.000   63.755997664  -68.510468973    92.4026   5   6   5.2300   3.1662  12.1795  -0.8592   2.6337   5.5482   0.00    0.0
2014/03/03 20:35:30.000   63.755999476  -68.510467446    92.7242   5   6   5.2036   3.1690  12.0400  -0.8977   2.6266   5.4616   0.00    0.0
2014/03/03 20:36:00.000   63.756001317  -68.510464798    91.7918   5   6   5.1782   3.1718  11.9041  -0.9348   2.6192   5.3771   0.00    0.0
2014/03/03 20:36:30.000   63.756003482  -68.510464912    91.6236   5   6   5.1537   3.1746  11.7718  -0.9706   2.6117   5.2946   0.00    0.0
2014/03/03 20:37:00.000   63.755999281  -68.510463512    91.8952   5   6   5.1300   3.1775  11.6429  -1.0053   2.6040   5.2140   0.00    0.0
2014/03/03 20:37:30.000   63.756000388  -68.510466591    92.1715   5   6   5.1072   3.1804  11.5173  -1.0390   2.5961   5.1354   0.00    0.0
2014/03/03 20:38:00.000   63.755996271  -68.510466588    91.6702   5   6   5.0853   3.1834  11.3949  -1.0718   2.5881   5.0586   0.00    0.0
2014/03/03 20:38:30.000   63.755995584  -68.510465766    91.8472   5   6   5.0641   3.1864  11.2755  -1.1037   2.5799   4.9836   0.00    0.0
2014/03/03 20:39:00.000   63.755996158  -68.510465590    92.4231   5   6   5.0437   3.1894  11.1590  -1.1347   2.5716   4.9104   0.00    0.0
2014/03/03 20:39:30.000   63.755991740  -68.510465390    92.0262   5   6   5.0240   3.1925  11.0455  -1.1651   2.5632   4.8388   0.00    0.0
2014/03/03 20:40:00.000   63.756000140  -68.510461686    91.4166   5   6   5.0050   3.1956  10.9346  -1.1947   2.5546   4.7688   0.00    0.0
2014/03/03 20:40:30.000   63.755998138  -68.510463494    92.0572   5   6   4.9866   3.1987  10.8264  -1.2237   2.5459   4.7005   0.00    0.0
2014/03/03 20:41:00.000   63.755996023  -68.510467272    92.7444   5   6   4.9690   3.2020  10.7208  -1.2521   2.5372   4.6337   0.00    0.0
2014/03/03 20:41:30.000   63.755993509  -68.510462384    92.9857   5   6   4.9520   3.2052  10.6176  -1.2799   2.5283   4.5684   0.00    0.0
2014/03/03 20:42:00.000   63.755994858  -68.510460146    91.9262   5   7   4.4898   3.1126   8.8169  -0.3357   3.2880   2.9226   0.00    0.0
2014/03/03 20:42:30.000   63.755996311  -68.510463460    92.5943   5   7   4.4834   3.1121   8.7813  -0.4133   3.2793   2.8945   0.00    0.0
2014/03/03 20:43:00.000   63.755998958  -68.510460890    93.8460   5   7   4.4772   3.1116   8.7457  -0.4785   3.2703   2.8668   0.00    0.0
2014/03/03 20:43:30.000   63.755990968  -68.510465023    94.2966   5   7   4.4711   3.1111   8.7102  -0.5359   3.2611   2.8394   0.00    0.0
2014/03/03 20:44:00.000   63.755995221  -68.510461171    93.5413   5   7   4.4651   3.1105   8.6748  -0.5877   3.2515   2.8124   0.00    0.0
2014/03/03 20:44:30.000   63.755999053  -68.510462613    91.9129   5   7   4.4593   3.1099   8.6395  -0.6354   3.2416   2.7858   0.00    0.0
2014/03/03 20:45:00.000   63.755990381  -68.510460381    92.6182   5   7   4.4536   3.1093   8.6042  -0.6797   3.2315   2.7595   0.00    0.0
2014/03/03 20:45:30.000   63.755995447  -68.510461948    92.7587   5   7   4.4480   3.1086   8.5691  -0.7214   3.2210   2.7337   0.00    0.0
2014/03/03 20:46:00.000   63.755995389  -68.510461827    93.7707   5   7   4.4426   3.1080   8.5340  -0.7608   3.2103   2.7082   0.00    0.0
2014/03/03 20:46:30.000   63.755992236  -68.510459699    92.8054   5   7   4.4374   3.1073   8.4990  -0.7982   3.1993   2.6832   0.00    0.0
2014/03/03 20:47:00.000   63.755987774  -68.510465426    94.3255   5   7   4.4322   3.1066   8.4641  -0.8339   3.1881   2.6586   0.00    0.0
2014/03/03 20:47:30.000   63.755999976  -68.510464303    93.2780   5   7   4.4272   3.1058   8.4293  -0.8682   3.1766   2.6345   0.00    0.0
2014/03/03 20:48:00.000   63.755990158  -68.510464420    93.7891   5   7   4.4224   3.1051   8.3946  -0.9011   3.1648   2.6108   0.00    0.0
2014/03/03 20:48:30.000   63.755994909  -68.510461273    93.7060   5   7   4.4177   3.1044   8.3600  -0.9329   3.1527   2.5876   0.00    0.0
2014/03/03 20:49:00.000   63.755989051  -68.510459764    93.0593   5   8   4.2981   2.6468   7.3869   0.8328   1.9074   3.2282   0.00    0.0
2014/03/03 20:49:30.000   63.755993907  -68.510468636    93.4549   5   8   4.2899   2.6445   7.3709   0.8144   1.9031   3.2130   0.00    0.0
2014/03/03 20:50:00.000   63.755990627  -68.510466038    93.0016   5   8   4.2817   2.6422   7.3550   0.7955   1.8986   3.1979   0.00    0.0
2014/03/03 20:50:30.000   63.755995497  -68.510466961    94.4140   5   8   4.2737   2.6399   7.3391   0.7761   1.8939   3.1830   0.00    0.0
2014/03/03 20:51:00.000   63.756003765  -68.510460536    93.1135   5   8   4.2658   2.6376   7.3234   0.7561   1.8891   3.1683   0.00    0.0
2014/03/03 20:51:30.000   63.755990173  -68.510472850    93.3505   5   8   4.2579   2.6353   7.3076   0.7356   1.8841   3.1537   0.00    0.0
2014/03/03 20:52:00.000   63.756002823  -68.510466909    92.6945   5   8   4.2502   2.6330   7.2919   0.7145   1.8788   3.1393   0.00    0.0
2014/03/03 20:52:30.000   63.755989712  -68.510476216    93.6647   5   8   4.2426   2.6307   7.2763   0.6926   1.8735   3.1251   0.00    0.0
2014/03/03 20:53:00.000   63.755992954  -68.510470619    93.7891   5   8   4.2351   2.6285   7.2607   0.6700   1.8679   3.1111   0.00    0.0
2014/03/03 20:53:30.000   63.756000025  -68.510461222    92.9739   5   8   4.2277   2.6262   7.2452   0.6466   1.8622   3.0972   0.00    0.0
2014/03/03 20:54:00.000   63.755994151  -68.510471461    93.7258   5   8   4.2204   2.6240   7.2298   0.6223   1.8563   3.0835   0.00    0.0
2014/03/03 20:54:30.000   63.755991335  -68.510465153    93.9016   5   8   4.2132   2.6217   7.2143   0.5970   1.8503   3.0700   0.00    0.0
2014/03/03 20:55:00.000   63.756004749  -68.510468362    93.4244   5   8   4.2061   2.6195   7.1989   0.5705   1.8441   3.0567   0.00    0.0
2014/03/03 20:55:30.000   63.756004488  -68.510471096    94.5716   5   8   4.1992   2.6173   7.1836   0.5427   1.8377   3.0436   0.00    0.0
2014/03/03 20:56:00.000   63.756004685  -68.510467939    93.5426   5   8   4.1923   2.6152   7.1683   0.5134   1.8312   3.0306   0.00    0.0
2014/03/03 20:56:30.000   63.755999058  -68.510468531    94.1600   5   8   4.1856   2.6130   7.1530   0.4824   1.8246   3.0178   0.00    0.0
2014/03/03 20:57:00.000   63.755997033  -68.510467127    93.5787   5   8   4.1790   2.6108   7.1378   0.4491   1.8178   3.0053   0.00    0.0
2014/03/03 20:57:30.000   63.756003230  -68.510471565    93.6260   5   8   4.1725   2.6087   7.1225   0.4132   1.8108   2.9929   0.00    0.0
2014/03/03 20:58:00.000   63.756000519  -68.510466664    93.8375   5   8   4.1661   2.6066   7.1074   0.3739   1.8037   2.9807   0.00    0.0
2014/03/03 20:58:30.000   63.755996001  -68.510469867    95.2507   5   8   4.1598   2.6045   7.0922   0.3300   1.7965   2.9686   0.00    0.0
2014/03/03 20:59:00.000   63.755995681  -68.510472899    95.5955   5   8   4.1536   2.6024   7.0770   0.2792   1.7892   2.9568   0.00    0.0
2014/03/03 20:59:30.000   63.755992602  -68.510465870    94.3119   5   8   4.1476   2.6004   7.0619   0.2169   1.7817   2.9452   0.00    0.0
2014/03/03 21:00:00.000   63.755992792  -68.510469399    94.0467   5   8   4.0583   2.5596   7.0128  -0.5944   1.6848   2.8347   0.00    0.0
2014/03/03 21:00:30.000   63.755993722  -68.510476448    95.2242   5   7   4.9458   2.6882   7.6053   1.4003   0.5922  -0.6919   0.00    0.0
2014/03/03 21:01:00.000   63.755990251  -68.510470165    94.3124   5   7   4.9338   2.6841   7.6054   1.3776   0.5658  -0.7808   0.00    0.0
2014/03/03 21:01:30.000   63.755993343  -68.510473560    94.3535   5   7   4.9221   2.6802   7.6057   1.3548   0.5382  -0.8593   0.00    0.0
2014/03/03 21:02:00.000   63.755989981  -68.510474674    94.2594   5   7   4.9107   2.6763   7.6061   1.3319   0.5093  -0.9300   0.00    0.0
2014/03/03 21:02:30.000   63.755990119  -68.510472254    93.9590   5   7   4.8995   2.6724   7.6067   1.3090   0.4789  -0.9946   0.00    0.0
2014/03/03 21:03:00.000   63.755989363  -68.510479506    93.7794   5   7   4.8886   2.6687   7.6073   1.2860   0.4465  -1.0542   0.00    0.0
2014/03/03 21:03:30.000   63.755995725  -68.510475627    93.7257   5   7   4.8779   2.6651   7.6080   1.2628   0.4117  -1.1097   0.00    0.0
2014/03/03 21:04:00.000   63.755991155  -68.510474497    94.1888   5   7   4.8675   2.6615   7.6088   1.2396   0.3740  -1.1616   0.00    0.0
2014/03/03 21:04:30.000   63.755991611  -68.510472808    94.1813   5   7   4.8573   2.6580   7.6097   1.2162   0.3322  -1.2105   0.00    0.0
2014/03/03 21:05:00.000   63.755990907  -68.510478909    93.5987   5   7   4.8474   2.6546   7.6107   1.1926   0.2845  -1.2567   0.00    0.0
2014/03/03 21:05:30.000   63.755992530  -68.510475247    93.6186   5   7   4.8377   2.6513   7.6118   1.1689   0.2275  -1.3005   0.00    0.0
2014/03/03 21:06:00.000   63.755987445  -68.510473492    94.0215   5   7   4.8282   2.6481   7.6129   1.1450   0.1506  -1.3421   0.00    0.0
2014/03/03 21:06:30.000   63.755993178  -68.510486610    93.8804   5   7   4.8190   2.6450   7.6141   1.1210  -0.0788  -1.3818   0.00    0.0
2014/03/03 21:07:00.000   63.755992785  -68.510484920    94.6191   5   7   4.8101   2.6419   7.6154   1.0966  -0.1870  -1.4197   0.00    0.0
2014/03/03 21:07:30.000   63.755993665  -68.510480676    93.2836   5   7   4.8013   2.6389   7.6167   1.0721  -0.2521  -1.4560   0.00    0.0
2014/03/03 21:08:00.000   63.755994441  -68.510484261    93.0533   5   7   4.7928   2.6360   7.6180   1.0472  -0.3033  -1.4909   0.00    0.0
2014/03/03 21:08:30.000   63.755993961  -68.510475895    93.3668   5   7   4.7845   2.6331   7.6194   1.0221  -0.3467  -1.5243   0.00    0.0
2014/03/03 21:09:00.000   63.755992312  -68.510484837    93.3486   5   7   4.7765   2.6304   7.6208   0.9966  -0.3851  -1.5564   0.00    0.0
2014/03/03 21:09:30.000   63.755989197  -68.510483251    94.3147   5   7   4.7687   2.6277   7.6223   0.9707  -0.4197  -1.5873   0.00    0.0
2014/03/03 21:10:00.000   63.755994730  -68.510480422    93.2697   5   7   4.7611   2.6251   7.6238   0.9445  -0.4515  -1.6171   0.00    0.0
2014/03/03 21:10:30.000   63.755985862  -68.510484084    93.8556   5   7   4.7537   2.6225   7.6253   0.9178  -0.4810  -1.6459   0.00    0.0
2014/03/03 21:11:00.000   63.755991363  -68.510483903    94.2635   5   7   4.7465   2.6201   7.6268   0.8906  -0.5086  -1.6736   0.00    0.0
2014/03/03 21:11:30.000   63.755991313  -68.510485684    93.7661   5   7   4.7396   2.6177   7.6283   0.8628  -0.5346  -1.7004   0.00    0.0
2014/03/03 21:12:00.000   63.755989175  -68.510485020    93.3914   5   7   4.7329   2.6154   7.6298   0.8344  -0.5592  -1.7263   0.00    0.0
2014/03/03 21:12:30.000   63.755989918  -68.510483145    93.6120   5   7   4.7263   2.6131   7.6313   0.8053  -0.5826  -1.7513   0.00    0.0
2014/03/03 21:13:00.000   63.755993781  -68.510480546    93.9016   5   7   4.7200   2.6110   7.6328   0.7754  -0.6048  -1.7756   0.00    0.0
2014/03/03 21:13:30.000   63.755990351  -68.510482195    94.1364   5   7   4.7140   2.6089   7.6343   0.7447  -0.6261  -1.7990   0.00    0.0
2014/03/03 21:14:00.000   63.755991152  -68.510484796    94.3582   5   7   4.7081   2.6068   7.6357   0.7129  -0.6465  -1.8218   0.00    0.0
2014/03/03 21:14:30.000   63.755989849  -68.510484565    94.1471   5   7   4.7024   2.6049   7.6372   0.6799  -0.6660  -1.8438   0.00    0.0
2014/03/03 21:15:00.000   63.755993262  -68.510481850    94.3483   5   7   4.6969   2.6030   7.6385   0.6456  -0.6848  -1.8651   0.00    0.0
2014/03/03 21:15:30.000   63.755992857  -68.510485515    94.3079   5   7   4.6917   2.6012   7.6399   0.6096  -0.7030  -1.8858   0.00    0.0
2014/03/03 21:16:00.000   63.755993835  -68.510480767    94.0967   5   7   4.6866   2.5994   7.6412   0.5717  -0.7204  -1.9059   0.00    0.0
2014/03/03 21:16:30.000   63.755995503  -68.510480828    94.4111   5   7   4.6818   2.5977   7.6425   0.5315  -0.7372  -1.9254   0.00    0.0
2014/03/03 21:17:00.000   63.755990830  -68.510478039    93.9363   5   7   4.6771   2.5961   7.6437   0.4883  -0.7535  -1.9442   0.00    0.0
2014/03/03 21:17:30.000   63.755994766  -68.510474235    94.3272   5   7   4.6726   2.5946   7.6448   0.4412  -0.7692  -1.9625   0.00    0.0
2014/03/03 21:18:00.000   63.755992129  -68.510480679    94.1585   5   7   4.6684   2.5931   7.6459   0.3889  -0.7843  -1.9803   0.00    0.0
2014/03/03 21:18:30.000   63.755995644  -68.510479863    93.6910   5   7   4.6643   2.5917   7.6469   0.3289  -0.7990  -1.9975   0.00    0.0
2014/03/03 21:19:00.000   63.755998273  -68.510473858    93.6295   5   7   4.6604   2.5903   7.6478   0.2555  -0.8131  -2.0142   0.00    0.0
2014/03/03 21:19:30.000   63.755997704  -68.510470042    93.8270   5   7   4.6567   2.5890   7.6487   0.1508  -0.8268  -2.0304   0.00    0.0
2014/03/03 21:20:00.000   63.755995919  -68.510471325    94.2185   5   7   4.6532   2.5878   7.6494  -0.1400  -0.8400  -2.0462   0.00    0.0
2014/03/03 21:20:30.000   63.755994285  -68.510478365    93.9349   5   7   4.6499   2.5867   7.6501  -0.2484  -0.8528  -2.0614   0.00    0.0
2014/03/03 21:21:00.000   63.755994539  -68.510475297    93.8491   5   7   4.6468   2.5856   7.6506  -0.3218  -0.8652  -2.0762   0.00    0.0
2014/03/03 21:21:30.000   63.755995903  -68.510472909    93.8945   5   7   4.6439   2.5845   7.6511  -0.3811  -0.8771  -2.0905   0.00    0.0
2014/03/03 21:22:00.000   63.755995341  -68.510478599    94.5209   5   7   4.6411   2.5836   7.6515  -0.4321  -0.8886  -2.1044   0.00    0.0
2014/03/03 21:22:30.000   63.755990826  -68.510472526    94.1220   5   7   4.6386   2.5827   7.6517  -0.4775  -0.8997  -2.1178   0.00    0.0
2014/03/03 21:23:00.000   63.755997394  -68.510472445    94.0764   5   6   5.6278   2.7600   8.7859  -1.8388  -2.2452   3.0387   0.00    0.0
2014/03/03 21:23:30.000   63.755995594  -68.510474021    94.3995   5   6   5.6223   2.7603   8.7953  -1.8508  -2.2563   3.0353   0.00    0.0
2014/03/03 21:24:00.000   63.755994534  -68.510471033    94.5856   5   6   5.6171   2.7606   8.8044  -1.8626  -2.2672   3.0319   0.00    0.0
2014/03/03 21:24:30.000   63.755997389  -68.510475432    94.3927   5   6   5.6121   2.7610   8.8132  -1.8743  -2.2778   3.0286   0.00    0.0
2014/03/03 21:25:00.000   63.755994291  -68.510478108    94.4826   5   6   5.6072   2.7614   8.8218  -1.8858  -2.2881   3.0254   0.00    0.0
2014/03/03 21:25:30.000   63.755994789  -68.510471536    93.9952   5   6   5.6026   2.7619   8.8300  -1.8972  -2.2982   3.0222   0.00    0.0
2014/03/03 21:26:00.000   63.756001102  -68.510475413    94.5438   5   6   5.5981   2.7624   8.8379  -1.9085  -2.3079   3.0190   0.00    0.0
2014/03/03 21:26:30.000   63.755999779  -68.510474735    93.9424   5   6   5.5939   2.7630   8.8455  -1.9197  -2.3174   3.0159   0.00    0.0
2014/03/03 21:27:00.000   63.755998100  -68.510484458    93.7091   5   6   5.5898   2.7635   8.8528  -1.9308  -2.3265   3.0128   0.00    0.0
2014/03/03 21:27:30.000   63.756000324  -68.510473076    93.0709   5   6   5.5859   2.7642   8.8597  -1.9418  -2.3354   3.0097   0.00    0.0
2014/03/03 21:28:00.000   63.755998522  -68.510480886    93.1672   5   6   5.5822   2.7648   8.8662  -1.9526  -2.3439   3.0066   0.00    0.0
2014/03/03 21:28:30.000   63.756000947  -68.510482875    93.5363   5   6   5.5787   2.7655   8.8724  -1.9634  -2.3521   3.0036   0.00    0.0
2014/03/03 21:29:00.000   63.756001168  -68.510480538    93.7532   5   6   5.5753   2.7662   8.8782  -1.9740  -2.3600   3.0005   0.00    0.0
2014/03/03 21:29:30.000   63.755997351  -68.510474948    93.1562   5   6   5.5721   2.7669   8.8835  -1.9846  -2.3675   2.9974   0.00    0.0
2014/03/03 21:30:00.000   63.755999116  -68.510476243    94.0279   5   6   5.5692   2.7677   8.8885  -1.9950  -2.3747   2.9944   0.00    0.0
2014/03/03 21:30:30.000   63.755995316  -68.510474247    92.3627   5   6   5.5664   2.7685   8.8930  -2.0054  -2.3815   2.9912   0.00    0.0
2014/03/03 21:31:00.000   63.756001021  -68.510471357    93.0420   5   6   5.5637   2.7693   8.8970  -2.0157  -2.3880   2.9881   0.00    0.0
2014/03/03 21:31:30.000   63.755999806  -68.510478024    93.3367   5   6   5.5613   2.7701   8.9006  -2.0259  -2.3941   2.9850   0.00    0.0
2014/03/03 21:32:00.000   63.755997551  -68.510472752    92.5885   5   6   5.5590   2.7710   8.9038  -2.0360  -2.3999   2.9818   0.00    0.0
2014/03/03 21:32:30.000   63.755999618  -68.510477003    93.3219   5   6   5.5568   2.7719   8.9064  -2.0460  -2.4052   2.9785   0.00    0.0
2014/03/03 21:33:00.000   63.755995997  -68.510480869    92.5078   5   6   5.5549   2.7727   8.9086  -2.0559  -2.4102   2.9753   0.00    0.0
2014/03/03 21:33:30.000   63.755994654  -68.510474970    92.0293   5   6   5.5531   2.7736   8.9103  -2.0658  -2.4148   2.9719   0.00    0.0
2014/03/03 21:34:00.000   63.756005459  -68.510471732    92.3128   5   6   5.5515   2.7746   8.9114  -2.0756  -2.4189   2.9685   0.00    0.0
2014/03/03 21:34:30.000   63.756000214  -68.510475884    93.0834   5   6   5.5500   2.7755   8.9121  -2.0853  -2.4227   2.9651   0.00    0.0
2014/03/03 21:35:00.000   63.755995941  -68.510475153    92.3015   5   6   5.5487   2.7765   8.9122  -2.0950  -2.4261   2.9616   0.00    0.0
2014/03/03 21:35:30.000   63.756000430  -68.510471275    92.1140   5   6   5.5476   2.7774   8.9118  -2.1045  -2.4290   2.9580   0.00    0.0
2014/03/03 21:36:00.000   63.755998003  -68.510473870    92.6153   5   6   5.5466   2.7784   8.9109  -2.1140  -2.4316   2.9544   0.00    0.0
2014/03/03 21:36:30.000   63.755997892  -68.510471450    91.7386   5   6   5.5457   2.7794   8.9094  -2.1235  -2.4337   2.9507   0.00    0.0
2014/03/03 21:37:00.000   63.755992618  -68.510483041    93.1372   5   6   5.5450   2.7804   8.9073  -2.1329  -2.4354   2.9469   0.00    0.0
2014/03/03 21:37:30.000   63.755998164  -68.510472538    92.3840   5   6   5.5445   2.7814   8.9047  -2.1422  -2.4366   2.9431   0.00    0.0
2014/03/03 21:38:00.000   63.756006189  -68.510479794    93.2320   5   6   5.5441   2.7824   8.9015  -2.1514  -2.4374   2.9392   0.00    0.0
2014/03/03 21:38:30.000   63.756004374  -68.510478056    92.5450   5   6   5.5439   2.7834   8.8978  -2.1606  -2.4377   2.9351   0.00    0.0
2014/03/03 21:39:00.000   63.756002351  -68.510473229    92.7336   5   6   5.5438   2.7844   8.8935  -2.1698  -2.4377   2.9311   0.00    0.0
2014/03/03 21:39:30.000   63.755995110  -68.510477298    92.0206   5   6   5.5438   2.7854   8.8886  -2.1788  -2.4371   2.9269   0.00    0.0
2014/03/03 21:40:00.000   63.756000189  -68.510471179    92.3478   5   6   5.5440   2.7865   8.8831  -2.1879  -2.4361   2.9226   0.00    0.0
2014/03/03 21:40:30.000   63.756000516  -68.510467190    92.4100   5   6   5.5443   2.7875   8.8771  -2.1968  -2.4346   2.9183   0.00    0.0
2014/03/03 21:41:00.000   63.755996007  -68.510470387    92.4315   5   6   5.5448   2.7885   8.8704  -2.2058  -2.4327   2.9139   0.00    0.0
2014/03/03 21:41:30.000   63.755999790  -68.510471735    92.2457   5   6   5.5454   2.7896   8.8632  -2.2146  -2.4303   2.9094   0.00    0.0
2014/03/03 21:42:00.000   63.756004081  -68.510473974    92.4343   5   6   5.5461   2.7906   8.8554  -2.2235  -2.4275   2.9048   0.00    0.0
2014/03/03 21:42:30.000   63.755998596  -68.510475475    91.8724   5   6   5.5469   2.7917   8.8470  -2.2322  -2.4241   2.9001   0.00    0.0
2014/03/03 21:43:00.000   63.756000097  -68.510475260    92.4364   5   6   5.5479   2.7927   8.8381  -2.2410  -2.4203   2.8953   0.00    0.0
2014/03/03 21:43:30.000   63.756002858  -68.510471322    93.0168   5   6   5.5490   2.7938   8.8286  -2.2496  -2.4160   2.8905   0.00    0.0
2014/03/03 21:44:00.000   63.756002192  -68.510474266    92.8752   5   6   5.5502   2.7948   8.8184  -2.2583  -2.4113   2.8856   0.00    0.0
2014/03/03 21:44:30.000   63.756003917  -68.510470876    92.7010   5   6   5.5515   2.7959   8.8078  -2.2669  -2.4061   2.8806   0.00    0.0
2014/03/03 21:45:00.000   63.755992000  -68.510477764    92.3359   5   6   5.5530   2.7970   8.7965  -2.2755  -2.4004   2.8756   0.00    0.0
2014/03/03 21:45:30.000   63.755992687  -68.510471975    92.2816   5   7   4.6826   2.7867   8.0670  -2.1131  -2.2039  -1.4666   0.00    0.0
2014/03/03 21:46:00.000   63.755995618  -68.510470571    92.0151   5   7   4.6784   2.7879   8.0649  -2.1222  -2.1988  -1.4613   0.00    0.0
2014/03/03 21:46:30.000   63.755991143  -68.510467978    91.2126   5   7   4.6743   2.7890   8.0623  -2.1314  -2.1932  -1.4554   0.00    0.0
2014/03/03 21:47:00.000   63.755991667  -68.510465893    91.2350   5   7   4.6703   2.7902   8.0593  -2.1405  -2.1872  -1.4488   0.00    0.0
2014/03/03 21:47:30.000   63.755989265  -68.510469423    91.7837   5   7   4.6663   2.7914   8.0559  -2.1497  -2.1808  -1.4416   0.00    0.0
2014/03/03 21:48:00.000   63.755994748  -68.510468610    93.2505   5   7   4.6625   2.7926   8.0521  -2.1589  -2.1740  -1.4337   0.00    0.0
2014/03/03 21:48:30.000   63.755990216  -68.510461171    91.6510   5   7   4.6587   2.7939   8.0478  -2.1682  -2.1667  -1.4251   0.00    0.0
2014/03/03 21:49:00.000   63.755986543  -68.510468149    92.2323   5   7   4.6551   2.7951   8.0430  -2.1774  -2.1590  -1.4158   0.00    0.0
2014/03/03 21:49:30.000   63.755989103  -68.510464412    91.5716   5   7   4.6515   2.7964   8.0379  -2.1867  -2.1509  -1.4058   0.00    0.0
2014/03/03 21:50:00.000   63.755993545  -68.510465187    92.7332   5   7   4.6480   2.7977   8.0323  -2.1960  -2.1423  -1.3951   0.00    0.0
2014/03/03 21:50:30.000   63.755987846  -68.510465465    93.1097   5   7   4.6447   2.7990   8.0262  -2.2053  -2.1333  -1.3837   0.00    0.0
2014/03/03 21:51:00.000   63.755985199  -68.510471597    92.0052   5   7   4.6414   2.8003   8.0198  -2.2146  -2.1238  -1.3716   0.00    0.0
2014/03/03 21:51:30.000   63.755987073  -68.510464066    92.8148   5   7   4.6382   2.8016   8.0128  -2.2239  -2.1139  -1.3586   0.00    0.0
2014/03/03 21:52:00.000   63.755989568  -68.510465475    92.5487   5   7   4.6350   2.8030   8.0055  -2.2333  -2.1035  -1.3450   0.00    0.0
2014/03/03 21:52:30.000   63.755987348  -68.510462373    92.7266   5   7   4.6320   2.8044   7.9977  -2.2426  -2.0927  -1.3305   0.00    0.0
2014/03/03 21:53:00.000   63.755985856  -68.510467021    92.9587   5   6   5.1457   2.8059   8.6059  -2.2434  -2.0681   2.3362   0.00    0.0
2014/03/03 21:53:30.000   63.755992042  -68.510466723    92.4014   5   6   5.1372   2.8073   8.6054  -2.2553  -2.0601   2.3454   0.00    0.0
2014/03/03 21:54:00.000   63.755991301  -68.510473226    93.0583   5   6   5.1289   2.8087   8.6044  -2.2671  -2.0516   2.3548   0.00    0.0
2014/03/03 21:54:30.000   63.755996263  -68.510463863    92.2572   5   6   5.1207   2.8102   8.6029  -2.2787  -2.0426   2.3644   0.00    0.0
2014/03/03 21:55:00.000   63.755988165  -68.510470212    93.2454   5   6   5.1128   2.8117   8.6010  -2.2902  -2.0330   2.3740   0.00    0.0
2014/03/03 21:55:30.000   63.755986783  -68.510467156    93.3004   5   6   5.1050   2.8133   8.5985  -2.3016  -2.0230   2.3838   0.00    0.0
2014/03/03 21:56:00.000   63.755985463  -68.510469206    93.5192   5   6   5.0974   2.8149   8.5956  -2.3129  -2.0124   2.3938   0.00    0.0
2014/03/03 21:56:30.000   63.755989197  -68.510464301    92.9934   5   6   5.0899   2.8165   8.5922  -2.3241  -2.0012   2.4038   0.00    0.0
2014/03/03 21:57:00.000   63.755989569  -68.510464745    93.4333   5   6   5.0827   2.8182   8.5884  -2.3351  -1.9896   2.4140   0.00    0.0
2014/03/03 21:57:30.000   63.755985414  -68.510468472    92.9809   5   6   5.0756   2.8199   8.5840  -2.3460  -1.9774   2.4243   0.00    0.0
2014/03/03 21:58:00.000   63.755989706  -68.510469991    94.3671   5   6   5.0686   2.8216   8.5792  -2.3568  -1.9646   2.4347   0.00    0.0
2014/03/03 21:58:30.000   63.755989702  -68.510466948    93.2084   5   6   5.0619   2.8234   8.5740  -2.3674  -1.9513   2.4452   0.00    0.0
2014/03/03 21:59:00.000   63.755993870  -68.510465508    93.3736   5   6   5.0553   2.8252   8.5683  -2.3780  -1.9374   2.4557   0.00    0.0
2014/03/03 21:59:30.000   63.755985620  -68.510465191    94.2669   5   6   5.0488   2.8271   8.5621  -2.3884  -1.9230   2.4664   0.00    0.0
2014/03/03 22:00:00.000   63.755987210  -68.510472651    95.0969   5   6   5.0426   2.8290   8.5554  -2.3987  -1.9080   2.4771   0.00    0.0
2014/03/03 22:00:30.000   63.755985954  -68.510470783    95.0441   5   6   5.0365   2.8310   8.5484  -2.4089  -1.8924   2.4879   0.00    0.0
2014/03/03 22:01:00.000   63.755985286  -68.510474339    94.8362   5   6   5.0305   2.8330   8.5408  -2.4189  -1.8762   2.4988   0.00    0.0
2014/03/03 22:01:30.000   63.755985929  -68.510470220    94.8466   5   6   5.0247   2.8350   8.5329  -2.4289  -1.8594   2.5097   0.00    0.0
2014/03/03 22:02:00.000   63.755985355  -68.510471975    94.3567   5   6   5.0191   2.8371   8.5245  -2.4387  -1.8421   2.5207   0.00    0.0
2014/03/03 22:02:30.000   63.755983627  -68.510468381    95.0882   5   7   4.4630   2.5558   8.1878  -1.7805  -2.4943   3.4286   0.00    0.0
2014/03/03 22:03:00.000   63.755987851  -68.510463216    94.7948   5   7   4.4521   2.5515   8.1870  -1.7815  -2.4794   3.4297   0.00    0.0
2014/03/03 22:03:30.000   63.755988579  -68.510470359    95.4258   5   7   4.4413   2.5472   8.1858  -1.7823  -2.4638   3.4307   0.00    0.0
2014/03/03 22:04:00.000   63.755984641  -68.510475819    95.5245   5   7   4.4306   2.5429   8.1841  -1.7829  -2.4477   3.4316   0.00    0.0
2014/03/03 22:04:30.000   63.755987388  -68.510474426    95.9775   5   7   4.4201   2.5385   8.1820  -1.7833  -2.4308   3.4323   0.00    0.0
2014/03/03 22:05:00.000   63.755989534  -68.510470834    94.9313   5   7   4.4096   2.5341   8.1794  -1.7835  -2.4134   3.4330   0.00    0.0
2014/03/03 22:05:30.000   63.755984364  -68.510474949    96.5212   5   7   4.3993   2.5296   8.1764  -1.7836  -2.3952   3.4336   0.00    0.0
2014/03/03 22:06:00.000   63.755988667  -68.510473660    95.2740   5   7   4.3890   2.5252   8.1729  -1.7834  -2.3764   3.4340   0.00    0.0
2014/03/03 22:06:30.000   63.755984167  -68.510477881    96.2628   5   7   4.3789   2.5207   8.1690  -1.7830  -2.3569   3.4344   0.00    0.0
2014/03/03 22:07:00.000   63.755988841  -68.510475238    96.7959   5   7   4.3689   2.5162   8.1647  -1.7824  -2.3368   3.4347   0.00    0.0
2014/03/03 22:07:30.000   63.755989644  -68.510476764    96.3496   5   7   4.3590   2.5117   8.1600  -1.7816  -2.3159   3.4348   0.00    0.0
2014/03/03 22:08:00.000   63.755986089  -68.510476937    96.3945   5   7   4.3492   2.5072   8.1549  -1.7807  -2.2944   3.4349   0.00    0.0
2014/03/03 22:08:30.000   63.755984428  -68.510474618    96.7044   5   7   4.3395   2.5028   8.1493  -1.7795  -2.2721   3.4349   0.00    0.0
2014/03/03 22:09:00.000   63.755989972  -68.510477830    96.9547   5   7   4.3299   2.4983   8.1434  -1.7782  -2.2492   3.4347   0.00    0.0
2014/03/03 22:09:30.000   63.755986511  -68.510486647    96.6844   5   7   4.3205   2.4938   8.1370  -1.7767  -2.2255   3.4345   0.00    0.0
2014/03/03 22:10:00.000   63.755985862  -68.510478649    96.3693   5   7   4.3111   2.4893   8.1303  -1.7750  -2.2011   3.4343   0.00    0.0
2014/03/03 22:10:30.000   63.755989551  -68.510482770    97.2745   5   7   4.3018   2.4849   8.1232  -1.7731  -2.1759   3.4339   0.00    0.0
2014/03/03 22:11:00.000   63.755987630  -68.510477180    96.5411   5   7   4.2927   2.4805   8.1158  -1.7711  -2.1500   3.4334   0.00    0.0
2014/03/03 22:11:30.000   63.755986310  -68.510485244    98.5532   5   7   4.2836   2.4761   8.1080  -1.7689  -2.1233   3.4329   0.00    0.0
2014/03/03 22:12:00.000   63.755989228  -68.510476731    97.1766   5   7   4.2747   2.4717   8.0999  -1.7665  -2.0958   3.4323   0.00    0.0
2014/03/03 22:12:30.000   63.755984674  -68.510490058    99.4330   5   7   4.2658   2.4674   8.0914  -1.7639  -2.0676   3.4316   0.00    0.0
2014/03/03 22:13:00.000   63.755987923  -68.510475870    97.1356   5   7   4.2571   2.4631   8.0827  -1.7611  -2.0385   3.4308   0.00    0.0
2014/03/03 22:13:30.000   63.755985729  -68.510484936    98.7992   5   7   4.2485   2.4589   8.0736  -1.7582  -2.0085   3.4300   0.00    0.0
2014/03/03 22:14:00.000   63.755985016  -68.510483544    99.7675   5   7   4.2399   2.4548   8.0642  -1.7551  -1.9778   3.4291   0.00    0.0
2014/03/03 22:14:30.000   63.755989969  -68.510467404    97.8752   5   7   4.2315   2.4506   8.0546  -1.7519  -1.9461   3.4281   0.00    0.0
2014/03/03 22:15:00.000   63.755985236  -68.510479621    99.1803   5   7   4.2232   2.4466   8.0447  -1.7485  -1.9135   3.4271   0.00    0.0
2014/03/03 22:15:30.000   63.755987081  -68.510488437    99.7778   5   7   4.2150   2.4426   8.0345  -1.7449  -1.8799   3.4260   0.00    0.0
2014/03/03 22:16:00.000   63.755986869  -68.510479496    99.2361   5   7   4.2068   2.4387   8.0241  -1.7412  -1.8454   3.4249   0.00    0.0
2014/03/03 22:16:30.000   63.755986830  -68.510477907    97.6385   5   7   4.1988   2.4349   8.0135  -1.7373  -1.8099   3.4237   0.00    0.0
2014/03/03 22:17:00.000   63.755983544  -68.510485123    99.2036   5   7   4.1909   2.4312   8.0027  -1.7332  -1.7733   3.4225   0.00    0.0
2014/03/03 22:17:30.000   63.755988562  -68.510474056    97.4514   5   6   4.3040   2.9838  10.8916  -1.1098  -3.9813   2.0512   0.00    0.0
2014/03/03 22:18:00.000   63.755991545  -68.510479417    98.5319   5   6   4.2924   2.9749  10.9136  -1.1215  -3.9645   2.0702   0.00    0.0
2014/03/03 22:18:30.000   63.755987010  -68.510482920   100.4756   5   6   4.2809   2.9658  10.9348  -1.1327  -3.9467   2.0894   0.00    0.0
2014/03/03 22:19:00.000   63.755990249  -68.510478877    98.6515   5   6   4.2696   2.9566  10.9552  -1.1435  -3.9279   2.1087   0.00    0.0
2014/03/03 22:19:30.000   63.755989101  -68.510475242    98.4410   5   6   4.2585   2.9473  10.9748  -1.1539  -3.9081   2.1283   0.00    0.0
2014/03/03 22:20:00.000   63.755987319  -68.510478104    98.1455   5   6   4.2476   2.9379  10.9937  -1.1640  -3.8874   2.1480   0.00    0.0
2014/03/03 22:20:30.000   63.755992706  -68.510483488    98.1250   5   6   4.2368   2.9283  11.0118  -1.1736  -3.8657   2.1679   0.00    0.0
2014/03/03 22:21:00.000   63.755991024  -68.510482247    98.4654   5   6   4.2262   2.9187  11.0291  -1.1829  -3.8430   2.1879   0.00    0.0
2014/03/03 22:21:30.000   63.755993702  -68.510483208    98.0845   5   6   4.2158   2.9090  11.0457  -1.1918  -3.8193   2.2080   0.00    0.0
2014/03/03 22:22:00.000   63.755992585  -68.510485722    98.6182   5   6   4.2056   2.8992  11.0616  -1.2003  -3.7946   2.2283   0.00    0.0
2014/03/03 22:22:30.000   63.755993523  -68.510482105    97.8388   5   6   4.1955   2.8893  11.0767  -1.2084  -3.7689   2.2486   0.00    0.0
2014/03/03 22:23:00.000   63.755995398  -68.510487833    97.1821   5   6   4.1856   2.8794  11.0910  -1.2162  -3.7421   2.2691   0.00    0.0
2014/03/03 22:23:30.000   63.755989729  -68.510487060    97.5989   5   6   4.1759   2.8694  11.1047  -1.2236  -3.7144   2.2896   0.00    0.0
2014/03/03 22:24:00.000   63.755989622  -68.510490763    98.2029   5   5   4.4757   2.8700  13.6797  -1.0551  -3.4098   4.2861   0.00    0.0
2014/03/03 22:24:30.000   63.755992266  -68.510483082    98.1158   5   5   4.4717   2.8596  13.7920  -1.0646  -3.3762   4.3424   0.00    0.0
2014/03/03 22:25:00.000   63.755993622  -68.510487832    99.0676   5   5   4.4681   2.8493  13.9063  -1.0731  -3.3405   4.3996   0.00    0.0
2014/03/03 22:25:30.000   63.755990624  -68.510490412    99.3753   5   5   4.4650   2.8391  14.0228  -1.0804  -3.3026   4.4578   0.00    0.0
2014/03/03 22:26:00.000   63.755996154  -68.510487174    98.7186   5   5   4.4624   2.8290  14.1416  -1.0866  -3.2623   4.5171   0.00    0.0
2014/03/03 22:26:30.000   63.755990809  -68.510485373    99.8976   5   5   4.4602   2.8190  14.2627  -1.0916  -3.2193   4.5773   0.00    0.0
2014/03/03 22:27:00.000   63.755992256  -68.510490531    99.7170   5   5   4.4585   2.8091  14.3863  -1.0954  -3.1736   4.6386   0.00    0.0
2014/03/03 22:27:30.000   63.755993497  -68.510486855    99.9951   5   5   4.4573   2.7993  14.5123  -1.0980  -3.1249   4.7011   0.00    0.0
2014/03/03 22:28:00.000   63.755992484  -68.510475552   101.5252   5   5   4.4566   2.7897  14.6409  -1.0993  -3.0729   4.7646   0.00    0.0
2014/03/03 22:28:30.000   63.755991538  -68.510481759   100.1103   5   5   4.4565   2.7803  14.7721  -1.0994  -3.0174   4.8294   0.00    0.0
2014/03/03 22:29:00.000   63.755988514  -68.510480712   101.4471   5   5   4.4569   2.7710  14.9061  -1.0981  -2.9581   4.8953   0.00    0.0
2014/03/03 22:29:30.000   63.755990057  -68.510476854   102.2920   5   5   4.4578   2.7619  15.0430  -1.0953  -2.8945   4.9624   0.00    0.0
2014/03/03 22:30:00.000   63.755984357  -68.510477499   105.4954   5   6   4.3270   2.7525  12.5659  -1.0648  -2.9048   5.8734   0.00    0.0
2014/03/03 22:30:30.000   63.755987154  -68.510477067   104.9582   5   6   4.3367   2.7434  12.6624  -1.0492  -2.8661   5.9210   0.00    0.0
2014/03/03 22:31:00.000   63.755985100  -68.510484091   103.8796   5   6   4.3469   2.7344  12.7603  -1.0322  -2.8250   5.9695   0.00    0.0
2014/03/03 22:31:30.000   63.755983876  -68.510481999   103.7263   5   6   4.3576   2.7255  12.8595  -1.0135  -2.7814   6.0188   0.00    0.0
2014/03/03 22:32:00.000   63.755981699  -68.510480424   104.8251   5   6   4.3689   2.7167  12.9601  -0.9931  -2.7349   6.0690   0.00    0.0
2014/03/03 22:32:30.000   63.755984340  -68.510477567   102.8773   5   6   4.3807   2.7081  13.0620  -0.9707  -2.6854   6.1201   0.00    0.0
2014/03/03 22:33:00.000   63.755981550  -68.510481491   104.1523   5   6   4.3931   2.6996  13.1654  -0.9462  -2.6327   6.1721   0.00    0.0
2014/03/03 22:33:30.000   63.755983274  -68.510478932   102.2910   5   6   4.4060   2.6912  13.2702  -0.9193  -2.5765   6.2251   0.00    0.0
2014/03/03 22:34:00.000   63.755985534  -68.510484803   105.0769   5   6   4.4195   2.6830  13.3764  -0.8899  -2.5164   6.2789   0.00    0.0
2014/03/03 22:34:30.000   63.755980487  -68.510479517   103.5231   5   6   4.4335   2.6751  13.4841  -0.8574  -2.4521   6.3337   0.00    0.0
2014/03/03 22:35:00.000   63.755982732  -68.510481373   103.6377   5   6   4.4482   2.6673  13.5932  -0.8216  -2.3832   6.3894   0.00    0.0
2014/03/03 22:35:30.000   63.755985465  -68.510477481   105.1828   5   6   4.4634   2.6598  13.7038  -0.7818  -2.3091   6.4460   0.00    0.0
2014/03/03 22:36:00.000   63.755982768  -68.510479624   104.9327   5   6   4.4792   2.6526  13.8159  -0.7375  -2.2293   6.5036   0.00    0.0
2014/03/03 22:36:30.000   63.755986255  -68.510476671   104.5793   5   6   4.4956   2.6456  13.9294  -0.6874  -2.1429   6.5621   0.00    0.0
2014/03/03 22:37:00.000   63.755984049  -68.510476360   106.6565   5   6   4.5126   2.6389  14.0444  -0.6303  -2.0490   6.6216   0.00    0.0
2014/03/03 22:37:30.000   63.755981510  -68.510480783   103.9110   5   6   4.5303   2.6326  14.1608  -0.5638  -1.9465   6.6820   0.00    0.0
2014/03/03 22:38:00.000   63.755983959  -68.510480549   104.0885   5   6   4.5485   2.6266  14.2787  -0.4840  -1.8337   6.7434   0.00    0.0
2014/03/03 22:38:30.000   63.755985218  -68.510477063   104.7168   5   6   4.5674   2.6210  14.3980  -0.3825  -1.7084   6.8057   0.00    0.0
2014/03/03 22:39:00.000   63.755985329  -68.510468320   104.6398   5   6   4.5869   2.6157  14.5188  -0.2318  -1.5675   6.8690   0.00    0.0
2014/03/03 22:39:30.000   63.755981429  -68.510467010   103.1554   5   6   4.6070   2.6110  14.6410   0.2085  -1.4062   6.9332   0.00    0.0
2014/03/03 22:40:00.000   63.755981692  -68.510471985   102.9985   5   6   4.6277   2.6066  14.7646   0.3815  -1.2160   6.9984   0.00    0.0
2014/03/03 22:40:30.000   63.755984690  -68.510469962   104.8977   5   6   4.6491   2.6028  14.8895   0.5026  -0.9802   7.0645   0.00    0.0
2014/03/03 22:41:00.000   63.755983971  -68.510471493   104.2968   5   6   4.6711   2.5995  15.0158   0.6041  -0.6503   7.1315   0.00    0.0
2014/03/03 22:41:30.000   63.755980570  -68.510476106   105.1367   5   6   4.6937   2.5968  15.1434   0.6946   0.3681   7.1994   0.00    0.0
2014/03/03 22:42:00.000   63.755978010  -68.510470759   102.8238   5   6   4.7170   2.5946  15.2722   0.7781   0.8455   7.2681   0.00    0.0
2014/03/03 22:42:30.000   63.755981527  -68.510462602   104.4118   5   6   4.7409   2.5931  15.4023   0.8568   1.1470   7.3377   0.00    0.0
2014/03/03 22:43:00.000   63.755977342  -68.510469311   104.1088   5   6   4.7654   2.5922  15.5335   0.9320   1.3923   7.4082   0.00    0.0
2014/03/03 22:43:30.000   63.755978221  -68.510465678   105.1863   5   6   4.7905   2.5920  15.6657   1.0045   1.6074   7.4794   0.00    0.0
2014/03/03 22:44:00.000   63.755977779  -68.510464911   104.5281   5   6   4.8162   2.5926  15.7990   1.0749   1.8033   7.5514   0.00    0.0
2014/03/03 22:44:30.000   63.755976784  -68.510464548   104.3654   5   6   4.8425   2.5939  15.9332   1.1438   1.9858   7.6242   0.00    0.0
2014/03/03 22:45:00.000   63.755977671  -68.510462142   104.3083   5   6   4.8694   2.5960  16.0682   1.2114   2.1585   7.6976   0.00    0.0
2014/03/03 22:45:30.000   63.755972467  -68.510467206   102.6624   5   6   4.8968   2.5989  16.2039   1.2779   2.3235   7.7716   0.00    0.0
2014/03/03 22:46:00.000   63.755971891  -68.510473201   101.7338   5   6   4.9248   2.6027  16.3402   1.3437   2.4825   7.8462   0.00    0.0
2014/03/03 22:46:30.000   63.755969967  -68.510467893   101.2966   5   6   4.9532   2.6075  16.4770   1.4088   2.6366   7.9213   0.00    0.0
2014/03/03 22:47:00.000   63.755968482  -68.510465419   100.4322   5   6   4.9822   2.6131  16.6142   1.4733   2.7867   7.9969   0.00    0.0
2014/03/03 22:47:30.000   63.755969030  -68.510469910   100.5184   5   6   5.0116   2.6197  16.7515   1.5375   2.9335   8.0728   0.00    0.0
2014/03/03 22:48:00.000   63.755970892  -68.510464661   101.6190   5   6   5.0415   2.6274  16.8888   1.6012   3.0773   8.1490   0.00    0.0
2014/03/03 22:48:30.000   63.755968626  -68.510466136   100.1107   5   6   5.0718   2.6360  17.0259   1.6647   3.2187   8.2254   0.00    0.0
2014/03/03 22:49:00.000   63.755966376  -68.510474398    98.5652   5   6   5.1024   2.6457  17.1627   1.7279   3.3578   8.3020   0.00    0.0
2014/03/03 22:49:30.000   63.755968849  -68.510469191    99.5235   5   6   5.1333   2.6565  17.2989   1.7908   3.4950   8.3785   0.00    0.0
2014/03/03 22:50:00.000   63.755966191  -68.510471289    98.2229   5   6   5.1645   2.6683  17.4343   1.8535   3.6304   8.4548   0.00    0.0
2014/03/03 22:50:30.000   63.755966588  -68.510468557    98.8784   5   6   5.1959   2.6813  17.5687   1.9161   3.7641   8.5310   0.00    0.0
2014/03/03 22:51:00.000   63.755964501  -68.510474117    98.7029   5   6   5.2275   2.6954  17.7017   1.9784   3.8963   8.6067   0.00    0.0
2014/03/03 22:51:30.000   63.755964948  -68.510474710    97.5988   5   6   5.2591   2.7106  17.8331   2.0405   4.0269   8.6820   0.00    0.0
2014/03/03 22:52:00.000   63.755960940  -68.510479957    96.1285   5   6   5.2908   2.7269  17.9627   2.1024   4.1561   8.7566   0.00    0.0
2014/03/03 22:52:30.000   63.755966510  -68.510468217    97.8079   5   6   5.3225   2.7444  18.0900   2.1639   4.2838   8.8303   0.00    0.0
2014/03/03 22:53:00.000   63.755962529  -68.510476773    96.3921   5   6   5.3540   2.7630  18.2148   2.2252   4.4101   8.9030   0.00    0.0
2014/03/03 22:53:30.000   63.755962396  -68.510483095    96.0551   5   6   5.3853   2.7827  18.3367   2.2862   4.5348   8.9746   0.00    0.0
2014/03/03 22:54:00.000   63.755959071  -68.510481542    95.9578   5   6   5.4164   2.8035  18.4554   2.3467   4.6579   9.0448   0.00    0.0
2014/03/03 22:54:30.000   63.755955627  -68.510485065    94.7706   5   6   5.4470   2.8253  18.5705   2.4067   4.7793   9.1135   0.00    0.0
2014/03/03 22:55:00.000   63.755963939  -68.510474583    96.4395   5   6   5.4772   2.8482  18.6816   2.4663   4.8990   9.1803   0.00    0.0
2014/03/03 22:55:30.000   63.755963096  -68.510478007    96.2020   5   6   5.5068   2.8720  18.7883   2.5252   5.0168   9.2453   0.00    0.0
2014/03/03 22:56:00.000   63.755965538  -68.510480289    97.3982   5   6   5.5358   2.8968  18.8902   2.5835   5.1327   9.3080   0.00    0.0
2014/03/03 22:56:30.000   63.755966186  -68.510469036    96.7772   5   6   5.5639   2.9224  18.9869   2.6410   5.2463   9.3683   0.00    0.0
2014/03/03 22:57:00.000   63.755963135  -68.510481201    97.0307   5   6   5.5912   2.9489  19.0779   2.6976   5.3578   9.4261   0.00    0.0
2014/03/03 22:57:30.000   63.755966483  -68.510476940    97.2881   5   6   5.6175   2.9761  19.1630   2.7533   5.4667   9.4810   0.00    0.0
2014/03/03 22:58:00.000   63.755961526  -68.510486833    96.0999   5   6   5.6427   3.0039  19.2415   2.8080   5.5731   9.5328   0.00    0.0
2014/03/03 22:58:30.000   63.755966273  -68.510482258    96.8945   5   6   5.6667   3.0324  19.3132   2.8616   5.6767   9.5813   0.00    0.0
2014/03/03 22:59:00.000   63.755961208  -68.510488252    95.2772   5   6   5.6894   3.0614  19.3776   2.9139   5.7774   9.6263   0.00    0.0
2014/03/03 22:59:30.000   63.755964799  -68.510481084    96.8932   5   6   5.7106   3.0907  19.4343   2.9649   5.8750   9.6676   0.00    0.0
2014/03/03 23:00:00.000   63.755966827  -68.510479021    98.0218   5   6   5.7303   3.1204  19.4830   3.0145   5.9692   9.7049   0.00    0.0
2014/03/03 23:00:30.000   63.755964370  -68.510487650    96.2616   5   6   5.7483   3.1503  19.5232   3.0625   6.0600   9.7381   0.00    0.0
2014/03/03 23:01:00.000   63.755967757  -68.510479281    96.4114   5   6   5.7646   3.1803  19.5548   3.1089   6.1471   9.7670   0.00    0.0
2014/03/03 23:01:30.000   63.755965066  -68.510484337    95.5971   5   6   5.7791   3.2102  19.5773   3.1535   6.2304   9.7913   0.00    0.0
2014/03/03 23:02:00.000   63.755962723  -68.510486735    94.9781   5   6   5.7916   3.2401  19.5905   3.1963   6.3096   9.8110   0.00    0.0
2014/03/03 23:02:30.000   63.755965690  -68.510480459    96.3334   5   6   5.8022   3.2698  19.5941   3.2371   6.3848   9.8259   0.00    0.0
2014/03/03 23:03:00.000   63.755964865  -68.510484681    95.9310   5   6   5.8106   3.2991  19.5881   3.2760   6.4556   9.8359   0.00    0.0
2014/03/03 23:03:30.000   63.755964598  -68.510475539    95.7449   5   6   5.8169   3.3280  19.5721   3.3127   6.5220   9.8408   0.00    0.0
2014/03/03 23:04:00.000   63.755957971  -68.510486004    94.1108   5   6   5.8211   3.3564  19.5461   3.3472   6.5838   9.8407   0.00    0.0
2014/03/03 23:04:30.000   63.755965520  -68.510487719    95.6394   5   6   5.8230   3.3841  19.5101   3.3795   6.6410   9.8353   0.00    0.0
2014/03/03 23:05:00.000   63.755967300  -68.510485935    95.8841   5   6   5.8227   3.4111  19.4640   3.4095   6.6934   9.8248   0.00    0.0
2014/03/03 23:05:30.000   63.755957867  -68.510492360    93.6947   5   6   5.8200   3.4373  19.4079   3.4372   6.7411   9.8090   0.00    0.0
2014/03/03 23:06:00.000   63.755963838  -68.510485493    95.6942   5   6   5.8151   3.4625  19.3417   3.4624   6.7838   9.7880   0.00    0.0
2014/03/03 23:06:30.000   63.755962323  -68.510490631    96.0756   5   6   5.8080   3.4868  19.2658   3.4852   6.8217   9.7619   0.00    0.0
2014/03/03 23:07:00.000   63.755954575  -68.510502142    93.7509   5   6   5.7985   3.5100  19.1802   3.5056   6.8547   9.7307   0.00    0.0
2014/03/03 23:07:30.000   63.755964813  -68.510490362    96.6324   5   6   5.7869   3.5321  19.0851   3.5236   6.8828   9.6945   0.00    0.0
2014/03/03 23:08:00.000   63.755955357  -68.510492287    94.2639   5   6   5.7730   3.5531  18.9809   3.5391   6.9061   9.6534   0.00    0.0
2014/03/03 23:08:30.000   63.755955988  -68.510497912    93.3829   5   6   5.7571   3.5728  18.8678   3.5521   6.9245   9.6075   0.00    0.0
2014/03/03 23:09:00.000   63.755961122  -68.510492370    94.9753   5   6   5.7390   3.5912  18.7462   3.5628   6.9382   9.5571   0.00    0.0
2014/03/03 23:09:30.000   63.755956833  -68.510491437    95.1689   5   6   5.7190   3.6084  18.6165   3.5710   6.9473   9.5022   0.00    0.0
2014/03/03 23:10:00.000   63.755944935  -68.510511839    90.3297   5   6   5.6970   3.6242  18.4790   3.5770   6.9519   9.4430   0.00    0.0
2014/03/03 23:10:30.000   63.755956954  -68.510494905    94.3490   5   6   5.6732   3.6388  18.3342   3.5806   6.9520   9.3799   0.00    0.0
2014/03/03 23:11:00.000   63.755958541  -68.510493416    94.3647   5   6   5.6477   3.6519  18.1825   3.5820   6.9479   9.3128   0.00    0.0
2014/03/03 23:11:30.000   63.755949387  -68.510508878    91.4330   5   6   5.6205   3.6638  18.0244   3.5812   6.9396   9.2423   0.00    0.0
2014/03/03 23:12:00.000   63.755952386  -68.510505104    93.1878   5   6   5.5918   3.6743  17.8604   3.5784   6.9273   9.1683   0.00    0.0
2014/03/03 23:12:30.000   63.755949767  -68.510512434    92.0022   5   6   5.5616   3.6835  17.6910   3.5735   6.9113   9.0912   0.00    0.0
2014/03/03 23:13:00.000   63.755946413  -68.510511626    91.6358   5   6   5.5301   3.6915  17.5165   3.5667   6.8916   9.0112   0.00    0.0
2014/03/03 23:13:30.000   63.755940327  -68.510510835    89.4635   5   6   5.4974   3.6981  17.3377   3.5580   6.8685   8.9285   0.00    0.0
2014/03/03 23:14:00.000   63.755945615  -68.510514810    91.8736   5   6   5.4636   3.7036  17.1548   3.5475   6.8420   8.8435   0.00    0.0
2014/03/03 23:14:30.000   63.755945518  -68.510517218    91.0669   5   6   5.4288   3.7078  16.9684   3.5354   6.8125   8.7563   0.00    0.0
2014/03/03 23:15:00.000   63.755947411  -68.510509666    91.8334   5   6   5.3931   3.7109  16.7790   3.5217   6.7802   8.6671   0.00    0.0
2014/03/03 23:15:30.000   63.755941648  -68.510521814    90.6374   5   6   5.3567   3.7128  16.5870   3.5064   6.7451   8.5762   0.00    0.0
2014/03/03 23:16:00.000   63.755953813  -68.510507338    94.4166   5   6   5.3195   3.7137  16.3928   3.4898   6.7075   8.4839   0.00    0.0
2014/03/03 23:16:30.000   63.755945414  -68.510511757    91.2786   5   6   5.2818   3.7135  16.1969   3.4718   6.6675   8.3903   0.00    0.0
2014/03/03 23:17:00.000   63.755937105  -68.510529739    89.0113   5   6   5.2435   3.7124  15.9997   3.4526   6.6254   8.2957   0.00    0.0
2014/03/03 23:17:30.000   63.755942592  -68.510518780    90.9699   5   6   5.2049   3.7103  15.8015   3.4322   6.5814   8.2001   0.00    0.0
2014/03/03 23:18:00.000   63.755957695  -68.510500429    94.8189   5   6   5.1660   3.7073  15.6027   3.4108   6.5355   8.1040   0.00    0.0
2014/03/03 23:18:30.000   63.755946168  -68.510521099    91.2220   5   6   5.1268   3.7035  15.4037   3.3884   6.4880   8.0073   0.00    0.0
2014/03/03 23:19:00.000   63.755946352  -68.510520276    91.8519   5   6   5.0875   3.6990  15.2047   3.3651   6.4390   7.9103   0.00    0.0
2014/03/03 23:19:30.000   63.755949757  -68.510512805    92.7476   5   6   5.0482   3.6936  15.0061   3.3410   6.3887   7.8132   0.00    0.0
2014/03/03 23:20:00.000   63.755943198  -68.510520757    91.1925   5   6   5.0088   3.6876  14.8082   3.3162   6.3373   7.7160   0.00    0.0
2014/03/03 23:20:30.000   63.755946141  -68.510521230    91.4501   5   6   4.9695   3.6809  14.6111   3.2906   6.2848   7.6190   0.00    0.0
2014/03/03 23:21:00.000   63.755953409  -68.510518717    94.7175   5   7   2.8387   3.0367   8.3725   1.5241   3.8170   3.0466   0.00    0.0
2014/03/03 23:21:30.000   63.755958513  -68.510515066    95.6831   5   7   2.8352   3.0429   8.3473   1.5282   3.8239   3.0422   0.00    0.0
2014/03/03 23:22:00.000   63.755953702  -68.510516097    94.8081   5   7   2.8316   3.0490   8.3217   1.5321   3.8302   3.0378   0.00    0.0
2014/03/03 23:22:30.000   63.755955066  -68.510504548    95.4718   5   7   2.8282   3.0548   8.2958   1.5360   3.8360   3.0334   0.00    0.0
2014/03/03 23:23:00.000   63.755955604  -68.510512926    95.7114   5   7   2.8248   3.0605   8.2695   1.5397   3.8411   3.0290   0.00    0.0
2014/03/03 23:23:30.000   63.755956473  -68.510507228    95.1011   5   7   2.8214   3.0660   8.2429   1.5432   3.8457   3.0246   0.00    0.0
2014/03/03 23:24:00.000   63.755948569  -68.510524858    94.2167   5   7   2.8181   3.0713   8.2160   1.5466   3.8497   3.0202   0.00    0.0
2014/03/03 23:24:30.000   63.755954630  -68.510504142    95.8438   5   7   2.8149   3.0763   8.1887   1.5498   3.8531   3.0158   0.00    0.0
2014/03/03 23:25:00.000   63.755953427  -68.510514559    95.4560   5   7   2.8117   3.0812   8.1610   1.5529   3.8559   3.0113   0.00    0.0
2014/03/03 23:25:30.000   63.755961270  -68.510497082    95.7652   5   7   2.8086   3.0858   8.1330   1.5559   3.8581   3.0068   0.00    0.0
2014/03/03 23:26:00.000   63.755951881  -68.510521870    94.7054   5   7   2.8055   3.0903   8.1047   1.5586   3.8597   3.0023   0.00    0.0
2014/03/03 23:26:30.000   63.755951327  -68.510517252    94.3705   5   7   2.8025   3.0945   8.0759   1.5613   3.8608   2.9978   0.00    0.0
2014/03/03 23:27:00.000   63.755947511  -68.510538161    93.7420   5   7   2.7995   3.0984   8.0469   1.5637   3.8613   2.9932   0.00    0.0
2014/03/03 23:27:30.000   63.755951274  -68.510526443    94.1814   5   7   2.7890   3.0965   8.0166   1.5537   3.8583   2.9844   0.00    0.0
2014/03/03 23:28:00.000   63.755949563  -68.510515623    93.8813   5   7   2.7877   3.1013   7.9871   1.5585   3.8583   2.9806   0.00    0.0
2014/03/03 23:28:30.000   63.755950971  -68.510518269    93.4731   5   7   2.7866   3.1058   7.9572   1.5632   3.8577   2.9768   0.00    0.0
2014/03/03 23:29:00.000   63.755955034  -68.510520206    94.2034   5   7   2.7854   3.1100   7.9269   1.5676   3.8565   2.9729   0.00    0.0
2014/03/03 23:29:30.000   63.755954832  -68.510517036    94.3594   5   7   2.7844   3.1140   7.8963   1.5720   3.8548   2.9690   0.00    0.0
2014/03/03 23:30:00.000   63.755941172  -68.510534446    93.5920   5   7   2.7834   3.1178   7.8654   1.5761   3.8524   2.9649   0.00    0.0
2014/03/03 23:30:30.000   63.755951010  -68.510521253    93.9890   5   7   2.7825   3.1213   7.8341   1.5801   3.8495   2.9608   0.00    0.0
2014/03/03 23:31:00.000   63.755948905  -68.510530823    93.8938   5   7   2.7817   3.1245   7.8025   1.5839   3.8460   2.9566   0.00    0.0
2014/03/03 23:31:30.000   63.755955383  -68.510509796    94.9370   5   7   2.7809   3.1275   7.7706   1.5875   3.8419   2.9523   0.00    0.0
2014/03/03 23:32:00.000   63.755953252  -68.510519568    94.3075   5   7   2.7802   3.1303   7.7383   1.5910   3.8373   2.9478   0.00    0.0
2014/03/03 23:32:30.000   63.755951332  -68.510518125    94.0636   5   7   2.7796   3.1327   7.7057   1.5943   3.8321   2.9433   0.00    0.0
2014/03/03 23:33:00.000   63.755946663  -68.510528356    93.9248   5   7   2.7790   3.1350   7.6728   1.5973   3.8264   2.9387   0.00    0.0
2014/03/03 23:33:30.000   63.755949099  -68.510527318    93.6791   5   7   2.7785   3.1369   7.6396   1.6003   3.8201   2.9340   0.00    0.0
2014/03/03 23:34:00.000   63.755951769  -68.510528354    93.4157   5   7   2.7780   3.1387   7.6061   1.6030   3.8132   2.9292   0.00    0.0
2014/03/03 23:34:30.000   63.755941658  -68.510544700    92.6247   5   7   2.7777   3.1401   7.5723   1.6055   3.8059   2.9242   0.00    0.0
2014/03/03 23:35:00.000   63.755950521  -68.510513229    92.2662   5   7   2.7773   3.1413   7.5382   1.6078   3.7979   2.9192   0.00    0.0
2014/03/03 23:35:30.000   63.755949696  -68.510528264    92.4556   5   7   2.7771   3.1423   7.5039   1.6100   3.7895   2.9140   0.00    0.0
2014/03/03 23:36:00.000   63.755952109  -68.510543360    92.6143   5   7   2.7769   3.1430   7.4693   1.6120   3.7805   2.9087   0.00    0.0
2014/03/03 23:36:30.000   63.755954125  -68.510527096    92.7935   5   7   2.7767   3.1434   7.4344   1.6137   3.7710   2.9033   0.00    0.0
2014/03/03 23:37:00.000   63.755950217  -68.510524110    92.2126   5   7   2.7766   3.1436   7.3993   1.6153   3.7610   2.8977   0.00    0.0
2014/03/03 23:37:30.000   63.755943924  -68.510543518    91.0853   5   7   2.7766   3.1436   7.3639   1.6167   3.7506   2.8921   0.00    0.0
2014/03/03 23:38:00.000   63.755950888  -68.510522363    92.4622   5   7   2.7767   3.1433   7.3283   1.6179   3.7396   2.8863   0.00    0.0
2014/03/03 23:38:30.000   63.755950644  -68.510540811    92.3521   5   7   2.7767   3.1427   7.2925   1.6189   3.7281   2.8804   0.00    0.0
2014/03/03 23:39:00.000   63.755953234  -68.510528106    92.9141   5   7   2.7769   3.1420   7.2565   1.6197   3.7161   2.8744   0.00    0.0
2014/03/03 23:39:30.000   63.755949061  -68.510555298    92.4557   5   7   2.7771   3.1409   7.2203   1.6204   3.7037   2.8682   0.00    0.0
2014/03/03 23:40:00.000   63.755943914  -68.510536897    91.7958   5   7   2.7774   3.1397   7.1839   1.6208   3.6908   2.8619   0.00    0.0
2014/03/03 23:40:30.000   63.755951342  -68.510520846    91.9906   5   7   2.7777   3.1382   7.1474   1.6210   3.6775   2.8555   0.00    0.0
2014/03/03 23:41:00.000   63.755949802  -68.510522324    91.9273   5   7   2.7781   3.1365   7.1107   1.6210   3.6637   2.8490   0.00    0.0
2014/03/03 23:41:30.000   63.755948448  -68.510528314    92.5212   5   8   2.7506   2.8347   7.0716   1.4497   3.6819   2.8546   0.00    0.0
2014/03/03 23:42:00.000   63.755958698  -68.510527901    93.8459   5   9   2.3601   2.6140   6.0399   0.7497   3.0855   1.7346   0.00    0.0
2014/03/03 23:42:30.000   63.755957028  -68.510524693    93.3846   5   9   2.3586   2.6094   6.0193   0.7439   3.0724   1.7343   0.00    0.0
2014/03/03 23:43:00.000   63.755956676  -68.510525554    92.8315   5   9   2.3572   2.6046   5.9986   0.7379   3.0590   1.7340   0.00    0.0
2014/03/03 23:43:30.000   63.755955410  -68.510527894    93.6580   5   9   2.3558   2.5998   5.9777   0.7318   3.0453   1.7337   0.00    0.0
2014/03/03 23:44:00.000   63.755952789  -68.510534649    92.9101   5   9   2.3546   2.5950   5.9566   0.7255   3.0314   1.7334   0.00    0.0
2014/03/03 23:44:30.000   63.755954264  -68.510533940    93.9027   5   9   2.3534   2.5901   5.9354   0.7189   3.0173   1.7330   0.00    0.0
2014/03/03 23:45:00.000   63.755956657  -68.510519942    93.8633   5   9   2.3523   2.5851   5.9140   0.7122   3.0029   1.7327   0.00    0.0
2014/03/03 23:45:30.000   63.755958462  -68.510534949    92.7762   5   9   2.3513   2.5801   5.8926   0.7053   2.9883   1.7323   0.00    0.0
2014/03/03 23:46:00.000   63.755957525  -68.510534420    93.0226   5   9   2.3504   2.5750   5.8710   0.6981   2.9735   1.7319   0.00    0.0
2014/03/03 23:46:30.000   63.755961688  -68.510535649    92.2613   5  10   2.3406   2.1947   5.2476   0.8664   2.3017   1.8779   0.00    0.0
2014/03/03 23:47:00.000   63.755958982  -68.510533666    92.1163   5  10   2.3393   2.1912   5.2372   0.8648   2.2926   1.8803   0.00    0.0
2014/03/03 23:47:30.000   63.755958430  -68.510555925    92.5157   5  10   2.3381   2.1877   5.2268   0.8631   2.2834   1.8827   0.00    0.0
2014/03/03 23:48:00.000   63.755954453  -68.510554809    92.0396   5  10   2.3368   2.1842   5.2163   0.8613   2.2742   1.8850   0.00    0.0
2014/03/03 23:48:30.000   63.755955534  -68.510549057    92.3070   5  10   2.3357   2.1807   5.2059   0.8595   2.2648   1.8872   0.00    0.0
2014/03/03 23:49:00.000   63.755956426  -68.510546096    91.7893   5  10   2.3346   2.1772   5.1954   0.8576   2.2553   1.8894   0.00    0.0
2014/03/03 23:49:30.000   63.755958448  -68.510546090    92.9780   5   9   2.4486   2.3099   5.3495   0.3904   2.0035   2.1341   0.00    0.0
2014/03/03 23:50:00.000   63.755960917  -68.510540691    93.2638   5   9   2.4491   2.3048   5.3476   0.3864   1.9881   2.1431   0.00    0.0
2014/03/03 23:50:30.000   63.755960718  -68.510544083    93.2042   5   8   2.9226   2.4999   5.3845   1.3070   1.8055   1.8987   0.00    0.0
2014/03/03 23:51:00.000   63.755963399  -68.510541818    93.9380   5   8   2.9175   2.4910   5.3868   1.2951   1.7816   1.8974   0.00    0.0
2014/03/03 23:51:30.000   63.755961631  -68.510542825    93.9402   5   8   2.9125   2.4824   5.3895   1.2832   1.7576   1.8964   0.00    0.0
2014/03/03 23:52:00.000   63.755966674  -68.510531115    93.3942   5   8   2.9075   2.4739   5.3925   1.2712   1.7334   1.8955   0.00    0.0
2014/03/03 23:52:30.000   63.755969511  -68.510521482    93.1725   5   8   2.9026   2.4655   5.3959   1.2592   1.7090   1.8949   0.00    0.0
2014/03/03 23:53:00.000   63.755965114  -68.510528154    93.1439   5   8   2.8977   2.4573   5.3996   1.2471   1.6844   1.8945   0.00    0.0
2014/03/03 23:53:30.000   63.755965133  -68.510536483    93.2227   5   8   2.8930   2.4493   5.4037   1.2351   1.6595   1.8943   0.00    0.0
2014/03/03 23:54:00.000   63.755962412  -68.510539443    92.8577   5   8   2.8882   2.4415   5.4081   1.2229   1.6344   1.8943   0.00    0.0
2014/03/03 23:54:30.000   63.755969415  -68.510519321    93.4427   5   8   2.8836   2.4338   5.4129   1.2107   1.6090   1.8946   0.00    0.0
2014/03/03 23:55:00.000   63.755961535  -68.510534948    93.6456   5   8   2.8790   2.4262   5.4180   1.1984   1.5833   1.8950   0.00    0.0
2014/03/03 23:55:30.000   63.755963386  -68.510530011    93.6445   5   8   2.8744   2.4189   5.4235   1.1861   1.5573   1.8957   0.00    0.0
2014/03/03 23:56:00.000   63.755963633  -68.510532778    92.7888   5   8   2.8699   2.4116   5.4292   1.1737   1.5309   1.8965   0.00    0.0
2014/03/03 23:56:30.000   63.755962446  -68.510533705    92.6951   5   8   2.8655   2.4046   5.4353   1.1612   1.5041   1.8976   0.00    0.0
2014/03/03 23:57:00.000   63.755962662  -68.510529360    92.9195   5   8   2.8612   2.3977   5.4417   1.1486   1.4770   1.8988   0.00    0.0
2014/03/03 23:57:30.000   63.755962263  -68.510536973    93.3448   5   8   2.8569   2.3909   5.4484   1.1359   1.4494   1.9003   0.00    0.0
2014/03/03 23:58:00.000   63.755962026  -68.510538539    93.8102   5   8   2.8527   2.3843   5.4555   1.1231   1.4213   1.9019   0.00    0.0
2014/03/03 23:58:30.000   63.755961512  -68.510533035    93.4782   5   8   2.8486   2.3779   5.4628   1.1102   1.3927   1.9037   0.00    0.0
2014/03/03 23:59:00.000   63.755963352  -68.510536885    92.7684   5   8   2.8445   2.3716   5.4705   1.0972   1.3635   1.9057   0.00    0.0
2014/03/03 23:59:30.000   63.755963705  -68.510532303    92.8141   5   8   2.8405   2.3655   5.4784   1.0841   1.3338   1.9079   0.00    0.0
