% program   : RTKPOST ver.demo5 b34b
% inp file  : D:\My Documents\Spoljar\Privat\Boston 2022\iqal2620.14o
% inp file  : D:\My Documents\Spoljar\Privat\Boston 2022\brdc2620.14n
% obs start : 2014/09/19 00:00:00.0 GPST (week1810 432000.0s)
% obs end   : 2014/09/19 23:59:30.0 GPST (week1810 518370.0s)
% pos mode  : Single
% elev mask : 15.0 deg
% ionos opt : Broadcast
% tropo opt : Saastamoinen
% ephemeris : Broadcast
% navi sys  : GPS
%
% (lat/lon/height=WGS84/ellipsoidal,Q=1:fix,2:float,3:sbas,4:dgps,5:single,6:ppp,ns=# of satellites)
%  GPST                  latitude(deg) longitude(deg)  height(m)   Q  ns   sdn(m)   sde(m)   sdu(m)  sdne(m)  sdeu(m)  sdun(m) age(s)  ratio
2014/09/19 00:00:00.000   63.755953638  -68.510474970    91.7361   5   8   2.6452   2.1717   6.4448  -1.5852  -2.0572   2.5089   0.00    0.0
2014/09/19 00:00:30.000   63.755957099  -68.510472045    91.2185   5   8   2.6444   2.1698   6.4067  -1.5814  -2.0328   2.4945   0.00    0.0
2014/09/19 00:01:00.000   63.755957072  -68.510470715    90.7986   5   8   2.6435   2.1680   6.3687  -1.5776  -2.0082   2.4802   0.00    0.0
2014/09/19 00:01:30.000   63.755956026  -68.510477335    91.4223   5   8   2.6427   2.1663   6.3309  -1.5739  -1.9836   2.4659   0.00    0.0
2014/09/19 00:02:00.000   63.755952753  -68.510472086    92.3198   5   8   2.6420   2.1647   6.2931  -1.5701  -1.9589   2.4517   0.00    0.0
2014/09/19 00:02:30.000   63.755954385  -68.510475947    93.9624   5   8   2.6413   2.1631   6.2556  -1.5664  -1.9341   2.4375   0.00    0.0
2014/09/19 00:03:00.000   63.755948056  -68.510476427    91.2628   5   8   2.6407   2.1616   6.2183  -1.5626  -1.9093   2.4233   0.00    0.0
2014/09/19 00:03:30.000   63.755954290  -68.510475635    91.0427   5   8   2.6401   2.1602   6.1811  -1.5589  -1.8844   2.4092   0.00    0.0
2014/09/19 00:04:00.000   63.755955674  -68.510472944    92.3310   5   8   2.6395   2.1589   6.1443  -1.5553  -1.8595   2.3952   0.00    0.0
2014/09/19 00:04:30.000   63.755954888  -68.510475950    91.3724   5   8   2.6390   2.1577   6.1077  -1.5517  -1.8345   2.3813   0.00    0.0
2014/09/19 00:05:00.000   63.755950569  -68.510471312    91.0691   5   8   2.6386   2.1565   6.0714  -1.5481  -1.8096   2.3676   0.00    0.0
2014/09/19 00:05:30.000   63.755949060  -68.510463071    93.0162   5   9   2.3457   2.0579   5.9306  -1.2693  -1.9755   2.6254   0.00    0.0
2014/09/19 00:06:00.000   63.755947080  -68.510467416    91.5197   5   9   2.3425   2.0546   5.8984  -1.2602  -1.9513   2.6094   0.00    0.0
2014/09/19 00:06:30.000   63.755946465  -68.510462790    91.5479   5   9   2.3394   2.0514   5.8664  -1.2511  -1.9272   2.5935   0.00    0.0
2014/09/19 00:07:00.000   63.755952235  -68.510465630    93.1344   5   9   2.3365   2.0483   5.8347  -1.2420  -1.9030   2.5777   0.00    0.0
2014/09/19 00:07:30.000   63.755952862  -68.510460178    92.9792   5   9   2.3336   2.0453   5.8032  -1.2329  -1.8787   2.5622   0.00    0.0
2014/09/19 00:08:00.000   63.755954412  -68.510461518    92.4231   5   9   2.3309   2.0424   5.7719  -1.2239  -1.8545   2.5468   0.00    0.0
2014/09/19 00:08:30.000   63.755954118  -68.510458550    92.4454   5   9   2.3283   2.0396   5.7410  -1.2149  -1.8303   2.5316   0.00    0.0
2014/09/19 00:09:00.000   63.755951276  -68.510458139    91.7391   5   9   2.3258   2.0369   5.7103  -1.2060  -1.8061   2.5166   0.00    0.0
2014/09/19 00:09:30.000   63.755951957  -68.510454481    92.3436   5   9   2.3234   2.0343   5.6799  -1.1971  -1.7818   2.5018   0.00    0.0
2014/09/19 00:10:00.000   63.755944426  -68.510459883    91.3070   5   8   3.4302   2.0425   8.3703  -0.9404  -1.3413   4.6673   0.00    0.0
2014/09/19 00:10:30.000   63.755946458  -68.510461443    91.1196   5   8   3.4389   2.0411   8.3673  -0.9142  -1.2842   4.6749   0.00    0.0
2014/09/19 00:11:00.000   63.755946511  -68.510462721    89.6885   5   8   3.4474   2.0399   8.3636  -0.8870  -1.2243   4.6822   0.00    0.0
2014/09/19 00:11:30.000   63.755951065  -68.510453818    90.6423   5   8   3.4558   2.0388   8.3593  -0.8587  -1.1613   4.6891   0.00    0.0
2014/09/19 00:12:00.000   63.755949106  -68.510456168    89.8374   5   8   3.4641   2.0379   8.3544  -0.8291  -1.0946   4.6956   0.00    0.0
2014/09/19 00:12:30.000   63.755949797  -68.510455461    90.8820   5   8   3.4722   2.0372   8.3490  -0.7983  -1.0236   4.7017   0.00    0.0
2014/09/19 00:13:00.000   63.755947021  -68.510460353    90.6780   5   8   3.4802   2.0367   8.3429  -0.7660  -0.9474   4.7076   0.00    0.0
2014/09/19 00:13:30.000   63.755952559  -68.510456812    91.6113   5   8   3.4881   2.0363   8.3363  -0.7320  -0.8647   4.7130   0.00    0.0
2014/09/19 00:14:00.000   63.755949358  -68.510460136    90.1589   5   8   3.4959   2.0361   8.3292  -0.6962  -0.7734   4.7181   0.00    0.0
2014/09/19 00:14:30.000   63.755951508  -68.510464803    91.6862   5   8   3.5036   2.0361   8.3215  -0.6582  -0.6700   4.7229   0.00    0.0
2014/09/19 00:15:00.000   63.755952956  -68.510461632    91.9372   5   8   3.5111   2.0362   8.3132  -0.6178  -0.5479   4.7273   0.00    0.0
2014/09/19 00:15:30.000   63.755950868  -68.510458802    90.6405   5   8   3.5185   2.0365   8.3045  -0.5743  -0.3899   4.7314   0.00    0.0
2014/09/19 00:16:00.000   63.755946381  -68.510464374    92.3635   5   7   3.6014   2.0652   8.5310  -0.1676  -0.8257   4.5780   0.00    0.0
2014/09/19 00:16:30.000   63.755939466  -68.510472923    91.7473   5   7   3.6074   2.0649   8.5251   0.1336  -0.7268   4.5814   0.00    0.0
2014/09/19 00:17:00.000   63.755946759  -68.510466810    92.4147   5   7   3.6132   2.0647   8.5187   0.2528  -0.6124   4.5846   0.00    0.0
2014/09/19 00:17:30.000   63.755948017  -68.510462543    92.8979   5   7   3.6189   2.0647   8.5118   0.3318  -0.4717   4.5874   0.00    0.0
2014/09/19 00:18:00.000   63.755942305  -68.510471287    91.0635   5   7   3.6245   2.0649   8.5045   0.3954  -0.2655   4.5899   0.00    0.0
2014/09/19 00:18:30.000   63.755938146  -68.510474656    92.1958   5   7   3.6300   2.0652   8.4966   0.4502   0.2844   4.5921   0.00    0.0
2014/09/19 00:19:00.000   63.755949823  -68.510474895    92.7860   5   7   3.6354   2.0657   8.4884   0.4990   0.4811   4.5941   0.00    0.0
2014/09/19 00:19:30.000   63.755939263  -68.510471990    92.1408   5   7   3.6406   2.0664   8.4796   0.5435   0.6174   4.5957   0.00    0.0
2014/09/19 00:20:00.000   63.755944685  -68.510472141    91.6606   5   7   3.6458   2.0673   8.4704   0.5845   0.7281   4.5971   0.00    0.0
2014/09/19 00:20:30.000   63.755949651  -68.510471785    92.5346   5   7   3.6508   2.0683   8.4608   0.6229   0.8234   4.5982   0.00    0.0
2014/09/19 00:21:00.000   63.755947697  -68.510467470    92.7866   5   7   3.6558   2.0694   8.4507   0.6589   0.9083   4.5989   0.00    0.0
2014/09/19 00:21:30.000   63.755946303  -68.510470167    92.7225   5   7   3.6606   2.0707   8.4403   0.6930   0.9853   4.5995   0.00    0.0
2014/09/19 00:22:00.000   63.755946962  -68.510470536    92.0551   5   7   3.6654   2.0722   8.4294   0.7254   1.0561   4.5997   0.00    0.0
2014/09/19 00:22:30.000   63.755946275  -68.510471086    92.5879   5   7   3.6700   2.0738   8.4181   0.7564   1.1220   4.5997   0.00    0.0
2014/09/19 00:23:00.000   63.755951299  -68.510468358    92.6664   5   7   3.6745   2.0756   8.4064   0.7860   1.1837   4.5994   0.00    0.0
2014/09/19 00:23:30.000   63.755951478  -68.510463697    92.6323   5   7   3.6789   2.0775   8.3943   0.8144   1.2417   4.5989   0.00    0.0
2014/09/19 00:24:00.000   63.755949699  -68.510468475    92.6269   5   7   3.6832   2.0796   8.3818   0.8417   1.2967   4.5981   0.00    0.0
2014/09/19 00:24:30.000   63.755950592  -68.510466044    92.6111   5   7   3.6874   2.0818   8.3689   0.8680   1.3488   4.5970   0.00    0.0
2014/09/19 00:25:00.000   63.755953841  -68.510469499    94.2740   5   7   3.6915   2.0841   8.3557   0.8934   1.3985   4.5957   0.00    0.0
2014/09/19 00:25:30.000   63.755952173  -68.510475312    94.2446   5   7   3.6955   2.0865   8.3421   0.9179   1.4459   4.5941   0.00    0.0
2014/09/19 00:26:00.000   63.755954072  -68.510466262    93.0563   5   7   3.6994   2.0891   8.3282   0.9416   1.4913   4.5923   0.00    0.0
2014/09/19 00:26:30.000   63.755953519  -68.510465391    92.6714   5   7   3.7032   2.0918   8.3139   0.9646   1.5348   4.5903   0.00    0.0
2014/09/19 00:27:00.000   63.755950999  -68.510467443    91.9508   5   7   3.7068   2.0946   8.2992   0.9869   1.5766   4.5880   0.00    0.0
2014/09/19 00:27:30.000   63.755950211  -68.510461952    92.2474   5   7   3.7104   2.0976   8.2842   1.0084   1.6167   4.5855   0.00    0.0
2014/09/19 00:28:00.000   63.755952943  -68.510468107    92.3659   5   7   3.7138   2.1006   8.2689   1.0294   1.6554   4.5827   0.00    0.0
2014/09/19 00:28:30.000   63.755956476  -68.510462415    93.0844   5   7   3.7172   2.1037   8.2533   1.0497   1.6926   4.5797   0.00    0.0
2014/09/19 00:29:00.000   63.755955193  -68.510458515    92.7233   5   7   3.7204   2.1069   8.2374   1.0694   1.7284   4.5765   0.00    0.0
2014/09/19 00:29:30.000   63.755957513  -68.510462317    94.4004   5   7   3.7236   2.1103   8.2211   1.0885   1.7630   4.5731   0.00    0.0
2014/09/19 00:30:00.000   63.755956335  -68.510461278    93.3116   5   7   3.7266   2.1137   8.2046   1.1071   1.7964   4.5694   0.00    0.0
2014/09/19 00:30:30.000   63.755957468  -68.510462723    93.5617   5   7   3.7296   2.1172   8.1877   1.1252   1.8286   4.5655   0.00    0.0
2014/09/19 00:31:00.000   63.755950341  -68.510464288    93.4228   5   7   3.7324   2.1207   8.1706   1.1428   1.8597   4.5614   0.00    0.0
2014/09/19 00:31:30.000   63.755943684  -68.510468260    91.4491   5   7   3.7351   2.1244   8.1531   1.1598   1.8898   4.5571   0.00    0.0
2014/09/19 00:32:00.000   63.755951944  -68.510461726    92.4427   5   7   3.7377   2.1281   8.1354   1.1764   1.9188   4.5526   0.00    0.0
2014/09/19 00:32:30.000   63.755951920  -68.510461000    92.3271   5   7   3.7402   2.1318   8.1175   1.1925   1.9469   4.5479   0.00    0.0
2014/09/19 00:33:00.000   63.755954268  -68.510460427    92.2529   5   7   3.7427   2.1357   8.0992   1.2081   1.9740   4.5429   0.00    0.0
2014/09/19 00:33:30.000   63.755949410  -68.510462005    91.0925   5   7   3.7450   2.1396   8.0807   1.2233   2.0002   4.5378   0.00    0.0
2014/09/19 00:34:00.000   63.755947059  -68.510464622    90.5935   5   7   3.7472   2.1435   8.0620   1.2380   2.0255   4.5324   0.00    0.0
2014/09/19 00:34:30.000   63.755946999  -68.510464205    90.5683   5   7   3.7493   2.1474   8.0429   1.2523   2.0500   4.5269   0.00    0.0
2014/09/19 00:35:00.000   63.755943935  -68.510464428    91.1481   5   7   3.7513   2.1515   8.0237   1.2662   2.0736   4.5211   0.00    0.0
2014/09/19 00:35:30.000   63.755939200  -68.510461062    90.0894   5   7   3.7531   2.1555   8.0042   1.2797   2.0964   4.5152   0.00    0.0
2014/09/19 00:36:00.000   63.755940666  -68.510462744    90.0862   5   7   3.7549   2.1596   7.9845   1.2927   2.1184   4.5090   0.00    0.0
2014/09/19 00:36:30.000   63.755939750  -68.510467075    90.7188   5   7   3.7566   2.1637   7.9645   1.3054   2.1396   4.5027   0.00    0.0
2014/09/19 00:37:00.000   63.755940071  -68.510465662    89.9863   5   7   3.7582   2.1678   7.9443   1.3177   2.1601   4.4962   0.00    0.0
2014/09/19 00:37:30.000   63.755937284  -68.510469026    90.1652   5   7   3.7597   2.1719   7.9239   1.3295   2.1799   4.4895   0.00    0.0
2014/09/19 00:38:00.000   63.755932430  -68.510475708    89.6404   5   7   3.7610   2.1760   7.9033   1.3410   2.1989   4.4826   0.00    0.0
2014/09/19 00:38:30.000   63.755939861  -68.510472706    91.0387   5   7   3.7623   2.1801   7.8825   1.3521   2.2173   4.4755   0.00    0.0
2014/09/19 00:39:00.000   63.755932691  -68.510467444    88.8500   5   7   3.7634   2.1843   7.8615   1.3628   2.2349   4.4683   0.00    0.0
2014/09/19 00:39:30.000   63.755933933  -68.510473038    89.6023   5   7   3.7645   2.1884   7.8403   1.3732   2.2519   4.4608   0.00    0.0
2014/09/19 00:40:00.000   63.755934401  -68.510480475    90.1530   5   7   3.7655   2.1925   7.8189   1.3831   2.2682   4.4532   0.00    0.0
2014/09/19 00:40:30.000   63.755930882  -68.510479444    89.4973   5   7   3.7663   2.1966   7.7973   1.3927   2.2839   4.4454   0.00    0.0
2014/09/19 00:41:00.000   63.755932850  -68.510478892    89.5663   5   7   3.7671   2.2007   7.7756   1.4020   2.2989   4.4375   0.00    0.0
2014/09/19 00:41:30.000   63.755924161  -68.510473265    87.6757   5   7   3.7677   2.2048   7.7536   1.4109   2.3134   4.4294   0.00    0.0
2014/09/19 00:42:00.000   63.755943252  -68.510478651    91.6197   5   7   3.7683   2.2088   7.7315   1.4194   2.3271   4.4211   0.00    0.0
2014/09/19 00:42:30.000   63.755942091  -68.510470135    90.6093   5   7   3.7687   2.2128   7.7092   1.4276   2.3403   4.4126   0.00    0.0
2014/09/19 00:43:00.000   63.755942523  -68.510479461    90.4118   5   7   3.7691   2.2168   7.6868   1.4354   2.3529   4.4040   0.00    0.0
2014/09/19 00:43:30.000   63.755936144  -68.510481878    89.2343   5   7   3.7693   2.2207   7.6642   1.4429   2.3650   4.3953   0.00    0.0
2014/09/19 00:44:00.000   63.755932208  -68.510475995    88.3323   5   7   3.7695   2.2246   7.6415   1.4500   2.3764   4.3864   0.00    0.0
2014/09/19 00:44:30.000   63.755938055  -68.510475877    90.1459   5   7   3.7696   2.2284   7.6187   1.4568   2.3873   4.3773   0.00    0.0
2014/09/19 00:45:00.000   63.755946574  -68.510481159    92.2425   5   7   3.7695   2.2322   7.5957   1.4633   2.3976   4.3681   0.00    0.0
2014/09/19 00:45:30.000   63.755951567  -68.510476451    92.0193   5   7   3.7694   2.2360   7.5725   1.4694   2.4074   4.3587   0.00    0.0
2014/09/19 00:46:00.000   63.755953838  -68.510471375    90.9526   5   7   3.7692   2.2396   7.5493   1.4752   2.4166   4.3492   0.00    0.0
2014/09/19 00:46:30.000   63.755945762  -68.510473331    90.5045   5   7   3.7689   2.2433   7.5259   1.4806   2.4253   4.3396   0.00    0.0
2014/09/19 00:47:00.000   63.755943045  -68.510478942    90.6215   5   7   3.7685   2.2468   7.5024   1.4858   2.4334   4.3298   0.00    0.0
2014/09/19 00:47:30.000   63.755944505  -68.510483776    91.5396   5   7   3.7680   2.2503   7.4788   1.4905   2.4411   4.3199   0.00    0.0
2014/09/19 00:48:00.000   63.755957305  -68.510482636    93.1985   5   7   3.7674   2.2538   7.4552   1.4950   2.4482   4.3099   0.00    0.0
2014/09/19 00:48:30.000   63.755955318  -68.510474295    92.2766   5   7   3.7667   2.2571   7.4314   1.4991   2.4549   4.2997   0.00    0.0
2014/09/19 00:49:00.000   63.755960018  -68.510480161    93.2604   5   7   3.7660   2.2604   7.4075   1.5030   2.4610   4.2894   0.00    0.0
2014/09/19 00:49:30.000   63.755956159  -68.510478855    92.9987   5   7   3.7651   2.2636   7.3836   1.5064   2.4667   4.2790   0.00    0.0
2014/09/19 00:50:00.000   63.755950048  -68.510474841    91.0925   5   7   3.7642   2.2668   7.3596   1.5096   2.4719   4.2685   0.00    0.0
2014/09/19 00:50:30.000   63.755944546  -68.510468851    89.8584   5   7   3.7632   2.2698   7.3355   1.5125   2.4766   4.2579   0.00    0.0
2014/09/19 00:51:00.000   63.755947174  -68.510477360    92.1490   5   7   3.7622   2.2728   7.3114   1.5150   2.4808   4.2472   0.00    0.0
2014/09/19 00:51:30.000   63.755947965  -68.510481880    91.7885   5   7   3.7610   2.2757   7.2872   1.5172   2.4846   4.2364   0.00    0.0
2014/09/19 00:52:00.000   63.755948514  -68.510481161    91.4109   5   7   3.7598   2.2785   7.2630   1.5192   2.4879   4.2255   0.00    0.0
2014/09/19 00:52:30.000   63.755955602  -68.510485371    92.8128   5   7   3.7585   2.2813   7.2387   1.5208   2.4908   4.2145   0.00    0.0
2014/09/19 00:53:00.000   63.755948395  -68.510479018    91.5575   5   7   3.7571   2.2839   7.2144   1.5221   2.4932   4.2034   0.00    0.0
2014/09/19 00:53:30.000   63.755940128  -68.510478442    88.9362   5   7   3.7557   2.2865   7.1901   1.5230   2.4952   4.1922   0.00    0.0
2014/09/19 00:54:00.000   63.755945322  -68.510477890    90.0129   5   7   3.7542   2.2889   7.1657   1.5237   2.4967   4.1810   0.00    0.0
2014/09/19 00:54:30.000   63.755949002  -68.510481105    91.0256   5   7   3.7526   2.2913   7.1414   1.5241   2.4979   4.1697   0.00    0.0
2014/09/19 00:55:00.000   63.755946972  -68.510481287    90.9152   5   7   3.7510   2.2936   7.1170   1.5242   2.4986   4.1583   0.00    0.0
2014/09/19 00:55:30.000   63.755948971  -68.510477791    91.3656   5   7   3.7494   2.2958   7.0927   1.5239   2.4989   4.1469   0.00    0.0
2014/09/19 00:56:00.000   63.755949094  -68.510475863    91.4108   5   7   3.7476   2.2979   7.0684   1.5234   2.4988   4.1354   0.00    0.0
2014/09/19 00:56:30.000   63.755945965  -68.510480402    91.9213   5   7   3.7459   2.2999   7.0441   1.5226   2.4982   4.1239   0.00    0.0
2014/09/19 00:57:00.000   63.755950679  -68.510483948    92.2640   5   7   3.7441   2.3018   7.0198   1.5215   2.4973   4.1123   0.00    0.0
2014/09/19 00:57:30.000   63.755940236  -68.510482112    89.6743   5   7   3.7422   2.3037   6.9956   1.5200   2.4960   4.1007   0.00    0.0
2014/09/19 00:58:00.000   63.755955931  -68.510480718    92.2622   5   7   3.7403   2.3054   6.9714   1.5183   2.4944   4.0891   0.00    0.0
2014/09/19 00:58:30.000   63.755959009  -68.510470860    92.2476   5   7   3.7384   2.3070   6.9473   1.5163   2.4923   4.0775   0.00    0.0
2014/09/19 00:59:00.000   63.755948660  -68.510467172    89.2551   5   7   3.7364   2.3086   6.9233   1.5140   2.4899   4.0658   0.00    0.0
2014/09/19 00:59:30.000   63.755947768  -68.510471125    90.0951   5   7   3.7344   2.3100   6.8993   1.5114   2.4870   4.0542   0.00    0.0
2014/09/19 01:00:00.000   63.755902347  -68.510456518    80.7645   5   6  15.4651   3.4058  31.4585  -6.1046  -8.6351  21.8417   0.00    0.0
2014/09/19 01:00:30.000   63.755909904  -68.510459558    82.0517   5   6  15.7345   3.4223  31.9261  -6.1877  -8.7421  22.2015   0.00    0.0
2014/09/19 01:01:00.000   63.755913072  -68.510465963    83.4560   5   6  15.9897   3.4373  32.3616  -6.2649  -8.8402  22.5394   0.00    0.0
2014/09/19 01:01:30.000   63.755925627  -68.510480015    86.7528   5   6  16.2275   3.4502  32.7593  -6.3349  -8.9279  22.8513   0.00    0.0
2014/09/19 01:02:00.000   63.755912799  -68.510472871    83.4582   5   6  16.4449   3.4610  33.1133  -6.3969  -9.0037  23.1330   0.00    0.0
2014/09/19 01:02:30.000   63.755915161  -68.510471564    85.3496   5   6  16.6390   3.4692  33.4178  -6.4497  -9.0663  23.3803   0.00    0.0
2014/09/19 01:03:00.000   63.755932653  -68.510488179    89.0609   5   6  16.8069   3.4747  33.6678  -6.4924  -9.1142  23.5894   0.00    0.0
2014/09/19 01:03:30.000   63.755937918  -68.510480758    90.9578   5   6  16.9460   3.4772  33.8584  -6.5242  -9.1463  23.7567   0.00    0.0
2014/09/19 01:04:00.000   63.755939441  -68.510484914    92.1791   5   6  17.0542   3.4766  33.9858  -6.5444  -9.1618  23.8795   0.00    0.0
2014/09/19 01:04:30.000   63.755933438  -68.510486705    91.1664   5   6  17.1299   3.4728  34.0471  -6.5524  -9.1599  23.9554   0.00    0.0
2014/09/19 01:05:00.000   63.755935257  -68.510486176    91.6216   5   6  17.1718   3.4657  34.0406  -6.5480  -9.1404  23.9830   0.00    0.0
2014/09/19 01:05:30.000   63.755915362  -68.510486674    86.7256   5   6  17.1794   3.4554  33.9658  -6.5312  -9.1032  23.9618   0.00    0.0
2014/09/19 01:06:00.000   63.755912193  -68.510484294    85.5312   5   6  17.1529   3.4420  33.8234  -6.5020  -9.0485  23.8921   0.00    0.0
2014/09/19 01:06:30.000   63.755901330  -68.510481038    82.4587   5   6  17.0929   3.4256  33.6153  -6.4610  -8.9772  23.7751   0.00    0.0
2014/09/19 01:07:00.000   63.755901735  -68.510477450    81.5040   5   6  17.0007   3.4066  33.3446  -6.4086  -8.8899  23.6128   0.00    0.0
2014/09/19 01:07:30.000   63.755901239  -68.510473136    79.7478   5   6  16.8782   3.3851  33.0155  -6.3458  -8.7880  23.4080   0.00    0.0
2014/09/19 01:08:00.000   63.755900289  -68.510474942    80.5034   5   6  16.7276   3.3615  32.6327  -6.2733  -8.6728  23.1639   0.00    0.0
2014/09/19 01:08:30.000   63.755928401  -68.510483688    88.5740   5   6  16.5514   3.3361  32.2019  -6.1924  -8.5457  22.8844   0.00    0.0
2014/09/19 01:09:00.000   63.755939284  -68.510482825    91.1650   5   7  16.3128   3.2840  31.7080  -6.0658  -8.4363  22.6026   0.00    0.0
2014/09/19 01:09:30.000   63.755954346  -68.510491769    94.2494   5   7  16.0687   3.2494  31.2149  -5.9540  -8.2776  22.2534   0.00    0.0
2014/09/19 01:10:00.000   63.755952853  -68.510494061    94.6770   5   7  15.8032   3.2137  30.6803  -5.8352  -8.1091  21.8740   0.00    0.0
2014/09/19 01:10:30.000   63.755968916  -68.510494350    97.5371   5   7  15.5200   3.1774  30.1118  -5.7109  -7.9329  21.4700   0.00    0.0
2014/09/19 01:11:00.000   63.755975533  -68.510496476    98.6068   5   7  15.2230   3.1408  29.5169  -5.5825  -7.7511  21.0467   0.00    0.0
2014/09/19 01:11:30.000   63.755949148  -68.510482492    93.2521   5   7  14.9157   3.1044  28.9024  -5.4513  -7.5655  20.6089   0.00    0.0
2014/09/19 01:12:00.000   63.755940311  -68.510481833    91.2809   5   7  14.6013   3.0683  28.2747  -5.3186  -7.3778  20.1611   0.00    0.0
2014/09/19 01:12:30.000   63.755961329  -68.510491417    95.1309   5   7  14.2827   3.0330  27.6394  -5.1855  -7.1896  19.7076   0.00    0.0
2014/09/19 01:13:00.000   63.755963194  -68.510487520    96.0740   5   7  13.9625   2.9987  27.0015  -5.0528  -7.0020  19.2518   0.00    0.0
2014/09/19 01:13:30.000   63.755958074  -68.510488233    94.9903   5   7  13.6429   2.9654  26.3652  -4.9213  -6.8162  18.7968   0.00    0.0
2014/09/19 01:14:00.000   63.755953754  -68.510480649    94.3716   5   7  13.3257   2.9333  25.7343  -4.7918  -6.6332  18.3453   0.00    0.0
2014/09/19 01:14:30.000   63.755957571  -68.510487231    95.5509   5   7  13.0126   2.9025  25.1116  -4.6646  -6.4536  17.8993   0.00    0.0
2014/09/19 01:15:00.000   63.755952334  -68.510480842    93.6980   5   7  12.7047   2.8730  24.4997  -4.5404  -6.2781  17.4608   0.00    0.0
2014/09/19 01:15:30.000   63.755945429  -68.510479288    91.0966   5   7  12.4031   2.8450  23.9005  -4.4193  -6.1071  17.0310   0.00    0.0
2014/09/19 01:16:00.000   63.755953251  -68.510476560    92.6949   5   7  12.1085   2.8183  23.3154  -4.3017  -5.9409  16.6111   0.00    0.0
2014/09/19 01:16:30.000   63.755941540  -68.510472372    90.6945   5   8   6.1416   2.6827  10.8734  -3.1126  -4.2290   7.7911   0.00    0.0
2014/09/19 01:17:00.000   63.755946359  -68.510471095    91.6889   5   8   6.1417   2.6747  10.8774  -3.1025  -4.2162   7.7924   0.00    0.0
2014/09/19 01:17:30.000   63.755943081  -68.510465032    90.7515   5   9   2.5512   2.0884   4.9499  -0.5457  -1.2647   2.5695   0.00    0.0
2014/09/19 01:18:00.000   63.755944402  -68.510483322    91.9799   5   8   2.7108   2.3757   5.2156   0.8607  -1.8475   2.2785   0.00    0.0
2014/09/19 01:18:30.000   63.755945481  -68.510480573    92.4631   5   8   2.7121   2.3709   5.2336   0.8579  -1.8478   2.2868   0.00    0.0
2014/09/19 01:19:00.000   63.755949193  -68.510482543    92.4804   5   8   2.7135   2.3660   5.2518   0.8551  -1.8480   2.2953   0.00    0.0
2014/09/19 01:19:30.000   63.755946239  -68.510485247    93.3788   5   8   2.7150   2.3612   5.2702   0.8522  -1.8483   2.3040   0.00    0.0
2014/09/19 01:20:00.000   63.755949841  -68.510473316    92.7850   5   8   2.7165   2.3564   5.2888   0.8493  -1.8485   2.3128   0.00    0.0
2014/09/19 01:20:30.000   63.755946192  -68.510476351    92.2237   5   8   2.7181   2.3516   5.3075   0.8463  -1.8487   2.3219   0.00    0.0
2014/09/19 01:21:00.000   63.755948306  -68.510475697    92.1751   5   8   2.7198   2.3468   5.3265   0.8432  -1.8490   2.3311   0.00    0.0
2014/09/19 01:21:30.000   63.755951107  -68.510476020    92.8078   5   8   2.7215   2.3420   5.3457   0.8401  -1.8492   2.3405   0.00    0.0
2014/09/19 01:22:00.000   63.755947734  -68.510476597    93.1913   5   9   2.6796   1.8972   4.9270   0.1934  -0.7224   2.5600   0.00    0.0
2014/09/19 01:22:30.000   63.755945204  -68.510491092    93.5258   5   9   2.6810   1.8951   4.9479   0.1749  -0.7297   2.5702   0.00    0.0
2014/09/19 01:23:00.000   63.755945981  -68.510488410    93.9353   5   9   2.6824   1.8930   4.9690   0.1541  -0.7370   2.5805   0.00    0.0
2014/09/19 01:23:30.000   63.755950158  -68.510488163    93.7518   5   9   2.6838   1.8909   4.9903   0.1298  -0.7443   2.5909   0.00    0.0
2014/09/19 01:24:00.000   63.755953727  -68.510500890    94.2486   5   9   2.6854   1.8889   5.0117   0.0996  -0.7517   2.6015   0.00    0.0
2014/09/19 01:24:30.000   63.755954995  -68.510496650    94.1806   5   9   2.6870   1.8870   5.0334   0.0544  -0.7591   2.6121   0.00    0.0
2014/09/19 01:25:00.000   63.755950005  -68.510486236    94.0122   5   9   2.6886   1.8850   5.0553  -0.0636  -0.7666   2.6229   0.00    0.0
2014/09/19 01:25:30.000   63.755946185  -68.510486609    93.2859   5   9   2.6903   1.8831   5.0773  -0.1053  -0.7740   2.6337   0.00    0.0
2014/09/19 01:26:00.000   63.755948551  -68.510482727    92.9308   5   9   2.6920   1.8813   5.0995  -0.1348  -0.7815   2.6447   0.00    0.0
2014/09/19 01:26:30.000   63.755947077  -68.510490941    92.6991   5   9   2.6938   1.8794   5.1218  -0.1590  -0.7891   2.6557   0.00    0.0
2014/09/19 01:27:00.000   63.755948585  -68.510488945    93.3465   5   9   2.6956   1.8776   5.1443  -0.1802  -0.7967   2.6669   0.00    0.0
2014/09/19 01:27:30.000   63.755943803  -68.510485247    91.7658   5   9   2.6975   1.8759   5.1669  -0.1991  -0.8042   2.6781   0.00    0.0
2014/09/19 01:28:00.000   63.755947494  -68.510488101    92.6578   5   9   2.6995   1.8741   5.1897  -0.2165  -0.8119   2.6894   0.00    0.0
2014/09/19 01:28:30.000   63.755953532  -68.510484936    93.4302   5   9   2.7014   1.8724   5.2125  -0.2327  -0.8195   2.7008   0.00    0.0
2014/09/19 01:29:00.000   63.755947861  -68.510491902    92.9239   5   9   2.7034   1.8707   5.2355  -0.2479  -0.8272   2.7122   0.00    0.0
2014/09/19 01:29:30.000   63.755944807  -68.510495793    92.0303   5   9   2.7055   1.8691   5.2586  -0.2623  -0.8348   2.7237   0.00    0.0
2014/09/19 01:30:00.000   63.755954291  -68.510485868    92.4314   5   9   2.7076   1.8675   5.2817  -0.2760  -0.8425   2.7352   0.00    0.0
2014/09/19 01:30:30.000   63.755950003  -68.510485042    91.8631   5   9   2.7097   1.8659   5.3050  -0.2891  -0.8502   2.7468   0.00    0.0
2014/09/19 01:31:00.000   63.755950063  -68.510486929    92.2345   5   9   2.7118   1.8643   5.3283  -0.3017  -0.8580   2.7584   0.00    0.0
2014/09/19 01:31:30.000   63.755952605  -68.510485959    91.8036   5   9   2.7140   1.8628   5.3516  -0.3138  -0.8657   2.7701   0.00    0.0
2014/09/19 01:32:00.000   63.755950080  -68.510480382    92.1043   5   9   2.7162   1.8613   5.3750  -0.3255  -0.8735   2.7818   0.00    0.0
2014/09/19 01:32:30.000   63.755952079  -68.510477633    91.5236   5   9   2.7184   1.8598   5.3984  -0.3369  -0.8812   2.7935   0.00    0.0
2014/09/19 01:33:00.000   63.755953878  -68.510480591    92.1051   5   9   2.7207   1.8584   5.4219  -0.3479  -0.8890   2.8052   0.00    0.0
2014/09/19 01:33:30.000   63.755955981  -68.510481422    92.6970   5   9   2.7230   1.8570   5.4453  -0.3587  -0.8968   2.8169   0.00    0.0
2014/09/19 01:34:00.000   63.755956207  -68.510473974    92.6390   5   9   2.7253   1.8556   5.4687  -0.3691  -0.9045   2.8286   0.00    0.0
2014/09/19 01:34:30.000   63.755952889  -68.510478100    92.2128   5   9   2.7276   1.8543   5.4921  -0.3793  -0.9123   2.8403   0.00    0.0
2014/09/19 01:35:00.000   63.755956430  -68.510480204    92.9237   5   9   2.7299   1.8529   5.5154  -0.3892  -0.9201   2.8519   0.00    0.0
2014/09/19 01:35:30.000   63.755954086  -68.510482440    92.7093   5   9   2.7322   1.8516   5.5387  -0.3990  -0.9278   2.8635   0.00    0.0
2014/09/19 01:36:00.000   63.755953715  -68.510488832    93.6659   5   9   2.7346   1.8504   5.5619  -0.4085  -0.9355   2.8751   0.00    0.0
2014/09/19 01:36:30.000   63.755954480  -68.510484464    93.4221   5   9   2.7369   1.8491   5.5850  -0.4178  -0.9433   2.8866   0.00    0.0
2014/09/19 01:37:00.000   63.755956370  -68.510487397    94.3428   5   9   2.7393   1.8479   5.6080  -0.4269  -0.9510   2.8981   0.00    0.0
2014/09/19 01:37:30.000   63.755959001  -68.510483535    94.0002   5   9   2.7416   1.8467   5.6309  -0.4359  -0.9587   2.9095   0.00    0.0
2014/09/19 01:38:00.000   63.755954926  -68.510481564    94.0752   5   9   2.7440   1.8455   5.6536  -0.4447  -0.9664   2.9208   0.00    0.0
2014/09/19 01:38:30.000   63.755964490  -68.510485034    96.6285   5   9   2.7463   1.8444   5.6762  -0.4533  -0.9740   2.9320   0.00    0.0
2014/09/19 01:39:00.000   63.755954693  -68.510483313    93.8372   5   9   2.7487   1.8433   5.6986  -0.4617  -0.9816   2.9432   0.00    0.0
2014/09/19 01:39:30.000   63.755957222  -68.510488217    95.2600   5   9   2.7510   1.8422   5.7207  -0.4700  -0.9892   2.9542   0.00    0.0
2014/09/19 01:40:00.000   63.755958647  -68.510488820    95.1349   5   9   2.7533   1.8411   5.7427  -0.4782  -0.9968   2.9651   0.00    0.0
2014/09/19 01:40:30.000   63.755956045  -68.510486192    94.4959   5   9   2.7555   1.8401   5.7644  -0.4862  -1.0043   2.9758   0.00    0.0
2014/09/19 01:41:00.000   63.755959596  -68.510487089    95.3215   5   9   2.7578   1.8391   5.7859  -0.4941  -1.0117   2.9865   0.00    0.0
2014/09/19 01:41:30.000   63.755960863  -68.510480844    94.8362   5   9   2.7600   1.8381   5.8071  -0.5018  -1.0191   2.9969   0.00    0.0
2014/09/19 01:42:00.000   63.755955316  -68.510481693    95.4963   5   9   2.7622   1.8371   5.8280  -0.5094  -1.0265   3.0072   0.00    0.0
2014/09/19 01:42:30.000   63.755958432  -68.510480082    94.7990   5   9   2.7643   1.8362   5.8486  -0.5169  -1.0338   3.0174   0.00    0.0
2014/09/19 01:43:00.000   63.755956536  -68.510488688    95.0633   5   9   2.7665   1.8353   5.8688  -0.5243  -1.0410   3.0273   0.00    0.0
2014/09/19 01:43:30.000   63.755952434  -68.510482822    93.9996   5   9   2.7685   1.8344   5.8887  -0.5315  -1.0482   3.0371   0.00    0.0
2014/09/19 01:44:00.000   63.755958356  -68.510483628    95.1687   5   9   2.7706   1.8335   5.9082  -0.5386  -1.0553   3.0466   0.00    0.0
2014/09/19 01:44:30.000   63.755959626  -68.510485302    95.3947   5   9   2.7725   1.8327   5.9273  -0.5456  -1.0623   3.0559   0.00    0.0
2014/09/19 01:45:00.000   63.755961352  -68.510475448    94.6326   5   9   2.7744   1.8318   5.9460  -0.5525  -1.0693   3.0650   0.00    0.0
2014/09/19 01:45:30.000   63.755960592  -68.510486770    95.5961   5   9   2.7763   1.8310   5.9643  -0.5592  -1.0762   3.0739   0.00    0.0
2014/09/19 01:46:00.000   63.755956493  -68.510488970    94.4742   5   9   2.7781   1.8303   5.9821  -0.5658  -1.0830   3.0825   0.00    0.0
2014/09/19 01:46:30.000   63.755958018  -68.510491129    95.0101   5   9   2.7798   1.8295   5.9994  -0.5723  -1.0897   3.0908   0.00    0.0
2014/09/19 01:47:00.000   63.755959122  -68.510481847    95.3528   5   9   2.7815   1.8288   6.0162  -0.5787  -1.0963   3.0989   0.00    0.0
2014/09/19 01:47:30.000   63.755962570  -68.510477692    95.6244   5   9   2.7831   1.8281   6.0325  -0.5850  -1.1028   3.1067   0.00    0.0
2014/09/19 01:48:00.000   63.755962532  -68.510471138    96.1144   5   9   2.7846   1.8274   6.0482  -0.5911  -1.1092   3.1141   0.00    0.0
2014/09/19 01:48:30.000   63.755956320  -68.510477899    95.3319   5   9   2.7860   1.8267   6.0634  -0.5972  -1.1155   3.1213   0.00    0.0
2014/09/19 01:49:00.000   63.755956814  -68.510480706    95.5384   5   9   2.7874   1.8260   6.0780  -0.6031  -1.1216   3.1282   0.00    0.0
2014/09/19 01:49:30.000   63.755959082  -68.510474744    94.7424   5   9   2.7887   1.8254   6.0920  -0.6089  -1.1277   3.1347   0.00    0.0
2014/09/19 01:50:00.000   63.755963234  -68.510475043    96.0045   5   9   2.7898   1.8248   6.1054  -0.6146  -1.1336   3.1410   0.00    0.0
2014/09/19 01:50:30.000   63.755954976  -68.510474251    95.2734   5   9   2.7909   1.8242   6.1182  -0.6202  -1.1394   3.1468   0.00    0.0
2014/09/19 01:51:00.000   63.755959038  -68.510468547    95.2877   5   9   2.7919   1.8237   6.1303  -0.6256  -1.1451   3.1523   0.00    0.0
2014/09/19 01:51:30.000   63.755955003  -68.510467532    94.2233   5   9   2.7928   1.8231   6.1418  -0.6310  -1.1507   3.1575   0.00    0.0
2014/09/19 01:52:00.000   63.755955547  -68.510474130    94.5009   5   9   2.7936   1.8226   6.1526  -0.6362  -1.1561   3.1623   0.00    0.0
2014/09/19 01:52:30.000   63.755953446  -68.510485965    95.5110   5   9   2.7942   1.8221   6.1626  -0.6413  -1.1614   3.1667   0.00    0.0
2014/09/19 01:53:00.000   63.755951116  -68.510475786    93.9056   5   9   2.7948   1.8216   6.1720  -0.6463  -1.1665   3.1707   0.00    0.0
2014/09/19 01:53:30.000   63.755948537  -68.510492530    94.5137   5   9   2.7953   1.8212   6.1807  -0.6511  -1.1715   3.1744   0.00    0.0
2014/09/19 01:54:00.000   63.755949875  -68.510482085    94.2364   5   9   2.7956   1.8207   6.1886  -0.6559  -1.1763   3.1776   0.00    0.0
2014/09/19 01:54:30.000   63.755952994  -68.510469587    92.8843   5   9   2.7959   1.8203   6.1958  -0.6605  -1.1810   3.1805   0.00    0.0
2014/09/19 01:55:00.000   63.755949903  -68.510473153    94.0360   5   9   2.7960   1.8199   6.2022  -0.6651  -1.1856   3.1829   0.00    0.0
2014/09/19 01:55:30.000   63.755949728  -68.510471952    94.2983   5   9   2.7960   1.8195   6.2079  -0.6695  -1.1899   3.1850   0.00    0.0
2014/09/19 01:56:00.000   63.755947652  -68.510478004    95.0053   5   9   2.7959   1.8191   6.2128  -0.6737  -1.1941   3.1866   0.00    0.0
2014/09/19 01:56:30.000   63.755951131  -68.510471781    94.8947   5   9   2.7957   1.8188   6.2169  -0.6779  -1.1982   3.1878   0.00    0.0
2014/09/19 01:57:00.000   63.755949742  -68.510474900    94.7791   5   9   2.7953   1.8184   6.2202  -0.6820  -1.2021   3.1886   0.00    0.0
2014/09/19 01:57:30.000   63.755948814  -68.510464776    94.7302   5   9   2.7949   1.8181   6.2227  -0.6859  -1.2058   3.1889   0.00    0.0
2014/09/19 01:58:00.000   63.755948355  -68.510468610    94.7338   5   9   2.7943   1.8178   6.2245  -0.6897  -1.2094   3.1889   0.00    0.0
2014/09/19 01:58:30.000   63.755951802  -68.510464120    95.0827   5   9   2.7936   1.8176   6.2255  -0.6935  -1.2127   3.1884   0.00    0.0
2014/09/19 01:59:00.000   63.755948197  -68.510462306    94.6482   5   9   2.7928   1.8173   6.2256  -0.6970  -1.2160   3.1874   0.00    0.0
2014/09/19 01:59:30.000   63.755947312  -68.510464719    93.1292   5   9   2.7918   1.8171   6.2250  -0.7005  -1.2190   3.1861   0.00    0.0
2014/09/19 02:00:00.000   63.755948181  -68.510467964    93.6554   5   9   2.7908   1.8168   6.2236  -0.7039  -1.2219   3.1843   0.00    0.0
2014/09/19 02:00:30.000   63.755947637  -68.510474605    93.9446   5   9   2.7896   1.8166   6.2214  -0.7072  -1.2246   3.1822   0.00    0.0
2014/09/19 02:01:00.000   63.755951942  -68.510474785    93.9194   5   9   2.7883   1.8164   6.2184  -0.7103  -1.2271   3.1795   0.00    0.0
2014/09/19 02:01:30.000   63.755951148  -68.510471916    93.6264   5   9   2.7869   1.8163   6.2146  -0.7133  -1.2294   3.1765   0.00    0.0
2014/09/19 02:02:00.000   63.755952959  -68.510466166    92.6385   5   9   2.7854   1.8161   6.2100  -0.7163  -1.2316   3.1731   0.00    0.0
2014/09/19 02:02:30.000   63.755948086  -68.510474415    92.7934   5   9   2.7837   1.8160   6.2047  -0.7191  -1.2336   3.1692   0.00    0.0
2014/09/19 02:03:00.000   63.755947158  -68.510479375    92.9398   5   9   2.7820   1.8159   6.1986  -0.7218  -1.2355   3.1650   0.00    0.0
2014/09/19 02:03:30.000   63.755949623  -68.510469289    92.9272   5   9   2.7801   1.8158   6.1917  -0.7244  -1.2371   3.1603   0.00    0.0
2014/09/19 02:04:00.000   63.755949556  -68.510473472    92.6013   5   9   2.7782   1.8157   6.1841  -0.7269  -1.2387   3.1553   0.00    0.0
2014/09/19 02:04:30.000   63.755949893  -68.510474299    93.4598   5   9   2.7761   1.8156   6.1758  -0.7293  -1.2400   3.1498   0.00    0.0
2014/09/19 02:05:00.000   63.755945750  -68.510469163    92.7240   5   9   2.7740   1.8156   6.1668  -0.7316  -1.2412   3.1440   0.00    0.0
2014/09/19 02:05:30.000   63.755948236  -68.510467354    93.4449   5   9   2.7717   1.8156   6.1570  -0.7338  -1.2422   3.1378   0.00    0.0
2014/09/19 02:06:00.000   63.755949112  -68.510471084    93.6102   5   9   2.7693   1.8156   6.1466  -0.7359  -1.2430   3.1312   0.00    0.0
2014/09/19 02:06:30.000   63.755947245  -68.510476601    94.3361   5   9   2.7669   1.8156   6.1354  -0.7379  -1.2437   3.1243   0.00    0.0
2014/09/19 02:07:00.000   63.755950869  -68.510466734    94.1591   5   9   2.7644   1.8156   6.1237  -0.7398  -1.2443   3.1170   0.00    0.0
2014/09/19 02:07:30.000   63.755949791  -68.510475024    94.9709   5   9   2.7618   1.8157   6.1112  -0.7416  -1.2447   3.1094   0.00    0.0
2014/09/19 02:08:00.000   63.755945232  -68.510472416    93.6301   5   9   2.7591   1.8157   6.0982  -0.7433  -1.2449   3.1014   0.00    0.0
2014/09/19 02:08:30.000   63.755946376  -68.510472539    94.0953   5   9   2.7563   1.8158   6.0845  -0.7449  -1.2450   3.0932   0.00    0.0
2014/09/19 02:09:00.000   63.755947220  -68.510465212    94.6814   5   9   2.7535   1.8159   6.0702  -0.7465  -1.2449   3.0846   0.00    0.0
2014/09/19 02:09:30.000   63.755948184  -68.510465010    95.3188   5   9   2.7506   1.8160   6.0553  -0.7479  -1.2447   3.0757   0.00    0.0
2014/09/19 02:10:00.000   63.755945203  -68.510461534    95.4358   5   9   2.7476   1.8162   6.0399  -0.7493  -1.2444   3.0665   0.00    0.0
2014/09/19 02:10:30.000   63.755946014  -68.510469790    94.2624   5   9   2.7445   1.8164   6.0240  -0.7506  -1.2439   3.0570   0.00    0.0
2014/09/19 02:11:00.000   63.755944330  -68.510469622    94.5229   5   9   2.7415   1.8165   6.0075  -0.7518  -1.2434   3.0473   0.00    0.0
2014/09/19 02:11:30.000   63.755940990  -68.510476328    93.5427   5   9   2.7383   1.8167   5.9905  -0.7530  -1.2426   3.0373   0.00    0.0
2014/09/19 02:12:00.000   63.755946571  -68.510472422    94.7771   5   9   2.7351   1.8170   5.9731  -0.7540  -1.2418   3.0270   0.00    0.0
2014/09/19 02:12:30.000   63.755948200  -68.510465011    95.0582   5   9   2.7319   1.8172   5.9552  -0.7550  -1.2408   3.0165   0.00    0.0
2014/09/19 02:13:00.000   63.755947336  -68.510468186    93.9331   5   9   2.7286   1.8175   5.9368  -0.7559  -1.2398   3.0058   0.00    0.0
2014/09/19 02:13:30.000   63.755947689  -68.510469392    95.1152   5   9   2.7253   1.8178   5.9180  -0.7568  -1.2386   2.9948   0.00    0.0
2014/09/19 02:14:00.000   63.755948078  -68.510464706    95.4182   5   9   2.7219   1.8181   5.8989  -0.7575  -1.2373   2.9837   0.00    0.0
2014/09/19 02:14:30.000   63.755945289  -68.510457267    94.4473   5   9   2.7186   1.8184   5.8793  -0.7583  -1.2359   2.9723   0.00    0.0
2014/09/19 02:15:00.000   63.755945594  -68.510465482    94.0250   5   9   2.7151   1.8188   5.8594  -0.7589  -1.2345   2.9608   0.00    0.0
2014/09/19 02:15:30.000   63.755948457  -68.510464748    94.2573   5   9   2.7117   1.8192   5.8392  -0.7595  -1.2329   2.9491   0.00    0.0
2014/09/19 02:16:00.000   63.755950846  -68.510456312    95.1254   5   9   2.7083   1.8196   5.8186  -0.7600  -1.2312   2.9372   0.00    0.0
2014/09/19 02:16:30.000   63.755950868  -68.510456396    95.4394   5   9   2.7048   1.8200   5.7978  -0.7605  -1.2295   2.9252   0.00    0.0
2014/09/19 02:17:00.000   63.755945647  -68.510456818    94.7147   5   9   2.7014   1.8205   5.7767  -0.7609  -1.2276   2.9130   0.00    0.0
2014/09/19 02:17:30.000   63.755945897  -68.510454838    93.9932   5   9   2.6979   1.8209   5.7553  -0.7613  -1.2257   2.9007   0.00    0.0
2014/09/19 02:18:00.000   63.755944045  -68.510458994    95.3394   5   9   2.6944   1.8214   5.7337  -0.7616  -1.2238   2.8883   0.00    0.0
2014/09/19 02:18:30.000   63.755945007  -68.510460461    95.5209   5   9   2.6909   1.8220   5.7118  -0.7619  -1.2217   2.8758   0.00    0.0
2014/09/19 02:19:00.000   63.755949046  -68.510458464    95.7070   5   9   2.6875   1.8225   5.6898  -0.7621  -1.2196   2.8631   0.00    0.0
2014/09/19 02:19:30.000   63.755950025  -68.510457976    95.0814   5   8   2.6931   2.0189   6.2482  -0.6239   0.8939   2.9507   0.00    0.0
2014/09/19 02:20:00.000   63.755952821  -68.510462162    95.3897   5   8   2.6899   2.0196   6.2275  -0.6224   0.8971   2.9393   0.00    0.0
2014/09/19 02:20:30.000   63.755952193  -68.510462522    94.5518   5   8   2.6866   2.0204   6.2064  -0.6209   0.9000   2.9278   0.00    0.0
2014/09/19 02:21:00.000   63.755949904  -68.510458574    94.0862   5   8   2.6834   2.0212   6.1850  -0.6196   0.9027   2.9161   0.00    0.0
2014/09/19 02:21:30.000   63.755951497  -68.510464978    94.7478   5   8   2.6802   2.0220   6.1633  -0.6182   0.9052   2.9043   0.00    0.0
2014/09/19 02:22:00.000   63.755953164  -68.510465453    94.3929   5   8   2.6770   2.0228   6.1413  -0.6169   0.9074   2.8924   0.00    0.0
2014/09/19 02:22:30.000   63.755946313  -68.510463344    94.7918   5   8   2.6738   2.0236   6.1190  -0.6157   0.9093   2.8804   0.00    0.0
2014/09/19 02:23:00.000   63.755951199  -68.510468146    94.2460   5   8   2.6706   2.0244   6.0965  -0.6144   0.9110   2.8683   0.00    0.0
2014/09/19 02:23:30.000   63.755951720  -68.510462108    95.3483   5   8   2.6674   2.0253   6.0737  -0.6133   0.9125   2.8561   0.00    0.0
2014/09/19 02:24:00.000   63.755947931  -68.510467622    94.3850   5   8   2.6643   2.0261   6.0507  -0.6121   0.9137   2.8438   0.00    0.0
2014/09/19 02:24:30.000   63.755949166  -68.510468076    93.6892   5   8   2.6612   2.0270   6.0275  -0.6111   0.9146   2.8315   0.00    0.0
2014/09/19 02:25:00.000   63.755949323  -68.510461634    93.9406   5   8   2.6581   2.0279   6.0041  -0.6100   0.9153   2.8191   0.00    0.0
2014/09/19 02:25:30.000   63.755950064  -68.510467687    94.3168   5   8   2.6551   2.0288   5.9806  -0.6090   0.9158   2.8067   0.00    0.0
2014/09/19 02:26:00.000   63.755953356  -68.510458386    93.4731   5   8   2.6521   2.0297   5.9569  -0.6080   0.9161   2.7942   0.00    0.0
2014/09/19 02:26:30.000   63.755952044  -68.510450843    92.5858   5   8   2.6491   2.0307   5.9331  -0.6071   0.9161   2.7817   0.00    0.0
2014/09/19 02:27:00.000   63.755955003  -68.510460816    93.3294   5   8   2.6462   2.0316   5.9092  -0.6062   0.9159   2.7692   0.00    0.0
2014/09/19 02:27:30.000   63.755951102  -68.510463586    94.0062   5   8   2.6433   2.0326   5.8852  -0.6053   0.9155   2.7567   0.00    0.0
2014/09/19 02:28:00.000   63.755952355  -68.510461604    93.8217   5   8   2.6405   2.0336   5.8612  -0.6045   0.9148   2.7442   0.00    0.0
2014/09/19 02:28:30.000   63.755955305  -68.510459244    93.4712   5   8   2.6377   2.0346   5.8371  -0.6037   0.9140   2.7316   0.00    0.0
2014/09/19 02:29:00.000   63.755951646  -68.510463566    92.8042   5   8   2.6349   2.0356   5.8129  -0.6029   0.9129   2.7191   0.00    0.0
2014/09/19 02:29:30.000   63.755953751  -68.510467248    92.8328   5   8   2.6322   2.0367   5.7887  -0.6022   0.9116   2.7066   0.00    0.0
2014/09/19 02:30:00.000   63.755948181  -68.510471889    93.7207   5   7   2.6444   2.4196   6.6712  -0.8524  -1.8848   2.8631   0.00    0.0
2014/09/19 02:30:30.000   63.755951954  -68.510471666    93.9384   5   7   2.6417   2.4194   6.6497  -0.8511  -1.8833   2.8510   0.00    0.0
2014/09/19 02:31:00.000   63.755951155  -68.510465584    93.3088   5   7   2.6391   2.4191   6.6278  -0.8497  -1.8816   2.8388   0.00    0.0
2014/09/19 02:31:30.000   63.755951040  -68.510466608    93.1496   5   7   2.6365   2.4188   6.6056  -0.8482  -1.8796   2.8266   0.00    0.0
2014/09/19 02:32:00.000   63.755947579  -68.510467307    93.6118   5   7   2.6340   2.4185   6.5830  -0.8467  -1.8774   2.8143   0.00    0.0
2014/09/19 02:32:30.000   63.755949913  -68.510465918    94.3203   5   7   2.6315   2.4182   6.5601  -0.8450  -1.8749   2.8019   0.00    0.0
2014/09/19 02:33:00.000   63.755953486  -68.510468210    94.5806   5   7   2.6291   2.4179   6.5369  -0.8433  -1.8722   2.7895   0.00    0.0
2014/09/19 02:33:30.000   63.755950930  -68.510467366    95.1471   5   7   2.6267   2.4175   6.5134  -0.8414  -1.8693   2.7771   0.00    0.0
2014/09/19 02:34:00.000   63.755947205  -68.510473173    94.1795   5   8   2.4170   2.3497   5.6165  -1.1333  -2.3078   2.0783   0.00    0.0
2014/09/19 02:34:30.000   63.755951588  -68.510468830    93.2261   5   8   2.4181   2.3475   5.6143  -1.1332  -2.3050   2.0791   0.00    0.0
2014/09/19 02:35:00.000   63.755951811  -68.510462007    93.1411   5   8   2.4192   2.3452   5.6118  -1.1329  -2.3019   2.0799   0.00    0.0
2014/09/19 02:35:30.000   63.755947257  -68.510466105    92.9333   5   8   2.4204   2.3428   5.6088  -1.1326  -2.2986   2.0807   0.00    0.0
2014/09/19 02:36:00.000   63.755946966  -68.510470503    94.1146   5   8   2.4216   2.3403   5.6056  -1.1322  -2.2949   2.0815   0.00    0.0
2014/09/19 02:36:30.000   63.755947508  -68.510467950    93.9646   5   8   2.4228   2.3378   5.6020  -1.1317  -2.2910   2.0822   0.00    0.0
2014/09/19 02:37:00.000   63.755943712  -68.510472223    93.2126   5   8   2.4241   2.3353   5.5980  -1.1312  -2.2868   2.0829   0.00    0.0
2014/09/19 02:37:30.000   63.755952560  -68.510457402    93.1805   5   8   2.4254   2.3327   5.5937  -1.1305  -2.2823   2.0835   0.00    0.0
2014/09/19 02:38:00.000   63.755948708  -68.510467403    94.2676   5   8   2.4268   2.3301   5.5891  -1.1298  -2.2775   2.0841   0.00    0.0
2014/09/19 02:38:30.000   63.755948597  -68.510464606    93.4725   5   8   2.4281   2.3274   5.5841  -1.1290  -2.2725   2.0847   0.00    0.0
2014/09/19 02:39:00.000   63.755952873  -68.510467589    94.0848   5   8   2.4296   2.3246   5.5788  -1.1281  -2.2671   2.0852   0.00    0.0
2014/09/19 02:39:30.000   63.755943282  -68.510482350    94.9879   5   8   2.4310   2.3219   5.5731  -1.1271  -2.2615   2.0856   0.00    0.0
2014/09/19 02:40:00.000   63.755949467  -68.510469177    95.1164   5   8   2.4325   2.3190   5.5672  -1.1260  -2.2557   2.0861   0.00    0.0
2014/09/19 02:40:30.000   63.755946626  -68.510469295    93.1612   5   8   2.4340   2.3162   5.5608  -1.1249  -2.2496   2.0865   0.00    0.0
2014/09/19 02:41:00.000   63.755949782  -68.510473651    94.8315   5   8   2.4356   2.3133   5.5542  -1.1237  -2.2432   2.0868   0.00    0.0
2014/09/19 02:41:30.000   63.755952180  -68.510482026    94.7860   5   8   2.4372   2.3104   5.5473  -1.1224  -2.2366   2.0871   0.00    0.0
2014/09/19 02:42:00.000   63.755949143  -68.510479346    95.6747   5   8   2.4388   2.3074   5.5401  -1.1210  -2.2297   2.0874   0.00    0.0
2014/09/19 02:42:30.000   63.755949595  -68.510477762    95.2723   5   8   2.4405   2.3044   5.5325  -1.1195  -2.2226   2.0876   0.00    0.0
2014/09/19 02:43:00.000   63.755953186  -68.510470838    94.6744   5   8   2.4422   2.3014   5.5247  -1.1180  -2.2152   2.0878   0.00    0.0
2014/09/19 02:43:30.000   63.755947378  -68.510470543    95.1355   5   8   2.4440   2.2984   5.5166  -1.1164  -2.2077   2.0880   0.00    0.0
2014/09/19 02:44:00.000   63.755941012  -68.510476887    94.0667   5   8   2.4457   2.2953   5.5081  -1.1147  -2.1999   2.0881   0.00    0.0
2014/09/19 02:44:30.000   63.755947544  -68.510464434    93.5807   5   8   2.4476   2.2922   5.4995  -1.1130  -2.1918   2.0882   0.00    0.0
2014/09/19 02:45:00.000   63.755946126  -68.510471188    93.7861   5   8   2.4494   2.2891   5.4905  -1.1112  -2.1836   2.0882   0.00    0.0
2014/09/19 02:45:30.000   63.755951758  -68.510470754    93.4138   5   8   2.4513   2.2860   5.4813  -1.1093  -2.1751   2.0883   0.00    0.0
2014/09/19 02:46:00.000   63.755951319  -68.510468354    95.2979   5   8   2.4533   2.2829   5.4719  -1.1073  -2.1665   2.0883   0.00    0.0
2014/09/19 02:46:30.000   63.755945607  -68.510481532    94.0656   5   8   2.4552   2.2797   5.4622  -1.1053  -2.1576   2.0883   0.00    0.0
2014/09/19 02:47:00.000   63.755948811  -68.510476206    94.3668   5   8   2.4573   2.2766   5.4522  -1.1032  -2.1485   2.0882   0.00    0.0
2014/09/19 02:47:30.000   63.755946369  -68.510479996    93.5547   5   8   2.4593   2.2734   5.4421  -1.1010  -2.1393   2.0882   0.00    0.0
2014/09/19 02:48:00.000   63.755946690  -68.510477272    94.4068   5   8   2.4614   2.2702   5.4317  -1.0988  -2.1298   2.0881   0.00    0.0
2014/09/19 02:48:30.000   63.755950126  -68.510485976    94.7143   5   8   2.4635   2.2671   5.4211  -1.0965  -2.1202   2.0880   0.00    0.0
2014/09/19 02:49:00.000   63.755948664  -68.510481612    94.4325   5   8   2.4657   2.2639   5.4103  -1.0941  -2.1104   2.0879   0.00    0.0
2014/09/19 02:49:30.000   63.755949127  -68.510484067    94.7037   5   8   2.4679   2.2607   5.3993  -1.0917  -2.1004   2.0878   0.00    0.0
2014/09/19 02:50:00.000   63.755946539  -68.510486010    93.8572   5   8   2.4702   2.2576   5.3881  -1.0892  -2.0903   2.0876   0.00    0.0
2014/09/19 02:50:30.000   63.755951967  -68.510491663    95.2512   5   8   2.4725   2.2544   5.3768  -1.0866  -2.0799   2.0875   0.00    0.0
2014/09/19 02:51:00.000   63.755946883  -68.510494142    94.4423   5   8   2.4749   2.2512   5.3653  -1.0840  -2.0695   2.0874   0.00    0.0
2014/09/19 02:51:30.000   63.755946617  -68.510484390    95.0657   5   8   2.4773   2.2481   5.3536  -1.0813  -2.0589   2.0872   0.00    0.0
2014/09/19 02:52:00.000   63.755948273  -68.510486226    95.4160   5   8   2.4797   2.2450   5.3418  -1.0786  -2.0481   2.0871   0.00    0.0
2014/09/19 02:52:30.000   63.755948076  -68.510474272    94.5925   5   8   2.4822   2.2419   5.3299  -1.0758  -2.0372   2.0870   0.00    0.0
2014/09/19 02:53:00.000   63.755952745  -68.510466654    94.2035   5   8   2.4847   2.2388   5.3178  -1.0729  -2.0261   2.0868   0.00    0.0
2014/09/19 02:53:30.000   63.755948323  -68.510472228    95.0229   5   8   2.4873   2.2357   5.3057  -1.0700  -2.0149   2.0867   0.00    0.0
2014/09/19 02:54:00.000   63.755952104  -68.510473767    94.2922   5   8   2.4899   2.2326   5.2934  -1.0670  -2.0036   2.0867   0.00    0.0
2014/09/19 02:54:30.000   63.755954131  -68.510485133    95.1957   5   8   2.4926   2.2296   5.2810  -1.0640  -1.9922   2.0866   0.00    0.0
2014/09/19 02:55:00.000   63.755952594  -68.510474868    93.4946   5   8   2.4954   2.2266   5.2685  -1.0610  -1.9806   2.0865   0.00    0.0
2014/09/19 02:55:30.000   63.755950263  -68.510480475    94.9592   5   8   2.4981   2.2236   5.2560  -1.0578  -1.9689   2.0865   0.00    0.0
2014/09/19 02:56:00.000   63.755952015  -68.510482786    93.9501   5   8   2.5010   2.2206   5.2433  -1.0546  -1.9571   2.0865   0.00    0.0
2014/09/19 02:56:30.000   63.755950818  -68.510468032    94.1722   5   8   2.5039   2.2177   5.2307  -1.0514  -1.9452   2.0866   0.00    0.0
2014/09/19 02:57:00.000   63.755947884  -68.510471598    93.7490   5   8   2.5068   2.2148   5.2179  -1.0481  -1.9332   2.0867   0.00    0.0
2014/09/19 02:57:30.000   63.755953083  -68.510473960    95.0862   5   8   2.5098   2.2120   5.2052  -1.0448  -1.9211   2.0868   0.00    0.0
2014/09/19 02:58:00.000   63.755950180  -68.510468771    94.2127   5   8   2.5129   2.2091   5.1923  -1.0414  -1.9088   2.0870   0.00    0.0
2014/09/19 02:58:30.000   63.755959517  -68.510471323    93.8216   5   8   2.5160   2.2063   5.1795  -1.0380  -1.8965   2.0872   0.00    0.0
2014/09/19 02:59:00.000   63.755948244  -68.510478717    94.3665   5   8   2.5192   2.2036   5.1667  -1.0345  -1.8841   2.0875   0.00    0.0
2014/09/19 02:59:30.000   63.755953063  -68.510464378    93.4483   5   8   2.5225   2.2009   5.1538  -1.0309  -1.8716   2.0878   0.00    0.0
2014/09/19 03:00:00.000   63.755942888  -68.510474930    93.0740   5   8   2.5133   2.1610   5.0952  -0.9769  -1.9317   2.1289   0.00    0.0
2014/09/19 03:00:30.000   63.755950906  -68.510469116    91.2938   5   7   4.1195   2.2145   7.8875  -1.6009  -2.5831   4.9198   0.00    0.0
2014/09/19 03:01:00.000   63.755937224  -68.510462488    90.5267   5   7   4.1401   2.2117   7.9029  -1.6017  -2.5763   4.9444   0.00    0.0
2014/09/19 03:01:30.000   63.755941523  -68.510467692    91.6656   5   7   4.1603   2.2090   7.9172  -1.6020  -2.5689   4.9682   0.00    0.0
2014/09/19 03:02:00.000   63.755947125  -68.510468685    90.0429   5   7   4.1802   2.2062   7.9305  -1.6019  -2.5609   4.9912   0.00    0.0
2014/09/19 03:02:30.000   63.755934059  -68.510473583    89.2367   5   6   4.2111   2.4052   8.3571  -1.6923  -2.0020   4.9321   0.00    0.0
2014/09/19 03:03:00.000   63.755942697  -68.510470694    89.0589   5   6   4.2279   2.4024   8.3853  -1.6824  -1.9768   4.9602   0.00    0.0
2014/09/19 03:03:30.000   63.755940045  -68.510477881    89.2644   5   6   4.2445   2.3996   8.4128  -1.6719  -1.9505   4.9878   0.00    0.0
2014/09/19 03:04:00.000   63.755933920  -68.510470456    89.8762   5   6   4.2609   2.3969   8.4396  -1.6607  -1.9228   5.0148   0.00    0.0
2014/09/19 03:04:30.000   63.755935177  -68.510463669    91.7708   5   6   4.2769   2.3943   8.4657  -1.6489  -1.8937   5.0411   0.00    0.0
2014/09/19 03:05:00.000   63.755953626  -68.510470589    89.9231   5   6   4.2928   2.3916   8.4911  -1.6365  -1.8632   5.0669   0.00    0.0
2014/09/19 03:05:30.000   63.755939609  -68.510467148    90.1361   5   6   4.3083   2.3891   8.5157  -1.6234  -1.8313   5.0920   0.00    0.0
2014/09/19 03:06:00.000   63.755939218  -68.510469307    91.3186   5   6   4.3235   2.3866   8.5394  -1.6096  -1.7978   5.1164   0.00    0.0
2014/09/19 03:06:30.000   63.755939158  -68.510473509    89.9683   5   6   4.3383   2.3842   8.5623  -1.5952  -1.7626   5.1400   0.00    0.0
2014/09/19 03:07:00.000   63.755947267  -68.510471871    91.7705   5   6   4.3529   2.3819   8.5843  -1.5801  -1.7258   5.1630   0.00    0.0
2014/09/19 03:07:30.000   63.755946412  -68.510473644    91.1233   5   6   4.3670   2.3796   8.6054  -1.5642  -1.6871   5.1852   0.00    0.0
2014/09/19 03:08:00.000   63.755947341  -68.510474692    90.7764   5   6   4.3808   2.3775   8.6256  -1.5477  -1.6466   5.2066   0.00    0.0
2014/09/19 03:08:30.000   63.755946715  -68.510469329    91.0690   5   6   4.3942   2.3755   8.6448  -1.5304  -1.6039   5.2272   0.00    0.0
2014/09/19 03:09:00.000   63.755948774  -68.510473576    89.9250   5   6   4.4071   2.3735   8.6630  -1.5123  -1.5592   5.2470   0.00    0.0
2014/09/19 03:09:30.000   63.755947665  -68.510476805    90.9182   5   6   4.4196   2.3717   8.6801  -1.4935  -1.5120   5.2659   0.00    0.0
2014/09/19 03:10:00.000   63.755946226  -68.510472139    91.6942   5   6   4.4317   2.3700   8.6962  -1.4739  -1.4624   5.2840   0.00    0.0
2014/09/19 03:10:30.000   63.755949937  -68.510474333    90.4851   5   6   4.4433   2.3685   8.7113  -1.4535  -1.4100   5.3012   0.00    0.0
2014/09/19 03:11:00.000   63.755951320  -68.510476320    91.6485   5   6   4.4544   2.3671   8.7252  -1.4324  -1.3545   5.3174   0.00    0.0
2014/09/19 03:11:30.000   63.755957823  -68.510481422    91.8821   5   6   4.4650   2.3658   8.7380  -1.4103  -1.2957   5.3327   0.00    0.0
2014/09/19 03:12:00.000   63.755949807  -68.510480035    91.5012   5   6   4.4751   2.3647   8.7497  -1.3875  -1.2330   5.3471   0.00    0.0
2014/09/19 03:12:30.000   63.755959200  -68.510477063    92.4566   5   6   4.4847   2.3638   8.7602  -1.3638  -1.1659   5.3605   0.00    0.0
2014/09/19 03:13:00.000   63.755949842  -68.510478405    92.1733   5   6   4.4937   2.3630   8.7695  -1.3392  -1.0937   5.3729   0.00    0.0
2014/09/19 03:13:30.000   63.755948844  -68.510475876    92.6042   5   6   4.5022   2.3624   8.7776  -1.3137  -1.0154   5.3843   0.00    0.0
2014/09/19 03:14:00.000   63.755950039  -68.510483355    92.1184   5   6   4.5101   2.3619   8.7845  -1.2872  -0.9295   5.3948   0.00    0.0
2014/09/19 03:14:30.000   63.755948280  -68.510481412    92.7730   5   6   4.5175   2.3617   8.7902  -1.2598  -0.8336   5.4041   0.00    0.0
2014/09/19 03:15:00.000   63.755958649  -68.510475641    93.3350   5   6   4.5242   2.3616   8.7947  -1.2314  -0.7241   5.4125   0.00    0.0
2014/09/19 03:15:30.000   63.755966416  -68.510473922    93.1439   5   5   8.0198   2.3925   8.8979  -1.9940   0.3958   4.5354   0.00    0.0
2014/09/19 03:16:00.000   63.755964351  -68.510471777    92.1010   5   5   8.0212   2.3945   8.9013  -1.9932   0.5899   4.5360   0.00    0.0
2014/09/19 03:16:30.000   63.755951937  -68.510473717    91.9648   5   6   4.7940   2.2746   8.7612   0.9435  -0.8109   5.5461   0.00    0.0
2014/09/19 03:17:00.000   63.755955799  -68.510468223    93.0473   5   6   4.7932   2.2734   8.7618   0.9836  -0.6960   5.5452   0.00    0.0
2014/09/19 03:17:30.000   63.755957828  -68.510474249    92.8159   5   6   4.7917   2.2725   8.7611   1.0221  -0.5580   5.5431   0.00    0.0
2014/09/19 03:18:00.000   63.755947496  -68.510470393    92.5763   5   6   4.7895   2.2718   8.7591   1.0592  -0.3723   5.5399   0.00    0.0
2014/09/19 03:18:30.000   63.755947671  -68.510469357    91.9842   5   6   4.7866   2.2712   8.7557   1.0949   0.1837   5.5356   0.00    0.0
2014/09/19 03:19:00.000   63.755955487  -68.510473252    92.7664   5   6   4.7832   2.2709   8.7511   1.1293   0.4533   5.5302   0.00    0.0
2014/09/19 03:19:30.000   63.755949433  -68.510471177    92.9403   5   6   4.7790   2.2708   8.7452   1.1625   0.6135   5.5237   0.00    0.0
2014/09/19 03:20:00.000   63.755952795  -68.510466084    93.1570   5   6   4.7743   2.2709   8.7380   1.1946   0.7391   5.5161   0.00    0.0
2014/09/19 03:20:30.000   63.755954535  -68.510467028    93.3970   5   6   4.7689   2.2712   8.7296   1.2256   0.8456   5.5075   0.00    0.0
2014/09/19 03:21:00.000   63.755954088  -68.510470911    93.8801   5   6   4.7629   2.2717   8.7200   1.2556   0.9394   5.4978   0.00    0.0
2014/09/19 03:21:30.000   63.755951912  -68.510465780    92.8225   5   6   4.7563   2.2723   8.7091   1.2846   1.0239   5.4870   0.00    0.0
2014/09/19 03:22:00.000   63.755954821  -68.510468484    92.7823   5   6   4.7492   2.2732   8.6971   1.3125   1.1013   5.4753   0.00    0.0
2014/09/19 03:22:30.000   63.755948919  -68.510462872    93.0289   5   6   4.7414   2.2742   8.6839   1.3396   1.1727   5.4625   0.00    0.0
2014/09/19 03:23:00.000   63.755957317  -68.510453708    93.3180   5   6   4.7331   2.2755   8.6696   1.3657   1.2393   5.4488   0.00    0.0
2014/09/19 03:23:30.000   63.755955622  -68.510466214    93.6281   5   6   4.7242   2.2769   8.6542   1.3909   1.3017   5.4341   0.00    0.0
2014/09/19 03:24:00.000   63.755953176  -68.510465653    94.1362   5   6   4.7147   2.2784   8.6377   1.4153   1.3604   5.4185   0.00    0.0
2014/09/19 03:24:30.000   63.755957270  -68.510465738    93.7541   5   6   4.7048   2.2801   8.6202   1.4389   1.4158   5.4020   0.00    0.0
2014/09/19 03:25:00.000   63.755959881  -68.510463736    94.3626   5   6   4.6943   2.2820   8.6017   1.4616   1.4683   5.3845   0.00    0.0
2014/09/19 03:25:30.000   63.755956151  -68.510461966    94.8273   5   6   4.6834   2.2841   8.5822   1.4834   1.5181   5.3662   0.00    0.0
2014/09/19 03:26:00.000   63.755955979  -68.510458885    93.8637   5   6   4.6719   2.2862   8.5617   1.5046   1.5656   5.3471   0.00    0.0
2014/09/19 03:26:30.000   63.755952725  -68.510459369    92.8356   5   6   4.6600   2.2885   8.5403   1.5249   1.6107   5.3271   0.00    0.0
2014/09/19 03:27:00.000   63.755953962  -68.510464520    94.1176   5   6   4.6477   2.2910   8.5180   1.5445   1.6538   5.3064   0.00    0.0
2014/09/19 03:27:30.000   63.755953383  -68.510459369    93.1163   5   6   4.6349   2.2936   8.4948   1.5633   1.6948   5.2848   0.00    0.0
2014/09/19 03:28:00.000   63.755957179  -68.510462012    94.1352   5   6   4.6218   2.2963   8.4708   1.5814   1.7341   5.2625   0.00    0.0
2014/09/19 03:28:30.000   63.755956075  -68.510462331    94.1667   5   6   4.6082   2.2991   8.4461   1.5987   1.7716   5.2395   0.00    0.0
2014/09/19 03:29:00.000   63.755957501  -68.510464052    94.3853   5   6   4.5942   2.3020   8.4205   1.6154   1.8075   5.2158   0.00    0.0
2014/09/19 03:29:30.000   63.755960738  -68.510457779    94.5981   5   6   4.5799   2.3050   8.3943   1.6314   1.8418   5.1915   0.00    0.0
2014/09/19 03:30:00.000   63.755955177  -68.510461490    93.3908   5   6   4.5652   2.3081   8.3673   1.6467   1.8746   5.1665   0.00    0.0
2014/09/19 03:30:30.000   63.755956374  -68.510466675    93.9585   5   6   4.5503   2.3113   8.3397   1.6614   1.9059   5.1408   0.00    0.0
2014/09/19 03:31:00.000   63.755961179  -68.510464444    94.6685   5   6   4.5350   2.3146   8.3115   1.6754   1.9360   5.1146   0.00    0.0
2014/09/19 03:31:30.000   63.755956714  -68.510459267    93.3062   5   6   4.5194   2.3179   8.2827   1.6887   1.9647   5.0878   0.00    0.0
2014/09/19 03:32:00.000   63.755954781  -68.510458838    92.8871   5   6   4.5035   2.3213   8.2533   1.7015   1.9921   5.0605   0.00    0.0
2014/09/19 03:32:30.000   63.755959629  -68.510465481    94.0780   5   6   4.4874   2.3248   8.2234   1.7136   2.0184   5.0326   0.00    0.0
2014/09/19 03:33:00.000   63.755955884  -68.510462887    93.5256   5   6   4.4711   2.3283   8.1931   1.7251   2.0435   5.0043   0.00    0.0
2014/09/19 03:33:30.000   63.755958579  -68.510460784    93.9845   5   6   4.4545   2.3319   8.1622   1.7360   2.0675   4.9755   0.00    0.0
2014/09/19 03:34:00.000   63.755960325  -68.510455322    93.3832   5   6   4.4377   2.3355   8.1309   1.7464   2.0904   4.9462   0.00    0.0
2014/09/19 03:34:30.000   63.755958280  -68.510451969    93.0743   5   6   4.4208   2.3391   8.0993   1.7562   2.1122   4.9166   0.00    0.0
2014/09/19 03:35:00.000   63.755961245  -68.510467276    95.1478   5   6   4.4036   2.3428   8.0672   1.7654   2.1331   4.8865   0.00    0.0
2014/09/19 03:35:30.000   63.755956565  -68.510457556    92.7148   5   6   4.3863   2.3465   8.0348   1.7741   2.1530   4.8561   0.00    0.0
2014/09/19 03:36:00.000   63.755961223  -68.510463022    94.8748   5   6   4.3689   2.3502   8.0021   1.7823   2.1719   4.8253   0.00    0.0
2014/09/19 03:36:30.000   63.755959473  -68.510461672    93.5955   5   6   4.3513   2.3540   7.9691   1.7899   2.1899   4.7941   0.00    0.0
2014/09/19 03:37:00.000   63.755960677  -68.510453143    93.5118   5   6   4.3336   2.3577   7.9359   1.7971   2.2071   4.7627   0.00    0.0
2014/09/19 03:37:30.000   63.755957979  -68.510463159    93.4642   5   6   4.3158   2.3615   7.9024   1.8037   2.2234   4.7310   0.00    0.0
2014/09/19 03:38:00.000   63.755961583  -68.510454778    93.9171   5   6   4.2979   2.3652   7.8687   1.8099   2.2389   4.6990   0.00    0.0
2014/09/19 03:38:30.000   63.755962579  -68.510457024    93.6723   5   7   3.5295   2.3640   5.8424   1.9152   2.4248   3.0234   0.00    0.0
2014/09/19 03:39:00.000   63.755962427  -68.510455036    93.6406   5   7   3.5305   2.3676   5.8559   1.9203   2.4382   3.0287   0.00    0.0
2014/09/19 03:39:30.000   63.755967520  -68.510461634    94.4946   5   7   3.5314   2.3711   5.8692   1.9253   2.4513   3.0336   0.00    0.0
2014/09/19 03:40:00.000   63.755963406  -68.510466522    94.2878   5   7   3.5321   2.3746   5.8823   1.9300   2.4640   3.0383   0.00    0.0
2014/09/19 03:40:30.000   63.755969605  -68.510455667    94.4198   5   7   3.5327   2.3781   5.8951   1.9345   2.4765   3.0426   0.00    0.0
2014/09/19 03:41:00.000   63.755968384  -68.510458319    94.4614   5   7   3.5332   2.3815   5.9077   1.9388   2.4886   3.0467   0.00    0.0
2014/09/19 03:41:30.000   63.755968266  -68.510461538    93.8230   5   7   3.5335   2.3848   5.9199   1.9429   2.5004   3.0504   0.00    0.0
2014/09/19 03:42:00.000   63.755964616  -68.510460260    94.3758   5   7   3.5337   2.3881   5.9319   1.9468   2.5118   3.0538   0.00    0.0
2014/09/19 03:42:30.000   63.755967114  -68.510468390    95.4076   5   7   3.5337   2.3913   5.9435   1.9504   2.5229   3.0569   0.00    0.0
2014/09/19 03:43:00.000   63.755964661  -68.510465255    94.0951   5   7   3.5336   2.3944   5.9548   1.9538   2.5336   3.0596   0.00    0.0
2014/09/19 03:43:30.000   63.755964696  -68.510459308    93.5875   5   7   3.5333   2.3974   5.9657   1.9569   2.5439   3.0619   0.00    0.0
2014/09/19 03:44:00.000   63.755965377  -68.510466674    94.8004   5   7   3.5328   2.4004   5.9762   1.9598   2.5538   3.0638   0.00    0.0
2014/09/19 03:44:30.000   63.755960815  -68.510458481    93.7033   5   7   3.5322   2.4032   5.9864   1.9624   2.5634   3.0653   0.00    0.0
2014/09/19 03:45:00.000   63.755962282  -68.510458052    93.7804   5   7   3.5313   2.4060   5.9962   1.9648   2.5725   3.0664   0.00    0.0
2014/09/19 03:45:30.000   63.755960450  -68.510464341    93.5617   5   7   3.5304   2.4087   6.0055   1.9669   2.5812   3.0671   0.00    0.0
2014/09/19 03:46:00.000   63.755965567  -68.510458748    94.0944   5   7   3.5292   2.4112   6.0144   1.9687   2.5896   3.0674   0.00    0.0
2014/09/19 03:46:30.000   63.755960616  -68.510463971    94.4162   5   7   3.5278   2.4137   6.0229   1.9703   2.5975   3.0672   0.00    0.0
2014/09/19 03:47:00.000   63.755961257  -68.510468663    94.8583   5   7   3.5263   2.4160   6.0309   1.9716   2.6049   3.0666   0.00    0.0
2014/09/19 03:47:30.000   63.755960267  -68.510466475    93.9277   5   7   3.5246   2.4182   6.0384   1.9726   2.6120   3.0655   0.00    0.0
2014/09/19 03:48:00.000   63.755960052  -68.510456331    93.8397   5   7   3.5227   2.4203   6.0455   1.9734   2.6186   3.0640   0.00    0.0
2014/09/19 03:48:30.000   63.755964648  -68.510458399    94.0997   5   7   3.5206   2.4223   6.0521   1.9738   2.6247   3.0619   0.00    0.0
2014/09/19 03:49:00.000   63.755962207  -68.510462884    93.6316   5   7   3.5183   2.4242   6.0582   1.9740   2.6304   3.0594   0.00    0.0
2014/09/19 03:49:30.000   63.755962060  -68.510457644    93.8699   5   7   3.5158   2.4259   6.0637   1.9739   2.6356   3.0564   0.00    0.0
2014/09/19 03:50:00.000   63.755961696  -68.510450994    93.9295   5   7   3.5132   2.4275   6.0688   1.9734   2.6404   3.0530   0.00    0.0
2014/09/19 03:50:30.000   63.755959308  -68.510455808    94.3978   5   7   3.5103   2.4290   6.0733   1.9727   2.6447   3.0490   0.00    0.0
2014/09/19 03:51:00.000   63.755961564  -68.510460811    94.2639   5   7   3.5072   2.4303   6.0773   1.9717   2.6485   3.0445   0.00    0.0
2014/09/19 03:51:30.000   63.755960486  -68.510451728    93.4532   5   7   3.5040   2.4315   6.0807   1.9704   2.6518   3.0395   0.00    0.0
2014/09/19 03:52:00.000   63.755958684  -68.510457111    94.0798   5   7   3.5006   2.4325   6.0836   1.9688   2.6547   3.0340   0.00    0.0
2014/09/19 03:52:30.000   63.755955761  -68.510460597    92.9538   5   7   3.4969   2.4335   6.0860   1.9668   2.6570   3.0280   0.00    0.0
2014/09/19 03:53:00.000   63.755962122  -68.510454045    93.6643   5   7   3.4931   2.4342   6.0878   1.9646   2.6589   3.0215   0.00    0.0
2014/09/19 03:53:30.000   63.755955503  -68.510447056    91.7668   5   7   3.4891   2.4348   6.0890   1.9621   2.6603   3.0144   0.00    0.0
2014/09/19 03:54:00.000   63.755959416  -68.510441899    93.0899   5   7   3.4850   2.4353   6.0897   1.9593   2.6612   3.0069   0.00    0.0
2014/09/19 03:54:30.000   63.755956134  -68.510444133    92.8577   5   7   3.4806   2.4357   6.0899   1.9562   2.6616   2.9988   0.00    0.0
2014/09/19 03:55:00.000   63.755958419  -68.510452919    93.4135   5   7   3.1258   2.6605   6.2638   2.0592   2.1141   3.3221   0.00    0.0
2014/09/19 03:55:30.000   63.755963738  -68.510456143    94.5520   5   7   3.1200   2.6558   6.2762   2.0536   2.1073   3.3176   0.00    0.0
2014/09/19 03:56:00.000   63.755958543  -68.510458900    94.1058   5   7   3.1141   2.6510   6.2882   2.0479   2.0999   3.3127   0.00    0.0
2014/09/19 03:56:30.000   63.755959889  -68.510450222    93.8627   5   7   3.1081   2.6461   6.2998   2.0420   2.0922   3.3074   0.00    0.0
2014/09/19 03:57:00.000   63.755962591  -68.510457702    94.6264   5   7   3.1020   2.6412   6.3110   2.0359   2.0840   3.3018   0.00    0.0
2014/09/19 03:57:30.000   63.755956329  -68.510449584    93.0644   5   7   3.0957   2.6362   6.3218   2.0297   2.0754   3.2957   0.00    0.0
2014/09/19 03:58:00.000   63.755959012  -68.510455624    94.3117   5   7   3.0893   2.6312   6.3322   2.0234   2.0663   3.2893   0.00    0.0
2014/09/19 03:58:30.000   63.755957078  -68.510460205    93.6730   5   7   3.0828   2.6262   6.3421   2.0168   2.0568   3.2824   0.00    0.0
2014/09/19 03:59:00.000   63.755957044  -68.510469187    93.7124   5   7   3.0762   2.6211   6.3516   2.0102   2.0468   3.2752   0.00    0.0
2014/09/19 03:59:30.000   63.755962585  -68.510462189    94.8834   5   7   3.0694   2.6159   6.3606   2.0034   2.0365   3.2675   0.00    0.0
2014/09/19 04:00:00.000   63.755962825  -68.510443195    94.8903   5   7   3.4482   3.0178   7.1171   2.5267   2.9850   3.9568   0.00    0.0
2014/09/19 04:00:30.000   63.755964224  -68.510443462    95.2542   5   7   3.4392   3.0102   7.1180   2.5172   2.9704   3.9445   0.00    0.0
2014/09/19 04:01:00.000   63.755961978  -68.510447540    94.6031   5   7   3.4298   3.0024   7.1180   2.5075   2.9551   3.9314   0.00    0.0
2014/09/19 04:01:30.000   63.755964198  -68.510444285    94.7995   5   7   3.4202   2.9944   7.1171   2.4974   2.9390   3.9176   0.00    0.0
2014/09/19 04:02:00.000   63.755963886  -68.510448571    95.3885   5   7   3.4103   2.9863   7.1153   2.4871   2.9222   3.9031   0.00    0.0
2014/09/19 04:02:30.000   63.755962001  -68.510437947    94.6733   5   7   3.4002   2.9781   7.1126   2.4764   2.9047   3.8879   0.00    0.0
2014/09/19 04:03:00.000   63.755966740  -68.510443733    95.0333   5   7   3.3899   2.9698   7.1091   2.4656   2.8866   3.8720   0.00    0.0
2014/09/19 04:03:30.000   63.755968768  -68.510450762    96.3687   5   7   3.3793   2.9614   7.1046   2.4544   2.8677   3.8554   0.00    0.0
2014/09/19 04:04:00.000   63.755964361  -68.510439437    94.9955   5   7   3.3685   2.9528   7.0993   2.4430   2.8481   3.8381   0.00    0.0
2014/09/19 04:04:30.000   63.755963778  -68.510452984    95.7863   5   7   3.3575   2.9442   7.0932   2.4314   2.8279   3.8202   0.00    0.0
2014/09/19 04:05:00.000   63.755964579  -68.510447315    95.3956   5   7   3.3464   2.9355   7.0862   2.4196   2.8070   3.8017   0.00    0.0
2014/09/19 04:05:30.000   63.755966638  -68.510447871    95.4416   5   7   3.3350   2.9267   7.0785   2.4076   2.7855   3.7825   0.00    0.0
2014/09/19 04:06:00.000   63.755963955  -68.510451079    95.6337   5   7   3.3235   2.9178   7.0699   2.3954   2.7633   3.7627   0.00    0.0
2014/09/19 04:06:30.000   63.755962376  -68.510438418    95.0790   5   7   3.3119   2.9089   7.0605   2.3830   2.7405   3.7423   0.00    0.0
2014/09/19 04:07:00.000   63.755965286  -68.510445960    94.8567   5   7   3.3001   2.8999   7.0504   2.3704   2.7172   3.7214   0.00    0.0
2014/09/19 04:07:30.000   63.755962105  -68.510448390    94.6631   5   7   3.2881   2.8909   7.0396   2.3577   2.6932   3.6999   0.00    0.0
2014/09/19 04:08:00.000   63.755964072  -68.510450818    94.7444   5   7   3.2761   2.8818   7.0280   2.3448   2.6686   3.6778   0.00    0.0
2014/09/19 04:08:30.000   63.755964549  -68.510440438    95.6131   5   7   3.2640   2.8727   7.0157   2.3319   2.6435   3.6552   0.00    0.0
2014/09/19 04:09:00.000   63.755962613  -68.510452013    95.6017   5   7   3.2518   2.8636   7.0028   2.3187   2.6178   3.6321   0.00    0.0
2014/09/19 04:09:30.000   63.755960026  -68.510446880    94.0424   5   7   3.2395   2.8545   6.9892   2.3055   2.5916   3.6085   0.00    0.0
2014/09/19 04:10:00.000   63.755961684  -68.510456501    94.6800   5   7   3.2271   2.8454   6.9749   2.2922   2.5649   3.5844   0.00    0.0
2014/09/19 04:10:30.000   63.755961153  -68.510452041    95.3266   5   7   3.2147   2.8363   6.9601   2.2788   2.5376   3.5599   0.00    0.0
2014/09/19 04:11:00.000   63.755963194  -68.510452568    95.0587   5   7   3.2023   2.8272   6.9446   2.2654   2.5099   3.5349   0.00    0.0
2014/09/19 04:11:30.000   63.755964913  -68.510459608    95.7090   5   7   3.1899   2.8182   6.9286   2.2519   2.4816   3.5095   0.00    0.0
2014/09/19 04:12:00.000   63.755959650  -68.510452585    94.5305   5   7   3.1774   2.8091   6.9121   2.2383   2.4529   3.4838   0.00    0.0
2014/09/19 04:12:30.000   63.755960907  -68.510455445    94.6920   5   7   3.1649   2.8001   6.8950   2.2247   2.4238   3.4576   0.00    0.0
2014/09/19 04:13:00.000   63.755963433  -68.510453090    94.7640   5   7   3.1525   2.7912   6.8775   2.2111   2.3942   3.4310   0.00    0.0
2014/09/19 04:13:30.000   63.755961882  -68.510457495    94.3805   5   7   3.1401   2.7822   6.8595   2.1974   2.3641   3.4042   0.00    0.0
2014/09/19 04:14:00.000   63.755967655  -68.510459241    96.3659   5   7   3.1277   2.7734   6.8410   2.1838   2.3336   3.3769   0.00    0.0
2014/09/19 04:14:30.000   63.755964360  -68.510452009    94.0343   5   7   3.1153   2.7646   6.8221   2.1702   2.3028   3.3494   0.00    0.0
2014/09/19 04:15:00.000   63.755963457  -68.510454147    95.1257   5   7   3.1030   2.7558   6.8028   2.1566   2.2715   3.3216   0.00    0.0
2014/09/19 04:15:30.000   63.755963812  -68.510453961    94.5520   5   7   3.0908   2.7472   6.7831   2.1430   2.2398   3.2935   0.00    0.0
2014/09/19 04:16:00.000   63.755958711  -68.510457859    94.3286   5   7   3.0787   2.7386   6.7631   2.1294   2.2077   3.2651   0.00    0.0
2014/09/19 04:16:30.000   63.755960837  -68.510456891    93.1773   5   7   3.0666   2.7301   6.7427   2.1159   2.1753   3.2365   0.00    0.0
2014/09/19 04:17:00.000   63.755962872  -68.510452226    94.1179   5   7   3.0546   2.7216   6.7220   2.1025   2.1425   3.2077   0.00    0.0
2014/09/19 04:17:30.000   63.755961434  -68.510458157    94.2808   5   7   3.0427   2.7133   6.7011   2.0891   2.1093   3.1786   0.00    0.0
2014/09/19 04:18:00.000   63.755962552  -68.510457546    94.0131   5   8   3.0299   2.5753   6.1598   2.0593   1.4731   3.1156   0.00    0.0
2014/09/19 04:18:30.000   63.755964280  -68.510460187    94.0519   5   8   3.0187   2.5694   6.1523   2.0498   1.4434   3.0938   0.00    0.0
2014/09/19 04:19:00.000   63.755961598  -68.510460440    93.0636   5   8   3.0075   2.5636   6.1444   2.0402   1.4130   3.0717   0.00    0.0
2014/09/19 04:19:30.000   63.755961564  -68.510461234    93.4282   5   8   2.9963   2.5578   6.1362   2.0306   1.3820   3.0492   0.00    0.0
2014/09/19 04:20:00.000   63.755964012  -68.510458566    92.6760   5   8   2.9852   2.5520   6.1277   2.0211   1.3503   3.0264   0.00    0.0
2014/09/19 04:20:30.000   63.755964003  -68.510467070    93.1151   5   8   2.9741   2.5463   6.1189   2.0116   1.3180   3.0034   0.00    0.0
2014/09/19 04:21:00.000   63.755960987  -68.510460421    92.7214   5   8   2.9630   2.5407   6.1099   2.0022   1.2850   2.9800   0.00    0.0
2014/09/19 04:21:30.000   63.755959047  -68.510455800    92.5233   5   8   2.9520   2.5350   6.1005   1.9928   1.2512   2.9564   0.00    0.0
2014/09/19 04:22:00.000   63.755962823  -68.510465479    92.6992   5   8   2.9411   2.5295   6.0909   1.9835   1.2167   2.9325   0.00    0.0
2014/09/19 04:22:30.000   63.755958980  -68.510469307    92.4625   5   8   2.9303   2.5240   6.0809   1.9742   1.1813   2.9084   0.00    0.0
2014/09/19 04:23:00.000   63.755964692  -68.510456491    93.1860   5   8   2.9195   2.5185   6.0708   1.9649   1.1450   2.8840   0.00    0.0
2014/09/19 04:23:30.000   63.755966975  -68.510457516    93.7620   5   9   2.5474   2.2018   6.0214   1.4573   1.4347   3.0232   0.00    0.0
2014/09/19 04:24:00.000   63.755963502  -68.510457621    93.4916   5   9   2.5374   2.1989   6.0084   1.4495   1.4122   3.0037   0.00    0.0
2014/09/19 04:24:30.000   63.755962629  -68.510466180    92.6605   5  10   2.1482   2.1931   4.9950   1.4934   1.5189   2.1187   0.00    0.0
2014/09/19 04:25:00.000   63.755967801  -68.510452977    93.4335   5  10   2.1446   2.1898   4.9987   1.4894   1.5064   2.1103   0.00    0.0
2014/09/19 04:25:30.000   63.755969640  -68.510454646    93.7160   5  10   2.1411   2.1865   5.0022   1.4854   1.4936   2.1019   0.00    0.0
2014/09/19 04:26:00.000   63.755965035  -68.510457975    93.7050   5  10   2.1376   2.1833   5.0056   1.4814   1.4806   2.0933   0.00    0.0
2014/09/19 04:26:30.000   63.755963844  -68.510460498    93.4271   5  10   2.1342   2.1800   5.0088   1.4774   1.4673   2.0847   0.00    0.0
2014/09/19 04:27:00.000   63.755965139  -68.510461717    93.4243   5  10   2.1307   2.1768   5.0118   1.4734   1.4538   2.0759   0.00    0.0
2014/09/19 04:27:30.000   63.755964152  -68.510460571    92.6790   5  10   2.1274   2.1735   5.0146   1.4694   1.4401   2.0670   0.00    0.0
2014/09/19 04:28:00.000   63.755964691  -68.510462393    92.5939   5  10   2.1240   2.1703   5.0172   1.4653   1.4261   2.0580   0.00    0.0
2014/09/19 04:28:30.000   63.755956980  -68.510472450    92.0760   5  10   2.1207   2.1671   5.0196   1.4613   1.4118   2.0490   0.00    0.0
2014/09/19 04:29:00.000   63.755962522  -68.510466019    93.0051   5  10   2.1175   2.1639   5.0219   1.4572   1.3972   2.0398   0.00    0.0
2014/09/19 04:29:30.000   63.755961820  -68.510470202    92.2521   5  10   2.1143   2.1608   5.0239   1.4532   1.3824   2.0305   0.00    0.0
2014/09/19 04:30:00.000   63.755964075  -68.510464497    93.0792   5  10   2.1111   2.1576   5.0257   1.4491   1.3674   2.0211   0.00    0.0
2014/09/19 04:30:30.000   63.755964794  -68.510463674    92.7282   5  10   2.1080   2.1545   5.0274   1.4451   1.3520   2.0116   0.00    0.0
2014/09/19 04:31:00.000   63.755964101  -68.510469530    91.9985   5  10   2.1049   2.1514   5.0288   1.4410   1.3364   2.0020   0.00    0.0
2014/09/19 04:31:30.000   63.755967373  -68.510462558    92.4304   5  10   2.1019   2.1483   5.0300   1.4369   1.3205   1.9923   0.00    0.0
2014/09/19 04:32:00.000   63.755958128  -68.510466567    91.7585   5  10   2.0989   2.1452   5.0310   1.4329   1.3043   1.9825   0.00    0.0
2014/09/19 04:32:30.000   63.755962267  -68.510462559    92.5422   5  10   2.0960   2.1422   5.0317   1.4288   1.2878   1.9726   0.00    0.0
2014/09/19 04:33:00.000   63.755962450  -68.510473383    91.4932   5  10   2.0931   2.1391   5.0323   1.4247   1.2710   1.9626   0.00    0.0
2014/09/19 04:33:30.000   63.755957975  -68.510472657    91.7931   5  10   2.0903   2.1361   5.0326   1.4207   1.2540   1.9525   0.00    0.0
2014/09/19 04:34:00.000   63.755962240  -68.510464235    92.6489   5  10   2.0875   2.1331   5.0327   1.4166   1.2366   1.9423   0.00    0.0
2014/09/19 04:34:30.000   63.755960552  -68.510471879    92.4778   5  10   2.0848   2.1302   5.0325   1.4126   1.2189   1.9320   0.00    0.0
2014/09/19 04:35:00.000   63.755965051  -68.510465558    92.9721   5  10   2.0821   2.1273   5.0322   1.4085   1.2009   1.9216   0.00    0.0
2014/09/19 04:35:30.000   63.755961465  -68.510472969    92.8625   5  10   2.0794   2.1243   5.0316   1.4045   1.1825   1.9111   0.00    0.0
2014/09/19 04:36:00.000   63.755963472  -68.510467252    93.1944   5  10   2.0769   2.1215   5.0308   1.4005   1.1638   1.9006   0.00    0.0
2014/09/19 04:36:30.000   63.755965661  -68.510469302    92.4022   5  10   2.0743   2.1186   5.0298   1.3965   1.1448   1.8899   0.00    0.0
2014/09/19 04:37:00.000   63.755961127  -68.510476298    91.3956   5  10   2.0719   2.1158   5.0285   1.3925   1.1254   1.8792   0.00    0.0
2014/09/19 04:37:30.000   63.755958178  -68.510476329    91.2953   5  10   2.0694   2.1129   5.0270   1.3885   1.1057   1.8684   0.00    0.0
2014/09/19 04:38:00.000   63.755959684  -68.510473368    91.5829   5  10   2.0671   2.1102   5.0253   1.3846   1.0856   1.8575   0.00    0.0
2014/09/19 04:38:30.000   63.755958620  -68.510468370    90.8081   5  10   2.0648   2.1074   5.0233   1.3806   1.0651   1.8466   0.00    0.0
2014/09/19 04:39:00.000   63.755960860  -68.510469578    90.6300   5  10   2.0625   2.1047   5.0212   1.3767   1.0442   1.8356   0.00    0.0
2014/09/19 04:39:30.000   63.755963301  -68.510467723    91.8116   5  11   1.9825   2.1020   4.9225   1.3721   1.0244   1.9692   0.00    0.0
2014/09/19 04:40:00.000   63.755965458  -68.510470412    90.4304   5  11   1.9800   2.0993   4.9204   1.3685   1.0019   1.9587   0.00    0.0
2014/09/19 04:40:30.000   63.755959653  -68.510483283    91.9681   5  11   1.9775   2.0967   4.9182   1.3650   0.9788   1.9482   0.00    0.0
2014/09/19 04:41:00.000   63.755961375  -68.510474693    91.4568   5  11   1.9751   2.0941   4.9158   1.3615   0.9553   1.9375   0.00    0.0
2014/09/19 04:41:30.000   63.755962215  -68.510475097    90.2343   5  11   1.9727   2.0915   4.9131   1.3580   0.9312   1.9268   0.00    0.0
2014/09/19 04:42:00.000   63.755963301  -68.510471874    91.4023   5  11   1.9705   2.0890   4.9103   1.3545   0.9065   1.9161   0.00    0.0
2014/09/19 04:42:30.000   63.755962846  -68.510479445    91.0762   5  11   1.9683   2.0864   4.9073   1.3511   0.8812   1.9053   0.00    0.0
2014/09/19 04:43:00.000   63.755960558  -68.510479065    91.1046   5  11   1.9661   2.0839   4.9041   1.3477   0.8553   1.8944   0.00    0.0
2014/09/19 04:43:30.000   63.755963848  -68.510475480    91.7208   5  11   1.9641   2.0815   4.9008   1.3444   0.8286   1.8835   0.00    0.0
2014/09/19 04:44:00.000   63.755967316  -68.510477237    92.0438   5  11   1.9621   2.0790   4.8972   1.3411   0.8011   1.8726   0.00    0.0
2014/09/19 04:44:30.000   63.755964139  -68.510483902    90.7179   5  11   1.9601   2.0766   4.8935   1.3378   0.7727   1.8616   0.00    0.0
2014/09/19 04:45:00.000   63.755961327  -68.510476523    90.5418   5  11   1.9583   2.0742   4.8896   1.3345   0.7434   1.8506   0.00    0.0
2014/09/19 04:45:30.000   63.755963764  -68.510475686    90.8751   5  11   1.9565   2.0719   4.8855   1.3313   0.7131   1.8396   0.00    0.0
2014/09/19 04:46:00.000   63.755966468  -68.510482288    91.8142   5  11   1.9548   2.0696   4.8812   1.3281   0.6815   1.8285   0.00    0.0
2014/09/19 04:46:30.000   63.755965891  -68.510474416    91.1117   5  11   1.9532   2.0673   4.8768   1.3250   0.6486   1.8175   0.00    0.0
2014/09/19 04:47:00.000   63.755970541  -68.510475881    92.1395   5  11   1.9516   2.0650   4.8723   1.3219   0.6142   1.8064   0.00    0.0
2014/09/19 04:47:30.000   63.755972755  -68.510475625    92.2080   5  11   1.9502   2.0628   4.8675   1.3188   0.5780   1.7953   0.00    0.0
2014/09/19 04:48:00.000   63.755972014  -68.510478312    91.6399   5  11   1.9488   2.0606   4.8627   1.3157   0.5396   1.7842   0.00    0.0
2014/09/19 04:48:30.000   63.755970323  -68.510474377    91.6269   5  11   1.9474   2.0584   4.8576   1.3127   0.4985   1.7731   0.00    0.0
2014/09/19 04:49:00.000   63.755975112  -68.510477245    91.5433   5  11   1.9462   2.0562   4.8525   1.3098   0.4541   1.7620   0.00    0.0
2014/09/19 04:49:30.000   63.755974618  -68.510471454    91.9237   5  11   1.9450   2.0541   4.8472   1.3068   0.4053   1.7509   0.00    0.0
2014/09/19 04:50:00.000   63.755975642  -68.510471712    90.4598   5  10   2.4465   2.0539   5.9637   1.3539   0.6586   2.8634   0.00    0.0
2014/09/19 04:50:30.000   63.755975320  -68.510474750    92.0500   5  10   2.4446   2.0516   5.9678   1.3479   0.6110   2.8595   0.00    0.0
2014/09/19 04:51:00.000   63.755976338  -68.510474472    92.2709   5  10   2.4427   2.0493   5.9715   1.3418   0.5594   2.8553   0.00    0.0
2014/09/19 04:51:30.000   63.755972126  -68.510476261    91.0440   5  10   2.4408   2.0471   5.9747   1.3358   0.5024   2.8509   0.00    0.0
2014/09/19 04:52:00.000   63.755969579  -68.510476784    91.1343   5  10   2.4388   2.0449   5.9774   1.3297   0.4382   2.8462   0.00    0.0
2014/09/19 04:52:30.000   63.755972700  -68.510479861    91.6712   5  10   2.4368   2.0427   5.9795   1.3236   0.3628   2.8413   0.00    0.0
2014/09/19 04:53:00.000   63.755969218  -68.510479879    90.1616   5  11   1.8831   1.9138   5.0777   0.8020  -1.4721   1.7792   0.00    0.0
2014/09/19 04:53:30.000   63.755970493  -68.510478963    91.0688   5  11   1.8837   1.9129   5.0911   0.7972  -1.4840   1.7826   0.00    0.0
2014/09/19 04:54:00.000   63.755974511  -68.510479599    92.1961   5  11   1.8844   1.9121   5.1044   0.7925  -1.4956   1.7860   0.00    0.0
2014/09/19 04:54:30.000   63.755970864  -68.510481778    91.1050   5  10   1.8870   2.0174   5.2849   0.8210  -1.1910   1.8199   0.00    0.0
2014/09/19 04:55:00.000   63.755973615  -68.510473225    91.2533   5  10   1.8879   2.0155   5.3021   0.8178  -1.2018   1.8251   0.00    0.0
2014/09/19 04:55:30.000   63.755978962  -68.510476006    92.5581   5  10   1.8889   2.0137   5.3192   0.8145  -1.2123   1.8305   0.00    0.0
2014/09/19 04:56:00.000   63.755969225  -68.510487902    89.6314   5  10   1.8900   2.0118   5.3361   0.8113  -1.2225   1.8359   0.00    0.0
2014/09/19 04:56:30.000   63.755976673  -68.510476188    92.1472   5  10   1.8912   2.0100   5.3527   0.8081  -1.2325   1.8413   0.00    0.0
2014/09/19 04:57:00.000   63.755969303  -68.510481141    90.8735   5  10   1.8924   2.0082   5.3692   0.8049  -1.2423   1.8468   0.00    0.0
2014/09/19 04:57:30.000   63.755970966  -68.510480773    90.5351   5  10   1.8937   2.0063   5.3854   0.8016  -1.2518   1.8524   0.00    0.0
2014/09/19 04:58:00.000   63.755973602  -68.510478321    91.9267   5  10   1.8950   2.0045   5.4014   0.7984  -1.2611   1.8580   0.00    0.0
2014/09/19 04:58:30.000   63.755969592  -68.510483041    91.1510   5  10   1.8964   2.0027   5.4171   0.7952  -1.2702   1.8636   0.00    0.0
2014/09/19 04:59:00.000   63.755972123  -68.510483863    91.0389   5  10   1.8979   2.0008   5.4326   0.7920  -1.2790   1.8693   0.00    0.0
2014/09/19 04:59:30.000   63.755970969  -68.510485729    90.4817   5  10   1.8994   1.9990   5.4478   0.7889  -1.2876   1.8750   0.00    0.0
2014/09/19 05:00:00.000   63.755971109  -68.510492754    90.2063   5  10   1.8828   1.8930   5.4589   0.6711  -1.2448   1.8948   0.00    0.0
2014/09/19 05:00:30.000   63.755969780  -68.510491953    89.5193   5  10   1.8847   1.8910   5.4726   0.6684  -1.2479   1.9018   0.00    0.0
2014/09/19 05:01:00.000   63.755971669  -68.510486778    89.2159   5  10   1.8868   1.8891   5.4859   0.6657  -1.2507   1.9088   0.00    0.0
2014/09/19 05:01:30.000   63.755968489  -68.510494035    89.7718   5  10   1.8888   1.8871   5.4989   0.6631  -1.2534   1.9158   0.00    0.0
2014/09/19 05:02:00.000   63.755966046  -68.510493914    89.8766   5  10   1.8909   1.8852   5.5113   0.6605  -1.2558   1.9227   0.00    0.0
2014/09/19 05:02:30.000   63.755961290  -68.510499267    89.3294   5  10   1.8931   1.8832   5.5234   0.6580  -1.2581   1.9295   0.00    0.0
2014/09/19 05:03:00.000   63.755964044  -68.510498388    89.4878   5  10   1.8954   1.8813   5.5349   0.6554  -1.2601   1.9364   0.00    0.0
2014/09/19 05:03:30.000   63.755962391  -68.510496166    89.0058   5  10   1.8976   1.8793   5.5461   0.6529  -1.2619   1.9431   0.00    0.0
2014/09/19 05:04:00.000   63.755965238  -68.510490336    89.0650   5  10   1.9000   1.8774   5.5567   0.6504  -1.2635   1.9498   0.00    0.0
2014/09/19 05:04:30.000   63.755964683  -68.510496906    88.5049   5  10   1.9024   1.8754   5.5668   0.6480  -1.2649   1.9564   0.00    0.0
2014/09/19 05:05:00.000   63.755963556  -68.510499842    88.7359   5  10   1.9048   1.8735   5.5764   0.6456  -1.2661   1.9630   0.00    0.0
2014/09/19 05:05:30.000   63.755960332  -68.510502498    89.3702   5  10   1.9073   1.8715   5.5855   0.6432  -1.2672   1.9694   0.00    0.0
2014/09/19 05:06:00.000   63.755961152  -68.510495260    90.0159   5  10   1.9098   1.8696   5.5941   0.6409  -1.2680   1.9758   0.00    0.0
2014/09/19 05:06:30.000   63.755961915  -68.510502035    88.8269   5  10   1.9124   1.8676   5.6022   0.6386  -1.2686   1.9821   0.00    0.0
2014/09/19 05:07:00.000   63.755964925  -68.510504126    89.2998   5  10   1.9150   1.8657   5.6097   0.6363  -1.2690   1.9883   0.00    0.0
2014/09/19 05:07:30.000   63.755965283  -68.510502593    89.7676   5  10   1.9177   1.8637   5.6167   0.6340  -1.2692   1.9944   0.00    0.0
2014/09/19 05:08:00.000   63.755965298  -68.510503083    89.2890   5  10   1.9204   1.8618   5.6231   0.6318  -1.2692   2.0004   0.00    0.0
2014/09/19 05:08:30.000   63.755962932  -68.510506800    89.7619   5  10   1.9232   1.8598   5.6289   0.6297  -1.2690   2.0063   0.00    0.0
2014/09/19 05:09:00.000   63.755963541  -68.510504438    89.3547   5  10   1.9260   1.8579   5.6342   0.6275  -1.2687   2.0121   0.00    0.0
2014/09/19 05:09:30.000   63.755962686  -68.510508286    89.0024   5  10   1.9288   1.8560   5.6389   0.6254  -1.2681   2.0177   0.00    0.0
2014/09/19 05:10:00.000   63.755963849  -68.510507671    89.0709   5  10   1.9317   1.8540   5.6431   0.6234  -1.2674   2.0232   0.00    0.0
2014/09/19 05:10:30.000   63.755962839  -68.510500575    88.2618   5  10   1.9346   1.8521   5.6466   0.6213  -1.2665   2.0286   0.00    0.0
2014/09/19 05:11:00.000   63.755964344  -68.510501707    88.8644   5  10   1.9376   1.8502   5.6496   0.6193  -1.2654   2.0339   0.00    0.0
2014/09/19 05:11:30.000   63.755963793  -68.510505770    89.0632   5  10   1.9405   1.8483   5.6520   0.6174  -1.2641   2.0390   0.00    0.0
2014/09/19 05:12:00.000   63.755962109  -68.510503128    88.7887   5  10   1.9436   1.8463   5.6538   0.6155  -1.2626   2.0440   0.00    0.0
2014/09/19 05:12:30.000   63.755963045  -68.510507737    89.1105   5  10   1.9466   1.8444   5.6551   0.6136  -1.2610   2.0489   0.00    0.0
2014/09/19 05:13:00.000   63.755961991  -68.510506000    88.7152   5  10   1.9497   1.8425   5.6557   0.6117  -1.2593   2.0536   0.00    0.0
2014/09/19 05:13:30.000   63.755960803  -68.510501680    89.0070   5  10   1.9529   1.8406   5.6558   0.6099  -1.2573   2.0581   0.00    0.0
2014/09/19 05:14:00.000   63.755963613  -68.510496132    88.9995   5  10   1.9560   1.8388   5.6552   0.6081  -1.2552   2.0626   0.00    0.0
2014/09/19 05:14:30.000   63.755963171  -68.510498572    88.7462   5  10   1.9592   1.8369   5.6541   0.6064  -1.2530   2.0668   0.00    0.0
2014/09/19 05:15:00.000   63.755962592  -68.510494583    88.9077   5  10   1.9624   1.8350   5.6525   0.6047  -1.2506   2.0709   0.00    0.0
2014/09/19 05:15:30.000   63.755961463  -68.510504275    88.6636   5  10   1.9657   1.8331   5.6502   0.6030  -1.2481   2.0749   0.00    0.0
2014/09/19 05:16:00.000   63.755962625  -68.510497928    88.5871   5  10   1.9690   1.8313   5.6474   0.6014  -1.2454   2.0787   0.00    0.0
2014/09/19 05:16:30.000   63.755962510  -68.510502351    88.4082   5   9   2.1250   1.8559   5.9528   0.7788  -1.4611   1.6850   0.00    0.0
2014/09/19 05:17:00.000   63.755961823  -68.510501751    88.5735   5   9   2.1283   1.8534   5.9492   0.7756  -1.4559   1.6888   0.00    0.0
2014/09/19 05:17:30.000   63.755965027  -68.510501921    88.3353   5   9   2.1317   1.8509   5.9450   0.7725  -1.4506   1.6925   0.00    0.0
2014/09/19 05:18:00.000   63.755965664  -68.510499073    87.8867   5   9   2.1352   1.8484   5.9401   0.7693  -1.4452   1.6961   0.00    0.0
2014/09/19 05:18:30.000   63.755966887  -68.510493483    88.2723   5   9   2.1386   1.8460   5.9346   0.7662  -1.4396   1.6996   0.00    0.0
2014/09/19 05:19:00.000   63.755967646  -68.510497461    88.1190   5   9   2.1422   1.8435   5.9285   0.7630  -1.4339   1.7028   0.00    0.0
2014/09/19 05:19:30.000   63.755967441  -68.510489375    88.5162   5   9   2.1458   1.8411   5.9218   0.7599  -1.4280   1.7060   0.00    0.0
2014/09/19 05:20:00.000   63.755966304  -68.510494919    88.3251   5   9   2.1494   1.8388   5.9144   0.7569  -1.4220   1.7090   0.00    0.0
2014/09/19 05:20:30.000   63.755968602  -68.510497415    88.2306   5   9   2.1530   1.8364   5.9065   0.7538  -1.4159   1.7119   0.00    0.0
2014/09/19 05:21:00.000   63.755965578  -68.510499690    87.9086   5   9   2.1567   1.8341   5.8981   0.7507  -1.4097   1.7146   0.00    0.0
2014/09/19 05:21:30.000   63.755964299  -68.510497125    88.2472   5   9   2.1605   1.8317   5.8891   0.7477  -1.4034   1.7172   0.00    0.0
2014/09/19 05:22:00.000   63.755965749  -68.510494656    88.1980   5   9   2.1643   1.8294   5.8795   0.7447  -1.3969   1.7196   0.00    0.0
2014/09/19 05:22:30.000   63.755966339  -68.510501421    88.1500   5   9   2.1681   1.8272   5.8694   0.7417  -1.3904   1.7219   0.00    0.0
2014/09/19 05:23:00.000   63.755965485  -68.510500245    88.8947   5   9   2.1720   1.8249   5.8588   0.7387  -1.3838   1.7241   0.00    0.0
2014/09/19 05:23:30.000   63.755967714  -68.510497823    88.8859   5   9   2.1759   1.8227   5.8476   0.7357  -1.3772   1.7261   0.00    0.0
2014/09/19 05:24:00.000   63.755972343  -68.510495922    89.0447   5   9   2.1799   1.8205   5.8360   0.7327  -1.3704   1.7280   0.00    0.0
2014/09/19 05:24:30.000   63.755970491  -68.510499435    89.5763   5   9   2.1839   1.8184   5.8239   0.7297  -1.3636   1.7297   0.00    0.0
2014/09/19 05:25:00.000   63.755970532  -68.510501352    89.5039   5   9   2.1880   1.8162   5.8114   0.7267  -1.3568   1.7313   0.00    0.0
2014/09/19 05:25:30.000   63.755968607  -68.510502336    89.8837   5   9   2.1921   1.8141   5.7984   0.7238  -1.3499   1.7328   0.00    0.0
2014/09/19 05:26:00.000   63.755966910  -68.510506622    89.0163   5   9   2.1962   1.8120   5.7850   0.7208  -1.3429   1.7342   0.00    0.0
2014/09/19 05:26:30.000   63.755967750  -68.510498450    89.3659   5   9   2.2004   1.8100   5.7712   0.7179  -1.3360   1.7354   0.00    0.0
2014/09/19 05:27:00.000   63.755969942  -68.510503528    89.7590   5   9   2.2046   1.8080   5.7569   0.7149  -1.3290   1.7365   0.00    0.0
2014/09/19 05:27:30.000   63.755970600  -68.510502635    89.6334   5   9   2.2088   1.8060   5.7423   0.7120  -1.3220   1.7375   0.00    0.0
2014/09/19 05:28:00.000   63.755968486  -68.510496983    89.6961   5   9   2.2131   1.8040   5.7274   0.7090  -1.3149   1.7384   0.00    0.0
2014/09/19 05:28:30.000   63.755969055  -68.510497527    90.5116   5   9   2.2175   1.8021   5.7121   0.7060  -1.3079   1.7391   0.00    0.0
2014/09/19 05:29:00.000   63.755970054  -68.510501289    90.5380   5   9   2.2218   1.8002   5.6964   0.7031  -1.3009   1.7397   0.00    0.0
2014/09/19 05:29:30.000   63.755968608  -68.510500973    89.5809   5   9   2.2263   1.7983   5.6805   0.7001  -1.2939   1.7403   0.00    0.0
2014/09/19 05:30:00.000   63.755969774  -68.510498464    90.5876   5   9   2.2307   1.7965   5.6642   0.6971  -1.2869   1.7407   0.00    0.0
2014/09/19 05:30:30.000   63.755973884  -68.510494068    89.3719   5   9   2.2352   1.7947   5.6477   0.6942  -1.2799   1.7410   0.00    0.0
2014/09/19 05:31:00.000   63.755971156  -68.510493786    90.2318   5   9   2.2398   1.7930   5.6309   0.6912  -1.2729   1.7412   0.00    0.0
2014/09/19 05:31:30.000   63.755970866  -68.510493675    89.9434   5   9   2.2443   1.7912   5.6138   0.6881  -1.2660   1.7413   0.00    0.0
2014/09/19 05:32:00.000   63.755972561  -68.510495784    90.2832   5   9   2.2489   1.7895   5.5965   0.6851  -1.2591   1.7413   0.00    0.0
2014/09/19 05:32:30.000   63.755971724  -68.510489554    89.6815   5   9   2.2536   1.7879   5.5790   0.6821  -1.2523   1.7413   0.00    0.0
2014/09/19 05:33:00.000   63.755970925  -68.510488844    90.4926   5   9   2.2583   1.7862   5.5614   0.6790  -1.2456   1.7411   0.00    0.0
2014/09/19 05:33:30.000   63.755968144  -68.510492557    89.4786   5   9   2.2630   1.7846   5.5435   0.6760  -1.2389   1.7408   0.00    0.0
2014/09/19 05:34:00.000   63.755970017  -68.510490307    89.5516   5   9   2.2678   1.7831   5.5254   0.6729  -1.2322   1.7405   0.00    0.0
2014/09/19 05:34:30.000   63.755966780  -68.510496642    90.2351   5   9   2.2726   1.7816   5.5072   0.6698  -1.2257   1.7401   0.00    0.0
2014/09/19 05:35:00.000   63.755968865  -68.510495536    90.4182   5   9   2.2775   1.7801   5.4889   0.6666  -1.2192   1.7396   0.00    0.0
2014/09/19 05:35:30.000   63.755966399  -68.510493894    89.6772   5   9   2.2823   1.7786   5.4704   0.6635  -1.2128   1.7391   0.00    0.0
2014/09/19 05:36:00.000   63.755970399  -68.510492608    89.4545   5   9   2.2873   1.7772   5.4518   0.6603  -1.2065   1.7384   0.00    0.0
2014/09/19 05:36:30.000   63.755966568  -68.510494089    89.5461   5   9   2.2922   1.7759   5.4331   0.6571  -1.2003   1.7377   0.00    0.0
2014/09/19 05:37:00.000   63.755966650  -68.510493298    89.3796   5   9   2.2972   1.7745   5.4143   0.6538  -1.1942   1.7370   0.00    0.0
2014/09/19 05:37:30.000   63.755970998  -68.510486196    90.0295   5   9   2.3023   1.7732   5.3955   0.6506  -1.1882   1.7362   0.00    0.0
2014/09/19 05:38:00.000   63.755968478  -68.510489904    89.4785   5   9   2.3074   1.7720   5.3766   0.6473  -1.1823   1.7353   0.00    0.0
2014/09/19 05:38:30.000   63.755968588  -68.510492854    90.6837   5   9   2.3125   1.7708   5.3577   0.6439  -1.1765   1.7344   0.00    0.0
2014/09/19 05:39:00.000   63.755967435  -68.510487373    89.8742   5   9   2.3176   1.7696   5.3387   0.6405  -1.1709   1.7334   0.00    0.0
2014/09/19 05:39:30.000   63.755966845  -68.510486724    89.5957   5   9   2.3228   1.7684   5.3197   0.6371  -1.1653   1.7324   0.00    0.0
2014/09/19 05:40:00.000   63.755969415  -68.510485387    89.7750   5   9   2.3281   1.7674   5.3007   0.6337  -1.1599   1.7313   0.00    0.0
2014/09/19 05:40:30.000   63.755969414  -68.510494892    91.4215   5   8   2.4382   2.3329   6.6331   1.2146  -2.7293   0.3938   0.00    0.0
2014/09/19 05:41:00.000   63.755971979  -68.510502275    92.4694   5   8   2.4423   2.3281   6.6141   1.2087  -2.7207   0.4119   0.00    0.0
2014/09/19 05:41:30.000   63.755967159  -68.510501887    92.7899   5   8   2.4464   2.3231   6.5947   1.2028  -2.7118   0.4300   0.00    0.0
2014/09/19 05:42:00.000   63.755973023  -68.510496797    91.7292   5   8   2.4505   2.3182   6.5748   1.1967  -2.7027   0.4480   0.00    0.0
2014/09/19 05:42:30.000   63.755974755  -68.510492506    92.5389   5   8   2.4547   2.3132   6.5544   1.1906  -2.6934   0.4660   0.00    0.0
2014/09/19 05:43:00.000   63.755974245  -68.510499343    92.4850   5   8   2.4589   2.3082   6.5336   1.1844  -2.6838   0.4840   0.00    0.0
2014/09/19 05:43:30.000   63.755972321  -68.510498622    91.3328   5   8   2.4631   2.3031   6.5125   1.1780  -2.6740   0.5019   0.00    0.0
2014/09/19 05:44:00.000   63.755971729  -68.510505100    92.2431   5   8   2.4674   2.2980   6.4910   1.1716  -2.6640   0.5198   0.00    0.0
2014/09/19 05:44:30.000   63.755967731  -68.510502013    92.0009   5   8   2.4717   2.2929   6.4691   1.1651  -2.6538   0.5376   0.00    0.0
2014/09/19 05:45:00.000   63.755968059  -68.510499772    92.0280   5   8   2.4760   2.2878   6.4469   1.1585  -2.6434   0.5553   0.00    0.0
2014/09/19 05:45:30.000   63.755967744  -68.510506827    93.1730   5   9   2.2940   2.2696   5.9515   1.0469  -2.5181   1.6156   0.00    0.0
2014/09/19 05:46:00.000   63.755962088  -68.510500130    92.3409   5   9   2.2966   2.2654   5.9423   1.0431  -2.5133   1.6147   0.00    0.0
2014/09/19 05:46:30.000   63.755968503  -68.510511862    94.5590   5   9   2.2992   2.2613   5.9328   1.0394  -2.5083   1.6138   0.00    0.0
2014/09/19 05:47:00.000   63.755970059  -68.510511129    93.9126   5   9   2.3018   2.2570   5.9229   1.0356  -2.5030   1.6128   0.00    0.0
2014/09/19 05:47:30.000   63.755969282  -68.510511067    93.9023   5   9   2.3045   2.2528   5.9127   1.0319  -2.4976   1.6117   0.00    0.0
2014/09/19 05:48:00.000   63.755971688  -68.510510899    94.0066   5   9   2.3072   2.2485   5.9022   1.0281  -2.4920   1.6107   0.00    0.0
2014/09/19 05:48:30.000   63.755970182  -68.510509989    93.1360   5   9   2.3100   2.2442   5.8914   1.0244  -2.4862   1.6096   0.00    0.0
2014/09/19 05:49:00.000   63.755966540  -68.510511369    93.0621   5   9   2.3127   2.2399   5.8803   1.0207  -2.4802   1.6085   0.00    0.0
2014/09/19 05:49:30.000   63.755969196  -68.510511305    93.2188   5   9   2.3156   2.2355   5.8688   1.0169  -2.4740   1.6074   0.00    0.0
2014/09/19 05:50:00.000   63.755966324  -68.510515640    93.9861   5   9   2.3184   2.2312   5.8571   1.0132  -2.4677   1.6063   0.00    0.0
2014/09/19 05:50:30.000   63.755966995  -68.510512757    93.5367   5   9   2.3213   2.2268   5.8452   1.0095  -2.4611   1.6051   0.00    0.0
2014/09/19 05:51:00.000   63.755966154  -68.510509434    92.8040   5   9   2.3242   2.2224   5.8329   1.0057  -2.4545   1.6040   0.00    0.0
2014/09/19 05:51:30.000   63.755967312  -68.510508920    93.3248   5   9   2.3272   2.2179   5.8205   1.0019  -2.4476   1.6028   0.00    0.0
2014/09/19 05:52:00.000   63.755966161  -68.510509841    92.6387   5   9   2.3302   2.2135   5.8078   0.9982  -2.4406   1.6017   0.00    0.0
2014/09/19 05:52:30.000   63.755969049  -68.510503128    94.3192   5   9   2.3332   2.2090   5.7949   0.9944  -2.4335   1.6006   0.00    0.0
2014/09/19 05:53:00.000   63.755969987  -68.510505072    93.7969   5   9   2.3363   2.2046   5.7817   0.9906  -2.4262   1.5995   0.00    0.0
2014/09/19 05:53:30.000   63.755968009  -68.510503246    92.8121   5   9   2.3394   2.2001   5.7684   0.9867  -2.4188   1.5985   0.00    0.0
2014/09/19 05:54:00.000   63.755968175  -68.510508404    93.9901   5   9   2.3426   2.1956   5.7549   0.9829  -2.4113   1.5974   0.00    0.0
2014/09/19 05:54:30.000   63.755971209  -68.510506219    93.5965   5   9   2.3458   2.1911   5.7412   0.9790  -2.4036   1.5964   0.00    0.0
2014/09/19 05:55:00.000   63.755973895  -68.510502678    93.8741   5   9   2.3490   2.1866   5.7274   0.9751  -2.3959   1.5955   0.00    0.0
2014/09/19 05:55:30.000   63.755964520  -68.510503164    92.8066   5   9   2.3523   2.1821   5.7134   0.9712  -2.3880   1.5946   0.00    0.0
2014/09/19 05:56:00.000   63.755970677  -68.510507915    93.4529   5   9   2.3557   2.1776   5.6993   0.9672  -2.3801   1.5938   0.00    0.0
2014/09/19 05:56:30.000   63.755970715  -68.510508579    93.9740   5   9   2.3590   2.1731   5.6850   0.9632  -2.3720   1.5930   0.00    0.0
2014/09/19 05:57:00.000   63.755968583  -68.510501950    93.4358   5   9   2.3624   2.1686   5.6707   0.9592  -2.3639   1.5923   0.00    0.0
2014/09/19 05:57:30.000   63.755965122  -68.510503739    92.9515   5   9   2.3659   2.1641   5.6562   0.9551  -2.3556   1.5917   0.00    0.0
2014/09/19 05:58:00.000   63.755960808  -68.510499958    91.2606   5   8   4.9169   2.4906  11.5537  -2.1071  -4.2446   6.7802   0.00    0.0
2014/09/19 05:58:30.000   63.755960346  -68.510495202    90.6236   5   8   4.9606   2.4945  11.6339  -2.1390  -4.2733   6.8474   0.00    0.0
2014/09/19 05:59:00.000   63.755958008  -68.510499565    90.8911   5   8   5.0033   2.4983  11.7106  -2.1698  -4.3007   6.9125   0.00    0.0
2014/09/19 05:59:30.000   63.755961130  -68.510500087    91.1443   5   8   5.0450   2.5018  11.7834  -2.1995  -4.3269   6.9751   0.00    0.0
2014/09/19 06:00:00.000   63.755959271  -68.510500425    91.8717   5   8   5.0854   2.5051  11.8521  -2.2280  -4.3515   7.0350   0.00    0.0
2014/09/19 06:00:30.000   63.755958074  -68.510497959    91.1965   5   8   5.1245   2.5081  11.9162  -2.2551  -4.3746   7.0921   0.00    0.0
2014/09/19 06:01:00.000   63.755961844  -68.510495712    91.7635   5   8   5.1620   2.5107  11.9756  -2.2809  -4.3960   7.1460   0.00    0.0
2014/09/19 06:01:30.000   63.755960433  -68.510496907    91.0796   5   8   5.1979   2.5130  12.0299  -2.3052  -4.4156   7.1967   0.00    0.0
2014/09/19 06:02:00.000   63.755959515  -68.510502376    91.8846   5   8   5.2320   2.5149  12.0789  -2.3281  -4.4334   7.2439   0.00    0.0
2014/09/19 06:02:30.000   63.755957313  -68.510498239    90.5691   5   8   5.2642   2.5164  12.1222  -2.3493  -4.4491   7.2874   0.00    0.0
2014/09/19 06:03:00.000   63.755952818  -68.510497738    89.5570   5   8   5.2944   2.5175  12.1597  -2.3690  -4.4628   7.3270   0.00    0.0
2014/09/19 06:03:30.000   63.755959726  -68.510503659    90.9890   5   8   5.3223   2.5181  12.1910  -2.3869  -4.4743   7.3626   0.00    0.0
2014/09/19 06:04:00.000   63.755956766  -68.510498253    90.6275   5   8   5.3481   2.5182  12.2161  -2.4032  -4.4836   7.3940   0.00    0.0
2014/09/19 06:04:30.000   63.755962501  -68.510507257    92.6842   5   8   5.3714   2.5178  12.2347  -2.4176  -4.4905   7.4211   0.00    0.0
2014/09/19 06:05:00.000   63.755965060  -68.510503049    92.4991   5   8   5.3923   2.5169  12.2467  -2.4303  -4.4952   7.4437   0.00    0.0
2014/09/19 06:05:30.000   63.755957672  -68.510503591    90.9240   5   8   5.4107   2.5155  12.2521  -2.4411  -4.4974   7.4618   0.00    0.0
2014/09/19 06:06:00.000   63.755957375  -68.510501235    90.6655   5   8   5.4265   2.5135  12.2507  -2.4500  -4.4973   7.4754   0.00    0.0
2014/09/19 06:06:30.000   63.755965452  -68.510501728    92.5188   5   8   5.4397   2.5110  12.2425  -2.4571  -4.4947   7.4843   0.00    0.0
2014/09/19 06:07:00.000   63.755969459  -68.510507086    94.0902   5   8   5.4502   2.5080  12.2276  -2.4623  -4.4897   7.4885   0.00    0.0
2014/09/19 06:07:30.000   63.755958203  -68.510501844    91.3408   5   8   5.4580   2.5044  12.2059  -2.4657  -4.4823   7.4881   0.00    0.0
2014/09/19 06:08:00.000   63.755967361  -68.510503291    93.4814   5   8   5.4632   2.5003  12.1777  -2.4672  -4.4725   7.4831   0.00    0.0
2014/09/19 06:08:30.000   63.755955791  -68.510495138    90.8111   5   8   5.4657   2.4956  12.1429  -2.4669  -4.4603   7.4736   0.00    0.0
2014/09/19 06:09:00.000   63.755961783  -68.510505555    92.1607   5   8   5.4656   2.4905  12.1018  -2.4649  -4.4459   7.4595   0.00    0.0
2014/09/19 06:09:30.000   63.755966905  -68.510500182    92.9279   5   8   5.4628   2.4848  12.0545  -2.4611  -4.4293   7.4411   0.00    0.0
2014/09/19 06:10:00.000   63.755965229  -68.510497554    92.3548   5   8   5.4576   2.4787  12.0012  -2.4556  -4.4105   7.4184   0.00    0.0
2014/09/19 06:10:30.000   63.755965591  -68.510500863    92.0988   5   8   5.4499   2.4721  11.9423  -2.4485  -4.3896   7.3916   0.00    0.0
2014/09/19 06:11:00.000   63.755970006  -68.510500631    92.7995   5   8   5.4397   2.4650  11.8778  -2.4398  -4.3667   7.3608   0.00    0.0
2014/09/19 06:11:30.000   63.755961314  -68.510500880    91.1388   5   8   5.4274   2.4576  11.8082  -2.4296  -4.3420   7.3262   0.00    0.0
2014/09/19 06:12:00.000   63.755971106  -68.510503776    92.7037   5   8   5.4128   2.4498  11.7338  -2.4179  -4.3155   7.2880   0.00    0.0
2014/09/19 06:12:30.000   63.755969556  -68.510498275    93.6206   5   8   5.3961   2.4416  11.6548  -2.4049  -4.2873   7.2464   0.00    0.0
2014/09/19 06:13:00.000   63.755958757  -68.510494705    91.5554   5   8   5.3774   2.4332  11.5715  -2.3907  -4.2576   7.2015   0.00    0.0
2014/09/19 06:13:30.000   63.755958365  -68.510497184    90.8929   5   8   5.3569   2.4244  11.4844  -2.3752  -4.2264   7.1537   0.00    0.0
2014/09/19 06:14:00.000   63.755963566  -68.510499998    91.7727   5   7   7.4297   2.4934  17.6441  -2.9604  -5.0920  10.9600   0.00    0.0
2014/09/19 06:14:30.000   63.755948346  -68.510497911    86.7740   5   7   7.4084   2.4825  17.5496  -2.9389  -5.0512  10.9113   0.00    0.0
2014/09/19 06:15:00.000   63.755960820  -68.510501966    90.8301   5   7   7.3800   2.4709  17.4380  -2.9141  -5.0057  10.8511   0.00    0.0
2014/09/19 06:15:30.000   63.755961271  -68.510493766    90.1565   5   7   7.3449   2.4588  17.3102  -2.8861  -4.9560  10.7800   0.00    0.0
2014/09/19 06:16:00.000   63.755961075  -68.510498436    90.7916   5   7   7.3035   2.4462  17.1675  -2.8553  -4.9023  10.6987   0.00    0.0
2014/09/19 06:16:30.000   63.755965101  -68.510495540    91.3163   5   7   7.2563   2.4333  17.0109  -2.8218  -4.8450  10.6080   0.00    0.0
2014/09/19 06:17:00.000   63.755951409  -68.510496507    86.9216   5   7   7.2038   2.4199  16.8418  -2.7859  -4.7845  10.5085   0.00    0.0
2014/09/19 06:17:30.000   63.755955638  -68.510496894    89.0294   5   7   7.1464   2.4064  16.6614  -2.7479  -4.7213  10.4012   0.00    0.0
2014/09/19 06:18:00.000   63.755961820  -68.510502172    90.7494   5   7   7.0845   2.3926  16.4710  -2.7080  -4.6555  10.2868   0.00    0.0
2014/09/19 06:18:30.000   63.755963051  -68.510499524    91.5811   5   7   7.0189   2.3788  16.2720  -2.6666  -4.5878  10.1663   0.00    0.0
2014/09/19 06:19:00.000   63.755958271  -68.510497152    89.3990   5   7   6.9498   2.3650  16.0656  -2.6237  -4.5183  10.0403   0.00    0.0
2014/09/19 06:19:30.000   63.755957214  -68.510501880    89.6933   5   7   6.8779   2.3512  15.8530  -2.5798  -4.4476   9.9097   0.00    0.0
2014/09/19 06:20:00.000   63.755968006  -68.510502950    93.8656   5   7   6.8035   2.3374  15.6355  -2.5349  -4.3758   9.7753   0.00    0.0
2014/09/19 06:20:30.000   63.755963416  -68.510503535    92.0558   5   7   6.7272   2.3239  15.4141  -2.4893  -4.3034   9.6377   0.00    0.0
2014/09/19 06:21:00.000   63.755965009  -68.510500606    91.2702   5   7   6.6492   2.3105  15.1898  -2.4433  -4.2305   9.4977   0.00    0.0
2014/09/19 06:21:30.000   63.755960125  -68.510504017    90.3717   5   7   6.5702   2.2973  14.9636  -2.3970  -4.1576   9.3558   0.00    0.0
2014/09/19 06:22:00.000   63.755952508  -68.510497714    87.7274   5   7   6.4903   2.2844  14.7364  -2.3506  -4.0847   9.2127   0.00    0.0
2014/09/19 06:22:30.000   63.755959472  -68.510497142    88.5402   5   7   6.4099   2.2718  14.5090  -2.3042  -4.0122   9.0689   0.00    0.0
2014/09/19 06:23:00.000   63.755951651  -68.510496313    87.0038   5   7   6.3293   2.2595  14.2821  -2.2580  -3.9402   8.9248   0.00    0.0
2014/09/19 06:23:30.000   63.755949867  -68.510503311    87.8902   5   7   6.2488   2.2475  14.0564  -2.2121  -3.8688   8.7809   0.00    0.0
2014/09/19 06:24:00.000   63.755950830  -68.510497415    86.2943   5   7   6.1686   2.2359  13.8323  -2.1665  -3.7983   8.6375   0.00    0.0
2014/09/19 06:24:30.000   63.755953571  -68.510507821    89.2308   5   7   6.0889   2.2246  13.6104  -2.1215  -3.7287   8.4951   0.00    0.0
2014/09/19 06:25:00.000   63.755963570  -68.510503609    91.3358   5   7   6.0100   2.2137  13.3911  -2.0771  -3.6602   8.3538   0.00    0.0
2014/09/19 06:25:30.000   63.755956534  -68.510501877    90.6839   5   7   5.9319   2.2031  13.1748  -2.0333  -3.5928   8.2140   0.00    0.0
2014/09/19 06:26:00.000   63.755961145  -68.510496717    91.2297   5   7   5.8548   2.1929  12.9619  -1.9903  -3.5266   8.0759   0.00    0.0
2014/09/19 06:26:30.000   63.755959566  -68.510502033    90.6740   5   6   8.4908   2.1937  23.9911  -1.5658  -2.7562  13.7642   0.00    0.0
2014/09/19 06:27:00.000   63.755963821  -68.510505458    93.8219   5   6   8.2686   2.1884  23.3347  -1.4536  -2.5583  13.3677   0.00    0.0
2014/09/19 06:27:30.000   63.755964668  -68.510505647    93.6259   5   6   8.0542   2.1838  22.7002  -1.3441  -2.3639  12.9841   0.00    0.0
2014/09/19 06:28:00.000   63.755969841  -68.510500134    93.6460   5   6   7.8479   2.1800  22.0882  -1.2373  -2.1721  12.6136   0.00    0.0
2014/09/19 06:28:30.000   63.755966573  -68.510505442    91.9215   5   6   7.6495   2.1769  21.4989  -1.1326  -1.9821  12.2564   0.00    0.0
2014/09/19 06:29:00.000   63.755965109  -68.510505594    93.3193   5   6   7.4592   2.1743  20.9323  -1.0296  -1.7924  11.9123   0.00    0.0
2014/09/19 06:29:30.000   63.755974015  -68.510503477    94.1689   5   6   7.2767   2.1722  20.3879  -0.9276  -1.6011  11.5813   0.00    0.0
2014/09/19 06:30:00.000   63.755970580  -68.510502024    93.1989   5   6   7.1019   2.1705  19.8653  -0.8258  -1.4055  11.2630   0.00    0.0
2014/09/19 06:30:30.000   63.755963454  -68.510501082    91.9486   5   6   6.9346   2.1692  19.3639  -0.7228  -1.2011  10.9571   0.00    0.0
2014/09/19 06:31:00.000   63.755968135  -68.510499184    92.4677   5   6   6.7745   2.1683  18.8831  -0.6167  -0.9799  10.6633   0.00    0.0
2014/09/19 06:31:30.000   63.755967978  -68.510500120    92.7269   5   6   6.6214   2.1676  18.4221  -0.5039  -0.7233  10.3810   0.00    0.0
2014/09/19 06:32:00.000   63.755972557  -68.510496656    93.6441   5   6   6.4749   2.1672  17.9802  -0.3764  -0.3569  10.1100   0.00    0.0
2014/09/19 06:32:30.000   63.755962221  -68.510502268    90.4392   5   6   6.3349   2.1670  17.5565  -0.2056   0.4808   9.8496   0.00    0.0
2014/09/19 06:33:00.000   63.755968401  -68.510496362    92.3851   5   6   6.2009   2.1670  17.1503   0.2133   0.7456   9.5994   0.00    0.0
2014/09/19 06:33:30.000   63.755971129  -68.510500972    94.1807   5   6   6.0729   2.1671  16.7608   0.3504   0.9220   9.3591   0.00    0.0
2014/09/19 06:34:00.000   63.755962338  -68.510500069    91.2684   5   6   5.9504   2.1674  16.3873   0.4365   1.0566   9.1281   0.00    0.0
2014/09/19 06:34:30.000   63.755965388  -68.510500999    91.8376   5   6   5.8332   2.1678  16.0290   0.4997   1.1653   8.9060   0.00    0.0
2014/09/19 06:35:00.000   63.755967824  -68.510497415    92.0989   5   6   5.7211   2.1683  15.6852   0.5487   1.2556   8.6924   0.00    0.0
2014/09/19 06:35:30.000   63.755969092  -68.510498333    93.1218   5   6   5.6138   2.1689  15.3551   0.5877   1.3321   8.4869   0.00    0.0
2014/09/19 06:36:00.000   63.755969987  -68.510497407    92.2936   5   6   5.5111   2.1696  15.0382   0.6192   1.3979   8.2891   0.00    0.0
2014/09/19 06:36:30.000   63.755966267  -68.510502672    92.2065   5   6   5.4127   2.1704  14.7338   0.6447   1.4548   8.0987   0.00    0.0
2014/09/19 06:37:00.000   63.755968779  -68.510502517    92.5990   5   6   5.3185   2.1712  14.4412   0.6653   1.5045   7.9152   0.00    0.0
2014/09/19 06:37:30.000   63.755967959  -68.510495039    91.7144   5   6   5.2282   2.1721  14.1600   0.6817   1.5481   7.7383   0.00    0.0
2014/09/19 06:38:00.000   63.755969150  -68.510498876    91.7583   5   6   5.1417   2.1730  13.8895   0.6947   1.5865   7.5678   0.00    0.0
2014/09/19 06:38:30.000   63.755964165  -68.510493686    91.3987   5   6   5.0587   2.1739  13.6292   0.7047   1.6204   7.4032   0.00    0.0
2014/09/19 06:39:00.000   63.755966494  -68.510495860    92.5593   5   6   4.9791   2.1749  13.3787   0.7121   1.6504   7.2444   0.00    0.0
2014/09/19 06:39:30.000   63.755966018  -68.510508650    93.0461   5   6   4.9027   2.1759  13.1374   0.7171   1.6771   7.0910   0.00    0.0
2014/09/19 06:40:00.000   63.755967959  -68.510509163    91.7743   5   6   4.8294   2.1769  12.9050   0.7200   1.7007   6.9428   0.00    0.0
2014/09/19 06:40:30.000   63.755964654  -68.510500029    90.9715   5   6   4.7590   2.1779  12.6810   0.7211   1.7217   6.7996   0.00    0.0
2014/09/19 06:41:00.000   63.755961874  -68.510506559    91.3741   5   6   4.6914   2.1790  12.4650   0.7205   1.7403   6.6611   0.00    0.0
2014/09/19 06:41:30.000   63.755970488  -68.510500443    92.8331   5   6   4.6264   2.1800  12.2566   0.7184   1.7569   6.5270   0.00    0.0
2014/09/19 06:42:00.000   63.755969315  -68.510504920    92.1209   5   6   4.5639   2.1811  12.0555   0.7148   1.7716   6.3973   0.00    0.0
2014/09/19 06:42:30.000   63.755969477  -68.510503191    93.0895   5   6   4.5039   2.1822  11.8613   0.7100   1.7845   6.2716   0.00    0.0
2014/09/19 06:43:00.000   63.755968856  -68.510506059    91.4618   5   6   4.4461   2.1832  11.6737   0.7039   1.7960   6.1498   0.00    0.0
2014/09/19 06:43:30.000   63.755970108  -68.510503342    92.1340   5   6   4.3905   2.1843  11.4925   0.6967   1.8061   6.0317   0.00    0.0
2014/09/19 06:44:00.000   63.755968179  -68.510499564    90.8855   5   6   4.3370   2.1854  11.3173   0.6883   1.8150   5.9172   0.00    0.0
2014/09/19 06:44:30.000   63.755967969  -68.510499510    90.6768   5   6   4.2855   2.1865  11.1479   0.6790   1.8227   5.8061   0.00    0.0
2014/09/19 06:45:00.000   63.755966840  -68.510499659    89.9499   5   6   4.2359   2.1876  10.9840   0.6687   1.8294   5.6983   0.00    0.0
2014/09/19 06:45:30.000   63.755962512  -68.510508155    89.1693   5   6   4.1881   2.1886  10.8254   0.6574   1.8352   5.5936   0.00    0.0
2014/09/19 06:46:00.000   63.755965941  -68.510500042    90.3593   5   6   4.1421   2.1897  10.6719   0.6451   1.8401   5.4918   0.00    0.0
2014/09/19 06:46:30.000   63.755965563  -68.510506769    90.9388   5   6   4.0977   2.1908  10.5231   0.6319   1.8443   5.3929   0.00    0.0
2014/09/19 06:47:00.000   63.755965780  -68.510504455    90.7468   5   6   4.0549   2.1919  10.3790   0.6178   1.8477   5.2967   0.00    0.0
2014/09/19 06:47:30.000   63.755960802  -68.510501716    91.3373   5   6   4.0136   2.1930  10.2394   0.6028   1.8505   5.2031   0.00    0.0
2014/09/19 06:48:00.000   63.755965915  -68.510505560    91.6846   5   6   3.9738   2.1940  10.1039   0.5869   1.8527   5.1121   0.00    0.0
2014/09/19 06:48:30.000   63.755961031  -68.510505294    91.5662   5   6   3.9354   2.1951   9.9726   0.5699   1.8544   5.0234   0.00    0.0
2014/09/19 06:49:00.000   63.755961254  -68.510504247    90.6328   5   6   3.8984   2.1962   9.8452   0.5520   1.8555   4.9371   0.00    0.0
2014/09/19 06:49:30.000   63.755963287  -68.510510126    91.4730   5   6   3.8626   2.1973   9.7215   0.5330   1.8562   4.8529   0.00    0.0
2014/09/19 06:50:00.000   63.755960787  -68.510502880    90.8107   5   6   3.8281   2.1983   9.6014   0.5128   1.8565   4.7709   0.00    0.0
2014/09/19 06:50:30.000   63.755964949  -68.510507374    90.8715   5   6   3.7947   2.1994   9.4848   0.4915   1.8563   4.6909   0.00    0.0
2014/09/19 06:51:00.000   63.755963402  -68.510501146    91.0595   5   6   3.7625   2.2005   9.3716   0.4687   1.8558   4.6130   0.00    0.0
2014/09/19 06:51:30.000   63.755966252  -68.510509518    91.4697   5   6   3.7314   2.2015   9.2615   0.4444   1.8550   4.5368   0.00    0.0
2014/09/19 06:52:00.000   63.755964875  -68.510512960    92.9216   5   6   3.7013   2.2026   9.1545   0.4184   1.8538   4.4625   0.00    0.0
2014/09/19 06:52:30.000   63.755963557  -68.510510621    92.0408   5   6   3.6723   2.2036   9.0505   0.3903   1.8524   4.3900   0.00    0.0
2014/09/19 06:53:00.000   63.755963920  -68.510509580    90.7858   5   6   3.6442   2.2047   8.9493   0.3597   1.8507   4.3191   0.00    0.0
2014/09/19 06:53:30.000   63.755963687  -68.510510433    90.9925   5   6   3.6171   2.2057   8.8509   0.3259   1.8487   4.2499   0.00    0.0
2014/09/19 06:54:00.000   63.755959872  -68.510512760    93.0545   5   6   3.5908   2.2068   8.7551   0.2878   1.8465   4.1822   0.00    0.0
2014/09/19 06:54:30.000   63.755969660  -68.510505943    90.8837   5   6   3.5655   2.2078   8.6619   0.2435   1.8441   4.1160   0.00    0.0
2014/09/19 06:55:00.000   63.755963889  -68.510505924    91.9331   5   6   3.5410   2.2089   8.5711   0.1887   1.8415   4.0513   0.00    0.0
2014/09/19 06:55:30.000   63.755958330  -68.510512113    92.9788   5   6   3.5172   2.2099   8.4827   0.1087   1.8387   3.9880   0.00    0.0
2014/09/19 06:56:00.000   63.755972511  -68.510503398    90.5973   5   6   3.4943   2.2110   8.3966  -0.1100   1.8357   3.9260   0.00    0.0
2014/09/19 06:56:30.000   63.755964959  -68.510508849    91.7226   5   6   3.4721   2.2120   8.3127  -0.1901   1.8325   3.8653   0.00    0.0
2014/09/19 06:57:00.000   63.755966600  -68.510513263    92.6990   5   6   3.4507   2.2131   8.2310  -0.2454   1.8292   3.8059   0.00    0.0
2014/09/19 06:57:30.000   63.755970063  -68.510509972    90.4793   5   6   3.4299   2.2141   8.1513  -0.2905   1.8258   3.7477   0.00    0.0
2014/09/19 06:58:00.000   63.755962299  -68.510511965    92.4327   5   6   3.4099   2.2152   8.0736  -0.3296   1.8222   3.6907   0.00    0.0
2014/09/19 06:58:30.000   63.755965638  -68.510507942    92.0561   5   6   3.3904   2.2162   7.9979  -0.3645   1.8185   3.6347   0.00    0.0
2014/09/19 06:59:00.000   63.755962717  -68.510503806    91.1674   5   6   3.3717   2.2173   7.9240  -0.3965   1.8147   3.5799   0.00    0.0
2014/09/19 06:59:30.000   63.755964277  -68.510506530    90.9502   5   6   3.3535   2.2183   7.8519  -0.4261   1.8107   3.5262   0.00    0.0
2014/09/19 07:00:00.000   63.755960138  -68.510509975    92.6624   5   6   3.3359   2.2193   7.7815  -0.4537   1.8067   3.4734   0.00    0.0
2014/09/19 07:00:30.000   63.755967245  -68.510513091    92.3751   5   6   3.3190   2.2204   7.7129  -0.4798   1.8025   3.4217   0.00    0.0
2014/09/19 07:01:00.000   63.755969763  -68.510509097    91.5016   5   6   3.3025   2.2215   7.6459  -0.5046   1.7983   3.3708   0.00    0.0
2014/09/19 07:01:30.000   63.755968274  -68.510510724    91.8816   5   6   3.2866   2.2225   7.5805  -0.5282   1.7939   3.3210   0.00    0.0
2014/09/19 07:02:00.000   63.755974092  -68.510508362    92.6489   5   6   3.2713   2.2236   7.5166  -0.5507   1.7895   3.2720   0.00    0.0
2014/09/19 07:02:30.000   63.755967291  -68.510513858    93.0808   5   6   3.2564   2.2246   7.4542  -0.5724   1.7850   3.2238   0.00    0.0
2014/09/19 07:03:00.000   63.755969001  -68.510508021    93.1244   5   6   3.2421   2.2257   7.3933  -0.5933   1.7804   3.1765   0.00    0.0
2014/09/19 07:03:30.000   63.755971863  -68.510506976    92.1498   5   6   3.2282   2.2267   7.3338  -0.6134   1.7758   3.1300   0.00    0.0
2014/09/19 07:04:00.000   63.755970134  -68.510502806    92.3416   5   6   3.2148   2.2278   7.2756  -0.6328   1.7711   3.0843   0.00    0.0
2014/09/19 07:04:30.000   63.755964562  -68.510511720    92.9207   5   6   3.2018   2.2289   7.2188  -0.6517   1.7663   3.0394   0.00    0.0
2014/09/19 07:05:00.000   63.755966726  -68.510509400    93.2443   5   6   3.1893   2.2300   7.1633  -0.6700   1.7614   2.9951   0.00    0.0
2014/09/19 07:05:30.000   63.755966456  -68.510502613    93.2090   5   6   3.1772   2.2310   7.1090  -0.6878   1.7565   2.9516   0.00    0.0
2014/09/19 07:06:00.000   63.755967560  -68.510505258    92.3022   5   7   2.8914   2.1430   6.0327   0.5546   2.3137   1.9353   0.00    0.0
2014/09/19 07:06:30.000   63.755969942  -68.510499549    92.5481   5   7   2.8883   2.1411   6.0212   0.5324   2.3067   1.9187   0.00    0.0
2014/09/19 07:07:00.000   63.755971524  -68.510508314    93.8292   5   7   2.8852   2.1392   6.0096   0.5091   2.2995   1.9020   0.00    0.0
2014/09/19 07:07:30.000   63.755969099  -68.510508988    93.5903   5   7   2.8823   2.1373   5.9978   0.4847   2.2920   1.8852   0.00    0.0
2014/09/19 07:08:00.000   63.755976120  -68.510505063    93.5421   5   7   2.8795   2.1354   5.9859   0.4588   2.2843   1.8684   0.00    0.0
2014/09/19 07:08:30.000   63.755970235  -68.510500906    91.7647   5   7   2.8768   2.1334   5.9738   0.4313   2.2763   1.8514   0.00    0.0
2014/09/19 07:09:00.000   63.755964266  -68.510503551    92.7319   5   7   2.8742   2.1314   5.9616   0.4018   2.2681   1.8344   0.00    0.0
2014/09/19 07:09:30.000   63.755963938  -68.510502790    93.3082   5   7   2.8717   2.1294   5.9492   0.3699   2.2597   1.8174   0.00    0.0
2014/09/19 07:10:00.000   63.755965676  -68.510509488    93.8891   5   7   2.8693   2.1274   5.9368   0.3348   2.2510   1.8002   0.00    0.0
2014/09/19 07:10:30.000   63.755961322  -68.510508171    94.2736   5   7   2.8670   2.1253   5.9242   0.2955   2.2421   1.7829   0.00    0.0
2014/09/19 07:11:00.000   63.755967232  -68.510510995    93.5488   5   6   3.7110   2.1411   6.6314   0.8441   2.0392  -1.9928   0.00    0.0
2014/09/19 07:11:30.000   63.755965871  -68.510505684    93.9063   5   6   3.7064   2.1376   6.6352   0.8121   2.0352  -2.0241   0.00    0.0
2014/09/19 07:12:00.000   63.755967045  -68.510509364    93.0030   5   6   3.7019   2.1341   6.6389   0.7791   2.0311  -2.0544   0.00    0.0
2014/09/19 07:12:30.000   63.755967794  -68.510504505    92.4053   5   7   2.6357   2.1204   5.7381   1.0487   1.8455   2.0819   0.00    0.0
2014/09/19 07:13:00.000   63.755971062  -68.510511244    91.5542   5   7   2.6291   2.1162   5.7333   1.0362   1.8311   2.0626   0.00    0.0
2014/09/19 07:13:30.000   63.755966683  -68.510511034    91.8545   5   7   2.6226   2.1119   5.7286   1.0237   1.8164   2.0434   0.00    0.0
2014/09/19 07:14:00.000   63.755974549  -68.510516857    92.8092   5   7   2.6163   2.1077   5.7238   1.0111   1.8016   2.0242   0.00    0.0
2014/09/19 07:14:30.000   63.755968462  -68.510509509    92.4111   5   7   2.6100   2.1036   5.7190   0.9985   1.7867   2.0051   0.00    0.0
2014/09/19 07:15:00.000   63.755977322  -68.510517346    92.3457   5   7   2.6040   2.0994   5.7141   0.9859   1.7715   1.9860   0.00    0.0
2014/09/19 07:15:30.000   63.755966526  -68.510503312    92.0154   5   8   2.5824   1.8806   5.1974   1.1002   0.9491   2.1311   0.00    0.0
2014/09/19 07:16:00.000   63.755970895  -68.510508401    91.6610   5   8   2.5753   1.8777   5.2030   1.0929   0.9363   2.1177   0.00    0.0
2014/09/19 07:16:30.000   63.755973781  -68.510512795    92.0532   5   8   2.5684   1.8749   5.2087   1.0857   0.9233   2.1043   0.00    0.0
2014/09/19 07:17:00.000   63.755975308  -68.510513316    92.8837   5   8   2.5615   1.8721   5.2144   1.0785   0.9102   2.0908   0.00    0.0
2014/09/19 07:17:30.000   63.755970050  -68.510514255    91.1864   5   8   2.5548   1.8693   5.2201   1.0713   0.8968   2.0772   0.00    0.0
2014/09/19 07:18:00.000   63.755971382  -68.510516702    91.4892   5   8   2.5481   1.8666   5.2258   1.0641   0.8832   2.0636   0.00    0.0
2014/09/19 07:18:30.000   63.755969439  -68.510511432    91.9198   5   8   2.5416   1.8639   5.2314   1.0569   0.8693   2.0498   0.00    0.0
2014/09/19 07:19:00.000   63.755974931  -68.510508301    92.4360   5   8   2.5351   1.8612   5.2371   1.0497   0.8552   2.0360   0.00    0.0
2014/09/19 07:19:30.000   63.755972991  -68.510506361    92.6982   5   8   2.5288   1.8586   5.2427   1.0425   0.8409   2.0222   0.00    0.0
2014/09/19 07:20:00.000   63.755975933  -68.510507059    92.6311   5   8   2.5225   1.8560   5.2483   1.0353   0.8262   2.0082   0.00    0.0
2014/09/19 07:20:30.000   63.755975870  -68.510507799    93.2429   5   8   2.5163   1.8535   5.2538   1.0281   0.8113   1.9942   0.00    0.0
2014/09/19 07:21:00.000   63.755972872  -68.510509542    92.3100   5   8   2.5103   1.8510   5.2593   1.0210   0.7961   1.9800   0.00    0.0
2014/09/19 07:21:30.000   63.755971524  -68.510504351    92.5939   5   8   2.5043   1.8485   5.2648   1.0138   0.7806   1.9658   0.00    0.0
2014/09/19 07:22:00.000   63.755971680  -68.510505739    92.4401   5   8   2.4985   1.8461   5.2702   1.0066   0.7647   1.9515   0.00    0.0
2014/09/19 07:22:30.000   63.755973625  -68.510499767    92.0538   5   8   2.4927   1.8437   5.2755   0.9994   0.7484   1.9371   0.00    0.0
2014/09/19 07:23:00.000   63.755971170  -68.510497147    92.7635   5   8   2.4870   1.8413   5.2808   0.9922   0.7318   1.9226   0.00    0.0
2014/09/19 07:23:30.000   63.755973859  -68.510501199    92.5396   5   8   2.4815   1.8390   5.2860   0.9851   0.7148   1.9080   0.00    0.0
2014/09/19 07:24:00.000   63.755974810  -68.510504450    92.4735   5   8   2.4760   1.8368   5.2911   0.9779   0.6974   1.8934   0.00    0.0
2014/09/19 07:24:30.000   63.755975139  -68.510504048    92.2094   5   8   2.4707   1.8345   5.2961   0.9707   0.6795   1.8786   0.00    0.0
2014/09/19 07:25:00.000   63.755974890  -68.510511035    92.4956   5   8   2.4655   1.8323   5.3011   0.9636   0.6611   1.8637   0.00    0.0
2014/09/19 07:25:30.000   63.755970815  -68.510509640    93.0003   5   8   2.4603   1.8301   5.3059   0.9564   0.6421   1.8487   0.00    0.0
2014/09/19 07:26:00.000   63.755967845  -68.510506901    92.5437   5   8   2.4553   1.8280   5.3106   0.9493   0.6226   1.8336   0.00    0.0
2014/09/19 07:26:30.000   63.755975510  -68.510507544    92.5538   5   8   2.4504   1.8259   5.3153   0.9421   0.6025   1.8185   0.00    0.0
2014/09/19 07:27:00.000   63.755969094  -68.510508588    93.0350   5   8   2.4456   1.8239   5.3198   0.9350   0.5816   1.8032   0.00    0.0
2014/09/19 07:27:30.000   63.755973945  -68.510506693    92.6296   5   8   2.4409   1.8219   5.3242   0.9279   0.5600   1.7878   0.00    0.0
2014/09/19 07:28:00.000   63.755972842  -68.510508420    91.9624   5   8   2.4363   1.8199   5.3284   0.9207   0.5375   1.7723   0.00    0.0
2014/09/19 07:28:30.000   63.755971183  -68.510507602    92.2594   5   8   2.4318   1.8180   5.3326   0.9136   0.5140   1.7567   0.00    0.0
2014/09/19 07:29:00.000   63.755966779  -68.510507775    92.3254   5   8   2.4274   1.8161   5.3366   0.9064   0.4894   1.7410   0.00    0.0
2014/09/19 07:29:30.000   63.755974526  -68.510511450    92.0331   5   8   2.4231   1.8142   5.3404   0.8993   0.4636   1.7252   0.00    0.0
2014/09/19 07:30:00.000   63.755971644  -68.510513502    92.4192   5   8   2.4190   1.8124   5.3442   0.8922   0.4362   1.7093   0.00    0.0
2014/09/19 07:30:30.000   63.755977770  -68.510507721    92.4622   5   8   2.4149   1.8106   5.3477   0.8851   0.4071   1.6932   0.00    0.0
2014/09/19 07:31:00.000   63.755974350  -68.510511592    92.4329   5   8   2.4110   1.8088   5.3512   0.8779   0.3757   1.6771   0.00    0.0
2014/09/19 07:31:30.000   63.755974841  -68.510512619    92.3055   5   8   2.4072   1.8071   5.3544   0.8708   0.3415   1.6608   0.00    0.0
2014/09/19 07:32:00.000   63.755979414  -68.510512909    92.1482   5   8   2.4035   1.8055   5.3575   0.8637   0.3036   1.6444   0.00    0.0
2014/09/19 07:32:30.000   63.755977627  -68.510506992    92.3320   5   8   2.3999   1.8038   5.3605   0.8565   0.2602   1.6280   0.00    0.0
2014/09/19 07:33:00.000   63.755977755  -68.510511688    92.1973   5   8   2.3964   1.8022   5.3632   0.8494   0.2082   1.6114   0.00    0.0
2014/09/19 07:33:30.000   63.755976369  -68.510506586    92.4712   5   8   2.3930   1.8007   5.3658   0.8423   0.1379   1.5947   0.00    0.0
2014/09/19 07:34:00.000   63.755973068  -68.510510884    92.6054   5   8   2.3898   1.7992   5.3682   0.8351  -0.0724   1.5779   0.00    0.0
2014/09/19 07:34:30.000   63.755975193  -68.510508935    92.5885   5   8   2.3866   1.7977   5.3705   0.8280  -0.1716   1.5610   0.00    0.0
2014/09/19 07:35:00.000   63.755975694  -68.510500235    92.0690   5   8   2.3836   1.7963   5.3725   0.8208  -0.2314   1.5439   0.00    0.0
2014/09/19 07:35:30.000   63.755976774  -68.510507955    92.9000   5   8   2.3807   1.7949   5.3744   0.8137  -0.2786   1.5268   0.00    0.0
2014/09/19 07:36:00.000   63.755973405  -68.510507987    92.4949   5   8   2.3779   1.7935   5.3761   0.8065  -0.3187   1.5095   0.00    0.0
2014/09/19 07:36:30.000   63.755977110  -68.510511574    92.3752   5   8   2.3752   1.7922   5.3776   0.7993  -0.3542   1.4922   0.00    0.0
2014/09/19 07:37:00.000   63.755975311  -68.510516679    92.9048   5   8   2.3726   1.7909   5.3789   0.7921  -0.3863   1.4747   0.00    0.0
2014/09/19 07:37:30.000   63.755972112  -68.510503284    91.5349   5   8   2.3702   1.7896   5.3800   0.7849  -0.4158   1.4571   0.00    0.0
2014/09/19 07:38:00.000   63.755974416  -68.510511490    93.1325   5   8   2.3678   1.7884   5.3809   0.7777  -0.4433   1.4394   0.00    0.0
2014/09/19 07:38:30.000   63.755973791  -68.510514127    92.6218   5   8   2.3656   1.7873   5.3816   0.7704  -0.4690   1.4217   0.00    0.0
2014/09/19 07:39:00.000   63.755975912  -68.510513622    92.7252   5   8   2.3635   1.7861   5.3821   0.7632  -0.4933   1.4038   0.00    0.0
2014/09/19 07:39:30.000   63.755972185  -68.510512347    92.8511   5   8   2.3616   1.7850   5.3825   0.7559  -0.5163   1.3858   0.00    0.0
2014/09/19 07:40:00.000   63.755977435  -68.510509401    93.0024   5   8   2.3597   1.7840   5.3826   0.7486  -0.5383   1.3677   0.00    0.0
2014/09/19 07:40:30.000   63.755976210  -68.510515745    92.4748   5   8   2.3580   1.7830   5.3825   0.7413  -0.5593   1.3495   0.00    0.0
2014/09/19 07:41:00.000   63.755976749  -68.510512895    92.1463   5   8   2.3563   1.7820   5.3822   0.7339  -0.5794   1.3312   0.00    0.0
2014/09/19 07:41:30.000   63.755977044  -68.510515788    92.6148   5   8   2.3548   1.7810   5.3817   0.7265  -0.5987   1.3128   0.00    0.0
2014/09/19 07:42:00.000   63.755975075  -68.510508583    92.3553   5   8   2.3534   1.7801   5.3810   0.7191  -0.6173   1.2943   0.00    0.0
2014/09/19 07:42:30.000   63.755971055  -68.510507646    91.8670   5   8   2.3522   1.7793   5.3801   0.7116  -0.6353   1.2757   0.00    0.0
2014/09/19 07:43:00.000   63.755976912  -68.510512946    91.8437   5   8   2.3510   1.7785   5.3791   0.7041  -0.6527   1.2570   0.00    0.0
2014/09/19 07:43:30.000   63.755973199  -68.510515764    92.3200   5   8   2.3500   1.7777   5.3778   0.6965  -0.6695   1.2382   0.00    0.0
2014/09/19 07:44:00.000   63.755974235  -68.510513280    92.6805   5   8   2.3491   1.7769   5.3763   0.6889  -0.6858   1.2194   0.00    0.0
2014/09/19 07:44:30.000   63.755970951  -68.510509845    92.6318   5   8   2.3483   1.7762   5.3746   0.6813  -0.7016   1.2005   0.00    0.0
2014/09/19 07:45:00.000   63.755971729  -68.510506666    92.5375   5   7   2.9610   1.9208   6.5803  -0.9319  -1.8160   2.8725   0.00    0.0
2014/09/19 07:45:30.000   63.755973265  -68.510509120    92.6168   5   7   2.9590   1.9216   6.5883  -0.9400  -1.8292   2.8682   0.00    0.0
2014/09/19 07:46:00.000   63.755972536  -68.510500598    92.4158   5   7   2.9569   1.9225   6.5957  -0.9479  -1.8420   2.8637   0.00    0.0
2014/09/19 07:46:30.000   63.755972054  -68.510507507    92.4401   5   7   2.9550   1.9234   6.6025  -0.9556  -1.8546   2.8589   0.00    0.0
2014/09/19 07:47:00.000   63.755971718  -68.510506313    92.1598   5   7   2.9530   1.9243   6.6087  -0.9632  -1.8668   2.8538   0.00    0.0
2014/09/19 07:47:30.000   63.755971282  -68.510512889    92.8730   5   7   2.9511   1.9252   6.6144  -0.9705  -1.8787   2.8485   0.00    0.0
2014/09/19 07:48:00.000   63.755974617  -68.510505682    92.3504   5   7   2.9491   1.9261   6.6194  -0.9777  -1.8903   2.8430   0.00    0.0
2014/09/19 07:48:30.000   63.755971430  -68.510499379    91.9670   5   7   2.9473   1.9271   6.6239  -0.9847  -1.9016   2.8372   0.00    0.0
2014/09/19 07:49:00.000   63.755973700  -68.510513196    93.3192   5   7   2.9454   1.9281   6.6277  -0.9915  -1.9126   2.8311   0.00    0.0
2014/09/19 07:49:30.000   63.755968988  -68.510507221    92.9206   5   7   2.9436   1.9291   6.6309  -0.9982  -1.9232   2.8248   0.00    0.0
2014/09/19 07:50:00.000   63.755975928  -68.510507346    92.0123   5   7   2.9418   1.9300   6.6335  -1.0047  -1.9336   2.8182   0.00    0.0
2014/09/19 07:50:30.000   63.755974417  -68.510508720    92.1003   5   7   2.9401   1.9311   6.6354  -1.0110  -1.9436   2.8114   0.00    0.0
2014/09/19 07:51:00.000   63.755965562  -68.510505484    93.2265   5   6   3.5592   1.9442   6.9572  -1.2126  -1.8337   1.9164   0.00    0.0
2014/09/19 07:51:30.000   63.755963512  -68.510505782    93.1656   5   6   3.5582   1.9458   6.9611  -1.2219  -1.8401   1.8996   0.00    0.0
2014/09/19 07:52:00.000   63.755967526  -68.510509377    93.4844   5   6   3.5573   1.9474   6.9643  -1.2310  -1.8461   1.8824   0.00    0.0
2014/09/19 07:52:30.000   63.755957075  -68.510502727    92.8962   5   6   3.5566   1.9490   6.9668  -1.2401  -1.8518   1.8647   0.00    0.0
2014/09/19 07:53:00.000   63.755958577  -68.510503046    93.1929   5   6   3.5560   1.9507   6.9687  -1.2490  -1.8571   1.8466   0.00    0.0
2014/09/19 07:53:30.000   63.755962011  -68.510512086    93.4135   5   6   3.5555   1.9524   6.9698  -1.2577  -1.8621   1.8280   0.00    0.0
2014/09/19 07:54:00.000   63.755962720  -68.510506432    93.2502   5   6   3.5552   1.9540   6.9702  -1.2664  -1.8667   1.8089   0.00    0.0
2014/09/19 07:54:30.000   63.755962392  -68.510503659    93.4690   5   6   3.5550   1.9557   6.9700  -1.2749  -1.8710   1.7894   0.00    0.0
2014/09/19 07:55:00.000   63.755959992  -68.510512226    93.4235   5   6   3.5549   1.9574   6.9690  -1.2833  -1.8748   1.7694   0.00    0.0
2014/09/19 07:55:30.000   63.755959334  -68.510506560    92.8315   5   6   3.5550   1.9592   6.9674  -1.2917  -1.8784   1.7490   0.00    0.0
2014/09/19 07:56:00.000   63.755967457  -68.510504223    93.4213   5   7   2.8938   1.9494   6.2792  -1.1190  -1.7034  -1.7996   0.00    0.0
2014/09/19 07:56:30.000   63.755969348  -68.510505096    92.6727   5   7   2.8940   1.9511   6.2944  -1.1277  -1.7082  -1.7982   0.00    0.0
2014/09/19 07:57:00.000   63.755966209  -68.510505710    93.4631   5   7   2.8942   1.9528   6.3090  -1.1363  -1.7128  -1.7964   0.00    0.0
2014/09/19 07:57:30.000   63.755966728  -68.510507258    94.0692   5   7   2.8946   1.9545   6.3230  -1.1450  -1.7171  -1.7943   0.00    0.0
2014/09/19 07:58:00.000   63.755962740  -68.510508657    93.5977   5   7   2.8950   1.9562   6.3365  -1.1536  -1.7212  -1.7919   0.00    0.0
2014/09/19 07:58:30.000   63.755969279  -68.510514251    94.5142   5   7   2.8956   1.9580   6.3495  -1.1623  -1.7251  -1.7892   0.00    0.0
2014/09/19 07:59:00.000   63.755968078  -68.510518112    93.3490   5   7   2.8963   1.9597   6.3618  -1.1709  -1.7288  -1.7861   0.00    0.0
2014/09/19 07:59:30.000   63.755966661  -68.510509548    93.5513   5   7   2.8971   1.9615   6.3735  -1.1796  -1.7322  -1.7827   0.00    0.0
2014/09/19 08:00:00.000   63.755965654  -68.510507469    93.9690   5   7   3.1006   2.0922   6.3863  -1.4862  -1.7658  -1.7326   0.00    0.0
2014/09/19 08:00:30.000   63.755966735  -68.510510943    93.9064   5   7   3.1022   2.0961   6.3976  -1.4958  -1.7755  -1.7181   0.00    0.0
2014/09/19 08:01:00.000   63.755963947  -68.510508702    92.8564   5   7   3.1039   2.1000   6.4084  -1.5055  -1.7850  -1.7031   0.00    0.0
2014/09/19 08:01:30.000   63.755969647  -68.510510814    94.0033   5   7   3.1057   2.1039   6.4187  -1.5152  -1.7944  -1.6875   0.00    0.0
2014/09/19 08:02:00.000   63.755970318  -68.510504319    93.6122   5   7   3.1076   2.1080   6.4285  -1.5249  -1.8036  -1.6714   0.00    0.0
2014/09/19 08:02:30.000   63.755966119  -68.510504105    92.6962   5   7   3.1096   2.1120   6.4377  -1.5347  -1.8127  -1.6547   0.00    0.0
2014/09/19 08:03:00.000   63.755969942  -68.510503193    93.1703   5   7   3.1118   2.1161   6.4464  -1.5445  -1.8215  -1.6374   0.00    0.0
2014/09/19 08:03:30.000   63.755975469  -68.510508482    93.7316   5   7   3.1142   2.1202   6.4546  -1.5543  -1.8302  -1.6196   0.00    0.0
2014/09/19 08:04:00.000   63.755975696  -68.510513796    94.2350   5   7   3.1167   2.1244   6.4622  -1.5641  -1.8387  -1.6012   0.00    0.0
2014/09/19 08:04:30.000   63.755964979  -68.510517515    92.6180   5   7   3.1193   2.1286   6.4693  -1.5740  -1.8470  -1.5822   0.00    0.0
2014/09/19 08:05:00.000   63.755969522  -68.510509694    94.0051   5   7   3.1220   2.1328   6.4758  -1.5839  -1.8551  -1.5626   0.00    0.0
2014/09/19 08:05:30.000   63.755964899  -68.510509576    93.6968   5   7   3.1249   2.1371   6.4817  -1.5938  -1.8630  -1.5424   0.00    0.0
2014/09/19 08:06:00.000   63.755969098  -68.510515732    94.4849   5   7   3.1279   2.1414   6.4870  -1.6038  -1.8707  -1.5217   0.00    0.0
2014/09/19 08:06:30.000   63.755967833  -68.510503580    93.3997   5   7   3.1311   2.1457   6.4918  -1.6138  -1.8781  -1.5003   0.00    0.0
2014/09/19 08:07:00.000   63.755970376  -68.510505962    93.5194   5   7   3.1344   2.1500   6.4959  -1.6238  -1.8854  -1.4782   0.00    0.0
2014/09/19 08:07:30.000   63.755968680  -68.510506555    92.8385   5   7   3.1379   2.1544   6.4995  -1.6339  -1.8924  -1.4556   0.00    0.0
2014/09/19 08:08:00.000   63.755958637  -68.510506223    92.8729   5   7   3.1415   2.1588   6.5025  -1.6439  -1.8992  -1.4322   0.00    0.0
2014/09/19 08:08:30.000   63.755964355  -68.510516406    93.6755   5   7   3.1452   2.1633   6.5048  -1.6540  -1.9057  -1.4083   0.00    0.0
2014/09/19 08:09:00.000   63.755968514  -68.510511495    92.9574   5   7   3.1491   2.1677   6.5066  -1.6641  -1.9120  -1.3836   0.00    0.0
2014/09/19 08:09:30.000   63.755969264  -68.510500177    91.9745   5   7   3.1531   2.1722   6.5078  -1.6743  -1.9181  -1.3583   0.00    0.0
2014/09/19 08:10:00.000   63.755965172  -68.510504410    92.4115   5   7   3.1573   2.1767   6.5084  -1.6844  -1.9239  -1.3322   0.00    0.0
2014/09/19 08:10:30.000   63.755966695  -68.510511071    93.8210   5   7   3.1616   2.1813   6.5084  -1.6946  -1.9295  -1.3055   0.00    0.0
2014/09/19 08:11:00.000   63.755968036  -68.510505447    93.7309   5   7   3.1661   2.1858   6.5077  -1.7048  -1.9349  -1.2779   0.00    0.0
2014/09/19 08:11:30.000   63.755970030  -68.510497750    92.7486   5   7   3.1707   2.1904   6.5065  -1.7150  -1.9399  -1.2496   0.00    0.0
2014/09/19 08:12:00.000   63.755959047  -68.510510306    93.7407   5   7   3.1755   2.1950   6.5047  -1.7252  -1.9447  -1.2205   0.00    0.0
2014/09/19 08:12:30.000   63.755966026  -68.510499261    92.3611   5   7   3.1804   2.1996   6.5024  -1.7354  -1.9493  -1.1906   0.00    0.0
2014/09/19 08:13:00.000   63.755968859  -68.510510562    94.0375   5   7   3.1854   2.2042   6.4994  -1.7456  -1.9536  -1.1597   0.00    0.0
2014/09/19 08:13:30.000   63.755968018  -68.510503252    93.1828   5   7   3.1906   2.2088   6.4959  -1.7559  -1.9577  -1.1279   0.00    0.0
2014/09/19 08:14:00.000   63.755972503  -68.510512199    93.8177   5   8   2.5911   2.0129   6.2615  -1.1818  -2.3291   1.4166   0.00    0.0
2014/09/19 08:14:30.000   63.755971476  -68.510506096    92.9008   5   8   2.5914   2.0127   6.2676  -1.1844  -2.3283   1.4209   0.00    0.0
2014/09/19 08:15:00.000   63.755971262  -68.510508253    92.3610   5   7   3.0664   2.0150   6.9654  -1.2563  -2.3932   2.6442   0.00    0.0
2014/09/19 08:15:30.000   63.755971933  -68.510510911    92.6177   5   7   3.0700   2.0151   6.9945  -1.2645  -2.3984   2.6672   0.00    0.0
2014/09/19 08:16:00.000   63.755975222  -68.510513739    92.8989   5   7   3.0737   2.0151   7.0230  -1.2725  -2.4032   2.6897   0.00    0.0
2014/09/19 08:16:30.000   63.755974350  -68.510512155    92.7343   5   7   3.0774   2.0151   7.0509  -1.2803  -2.4075   2.7118   0.00    0.0
2014/09/19 08:17:00.000   63.755969178  -68.510510527    93.0064   5   7   3.0812   2.0151   7.0781  -1.2878  -2.4114   2.7333   0.00    0.0
2014/09/19 08:17:30.000   63.755970719  -68.510514046    93.8876   5   7   3.0850   2.0150   7.1047  -1.2951  -2.4149   2.7543   0.00    0.0
2014/09/19 08:18:00.000   63.755974454  -68.510512719    93.0299   5   7   3.0889   2.0148   7.1305  -1.3022  -2.4179   2.7748   0.00    0.0
2014/09/19 08:18:30.000   63.755974156  -68.510517427    93.6843   5   7   3.0928   2.0146   7.1555  -1.3089  -2.4204   2.7947   0.00    0.0
2014/09/19 08:19:00.000   63.755976509  -68.510503970    92.0925   5   7   3.0967   2.0143   7.1798  -1.3154  -2.4225   2.8141   0.00    0.0
2014/09/19 08:19:30.000   63.755971049  -68.510516366    94.0126   5   7   3.1006   2.0140   7.2032  -1.3217  -2.4241   2.8328   0.00    0.0
2014/09/19 08:20:00.000   63.755975796  -68.510506547    92.8836   5   7   3.1044   2.0136   7.2258  -1.3277  -2.4251   2.8510   0.00    0.0
2014/09/19 08:20:30.000   63.755975630  -68.510516926    93.6276   5   7   3.1083   2.0132   7.2475  -1.3334  -2.4257   2.8685   0.00    0.0
2014/09/19 08:21:00.000   63.755971476  -68.510518379    94.5869   5   7   3.1122   2.0127   7.2682  -1.3388  -2.4257   2.8854   0.00    0.0
2014/09/19 08:21:30.000   63.755975816  -68.510507798    92.2142   5   8   3.0122   1.9769   7.2435  -1.2277  -2.4866   3.0101   0.00    0.0
2014/09/19 08:22:00.000   63.755976127  -68.510523332    93.2664   5   8   3.0150   1.9754   7.2647  -1.2311  -2.4847   3.0229   0.00    0.0
2014/09/19 08:22:30.000   63.755973059  -68.510520226    93.8163   5   8   3.0178   1.9739   7.2848  -1.2341  -2.4821   3.0350   0.00    0.0
2014/09/19 08:23:00.000   63.755974650  -68.510512136    93.1041   5   8   3.0205   1.9724   7.3038  -1.2368  -2.4790   3.0465   0.00    0.0
2014/09/19 08:23:30.000   63.755977009  -68.510510162    92.1067   5   8   3.0230   1.9708   7.3217  -1.2392  -2.4753   3.0572   0.00    0.0
2014/09/19 08:24:00.000   63.755976991  -68.510516819    93.1114   5   8   3.0255   1.9691   7.3385  -1.2413  -2.4710   3.0671   0.00    0.0
2014/09/19 08:24:30.000   63.755978130  -68.510514548    93.2591   5   8   3.0280   1.9673   7.3542  -1.2430  -2.4661   3.0764   0.00    0.0
2014/09/19 08:25:00.000   63.755976870  -68.510505746    91.2358   5   7   3.0669   2.7538  10.0138  -0.7983  -4.3742   2.5125   0.00    0.0
2014/09/19 08:25:30.000   63.755975334  -68.510509539    91.9864   5   7   3.0664   2.7585  10.0996  -0.8183  -4.4020   2.5352   0.00    0.0
2014/09/19 08:26:00.000   63.755979288  -68.510506265    93.2483   5   7   3.0660   2.7628  10.1838  -0.8372  -4.4288   2.5572   0.00    0.0
2014/09/19 08:26:30.000   63.755979416  -68.510504323    92.3203   5   7   3.0657   2.7667  10.2664  -0.8551  -4.4545   2.5785   0.00    0.0
2014/09/19 08:27:00.000   63.755980305  -68.510495141    91.5721   5   7   3.0653   2.7701  10.3471  -0.8720  -4.4789   2.5989   0.00    0.0
2014/09/19 08:27:30.000   63.755978268  -68.510502751    91.5642   5   7   3.0650   2.7730  10.4258  -0.8878  -4.5019   2.6184   0.00    0.0
2014/09/19 08:28:00.000   63.755979002  -68.510509993    91.5416   5   7   3.0648   2.7755  10.5022  -0.9027  -4.5236   2.6369   0.00    0.0
2014/09/19 08:28:30.000   63.755973031  -68.510500754    90.7841   5   7   3.0645   2.7774  10.5761  -0.9166  -4.5437   2.6545   0.00    0.0
2014/09/19 08:29:00.000   63.755975926  -68.510502728    90.7522   5   7   3.0642   2.7787  10.6473  -0.9295  -4.5622   2.6710   0.00    0.0
2014/09/19 08:29:30.000   63.755972344  -68.510506038    90.0518   5   7   3.0640   2.7795  10.7156  -0.9415  -4.5791   2.6863   0.00    0.0
2014/09/19 08:30:00.000   63.755973734  -68.510502029    90.5221   5   7   3.0637   2.7796  10.7809  -0.9525  -4.5942   2.7005   0.00    0.0
2014/09/19 08:30:30.000   63.755973100  -68.510508714    92.2056   5   7   3.0635   2.7791  10.8428  -0.9625  -4.6074   2.7134   0.00    0.0
2014/09/19 08:31:00.000   63.755973067  -68.510507733    91.5368   5   7   3.0632   2.7780  10.9013  -0.9716  -4.6187   2.7251   0.00    0.0
2014/09/19 08:31:30.000   63.755969696  -68.510510056    90.9721   5   7   3.0629   2.7762  10.9562  -0.9798  -4.6280   2.7354   0.00    0.0
2014/09/19 08:32:00.000   63.755978321  -68.510512341    91.7315   5   7   3.0626   2.7736  11.0071  -0.9870  -4.6353   2.7444   0.00    0.0
2014/09/19 08:32:30.000   63.755978690  -68.510504738    91.6993   5   7   3.0623   2.7704  11.0541  -0.9933  -4.6404   2.7519   0.00    0.0
2014/09/19 08:33:00.000   63.755972491  -68.510505201    91.4369   5   7   3.0619   2.7665  11.0970  -0.9987  -4.6433   2.7580   0.00    0.0
2014/09/19 08:33:30.000   63.755977229  -68.510507217    91.5435   5   7   3.0616   2.7619  11.1355  -1.0031  -4.6440   2.7626   0.00    0.0
2014/09/19 08:34:00.000   63.755975377  -68.510506671    92.3839   5   7   3.0611   2.7565  11.1697  -1.0067  -4.6425   2.7658   0.00    0.0
2014/09/19 08:34:30.000   63.755974469  -68.510499891    91.1037   5   7   3.0607   2.7505  11.1993  -1.0093  -4.6387   2.7674   0.00    0.0
2014/09/19 08:35:00.000   63.755976601  -68.510498257    91.6226   5   7   3.0602   2.7437  11.2244  -1.0111  -4.6325   2.7674   0.00    0.0
2014/09/19 08:35:30.000   63.755973642  -68.510502387    90.4279   5   7   3.0597   2.7362  11.2447  -1.0120  -4.6240   2.7660   0.00    0.0
2014/09/19 08:36:00.000   63.755973422  -68.510505845    91.0495   5   7   3.0591   2.7280  11.2604  -1.0121  -4.6132   2.7629   0.00    0.0
2014/09/19 08:36:30.000   63.755974952  -68.510506214    90.7394   5   7   3.0586   2.7192  11.2713  -1.0113  -4.6000   2.7584   0.00    0.0
2014/09/19 08:37:00.000   63.755973663  -68.510504392    91.1550   5   7   3.0580   2.7097  11.2775  -1.0097  -4.5845   2.7522   0.00    0.0
2014/09/19 08:37:30.000   63.755973284  -68.510501761    89.8656   5   7   3.0573   2.6995  11.2789  -1.0074  -4.5667   2.7446   0.00    0.0
2014/09/19 08:38:00.000   63.755974980  -68.510498655    90.0217   5   7   3.0567   2.6888  11.2757  -1.0043  -4.5467   2.7354   0.00    0.0
2014/09/19 08:38:30.000   63.755974172  -68.510503975    91.2826   5   7   3.0560   2.6774  11.2677  -1.0005  -4.5244   2.7248   0.00    0.0
2014/09/19 08:39:00.000   63.755973916  -68.510503426    89.5545   5   7   3.0553   2.6655  11.2552  -0.9960  -4.5000   2.7127   0.00    0.0
2014/09/19 08:39:30.000   63.755973520  -68.510503078    90.8207   5   7   3.0546   2.6531  11.2382  -0.9909  -4.4734   2.6992   0.00    0.0
2014/09/19 08:40:00.000   63.755980472  -68.510502691    90.8420   5   7   3.0538   2.6402  11.2168  -0.9851  -4.4448   2.6844   0.00    0.0
2014/09/19 08:40:30.000   63.755973094  -68.510497497    89.9312   5   7   3.0531   2.6269  11.1911  -0.9788  -4.4141   2.6682   0.00    0.0
2014/09/19 08:41:00.000   63.755973609  -68.510499697    90.7707   5   7   3.0524   2.6131  11.1613  -0.9719  -4.3816   2.6507   0.00    0.0
2014/09/19 08:41:30.000   63.755970142  -68.510502843    88.2776   5   7   3.0517   2.5990  11.1274  -0.9645  -4.3472   2.6320   0.00    0.0
2014/09/19 08:42:00.000   63.755976361  -68.510504968    90.4042   5   7   3.0510   2.5846  11.0898  -0.9567  -4.3110   2.6122   0.00    0.0
2014/09/19 08:42:30.000   63.755971272  -68.510503381    90.4203   5   7   3.0503   2.5699  11.0485  -0.9484  -4.2732   2.5912   0.00    0.0
2014/09/19 08:43:00.000   63.755974507  -68.510500016    88.9220   5   7   3.0496   2.5550  11.0037  -0.9398  -4.2338   2.5692   0.00    0.0
2014/09/19 08:43:30.000   63.755971436  -68.510498891    91.0992   5   7   3.0490   2.5398  10.9555  -0.9308  -4.1929   2.5462   0.00    0.0
2014/09/19 08:44:00.000   63.755975229  -68.510503261    91.1370   5   7   3.0484   2.5245  10.9043  -0.9215  -4.1506   2.5223   0.00    0.0
2014/09/19 08:44:30.000   63.755973774  -68.510501543    90.5656   5   7   3.0478   2.5091  10.8502  -0.9119  -4.1069   2.4975   0.00    0.0
2014/09/19 08:45:00.000   63.755976956  -68.510501824    91.8533   5   7   3.0473   2.4936  10.7934  -0.9021  -4.0621   2.4719   0.00    0.0
2014/09/19 08:45:30.000   63.755974376  -68.510502115    91.2249   5   7   3.0469   2.4781  10.7340  -0.8921  -4.0161   2.4456   0.00    0.0
2014/09/19 08:46:00.000   63.755972513  -68.510502305    89.4583   5   7   3.0464   2.4626  10.6724  -0.8820  -3.9691   2.4186   0.00    0.0
2014/09/19 08:46:30.000   63.755975672  -68.510502544    91.7854   5   7   3.0461   2.4471  10.6086  -0.8718  -3.9211   2.3910   0.00    0.0
2014/09/19 08:47:00.000   63.755976380  -68.510497869    90.0031   5   7   3.0458   2.4317  10.5429  -0.8615  -3.8723   2.3629   0.00    0.0
2014/09/19 08:47:30.000   63.755974830  -68.510500621    91.9472   5   7   3.0456   2.4165  10.4754  -0.8511  -3.8227   2.3343   0.00    0.0
2014/09/19 08:48:00.000   63.755979379  -68.510503836    93.1828   5   7   3.0454   2.4013  10.4064  -0.8408  -3.7724   2.3053   0.00    0.0
2014/09/19 08:48:30.000   63.755976015  -68.510504119    91.9432   5   7   3.0454   2.3863  10.3360  -0.8305  -3.7214   2.2759   0.00    0.0
2014/09/19 08:49:00.000   63.755973908  -68.510500589    91.1669   5   7   3.0454   2.3715  10.2645  -0.8202  -3.6699   2.2462   0.00    0.0
2014/09/19 08:49:30.000   63.755973412  -68.510503295    91.8710   5   7   3.0454   2.3570  10.1919  -0.8101  -3.6179   2.2163   0.00    0.0
2014/09/19 08:50:00.000   63.755976301  -68.510503489    91.1716   5   7   3.0456   2.3426  10.1185  -0.8000  -3.5655   2.1861   0.00    0.0
2014/09/19 08:50:30.000   63.755972134  -68.510501489    90.1935   5   6   3.9652   2.3319  18.4633  -0.9691  -3.7762   6.6316   0.00    0.0
2014/09/19 08:51:00.000   63.755974409  -68.510503180    90.9085   5   6   3.9965   2.3171  18.7012  -0.9355  -3.6873   6.7418   0.00    0.0
2014/09/19 08:51:30.000   63.755971457  -68.510500793    88.7402   5   6   4.0287   2.3027  18.9418  -0.8965  -3.5897   6.8533   0.00    0.0
2014/09/19 08:52:00.000   63.755973763  -68.510505247    90.8726   5   6   4.0617   2.2888  19.1852  -0.8511  -3.4823   6.9661   0.00    0.0
2014/09/19 08:52:30.000   63.755971000  -68.510503385    89.7940   5   6   4.0955   2.2755  19.4312  -0.7979  -3.3640   7.0803   0.00    0.0
2014/09/19 08:53:00.000   63.755974805  -68.510502564    91.4030   5   6   4.1300   2.2629  19.6796  -0.7350  -3.2331   7.1957   0.00    0.0
2014/09/19 08:53:30.000   63.755973291  -68.510503291    93.2542   5   7   4.1151   2.2369  13.9826  -0.5216  -2.4397   6.6566   0.00    0.0
2014/09/19 08:54:00.000   63.755977984  -68.510506908    95.5397   5   7   4.1433   2.2301  14.0880  -0.4145  -2.3433   6.7183   0.00    0.0
2014/09/19 08:54:30.000   63.755973920  -68.510505310    93.9975   5   7   4.1715   2.2237  14.1924  -0.2583  -2.2388   6.7797   0.00    0.0
2014/09/19 08:55:00.000   63.755977308  -68.510497472    91.6390   5   7   4.1999   2.2179  14.2955   0.2079  -2.1250   6.8408   0.00    0.0
2014/09/19 08:55:30.000   63.755971671  -68.510497259    91.6941   5   7   4.2282   2.2126  14.3973   0.3977  -2.0003   6.9013   0.00    0.0
2014/09/19 08:56:00.000   63.755974293  -68.510506745    97.3774   5   7   4.2566   2.2080  14.4976   0.5272  -1.8626   6.9614   0.00    0.0
2014/09/19 08:56:30.000   63.755970834  -68.510509122    91.9840   5   7   4.2849   2.2039  14.5962   0.6346  -1.7087   7.0208   0.00    0.0
2014/09/19 08:57:00.000   63.755976654  -68.510503792    95.0363   5   7   4.3132   2.2005  14.6930   0.7297  -1.5339   7.0795   0.00    0.0
2014/09/19 08:57:30.000   63.755975227  -68.510503044    94.2058   5   7   4.3414   2.1979  14.7879   0.8168  -1.3300   7.1375   0.00    0.0
2014/09/19 08:58:00.000   63.755973454  -68.510503364    95.4221   5   7   4.3695   2.1959  14.8806   0.8981  -1.0809   7.1947   0.00    0.0
2014/09/19 08:58:30.000   63.755972144  -68.510508111    92.7427   5   7   4.3974   2.1948  14.9712   0.9752  -0.7426   7.2510   0.00    0.0
2014/09/19 08:59:00.000   63.755972807  -68.510503934    94.2968   5   7   4.4251   2.1945  15.0594   1.0489   0.2847   7.3063   0.00    0.0
2014/09/19 08:59:30.000   63.755976198  -68.510498707    94.2585   5   7   4.4526   2.1950  15.1450   1.1198   0.8538   7.3606   0.00    0.0
2014/09/19 09:00:00.000   63.755973718  -68.510500782    94.0975   5   6   4.4869   2.4058  13.7738   1.6882   2.3636   7.0123   0.00    0.0
2014/09/19 09:00:30.000   63.755975863  -68.510503695    93.9552   5   6   4.5259   2.4131  13.8883   1.7407   2.4966   7.0872   0.00    0.0
2014/09/19 09:01:00.000   63.755972901  -68.510502555    94.0144   5   6   4.5653   2.4212  14.0025   1.7934   2.6263   7.1622   0.00    0.0
2014/09/19 09:01:30.000   63.755970070  -68.510508482    93.4042   5   6   4.6049   2.4303  14.1163   1.8463   2.7533   7.2373   0.00    0.0
2014/09/19 09:02:00.000   63.755977376  -68.510502264    95.5057   5   6   4.6449   2.4404  14.2296   1.8995   2.8778   7.3123   0.00    0.0
2014/09/19 09:02:30.000   63.755974219  -68.510503757    92.7831   5   6   4.6851   2.4514  14.3421   1.9529   3.0001   7.3873   0.00    0.0
2014/09/19 09:03:00.000   63.755975458  -68.510499459    94.2798   5   6   4.7256   2.4633  14.4539   2.0065   3.1204   7.4620   0.00    0.0
2014/09/19 09:03:30.000   63.755973470  -68.510505924    91.4539   5   6   4.7661   2.4762  14.5646   2.0603   3.2389   7.5365   0.00    0.0
2014/09/19 09:04:00.000   63.755971591  -68.510502970    92.0075   5   6   4.8068   2.4902  14.6740   2.1143   3.3557   7.6105   0.00    0.0
2014/09/19 09:04:30.000   63.755973268  -68.510502954    93.7854   5   6   4.8476   2.5050  14.7821   2.1683   3.4709   7.6841   0.00    0.0
2014/09/19 09:05:00.000   63.755974618  -68.510505352    95.0502   5   6   4.8883   2.5209  14.8886   2.2224   3.5846   7.7570   0.00    0.0
2014/09/19 09:05:30.000   63.755971838  -68.510504197    93.0180   5   6   4.9290   2.5378  14.9932   2.2766   3.6967   7.8292   0.00    0.0
2014/09/19 09:06:00.000   63.755971547  -68.510505164    92.4751   5   6   4.9696   2.5556  15.0958   2.3307   3.8073   7.9005   0.00    0.0
2014/09/19 09:06:30.000   63.755971366  -68.510507840    91.8407   5   6   5.0100   2.5744  15.1962   2.3848   3.9164   7.9709   0.00    0.0
2014/09/19 09:07:00.000   63.755970928  -68.510508253    92.7167   5   6   5.0501   2.5940  15.2940   2.4387   4.0240   8.0401   0.00    0.0
2014/09/19 09:07:30.000   63.755969980  -68.510502689    92.5814   5   6   5.0898   2.6146  15.3891   2.4925   4.1299   8.1081   0.00    0.0
2014/09/19 09:08:00.000   63.755972697  -68.510500824    92.9393   5   6   5.1292   2.6361  15.4812   2.5460   4.2343   8.1746   0.00    0.0
2014/09/19 09:08:30.000   63.755970225  -68.510504378    93.4867   5   6   5.1681   2.6584  15.5700   2.5992   4.3370   8.2396   0.00    0.0
2014/09/19 09:09:00.000   63.755968622  -68.510507980    91.6567   5   6   5.2063   2.6815  15.6554   2.6521   4.4379   8.3028   0.00    0.0
2014/09/19 09:09:30.000   63.755969578  -68.510504357    92.3001   5   6   5.2440   2.7053  15.7369   2.7045   4.5370   8.3642   0.00    0.0
2014/09/19 09:10:00.000   63.755968216  -68.510505983    91.7951   5   6   5.2808   2.7299  15.8144   2.7564   4.6341   8.4235   0.00    0.0
2014/09/19 09:10:30.000   63.755970661  -68.510505112    92.6032   5   6   5.3169   2.7550  15.8876   2.8077   4.7293   8.4807   0.00    0.0
2014/09/19 09:11:00.000   63.755969085  -68.510503454    92.3237   5   6   5.3520   2.7808  15.9562   2.8583   4.8223   8.5354   0.00    0.0
2014/09/19 09:11:30.000   63.755970176  -68.510507122    90.5983   5   6   5.3860   2.8071  16.0200   2.9082   4.9130   8.5877   0.00    0.0
2014/09/19 09:12:00.000   63.755973342  -68.510506098    91.7322   5   6   5.4190   2.8338  16.0787   2.9572   5.0014   8.6373   0.00    0.0
2014/09/19 09:12:30.000   63.755968687  -68.510503971    91.3985   5   6   5.4507   2.8609  16.1320   3.0053   5.0873   8.6840   0.00    0.0
2014/09/19 09:13:00.000   63.755965771  -68.510506945    90.8653   5   6   5.4812   2.8882  16.1797   3.0524   5.1707   8.7277   0.00    0.0
2014/09/19 09:13:30.000   63.755966817  -68.510510304    90.8205   5   6   5.5103   2.9158  16.2217   3.0984   5.2513   8.7684   0.00    0.0
2014/09/19 09:14:00.000   63.755971906  -68.510510183    92.1225   5   6   5.5379   2.9436  16.2575   3.1433   5.3291   8.8057   0.00    0.0
2014/09/19 09:14:30.000   63.755968844  -68.510509888    92.0872   5   6   5.5639   2.9714  16.2872   3.1868   5.4039   8.8396   0.00    0.0
2014/09/19 09:15:00.000   63.755961367  -68.510517482    89.6541   5   6   5.5884   2.9991  16.3104   3.2290   5.4757   8.8699   0.00    0.0
2014/09/19 09:15:30.000   63.755973896  -68.510509191    92.4336   5   6   5.6111   3.0267  16.3270   3.2698   5.5443   8.8966   0.00    0.0
2014/09/19 09:16:00.000   63.755968577  -68.510521478    91.0044   5   6   5.6320   3.0542  16.3369   3.3092   5.6096   8.9195   0.00    0.0
2014/09/19 09:16:30.000   63.755967931  -68.510510438    90.1768   5   6   5.6511   3.0813  16.3400   3.3469   5.6716   8.9386   0.00    0.0
2014/09/19 09:17:00.000   63.755970952  -68.510509341    91.3394   5   6   5.6684   3.1081  16.3361   3.3830   5.7301   8.9537   0.00    0.0
2014/09/19 09:17:30.000   63.755970541  -68.510513541    91.8679   5   6   5.6836   3.1344  16.3251   3.4174   5.7850   8.9648   0.00    0.0
2014/09/19 09:18:00.000   63.755964450  -68.510513331    90.1537   5   6   5.6969   3.1602  16.3071   3.4500   5.8364   8.9718   0.00    0.0
2014/09/19 09:18:30.000   63.755966288  -68.510510901    90.9637   5   6   5.7082   3.1854  16.2820   3.4808   5.8840   8.9747   0.00    0.0
2014/09/19 09:19:00.000   63.755959797  -68.510520993    89.3726   5   6   5.7174   3.2099  16.2497   3.5097   5.9280   8.9735   0.00    0.0
2014/09/19 09:19:30.000   63.755964890  -68.510518571    90.0695   5   6   5.7245   3.2337  16.2105   3.5368   5.9682   8.9681   0.00    0.0
2014/09/19 09:20:00.000   63.755960720  -68.510519346    89.2972   5   6   5.7296   3.2567  16.1642   3.5619   6.0045   8.9586   0.00    0.0
2014/09/19 09:20:30.000   63.755961224  -68.510520030    89.0615   5   6   5.7326   3.2788  16.1111   3.5850   6.0371   8.9451   0.00    0.0
2014/09/19 09:21:00.000   63.755967908  -68.510508170    91.2151   5   6   5.7335   3.2999  16.0511   3.6062   6.0659   8.9274   0.00    0.0
2014/09/19 09:21:30.000   63.755962372  -68.510513225    89.4997   5   6   5.7324   3.3201  15.9845   3.6253   6.0909   8.9058   0.00    0.0
2014/09/19 09:22:00.000   63.755970519  -68.510507825    90.4641   5   6   5.7292   3.3393  15.9115   3.6425   6.1121   8.8802   0.00    0.0
2014/09/19 09:22:30.000   63.755961155  -68.510522417    88.5106   5   6   5.7240   3.3575  15.8322   3.6576   6.1296   8.8508   0.00    0.0
2014/09/19 09:23:00.000   63.755964706  -68.510509905    90.7231   5   6   5.7169   3.3745  15.7468   3.6708   6.1433   8.8176   0.00    0.0
2014/09/19 09:23:30.000   63.755963530  -68.510513230    90.1803   5   6   5.7079   3.3905  15.6556   3.6820   6.1535   8.7808   0.00    0.0
2014/09/19 09:24:00.000   63.755966505  -68.510515354    90.8114   5   6   5.6970   3.4053  15.5588   3.6912   6.1601   8.7404   0.00    0.0
2014/09/19 09:24:30.000   63.755965834  -68.510515894    90.7500   5   6   5.6843   3.4190  15.4567   3.6986   6.1632   8.6967   0.00    0.0
2014/09/19 09:25:00.000   63.755965883  -68.510519972    90.0441   5   6   5.6699   3.4315  15.3495   3.7040   6.1629   8.6497   0.00    0.0
2014/09/19 09:25:30.000   63.755965200  -68.510514605    89.6686   5   6   5.6539   3.4429  15.2376   3.7076   6.1594   8.5997   0.00    0.0
2014/09/19 09:26:00.000   63.755960620  -68.510524589    88.9337   5   6   5.6362   3.4532  15.1212   3.7094   6.1526   8.5467   0.00    0.0
2014/09/19 09:26:30.000   63.755956268  -68.510525809    87.7659   5   6   5.6170   3.4623  15.0007   3.7094   6.1428   8.4909   0.00    0.0
2014/09/19 09:27:00.000   63.755959549  -68.510516925    89.3255   5   6   5.5964   3.4703  14.8763   3.7078   6.1300   8.4324   0.00    0.0
2014/09/19 09:27:30.000   63.755967299  -68.510515266    90.2265   5   6   5.5745   3.4772  14.7484   3.7045   6.1144   8.3716   0.00    0.0
2014/09/19 09:28:00.000   63.755960368  -68.510523152    88.0085   5   6   5.5513   3.4830  14.6173   3.6996   6.0960   8.3084   0.00    0.0
2014/09/19 09:28:30.000   63.755956073  -68.510522774    88.2039   5   6   5.5269   3.4877  14.4832   3.6932   6.0751   8.2431   0.00    0.0
2014/09/19 09:29:00.000   63.755965741  -68.510514330    90.5028   5   7   4.1581   2.5266   9.3444   2.2141   3.2238   5.2566   0.00    0.0
2014/09/19 09:29:30.000   63.755967102  -68.510515559    90.7486   5   7   4.1637   2.5357   9.3266   2.2288   3.2477   5.2554   0.00    0.0
2014/09/19 09:30:00.000   63.755961741  -68.510518992    90.0704   5   7   4.1689   2.5446   9.3077   2.2431   3.2706   5.2535   0.00    0.0
2014/09/19 09:30:30.000   63.755967946  -68.510513700    90.9899   5   7   4.1738   2.5534   9.2877   2.2568   3.2924   5.2508   0.00    0.0
2014/09/19 09:31:00.000   63.755963893  -68.510519240    90.4787   5   7   4.1781   2.5622   9.2665   2.2700   3.3131   5.2472   0.00    0.0
2014/09/19 09:31:30.000   63.755972146  -68.510502344    92.1442   5   7   4.1821   2.5709   9.2443   2.2827   3.3328   5.2428   0.00    0.0
2014/09/19 09:32:00.000   63.755965955  -68.510510515    90.8902   5   7   4.1856   2.5794   9.2211   2.2948   3.3514   5.2375   0.00    0.0
2014/09/19 09:32:30.000   63.755965916  -68.510506671    90.8199   5   7   4.1887   2.5878   9.1967   2.3064   3.3689   5.2314   0.00    0.0
2014/09/19 09:33:00.000   63.755964642  -68.510510047    90.4020   5   7   4.1913   2.5960   9.1712   2.3174   3.3854   5.2245   0.00    0.0
2014/09/19 09:33:30.000   63.755964825  -68.510505787    90.4417   5   7   4.1935   2.6041   9.1447   2.3279   3.4008   5.2167   0.00    0.0
2014/09/19 09:34:00.000   63.755964539  -68.510506689    90.8085   5   7   4.1952   2.6120   9.1171   2.3377   3.4152   5.2081   0.00    0.0
2014/09/19 09:34:30.000   63.755961452  -68.510519308    90.4427   5   7   4.1965   2.6197   9.0884   2.3471   3.4285   5.1986   0.00    0.0
2014/09/19 09:35:00.000   63.755964932  -68.510510318    90.7231   5   7   4.1973   2.6272   9.0587   2.3558   3.4407   5.1883   0.00    0.0
2014/09/19 09:35:30.000   63.755963532  -68.510518458    90.1956   5   7   4.1976   2.6345   9.0280   2.3640   3.4519   5.1772   0.00    0.0
2014/09/19 09:36:00.000   63.755963239  -68.510519664    90.0083   5   7   4.1975   2.6416   8.9963   2.3716   3.4621   5.1652   0.00    0.0
2014/09/19 09:36:30.000   63.755966510  -68.510520188    91.0189   5   7   4.1970   2.6485   8.9635   2.3785   3.4712   5.1524   0.00    0.0
2014/09/19 09:37:00.000   63.755966377  -68.510518950    90.8376   5   7   4.1960   2.6551   8.9298   2.3849   3.4794   5.1388   0.00    0.0
2014/09/19 09:37:30.000   63.755966053  -68.510516906    90.7910   5   7   4.1945   2.6615   8.8951   2.3908   3.4865   5.1244   0.00    0.0
2014/09/19 09:38:00.000   63.755968675  -68.510523108    91.5547   5   7   4.1926   2.6677   8.8596   2.3960   3.4926   5.1092   0.00    0.0
2014/09/19 09:38:30.000   63.755969353  -68.510514107    91.7359   5   7   4.1903   2.6736   8.8231   2.4006   3.4977   5.0932   0.00    0.0
2014/09/19 09:39:00.000   63.755962504  -68.510512811    89.5963   5   7   4.1875   2.6792   8.7857   2.4047   3.5018   5.0764   0.00    0.0
2014/09/19 09:39:30.000   63.755970961  -68.510517984    91.3867   5   7   4.1842   2.6846   8.7474   2.4081   3.5050   5.0588   0.00    0.0
2014/09/19 09:40:00.000   63.755963799  -68.510527162    90.2754   5   7   4.1806   2.6897   8.7084   2.4110   3.5072   5.0405   0.00    0.0
2014/09/19 09:40:30.000   63.755962686  -68.510521661    89.7919   5   7   4.1765   2.6945   8.6685   2.4133   3.5084   5.0215   0.00    0.0
2014/09/19 09:41:00.000   63.755965085  -68.510514616    90.4768   5   7   4.1720   2.6991   8.6279   2.4150   3.5088   5.0017   0.00    0.0
2014/09/19 09:41:30.000   63.755966496  -68.510519913    91.1728   5   7   4.1671   2.7034   8.5865   2.4162   3.5082   4.9813   0.00    0.0
2014/09/19 09:42:00.000   63.755959565  -68.510526286    89.7479   5   7   4.1619   2.7074   8.5444   2.4168   3.5067   4.9601   0.00    0.0
2014/09/19 09:42:30.000   63.755964775  -68.510517500    91.2925   5   7   4.1562   2.7111   8.5017   2.4168   3.5044   4.9384   0.00    0.0
2014/09/19 09:43:00.000   63.755958167  -68.510518238    89.2914   5   8   2.5464   2.4954   5.6571   1.5287   2.3537   1.8867   0.00    0.0
2014/09/19 09:43:30.000   63.755959182  -68.510526078    90.4080   5   8   2.5489   2.5002   5.6593   1.5338   2.3657   1.8967   0.00    0.0
2014/09/19 09:44:00.000   63.755959169  -68.510521498    89.1910   5   8   2.5515   2.5049   5.6614   1.5390   2.3774   1.9066   0.00    0.0
2014/09/19 09:44:30.000   63.755958917  -68.510517709    89.6903   5   8   2.5541   2.5096   5.6634   1.5441   2.3888   1.9166   0.00    0.0
2014/09/19 09:45:00.000   63.755956607  -68.510519162    89.0151   5   8   2.5568   2.5143   5.6652   1.5491   2.3999   1.9266   0.00    0.0
2014/09/19 09:45:30.000   63.755958092  -68.510527508    89.1884   5   8   2.5595   2.5188   5.6669   1.5541   2.4107   1.9365   0.00    0.0
2014/09/19 09:46:00.000   63.755959765  -68.510513920    89.7969   5   8   2.5623   2.5233   5.6684   1.5591   2.4211   1.9465   0.00    0.0
2014/09/19 09:46:30.000   63.755958924  -68.510532787    90.5663   5   8   2.5651   2.5278   5.6698   1.5640   2.4313   1.9564   0.00    0.0
2014/09/19 09:47:00.000   63.755956334  -68.510522247    90.0042   5   8   2.5679   2.5322   5.6709   1.5688   2.4410   1.9662   0.00    0.0
2014/09/19 09:47:30.000   63.755957903  -68.510514025    89.7569   5   8   2.5708   2.5365   5.6719   1.5735   2.4504   1.9760   0.00    0.0
2014/09/19 09:48:00.000   63.755958866  -68.510523193    89.8643   5   8   2.5738   2.5407   5.6727   1.5782   2.4595   1.9857   0.00    0.0
2014/09/19 09:48:30.000   63.755952768  -68.510520668    89.2196   5   8   2.5767   2.5448   5.6733   1.5828   2.4682   1.9953   0.00    0.0
2014/09/19 09:49:00.000   63.755962636  -68.510513911    90.8804   5   8   2.5797   2.5489   5.6736   1.5874   2.4766   2.0049   0.00    0.0
2014/09/19 09:49:30.000   63.755959934  -68.510519081    90.2050   5   8   2.5827   2.5528   5.6737   1.5918   2.4845   2.0143   0.00    0.0
2014/09/19 09:50:00.000   63.755960016  -68.510507942    90.5663   5   8   2.5858   2.5567   5.6736   1.5961   2.4921   2.0236   0.00    0.0
2014/09/19 09:50:30.000   63.755956303  -68.510514874    89.6393   5   8   2.5888   2.5604   5.6733   1.6004   2.4993   2.0329   0.00    0.0
2014/09/19 09:51:00.000   63.755961546  -68.510515509    90.8527   5   8   2.5919   2.5641   5.6727   1.6045   2.5061   2.0419   0.00    0.0
2014/09/19 09:51:30.000   63.755961527  -68.510508524    89.7208   5   8   2.5951   2.5676   5.6718   1.6086   2.5126   2.0509   0.00    0.0
2014/09/19 09:52:00.000   63.755960047  -68.510522559    90.6331   5   8   2.5982   2.5710   5.6707   1.6125   2.5186   2.0597   0.00    0.0
2014/09/19 09:52:30.000   63.755962514  -68.510516505    90.6679   5   8   2.6014   2.5743   5.6693   1.6163   2.5242   2.0684   0.00    0.0
2014/09/19 09:53:00.000   63.755960660  -68.510523786    90.4152   5   8   2.6045   2.5775   5.6676   1.6200   2.5294   2.0768   0.00    0.0
2014/09/19 09:53:30.000   63.755962134  -68.510508823    90.3151   5   8   2.6077   2.5805   5.6656   1.6236   2.5342   2.0852   0.00    0.0
2014/09/19 09:54:00.000   63.755959915  -68.510541286    90.0109   5   8   2.6109   2.5834   5.6634   1.6270   2.5385   2.0933   0.00    0.0
2014/09/19 09:54:30.000   63.755964631  -68.510523581    90.5234   5   8   2.6141   2.5862   5.6609   1.6303   2.5425   2.1013   0.00    0.0
2014/09/19 09:55:00.000   63.755960471  -68.510517165    89.8553   5   8   2.6173   2.5889   5.6580   1.6335   2.5460   2.1091   0.00    0.0
2014/09/19 09:55:30.000   63.755962032  -68.510523680    90.2475   5   8   2.6205   2.5914   5.6549   1.6365   2.5491   2.1166   0.00    0.0
2014/09/19 09:56:00.000   63.755960480  -68.510530362    90.1231   5   8   2.6237   2.5938   5.6514   1.6393   2.5517   2.1240   0.00    0.0
2014/09/19 09:56:30.000   63.755959192  -68.510531662    90.6686   5   8   2.6269   2.5960   5.6477   1.6420   2.5539   2.1312   0.00    0.0
2014/09/19 09:57:00.000   63.755958727  -68.510536347    91.0213   5   8   2.6302   2.5981   5.6436   1.6446   2.5556   2.1382   0.00    0.0
2014/09/19 09:57:30.000   63.755961177  -68.510520644    90.6350   5   8   2.6334   2.6000   5.6393   1.6470   2.5569   2.1449   0.00    0.0
2014/09/19 09:58:00.000   63.755963650  -68.510511672    91.1844   5   8   2.6366   2.6018   5.6346   1.6492   2.5578   2.1514   0.00    0.0
2014/09/19 09:58:30.000   63.755958535  -68.510514789    90.4582   5   8   2.6398   2.6035   5.6296   1.6513   2.5582   2.1577   0.00    0.0
2014/09/19 09:59:00.000   63.755964329  -68.510521967    90.7871   5   8   2.6430   2.6050   5.6243   1.6531   2.5581   2.1638   0.00    0.0
2014/09/19 09:59:30.000   63.755966691  -68.510519986    91.2558   5   9   2.6416   2.2858   4.9126   1.5949   1.7683   2.0696   0.00    0.0
2014/09/19 10:00:00.000   63.755960094  -68.510531985    91.2979   5   9   2.6450   2.2881   4.9172   1.5984   1.7754   2.0793   0.00    0.0
2014/09/19 10:00:30.000   63.755967564  -68.510515246    91.5704   5   9   2.6485   2.2903   4.9217   1.6018   1.7822   2.0889   0.00    0.0
2014/09/19 10:01:00.000   63.755961503  -68.510532104    91.1841   5   9   2.6519   2.2925   4.9261   1.6051   1.7887   2.0983   0.00    0.0
2014/09/19 10:01:30.000   63.755960386  -68.510519770    89.9336   5   9   2.6553   2.2946   4.9304   1.6083   1.7950   2.1075   0.00    0.0
2014/09/19 10:02:00.000   63.755962067  -68.510516037    90.3721   5   9   2.6587   2.2968   4.9347   1.6114   1.8010   2.1166   0.00    0.0
2014/09/19 10:02:30.000   63.755961431  -68.510506634    90.2725   5   8   2.7074   2.7564   5.4130   1.3623  -0.3258   2.3686   0.00    0.0
2014/09/19 10:03:00.000   63.755961411  -68.510517599    89.4257   5   8   2.7125   2.7537   5.4301   1.3617  -0.3437   2.3844   0.00    0.0
2014/09/19 10:03:30.000   63.755963154  -68.510521014    90.0006   5   8   2.7176   2.7509   5.4472   1.3609  -0.3619   2.4002   0.00    0.0
2014/09/19 10:04:00.000   63.755963149  -68.510519252    90.7764   5   8   2.7228   2.7481   5.4644   1.3600  -0.3802   2.4159   0.00    0.0
2014/09/19 10:04:30.000   63.755961167  -68.510524935    90.6158   5   8   2.7280   2.7453   5.4818   1.3590  -0.3988   2.4315   0.00    0.0
2014/09/19 10:05:00.000   63.755963562  -68.510512013    90.5230   5   8   2.7332   2.7424   5.4991   1.3578  -0.4176   2.4471   0.00    0.0
2014/09/19 10:05:30.000   63.755959571  -68.510519704    90.7273   5   8   2.7384   2.7396   5.5165   1.3564  -0.4366   2.4627   0.00    0.0
2014/09/19 10:06:00.000   63.755956587  -68.510520902    90.7758   5   8   2.7437   2.7367   5.5340   1.3549  -0.4558   2.4781   0.00    0.0
2014/09/19 10:06:30.000   63.755959927  -68.510521963    90.5317   5   8   2.7489   2.7339   5.5515   1.3532  -0.4753   2.4935   0.00    0.0
2014/09/19 10:07:00.000   63.755959249  -68.510521047    91.0192   5   8   2.7542   2.7310   5.5690   1.3513  -0.4949   2.5088   0.00    0.0
2014/09/19 10:07:30.000   63.755960122  -68.510506105    90.0967   5   8   2.7595   2.7281   5.5865   1.3492  -0.5147   2.5240   0.00    0.0
2014/09/19 10:08:00.000   63.755961902  -68.510508457    90.7440   5   8   2.7648   2.7252   5.6039   1.3470  -0.5347   2.5390   0.00    0.0
2014/09/19 10:08:30.000   63.755959568  -68.510530774    90.4275   5   9   2.7630   2.0564   5.3242   1.2064   1.7057   2.6229   0.00    0.0
2014/09/19 10:09:00.000   63.755962141  -68.510521123    90.5181   5   9   2.7682   2.0526   5.3416   1.2023   1.7005   2.6380   0.00    0.0
2014/09/19 10:09:30.000   63.755962920  -68.510520923    90.7970   5   9   2.7734   2.0488   5.3589   1.1981   1.6949   2.6530   0.00    0.0
2014/09/19 10:10:00.000   63.755957812  -68.510517776    90.4323   5   9   2.7786   2.0450   5.3762   1.1936   1.6891   2.6678   0.00    0.0
2014/09/19 10:10:30.000   63.755955313  -68.510521078    90.3169   5   9   2.7838   2.0412   5.3933   1.1889   1.6829   2.6825   0.00    0.0
2014/09/19 10:11:00.000   63.755958488  -68.510520243    90.7994   5   9   2.7890   2.0374   5.4104   1.1840   1.6763   2.6970   0.00    0.0
2014/09/19 10:11:30.000   63.755958710  -68.510525553    91.9840   5   9   2.7941   2.0336   5.4273   1.1789   1.6694   2.7114   0.00    0.0
2014/09/19 10:12:00.000   63.755958739  -68.510526059    91.2131   5   9   2.7993   2.0298   5.4442   1.1735   1.6621   2.7255   0.00    0.0
2014/09/19 10:12:30.000   63.755959564  -68.510527785    90.9589   5   9   2.8044   2.0261   5.4608   1.1679   1.6544   2.7395   0.00    0.0
2014/09/19 10:13:00.000   63.755959966  -68.510518207    91.2298   5   9   2.8095   2.0223   5.4773   1.1620   1.6463   2.7533   0.00    0.0
2014/09/19 10:13:30.000   63.755957197  -68.510519706    91.5138   5   9   2.8145   2.0186   5.4937   1.1559   1.6378   2.7669   0.00    0.0
2014/09/19 10:14:00.000   63.755959309  -68.510520109    90.7185   5   9   2.8196   2.0149   5.5099   1.1496   1.6289   2.7803   0.00    0.0
2014/09/19 10:14:30.000   63.755962986  -68.510514395    91.4033   5   9   2.8245   2.0112   5.5258   1.1429   1.6196   2.7935   0.00    0.0
2014/09/19 10:15:00.000   63.755960624  -68.510516875    91.4241   5   9   2.8295   2.0075   5.5416   1.1360   1.6098   2.8064   0.00    0.0
2014/09/19 10:15:30.000   63.755958325  -68.510512275    91.4191   5   9   2.8344   2.0038   5.5571   1.1289   1.5996   2.8191   0.00    0.0
2014/09/19 10:16:00.000   63.755960795  -68.510517028    91.5683   5   8   3.2565   2.2494   5.5797   1.7026   1.4936   2.7499   0.00    0.0
2014/09/19 10:16:30.000   63.755956508  -68.510526209    91.6484   5   8   3.2543   2.2410   5.5966   1.6883   1.4708   2.7531   0.00    0.0
2014/09/19 10:17:00.000   63.755958499  -68.510519999    91.1073   5   8   3.2520   2.2327   5.6134   1.6738   1.4473   2.7561   0.00    0.0
2014/09/19 10:17:30.000   63.755957090  -68.510532947    92.4662   5   8   3.2497   2.2246   5.6302   1.6590   1.4231   2.7589   0.00    0.0
2014/09/19 10:18:00.000   63.755957428  -68.510531779    91.7770   5   8   3.2473   2.2166   5.6470   1.6442   1.3981   2.7615   0.00    0.0
2014/09/19 10:18:30.000   63.755955455  -68.510529154    91.5623   5   8   3.2448   2.2087   5.6637   1.6291   1.3723   2.7639   0.00    0.0
2014/09/19 10:19:00.000   63.755961868  -68.510520927    91.5570   5   8   3.2422   2.2009   5.6803   1.6138   1.3457   2.7661   0.00    0.0
2014/09/19 10:19:30.000   63.755955723  -68.510528042    91.5536   5   8   3.2396   2.1932   5.6968   1.5984   1.3181   2.7682   0.00    0.0
2014/09/19 10:20:00.000   63.755952426  -68.510535085    90.9499   5   8   3.2369   2.1857   5.7133   1.5828   1.2896   2.7700   0.00    0.0
2014/09/19 10:20:30.000   63.755956994  -68.510535323    92.4416   5   8   3.2342   2.1784   5.7296   1.5670   1.2602   2.7716   0.00    0.0
2014/09/19 10:21:00.000   63.755962432  -68.510508537    91.6446   5   8   3.2313   2.1711   5.7459   1.5510   1.2296   2.7729   0.00    0.0
2014/09/19 10:21:30.000   63.755959651  -68.510513562    90.4673   5   8   3.2284   2.1640   5.7620   1.5348   1.1979   2.7741   0.00    0.0
2014/09/19 10:22:00.000   63.755959327  -68.510522844    90.9613   5   8   3.2255   2.1571   5.7780   1.5184   1.1649   2.7750   0.00    0.0
2014/09/19 10:22:30.000   63.755956422  -68.510531760    91.6841   5   8   3.2225   2.1503   5.7939   1.5019   1.1307   2.7757   0.00    0.0
2014/09/19 10:23:00.000   63.755957798  -68.510527260    92.0817   5   8   3.2194   2.1437   5.8096   1.4851   1.0949   2.7762   0.00    0.0
2014/09/19 10:23:30.000   63.755960654  -68.510521123    91.4446   5   8   3.2162   2.1372   5.8252   1.4682   1.0576   2.7764   0.00    0.0
2014/09/19 10:24:00.000   63.755958401  -68.510522260    90.9965   5   8   3.2131   2.1309   5.8406   1.4510   1.0186   2.7764   0.00    0.0
2014/09/19 10:24:30.000   63.755961493  -68.510531501    91.9067   5   8   3.2098   2.1247   5.8558   1.4337   0.9775   2.7762   0.00    0.0
2014/09/19 10:25:00.000   63.755962754  -68.510529138    91.9443   5   8   3.2065   2.1187   5.8708   1.4161   0.9344   2.7757   0.00    0.0
2014/09/19 10:25:30.000   63.755959155  -68.510525284    92.2203   5   8   3.2031   2.1129   5.8857   1.3984   0.8887   2.7750   0.00    0.0
2014/09/19 10:26:00.000   63.755960305  -68.510522090    92.1480   5   8   3.1997   2.1072   5.9003   1.3805   0.8401   2.7740   0.00    0.0
2014/09/19 10:26:30.000   63.755956970  -68.510527523    91.4420   5   8   3.1963   2.1017   5.9147   1.3623   0.7881   2.7727   0.00    0.0
2014/09/19 10:27:00.000   63.755961168  -68.510521980    90.7901   5   8   3.1928   2.0964   5.9289   1.3439   0.7321   2.7712   0.00    0.0
2014/09/19 10:27:30.000   63.755966800  -68.510515474    90.9771   5   8   3.1892   2.0912   5.9429   1.3254   0.6709   2.7694   0.00    0.0
2014/09/19 10:28:00.000   63.755962877  -68.510529037    91.2868   5   8   3.1856   2.0862   5.9566   1.3066   0.6032   2.7674   0.00    0.0
2014/09/19 10:28:30.000   63.755959076  -68.510527887    91.9670   5   8   3.1820   2.0814   5.9700   1.2875   0.5263   2.7651   0.00    0.0
2014/09/19 10:29:00.000   63.755961352  -68.510520722    91.3806   5   8   3.1783   2.0768   5.9832   1.2683   0.4355   2.7625   0.00    0.0
2014/09/19 10:29:30.000   63.755962220  -68.510520086    92.1436   5   8   3.1746   2.0723   5.9961   1.2488   0.3192   2.7596   0.00    0.0
2014/09/19 10:30:00.000   63.755962603  -68.510518569    91.4656   5   8   3.1709   2.0681   6.0087   1.2291   0.1173   2.7565   0.00    0.0
2014/09/19 10:30:30.000   63.755962569  -68.510524899    92.2301   5   8   3.1671   2.0640   6.0210   1.2092  -0.2734   2.7531   0.00    0.0
2014/09/19 10:31:00.000   63.755959329  -68.510526177    91.2885   5   8   3.1633   2.0601   6.0330   1.1890  -0.4044   2.7494   0.00    0.0
2014/09/19 10:31:30.000   63.755961860  -68.510518649    91.9028   5   8   3.1595   2.0564   6.0447   1.1685  -0.5026   2.7454   0.00    0.0
2014/09/19 10:32:00.000   63.755961599  -68.510523798    91.3773   5   8   3.1556   2.0528   6.0560   1.1478  -0.5847   2.7411   0.00    0.0
2014/09/19 10:32:30.000   63.755957640  -68.510528773    91.8222   5   8   3.1517   2.0495   6.0671   1.1269  -0.6568   2.7365   0.00    0.0
2014/09/19 10:33:00.000   63.755959927  -68.510527469    92.3011   5   8   3.1478   2.0463   6.0777   1.1056  -0.7217   2.7316   0.00    0.0
2014/09/19 10:33:30.000   63.755958548  -68.510514847    91.0190   5   8   3.1439   2.0433   6.0880   1.0840  -0.7814   2.7264   0.00    0.0
2014/09/19 10:34:00.000   63.755962185  -68.510517222    91.3241   5   8   3.1400   2.0405   6.0980   1.0622  -0.8368   2.7209   0.00    0.0
2014/09/19 10:34:30.000   63.755959970  -68.510520016    92.1156   5   8   3.1360   2.0378   6.1075   1.0400  -0.8888   2.7151   0.00    0.0
2014/09/19 10:35:00.000   63.755963588  -68.510510750    90.8710   5   8   3.1320   2.0354   6.1167   1.0175  -0.9378   2.7091   0.00    0.0
2014/09/19 10:35:30.000   63.755969731  -68.510523120    91.4375   5   9   2.6939   2.0064   6.0350   0.6833  -0.7901   2.9954   0.00    0.0
2014/09/19 10:36:00.000   63.755968072  -68.510521266    90.4603   5   8   2.6941   2.1251   6.4736   0.5888   0.9582   2.9437   0.00    0.0
2014/09/19 10:36:30.000   63.755966965  -68.510519769    90.9521   5   8   2.6911   2.1235   6.4872   0.5641   0.9143   2.9421   0.00    0.0
2014/09/19 10:37:00.000   63.755971394  -68.510516255    90.4127   5   8   2.6880   2.1220   6.5004   0.5382   0.8678   2.9401   0.00    0.0
2014/09/19 10:37:30.000   63.755966361  -68.510520976    91.8724   5   8   2.6849   2.1206   6.5131   0.5111   0.8184   2.9379   0.00    0.0
2014/09/19 10:38:00.000   63.755967820  -68.510519031    91.3480   5   8   2.6818   2.1194   6.5253   0.4826   0.7655   2.9353   0.00    0.0
2014/09/19 10:38:30.000   63.755967737  -68.510520946    90.7349   5   8   2.6786   2.1182   6.5369   0.4524   0.7084   2.9324   0.00    0.0
2014/09/19 10:39:00.000   63.755967456  -68.510524138    91.3863   5   8   2.6754   2.1171   6.5481   0.4201   0.6460   2.9292   0.00    0.0
2014/09/19 10:39:30.000   63.755966881  -68.510510845    91.2136   5   8   2.6721   2.1161   6.5587   0.3854   0.5765   2.9256   0.00    0.0
2014/09/19 10:40:00.000   63.755968317  -68.510523251    90.9697   5   8   2.6688   2.1153   6.5687   0.3473   0.4973   2.9217   0.00    0.0
2014/09/19 10:40:30.000   63.755965845  -68.510524082    91.4350   5   8   2.6655   2.1145   6.5781   0.3048   0.4024   2.9175   0.00    0.0
2014/09/19 10:41:00.000   63.755967071  -68.510518690    91.5130   5   8   2.6622   2.1139   6.5870   0.2556   0.2765   2.9129   0.00    0.0
2014/09/19 10:41:30.000   63.755966962  -68.510529611    90.8285   5   8   2.6588   2.1133   6.5953   0.1947  -0.0956   2.9080   0.00    0.0
2014/09/19 10:42:00.000   63.755967673  -68.510529152    91.8038   5   8   2.6553   2.1128   6.6030   0.1033  -0.3079   2.9028   0.00    0.0
2014/09/19 10:42:30.000   63.755968798  -68.510521355    91.5166   5   8   2.6519   2.1125   6.6100  -0.1279  -0.4247   2.8972   0.00    0.0
2014/09/19 10:43:00.000   63.755965878  -68.510523033    91.3700   5   8   2.6484   2.1122   6.6165  -0.2078  -0.5157   2.8913   0.00    0.0
2014/09/19 10:43:30.000   63.755971144  -68.510527349    91.7342   5   9   2.1783   2.1098   5.4436   0.2748   0.1183   1.6328   0.00    0.0
2014/09/19 10:44:00.000   63.755969813  -68.510523138    92.0070   5   9   2.1771   2.1094   5.4580   0.2480  -0.2006   1.6316   0.00    0.0
2014/09/19 10:44:30.000   63.755970933  -68.510523191    91.9401   5   9   2.1759   2.1090   5.4722   0.2179  -0.3079   1.6304   0.00    0.0
2014/09/19 10:45:00.000   63.755969576  -68.510523787    92.6922   5   9   2.1748   2.1086   5.4862   0.1830  -0.3870   1.6292   0.00    0.0
2014/09/19 10:45:30.000   63.755968295  -68.510525693    92.3903   5   9   2.1738   2.1084   5.5000   0.1399  -0.4528   1.6280   0.00    0.0
2014/09/19 10:46:00.000   63.755974392  -68.510525573    92.0938   5   9   2.1728   2.1082   5.5136   0.0751  -0.5105   1.6267   0.00    0.0
2014/09/19 10:46:30.000   63.755969158  -68.510519279    91.8995   5   9   2.1718   2.1080   5.5270  -0.0907  -0.5625   1.6254   0.00    0.0
2014/09/19 10:47:00.000   63.755968018  -68.510524850    92.5805   5   9   2.1709   2.1079   5.5401  -0.1486  -0.6104   1.6240   0.00    0.0
2014/09/19 10:47:30.000   63.755969041  -68.510517008    92.1879   5   9   2.1701   2.1079   5.5530  -0.1895  -0.6549   1.6226   0.00    0.0
2014/09/19 10:48:00.000   63.755972094  -68.510522550    92.5634   5   9   2.1693   2.1080   5.5656  -0.2229  -0.6968   1.6212   0.00    0.0
2014/09/19 10:48:30.000   63.755969884  -68.510523455    92.3636   5   9   2.1686   2.1081   5.5780  -0.2519  -0.7365   1.6197   0.00    0.0
2014/09/19 10:49:00.000   63.755973414  -68.510523996    92.1103   5   9   2.1679   2.1083   5.5900  -0.2778  -0.7742   1.6181   0.00    0.0
2014/09/19 10:49:30.000   63.755971788  -68.510522942    91.9237   5   9   2.1672   2.1085   5.6017  -0.3014  -0.8102   1.6165   0.00    0.0
2014/09/19 10:50:00.000   63.755966957  -68.510526829    92.2053   5   9   2.1667   2.1088   5.6132  -0.3232  -0.8448   1.6149   0.00    0.0
2014/09/19 10:50:30.000   63.755974627  -68.510522651    92.0437   5   9   2.1661   2.1092   5.6243  -0.3436  -0.8781   1.6132   0.00    0.0
2014/09/19 10:51:00.000   63.755971173  -68.510527989    92.8253   5   9   2.1656   2.1096   5.6350  -0.3628  -0.9103   1.6114   0.00    0.0
2014/09/19 10:51:30.000   63.755969121  -68.510525928    93.2558   5   9   2.1652   2.1101   5.6454  -0.3810  -0.9413   1.6095   0.00    0.0
2014/09/19 10:52:00.000   63.755973757  -68.510522881    91.7575   5   9   2.1648   2.1107   5.6554  -0.3983  -0.9714   1.6076   0.00    0.0
2014/09/19 10:52:30.000   63.755969990  -68.510524689    92.2658   5   9   2.1645   2.1113   5.6651  -0.4148  -1.0005   1.6057   0.00    0.0
2014/09/19 10:53:00.000   63.755968317  -68.510518532    92.2633   5   9   2.1642   2.1120   5.6743  -0.4307  -1.0288   1.6036   0.00    0.0
2014/09/19 10:53:30.000   63.755970319  -68.510524643    92.5500   5   9   2.1640   2.1127   5.6832  -0.4459  -1.0563   1.6015   0.00    0.0
2014/09/19 10:54:00.000   63.755968393  -68.510530722    92.3914   5   9   2.1638   2.1135   5.6917  -0.4606  -1.0830   1.5993   0.00    0.0
2014/09/19 10:54:30.000   63.755967974  -68.510521780    93.5966   5   9   2.1637   2.1144   5.6997  -0.4748  -1.1091   1.5971   0.00    0.0
2014/09/19 10:55:00.000   63.755969095  -68.510516317    92.3724   5   9   2.1636   2.1153   5.7073  -0.4885  -1.1344   1.5948   0.00    0.0
2014/09/19 10:55:30.000   63.755969994  -68.510525059    92.8097   5   9   2.1635   2.1162   5.7145  -0.5018  -1.1591   1.5924   0.00    0.0
2014/09/19 10:56:00.000   63.755969576  -68.510524408    92.2996   5   9   2.1635   2.1173   5.7212  -0.5147  -1.1832   1.5899   0.00    0.0
2014/09/19 10:56:30.000   63.755971968  -68.510520230    91.9147   5   9   2.1636   2.1183   5.7274  -0.5272  -1.2067   1.5873   0.00    0.0
2014/09/19 10:57:00.000   63.755971205  -68.510518420    92.1336   5   9   2.1637   2.1194   5.7332  -0.5394  -1.2296   1.5847   0.00    0.0
2014/09/19 10:57:30.000   63.755969938  -68.510519862    91.9024   5   9   2.1639   2.1206   5.7385  -0.5513  -1.2519   1.5820   0.00    0.0
2014/09/19 10:58:00.000   63.755969725  -68.510524914    91.9203   5   9   2.1641   2.1218   5.7433  -0.5629  -1.2737   1.5792   0.00    0.0
2014/09/19 10:58:30.000   63.755969625  -68.510521813    92.7449   5   9   2.1643   2.1231   5.7477  -0.5742  -1.2950   1.5764   0.00    0.0
2014/09/19 10:59:00.000   63.755968466  -68.510521626    92.9674   5   9   2.1646   2.1244   5.7515  -0.5852  -1.3157   1.5735   0.00    0.0
2014/09/19 10:59:30.000   63.755970472  -68.510522413    92.0523   5   9   2.1650   2.1258   5.7549  -0.5960  -1.3360   1.5705   0.00    0.0
2014/09/19 11:00:00.000   63.755971357  -68.510525233    91.9868   5   9   2.0265   2.0312   5.2666  -0.1827  -0.7098   0.8955   0.00    0.0
2014/09/19 11:00:30.000   63.755970792  -68.510527768    92.0232   5   9   2.0269   2.0319   5.2656  -0.2084  -0.7336   0.8902   0.00    0.0
2014/09/19 11:01:00.000   63.755965922  -68.510521056    91.6429   5   9   2.0274   2.0326   5.2642  -0.2313  -0.7564   0.8850   0.00    0.0
2014/09/19 11:01:30.000   63.755969491  -68.510517787    91.3061   5   9   2.0280   2.0333   5.2624  -0.2521  -0.7784   0.8800   0.00    0.0
2014/09/19 11:02:00.000   63.755968360  -68.510528729    92.2678   5   9   2.0286   2.0340   5.2602  -0.2714  -0.7996   0.8752   0.00    0.0
2014/09/19 11:02:30.000   63.755968533  -68.510524699    91.6837   5   9   2.0292   2.0348   5.2576  -0.2894  -0.8201   0.8705   0.00    0.0
2014/09/19 11:03:00.000   63.755966920  -68.510524595    91.5836   5   9   2.0300   2.0356   5.2545  -0.3063  -0.8399   0.8659   0.00    0.0
2014/09/19 11:03:30.000   63.755966064  -68.510523346    92.0595   5   9   2.0308   2.0365   5.2511  -0.3223  -0.8591   0.8615   0.00    0.0
2014/09/19 11:04:00.000   63.755967101  -68.510523609    91.9974   5   9   2.0316   2.0374   5.2472  -0.3376  -0.8776   0.8573   0.00    0.0
2014/09/19 11:04:30.000   63.755967479  -68.510523943    92.0035   5   9   2.0325   2.0383   5.2429  -0.3523  -0.8955   0.8533   0.00    0.0
2014/09/19 11:05:00.000   63.755967635  -68.510518820    92.0515   5   9   2.0335   2.0392   5.2382  -0.3664  -0.9129   0.8494   0.00    0.0
2014/09/19 11:05:30.000   63.755968121  -68.510517783    92.0115   5   9   2.0345   2.0402   5.2332  -0.3800  -0.9298   0.8458   0.00    0.0
2014/09/19 11:06:00.000   63.755968001  -68.510517892    91.7605   5   9   2.0356   2.0412   5.2277  -0.3931  -0.9461   0.8423   0.00    0.0
2014/09/19 11:06:30.000   63.755967693  -68.510517608    92.1972   5   9   2.0368   2.0422   5.2218  -0.4058  -0.9620   0.8390   0.00    0.0
2014/09/19 11:07:00.000   63.755966876  -68.510519343    91.8018   5   9   2.0380   2.0433   5.2156  -0.4182  -0.9773   0.8359   0.00    0.0
2014/09/19 11:07:30.000   63.755970650  -68.510522408    91.4748   5   9   2.0393   2.0443   5.2089  -0.4302  -0.9922   0.8330   0.00    0.0
2014/09/19 11:08:00.000   63.755971628  -68.510518059    91.7241   5   9   2.0406   2.0455   5.2019  -0.4420  -1.0067   0.8303   0.00    0.0
2014/09/19 11:08:30.000   63.755967587  -68.510519489    91.5145   5   9   2.0420   2.0466   5.1945  -0.4534  -1.0207   0.8279   0.00    0.0
2014/09/19 11:09:00.000   63.755970429  -68.510519729    90.9779   5   9   2.0434   2.0478   5.1867  -0.4646  -1.0343   0.8256   0.00    0.0
2014/09/19 11:09:30.000   63.755969080  -68.510522746    91.2140   5   9   2.0449   2.0490   5.1786  -0.4756  -1.0475   0.8236   0.00    0.0
2014/09/19 11:10:00.000   63.755968476  -68.510523271    90.8070   5   9   2.0465   2.0502   5.1701  -0.4864  -1.0603   0.8218   0.00    0.0
2014/09/19 11:10:30.000   63.755973721  -68.510526295    91.1093   5  10   1.9976   1.9803   4.8918  -0.0700  -1.4255   1.1903   0.00    0.0
2014/09/19 11:11:00.000   63.755972654  -68.510518567    91.0428   5  10   1.9985   1.9810   4.8891  -0.1104  -1.4320   1.1881   0.00    0.0
2014/09/19 11:11:30.000   63.755969695  -68.510523405    90.3783   5  10   1.9994   1.9817   4.8861  -0.1395  -1.4382   1.1859   0.00    0.0
2014/09/19 11:12:00.000   63.755969832  -68.510519878    90.3762   5  10   2.0003   1.9824   4.8828  -0.1634  -1.4441   1.1838   0.00    0.0
2014/09/19 11:12:30.000   63.755968743  -68.510520443    90.9023   5  10   2.0013   1.9831   4.8791  -0.1843  -1.4499   1.1817   0.00    0.0
2014/09/19 11:13:00.000   63.755973318  -68.510520470    90.4869   5  10   2.0024   1.9839   4.8751  -0.2030  -1.4553   1.1796   0.00    0.0
2014/09/19 11:13:30.000   63.755969286  -68.510518354    90.5404   5  10   2.0035   1.9846   4.8708  -0.2201  -1.4606   1.1775   0.00    0.0
2014/09/19 11:14:00.000   63.755969647  -68.510519339    91.3346   5  10   2.0047   1.9853   4.8662  -0.2359  -1.4656   1.1755   0.00    0.0
2014/09/19 11:14:30.000   63.755971101  -68.510518848    91.4380   5  10   2.0060   1.9860   4.8613  -0.2507  -1.4703   1.1736   0.00    0.0
2014/09/19 11:15:00.000   63.755970800  -68.510516398    91.0313   5  10   2.0072   1.9867   4.8561  -0.2647  -1.4748   1.1717   0.00    0.0
2014/09/19 11:15:30.000   63.755969834  -68.510523571    91.6484   5  10   2.0086   1.9874   4.8505  -0.2780  -1.4791   1.1698   0.00    0.0
2014/09/19 11:16:00.000   63.755968289  -68.510518841    90.8991   5  10   2.0100   1.9881   4.8447  -0.2907  -1.4832   1.1680   0.00    0.0
2014/09/19 11:16:30.000   63.755968210  -68.510520094    90.7946   5  10   2.0115   1.9888   4.8385  -0.3028  -1.4870   1.1662   0.00    0.0
2014/09/19 11:17:00.000   63.755968116  -68.510521364    91.4610   5  10   2.0130   1.9895   4.8321  -0.3145  -1.4906   1.1646   0.00    0.0
2014/09/19 11:17:30.000   63.755969364  -68.510522180    91.0692   5  10   2.0146   1.9901   4.8254  -0.3257  -1.4940   1.1629   0.00    0.0
2014/09/19 11:18:00.000   63.755969091  -68.510519750    91.0885   5  10   2.0163   1.9908   4.8184  -0.3366  -1.4972   1.1614   0.00    0.0
2014/09/19 11:18:30.000   63.755965990  -68.510528591    91.2596   5  10   2.0180   1.9915   4.8112  -0.3472  -1.5001   1.1599   0.00    0.0
2014/09/19 11:19:00.000   63.755969751  -68.510520550    91.5159   5  10   2.0197   1.9922   4.8037  -0.3574  -1.5028   1.1585   0.00    0.0
2014/09/19 11:19:30.000   63.755966507  -68.510516860    90.6123   5  10   2.0215   1.9929   4.7959  -0.3674  -1.5053   1.1572   0.00    0.0
2014/09/19 11:20:00.000   63.755967263  -68.510515337    91.7549   5   9   2.4213   2.0032   5.3505  -0.6353  -1.3429  -1.3563   0.00    0.0
2014/09/19 11:20:30.000   63.755964119  -68.510519422    90.9127   5   9   2.4233   2.0045   5.3418  -0.6482  -1.3394  -1.3565   0.00    0.0
2014/09/19 11:21:00.000   63.755966638  -68.510520237    91.9324   5   9   2.4253   2.0059   5.3327  -0.6608  -1.3356  -1.3564   0.00    0.0
2014/09/19 11:21:30.000   63.755962804  -68.510520254    91.0278   5   9   2.4274   2.0073   5.3233  -0.6733  -1.3316  -1.3561   0.00    0.0
2014/09/19 11:22:00.000   63.755967676  -68.510516945    91.4140   5   9   2.4296   2.0087   5.3136  -0.6857  -1.3274  -1.3556   0.00    0.0
2014/09/19 11:22:30.000   63.755964648  -68.510515888    91.5063   5   9   2.4319   2.0101   5.3035  -0.6978  -1.3230  -1.3549   0.00    0.0
2014/09/19 11:23:00.000   63.755964363  -68.510512677    90.4795   5   9   2.4342   2.0116   5.2931  -0.7098  -1.3183  -1.3539   0.00    0.0
2014/09/19 11:23:30.000   63.755966012  -68.510515384    91.6574   5   9   2.4366   2.0131   5.2825  -0.7217  -1.3134  -1.3528   0.00    0.0
2014/09/19 11:24:00.000   63.755964684  -68.510518234    91.1862   5   9   2.4390   2.0146   5.2715  -0.7335  -1.3083  -1.3515   0.00    0.0
2014/09/19 11:24:30.000   63.755965538  -68.510519715    91.6692   5   8   2.7199   2.0183   6.3149  -0.6654  -1.1706   1.5381   0.00    0.0
2014/09/19 11:25:00.000   63.755963422  -68.510521474    91.4262   5   8   2.7229   2.0197   6.3178  -0.6814  -1.1690   1.5500   0.00    0.0
2014/09/19 11:25:30.000   63.755961870  -68.510519828    91.7131   5   8   2.7259   2.0211   6.3201  -0.6970  -1.1672   1.5616   0.00    0.0
2014/09/19 11:26:00.000   63.755964941  -68.510519429    90.2662   5   8   2.7289   2.0226   6.3217  -0.7122  -1.1651   1.5730   0.00    0.0
2014/09/19 11:26:30.000   63.755966743  -68.510514247    91.5648   5   8   2.7321   2.0241   6.3226  -0.7271  -1.1629   1.5841   0.00    0.0
2014/09/19 11:27:00.000   63.755962777  -68.510517582    90.7838   5   8   2.7352   2.0256   6.3229  -0.7417  -1.1604   1.5950   0.00    0.0
2014/09/19 11:27:30.000   63.755965944  -68.510514634    91.7801   5   8   2.7385   2.0272   6.3226  -0.7561  -1.1576   1.6056   0.00    0.0
2014/09/19 11:28:00.000   63.755964844  -68.510514053    91.5814   5   8   2.7418   2.0288   6.3216  -0.7701  -1.1547   1.6160   0.00    0.0
2014/09/19 11:28:30.000   63.755963558  -68.510513682    92.4729   5   8   2.7452   2.0304   6.3199  -0.7839  -1.1515   1.6261   0.00    0.0
2014/09/19 11:29:00.000   63.755964665  -68.510513905    92.0017   5   8   2.7486   2.0321   6.3176  -0.7975  -1.1481   1.6360   0.00    0.0
2014/09/19 11:29:30.000   63.755963741  -68.510513904    91.3306   5   8   2.7520   2.0338   6.3146  -0.8108  -1.1445   1.6456   0.00    0.0
2014/09/19 11:30:00.000   63.755967167  -68.510515656    91.4561   5   8   2.7555   2.0356   6.3110  -0.8239  -1.1406   1.6549   0.00    0.0
2014/09/19 11:30:30.000   63.755963391  -68.510514662    91.5425   5   8   2.7591   2.0374   6.3067  -0.8367  -1.1366   1.6640   0.00    0.0
2014/09/19 11:31:00.000   63.755964938  -68.510522836    91.3673   5   8   2.7627   2.0392   6.3019  -0.8494  -1.1323   1.6729   0.00    0.0
2014/09/19 11:31:30.000   63.755963451  -68.510515264    91.1280   5   8   2.7664   2.0410   6.2963  -0.8619  -1.1277   1.6814   0.00    0.0
2014/09/19 11:32:00.000   63.755965363  -68.510517286    91.4007   5   8   2.7701   2.0429   6.2902  -0.8742  -1.1230   1.6898   0.00    0.0
2014/09/19 11:32:30.000   63.755963729  -68.510511971    90.4881   5   8   2.7739   2.0449   6.2835  -0.8863  -1.1180   1.6978   0.00    0.0
2014/09/19 11:33:00.000   63.755967488  -68.510514502    89.7007   5   8   2.7777   2.0468   6.2761  -0.8983  -1.1128   1.7057   0.00    0.0
2014/09/19 11:33:30.000   63.755962854  -68.510523465    91.9386   5   8   2.7815   2.0488   6.2682  -0.9100  -1.1075   1.7132   0.00    0.0
2014/09/19 11:34:00.000   63.755964392  -68.510518129    90.8214   5   8   2.7854   2.0509   6.2597  -0.9217  -1.1018   1.7206   0.00    0.0
2014/09/19 11:34:30.000   63.755959276  -68.510525929    91.1713   5   8   2.7893   2.0530   6.2506  -0.9331  -1.0960   1.7276   0.00    0.0
2014/09/19 11:35:00.000   63.755964138  -68.510515890    90.8172   5   8   2.7932   2.0551   6.2410  -0.9444  -1.0900   1.7344   0.00    0.0
2014/09/19 11:35:30.000   63.755965755  -68.510522183    91.3429   5   8   2.7972   2.0572   6.2308  -0.9556  -1.0837   1.7410   0.00    0.0
2014/09/19 11:36:00.000   63.755964444  -68.510518824    91.0296   5   8   2.8012   2.0594   6.2201  -0.9667  -1.0773   1.7474   0.00    0.0
2014/09/19 11:36:30.000   63.755964222  -68.510516159    90.5704   5   8   2.8053   2.0616   6.2088  -0.9776  -1.0706   1.7535   0.00    0.0
2014/09/19 11:37:00.000   63.755962220  -68.510519480    91.6569   5   8   2.8094   2.0639   6.1971  -0.9883  -1.0638   1.7593   0.00    0.0
2014/09/19 11:37:30.000   63.755966989  -68.510510212    90.8470   5   8   2.8135   2.0662   6.1848  -0.9990  -1.0567   1.7649   0.00    0.0
2014/09/19 11:38:00.000   63.755963602  -68.510519748    91.2639   5   8   2.8177   2.0685   6.1721  -1.0095  -1.0495   1.7703   0.00    0.0
2014/09/19 11:38:30.000   63.755965981  -68.510517528    91.1382   5   8   2.8218   2.0709   6.1589  -1.0199  -1.0420   1.7755   0.00    0.0
2014/09/19 11:39:00.000   63.755966948  -68.510514497    90.3013   5   8   2.8260   2.0733   6.1452  -1.0302  -1.0344   1.7805   0.00    0.0
2014/09/19 11:39:30.000   63.755963105  -68.510519765    90.0692   5   8   2.8302   2.0757   6.1311  -1.0404  -1.0265   1.7852   0.00    0.0
2014/09/19 11:40:00.000   63.755962407  -68.510519807    90.9363   5   8   2.8345   2.0782   6.1166  -1.0505  -1.0185   1.7897   0.00    0.0
2014/09/19 11:40:30.000   63.755961622  -68.510510079    91.3574   5   8   2.8388   2.0807   6.1017  -1.0604  -1.0103   1.7940   0.00    0.0
2014/09/19 11:41:00.000   63.755960454  -68.510516711    91.8218   5   8   2.8430   2.0832   6.0864  -1.0703  -1.0019   1.7981   0.00    0.0
2014/09/19 11:41:30.000   63.755961591  -68.510522173    91.5186   5   8   2.8473   2.0858   6.0707  -1.0801  -0.9933   1.8019   0.00    0.0
2014/09/19 11:42:00.000   63.755968837  -68.510513001    90.1151   5   8   2.8517   2.0885   6.0547  -1.0897  -0.9845   1.8056   0.00    0.0
2014/09/19 11:42:30.000   63.755965191  -68.510517547    90.6827   5   8   2.8560   2.0911   6.0383  -1.0993  -0.9755   1.8091   0.00    0.0
2014/09/19 11:43:00.000   63.755965026  -68.510519923    90.6188   5   8   2.8604   2.0938   6.0216  -1.1088  -0.9664   1.8124   0.00    0.0
2014/09/19 11:43:30.000   63.755962661  -68.510521613    90.5739   5   8   2.8647   2.0965   6.0046  -1.1181  -0.9570   1.8155   0.00    0.0
2014/09/19 11:44:00.000   63.755967323  -68.510516861    91.2916   5   8   2.8691   2.0993   5.9872  -1.1274  -0.9475   1.8184   0.00    0.0
2014/09/19 11:44:30.000   63.755961647  -68.510519782    90.9296   5   8   2.8735   2.1021   5.9696  -1.1366  -0.9378   1.8212   0.00    0.0
2014/09/19 11:45:00.000   63.755964614  -68.510516893    90.6209   5   8   2.8779   2.1049   5.9518  -1.1457  -0.9280   1.8238   0.00    0.0
2014/09/19 11:45:30.000   63.755965250  -68.510523243    91.3137   5   8   2.8823   2.1078   5.9337  -1.1548  -0.9179   1.8262   0.00    0.0
2014/09/19 11:46:00.000   63.755963112  -68.510522187    91.5159   5   8   2.8867   2.1107   5.9153  -1.1637  -0.9077   1.8284   0.00    0.0
2014/09/19 11:46:30.000   63.755963032  -68.510519282    90.5669   5   8   2.8911   2.1136   5.8968  -1.1726  -0.8973   1.8305   0.00    0.0
2014/09/19 11:47:00.000   63.755959355  -68.510523087    90.6883   5   8   2.8956   2.1166   5.8780  -1.1813  -0.8867   1.8324   0.00    0.0
2014/09/19 11:47:30.000   63.755960244  -68.510527439    90.9792   5   8   2.9000   2.1196   5.8591  -1.1900  -0.8759   1.8342   0.00    0.0
2014/09/19 11:48:00.000   63.755962058  -68.510519077    92.2837   5   8   2.9044   2.1227   5.8400  -1.1987  -0.8650   1.8359   0.00    0.0
2014/09/19 11:48:30.000   63.755962891  -68.510519584    92.3641   5   8   2.9089   2.1258   5.8207  -1.2072  -0.8538   1.8374   0.00    0.0
2014/09/19 11:49:00.000   63.755963775  -68.510524301    90.3211   5   8   2.9133   2.1289   5.8013  -1.2157  -0.8425   1.8387   0.00    0.0
2014/09/19 11:49:30.000   63.755960502  -68.510524052    91.0249   5   8   2.9177   2.1320   5.7818  -1.2241  -0.8310   1.8400   0.00    0.0
2014/09/19 11:50:00.000   63.755962893  -68.510519389    92.0121   5   8   2.9221   2.1352   5.7622  -1.2324  -0.8192   1.8411   0.00    0.0
2014/09/19 11:50:30.000   63.755962896  -68.510523282    90.7323   5   8   2.9266   2.1384   5.7424  -1.2406  -0.8073   1.8421   0.00    0.0
2014/09/19 11:51:00.000   63.755961765  -68.510525818    91.3416   5   8   2.9310   2.1417   5.7226  -1.2488  -0.7952   1.8430   0.00    0.0
2014/09/19 11:51:30.000   63.755960600  -68.510525247    92.3278   5   8   2.9354   2.1450   5.7027  -1.2569  -0.7829   1.8438   0.00    0.0
2014/09/19 11:52:00.000   63.755958746  -68.510524803    91.7724   5   8   2.9398   2.1483   5.6827  -1.2649  -0.7703   1.8444   0.00    0.0
2014/09/19 11:52:30.000   63.755959419  -68.510531068    91.8674   5   8   2.9442   2.1516   5.6627  -1.2728  -0.7576   1.8450   0.00    0.0
2014/09/19 11:53:00.000   63.755959219  -68.510526988    91.9076   5   8   2.9485   2.1550   5.6427  -1.2807  -0.7446   1.8455   0.00    0.0
2014/09/19 11:53:30.000   63.755961570  -68.510524380    91.0650   5   8   2.9529   2.1585   5.6227  -1.2885  -0.7313   1.8459   0.00    0.0
2014/09/19 11:54:00.000   63.755965208  -68.510522836    92.2688   5   8   2.9573   2.1619   5.6026  -1.2963  -0.7178   1.8462   0.00    0.0
2014/09/19 11:54:30.000   63.755963289  -68.510524454    91.4837   5   8   2.9616   2.1654   5.5825  -1.3039  -0.7041   1.8464   0.00    0.0
2014/09/19 11:55:00.000   63.755966915  -68.510520459    92.3960   5   8   2.9659   2.1689   5.5625  -1.3115  -0.6901   1.8466   0.00    0.0
2014/09/19 11:55:30.000   63.755963191  -68.510524886    90.5320   5   8   2.9702   2.1725   5.5425  -1.3191  -0.6758   1.8466   0.00    0.0
2014/09/19 11:56:00.000   63.755966066  -68.510528242    92.3519   5   8   2.9745   2.1760   5.5225  -1.3265  -0.6612   1.8467   0.00    0.0
2014/09/19 11:56:30.000   63.755961872  -68.510527610    91.2083   5   8   2.9788   2.1796   5.5026  -1.3339  -0.6462   1.8466   0.00    0.0
2014/09/19 11:57:00.000   63.755968567  -68.510519964    91.9452   5   8   2.9830   2.1833   5.4827  -1.3412  -0.6309   1.8465   0.00    0.0
2014/09/19 11:57:30.000   63.755959856  -68.510526926    91.6310   5   8   2.9872   2.1870   5.4629  -1.3485  -0.6153   1.8463   0.00    0.0
2014/09/19 11:58:00.000   63.755961779  -68.510524543    91.5157   5   8   2.9914   2.1907   5.4431  -1.3556  -0.5992   1.8461   0.00    0.0
2014/09/19 11:58:30.000   63.755963537  -68.510524668    89.9952   5   8   2.9956   2.1944   5.4235  -1.3627  -0.5827   1.8459   0.00    0.0
2014/09/19 11:59:00.000   63.755962969  -68.510527321    91.4944   5   8   2.9998   2.1982   5.4039  -1.3698  -0.5658   1.8456   0.00    0.0
2014/09/19 11:59:30.000   63.755958985  -68.510522664    91.5334   5   8   3.0039   2.2020   5.3845  -1.3767  -0.5483   1.8453   0.00    0.0
2014/09/19 12:00:00.000   63.755965411  -68.510518248    90.7906   5   8   3.0126   2.2414   5.7600  -1.4075  -1.0560   1.9376   0.00    0.0
2014/09/19 12:00:30.000   63.755957241  -68.510521424    89.6992   5   8   3.0162   2.2443   5.7332  -1.4125  -1.0373   1.9307   0.00    0.0
2014/09/19 12:01:00.000   63.755958872  -68.510518072    89.9366   5   8   3.0197   2.2473   5.7065  -1.4175  -1.0183   1.9239   0.00    0.0
2014/09/19 12:01:30.000   63.755959452  -68.510517322    90.0473   5   8   3.0232   2.2503   5.6800  -1.4224  -0.9991   1.9171   0.00    0.0
2014/09/19 12:02:00.000   63.755955663  -68.510521478    90.3498   5   8   3.0268   2.2534   5.6538  -1.4274  -0.9797   1.9104   0.00    0.0
2014/09/19 12:02:30.000   63.755958533  -68.510517330    90.4370   5   8   3.0303   2.2565   5.6278  -1.4322  -0.9600   1.9038   0.00    0.0
2014/09/19 12:03:00.000   63.755962083  -68.510516735    92.2894   5   8   3.0338   2.2596   5.6021  -1.4371  -0.9401   1.8972   0.00    0.0
2014/09/19 12:03:30.000   63.755963112  -68.510516552    93.1180   5   8   3.0374   2.2628   5.5766  -1.4419  -0.9199   1.8907   0.00    0.0
2014/09/19 12:04:00.000   63.755958073  -68.510518325    90.4907   5   8   3.0409   2.2660   5.5514  -1.4467  -0.8994   1.8843   0.00    0.0
2014/09/19 12:04:30.000   63.755964491  -68.510520515    91.4337   5   8   3.0444   2.2693   5.5265  -1.4515  -0.8786   1.8779   0.00    0.0
2014/09/19 12:05:00.000   63.755959811  -68.510524997    90.9118   5   8   3.0480   2.2726   5.5018  -1.4562  -0.8575   1.8717   0.00    0.0
2014/09/19 12:05:30.000   63.755957484  -68.510521884    90.6843   5   8   3.0515   2.2759   5.4774  -1.4609  -0.8360   1.8655   0.00    0.0
2014/09/19 12:06:00.000   63.755961235  -68.510517663    91.1540   5   8   3.0551   2.2793   5.4533  -1.4655  -0.8140   1.8594   0.00    0.0
2014/09/19 12:06:30.000   63.755960182  -68.510524465    90.0662   5   8   3.0586   2.2828   5.4295  -1.4702  -0.7917   1.8535   0.00    0.0
2014/09/19 12:07:00.000   63.755955891  -68.510523477    90.0281   5   8   3.0621   2.2862   5.4060  -1.4748  -0.7688   1.8477   0.00    0.0
2014/09/19 12:07:30.000   63.755957836  -68.510520197    89.3560   5   8   3.0657   2.2897   5.3828  -1.4793  -0.7455   1.8419   0.00    0.0
2014/09/19 12:08:00.000   63.755959047  -68.510520527    90.9522   5   8   3.0692   2.2933   5.3599  -1.4838  -0.7215   1.8364   0.00    0.0
2014/09/19 12:08:30.000   63.755964382  -68.510515670    91.7045   5   8   3.0728   2.2969   5.3374  -1.4883  -0.6969   1.8309   0.00    0.0
2014/09/19 12:09:00.000   63.755968290  -68.510507402    93.1704   5   7   5.2513   2.9211  12.0685   2.3309   4.3651   7.0318   0.00    0.0
2014/09/19 12:09:30.000   63.755971228  -68.510501432    93.9191   5   7   5.2760   2.9349  12.0895   2.3549   4.3979   7.0622   0.00    0.0
2014/09/19 12:10:00.000   63.755967486  -68.510506946    93.5111   5   7   5.2995   2.9485  12.1076   2.3781   4.4294   7.0905   0.00    0.0
2014/09/19 12:10:30.000   63.755970526  -68.510508215    94.2921   5   7   5.3219   2.9620  12.1225   2.4003   4.4596   7.1166   0.00    0.0
2014/09/19 12:11:00.000   63.755970446  -68.510513081    93.8082   5   7   5.3432   2.9753  12.1344   2.4216   4.4884   7.1405   0.00    0.0
2014/09/19 12:11:30.000   63.755968463  -68.510509359    93.0876   5   7   5.3631   2.9884  12.1430   2.4419   4.5158   7.1621   0.00    0.0
2014/09/19 12:12:00.000   63.755973043  -68.510505988    92.2885   5   7   5.3818   3.0013  12.1484   2.4612   4.5417   7.1813   0.00    0.0
2014/09/19 12:12:30.000   63.755965625  -68.510511152    92.5035   5   7   5.3992   3.0140  12.1505   2.4794   4.5661   7.1981   0.00    0.0
2014/09/19 12:13:00.000   63.755966660  -68.510511092    93.3244   5   7   5.4152   3.0263  12.1493   2.4965   4.5889   7.2125   0.00    0.0
2014/09/19 12:13:30.000   63.755966782  -68.510513607    92.9432   5   7   5.4298   3.0384  12.1447   2.5125   4.6102   7.2244   0.00    0.0
2014/09/19 12:14:00.000   63.755965898  -68.510509030    93.9274   5   7   5.4430   3.0502  12.1366   2.5273   4.6299   7.2338   0.00    0.0
2014/09/19 12:14:30.000   63.755966919  -68.510506740    93.9116   5   7   5.4547   3.0616  12.1252   2.5409   4.6480   7.2406   0.00    0.0
2014/09/19 12:15:00.000   63.755969155  -68.510509881    92.6677   5   7   5.4650   3.0728  12.1103   2.5533   4.6644   7.2449   0.00    0.0
2014/09/19 12:15:30.000   63.755970239  -68.510509187    93.3276   5   7   5.4737   3.0835  12.0920   2.5645   4.6792   7.2467   0.00    0.0
2014/09/19 12:16:00.000   63.755977728  -68.510509198    94.0305   5   7   5.4810   3.0940  12.0703   2.5744   4.6923   7.2458   0.00    0.0
2014/09/19 12:16:30.000   63.755980135  -68.510507479    94.3022   5   7   5.4868   3.1040  12.0453   2.5831   4.7037   7.2425   0.00    0.0
2014/09/19 12:17:00.000   63.755975703  -68.510505661    94.0017   5   7   5.4911   3.1137  12.0169   2.5905   4.7135   7.2365   0.00    0.0
2014/09/19 12:17:30.000   63.755979768  -68.510506916    93.6602   5   7   5.4939   3.1229  11.9852   2.5966   4.7216   7.2281   0.00    0.0
2014/09/19 12:18:00.000   63.755975251  -68.510505537    93.8261   5   7   5.4951   3.1318  11.9503   2.6015   4.7281   7.2171   0.00    0.0
2014/09/19 12:18:30.000   63.755973644  -68.510507453    92.6041   5   7   5.4949   3.1402  11.9122   2.6050   4.7329   7.2036   0.00    0.0
2014/09/19 12:19:00.000   63.755969395  -68.510508192    91.7977   5   7   5.4932   3.1483  11.8710   2.6073   4.7361   7.1878   0.00    0.0
2014/09/19 12:19:30.000   63.755971861  -68.510508869    93.4839   5   7   5.4901   3.1559  11.8268   2.6083   4.7378   7.1695   0.00    0.0
2014/09/19 12:20:00.000   63.755967022  -68.510509782    93.4075   5   7   5.4855   3.1631  11.7796   2.6080   4.7378   7.1489   0.00    0.0
2014/09/19 12:20:30.000   63.755970825  -68.510505677    94.9272   5   7   5.4796   3.1699  11.7297   2.6064   4.7363   7.1260   0.00    0.0
2014/09/19 12:21:00.000   63.755963417  -68.510508041    93.2174   5   7   5.4723   3.1763  11.6770   2.6036   4.7333   7.1009   0.00    0.0
2014/09/19 12:21:30.000   63.755960461  -68.510508966    91.9929   5   7   5.4636   3.1823  11.6217   2.5996   4.7288   7.0737   0.00    0.0
2014/09/19 12:22:00.000   63.755969736  -68.510509722    91.9321   5   8   5.4507   2.7468  10.5289   2.6498   3.8169   7.1051   0.00    0.0
2014/09/19 12:22:30.000   63.755984537  -68.510513824    94.4934   5   8   5.4383   2.7510  10.4969   2.6535   3.8219   7.0839   0.00    0.0
2014/09/19 12:23:00.000   63.755976840  -68.510511639    93.3226   5   8   5.4245   2.7549  10.4622   2.6562   3.8256   7.0606   0.00    0.0
2014/09/19 12:23:30.000   63.755966750  -68.510513517    91.6289   5   8   5.4093   2.7585  10.4249   2.6579   3.8278   7.0352   0.00    0.0
2014/09/19 12:24:00.000   63.755969628  -68.510517500    92.0205   5   8   5.3928   2.7618  10.3851   2.6586   3.8287   7.0079   0.00    0.0
2014/09/19 12:24:30.000   63.755968560  -68.510519852    92.0202   5   8   5.3749   2.7647  10.3429   2.6583   3.8282   6.9786   0.00    0.0
2014/09/19 12:25:00.000   63.755978086  -68.510514009    93.1481   5   8   5.3559   2.7674  10.2984   2.6571   3.8265   6.9475   0.00    0.0
2014/09/19 12:25:30.000   63.755972786  -68.510513294    91.6374   5   8   5.3356   2.7697  10.2517   2.6548   3.8235   6.9147   0.00    0.0
2014/09/19 12:26:00.000   63.755973541  -68.510517032    93.0920   5   8   5.3143   2.7717  10.2030   2.6517   3.8193   6.8802   0.00    0.0
2014/09/19 12:26:30.000   63.755968605  -68.510519491    92.3787   5   8   5.2918   2.7735  10.1523   2.6477   3.8139   6.8440   0.00    0.0
2014/09/19 12:27:00.000   63.755972400  -68.510521165    92.2644   5   8   5.2683   2.7749  10.0997   2.6428   3.8073   6.8064   0.00    0.0
2014/09/19 12:27:30.000   63.755976788  -68.510510162    93.3369   5   8   5.2439   2.7760  10.0454   2.6371   3.7996   6.7673   0.00    0.0
2014/09/19 12:28:00.000   63.755980537  -68.510512666    93.6096   5   8   5.2185   2.7768   9.9895   2.6305   3.7908   6.7269   0.00    0.0
2014/09/19 12:28:30.000   63.755964607  -68.510522691    90.7949   5   8   5.1924   2.7773   9.9320   2.6232   3.7810   6.6852   0.00    0.0
2014/09/19 12:29:00.000   63.755978353  -68.510517405    92.8322   5   8   5.1654   2.7776   9.8732   2.6151   3.7703   6.6423   0.00    0.0
2014/09/19 12:29:30.000   63.755985761  -68.510499405    94.6144   5   8   5.1377   2.7775   9.8131   2.6063   3.7585   6.5984   0.00    0.0
2014/09/19 12:30:00.000   63.755979596  -68.510501350    93.7053   5   8   5.1093   2.7772   9.7518   2.5968   3.7459   6.5534   0.00    0.0
2014/09/19 12:30:30.000   63.755981301  -68.510499555    93.2379   5   8   5.0803   2.7767   9.6895   2.5866   3.7324   6.5075   0.00    0.0
2014/09/19 12:31:00.000   63.755975072  -68.510505801    92.4360   5   8   5.0507   2.7758   9.6262   2.5759   3.7181   6.4607   0.00    0.0
2014/09/19 12:31:30.000   63.755974766  -68.510505980    93.2928   5   8   5.0207   2.7748   9.5621   2.5645   3.7030   6.4132   0.00    0.0
2014/09/19 12:32:00.000   63.755975021  -68.510499064    92.7170   5   8   4.9902   2.7735   9.4972   2.5525   3.6872   6.3650   0.00    0.0
2014/09/19 12:32:30.000   63.755982036  -68.510505133    93.6246   5   8   4.9592   2.7719   9.4317   2.5400   3.6707   6.3161   0.00    0.0
2014/09/19 12:33:00.000   63.755976091  -68.510508649    93.6739   5   8   4.9280   2.7702   9.3657   2.5270   3.6536   6.2667   0.00    0.0
2014/09/19 12:33:30.000   63.755981919  -68.510510618    93.9068   5   8   4.8964   2.7682   9.2992   2.5135   3.6359   6.2169   0.00    0.0
2014/09/19 12:34:00.000   63.755971480  -68.510512637    92.5726   5   8   4.8646   2.7661   9.2324   2.4996   3.6176   6.1666   0.00    0.0
2014/09/19 12:34:30.000   63.755968551  -68.510515590    92.0054   5   8   4.8325   2.7637   9.1653   2.4852   3.5987   6.1160   0.00    0.0
2014/09/19 12:35:00.000   63.755976824  -68.510515798    93.4162   5   8   4.8003   2.7612   9.0980   2.4704   3.5794   6.0650   0.00    0.0
2014/09/19 12:35:30.000   63.755972356  -68.510513135    93.2097   5   8   4.7680   2.7585   9.0306   2.4553   3.5596   6.0139   0.00    0.0
2014/09/19 12:36:00.000   63.755974346  -68.510513653    91.8264   5   8   4.7356   2.7556   8.9632   2.4398   3.5394   5.9626   0.00    0.0
2014/09/19 12:36:30.000   63.755973311  -68.510514509    92.6555   5   8   4.7031   2.7526   8.8958   2.4240   3.5189   5.9112   0.00    0.0
2014/09/19 12:37:00.000   63.755973850  -68.510514728    92.7851   5   8   4.6706   2.7494   8.8285   2.4079   3.4980   5.8597   0.00    0.0
2014/09/19 12:37:30.000   63.755966241  -68.510508943    91.7346   5   8   4.6382   2.7461   8.7614   2.3915   3.4767   5.8082   0.00    0.0
2014/09/19 12:38:00.000   63.755975868  -68.510516902    92.2835   5   8   4.6057   2.7427   8.6945   2.3749   3.4552   5.7567   0.00    0.0
2014/09/19 12:38:30.000   63.755972987  -68.510518292    93.2733   5   8   4.5734   2.7391   8.6280   2.3580   3.4334   5.7053   0.00    0.0
2014/09/19 12:39:00.000   63.755972564  -68.510513342    92.7132   5   8   4.5412   2.7354   8.5617   2.3409   3.4114   5.6540   0.00    0.0
2014/09/19 12:39:30.000   63.755970800  -68.510504464    92.3318   5   9   3.5173   1.9805   5.7355   0.3024  -0.5521   3.7024   0.00    0.0
2014/09/19 12:40:00.000   63.755977186  -68.510514061    93.8862   5  10   2.4455   1.9789   4.3343   0.4312  -0.3929   2.0505   0.00    0.0
2014/09/19 12:40:30.000   63.755970619  -68.510504430    92.0081   5  10   2.4455   1.9775   4.3411   0.4388  -0.3668   2.0537   0.00    0.0
2014/09/19 12:41:00.000   63.755969659  -68.510519075    92.5774   5  10   2.4456   1.9762   4.3480   0.4464  -0.3385   2.0569   0.00    0.0
2014/09/19 12:41:30.000   63.755973387  -68.510512361    92.9547   5  10   2.4457   1.9750   4.3551   0.4538  -0.3072   2.0601   0.00    0.0
2014/09/19 12:42:00.000   63.755976374  -68.510505987    93.0338   5  10   2.4458   1.9738   4.3623   0.4611  -0.2722   2.0634   0.00    0.0
2014/09/19 12:42:30.000   63.755968816  -68.510513607    92.0569   5   9   2.8130   2.1011   4.5126   1.1066  -0.9321   1.6452   0.00    0.0
2014/09/19 12:43:00.000   63.755975162  -68.510513301    93.3351   5   9   2.8115   2.0985   4.5224   1.1057  -0.9222   1.6462   0.00    0.0
2014/09/19 12:43:30.000   63.755968527  -68.510504684    91.4014   5   9   2.8100   2.0959   4.5325   1.1048  -0.9123   1.6472   0.00    0.0
2014/09/19 12:44:00.000   63.755971816  -68.510511003    92.5764   5   9   2.8085   2.0933   4.5427   1.1038  -0.9021   1.6484   0.00    0.0
2014/09/19 12:44:30.000   63.755970389  -68.510507828    92.2191   5   9   2.8070   2.0908   4.5531   1.1028  -0.8917   1.6495   0.00    0.0
2014/09/19 12:45:00.000   63.755968176  -68.510509079    91.7060   5   9   2.8055   2.0883   4.5637   1.1019  -0.8811   1.6507   0.00    0.0
2014/09/19 12:45:30.000   63.755968662  -68.510505009    91.8634   5   9   2.8040   2.0858   4.5744   1.1009  -0.8703   1.6520   0.00    0.0
2014/09/19 12:46:00.000   63.755972455  -68.510502744    92.5717   5   9   2.8025   2.0834   4.5853   1.0999  -0.8593   1.6533   0.00    0.0
2014/09/19 12:46:30.000   63.755975510  -68.510502886    92.5754   5   9   2.8010   2.0810   4.5963   1.0988  -0.8480   1.6546   0.00    0.0
2014/09/19 12:47:00.000   63.755974834  -68.510513298    92.8556   5   9   2.7995   2.0787   4.6076   1.0978  -0.8365   1.6559   0.00    0.0
2014/09/19 12:47:30.000   63.755972304  -68.510513968    92.4016   5   9   2.7980   2.0764   4.6190   1.0967  -0.8248   1.6573   0.00    0.0
2014/09/19 12:48:00.000   63.755974504  -68.510511457    92.9326   5   9   2.7965   2.0741   4.6305   1.0957  -0.8129   1.6588   0.00    0.0
2014/09/19 12:48:30.000   63.755971997  -68.510521217    92.5933   5   9   2.7950   2.0719   4.6422   1.0946  -0.8006   1.6602   0.00    0.0
2014/09/19 12:49:00.000   63.755971247  -68.510511797    92.9607   5   9   2.7934   2.0697   4.6541   1.0935  -0.7881   1.6617   0.00    0.0
2014/09/19 12:49:30.000   63.755972975  -68.510514068    93.0840   5   9   2.7919   2.0675   4.6662   1.0923  -0.7754   1.6633   0.00    0.0
2014/09/19 12:50:00.000   63.755969562  -68.510521390    92.6173   5   9   2.7903   2.0654   4.6784   1.0912  -0.7623   1.6648   0.00    0.0
2014/09/19 12:50:30.000   63.755974017  -68.510521005    93.1315   5   9   2.7888   2.0633   4.6907   1.0900  -0.7490   1.6664   0.00    0.0
2014/09/19 12:51:00.000   63.755970174  -68.510514700    92.6386   5   9   2.7872   2.0613   4.7033   1.0888  -0.7353   1.6680   0.00    0.0
2014/09/19 12:51:30.000   63.755966663  -68.510515954    92.0074   5   9   2.7856   2.0593   4.7160   1.0875  -0.7213   1.6696   0.00    0.0
2014/09/19 12:52:00.000   63.755972187  -68.510515880    93.2711   5   9   2.7840   2.0573   4.7288   1.0862  -0.7069   1.6712   0.00    0.0
2014/09/19 12:52:30.000   63.755968657  -68.510516550    92.7839   5   9   2.7824   2.0554   4.7418   1.0850  -0.6922   1.6729   0.00    0.0
2014/09/19 12:53:00.000   63.755969691  -68.510519974    92.0106   5   9   2.7808   2.0535   4.7550   1.0836  -0.6771   1.6746   0.00    0.0
2014/09/19 12:53:30.000   63.755968195  -68.510516639    92.1517   5   9   2.7792   2.0516   4.7684   1.0823  -0.6616   1.6762   0.00    0.0
2014/09/19 12:54:00.000   63.755971061  -68.510525170    93.1124   5   9   2.7776   2.0498   4.7819   1.0809  -0.6456   1.6779   0.00    0.0
2014/09/19 12:54:30.000   63.755970412  -68.510524603    93.3286   5   9   2.7759   2.0480   4.7956   1.0795  -0.6292   1.6797   0.00    0.0
2014/09/19 12:55:00.000   63.755968065  -68.510509419    91.6936   5   8   2.7905   2.7649   6.4546   0.7774  -2.8948   2.0294   0.00    0.0
2014/09/19 12:55:30.000   63.755967944  -68.510512259    92.0723   5   8   2.7899   2.7577   6.4935   0.7657  -2.8981   2.0441   0.00    0.0
2014/09/19 12:56:00.000   63.755969932  -68.510519230    92.7673   5   8   2.7893   2.7504   6.5327   0.7539  -2.9014   2.0588   0.00    0.0
2014/09/19 12:56:30.000   63.755967521  -68.510520882    91.8862   5   8   2.7887   2.7432   6.5724   0.7420  -2.9045   2.0737   0.00    0.0
2014/09/19 12:57:00.000   63.755968353  -68.510514281    91.5894   5   8   2.7882   2.7359   6.6125   0.7300  -2.9075   2.0887   0.00    0.0
2014/09/19 12:57:30.000   63.755967025  -68.510511732    91.4073   5   8   2.7876   2.7286   6.6530   0.7180  -2.9105   2.1038   0.00    0.0
2014/09/19 12:58:00.000   63.755971617  -68.510513009    92.0195   5   8   2.7871   2.7213   6.6939   0.7058  -2.9133   2.1190   0.00    0.0
2014/09/19 12:58:30.000   63.755969313  -68.510516617    92.0486   5   8   2.7867   2.7139   6.7352   0.6936  -2.9159   2.1343   0.00    0.0
2014/09/19 12:59:00.000   63.755973487  -68.510514660    92.8994   5   8   2.7862   2.7066   6.7769   0.6812  -2.9185   2.1496   0.00    0.0
2014/09/19 12:59:30.000   63.755967398  -68.510515146    90.9908   5   8   2.7857   2.6992   6.8190   0.6688  -2.9209   2.1651   0.00    0.0
2014/09/19 13:00:00.000   63.755962219  -68.510516493    91.7916   5   8   2.4406   2.5071   5.9777   1.0208  -2.3444   1.3693   0.00    0.0
2014/09/19 13:00:30.000   63.755966491  -68.510515786    92.2920   5   8   2.4383   2.5003   6.0146   1.0138  -2.3439   1.3804   0.00    0.0
2014/09/19 13:01:00.000   63.755961204  -68.510509770    91.3968   5   8   2.4361   2.4934   6.0520   1.0068  -2.3433   1.3916   0.00    0.0
2014/09/19 13:01:30.000   63.755966401  -68.510519397    92.9368   5   8   2.4339   2.4865   6.0897   0.9998  -2.3426   1.4028   0.00    0.0
2014/09/19 13:02:00.000   63.755960485  -68.510514732    90.9024   5   8   2.4318   2.4797   6.1277   0.9929  -2.3417   1.4141   0.00    0.0
2014/09/19 13:02:30.000   63.755964329  -68.510515563    92.8545   5   8   2.4297   2.4728   6.1662   0.9859  -2.3406   1.4255   0.00    0.0
2014/09/19 13:03:00.000   63.755961724  -68.510509965    91.9746   5   8   2.4276   2.4660   6.2049   0.9790  -2.3393   1.4369   0.00    0.0
2014/09/19 13:03:30.000   63.755962151  -68.510512254    91.8402   5   8   2.4255   2.4591   6.2440   0.9720  -2.3379   1.4484   0.00    0.0
2014/09/19 13:04:00.000   63.755959871  -68.510512291    90.8186   5   8   2.4235   2.4523   6.2834   0.9651  -2.3362   1.4599   0.00    0.0
2014/09/19 13:04:30.000   63.755963348  -68.510510179    92.5422   5   8   2.4215   2.4454   6.3231   0.9582  -2.3344   1.4715   0.00    0.0
2014/09/19 13:05:00.000   63.755959439  -68.510516836    92.2794   5   9   2.2433   2.0701   5.4449  -0.5132  -1.0935   2.2769   0.00    0.0
2014/09/19 13:05:30.000   63.755959572  -68.510512700    91.3208   5   9   2.2420   2.0681   5.4790  -0.5147  -1.0908   2.2872   0.00    0.0
2014/09/19 13:06:00.000   63.755962866  -68.510518778    91.6161   5   9   2.2407   2.0661   5.5133  -0.5161  -1.0878   2.2976   0.00    0.0
2014/09/19 13:06:30.000   63.755963569  -68.510524483    91.3422   5   9   2.2395   2.0641   5.5479  -0.5173  -1.0845   2.3080   0.00    0.0
2014/09/19 13:07:00.000   63.755963483  -68.510522156    92.2350   5   9   2.2383   2.0622   5.5827  -0.5184  -1.0809   2.3183   0.00    0.0
2014/09/19 13:07:30.000   63.755959732  -68.510521872    91.9846   5   9   2.2371   2.0602   5.6177  -0.5194  -1.0770   2.3288   0.00    0.0
2014/09/19 13:08:00.000   63.755959169  -68.510511545    91.7312   5   9   2.2360   2.0583   5.6528  -0.5203  -1.0728   2.3392   0.00    0.0
2014/09/19 13:08:30.000   63.755963316  -68.510520392    91.5525   5   9   2.2348   2.0563   5.6882  -0.5210  -1.0682   2.3496   0.00    0.0
2014/09/19 13:09:00.000   63.755957519  -68.510521827    91.8704   5   9   2.2337   2.0544   5.7237  -0.5216  -1.0633   2.3600   0.00    0.0
2014/09/19 13:09:30.000   63.755960644  -68.510525823    92.5499   5   9   2.2326   2.0525   5.7593  -0.5221  -1.0580   2.3703   0.00    0.0
2014/09/19 13:10:00.000   63.755961076  -68.510516665    91.9877   5   9   2.2315   2.0506   5.7950  -0.5224  -1.0523   2.3807   0.00    0.0
2014/09/19 13:10:30.000   63.755958415  -68.510513854    91.8205   5   9   2.2304   2.0488   5.8309  -0.5226  -1.0462   2.3910   0.00    0.0
2014/09/19 13:11:00.000   63.755960612  -68.510516889    91.3835   5   9   2.2293   2.0469   5.8668  -0.5227  -1.0398   2.4012   0.00    0.0
2014/09/19 13:11:30.000   63.755958511  -68.510512900    91.5290   5   9   2.2282   2.0450   5.9028  -0.5226  -1.0329   2.4114   0.00    0.0
2014/09/19 13:12:00.000   63.755960407  -68.510516318    91.5793   5   9   2.2271   2.0432   5.9388  -0.5224  -1.0255   2.4215   0.00    0.0
2014/09/19 13:12:30.000   63.755958450  -68.510517142    90.8979   5   9   2.2261   2.0414   5.9748  -0.5221  -1.0177   2.4316   0.00    0.0
2014/09/19 13:13:00.000   63.755961887  -68.510516956    90.9843   5   9   2.2250   2.0396   6.0108  -0.5217  -1.0094   2.4416   0.00    0.0
2014/09/19 13:13:30.000   63.755959361  -68.510515065    90.1722   5   9   2.2239   2.0378   6.0467  -0.5211  -1.0006   2.4514   0.00    0.0
2014/09/19 13:14:00.000   63.755957773  -68.510518336    91.8866   5   9   2.2228   2.0360   6.0826  -0.5204  -0.9913   2.4612   0.00    0.0
2014/09/19 13:14:30.000   63.755956072  -68.510521805    91.6697   5   9   2.2217   2.0343   6.1184  -0.5196  -0.9815   2.4708   0.00    0.0
2014/09/19 13:15:00.000   63.755959660  -68.510516919    92.1138   5   9   2.2206   2.0325   6.1540  -0.5186  -0.9711   2.4803   0.00    0.0
2014/09/19 13:15:30.000   63.755955247  -68.510517979    90.9782   5   9   2.2195   2.0308   6.1895  -0.5175  -0.9602   2.4896   0.00    0.0
2014/09/19 13:16:00.000   63.755959950  -68.510517292    91.6718   5   9   2.2184   2.0291   6.2248  -0.5163  -0.9486   2.4987   0.00    0.0
2014/09/19 13:16:30.000   63.755960840  -68.510515844    91.2672   5   9   2.2173   2.0274   6.2598  -0.5149  -0.9364   2.5077   0.00    0.0
2014/09/19 13:17:00.000   63.755957071  -68.510520946    90.9466   5   9   2.2161   2.0257   6.2946  -0.5134  -0.9235   2.5165   0.00    0.0
2014/09/19 13:17:30.000   63.755957070  -68.510517149    90.7981   5   9   2.2149   2.0241   6.3291  -0.5118  -0.9100   2.5251   0.00    0.0
2014/09/19 13:18:00.000   63.755958168  -68.510519156    91.2898   5   9   2.2137   2.0225   6.3633  -0.5100  -0.8957   2.5334   0.00    0.0
2014/09/19 13:18:30.000   63.755958976  -68.510520561    92.1863   5   9   2.2125   2.0209   6.3971  -0.5082  -0.8807   2.5416   0.00    0.0
2014/09/19 13:19:00.000   63.755959104  -68.510517553    91.4237   5   9   2.2112   2.0193   6.4304  -0.5062  -0.8648   2.5494   0.00    0.0
2014/09/19 13:19:30.000   63.755957297  -68.510512883    90.9716   5   9   2.2099   2.0177   6.4634  -0.5040  -0.8482   2.5570   0.00    0.0
2014/09/19 13:20:00.000   63.755956874  -68.510516301    90.5867   5   9   2.2086   2.0162   6.4958  -0.5018  -0.8306   2.5643   0.00    0.0
2014/09/19 13:20:30.000   63.755958349  -68.510512445    91.0545   5   9   2.2072   2.0147   6.5277  -0.4994  -0.8121   2.5714   0.00    0.0
2014/09/19 13:21:00.000   63.755960014  -68.510511630    89.7901   5   9   2.2058   2.0132   6.5590  -0.4969  -0.7926   2.5781   0.00    0.0
2014/09/19 13:21:30.000   63.755960883  -68.510514957    90.7039   5   9   2.2043   2.0117   6.5898  -0.4943  -0.7721   2.5844   0.00    0.0
2014/09/19 13:22:00.000   63.755958107  -68.510512744    90.1897   5   9   2.2028   2.0103   6.6198  -0.4916  -0.7504   2.5904   0.00    0.0
2014/09/19 13:22:30.000   63.755958885  -68.510514397    90.7529   5   9   2.2012   2.0089   6.6492  -0.4888  -0.7274   2.5961   0.00    0.0
2014/09/19 13:23:00.000   63.755959874  -68.510516732    91.4939   5   9   2.1996   2.0075   6.6778  -0.4859  -0.7032   2.6014   0.00    0.0
2014/09/19 13:23:30.000   63.755958043  -68.510516339    90.8061   5   9   2.1979   2.0061   6.7056  -0.4829  -0.6774   2.6062   0.00    0.0
2014/09/19 13:24:00.000   63.755958901  -68.510513188    90.3199   5   9   2.1962   2.0048   6.7326  -0.4797  -0.6501   2.6107   0.00    0.0
2014/09/19 13:24:30.000   63.755956624  -68.510516997    91.1223   5   9   2.1944   2.0035   6.7587  -0.4765  -0.6209   2.6147   0.00    0.0
2014/09/19 13:25:00.000   63.755956476  -68.510520078    91.0277   5   9   2.1926   2.0023   6.7839  -0.4733  -0.5897   2.6183   0.00    0.0
2014/09/19 13:25:30.000   63.755957720  -68.510517086    90.7972   5   9   2.1907   2.0010   6.8081  -0.4699  -0.5562   2.6215   0.00    0.0
2014/09/19 13:26:00.000   63.755959891  -68.510515115    90.8474   5   9   2.1887   1.9998   6.8313  -0.4665  -0.5198   2.6242   0.00    0.0
2014/09/19 13:26:30.000   63.755958826  -68.510517560    90.6168   5   9   2.1866   1.9987   6.8535  -0.4630  -0.4801   2.6263   0.00    0.0
2014/09/19 13:27:00.000   63.755959045  -68.510517052    90.3031   5   9   2.1845   1.9975   6.8746  -0.4594  -0.4362   2.6280   0.00    0.0
2014/09/19 13:27:30.000   63.755959624  -68.510513492    90.6414   5   9   2.1823   1.9964   6.8946  -0.4558  -0.3866   2.6292   0.00    0.0
2014/09/19 13:28:00.000   63.755960897  -68.510510679    90.8080   5   9   2.1801   1.9954   6.9134  -0.4522  -0.3290   2.6299   0.00    0.0
2014/09/19 13:28:30.000   63.755957668  -68.510512457    89.8674   5   9   2.1778   1.9943   6.9310  -0.4485  -0.2581   2.6300   0.00    0.0
2014/09/19 13:29:00.000   63.755957223  -68.510521436    89.8015   5   9   2.1754   1.9933   6.9474  -0.4448  -0.1568   2.6296   0.00    0.0
2014/09/19 13:29:30.000   63.755959147  -68.510513072    89.8946   5   9   2.1729   1.9924   6.9625  -0.4411   0.1332   2.6286   0.00    0.0
2014/09/19 13:30:00.000   63.755957080  -68.510508279    88.7110   5   9   2.1703   1.9914   6.9764  -0.4375   0.2455   2.6271   0.00    0.0
2014/09/19 13:30:30.000   63.755956879  -68.510513755    89.3772   5   9   2.1677   1.9905   6.9889  -0.4338   0.3210   2.6250   0.00    0.0
2014/09/19 13:31:00.000   63.755957621  -68.510510521    89.3579   5   9   2.1651   1.9897   7.0000  -0.4301   0.3820   2.6223   0.00    0.0
2014/09/19 13:31:30.000   63.755956432  -68.510512275    88.9759   5   9   2.1623   1.9888   7.0098  -0.4265   0.4346   2.6191   0.00    0.0
2014/09/19 13:32:00.000   63.755956358  -68.510509279    89.2034   5   9   2.1595   1.9881   7.0182  -0.4230   0.4814   2.6152   0.00    0.0
2014/09/19 13:32:30.000   63.755955769  -68.510506602    88.9700   5   9   2.1566   1.9873   7.0252  -0.4195   0.5241   2.6108   0.00    0.0
2014/09/19 13:33:00.000   63.755956288  -68.510508483    89.7827   5   9   2.1536   1.9866   7.0307  -0.4160   0.5634   2.6058   0.00    0.0
2014/09/19 13:33:30.000   63.755955605  -68.510513313    89.4795   5   9   2.1506   1.9859   7.0348  -0.4127   0.5999   2.6002   0.00    0.0
2014/09/19 13:34:00.000   63.755957704  -68.510513742    89.3946   5   9   2.1475   1.9852   7.0375  -0.4095   0.6342   2.5940   0.00    0.0
2014/09/19 13:34:30.000   63.755962210  -68.510511065    91.5613   5  10   1.8030   1.9787   5.5326   0.1095   1.0526   1.2816   0.00    0.0
2014/09/19 13:35:00.000   63.755963685  -68.510516083    90.8617   5  10   1.8020   1.9783   5.5510   0.1073   1.0666   1.2851   0.00    0.0
2014/09/19 13:35:30.000   63.755964430  -68.510512180    89.9944   5  10   1.8012   1.9779   5.5689   0.1049   1.0803   1.2886   0.00    0.0
2014/09/19 13:36:00.000   63.755960860  -68.510507819    89.9079   5  10   1.8003   1.9775   5.5863   0.1024   1.0937   1.2920   0.00    0.0
2014/09/19 13:36:30.000   63.755960937  -68.510515535    89.8011   5  10   1.7995   1.9771   5.6031   0.0997   1.1069   1.2955   0.00    0.0
2014/09/19 13:37:00.000   63.755958981  -68.510520428    91.2645   5  11   1.7699   1.8618   5.3224  -0.4514   1.5657   1.5052   0.00    0.0
2014/09/19 13:37:30.000   63.755958383  -68.510513157    91.5692   5  11   1.7687   1.8622   5.3413  -0.4533   1.5720   1.5089   0.00    0.0
2014/09/19 13:38:00.000   63.755959189  -68.510520937    91.1297   5  11   1.7676   1.8627   5.3597  -0.4551   1.5781   1.5126   0.00    0.0
2014/09/19 13:38:30.000   63.755957786  -68.510520982    91.1597   5  11   1.7664   1.8631   5.3776  -0.4570   1.5840   1.5162   0.00    0.0
2014/09/19 13:39:00.000   63.755961953  -68.510523123    90.3806   5  12   1.6586   1.8061   5.1552   0.2584   1.3404   1.8085   0.00    0.0
2014/09/19 13:39:30.000   63.755961358  -68.510524450    91.3982   5  12   1.6577   1.8056   5.1715   0.2588   1.3439   1.8117   0.00    0.0
2014/09/19 13:40:00.000   63.755959947  -68.510524296    90.5504   5  12   1.6567   1.8051   5.1874   0.2590   1.3472   1.8147   0.00    0.0
2014/09/19 13:40:30.000   63.755960871  -68.510521709    90.2216   5  12   1.6558   1.8047   5.2027   0.2591   1.3503   1.8176   0.00    0.0
2014/09/19 13:41:00.000   63.755960323  -68.510528683    89.7375   5  12   1.6549   1.8042   5.2174   0.2591   1.3532   1.8203   0.00    0.0
2014/09/19 13:41:30.000   63.755961466  -68.510525452    90.0669   5  12   1.6541   1.8037   5.2315   0.2589   1.3558   1.8229   0.00    0.0
2014/09/19 13:42:00.000   63.755961721  -68.510528855    90.3031   5  12   1.6532   1.8032   5.2451   0.2586   1.3582   1.8252   0.00    0.0
2014/09/19 13:42:30.000   63.755960488  -68.510524567    89.6113   5  12   1.6524   1.8027   5.2579   0.2582   1.3603   1.8274   0.00    0.0
2014/09/19 13:43:00.000   63.755958336  -68.510517830    90.5209   5  12   1.6515   1.8022   5.2701   0.2576   1.3622   1.8293   0.00    0.0
2014/09/19 13:43:30.000   63.755962468  -68.510522440    90.5293   5  12   1.6507   1.8017   5.2816   0.2568   1.3638   1.8311   0.00    0.0
2014/09/19 13:44:00.000   63.755961787  -68.510528222    90.6667   5  12   1.6499   1.8012   5.2925   0.2559   1.3652   1.8326   0.00    0.0
2014/09/19 13:44:30.000   63.755961498  -68.510525282    90.4859   5  12   1.6491   1.8008   5.3025   0.2548   1.3662   1.8340   0.00    0.0
2014/09/19 13:45:00.000   63.755959990  -68.510524785    89.9125   5  12   1.6483   1.8003   5.3119   0.2535   1.3670   1.8351   0.00    0.0
2014/09/19 13:45:30.000   63.755961059  -68.510523375    90.9738   5  12   1.6475   1.7998   5.3205   0.2521   1.3675   1.8359   0.00    0.0
2014/09/19 13:46:00.000   63.755964412  -68.510527802    90.4841   5  12   1.6467   1.7993   5.3283   0.2504   1.3678   1.8366   0.00    0.0
2014/09/19 13:46:30.000   63.755960417  -68.510530237    89.7605   5  12   1.6459   1.7988   5.3353   0.2486   1.3677   1.8370   0.00    0.0
2014/09/19 13:47:00.000   63.755962209  -68.510529916    89.5486   5  12   1.6452   1.7983   5.3415   0.2466   1.3673   1.8372   0.00    0.0
2014/09/19 13:47:30.000   63.755962679  -68.510528300    89.8131   5  12   1.6444   1.7978   5.3470   0.2444   1.3667   1.8371   0.00    0.0
2014/09/19 13:48:00.000   63.755962485  -68.510521053    90.0373   5  12   1.6436   1.7973   5.3515   0.2420   1.3657   1.8368   0.00    0.0
2014/09/19 13:48:30.000   63.755965025  -68.510530095    90.3890   5  12   1.6429   1.7968   5.3553   0.2393   1.3644   1.8362   0.00    0.0
2014/09/19 13:49:00.000   63.755960787  -68.510528313    90.4530   5  12   1.6421   1.7962   5.3582   0.2365   1.3628   1.8354   0.00    0.0
2014/09/19 13:49:30.000   63.755962845  -68.510533035    90.3479   5  12   1.6414   1.7957   5.3602   0.2334   1.3609   1.8343   0.00    0.0
2014/09/19 13:50:00.000   63.755960647  -68.510525055    90.4148   5  12   1.6407   1.7952   5.3615   0.2301   1.3587   1.8330   0.00    0.0
2014/09/19 13:50:30.000   63.755962221  -68.510535107    89.6951   5  12   1.6399   1.7947   5.3618   0.2265   1.3561   1.8314   0.00    0.0
2014/09/19 13:51:00.000   63.755964023  -68.510525060    90.6351   5  12   1.6392   1.7942   5.3613   0.2227   1.3533   1.8295   0.00    0.0
2014/09/19 13:51:30.000   63.755964547  -68.510529861    89.7573   5  12   1.6385   1.7936   5.3599   0.2186   1.3501   1.8275   0.00    0.0
2014/09/19 13:52:00.000   63.755965407  -68.510527174    90.0939   5  12   1.6378   1.7931   5.3577   0.2142   1.3466   1.8251   0.00    0.0
2014/09/19 13:52:30.000   63.755963334  -68.510530066    90.7294   5  12   1.6370   1.7926   5.3546   0.2095   1.3428   1.8225   0.00    0.0
2014/09/19 13:53:00.000   63.755962098  -68.510526956    90.0718   5  12   1.6363   1.7921   5.3507   0.2045   1.3386   1.8197   0.00    0.0
2014/09/19 13:53:30.000   63.755963209  -68.510532144    89.9938   5  12   1.6357   1.7915   5.3459   0.1992   1.3342   1.8166   0.00    0.0
2014/09/19 13:54:00.000   63.755963343  -68.510532969    90.3798   5  12   1.6350   1.7910   5.3403   0.1935   1.3295   1.8133   0.00    0.0
2014/09/19 13:54:30.000   63.755965276  -68.510529615    90.4972   5  12   1.6343   1.7905   5.3339   0.1875   1.3244   1.8097   0.00    0.0
2014/09/19 13:55:00.000   63.755965331  -68.510532670    89.6550   5  12   1.6336   1.7900   5.3267   0.1810   1.3190   1.8059   0.00    0.0
2014/09/19 13:55:30.000   63.755963631  -68.510532311    90.4707   5  12   1.6330   1.7894   5.3186   0.1740   1.3133   1.8019   0.00    0.0
2014/09/19 13:56:00.000   63.755963163  -68.510527002    90.4481   5  12   1.6323   1.7889   5.3098   0.1666   1.3074   1.7977   0.00    0.0
2014/09/19 13:56:30.000   63.755963898  -68.510531702    90.4429   5  12   1.6317   1.7884   5.3002   0.1586   1.3011   1.7932   0.00    0.0
2014/09/19 13:57:00.000   63.755965123  -68.510524447    90.3072   5  12   1.6311   1.7879   5.2898   0.1499   1.2945   1.7885   0.00    0.0
2014/09/19 13:57:30.000   63.755961106  -68.510531783    90.4695   5  12   1.6305   1.7874   5.2787   0.1405   1.2877   1.7836   0.00    0.0
2014/09/19 13:58:00.000   63.755960453  -68.510533114    90.3698   5  12   1.6299   1.7869   5.2669   0.1301   1.2805   1.7786   0.00    0.0
2014/09/19 13:58:30.000   63.755961680  -68.510525581    89.8656   5  12   1.6293   1.7864   5.2544   0.1186   1.2731   1.7733   0.00    0.0
2014/09/19 13:59:00.000   63.755964718  -68.510530812    89.4523   5  12   1.6288   1.7859   5.2411   0.1056   1.2654   1.7678   0.00    0.0
2014/09/19 13:59:30.000   63.755963472  -68.510532735    90.2716   5  12   1.6283   1.7854   5.2273   0.0904   1.2575   1.7622   0.00    0.0
2014/09/19 14:00:00.000   63.755961173  -68.510525397    90.3564   5  12   1.6870   1.8061   5.3776  -0.1104   1.1070   1.8410   0.00    0.0
2014/09/19 14:00:30.000   63.755961842  -68.510537214    90.1573   5  12   1.6860   1.8058   5.3560  -0.1221   1.0993   1.8308   0.00    0.0
2014/09/19 14:01:00.000   63.755963058  -68.510529763    90.3496   5  12   1.6850   1.8055   5.3338  -0.1328   1.0914   1.8205   0.00    0.0
2014/09/19 14:01:30.000   63.755961314  -68.510524018    90.1801   5  12   1.6841   1.8052   5.3113  -0.1428   1.0833   1.8102   0.00    0.0
2014/09/19 14:02:00.000   63.755962437  -68.510524601    91.0392   5  11   1.7926   1.8099   5.4281   0.2426   0.9964   1.5761   0.00    0.0
2014/09/19 14:02:30.000   63.755962788  -68.510530362    90.8988   5  11   1.7924   1.8094   5.4044   0.2337   0.9892   1.5642   0.00    0.0
2014/09/19 14:03:00.000   63.755963449  -68.510524908    90.5262   5  11   1.7923   1.8090   5.3804   0.2244   0.9817   1.5521   0.00    0.0
2014/09/19 14:03:30.000   63.755960028  -68.510534710    91.4159   5  11   1.7923   1.8086   5.3560   0.2146   0.9741   1.5401   0.00    0.0
2014/09/19 14:04:00.000   63.755960849  -68.510526896    90.9016   5  11   1.7923   1.8083   5.3313   0.2045   0.9663   1.5280   0.00    0.0
2014/09/19 14:04:30.000   63.755963932  -68.510535250    91.2282   5  11   1.7924   1.8079   5.3062   0.1937   0.9584   1.5158   0.00    0.0
2014/09/19 14:05:00.000   63.755962010  -68.510532478    90.5559   5  11   1.7925   1.8076   5.2810   0.1824   0.9502   1.5037   0.00    0.0
2014/09/19 14:05:30.000   63.755960007  -68.510530373    90.7538   5  11   1.7927   1.8073   5.2554   0.1703   0.9419   1.4916   0.00    0.0
2014/09/19 14:06:00.000   63.755960057  -68.510531808    90.3785   5  11   1.7930   1.8070   5.2297   0.1573   0.9334   1.4794   0.00    0.0
2014/09/19 14:06:30.000   63.755963231  -68.510525938    90.5061   5  11   1.7933   1.8068   5.2037   0.1432   0.9247   1.4673   0.00    0.0
2014/09/19 14:07:00.000   63.755965244  -68.510530670    91.8556   5  11   1.7937   1.8066   5.1776   0.1275   0.9159   1.4552   0.00    0.0
2014/09/19 14:07:30.000   63.755961206  -68.510532879    90.8581   5  11   1.7942   1.8064   5.1514   0.1096   0.9069   1.4431   0.00    0.0
2014/09/19 14:08:00.000   63.755960791  -68.510526965    91.1474   5  11   1.7947   1.8062   5.1251   0.0882   0.8978   1.4311   0.00    0.0
2014/09/19 14:08:30.000   63.755965092  -68.510525742    91.7319   5  11   1.7953   1.8061   5.0986   0.0597   0.8885   1.4192   0.00    0.0
2014/09/19 14:09:00.000   63.755960785  -68.510524991    91.0119   5  12   1.6421   1.8043   4.6853  -0.2411   0.7869   0.7533   0.00    0.0
2014/09/19 14:09:30.000   63.755965392  -68.510522223    91.1691   5  12   1.6430   1.8043   4.6720  -0.2463   0.7808   0.7498   0.00    0.0
2014/09/19 14:10:00.000   63.755962468  -68.510534790    91.1903   5  12   1.6440   1.8043   4.6584  -0.2513   0.7746   0.7464   0.00    0.0
2014/09/19 14:10:30.000   63.755960961  -68.510532540    90.8621   5  12   1.6451   1.8044   4.6445  -0.2562   0.7681   0.7432   0.00    0.0
2014/09/19 14:11:00.000   63.755962666  -68.510534554    90.9651   5  12   1.6462   1.8045   4.6305  -0.2611   0.7615   0.7402   0.00    0.0
2014/09/19 14:11:30.000   63.755965657  -68.510525157    90.2898   5  12   1.6473   1.8047   4.6162  -0.2658   0.7546   0.7374   0.00    0.0
2014/09/19 14:12:00.000   63.755964425  -68.510534161    91.8000   5  12   1.6485   1.8048   4.6017  -0.2704   0.7475   0.7348   0.00    0.0
2014/09/19 14:12:30.000   63.755962746  -68.510533088    90.9352   5  12   1.6498   1.8050   4.5870  -0.2749   0.7402   0.7323   0.00    0.0
2014/09/19 14:13:00.000   63.755962196  -68.510532921    91.1276   5  12   1.6511   1.8052   4.5721  -0.2794   0.7327   0.7300   0.00    0.0
2014/09/19 14:13:30.000   63.755964274  -68.510531753    91.7507   5  12   1.6524   1.8055   4.5570  -0.2838   0.7249   0.7279   0.00    0.0
2014/09/19 14:14:00.000   63.755967629  -68.510528208    91.8408   5  11   1.8066   1.8058   4.8896  -0.2920   0.7130   1.3580   0.00    0.0
2014/09/19 14:14:30.000   63.755964977  -68.510532868    91.0938   5  11   1.8081   1.8061   4.8778  -0.2973   0.7035   1.3590   0.00    0.0
2014/09/19 14:15:00.000   63.755962261  -68.510525722    90.2249   5  10   1.8262   2.0368   5.1836   0.3743  -1.0956   1.1873   0.00    0.0
2014/09/19 14:15:30.000   63.755963475  -68.510531473    90.6099   5  10   1.8273   2.0367   5.1771   0.3652  -1.1074   1.1896   0.00    0.0
2014/09/19 14:16:00.000   63.755968568  -68.510520708    90.8613   5  10   1.8284   2.0366   5.1703   0.3559  -1.1189   1.1919   0.00    0.0
2014/09/19 14:16:30.000   63.755963202  -68.510532240    90.7350   5  10   1.8295   2.0365   5.1630   0.3464  -1.1301   1.1942   0.00    0.0
2014/09/19 14:17:00.000   63.755962809  -68.510531932    90.7383   5  10   1.8307   2.0365   5.1554   0.3365  -1.1412   1.1966   0.00    0.0
2014/09/19 14:17:30.000   63.755963825  -68.510530726    90.8015   5  10   1.8319   2.0365   5.1475   0.3263  -1.1519   1.1991   0.00    0.0
2014/09/19 14:18:00.000   63.755965952  -68.510525382    91.0521   5  10   1.8332   2.0366   5.1392   0.3158  -1.1625   1.2016   0.00    0.0
2014/09/19 14:18:30.000   63.755967717  -68.510521891    89.9406   5  10   1.8346   2.0367   5.1306   0.3048  -1.1728   1.2042   0.00    0.0
2014/09/19 14:19:00.000   63.755967542  -68.510529483    91.0134   5  10   1.8360   2.0368   5.1216   0.2934  -1.1829   1.2068   0.00    0.0
2014/09/19 14:19:30.000   63.755964338  -68.510527866    91.0164   5  10   1.8374   2.0370   5.1123   0.2815  -1.1928   1.2095   0.00    0.0
2014/09/19 14:20:00.000   63.755965698  -68.510530207    90.6182   5  10   1.8389   2.0372   5.1027   0.2691  -1.2024   1.2123   0.00    0.0
2014/09/19 14:20:30.000   63.755966114  -68.510521978    90.6338   5  10   1.8404   2.0374   5.0928   0.2559  -1.2119   1.2151   0.00    0.0
2014/09/19 14:21:00.000   63.755966198  -68.510521353    91.4978   5  10   1.8420   2.0377   5.0826   0.2420  -1.2211   1.2179   0.00    0.0
2014/09/19 14:21:30.000   63.755965678  -68.510531279    90.6070   5  10   1.8437   2.0380   5.0722   0.2272  -1.2301   1.2208   0.00    0.0
2014/09/19 14:22:00.000   63.755967778  -68.510533921    90.8126   5  10   1.8454   2.0383   5.0614   0.2114  -1.2389   1.2237   0.00    0.0
2014/09/19 14:22:30.000   63.755963951  -68.510526955    90.5137   5  10   1.8471   2.0386   5.0504   0.1941  -1.2475   1.2267   0.00    0.0
2014/09/19 14:23:00.000   63.755970013  -68.510526255    90.6525   5  10   1.8489   2.0390   5.0391   0.1751  -1.2559   1.2298   0.00    0.0
2014/09/19 14:23:30.000   63.755966711  -68.510526602    90.9879   5  10   1.8507   2.0395   5.0276   0.1537  -1.2641   1.2328   0.00    0.0
2014/09/19 14:24:00.000   63.755967121  -68.510533271    90.7965   5  10   1.8526   2.0399   5.0158   0.1286  -1.2721   1.2360   0.00    0.0
2014/09/19 14:24:30.000   63.755967139  -68.510530318    90.1828   5  10   1.8546   2.0404   5.0038   0.0971  -1.2799   1.2392   0.00    0.0
2014/09/19 14:25:00.000   63.755965941  -68.510529328    90.5301   5  10   1.8566   2.0410   4.9916   0.0478  -1.2875   1.2424   0.00    0.0
2014/09/19 14:25:30.000   63.755963868  -68.510532379    91.1484   5  10   1.8586   2.0415   4.9792  -0.0699  -1.2950   1.2457   0.00    0.0
2014/09/19 14:26:00.000   63.755963527  -68.510526225    91.4359   5  10   1.8607   2.0421   4.9666  -0.1100  -1.3022   1.2490   0.00    0.0
2014/09/19 14:26:30.000   63.755965791  -68.510528776    91.2620   5  10   1.8629   2.0428   4.9538  -0.1390  -1.3093   1.2524   0.00    0.0
2014/09/19 14:27:00.000   63.755961664  -68.510528654    90.5754   5  10   1.8651   2.0434   4.9408  -0.1631  -1.3163   1.2558   0.00    0.0
2014/09/19 14:27:30.000   63.755966169  -68.510525113    90.7667   5  10   1.8674   2.0441   4.9277  -0.1842  -1.3230   1.2593   0.00    0.0
2014/09/19 14:28:00.000   63.755968623  -68.510520169    90.7248   5  10   1.8697   2.0449   4.9145  -0.2031  -1.3296   1.2629   0.00    0.0
2014/09/19 14:28:30.000   63.755965490  -68.510531613    91.8991   5  11   1.8452   1.9324   4.7107  -0.5108  -1.6410   1.0845   0.00    0.0
2014/09/19 14:29:00.000   63.755964911  -68.510523418    91.4873   5  11   1.8479   1.9321   4.7040  -0.5181  -1.6422   1.0934   0.00    0.0
2014/09/19 14:29:30.000   63.755965829  -68.510526361    90.4848   5  11   1.8507   1.9318   4.6970  -0.5254  -1.6433   1.1022   0.00    0.0
2014/09/19 14:30:00.000   63.755960844  -68.510534386    91.0297   5  11   1.8535   1.9315   4.6899  -0.5325  -1.6442   1.1111   0.00    0.0
2014/09/19 14:30:30.000   63.755963327  -68.510538021    91.2706   5  11   1.8565   1.9312   4.6825  -0.5396  -1.6450   1.1200   0.00    0.0
2014/09/19 14:31:00.000   63.755956866  -68.510529257    89.5666   5  10   2.1207   1.9480   5.2143  -0.7496  -1.8177   1.9052   0.00    0.0
2014/09/19 14:31:30.000   63.755960537  -68.510519597    90.1061   5  10   2.1264   1.9485   5.2185  -0.7595  -1.8236   1.9210   0.00    0.0
2014/09/19 14:32:00.000   63.755960023  -68.510525605    90.6582   5  10   2.1322   1.9490   5.2224  -0.7694  -1.8293   1.9367   0.00    0.0
2014/09/19 14:32:30.000   63.755957661  -68.510529859    90.1810   5  10   2.1381   1.9496   5.2261  -0.7792  -1.8349   1.9522   0.00    0.0
2014/09/19 14:33:00.000   63.755961107  -68.510524139    90.2593   5  10   2.1441   1.9501   5.2295  -0.7889  -1.8403   1.9676   0.00    0.0
2014/09/19 14:33:30.000   63.755957965  -68.510534730    90.7413   5  10   2.1502   1.9507   5.2326  -0.7984  -1.8457   1.9829   0.00    0.0
2014/09/19 14:34:00.000   63.755959055  -68.510526807    90.7723   5  10   2.1563   1.9513   5.2354  -0.8079  -1.8508   1.9981   0.00    0.0
2014/09/19 14:34:30.000   63.755962653  -68.510517624    89.5204   5  10   2.1625   1.9519   5.2380  -0.8173  -1.8559   2.0131   0.00    0.0
2014/09/19 14:35:00.000   63.755960968  -68.510528610    90.3721   5  10   2.1688   1.9525   5.2402  -0.8266  -1.8607   2.0280   0.00    0.0
2014/09/19 14:35:30.000   63.755962092  -68.510525348    89.6243   5  10   2.1751   1.9532   5.2422  -0.8357  -1.8655   2.0427   0.00    0.0
2014/09/19 14:36:00.000   63.755958933  -68.510519502    90.0571   5  10   2.1816   1.9539   5.2439  -0.8448  -1.8700   2.0573   0.00    0.0
2014/09/19 14:36:30.000   63.755962118  -68.510516368    89.2095   5   9   2.2051   2.1236   5.3987  -0.9777  -1.5661   1.9856   0.00    0.0
2014/09/19 14:37:00.000   63.755958930  -68.510524283    89.5940   5   9   2.2108   2.1230   5.4032  -0.9823  -1.5685   2.0016   0.00    0.0
2014/09/19 14:37:30.000   63.755958465  -68.510526431    89.9725   5   9   2.2166   2.1225   5.4075  -0.9869  -1.5708   2.0175   0.00    0.0
2014/09/19 14:38:00.000   63.755958400  -68.510526473    89.7376   5   9   2.2225   2.1220   5.4116  -0.9914  -1.5730   2.0332   0.00    0.0
2014/09/19 14:38:30.000   63.755959061  -68.510522798    90.1525   5   9   2.2284   2.1216   5.4153  -0.9959  -1.5750   2.0488   0.00    0.0
2014/09/19 14:39:00.000   63.755958640  -68.510522177    89.2516   5   9   2.2345   2.1211   5.4188  -1.0003  -1.5770   2.0643   0.00    0.0
2014/09/19 14:39:30.000   63.755960344  -68.510529511    89.7071   5   9   2.2406   2.1206   5.4220  -1.0048  -1.5787   2.0796   0.00    0.0
2014/09/19 14:40:00.000   63.755959975  -68.510518540    89.7243   5   9   2.2468   2.1202   5.4249  -1.0091  -1.5804   2.0948   0.00    0.0
2014/09/19 14:40:30.000   63.755962810  -68.510525674    89.8070   5   9   2.2531   2.1198   5.4275  -1.0135  -1.5819   2.1098   0.00    0.0
2014/09/19 14:41:00.000   63.755958957  -68.510523128    89.5520   5   9   2.2594   2.1193   5.4298  -1.0178  -1.5833   2.1246   0.00    0.0
2014/09/19 14:41:30.000   63.755956194  -68.510523582    89.1798   5   9   2.2658   2.1189   5.4318  -1.0220  -1.5846   2.1394   0.00    0.0
2014/09/19 14:42:00.000   63.755959224  -68.510528194    89.7272   5   9   2.2723   2.1185   5.4335  -1.0262  -1.5857   2.1539   0.00    0.0
2014/09/19 14:42:30.000   63.755959146  -68.510519904    89.5965   5   9   2.2788   2.1182   5.4350  -1.0304  -1.5867   2.1683   0.00    0.0
2014/09/19 14:43:00.000   63.755959868  -68.510527770    90.2192   5   9   2.2854   2.1178   5.4361  -1.0346  -1.5876   2.1825   0.00    0.0
2014/09/19 14:43:30.000   63.755959088  -68.510532941    90.1764   5   9   2.2921   2.1175   5.4369  -1.0386  -1.5883   2.1966   0.00    0.0
2014/09/19 14:44:00.000   63.755961453  -68.510523671    89.9207   5   9   2.2988   2.1171   5.4374  -1.0427  -1.5890   2.2104   0.00    0.0
2014/09/19 14:44:30.000   63.755960318  -68.510533341    89.7751   5   9   2.3056   2.1168   5.4376  -1.0467  -1.5895   2.2241   0.00    0.0
2014/09/19 14:45:00.000   63.755961090  -68.510532092    89.9759   5   9   2.3125   2.1165   5.4375  -1.0507  -1.5898   2.2376   0.00    0.0
2014/09/19 14:45:30.000   63.755960398  -68.510528342    89.9689   5   9   2.3194   2.1162   5.4371  -1.0546  -1.5901   2.2510   0.00    0.0
2014/09/19 14:46:00.000   63.755961349  -68.510531215    89.1513   5   9   2.3263   2.1159   5.4363  -1.0585  -1.5902   2.2641   0.00    0.0
2014/09/19 14:46:30.000   63.755955023  -68.510516025    90.0274   5   8   2.7644   2.4614   5.6442  -1.7301  -0.7842   1.7117   0.00    0.0
2014/09/19 14:47:00.000   63.755955645  -68.510518025    89.9500   5   8   2.7686   2.4628   5.6421  -1.7326  -0.7831   1.7313   0.00    0.0
2014/09/19 14:47:30.000   63.755953934  -68.510519001    90.1207   5   8   2.7728   2.4643   5.6397  -1.7351  -0.7817   1.7506   0.00    0.0
2014/09/19 14:48:00.000   63.755959329  -68.510519602    89.6554   5   8   2.7771   2.4657   5.6371  -1.7375  -0.7801   1.7694   0.00    0.0
2014/09/19 14:48:30.000   63.755946047  -68.510507628    91.5201   5   8   2.7814   2.4672   5.6342  -1.7398  -0.7782   1.7878   0.00    0.0
2014/09/19 14:49:00.000   63.755958180  -68.510519234    89.7407   5   8   2.7857   2.4686   5.6310  -1.7421  -0.7761   1.8059   0.00    0.0
2014/09/19 14:49:30.000   63.755952459  -68.510512024    91.2127   5   8   2.7901   2.4701   5.6275  -1.7444  -0.7737   1.8235   0.00    0.0
2014/09/19 14:50:00.000   63.755956417  -68.510512779    90.2798   5   8   2.7946   2.4715   5.6237  -1.7466  -0.7710   1.8408   0.00    0.0
2014/09/19 14:50:30.000   63.755952199  -68.510515172    90.5926   5   8   2.7990   2.4730   5.6197  -1.7487  -0.7681   1.8577   0.00    0.0
2014/09/19 14:51:00.000   63.755956216  -68.510519684    89.7140   5   8   2.8035   2.4744   5.6154  -1.7508  -0.7649   1.8743   0.00    0.0
2014/09/19 14:51:30.000   63.755953378  -68.510515229    90.6695   5   8   2.8080   2.4758   5.6108  -1.7528  -0.7615   1.8905   0.00    0.0
2014/09/19 14:52:00.000   63.755956222  -68.510518123    90.0436   5   8   2.8125   2.4773   5.6059  -1.7548  -0.7578   1.9063   0.00    0.0
2014/09/19 14:52:30.000   63.755957049  -68.510517783    90.0748   5   8   2.8171   2.4787   5.6008  -1.7567  -0.7538   1.9217   0.00    0.0
2014/09/19 14:53:00.000   63.755957598  -68.510515647    90.3153   5   8   2.8217   2.4802   5.5954  -1.7585  -0.7495   1.9368   0.00    0.0
2014/09/19 14:53:30.000   63.755954011  -68.510519818    90.1864   5   8   2.8263   2.4816   5.5897  -1.7603  -0.7450   1.9516   0.00    0.0
2014/09/19 14:54:00.000   63.755959698  -68.510512224    89.4640   5   8   2.8309   2.4831   5.5838  -1.7621  -0.7402   1.9660   0.00    0.0
2014/09/19 14:54:30.000   63.755956172  -68.510507298    89.6416   5   8   2.8356   2.4845   5.5776  -1.7638  -0.7352   1.9801   0.00    0.0
2014/09/19 14:55:00.000   63.755959621  -68.510516025    89.7628   5   8   2.8403   2.4859   5.5712  -1.7654  -0.7298   1.9938   0.00    0.0
2014/09/19 14:55:30.000   63.755955869  -68.510518176    90.5530   5   8   2.8449   2.4874   5.5645  -1.7670  -0.7242   2.0072   0.00    0.0
2014/09/19 14:56:00.000   63.755954283  -68.510521460    90.5301   5   8   2.8496   2.4888   5.5575  -1.7685  -0.7183   2.0203   0.00    0.0
2014/09/19 14:56:30.000   63.755955449  -68.510519652    89.8937   5   8   2.8543   2.4903   5.5503  -1.7699  -0.7122   2.0331   0.00    0.0
2014/09/19 14:57:00.000   63.755955770  -68.510518093    90.6220   5   8   2.8590   2.4917   5.5429  -1.7713  -0.7057   2.0455   0.00    0.0
2014/09/19 14:57:30.000   63.755954420  -68.510522807    91.0120   5   8   2.8638   2.4932   5.5353  -1.7727  -0.6990   2.0576   0.00    0.0
2014/09/19 14:58:00.000   63.755961535  -68.510525053    89.4896   5   8   2.8685   2.4947   5.5274  -1.7740  -0.6919   2.0694   0.00    0.0
2014/09/19 14:58:30.000   63.755958752  -68.510521929    90.0558   5   8   2.8732   2.4961   5.5192  -1.7752  -0.6846   2.0809   0.00    0.0
2014/09/19 14:59:00.000   63.755964013  -68.510523609    89.6577   5   8   2.8779   2.4976   5.5109  -1.7764  -0.6770   2.0921   0.00    0.0
2014/09/19 14:59:30.000   63.755956084  -68.510511051    90.4147   5   8   2.8827   2.4991   5.5023  -1.7775  -0.6690   2.1029   0.00    0.0
2014/09/19 15:00:00.000   63.755957240  -68.510505622    89.7161   5   8   2.7536   2.4534   5.2724  -1.7464  -0.9870   1.9577   0.00    0.0
2014/09/19 15:00:30.000   63.755958017  -68.510513347    90.4093   5   8   2.7575   2.4551   5.2576  -1.7481  -0.9829   1.9629   0.00    0.0
2014/09/19 15:01:00.000   63.755957297  -68.510512694    91.1047   5   8   2.7614   2.4567   5.2426  -1.7497  -0.9787   1.9679   0.00    0.0
2014/09/19 15:01:30.000   63.755960422  -68.510509995    90.5226   5   8   2.7652   2.4584   5.2275  -1.7513  -0.9742   1.9725   0.00    0.0
2014/09/19 15:02:00.000   63.755959216  -68.510509426    89.6678   5   8   2.7690   2.4601   5.2122  -1.7528  -0.9695   1.9770   0.00    0.0
2014/09/19 15:02:30.000   63.755958988  -68.510503570    90.8824   5   8   2.7729   2.4618   5.1968  -1.7543  -0.9646   1.9811   0.00    0.0
2014/09/19 15:03:00.000   63.755964260  -68.510513515    90.2086   5   8   2.7767   2.4635   5.1813  -1.7558  -0.9595   1.9850   0.00    0.0
2014/09/19 15:03:30.000   63.755959694  -68.510513322    90.8889   5   8   2.7805   2.4652   5.1656  -1.7572  -0.9542   1.9886   0.00    0.0
2014/09/19 15:04:00.000   63.755968443  -68.510505507    89.7921   5   8   2.7842   2.4669   5.1498  -1.7585  -0.9487   1.9920   0.00    0.0
2014/09/19 15:04:30.000   63.755959024  -68.510501719    90.4679   5   8   2.7880   2.4686   5.1340  -1.7598  -0.9431   1.9952   0.00    0.0
2014/09/19 15:05:00.000   63.755967898  -68.510510195    90.4322   5   8   2.7918   2.4703   5.1180  -1.7610  -0.9372   1.9981   0.00    0.0
2014/09/19 15:05:30.000   63.755960505  -68.510502127    90.2603   5   8   2.7955   2.4720   5.1020  -1.7622  -0.9312   2.0008   0.00    0.0
2014/09/19 15:06:00.000   63.755962282  -68.510513326    90.0626   5   8   2.7992   2.4737   5.0859  -1.7633  -0.9250   2.0033   0.00    0.0
2014/09/19 15:06:30.000   63.755959522  -68.510512161    90.3221   5   8   2.8029   2.4755   5.0697  -1.7644  -0.9187   2.0055   0.00    0.0
2014/09/19 15:07:00.000   63.755966031  -68.510520774    90.8014   5   8   2.8066   2.4772   5.0535  -1.7655  -0.9121   2.0076   0.00    0.0
2014/09/19 15:07:30.000   63.755964756  -68.510514366    90.9831   5   8   2.8103   2.4790   5.0372  -1.7665  -0.9054   2.0095   0.00    0.0
2014/09/19 15:08:00.000   63.755964065  -68.510505999    90.0522   5   8   2.8140   2.4807   5.0209  -1.7674  -0.8986   2.0112   0.00    0.0
2014/09/19 15:08:30.000   63.755959078  -68.510512420    91.1213   5   8   2.8177   2.4825   5.0046  -1.7683  -0.8916   2.0127   0.00    0.0
2014/09/19 15:09:00.000   63.755970698  -68.510519404    90.8094   5   8   2.8213   2.4843   4.9883  -1.7692  -0.8844   2.0140   0.00    0.0
2014/09/19 15:09:30.000   63.755963969  -68.510520173    90.9578   5   8   2.8250   2.4861   4.9720  -1.7700  -0.8771   2.0152   0.00    0.0
2014/09/19 15:10:00.000   63.755962672  -68.510513829    90.9696   5   8   2.8286   2.4879   4.9557  -1.7708  -0.8696   2.0162   0.00    0.0
2014/09/19 15:10:30.000   63.755966489  -68.510509799    90.5688   5   8   2.8323   2.4897   4.9393  -1.7716  -0.8620   2.0170   0.00    0.0
2014/09/19 15:11:00.000   63.755967270  -68.510516244    90.8139   5   8   2.8359   2.4915   4.9231  -1.7723  -0.8542   2.0177   0.00    0.0
2014/09/19 15:11:30.000   63.755961515  -68.510510223    90.0590   5   8   2.8395   2.4934   4.9068  -1.7730  -0.8463   2.0183   0.00    0.0
2014/09/19 15:12:00.000   63.755966603  -68.510521076    90.3314   5   8   2.8432   2.4953   4.8906  -1.7736  -0.8383   2.0187   0.00    0.0
2014/09/19 15:12:30.000   63.755967001  -68.510527192    91.8422   5   9   2.6737   2.2184   4.4158  -1.4238   1.2951   1.4349   0.00    0.0
2014/09/19 15:13:00.000   63.755967315  -68.510516218    91.3056   5   9   2.6780   2.2194   4.4080  -1.4242   1.2927   1.4433   0.00    0.0
2014/09/19 15:13:30.000   63.755972643  -68.510530186    92.5149   5   9   2.6824   2.2204   4.4002  -1.4247   1.2903   1.4516   0.00    0.0
2014/09/19 15:14:00.000   63.755966788  -68.510519817    90.9996   5   9   2.6868   2.2214   4.3924  -1.4252   1.2879   1.4597   0.00    0.0
2014/09/19 15:14:30.000   63.755964867  -68.510519765    90.5134   5   9   2.6912   2.2225   4.3846  -1.4257   1.2854   1.4677   0.00    0.0
2014/09/19 15:15:00.000   63.755968295  -68.510521925    91.5941   5   9   2.6957   2.2236   4.3768  -1.4262   1.2829   1.4755   0.00    0.0
2014/09/19 15:15:30.000   63.755971706  -68.510529425    91.4136   5   9   2.7003   2.2248   4.3690  -1.4268   1.2804   1.4833   0.00    0.0
2014/09/19 15:16:00.000   63.755970786  -68.510522665    91.6214   5   9   2.7049   2.2260   4.3612  -1.4274   1.2779   1.4909   0.00    0.0
2014/09/19 15:16:30.000   63.755967679  -68.510526789    91.8133   5   9   2.7095   2.2272   4.3535  -1.4281   1.2753   1.4984   0.00    0.0
2014/09/19 15:17:00.000   63.755973059  -68.510530428    91.8893   5   9   2.7142   2.2285   4.3457  -1.4287   1.2728   1.5058   0.00    0.0
2014/09/19 15:17:30.000   63.755970855  -68.510521660    91.7184   5   9   2.7190   2.2298   4.3380  -1.4294   1.2702   1.5131   0.00    0.0
2014/09/19 15:18:00.000   63.755971328  -68.510521197    92.0825   5   9   2.7238   2.2312   4.3304  -1.4302   1.2676   1.5202   0.00    0.0
2014/09/19 15:18:30.000   63.755973614  -68.510533775    92.1634   5   9   2.7287   2.2326   4.3227  -1.4310   1.2650   1.5273   0.00    0.0
2014/09/19 15:19:00.000   63.755974156  -68.510532013    92.7636   5   9   2.7336   2.2341   4.3152  -1.4318   1.2624   1.5343   0.00    0.0
2014/09/19 15:19:30.000   63.755971984  -68.510527091    92.8728   5   9   2.7386   2.2356   4.3076  -1.4326   1.2597   1.5412   0.00    0.0
2014/09/19 15:20:00.000   63.755969864  -68.510527284    91.0336   5   9   2.7436   2.2372   4.3001  -1.4335   1.2571   1.5480   0.00    0.0
2014/09/19 15:20:30.000   63.755973803  -68.510523440    92.0741   5   9   2.7487   2.2388   4.2927  -1.4344   1.2545   1.5547   0.00    0.0
2014/09/19 15:21:00.000   63.755968025  -68.510525853    92.0883   5   9   2.7538   2.2405   4.2853  -1.4354   1.2519   1.5614   0.00    0.0
2014/09/19 15:21:30.000   63.755972930  -68.510524853    91.7739   5   9   2.7590   2.2422   4.2780  -1.4364   1.2493   1.5679   0.00    0.0
2014/09/19 15:22:00.000   63.755972208  -68.510525948    91.8152   5   9   2.7642   2.2439   4.2708  -1.4374   1.2466   1.5744   0.00    0.0
2014/09/19 15:22:30.000   63.755954919  -68.510509340    92.6056   5   8   4.7323   2.4655   4.6638  -2.4440   1.8629  -2.1803   0.00    0.0
2014/09/19 15:23:00.000   63.755953358  -68.510511965    92.6152   5   7   5.7328   2.4880   5.8361  -2.2666   1.5810  -4.0076   0.00    0.0
2014/09/19 15:23:30.000   63.755957529  -68.510514642    92.2050   5   7   5.7409   2.4937   5.8351  -2.2881   1.5956  -4.0074   0.00    0.0
2014/09/19 15:24:00.000   63.755955259  -68.510514708    92.5444   5   7   5.7488   2.4996   5.8341  -2.3095   1.6102  -4.0071   0.00    0.0
2014/09/19 15:24:30.000   63.755963689  -68.510510657    92.2735   5   7   5.7566   2.5056   5.8331  -2.3308   1.6246  -4.0065   0.00    0.0
2014/09/19 15:25:00.000   63.755959345  -68.510511034    92.0217   5   7   5.7644   2.5117   5.8319  -2.3518   1.6390  -4.0057   0.00    0.0
2014/09/19 15:25:30.000   63.755956951  -68.510516977    93.4140   5   7   5.7720   2.5180   5.8308  -2.3727   1.6532  -4.0047   0.00    0.0
2014/09/19 15:26:00.000   63.755941840  -68.510522158    92.4499   5   6   7.0324   2.5827   6.9987  -1.8821   2.2122  -0.7155   0.00    0.0
2014/09/19 15:26:30.000   63.755941016  -68.510523897    91.3146   5   6   7.0567   2.5882   7.0408  -1.9083   2.2283  -0.2542   0.00    0.0
2014/09/19 15:27:00.000   63.755947933  -68.510516954    89.5229   5   6   7.0811   2.5939   7.0841  -1.9341   2.2445   0.6289   0.00    0.0
2014/09/19 15:27:30.000   63.755951437  -68.510512621    90.7971   5   6   7.1058   2.5997   7.1286  -1.9595   2.2606   0.9321   0.00    0.0
2014/09/19 15:28:00.000   63.755947028  -68.510515585    91.8323   5   6   7.1306   2.6057   7.1745  -1.9845   2.2767   1.1643   0.00    0.0
2014/09/19 15:28:30.000   63.755949724  -68.510516581    91.1704   5   6   7.1557   2.6119   7.2216  -2.0092   2.2928   1.3624   0.00    0.0
2014/09/19 15:29:00.000   63.755952402  -68.510512053    89.9210   5   6   7.1809   2.6182   7.2701  -2.0334   2.3089   1.5397   0.00    0.0
2014/09/19 15:29:30.000   63.755947711  -68.510516093    90.6506   5   6   7.2063   2.6247   7.3199  -2.0573   2.3250   1.7028   0.00    0.0
2014/09/19 15:30:00.000   63.755950740  -68.510516980    91.4967   5   6   7.2318   2.6313   7.3712  -2.0807   2.3411   1.8555   0.00    0.0
2014/09/19 15:30:30.000   63.755951019  -68.510517514    91.1917   5   6   7.2576   2.6381   7.4239  -2.1039   2.3573   2.0004   0.00    0.0
2014/09/19 15:31:00.000   63.755950979  -68.510516699    91.0945   5   6   7.2835   2.6451   7.4781  -2.1266   2.3735   2.1390   0.00    0.0
2014/09/19 15:31:30.000   63.755969711  -68.510526592    89.5163   5   7   4.2042   2.3664   7.1084   1.5948   1.6498   4.4820   0.00    0.0
2014/09/19 15:32:00.000   63.755966595  -68.510523473    90.4921   5   7   4.2329   2.3655   7.1776   1.6030   1.6691   4.5359   0.00    0.0
2014/09/19 15:32:30.000   63.755969727  -68.510523488    89.4964   5   7   4.2622   2.3646   7.2483   1.6115   1.6888   4.5907   0.00    0.0
2014/09/19 15:33:00.000   63.755970760  -68.510532067    90.7658   5   7   4.2922   2.3638   7.3205   1.6202   1.7088   4.6464   0.00    0.0
2014/09/19 15:33:30.000   63.755968209  -68.510524174    89.5759   5   7   4.3228   2.3631   7.3941   1.6292   1.7292   4.7030   0.00    0.0
2014/09/19 15:34:00.000   63.755973460  -68.510530040    91.2043   5   7   4.3540   2.3624   7.4691   1.6384   1.7500   4.7605   0.00    0.0
2014/09/19 15:34:30.000   63.755969801  -68.510529507    91.5140   5   7   4.3858   2.3617   7.5457   1.6479   1.7711   4.8190   0.00    0.0
2014/09/19 15:35:00.000   63.755967046  -68.510521697    90.1949   5   7   4.4183   2.3611   7.6239   1.6577   1.7926   4.8784   0.00    0.0
2014/09/19 15:35:30.000   63.755965219  -68.510521623    89.4780   5   7   4.4515   2.3606   7.7035   1.6677   1.8146   4.9388   0.00    0.0
2014/09/19 15:36:00.000   63.755965636  -68.510526522    91.0490   5   7   4.4853   2.3601   7.7847   1.6779   1.8369   5.0001   0.00    0.0
2014/09/19 15:36:30.000   63.755967119  -68.510527594    90.2352   5   7   4.5198   2.3597   7.8675   1.6884   1.8596   5.0624   0.00    0.0
2014/09/19 15:37:00.000   63.755973995  -68.510529915    91.1472   5   7   4.5549   2.3593   7.9519   1.6992   1.8827   5.1256   0.00    0.0
2014/09/19 15:37:30.000   63.755972559  -68.510529137    91.8407   5   7   4.5907   2.3590   8.0378   1.7103   1.9062   5.1898   0.00    0.0
2014/09/19 15:38:00.000   63.755973422  -68.510528887    91.4419   5   7   4.6271   2.3587   8.1253   1.7216   1.9300   5.2550   0.00    0.0
2014/09/19 15:38:30.000   63.755971871  -68.510529913    90.6356   5   7   4.6642   2.3585   8.2145   1.7332   1.9543   5.3212   0.00    0.0
2014/09/19 15:39:00.000   63.755966549  -68.510525570    90.1022   5   7   4.7020   2.3584   8.3052   1.7450   1.9790   5.3883   0.00    0.0
2014/09/19 15:39:30.000   63.755969360  -68.510525104    90.8944   5   7   4.7404   2.3583   8.3976   1.7571   2.0040   5.4564   0.00    0.0
2014/09/19 15:40:00.000   63.755965201  -68.510526364    90.0552   5   7   4.7794   2.3583   8.4915   1.7694   2.0294   5.5254   0.00    0.0
2014/09/19 15:40:30.000   63.755970162  -68.510528351    90.9386   5   7   4.8191   2.3583   8.5870   1.7820   2.0552   5.5954   0.00    0.0
2014/09/19 15:41:00.000   63.755976402  -68.510531484    92.9646   5   7   4.8594   2.3584   8.6840   1.7949   2.0814   5.6662   0.00    0.0
2014/09/19 15:41:30.000   63.755977193  -68.510530881    93.1917   5   7   4.9002   2.3585   8.7826   1.8080   2.1079   5.7380   0.00    0.0
2014/09/19 15:42:00.000   63.755972696  -68.510528022    92.9257   5   7   4.9417   2.3587   8.8827   1.8214   2.1348   5.8106   0.00    0.0
2014/09/19 15:42:30.000   63.755970039  -68.510531497    90.9666   5   7   4.9837   2.3590   8.9843   1.8349   2.1621   5.8840   0.00    0.0
2014/09/19 15:43:00.000   63.755974308  -68.510526483    92.5490   5   7   5.0262   2.3593   9.0873   1.8487   2.1896   5.9582   0.00    0.0
2014/09/19 15:43:30.000   63.755969291  -68.510524924    91.5777   5   7   5.0693   2.3597   9.1917   1.8628   2.2175   6.0332   0.00    0.0
2014/09/19 15:44:00.000   63.755972125  -68.510529589    92.2279   5   7   5.1128   2.3601   9.2974   1.8770   2.2457   6.1089   0.00    0.0
2014/09/19 15:44:30.000   63.755975335  -68.510525134    92.0149   5   7   5.1567   2.3606   9.4044   1.8914   2.2741   6.1852   0.00    0.0
2014/09/19 15:45:00.000   63.755976398  -68.510518584    93.0189   5   7   5.2011   2.3611   9.5125   1.9060   2.3028   6.2621   0.00    0.0
2014/09/19 15:45:30.000   63.755972233  -68.510522994    92.8514   5   7   5.2458   2.3617   9.6218   1.9207   2.3317   6.3395   0.00    0.0
2014/09/19 15:46:00.000   63.755971715  -68.510521654    91.6301   5   7   5.2908   2.3623   9.7320   1.9356   2.3608   6.4173   0.00    0.0
2014/09/19 15:46:30.000   63.755970990  -68.510523961    92.2080   5   7   5.3360   2.3629   9.8432   1.9506   2.3901   6.4956   0.00    0.0
2014/09/19 15:47:00.000   63.755973905  -68.510525521    92.4770   5   7   5.3814   2.3637   9.9551   1.9657   2.4195   6.5740   0.00    0.0
2014/09/19 15:47:30.000   63.755975096  -68.510524545    92.7173   5   7   5.4269   2.3644  10.0676   1.9808   2.4491   6.6527   0.00    0.0
2014/09/19 15:48:00.000   63.755968003  -68.510523351    91.3861   5   7   5.4725   2.3652  10.1807   1.9960   2.4786   6.7313   0.00    0.0
2014/09/19 15:48:30.000   63.755971480  -68.510523004    92.0698   5   7   5.5180   2.3660  10.2940   2.0112   2.5082   6.8099   0.00    0.0
2014/09/19 15:49:00.000   63.755977110  -68.510529141    93.4613   5   7   5.5633   2.3669  10.4076   2.0264   2.5378   6.8883   0.00    0.0
2014/09/19 15:49:30.000   63.755979923  -68.510523296    93.2899   5   7   5.6085   2.3677  10.5211   2.0416   2.5672   6.9664   0.00    0.0
2014/09/19 15:50:00.000   63.755979055  -68.510523035    93.4417   5   7   5.6533   2.3686  10.6343   2.0566   2.5965   7.0440   0.00    0.0
2014/09/19 15:50:30.000   63.755976521  -68.510524745    92.9134   5   7   5.6977   2.3696  10.7471   2.0715   2.6257   7.1208   0.00    0.0
2014/09/19 15:51:00.000   63.755974795  -68.510518321    92.4387   5   7   5.7415   2.3705  10.8592   2.0862   2.6545   7.1969   0.00    0.0
2014/09/19 15:51:30.000   63.755977508  -68.510523156    93.7499   5   8   3.1328   2.3374   5.3438   1.5709   1.8346   2.5082   0.00    0.0
2014/09/19 15:52:00.000   63.755976957  -68.510523492    93.1092   5   8   3.1343   2.3370   5.3658   1.5713   1.8425   2.5178   0.00    0.0
2014/09/19 15:52:30.000   63.755977927  -68.510519496    93.4806   5   8   3.1358   2.3365   5.3880   1.5716   1.8504   2.5275   0.00    0.0
2014/09/19 15:53:00.000   63.755979107  -68.510517956    93.3983   5   8   3.1372   2.3361   5.4103   1.5719   1.8583   2.5371   0.00    0.0
2014/09/19 15:53:30.000   63.755973436  -68.510521526    92.7408   5   8   3.1387   2.3357   5.4327   1.5721   1.8662   2.5468   0.00    0.0
2014/09/19 15:54:00.000   63.755973083  -68.510524761    92.7423   5   8   3.1401   2.3352   5.4553   1.5723   1.8740   2.5565   0.00    0.0
2014/09/19 15:54:30.000   63.755975732  -68.510524097    92.7159   5   8   3.1415   2.3348   5.4780   1.5724   1.8818   2.5661   0.00    0.0
2014/09/19 15:55:00.000   63.755975497  -68.510526114    92.4007   5   8   3.1429   2.3343   5.5008   1.5724   1.8895   2.5757   0.00    0.0
2014/09/19 15:55:30.000   63.755973475  -68.510525690    92.2628   5   8   3.1443   2.3339   5.5237   1.5724   1.8973   2.5854   0.00    0.0
2014/09/19 15:56:00.000   63.755970145  -68.510523512    91.2703   5   8   3.1456   2.3334   5.5467   1.5723   1.9049   2.5950   0.00    0.0
2014/09/19 15:56:30.000   63.755975942  -68.510521996    92.7871   5   8   3.1469   2.3330   5.5698   1.5721   1.9125   2.6045   0.00    0.0
2014/09/19 15:57:00.000   63.755976115  -68.510527267    92.9867   5   8   3.1482   2.3325   5.5930   1.5719   1.9201   2.6140   0.00    0.0
2014/09/19 15:57:30.000   63.755976163  -68.510520388    92.4742   5   8   3.1495   2.3321   5.6162   1.5715   1.9276   2.6235   0.00    0.0
2014/09/19 15:58:00.000   63.755974077  -68.510519141    92.5046   5   8   3.1507   2.3316   5.6395   1.5711   1.9351   2.6329   0.00    0.0
2014/09/19 15:58:30.000   63.755974814  -68.510523173    92.9847   5   8   3.1519   2.3311   5.6629   1.5706   1.9424   2.6423   0.00    0.0
2014/09/19 15:59:00.000   63.755973951  -68.510523954    91.7934   5   8   3.1530   2.3306   5.6863   1.5701   1.9497   2.6515   0.00    0.0
2014/09/19 15:59:30.000   63.755972313  -68.510526119    91.8951   5   8   3.1541   2.3301   5.7097   1.5694   1.9570   2.6607   0.00    0.0
2014/09/19 16:00:00.000   63.755970783  -68.510525065    92.3728   5   8   3.4373   2.3328   6.3657   1.6211   2.0487   3.3017   0.00    0.0
2014/09/19 16:00:30.000   63.755970170  -68.510526869    92.0181   5   8   3.4403   2.3323   6.3933   1.6207   2.0562   3.3142   0.00    0.0
2014/09/19 16:01:00.000   63.755973025  -68.510528219    92.1415   5   8   3.4431   2.3317   6.4207   1.6202   2.0636   3.3265   0.00    0.0
2014/09/19 16:01:30.000   63.755970534  -68.510525959    92.3550   5   8   3.4458   2.3312   6.4479   1.6195   2.0708   3.3384   0.00    0.0
2014/09/19 16:02:00.000   63.755972977  -68.510521798    92.9272   5   8   3.4483   2.3306   6.4747   1.6187   2.0778   3.3501   0.00    0.0
2014/09/19 16:02:30.000   63.755969310  -68.510529926    91.9690   5   8   3.4507   2.3300   6.5013   1.6177   2.0846   3.3614   0.00    0.0
2014/09/19 16:03:00.000   63.755969029  -68.510527428    91.8931   5   8   3.4529   2.3294   6.5276   1.6166   2.0912   3.3724   0.00    0.0
2014/09/19 16:03:30.000   63.755971242  -68.510523915    92.6319   5   8   3.4550   2.3287   6.5535   1.6153   2.0976   3.3830   0.00    0.0
2014/09/19 16:04:00.000   63.755970687  -68.510530765    92.2519   5   8   3.4569   2.3281   6.5791   1.6138   2.1038   3.3933   0.00    0.0
2014/09/19 16:04:30.000   63.755970159  -68.510521962    92.1152   5   8   3.4586   2.3274   6.6043   1.6122   2.1098   3.4032   0.00    0.0
2014/09/19 16:05:00.000   63.755973292  -68.510522502    92.4331   5   8   3.4602   2.3266   6.6291   1.6104   2.1155   3.4127   0.00    0.0
2014/09/19 16:05:30.000   63.755969289  -68.510524725    92.0834   5   8   3.4616   2.3259   6.6534   1.6085   2.1210   3.4218   0.00    0.0
2014/09/19 16:06:00.000   63.755971700  -68.510526797    92.2206   5   8   3.4628   2.3251   6.6773   1.6063   2.1262   3.4305   0.00    0.0
2014/09/19 16:06:30.000   63.755970355  -68.510524921    92.8793   5   8   3.4638   2.3243   6.7008   1.6040   2.1312   3.4388   0.00    0.0
2014/09/19 16:07:00.000   63.755974759  -68.510521996    92.4975   5   8   3.4646   2.3234   6.7237   1.6015   2.1359   3.4466   0.00    0.0
2014/09/19 16:07:30.000   63.755975925  -68.510526829    92.9239   5   8   3.4653   2.3226   6.7461   1.5988   2.1403   3.4540   0.00    0.0
2014/09/19 16:08:00.000   63.755972240  -68.510521757    92.8896   5   8   3.4657   2.3216   6.7680   1.5959   2.1445   3.4609   0.00    0.0
2014/09/19 16:08:30.000   63.755968810  -68.510520324    92.5939   5   8   3.4659   2.3207   6.7893   1.5928   2.1483   3.4673   0.00    0.0
2014/09/19 16:09:00.000   63.755971966  -68.510518511    93.7533   5   8   3.4660   2.3197   6.8101   1.5895   2.1519   3.4732   0.00    0.0
2014/09/19 16:09:30.000   63.755973274  -68.510514399    93.5682   5   8   3.4658   2.3187   6.8302   1.5860   2.1552   3.4787   0.00    0.0
2014/09/19 16:10:00.000   63.755976749  -68.510523203    93.1078   5   8   3.4654   2.3176   6.8497   1.5823   2.1581   3.4836   0.00    0.0
2014/09/19 16:10:30.000   63.755976015  -68.510527138    93.7704   5   8   3.4648   2.3165   6.8685   1.5784   2.1608   3.4880   0.00    0.0
2014/09/19 16:11:00.000   63.755975245  -68.510524303    93.7141   5   8   3.4640   2.3154   6.8867   1.5743   2.1631   3.4918   0.00    0.0
2014/09/19 16:11:30.000   63.755973565  -68.510514296    93.8371   5   8   3.4630   2.3143   6.9042   1.5699   2.1651   3.4951   0.00    0.0
2014/09/19 16:12:00.000   63.755972642  -68.510516602    93.2947   5   8   3.4617   2.3131   6.9209   1.5653   2.1667   3.4979   0.00    0.0
2014/09/19 16:12:30.000   63.755971707  -68.510522578    93.1858   5   8   3.4603   2.3118   6.9370   1.5606   2.1681   3.5001   0.00    0.0
2014/09/19 16:13:00.000   63.755973126  -68.510521493    92.6739   5   8   3.4586   2.3105   6.9523   1.5555   2.1690   3.5017   0.00    0.0
2014/09/19 16:13:30.000   63.755972850  -68.510522377    93.8016   5   8   3.4567   2.3092   6.9668   1.5503   2.1697   3.5027   0.00    0.0
2014/09/19 16:14:00.000   63.755975288  -68.510520450    93.2941   5   8   3.4545   2.3079   6.9806   1.5448   2.1700   3.5032   0.00    0.0
2014/09/19 16:14:30.000   63.755976772  -68.510517862    94.1182   5   8   3.4522   2.3065   6.9935   1.5392   2.1699   3.5031   0.00    0.0
2014/09/19 16:15:00.000   63.755977397  -68.510521614    94.2940   5   8   3.4496   2.3051   7.0057   1.5332   2.1695   3.5024   0.00    0.0
2014/09/19 16:15:30.000   63.755976298  -68.510518095    93.6809   5   8   3.4469   2.3036   7.0171   1.5271   2.1687   3.5011   0.00    0.0
2014/09/19 16:16:00.000   63.755975549  -68.510516183    94.4835   5   8   3.4439   2.3021   7.0276   1.5207   2.1676   3.4992   0.00    0.0
2014/09/19 16:16:30.000   63.755974617  -68.510518297    94.1491   5   8   3.4406   2.3006   7.0373   1.5141   2.1661   3.4967   0.00    0.0
2014/09/19 16:17:00.000   63.755975162  -68.510523587    94.1555   5   8   3.4372   2.2990   7.0461   1.5073   2.1642   3.4936   0.00    0.0
2014/09/19 16:17:30.000   63.755975696  -68.510520560    94.1134   5   8   3.4336   2.2974   7.0541   1.5002   2.1620   3.4899   0.00    0.0
2014/09/19 16:18:00.000   63.755975135  -68.510518837    93.8643   5   8   3.4298   2.2958   7.0612   1.4929   2.1594   3.4856   0.00    0.0
2014/09/19 16:18:30.000   63.755975530  -68.510517059    94.2372   5   8   3.4257   2.2941   7.0675   1.4853   2.1565   3.4807   0.00    0.0
2014/09/19 16:19:00.000   63.755974759  -68.510520379    94.9995   5   8   3.4215   2.2924   7.0729   1.4776   2.1532   3.4751   0.00    0.0
2014/09/19 16:19:30.000   63.755977078  -68.510520490    94.2208   5   8   3.4170   2.2907   7.0774   1.4696   2.1495   3.4690   0.00    0.0
2014/09/19 16:20:00.000   63.755976735  -68.510522260    94.1504   5   8   3.4124   2.2889   7.0810   1.4613   2.1454   3.4623   0.00    0.0
2014/09/19 16:20:30.000   63.755974459  -68.510523791    94.2767   5   8   3.4076   2.2871   7.0838   1.4529   2.1411   3.4550   0.00    0.0
2014/09/19 16:21:00.000   63.755976299  -68.510519316    94.8750   5   8   3.4026   2.2853   7.0857   1.4442   2.1363   3.4471   0.00    0.0
2014/09/19 16:21:30.000   63.755976416  -68.510517896    93.9993   5   8   3.3974   2.2835   7.0867   1.4353   2.1312   3.4387   0.00    0.0
2014/09/19 16:22:00.000   63.755977859  -68.510520965    94.6800   5   8   3.3921   2.2816   7.0868   1.4262   2.1258   3.4296   0.00    0.0
2014/09/19 16:22:30.000   63.755974603  -68.510519440    94.7148   5   8   3.3866   2.2797   7.0861   1.4168   2.1200   3.4200   0.00    0.0
2014/09/19 16:23:00.000   63.755974280  -68.510519863    94.8159   5   8   3.3809   2.2778   7.0845   1.4072   2.1139   3.4099   0.00    0.0
2014/09/19 16:23:30.000   63.755978682  -68.510517109    94.8527   5   8   3.3751   2.2759   7.0821   1.3974   2.1074   3.3991   0.00    0.0
2014/09/19 16:24:00.000   63.755978924  -68.510525232    94.0487   5   8   3.3691   2.2739   7.0788   1.3874   2.1006   3.3879   0.00    0.0
2014/09/19 16:24:30.000   63.755982341  -68.510525599    94.4477   5   8   3.3630   2.2720   7.0747   1.3772   2.0935   3.3761   0.00    0.0
2014/09/19 16:25:00.000   63.755979200  -68.510519353    93.9219   5   8   3.3567   2.2700   7.0698   1.3668   2.0860   3.3638   0.00    0.0
2014/09/19 16:25:30.000   63.755976042  -68.510522433    94.4109   5   8   3.3504   2.2680   7.0640   1.3561   2.0783   3.3509   0.00    0.0
2014/09/19 16:26:00.000   63.755978431  -68.510517898    95.4187   5   8   3.3439   2.2660   7.0575   1.3452   2.0702   3.3376   0.00    0.0
2014/09/19 16:26:30.000   63.755976250  -68.510520263    94.9174   5   8   3.3373   2.2639   7.0501   1.3342   2.0619   3.3238   0.00    0.0
2014/09/19 16:27:00.000   63.755981068  -68.510510913    94.6974   5   9   3.1492   2.2618   6.7658   1.3137   2.0638   3.6152   0.00    0.0
2014/09/19 16:27:30.000   63.755977884  -68.510516487    94.7465   5   9   3.1416   2.2598   6.7566   1.3044   2.0524   3.6020   0.00    0.0
2014/09/19 16:28:00.000   63.755980133  -68.510509421    95.3492   5   9   3.1338   2.2578   6.7467   1.2948   2.0407   3.5885   0.00    0.0
2014/09/19 16:28:30.000   63.755978773  -68.510515118    95.1416   5   9   3.1258   2.2557   6.7361   1.2851   2.0288   3.5745   0.00    0.0
2014/09/19 16:29:00.000   63.755978015  -68.510513861    94.8447   5   9   3.1178   2.2537   6.7249   1.2752   2.0165   3.5601   0.00    0.0
2014/09/19 16:29:30.000   63.755977196  -68.510512000    95.5160   5   9   3.1097   2.2516   6.7130   1.2652   2.0040   3.5453   0.00    0.0
2014/09/19 16:30:00.000   63.755980727  -68.510520201    95.5376   5   9   3.1014   2.2496   6.7006   1.2551   1.9912   3.5302   0.00    0.0
2014/09/19 16:30:30.000   63.755977390  -68.510507939    95.3413   5   9   3.0931   2.2475   6.6875   1.2448   1.9782   3.5147   0.00    0.0
2014/09/19 16:31:00.000   63.755979074  -68.510508019    95.3527   5   9   3.0847   2.2454   6.6739   1.2343   1.9649   3.4988   0.00    0.0
2014/09/19 16:31:30.000   63.755979230  -68.510512625    95.1394   5   9   3.0762   2.2433   6.6597   1.2237   1.9513   3.4827   0.00    0.0
2014/09/19 16:32:00.000   63.755977934  -68.510517811    94.7734   5   9   3.0676   2.2412   6.6449   1.2130   1.9375   3.4662   0.00    0.0
2014/09/19 16:32:30.000   63.755976118  -68.510513866    94.6163   5   9   3.0590   2.2391   6.6297   1.2022   1.9235   3.4494   0.00    0.0
2014/09/19 16:33:00.000   63.755981433  -68.510518097    95.4082   5   9   3.0503   2.2369   6.6139   1.1913   1.9093   3.4324   0.00    0.0
2014/09/19 16:33:30.000   63.755978877  -68.510515138    95.5076   5   9   3.0416   2.2348   6.5977   1.1802   1.8949   3.4150   0.00    0.0
2014/09/19 16:34:00.000   63.755979874  -68.510515275    95.1264   5   9   3.0329   2.2327   6.5810   1.1690   1.8802   3.3974   0.00    0.0
2014/09/19 16:34:30.000   63.755978670  -68.510517941    94.9058   5   9   3.0241   2.2306   6.5639   1.1577   1.8654   3.3796   0.00    0.0
2014/09/19 16:35:00.000   63.755984331  -68.510510837    94.4821   5   9   3.0153   2.2285   6.5463   1.1463   1.8503   3.3615   0.00    0.0
2014/09/19 16:35:30.000   63.755982727  -68.510506335    95.6491   5   9   3.0065   2.2264   6.5284   1.1349   1.8351   3.3432   0.00    0.0
2014/09/19 16:36:00.000   63.755976568  -68.510510945    95.0402   5   9   2.9976   2.2243   6.5100   1.1233   1.8197   3.3248   0.00    0.0
2014/09/19 16:36:30.000   63.755980764  -68.510507328    94.8966   5   9   2.9888   2.2222   6.4914   1.1116   1.8042   3.3061   0.00    0.0
2014/09/19 16:37:00.000   63.755978526  -68.510513090    94.8366   5   9   2.9800   2.2201   6.4723   1.0999   1.7885   3.2873   0.00    0.0
2014/09/19 16:37:30.000   63.755980677  -68.510505426    95.4804   5   9   2.9712   2.2180   6.4530   1.0880   1.7726   3.2683   0.00    0.0
2014/09/19 16:38:00.000   63.755980612  -68.510503906    95.1682   5   9   2.9624   2.2160   6.4333   1.0761   1.7566   3.2491   0.00    0.0
2014/09/19 16:38:30.000   63.755982623  -68.510503968    94.6184   5   9   2.9536   2.2139   6.4134   1.0641   1.7404   3.2299   0.00    0.0
2014/09/19 16:39:00.000   63.755982282  -68.510504520    95.3873   5   9   2.9448   2.2119   6.3932   1.0520   1.7241   3.2105   0.00    0.0
2014/09/19 16:39:30.000   63.755980984  -68.510506945    95.2530   5   9   2.9361   2.2099   6.3727   1.0399   1.7076   3.1910   0.00    0.0
2014/09/19 16:40:00.000   63.755980514  -68.510504322    94.8924   5   9   2.9274   2.2079   6.3521   1.0277   1.6911   3.1714   0.00    0.0
2014/09/19 16:40:30.000   63.755983728  -68.510503398    94.8467   5   9   2.9188   2.2059   6.3312   1.0154   1.6744   3.1517   0.00    0.0
2014/09/19 16:41:00.000   63.755978166  -68.510508725    94.2376   5  10   2.2952   1.9636   4.7856  -0.8856  -1.1695   1.5653   0.00    0.0
2014/09/19 16:41:30.000   63.755974273  -68.510505422    94.1070   5  10   2.2940   1.9627   4.7918  -0.8901  -1.1721   1.5647   0.00    0.0
2014/09/19 16:42:00.000   63.755971887  -68.510507838    93.2908   5  10   2.2929   1.9617   4.7978  -0.8946  -1.1745   1.5643   0.00    0.0
2014/09/19 16:42:30.000   63.755975765  -68.510508694    93.9682   5  10   2.2918   1.9607   4.8038  -0.8990  -1.1767   1.5639   0.00    0.0
2014/09/19 16:43:00.000   63.755977002  -68.510501145    93.2676   5  10   2.2908   1.9598   4.8097  -0.9033  -1.1788   1.5637   0.00    0.0
2014/09/19 16:43:30.000   63.755974980  -68.510505729    92.7621   5  10   2.2898   1.9588   4.8155  -0.9075  -1.1807   1.5636   0.00    0.0
2014/09/19 16:44:00.000   63.755971750  -68.510512275    93.3636   5  10   2.2888   1.9579   4.8213  -0.9117  -1.1825   1.5635   0.00    0.0
2014/09/19 16:44:30.000   63.755977846  -68.510491465    94.2486   5  10   2.2879   1.9569   4.8269  -0.9158  -1.1841   1.5636   0.00    0.0
2014/09/19 16:45:00.000   63.755971817  -68.510506581    93.1219   5  10   2.2871   1.9560   4.8324  -0.9198  -1.1855   1.5638   0.00    0.0
2014/09/19 16:45:30.000   63.755977019  -68.510505986    94.2667   5  10   2.2863   1.9551   4.8379  -0.9238  -1.1868   1.5640   0.00    0.0
2014/09/19 16:46:00.000   63.755977478  -68.510503101    93.5913   5  10   2.2855   1.9542   4.8432  -0.9277  -1.1879   1.5644   0.00    0.0
2014/09/19 16:46:30.000   63.755974549  -68.510510105    93.1124   5  10   2.2848   1.9532   4.8484  -0.9315  -1.1890   1.5648   0.00    0.0
2014/09/19 16:47:00.000   63.755977177  -68.510502798    93.9362   5  10   2.2841   1.9523   4.8534  -0.9353  -1.1898   1.5654   0.00    0.0
2014/09/19 16:47:30.000   63.755975212  -68.510509485    92.5314   5  10   2.2834   1.9514   4.8584  -0.9391  -1.1905   1.5660   0.00    0.0
2014/09/19 16:48:00.000   63.755976672  -68.510504524    93.3259   5  10   2.2828   1.9505   4.8632  -0.9428  -1.1911   1.5667   0.00    0.0
2014/09/19 16:48:30.000   63.755973517  -68.510504387    94.1817   5  10   2.2822   1.9496   4.8679  -0.9464  -1.1916   1.5674   0.00    0.0
2014/09/19 16:49:00.000   63.755976066  -68.510504793    92.5679   5  10   2.2817   1.9487   4.8725  -0.9500  -1.1919   1.5683   0.00    0.0
2014/09/19 16:49:30.000   63.755976937  -68.510506912    93.5403   5  10   2.2812   1.9478   4.8769  -0.9535  -1.1921   1.5692   0.00    0.0
2014/09/19 16:50:00.000   63.755977898  -68.510506909    93.6299   5  10   2.2807   1.9469   4.8812  -0.9570  -1.1921   1.5702   0.00    0.0
2014/09/19 16:50:30.000   63.755974603  -68.510500504    93.3107   5  10   2.2803   1.9460   4.8854  -0.9604  -1.1921   1.5713   0.00    0.0
2014/09/19 16:51:00.000   63.755974527  -68.510506062    92.9313   5  10   2.2799   1.9452   4.8894  -0.9638  -1.1919   1.5724   0.00    0.0
2014/09/19 16:51:30.000   63.755978437  -68.510505633    93.6016   5  10   2.2796   1.9443   4.8932  -0.9671  -1.1916   1.5736   0.00    0.0
2014/09/19 16:52:00.000   63.755973238  -68.510509660    94.1124   5  10   2.2793   1.9434   4.8969  -0.9704  -1.1911   1.5749   0.00    0.0
2014/09/19 16:52:30.000   63.755972861  -68.510500821    93.4298   5  10   2.2790   1.9426   4.9005  -0.9736  -1.1906   1.5763   0.00    0.0
2014/09/19 16:53:00.000   63.755975205  -68.510510030    94.0847   5  10   2.2787   1.9417   4.9039  -0.9768  -1.1899   1.5777   0.00    0.0
2014/09/19 16:53:30.000   63.755976828  -68.510497037    92.8585   5  10   2.2785   1.9409   4.9071  -0.9800  -1.1892   1.5791   0.00    0.0
2014/09/19 16:54:00.000   63.755978659  -68.510514888    93.5203   5  10   2.2784   1.9401   4.9102  -0.9831  -1.1883   1.5807   0.00    0.0
2014/09/19 16:54:30.000   63.755977606  -68.510504396    93.1564   5  10   2.2783   1.9392   4.9131  -0.9862  -1.1873   1.5823   0.00    0.0
2014/09/19 16:55:00.000   63.755978084  -68.510502166    94.2906   5  10   2.2782   1.9384   4.9159  -0.9892  -1.1862   1.5839   0.00    0.0
2014/09/19 16:55:30.000   63.755975185  -68.510508188    93.4560   5  10   2.2781   1.9376   4.9184  -0.9922  -1.1850   1.5856   0.00    0.0
2014/09/19 16:56:00.000   63.755975935  -68.510500790    93.1554   5  10   2.2781   1.9368   4.9209  -0.9951  -1.1837   1.5874   0.00    0.0
2014/09/19 16:56:30.000   63.755972794  -68.510501061    93.8574   5  10   2.2781   1.9360   4.9231  -0.9980  -1.1823   1.5892   0.00    0.0
2014/09/19 16:57:00.000   63.755979116  -68.510499646    93.0180   5  10   2.2782   1.9352   4.9252  -1.0009  -1.1808   1.5910   0.00    0.0
2014/09/19 16:57:30.000   63.755981248  -68.510501304    93.9873   5  10   2.2783   1.9345   4.9271  -1.0037  -1.1792   1.5930   0.00    0.0
2014/09/19 16:58:00.000   63.755978775  -68.510502344    93.2043   5  10   2.2784   1.9337   4.9289  -1.0065  -1.1775   1.5949   0.00    0.0
2014/09/19 16:58:30.000   63.755975276  -68.510505656    92.9419   5  10   2.2786   1.9330   4.9304  -1.0092  -1.1758   1.5969   0.00    0.0
2014/09/19 16:59:00.000   63.755979014  -68.510500883    92.6773   5  10   2.2788   1.9322   4.9318  -1.0120  -1.1740   1.5990   0.00    0.0
2014/09/19 16:59:30.000   63.755979074  -68.510503664    93.2306   5  10   2.2790   1.9315   4.9331  -1.0146  -1.1720   1.6011   0.00    0.0
2014/09/19 17:00:00.000   63.755982928  -68.510507327    92.7426   5  10   2.2399   1.8934   4.9329  -0.9356  -1.1519   1.5885   0.00    0.0
2014/09/19 17:00:30.000   63.755980659  -68.510503186    93.2230   5  10   2.2409   1.8928   4.9341  -0.9393  -1.1521   1.5927   0.00    0.0
2014/09/19 17:01:00.000   63.755977899  -68.510500541    93.5996   5  10   2.2419   1.8922   4.9350  -0.9430  -1.1522   1.5969   0.00    0.0
2014/09/19 17:01:30.000   63.755978057  -68.510501835    94.3036   5  10   2.2430   1.8917   4.9358  -0.9466  -1.1523   1.6010   0.00    0.0
2014/09/19 17:02:00.000   63.755978460  -68.510502144    94.1633   5  10   2.2440   1.8911   4.9364  -0.9502  -1.1522   1.6052   0.00    0.0
2014/09/19 17:02:30.000   63.755975401  -68.510500793    93.8183   5  10   2.2451   1.8906   4.9368  -0.9538  -1.1522   1.6094   0.00    0.0
2014/09/19 17:03:00.000   63.755979868  -68.510504719    93.7900   5  10   2.2463   1.8901   4.9369  -0.9573  -1.1520   1.6136   0.00    0.0
2014/09/19 17:03:30.000   63.755980791  -68.510506778    94.5149   5  10   2.2475   1.8896   4.9369  -0.9608  -1.1518   1.6177   0.00    0.0
2014/09/19 17:04:00.000   63.755979298  -68.510504128    93.9983   5  10   2.2487   1.8892   4.9366  -0.9642  -1.1515   1.6219   0.00    0.0
2014/09/19 17:04:30.000   63.755979908  -68.510502460    94.0785   5  10   2.2499   1.8887   4.9362  -0.9676  -1.1512   1.6261   0.00    0.0
2014/09/19 17:05:00.000   63.755980636  -68.510509194    95.3573   5  10   2.1192   2.0168   5.6352  -0.7533  -2.2561   2.0176   0.00    0.0
2014/09/19 17:05:30.000   63.755976662  -68.510513185    96.0235   5  10   2.1196   2.0140   5.6481  -0.7568  -2.2567   2.0229   0.00    0.0
2014/09/19 17:06:00.000   63.755978612  -68.510514758    96.4669   5  10   2.1200   2.0112   5.6606  -0.7602  -2.2569   2.0280   0.00    0.0
2014/09/19 17:06:30.000   63.755975527  -68.510514182    96.4726   5  10   2.1204   2.0083   5.6726  -0.7634  -2.2567   2.0329   0.00    0.0
2014/09/19 17:07:00.000   63.755978353  -68.510510334    96.1468   5  10   2.1209   2.0054   5.6840  -0.7665  -2.2561   2.0377   0.00    0.0
2014/09/19 17:07:30.000   63.755979557  -68.510505887    95.9187   5  10   2.1214   2.0023   5.6949  -0.7694  -2.2552   2.0424   0.00    0.0
2014/09/19 17:08:00.000   63.755982192  -68.510505932    95.3132   5  10   2.1219   1.9992   5.7053  -0.7722  -2.2538   2.0469   0.00    0.0
2014/09/19 17:08:30.000   63.755981695  -68.510501894    95.6818   5  10   2.1224   1.9961   5.7151  -0.7748  -2.2521   2.0512   0.00    0.0
2014/09/19 17:09:00.000   63.755981009  -68.510508296    96.0713   5  10   2.1230   1.9929   5.7243  -0.7773  -2.2500   2.0553   0.00    0.0
2014/09/19 17:09:30.000   63.755980354  -68.510508269    96.1693   5  10   2.1236   1.9896   5.7330  -0.7796  -2.2475   2.0593   0.00    0.0
2014/09/19 17:10:00.000   63.755977943  -68.510507936    96.3375   5  10   2.1242   1.9862   5.7410  -0.7818  -2.2447   2.0631   0.00    0.0
2014/09/19 17:10:30.000   63.755976477  -68.510501331    96.4057   5  10   2.1249   1.9828   5.7485  -0.7838  -2.2414   2.0667   0.00    0.0
2014/09/19 17:11:00.000   63.755979581  -68.510502725    96.2771   5  10   2.1255   1.9793   5.7553  -0.7857  -2.2378   2.0701   0.00    0.0
2014/09/19 17:11:30.000   63.755980276  -68.510509900    96.0589   5  10   2.1262   1.9758   5.7616  -0.7874  -2.2338   2.0733   0.00    0.0
2014/09/19 17:12:00.000   63.755982555  -68.510507656    96.9759   5  10   2.1269   1.9721   5.7672  -0.7890  -2.2293   2.0764   0.00    0.0
2014/09/19 17:12:30.000   63.755983454  -68.510507743    96.8024   5  10   2.1277   1.9685   5.7721  -0.7904  -2.2245   2.0792   0.00    0.0
2014/09/19 17:13:00.000   63.755983306  -68.510509172    96.3972   5  10   2.1285   1.9648   5.7765  -0.7917  -2.2193   2.0819   0.00    0.0
2014/09/19 17:13:30.000   63.755978755  -68.510510927    96.1908   5  10   2.1293   1.9610   5.7802  -0.7928  -2.2138   2.0843   0.00    0.0
2014/09/19 17:14:00.000   63.755978436  -68.510509765    96.7179   5  10   2.1301   1.9572   5.7832  -0.7938  -2.2078   2.0866   0.00    0.0
2014/09/19 17:14:30.000   63.755982235  -68.510516269    96.8068   5  10   2.1309   1.9533   5.7856  -0.7947  -2.2015   2.0887   0.00    0.0
2014/09/19 17:15:00.000   63.755984451  -68.510517440    96.7493   5  10   2.1318   1.9494   5.7874  -0.7954  -2.1948   2.0906   0.00    0.0
2014/09/19 17:15:30.000   63.755983655  -68.510517648    96.8666   5  10   2.1327   1.9455   5.7885  -0.7960  -2.1877   2.0922   0.00    0.0
2014/09/19 17:16:00.000   63.755978726  -68.510507185    95.8885   5  10   2.1336   1.9415   5.7890  -0.7965  -2.1802   2.0937   0.00    0.0
2014/09/19 17:16:30.000   63.755981315  -68.510511141    96.6606   5  10   2.1345   1.9374   5.7888  -0.7969  -2.1724   2.0950   0.00    0.0
2014/09/19 17:17:00.000   63.755982374  -68.510506302    97.0093   5  10   2.1355   1.9334   5.7880  -0.7971  -2.1642   2.0961   0.00    0.0
2014/09/19 17:17:30.000   63.755983230  -68.510515287    96.7968   5   9   2.2788   1.9325   6.0211  -0.7397  -2.1982   1.7545   0.00    0.0
2014/09/19 17:18:00.000   63.755981635  -68.510517134    96.6362   5   9   2.2796   1.9281   6.0183  -0.7427  -2.1873   1.7561   0.00    0.0
2014/09/19 17:18:30.000   63.755981020  -68.510509658    96.3491   5   9   2.2805   1.9236   6.0150  -0.7455  -2.1761   1.7575   0.00    0.0
2014/09/19 17:19:00.000   63.755985264  -68.510516946    97.0014   5   9   2.2814   1.9192   6.0109  -0.7482  -2.1644   1.7587   0.00    0.0
2014/09/19 17:19:30.000   63.755987586  -68.510520630    97.1160   5   9   2.2824   1.9147   6.0063  -0.7508  -2.1525   1.7597   0.00    0.0
2014/09/19 17:20:00.000   63.755987536  -68.510512723    97.0510   5   9   2.2834   1.9102   6.0009  -0.7533  -2.1401   1.7604   0.00    0.0
2014/09/19 17:20:30.000   63.755981614  -68.510510815    96.1447   5   9   2.2844   1.9058   5.9950  -0.7556  -2.1275   1.7610   0.00    0.0
2014/09/19 17:21:00.000   63.755984235  -68.510509834    96.6141   5   9   2.2855   1.9013   5.9884  -0.7579  -2.1144   1.7614   0.00    0.0
2014/09/19 17:21:30.000   63.755982121  -68.510510076    96.6283   5   9   2.2867   1.8969   5.9812  -0.7600  -2.1011   1.7616   0.00    0.0
2014/09/19 17:22:00.000   63.755987645  -68.510511133    97.3649   5   9   2.2878   1.8925   5.9734  -0.7621  -2.0875   1.7616   0.00    0.0
2014/09/19 17:22:30.000   63.755980838  -68.510511368    96.1768   5   9   2.2891   1.8881   5.9650  -0.7640  -2.0735   1.7615   0.00    0.0
2014/09/19 17:23:00.000   63.755985321  -68.510506903    96.3234   5   9   2.2903   1.8837   5.9560  -0.7659  -2.0592   1.7611   0.00    0.0
2014/09/19 17:23:30.000   63.755986542  -68.510509379    97.3149   5   9   2.2917   1.8793   5.9465  -0.7676  -2.0447   1.7606   0.00    0.0
2014/09/19 17:24:00.000   63.755983736  -68.510504359    96.4087   5   9   2.2930   1.8750   5.9364  -0.7693  -2.0298   1.7600   0.00    0.0
2014/09/19 17:24:30.000   63.755982447  -68.510507449    96.6373   5   9   2.2944   1.8706   5.9258  -0.7709  -2.0147   1.7592   0.00    0.0
2014/09/19 17:25:00.000   63.755984810  -68.510504960    96.5821   5   9   2.2959   1.8664   5.9147  -0.7725  -1.9993   1.7582   0.00    0.0
2014/09/19 17:25:30.000   63.755981773  -68.510500567    96.9073   5   9   2.2974   1.8621   5.9030  -0.7739  -1.9836   1.7571   0.00    0.0
2014/09/19 17:26:00.000   63.755983259  -68.510503506    97.0364   5   9   2.2990   1.8579   5.8908  -0.7753  -1.9676   1.7558   0.00    0.0
2014/09/19 17:26:30.000   63.755984155  -68.510505764    97.7292   5   9   2.3006   1.8537   5.8782  -0.7766  -1.9515   1.7544   0.00    0.0
2014/09/19 17:27:00.000   63.755986349  -68.510506488    97.0675   5   9   2.3023   1.8496   5.8651  -0.7779  -1.9350   1.7529   0.00    0.0
2014/09/19 17:27:30.000   63.755985418  -68.510501160    97.5183   5   9   2.3040   1.8456   5.8516  -0.7791  -1.9184   1.7513   0.00    0.0
2014/09/19 17:28:00.000   63.755984214  -68.510504732    96.6170   5   9   2.3057   1.8415   5.8376  -0.7803  -1.9015   1.7496   0.00    0.0
2014/09/19 17:28:30.000   63.755986736  -68.510506402    97.6824   5   9   2.3076   1.8376   5.8232  -0.7814  -1.8844   1.7477   0.00    0.0
2014/09/19 17:29:00.000   63.755987238  -68.510504233    97.8807   5   9   2.3095   1.8337   5.8085  -0.7825  -1.8671   1.7458   0.00    0.0
2014/09/19 17:29:30.000   63.755983119  -68.510511689    97.5334   5   9   2.3114   1.8298   5.7933  -0.7835  -1.8496   1.7438   0.00    0.0
2014/09/19 17:30:00.000   63.755991421  -68.510508879    98.6321   5   9   2.3134   1.8260   5.7778  -0.7846  -1.8319   1.7417   0.00    0.0
2014/09/19 17:30:30.000   63.755987762  -68.510508164    98.4987   5   9   2.3154   1.8223   5.7620  -0.7855  -1.8140   1.7395   0.00    0.0
2014/09/19 17:31:00.000   63.755986115  -68.510505328    97.8189   5   9   2.3176   1.8186   5.7458  -0.7865  -1.7960   1.7373   0.00    0.0
2014/09/19 17:31:30.000   63.755982589  -68.510506387    97.6779   5   9   2.3197   1.8150   5.7293  -0.7874  -1.7777   1.7350   0.00    0.0
2014/09/19 17:32:00.000   63.755986513  -68.510508679    98.3621   5   9   2.3220   1.8115   5.7126  -0.7883  -1.7594   1.7326   0.00    0.0
2014/09/19 17:32:30.000   63.755978966  -68.510514260    97.9949   5   9   2.3243   1.8081   5.6955  -0.7892  -1.7408   1.7303   0.00    0.0
2014/09/19 17:33:00.000   63.755980276  -68.510507701    98.3695   5   9   2.3266   1.8047   5.6782  -0.7901  -1.7221   1.7279   0.00    0.0
2014/09/19 17:33:30.000   63.755985253  -68.510511937    98.0249   5   9   2.3291   1.8014   5.6607  -0.7909  -1.7033   1.7254   0.00    0.0
2014/09/19 17:34:00.000   63.755977959  -68.510504938    97.0991   5   9   2.3315   1.7981   5.6430  -0.7918  -1.6843   1.7230   0.00    0.0
2014/09/19 17:34:30.000   63.755986508  -68.510504066    98.5371   5   9   2.3341   1.7950   5.6250  -0.7926  -1.6652   1.7205   0.00    0.0
2014/09/19 17:35:00.000   63.755980402  -68.510504047    97.6842   5   9   2.3367   1.7919   5.6069  -0.7934  -1.6460   1.7181   0.00    0.0
2014/09/19 17:35:30.000   63.755979710  -68.510507468    97.9722   5   9   2.3394   1.7889   5.5886  -0.7943  -1.6266   1.7157   0.00    0.0
2014/09/19 17:36:00.000   63.755978059  -68.510506739    97.8456   5   9   2.3422   1.7860   5.5702  -0.7951  -1.6071   1.7133   0.00    0.0
2014/09/19 17:36:30.000   63.755980765  -68.510503689    98.0246   5   9   2.3451   1.7832   5.5516  -0.7959  -1.5876   1.7109   0.00    0.0
2014/09/19 17:37:00.000   63.755983484  -68.510499429    98.5752   5   9   2.3480   1.7804   5.5329  -0.7968  -1.5679   1.7085   0.00    0.0
2014/09/19 17:37:30.000   63.755980591  -68.510507766    97.7141   5   9   2.3510   1.7778   5.5141  -0.7976  -1.5481   1.7062   0.00    0.0
2014/09/19 17:38:00.000   63.755977349  -68.510504056    96.9486   5   9   2.3541   1.7752   5.4953  -0.7985  -1.5282   1.7040   0.00    0.0
2014/09/19 17:38:30.000   63.755982243  -68.510501923    97.6254   5   9   2.3573   1.7727   5.4763  -0.7993  -1.5083   1.7018   0.00    0.0
2014/09/19 17:39:00.000   63.755959938  -68.510492106    93.6871   5   8   4.4650   1.9456   9.2546  -1.9232  -2.8717   5.5872   0.00    0.0
2014/09/19 17:39:30.000   63.755950753  -68.510490313    92.1755   5   8   4.4796   1.9405   9.2503  -1.9197  -2.8531   5.5996   0.00    0.0
2014/09/19 17:40:00.000   63.755959654  -68.510489789    92.7962   5   8   4.4933   1.9354   9.2435  -1.9155  -2.8336   5.6101   0.00    0.0
2014/09/19 17:40:30.000   63.755963144  -68.510492240    93.1854   5   8   4.5061   1.9302   9.2342  -1.9107  -2.8131   5.6190   0.00    0.0
2014/09/19 17:41:00.000   63.755957086  -68.510495624    92.8293   5   8   4.5180   1.9250   9.2225  -1.9052  -2.7917   5.6260   0.00    0.0
2014/09/19 17:41:30.000   63.755961178  -68.510498131    92.4810   5   8   4.5290   1.9197   9.2083  -1.8991  -2.7694   5.6313   0.00    0.0
2014/09/19 17:42:00.000   63.755962399  -68.510494771    92.8404   5   8   4.5391   1.9145   9.1918  -1.8924  -2.7461   5.6349   0.00    0.0
2014/09/19 17:42:30.000   63.755959252  -68.510498129    92.6396   5   8   4.5482   1.9092   9.1729  -1.8851  -2.7220   5.6367   0.00    0.0
2014/09/19 17:43:00.000   63.755964806  -68.510493663    93.5224   5   8   4.5565   1.9039   9.1517  -1.8772  -2.6971   5.6369   0.00    0.0
2014/09/19 17:43:30.000   63.755964790  -68.510496164    93.8739   5   8   4.5639   1.8987   9.1283  -1.8688  -2.6713   5.6353   0.00    0.0
2014/09/19 17:44:00.000   63.755957040  -68.510489414    92.6674   5   8   4.5704   1.8934   9.1027  -1.8598  -2.6447   5.6321   0.00    0.0
2014/09/19 17:44:30.000   63.755955200  -68.510487036    91.5820   5   8   4.5759   1.8882   9.0750  -1.8503  -2.6173   5.6273   0.00    0.0
2014/09/19 17:45:00.000   63.755954927  -68.510486975    91.5538   5   8   4.5806   1.8830   9.0453  -1.8403  -2.5892   5.6209   0.00    0.0
2014/09/19 17:45:30.000   63.755958991  -68.510488091    92.6720   5   8   4.5845   1.8779   9.0136  -1.8299  -2.5604   5.6130   0.00    0.0
2014/09/19 17:46:00.000   63.755954171  -68.510482748    91.6051   5   8   4.5875   1.8728   8.9800  -1.8189  -2.5309   5.6035   0.00    0.0
2014/09/19 17:46:30.000   63.755957983  -68.510489655    93.5374   5   8   4.5897   1.8678   8.9446  -1.8075  -2.5007   5.5926   0.00    0.0
2014/09/19 17:47:00.000   63.755955954  -68.510487926    92.8772   5   8   4.5910   1.8629   8.9074  -1.7957  -2.4699   5.5803   0.00    0.0
2014/09/19 17:47:30.000   63.755958405  -68.510489341    92.7196   5   8   4.5916   1.8581   8.8687  -1.7835  -2.4386   5.5666   0.00    0.0
2014/09/19 17:48:00.000   63.755967780  -68.510497597    94.4875   5   8   4.5914   1.8534   8.8283  -1.7710  -2.4066   5.5516   0.00    0.0
2014/09/19 17:48:30.000   63.755971411  -68.510492287    94.2943   5   8   4.5904   1.8487   8.7865  -1.7581  -2.3741   5.5354   0.00    0.0
2014/09/19 17:49:00.000   63.755968947  -68.510495942    94.2596   5   8   4.5887   1.8442   8.7433  -1.7448  -2.3412   5.5180   0.00    0.0
2014/09/19 17:49:30.000   63.755963790  -68.510488315    93.2979   5   8   4.5864   1.8398   8.6988  -1.7313  -2.3077   5.4994   0.00    0.0
2014/09/19 17:50:00.000   63.755966904  -68.510491942    93.1682   5   8   4.5833   1.8355   8.6531  -1.7174  -2.2738   5.4797   0.00    0.0
2014/09/19 17:50:30.000   63.755972259  -68.510496671    95.8226   5   8   4.5797   1.8313   8.6063  -1.7033  -2.2395   5.4589   0.00    0.0
2014/09/19 17:51:00.000   63.755973285  -68.510494123    93.1650   5   8   4.5754   1.8273   8.5585  -1.6890  -2.2047   5.4372   0.00    0.0
2014/09/19 17:51:30.000   63.755969380  -68.510495179    94.3634   5   8   4.5705   1.8234   8.5097  -1.6745  -2.1696   5.4146   0.00    0.0
2014/09/19 17:52:00.000   63.755969012  -68.510490023    94.0851   5   8   4.5651   1.8196   8.4600  -1.6597  -2.1342   5.3911   0.00    0.0
2014/09/19 17:52:30.000   63.755973976  -68.510496853    94.4335   5   8   4.5591   1.8160   8.4096  -1.6448  -2.0984   5.3668   0.00    0.0
2014/09/19 17:53:00.000   63.755968621  -68.510491812    93.3227   5   8   4.5527   1.8125   8.3585  -1.6297  -2.0623   5.3417   0.00    0.0
2014/09/19 17:53:30.000   63.755965085  -68.510485233    93.5774   5   8   4.5458   1.8092   8.3068  -1.6145  -2.0259   5.3159   0.00    0.0
2014/09/19 17:54:00.000   63.755967391  -68.510487575    92.0027   5   8   4.5384   1.8060   8.2545  -1.5992  -1.9893   5.2894   0.00    0.0
2014/09/19 17:54:30.000   63.755959930  -68.510489005    93.0186   5   8   4.5306   1.8030   8.2018  -1.5838  -1.9523   5.2623   0.00    0.0
2014/09/19 17:55:00.000   63.755965097  -68.510487611    91.7677   5   8   4.5224   1.8002   8.1487  -1.5682  -1.9152   5.2347   0.00    0.0
2014/09/19 17:55:30.000   63.755954072  -68.510492156    91.1444   5   8   4.5139   1.7975   8.0953  -1.5526  -1.8777   5.2066   0.00    0.0
2014/09/19 17:56:00.000   63.755963224  -68.510488925    92.1370   5   8   4.5050   1.7950   8.0416  -1.5370  -1.8401   5.1780   0.00    0.0
2014/09/19 17:56:30.000   63.755962701  -68.510481867    92.3830   5   8   4.4958   1.7926   7.9878  -1.5213  -1.8022   5.1490   0.00    0.0
2014/09/19 17:57:00.000   63.755959792  -68.510484138    92.5938   5   8   4.4863   1.7904   7.9338  -1.5056  -1.7641   5.1196   0.00    0.0
2014/09/19 17:57:30.000   63.755969027  -68.510487546    93.3166   5   9   3.3582   1.7824   5.7910  -1.6287  -1.9389   3.1764   0.00    0.0
2014/09/19 17:58:00.000   63.755971906  -68.510486460    94.3683   5   8   3.3634   1.9480   6.1044  -1.6505  -1.4586   3.1430   0.00    0.0
2014/09/19 17:58:30.000   63.755967905  -68.510487682    93.7657   5   8   3.3665   1.9446   6.1026  -1.6438  -1.4267   3.1457   0.00    0.0
2014/09/19 17:59:00.000   63.755967014  -68.510483775    92.5858   5   8   3.3696   1.9412   6.1007  -1.6370  -1.3940   3.1485   0.00    0.0
2014/09/19 17:59:30.000   63.755971124  -68.510484405    92.2682   5   8   3.3728   1.9380   6.0990  -1.6301  -1.3605   3.1512   0.00    0.0
2014/09/19 18:00:00.000   63.755966814  -68.510486152    92.3967   5   8   3.3759   1.9349   6.0973  -1.6231  -1.3261   3.1539   0.00    0.0
2014/09/19 18:00:30.000   63.755971062  -68.510482642    93.9928   5   8   3.3790   1.9319   6.0956  -1.6160  -1.2907   3.1566   0.00    0.0
2014/09/19 18:01:00.000   63.755973702  -68.510482591    94.8647   5   8   3.3821   1.9291   6.0940  -1.6087  -1.2543   3.1593   0.00    0.0
2014/09/19 18:01:30.000   63.755966292  -68.510488497    93.2549   5   8   3.3853   1.9264   6.0925  -1.6014  -1.2168   3.1620   0.00    0.0
2014/09/19 18:02:00.000   63.755971787  -68.510489667    93.7685   5   8   3.3884   1.9239   6.0910  -1.5940  -1.1781   3.1647   0.00    0.0
2014/09/19 18:02:30.000   63.755972037  -68.510495402    95.8050   5   7   3.4673   2.1174   7.1355  -1.7771  -2.1455   3.5656   0.00    0.0
2014/09/19 18:03:00.000   63.755964145  -68.510493056    94.2559   5   7   3.4712   2.1109   7.1350  -1.7692  -2.1149   3.5702   0.00    0.0
2014/09/19 18:03:30.000   63.755974138  -68.510491082    96.3716   5   7   3.4751   2.1046   7.1344  -1.7610  -2.0836   3.5747   0.00    0.0
2014/09/19 18:04:00.000   63.755977195  -68.510492780    96.6113   5   7   3.4790   2.0985   7.1337  -1.7528  -2.0517   3.5792   0.00    0.0
2014/09/19 18:04:30.000   63.755971523  -68.510489941    95.9484   5   7   3.4828   2.0924   7.1329  -1.7443  -2.0192   3.5835   0.00    0.0
2014/09/19 18:05:00.000   63.755971263  -68.510488592    96.6165   5   7   3.4867   2.0866   7.1320  -1.7357  -1.9861   3.5877   0.00    0.0
2014/09/19 18:05:30.000   63.755967684  -68.510496806    95.5731   5   7   3.4905   2.0808   7.1310  -1.7270  -1.9522   3.5919   0.00    0.0
2014/09/19 18:06:00.000   63.755972129  -68.510487902    95.9285   5   7   3.4942   2.0753   7.1299  -1.7180  -1.9176   3.5959   0.00    0.0
2014/09/19 18:06:30.000   63.755967439  -68.510488563    95.0416   5   7   3.4980   2.0699   7.1288  -1.7089  -1.8823   3.5998   0.00    0.0
2014/09/19 18:07:00.000   63.755969818  -68.510487269    95.4210   5   7   3.5017   2.0646   7.1275  -1.6997  -1.8462   3.6037   0.00    0.0
2014/09/19 18:07:30.000   63.755969617  -68.510494850    95.0760   5   7   3.5054   2.0595   7.1262  -1.6903  -1.8093   3.6074   0.00    0.0
2014/09/19 18:08:00.000   63.755972477  -68.510490742    96.4879   5   7   3.5091   2.0546   7.1247  -1.6807  -1.7715   3.6111   0.00    0.0
2014/09/19 18:08:30.000   63.755967343  -68.510489790    95.4212   5   7   3.5127   2.0499   7.1232  -1.6710  -1.7328   3.6146   0.00    0.0
2014/09/19 18:09:00.000   63.755968618  -68.510493235    94.8682   5   7   3.5163   2.0453   7.1217  -1.6611  -1.6931   3.6181   0.00    0.0
2014/09/19 18:09:30.000   63.755977385  -68.510492297    95.5771   5   7   3.5199   2.0409   7.1200  -1.6510  -1.6525   3.6214   0.00    0.0
2014/09/19 18:10:00.000   63.755965348  -68.510492961    93.6876   5   7   3.5235   2.0367   7.1183  -1.6408  -1.6107   3.6247   0.00    0.0
2014/09/19 18:10:30.000   63.755972948  -68.510492118    96.8968   5   7   3.5271   2.0327   7.1166  -1.6304  -1.5677   3.6279   0.00    0.0
2014/09/19 18:11:00.000   63.755971427  -68.510495639    96.7568   5   7   3.5306   2.0289   7.1147  -1.6199  -1.5234   3.6310   0.00    0.0
2014/09/19 18:11:30.000   63.755968974  -68.510493562    96.5428   5   7   3.5341   2.0253   7.1129  -1.6092  -1.4778   3.6339   0.00    0.0
2014/09/19 18:12:00.000   63.755969578  -68.510500423    96.1828   5   7   3.5375   2.0218   7.1109  -1.5983  -1.4306   3.6368   0.00    0.0
2014/09/19 18:12:30.000   63.755970470  -68.510504742    96.6314   5   7   3.5410   2.0186   7.1089  -1.5873  -1.3818   3.6396   0.00    0.0
2014/09/19 18:13:00.000   63.755972198  -68.510494434    97.1004   5   7   3.5444   2.0155   7.1069  -1.5761  -1.3312   3.6423   0.00    0.0
2014/09/19 18:13:30.000   63.755962764  -68.510500281    95.5043   5   7   3.5478   2.0126   7.1047  -1.5647  -1.2785   3.6450   0.00    0.0
2014/09/19 18:14:00.000   63.755966026  -68.510491672    95.7976   5   7   3.5511   2.0100   7.1026  -1.5532  -1.2236   3.6475   0.00    0.0
2014/09/19 18:14:30.000   63.755968070  -68.510494528    96.2898   5   7   3.5545   2.0075   7.1004  -1.5415  -1.1660   3.6499   0.00    0.0
2014/09/19 18:15:00.000   63.755968395  -68.510490155    96.2307   5   7   3.5578   2.0053   7.0982  -1.5297  -1.1054   3.6522   0.00    0.0
2014/09/19 18:15:30.000   63.755964843  -68.510492193    95.5330   5   7   3.5610   2.0032   7.0959  -1.5177  -1.0413   3.6544   0.00    0.0
2014/09/19 18:16:00.000   63.755963968  -68.510491500    95.3346   5   7   3.5643   2.0014   7.0935  -1.5055  -0.9730   3.6566   0.00    0.0
2014/09/19 18:16:30.000   63.755965172  -68.510490743    95.0674   5   6   3.9196   2.0094   7.7728  -1.3821  -1.1979   2.8666   0.00    0.0
2014/09/19 18:17:00.000   63.755961429  -68.510494053    95.0286   5   6   3.9234   2.0069   7.7712  -1.3751  -1.1233   2.8674   0.00    0.0
2014/09/19 18:17:30.000   63.755967321  -68.510490958    95.6411   5   6   3.9271   2.0047   7.7697  -1.3680  -1.0435   2.8681   0.00    0.0
2014/09/19 18:18:00.000   63.755965882  -68.510492206    95.5121   5   6   3.9308   2.0028   7.7681  -1.3608  -0.9572   2.8688   0.00    0.0
2014/09/19 18:18:30.000   63.755971095  -68.510490605    93.5936   5   7   3.3863   1.9047   7.2712  -0.7763  -1.5553   3.7014   0.00    0.0
2014/09/19 18:19:00.000   63.755974569  -68.510489438    94.1763   5   7   3.3862   1.9001   7.2737  -0.7475  -1.5054   3.7013   0.00    0.0
2014/09/19 18:19:30.000   63.755976708  -68.510486916    93.0903   5   7   3.3861   1.8957   7.2762  -0.7176  -1.4537   3.7011   0.00    0.0
2014/09/19 18:20:00.000   63.755972450  -68.510488476    93.0609   5   7   3.3859   1.8916   7.2786  -0.6863  -1.4000   3.7008   0.00    0.0
2014/09/19 18:20:30.000   63.755974964  -68.510490374    93.8113   5   7   3.3858   1.8878   7.2810  -0.6535  -1.3441   3.7003   0.00    0.0
2014/09/19 18:21:00.000   63.755973380  -68.510489346    93.5533   5   7   3.3856   1.8842   7.2832  -0.6191  -1.2858   3.6998   0.00    0.0
2014/09/19 18:21:30.000   63.755971612  -68.510484101    92.5520   5   7   3.3854   1.8809   7.2855  -0.5826  -1.2246   3.6992   0.00    0.0
2014/09/19 18:22:00.000   63.755975542  -68.510485156    92.8569   5   7   3.3851   1.8778   7.2876  -0.5437  -1.1602   3.6984   0.00    0.0
2014/09/19 18:22:30.000   63.755969979  -68.510485569    92.2007   5   7   3.3849   1.8751   7.2897  -0.5018  -1.0920   3.6976   0.00    0.0
2014/09/19 18:23:00.000   63.755968888  -68.510491567    92.5926   5   7   3.3846   1.8726   7.2917  -0.4562  -1.0192   3.6967   0.00    0.0
2014/09/19 18:23:30.000   63.755980089  -68.510486075    94.3258   5   8   2.4770   1.8696   5.6291  -0.2143  -0.8042   1.7211   0.00    0.0
2014/09/19 18:24:00.000   63.755979699  -68.510482603    94.1811   5   8   2.4773   1.8680   5.6414  -0.1855  -0.7470   1.7277   0.00    0.0
2014/09/19 18:24:30.000   63.755981754  -68.510485190    94.6016   5   8   2.4776   1.8666   5.6539  -0.1509  -0.6845   1.7345   0.00    0.0
2014/09/19 18:25:00.000   63.755982097  -68.510484554    94.6046   5   8   2.4780   1.8653   5.6665  -0.1049  -0.6151   1.7414   0.00    0.0
2014/09/19 18:25:30.000   63.755979189  -68.510476967    94.1261   5   8   2.4785   1.8642   5.6792   0.0301  -0.5363   1.7484   0.00    0.0
2014/09/19 18:26:00.000   63.755980386  -68.510482866    94.7611   5   8   2.4791   1.8632   5.6921   0.1138  -0.4428   1.7556   0.00    0.0
2014/09/19 18:26:30.000   63.755982934  -68.510482392    94.2625   5   8   2.4797   1.8624   5.7052   0.1585  -0.3224   1.7630   0.00    0.0
2014/09/19 18:27:00.000   63.755982786  -68.510480608    93.9446   5   8   2.4805   1.8618   5.7183   0.1935  -0.1050   1.7705   0.00    0.0
2014/09/19 18:27:30.000   63.755980649  -68.510489779    95.6716   5   8   2.4812   1.8614   5.7316   0.2234   0.2873   1.7781   0.00    0.0
2014/09/19 18:28:00.000   63.755979469  -68.510478346    94.0818   5   8   2.4821   1.8612   5.7450   0.2500   0.4205   1.7859   0.00    0.0
2014/09/19 18:28:30.000   63.755978860  -68.510486419    94.6612   5   8   2.4831   1.8611   5.7586   0.2744   0.5214   1.7938   0.00    0.0
2014/09/19 18:29:00.000   63.755980523  -68.510485231    94.9973   5   9   2.4673   1.7235   5.2855   0.5391   1.4134   1.6057   0.00    0.0
2014/09/19 18:29:30.000   63.755981057  -68.510482066    95.0252   5   9   2.4690   1.7254   5.3089   0.5471   1.4394   1.6199   0.00    0.0
2014/09/19 18:30:00.000   63.755978378  -68.510488859    94.5142   5   9   2.4707   1.7274   5.3324   0.5551   1.4652   1.6342   0.00    0.0
2014/09/19 18:30:30.000   63.755980728  -68.510479798    95.1578   5   9   2.4725   1.7296   5.3561   0.5633   1.4908   1.6486   0.00    0.0
2014/09/19 18:31:00.000   63.755980898  -68.510488322    95.4468   5   9   2.4743   1.7319   5.3799   0.5714   1.5163   1.6631   0.00    0.0
2014/09/19 18:31:30.000   63.755981643  -68.510480716    94.6341   5   9   2.4762   1.7343   5.4038   0.5796   1.5417   1.6777   0.00    0.0
2014/09/19 18:32:00.000   63.755975344  -68.510478558    93.4819   5   9   2.4782   1.7369   5.4279   0.5879   1.5669   1.6923   0.00    0.0
2014/09/19 18:32:30.000   63.755976902  -68.510484858    94.5340   5   9   2.4803   1.7396   5.4520   0.5962   1.5920   1.7070   0.00    0.0
2014/09/19 18:33:00.000   63.755979804  -68.510485585    95.2584   5   9   2.4825   1.7424   5.4763   0.6045   1.6170   1.7218   0.00    0.0
2014/09/19 18:33:30.000   63.755977064  -68.510490895    95.0759   5   9   2.4847   1.7453   5.5006   0.6129   1.6419   1.7367   0.00    0.0
2014/09/19 18:34:00.000   63.755982413  -68.510483184    94.6488   5   9   2.4869   1.7484   5.5250   0.6213   1.6667   1.7516   0.00    0.0
2014/09/19 18:34:30.000   63.755978852  -68.510484266    95.4969   5   9   2.4893   1.7516   5.5495   0.6297   1.6913   1.7666   0.00    0.0
2014/09/19 18:35:00.000   63.755977153  -68.510479839    94.9976   5   9   2.4917   1.7550   5.5740   0.6382   1.7158   1.7816   0.00    0.0
2014/09/19 18:35:30.000   63.755980681  -68.510479407    94.8158   5   9   2.4941   1.7584   5.5986   0.6467   1.7402   1.7967   0.00    0.0
2014/09/19 18:36:00.000   63.755977668  -68.510479579    95.0009   5   9   2.4967   1.7620   5.6232   0.6552   1.7645   1.8118   0.00    0.0
2014/09/19 18:36:30.000   63.755978103  -68.510478501    94.3367   5   9   2.4993   1.7657   5.6478   0.6638   1.7887   1.8269   0.00    0.0
2014/09/19 18:37:00.000   63.755978308  -68.510480356    93.4273   5   9   2.5019   1.7695   5.6724   0.6724   1.8127   1.8421   0.00    0.0
2014/09/19 18:37:30.000   63.755979874  -68.510480709    94.0120   5   9   2.5046   1.7735   5.6970   0.6810   1.8367   1.8572   0.00    0.0
2014/09/19 18:38:00.000   63.755978106  -68.510478610    93.2188   5   9   2.5074   1.7776   5.7216   0.6896   1.8605   1.8724   0.00    0.0
2014/09/19 18:38:30.000   63.755982228  -68.510477521    93.9265   5   9   2.5102   1.7817   5.7461   0.6982   1.8842   1.8875   0.00    0.0
2014/09/19 18:39:00.000   63.755978961  -68.510480516    93.5241   5   9   2.5131   1.7861   5.7705   0.7069   1.9077   1.9027   0.00    0.0
2014/09/19 18:39:30.000   63.755978434  -68.510484731    94.7182   5   9   2.5161   1.7905   5.7949   0.7155   1.9311   1.9178   0.00    0.0
2014/09/19 18:40:00.000   63.755980671  -68.510491226    94.8091   5   9   2.5191   1.7950   5.8192   0.7242   1.9544   1.9329   0.00    0.0
2014/09/19 18:40:30.000   63.755977743  -68.510487353    94.3880   5   9   2.5221   1.7996   5.8433   0.7328   1.9775   1.9479   0.00    0.0
2014/09/19 18:41:00.000   63.755978544  -68.510487689    93.8464   5   9   2.5252   1.8044   5.8673   0.7415   2.0005   1.9629   0.00    0.0
2014/09/19 18:41:30.000   63.755981432  -68.510487066    93.4528   5   9   2.5284   1.8092   5.8912   0.7501   2.0233   1.9779   0.00    0.0
2014/09/19 18:42:00.000   63.755979188  -68.510481714    94.0734   5   9   2.5316   1.8142   5.9149   0.7588   2.0460   1.9927   0.00    0.0
2014/09/19 18:42:30.000   63.755979871  -68.510488527    94.7683   5   8   2.5462   1.9114   6.3107   0.8541   1.7397   1.8756   0.00    0.0
2014/09/19 18:43:00.000   63.755984012  -68.510491948    94.1500   5   8   2.5487   1.9134   6.3450   0.8579   1.7658   1.8936   0.00    0.0
2014/09/19 18:43:30.000   63.755979711  -68.510495146    94.4634   5   8   2.5513   1.9157   6.3792   0.8618   1.7918   1.9116   0.00    0.0
2014/09/19 18:44:00.000   63.755978302  -68.510488953    94.8157   5   8   2.5540   1.9180   6.4133   0.8657   1.8177   1.9296   0.00    0.0
2014/09/19 18:44:30.000   63.755977476  -68.510490230    94.9413   5   8   2.5567   1.9204   6.4474   0.8698   1.8435   1.9476   0.00    0.0
2014/09/19 18:45:00.000   63.755980906  -68.510493417    95.5737   5   8   2.5595   1.9229   6.4813   0.8739   1.8691   1.9656   0.00    0.0
2014/09/19 18:45:30.000   63.755980473  -68.510493219    95.5264   5   8   2.5623   1.9255   6.5152   0.8780   1.8946   1.9836   0.00    0.0
2014/09/19 18:46:00.000   63.755978826  -68.510494682    95.1872   5   8   2.5652   1.9282   6.5488   0.8823   1.9200   2.0016   0.00    0.0
2014/09/19 18:46:30.000   63.755978833  -68.510489908    95.3025   5   8   2.5681   1.9310   6.5822   0.8865   1.9453   2.0195   0.00    0.0
2014/09/19 18:47:00.000   63.755979029  -68.510494118    95.7052   5   8   2.5711   1.9339   6.6155   0.8909   1.9704   2.0374   0.00    0.0
2014/09/19 18:47:30.000   63.755978931  -68.510494689    94.9651   5   8   2.5742   1.9369   6.6484   0.8953   1.9953   2.0552   0.00    0.0
2014/09/19 18:48:00.000   63.755981412  -68.510495430    95.1467   5   8   2.5773   1.9400   6.6811   0.8997   2.0201   2.0730   0.00    0.0
2014/09/19 18:48:30.000   63.755978656  -68.510492671    95.6431   5   8   2.5804   1.9432   6.7134   0.9042   2.0446   2.0906   0.00    0.0
2014/09/19 18:49:00.000   63.755976260  -68.510489897    94.7199   5   8   2.5836   1.9464   6.7454   0.9087   2.0690   2.1082   0.00    0.0
2014/09/19 18:49:30.000   63.755977491  -68.510493193    95.0764   5   8   2.5868   1.9498   6.7769   0.9132   2.0931   2.1256   0.00    0.0
2014/09/19 18:50:00.000   63.755980133  -68.510488631    94.8219   5   8   2.5901   1.9532   6.8081   0.9178   2.1171   2.1429   0.00    0.0
2014/09/19 18:50:30.000   63.755979028  -68.510484889    95.3167   5   8   2.5934   1.9567   6.8387   0.9223   2.1407   2.1600   0.00    0.0
2014/09/19 18:51:00.000   63.755977411  -68.510494145    95.1273   5   8   2.5967   1.9603   6.8689   0.9269   2.1642   2.1770   0.00    0.0
2014/09/19 18:51:30.000   63.755979601  -68.510489681    94.7028   5   8   2.6001   1.9639   6.8985   0.9314   2.1873   2.1938   0.00    0.0
2014/09/19 18:52:00.000   63.755975828  -68.510488924    95.2441   5   8   2.6035   1.9676   6.9275   0.9360   2.2102   2.2104   0.00    0.0
2014/09/19 18:52:30.000   63.755975466  -68.510492554    95.1718   5   8   2.6070   1.9713   6.9559   0.9405   2.2327   2.2267   0.00    0.0
2014/09/19 18:53:00.000   63.755976879  -68.510494109    95.8593   5   8   2.6104   1.9751   6.9836   0.9450   2.2550   2.2428   0.00    0.0
2014/09/19 18:53:30.000   63.755979687  -68.510490353    95.3085   5   8   2.6139   1.9789   7.0106   0.9495   2.2769   2.2587   0.00    0.0
2014/09/19 18:54:00.000   63.755978364  -68.510487893    95.6796   5   8   2.6174   1.9828   7.0369   0.9539   2.2984   2.2743   0.00    0.0
2014/09/19 18:54:30.000   63.755978939  -68.510494075    94.7521   5   8   2.6209   1.9867   7.0624   0.9583   2.3196   2.2896   0.00    0.0
2014/09/19 18:55:00.000   63.755977326  -68.510488960    95.0239   5   8   2.6245   1.9907   7.0871   0.9626   2.3404   2.3046   0.00    0.0
2014/09/19 18:55:30.000   63.755979089  -68.510485378    95.1186   5   8   2.6280   1.9947   7.1109   0.9668   2.3608   2.3193   0.00    0.0
2014/09/19 18:56:00.000   63.755978285  -68.510490832    94.5259   5   8   2.6316   1.9987   7.1338   0.9710   2.3807   2.3336   0.00    0.0
2014/09/19 18:56:30.000   63.755979288  -68.510485220    94.6764   5   8   2.6351   2.0027   7.1558   0.9751   2.4003   2.3476   0.00    0.0
2014/09/19 18:57:00.000   63.755979661  -68.510491153    95.4553   5   8   2.6387   2.0067   7.1768   0.9791   2.4193   2.3612   0.00    0.0
2014/09/19 18:57:30.000   63.755982358  -68.510490745    95.9947   5   8   2.6423   2.0107   7.1968   0.9829   2.4379   2.3744   0.00    0.0
2014/09/19 18:58:00.000   63.755977945  -68.510496280    95.9314   5   8   2.6458   2.0147   7.2157   0.9867   2.4560   2.3871   0.00    0.0
2014/09/19 18:58:30.000   63.755980210  -68.510490348    96.4360   5   8   2.6494   2.0187   7.2336   0.9903   2.4736   2.3995   0.00    0.0
2014/09/19 18:59:00.000   63.755977861  -68.510489215    95.3370   5   8   2.6529   2.0226   7.2503   0.9937   2.4906   2.4114   0.00    0.0
2014/09/19 18:59:30.000   63.755981698  -68.510489357    96.1549   5   8   2.6565   2.0266   7.2659   0.9971   2.5071   2.4229   0.00    0.0
2014/09/19 19:00:00.000   63.755981934  -68.510493956    96.1449   5   8   2.6600   2.0305   7.2803   1.0002   2.5231   2.4339   0.00    0.0
2014/09/19 19:00:30.000   63.755978347  -68.510487778    96.1071   5   8   2.6635   2.0343   7.2935   1.0032   2.5384   2.4444   0.00    0.0
2014/09/19 19:01:00.000   63.755976938  -68.510488653    95.4638   5   8   2.6669   2.0381   7.3055   1.0060   2.5532   2.4543   0.00    0.0
2014/09/19 19:01:30.000   63.755977968  -68.510491020    95.7313   5   8   2.6704   2.0419   7.3163   1.0086   2.5674   2.4638   0.00    0.0
2014/09/19 19:02:00.000   63.755978744  -68.510488132    95.2886   5   8   2.6738   2.0456   7.3257   1.0111   2.5809   2.4728   0.00    0.0
2014/09/19 19:02:30.000   63.755979414  -68.510485192    96.0942   5   8   2.6772   2.0492   7.3339   1.0133   2.5939   2.4812   0.00    0.0
2014/09/19 19:03:00.000   63.755978566  -68.510494746    95.6526   5   8   2.6805   2.0528   7.3407   1.0153   2.6062   2.4890   0.00    0.0
2014/09/19 19:03:30.000   63.755979468  -68.510489086    95.9586   5   8   2.6838   2.0563   7.3462   1.0171   2.6178   2.4963   0.00    0.0
2014/09/19 19:04:00.000   63.755975997  -68.510484121    95.7369   5   9   2.5654   2.0518   6.5757   1.0872   2.7392   1.9076   0.00    0.0
2014/09/19 19:04:30.000   63.755976685  -68.510491355    95.0605   5   9   2.5689   2.0548   6.5913   1.0895   2.7502   1.9213   0.00    0.0
2014/09/19 19:05:00.000   63.755979941  -68.510484562    96.4218   5   9   2.5725   2.0577   6.6059   1.0918   2.7607   1.9346   0.00    0.0
2014/09/19 19:05:30.000   63.755980465  -68.510487639    96.1069   5   9   2.5761   2.0605   6.6195   1.0939   2.7706   1.9476   0.00    0.0
2014/09/19 19:06:00.000   63.755978996  -68.510488982    95.9879   5   9   2.5797   2.0631   6.6321   1.0958   2.7799   1.9602   0.00    0.0
2014/09/19 19:06:30.000   63.755979038  -68.510482938    96.0230   5   9   2.5833   2.0656   6.6437   1.0976   2.7886   1.9724   0.00    0.0
2014/09/19 19:07:00.000   63.755977851  -68.510485484    95.4826   5   9   2.5869   2.0679   6.6543   1.0992   2.7968   1.9842   0.00    0.0
2014/09/19 19:07:30.000   63.755977765  -68.510487789    95.3305   5   9   2.5906   2.0701   6.6637   1.1006   2.8043   1.9955   0.00    0.0
2014/09/19 19:08:00.000   63.755978074  -68.510480286    95.8356   5   9   2.5943   2.0721   6.6721   1.1018   2.8111   2.0065   0.00    0.0
2014/09/19 19:08:30.000   63.755981733  -68.510484818    96.8205   5   9   2.5979   2.0740   6.6794   1.1028   2.8174   2.0169   0.00    0.0
2014/09/19 19:09:00.000   63.755979610  -68.510483406    96.6490   5   9   2.6016   2.0757   6.6855   1.1036   2.8230   2.0269   0.00    0.0
2014/09/19 19:09:30.000   63.755979404  -68.510487482    95.8540   5   9   2.6053   2.0772   6.6905   1.1041   2.8279   2.0365   0.00    0.0
2014/09/19 19:10:00.000   63.755982081  -68.510487276    95.3504   5  10   2.3293   2.0562   6.3325   1.2555   2.7134   2.5953   0.00    0.0
2014/09/19 19:10:30.000   63.755981837  -68.510487809    95.5609   5  10   2.3325   2.0568   6.3365   1.2577   2.7159   2.6020   0.00    0.0
2014/09/19 19:11:00.000   63.755981042  -68.510485613    95.0113   5  11   2.2761   2.0477   6.0560   1.3000   2.7849   2.4127   0.00    0.0
2014/09/19 19:11:30.000   63.755982379  -68.510490576    94.3209   5  11   2.2799   2.0475   6.0638   1.3024   2.7871   2.4221   0.00    0.0
2014/09/19 19:12:00.000   63.755978237  -68.510493176    94.2030   5  11   2.2837   2.0470   6.0705   1.3045   2.7887   2.4310   0.00    0.0
2014/09/19 19:12:30.000   63.755984615  -68.510495438    95.6170   5  11   2.2875   2.0464   6.0763   1.3064   2.7896   2.4395   0.00    0.0
2014/09/19 19:13:00.000   63.755979360  -68.510487169    95.2095   5  11   2.2912   2.0455   6.0811   1.3080   2.7900   2.4476   0.00    0.0
2014/09/19 19:13:30.000   63.755982267  -68.510488655    95.0724   5  11   2.2948   2.0444   6.0849   1.3094   2.7897   2.4552   0.00    0.0
2014/09/19 19:14:00.000   63.755982255  -68.510491116    95.3309   5  11   2.2984   2.0431   6.0876   1.3106   2.7887   2.4624   0.00    0.0
2014/09/19 19:14:30.000   63.755983162  -68.510487725    94.9115   5  11   2.3020   2.0416   6.0894   1.3115   2.7872   2.4691   0.00    0.0
2014/09/19 19:15:00.000   63.755980849  -68.510484024    95.2599   5  11   2.3055   2.0398   6.0901   1.3121   2.7850   2.4754   0.00    0.0
2014/09/19 19:15:30.000   63.755981911  -68.510490758    95.0845   5  11   2.3090   2.0379   6.0898   1.3124   2.7822   2.4812   0.00    0.0
2014/09/19 19:16:00.000   63.755981300  -68.510489440    94.6520   5  11   2.3124   2.0357   6.0885   1.3125   2.7788   2.4865   0.00    0.0
2014/09/19 19:16:30.000   63.755977056  -68.510498518    94.5848   5  11   2.3158   2.0334   6.0862   1.3123   2.7747   2.4914   0.00    0.0
2014/09/19 19:17:00.000   63.755980802  -68.510492378    94.7161   5  11   2.3191   2.0308   6.0828   1.3119   2.7700   2.4958   0.00    0.0
2014/09/19 19:17:30.000   63.755981071  -68.510486206    95.3744   5  11   2.3224   2.0281   6.0785   1.3111   2.7648   2.4998   0.00    0.0
2014/09/19 19:18:00.000   63.755979132  -68.510482495    93.4408   5  11   2.3256   2.0251   6.0732   1.3101   2.7589   2.5033   0.00    0.0
2014/09/19 19:18:30.000   63.755981612  -68.510489148    95.9785   5  11   2.3287   2.0219   6.0669   1.3089   2.7523   2.5063   0.00    0.0
2014/09/19 19:19:00.000   63.755977732  -68.510488333    94.3852   5  11   2.3318   2.0186   6.0597   1.3073   2.7452   2.5088   0.00    0.0
2014/09/19 19:19:30.000   63.755985397  -68.510487837    94.5625   5  11   2.3348   2.0151   6.0514   1.3055   2.7376   2.5109   0.00    0.0
2014/09/19 19:20:00.000   63.755982674  -68.510481476    95.2834   5  11   2.3377   2.0114   6.0423   1.3034   2.7293   2.5126   0.00    0.0
2014/09/19 19:20:30.000   63.755979057  -68.510482438    94.9834   5  11   2.3406   2.0075   6.0323   1.3011   2.7205   2.5137   0.00    0.0
2014/09/19 19:21:00.000   63.755978100  -68.510479500    94.7054   5  11   2.3434   2.0034   6.0213   1.2985   2.7111   2.5145   0.00    0.0
2014/09/19 19:21:30.000   63.755982552  -68.510485295    94.5372   5  11   2.3462   1.9992   6.0095   1.2956   2.7011   2.5148   0.00    0.0
2014/09/19 19:22:00.000   63.755977630  -68.510477732    94.6425   5  11   2.3489   1.9948   5.9968   1.2924   2.6907   2.5147   0.00    0.0
2014/09/19 19:22:30.000   63.755980821  -68.510485025    94.1563   5  11   2.3515   1.9903   5.9833   1.2890   2.6797   2.5142   0.00    0.0
2014/09/19 19:23:00.000   63.755978654  -68.510489403    94.7301   5  11   2.3541   1.9856   5.9690   1.2854   2.6682   2.5132   0.00    0.0
2014/09/19 19:23:30.000   63.755983127  -68.510484522    94.9412   5  11   2.3566   1.9808   5.9539   1.2815   2.6562   2.5118   0.00    0.0
2014/09/19 19:24:00.000   63.755984110  -68.510487656    95.3926   5  11   2.3590   1.9759   5.9381   1.2773   2.6437   2.5101   0.00    0.0
2014/09/19 19:24:30.000   63.755978717  -68.510482993    94.0557   5  11   2.3614   1.9708   5.9215   1.2729   2.6308   2.5080   0.00    0.0
2014/09/19 19:25:00.000   63.755978933  -68.510484566    95.2552   5  11   2.3638   1.9657   5.9043   1.2683   2.6174   2.5055   0.00    0.0
2014/09/19 19:25:30.000   63.755983785  -68.510485839    94.5089   5  11   2.3661   1.9604   5.8864   1.2634   2.6036   2.5026   0.00    0.0
2014/09/19 19:26:00.000   63.755979489  -68.510482343    94.4052   5  11   2.3683   1.9550   5.8678   1.2583   2.5893   2.4994   0.00    0.0
2014/09/19 19:26:30.000   63.755980167  -68.510482796    94.8583   5  11   2.3705   1.9495   5.8487   1.2530   2.5747   2.4959   0.00    0.0
2014/09/19 19:27:00.000   63.755979123  -68.510481772    93.7916   5  11   2.3727   1.9440   5.8290   1.2475   2.5596   2.4920   0.00    0.0
2014/09/19 19:27:30.000   63.755979693  -68.510482966    94.0066   5  11   2.3748   1.9383   5.8087   1.2417   2.5442   2.4879   0.00    0.0
2014/09/19 19:28:00.000   63.755978711  -68.510480267    94.5668   5  11   2.3769   1.9326   5.7879   1.2357   2.5285   2.4834   0.00    0.0
2014/09/19 19:28:30.000   63.755977284  -68.510480953    95.1754   5  11   2.3790   1.9268   5.7667   1.2296   2.5123   2.4786   0.00    0.0
2014/09/19 19:29:00.000   63.755978860  -68.510480491    93.7177   5  11   2.3810   1.9210   5.7450   1.2232   2.4959   2.4736   0.00    0.0
2014/09/19 19:29:30.000   63.755978268  -68.510477929    95.2189   5  11   2.3829   1.9151   5.7228   1.2166   2.4792   2.4684   0.00    0.0
2014/09/19 19:30:00.000   63.755975683  -68.510485160    95.1300   5  11   2.3849   1.9092   5.7003   1.2098   2.4621   2.4628   0.00    0.0
2014/09/19 19:30:30.000   63.755985510  -68.510476782    94.6247   5  11   2.3868   1.9033   5.6775   1.2028   2.4448   2.4571   0.00    0.0
2014/09/19 19:31:00.000   63.755982195  -68.510487315    94.3659   5  11   2.3887   1.8973   5.6543   1.1957   2.4272   2.4511   0.00    0.0
2014/09/19 19:31:30.000   63.755976889  -68.510478243    94.7235   5  11   2.3906   1.8913   5.6308   1.1884   2.4094   2.4450   0.00    0.0
2014/09/19 19:32:00.000   63.755979698  -68.510481156    94.1858   5  11   2.3925   1.8853   5.6070   1.1809   2.3913   2.4386   0.00    0.0
2014/09/19 19:32:30.000   63.755982768  -68.510479767    94.6244   5  11   2.3944   1.8793   5.5830   1.1732   2.3730   2.4321   0.00    0.0
2014/09/19 19:33:00.000   63.755981418  -68.510482918    95.0314   5  11   2.3962   1.8733   5.5588   1.1653   2.3545   2.4254   0.00    0.0
2014/09/19 19:33:30.000   63.755980517  -68.510483980    94.3103   5  11   2.3981   1.8673   5.5344   1.1573   2.3358   2.4186   0.00    0.0
2014/09/19 19:34:00.000   63.755980759  -68.510484447    94.8337   5  11   2.3999   1.8613   5.5099   1.1492   2.3169   2.4116   0.00    0.0
2014/09/19 19:34:30.000   63.755983143  -68.510483998    95.0091   5  11   2.4018   1.8553   5.4852   1.1409   2.2979   2.4045   0.00    0.0
2014/09/19 19:35:00.000   63.755983008  -68.510485012    95.0045   5  11   2.4036   1.8493   5.4604   1.1324   2.2786   2.3973   0.00    0.0
2014/09/19 19:35:30.000   63.755981813  -68.510482922    94.5215   5  11   2.4055   1.8434   5.4355   1.1238   2.2593   2.3900   0.00    0.0
2014/09/19 19:36:00.000   63.755982880  -68.510484028    94.8650   5  11   2.4074   1.8375   5.4106   1.1150   2.2398   2.3827   0.00    0.0
2014/09/19 19:36:30.000   63.755985045  -68.510484149    94.6609   5  11   2.4093   1.8317   5.3857   1.1061   2.2201   2.3752   0.00    0.0
2014/09/19 19:37:00.000   63.755981925  -68.510483082    94.4235   5  11   2.4112   1.8259   5.3607   1.0971   2.2004   2.3677   0.00    0.0
2014/09/19 19:37:30.000   63.755981445  -68.510481786    94.5683   5  11   2.4132   1.8201   5.3358   1.0879   2.1805   2.3602   0.00    0.0
2014/09/19 19:38:00.000   63.755979584  -68.510479740    94.4295   5  11   2.4151   1.8144   5.3109   1.0786   2.1605   2.3526   0.00    0.0
2014/09/19 19:38:30.000   63.755979819  -68.510482114    94.3479   5  11   2.4171   1.8087   5.2861   1.0691   2.1405   2.3450   0.00    0.0
2014/09/19 19:39:00.000   63.755983411  -68.510478741    93.9414   5  10   2.5519   1.8491   5.3294   1.2063   2.0367   2.1850   0.00    0.0
2014/09/19 19:39:30.000   63.755971911  -68.510484345    92.6988   5   9   3.3956   1.8647   6.9669   1.4390   2.3133   3.8507   0.00    0.0
2014/09/19 19:40:00.000   63.755967638  -68.510480256    92.4450   5   9   3.4053   1.8573   6.9730   1.4256   2.2889   3.8624   0.00    0.0
2014/09/19 19:40:30.000   63.755970201  -68.510479303    92.2667   5   9   3.4149   1.8500   6.9789   1.4117   2.2639   3.8738   0.00    0.0
2014/09/19 19:41:00.000   63.755970589  -68.510478673    92.0783   5   9   3.4244   1.8427   6.9846   1.3974   2.2384   3.8850   0.00    0.0
2014/09/19 19:41:30.000   63.755974269  -68.510482125    92.3899   5   9   3.4339   1.8356   6.9899   1.3826   2.2123   3.8961   0.00    0.0
2014/09/19 19:42:00.000   63.755967199  -68.510481598    90.9443   5   9   3.4432   1.8285   6.9951   1.3673   2.1855   3.9069   0.00    0.0
2014/09/19 19:42:30.000   63.755971712  -68.510479116    91.6510   5   9   3.4525   1.8216   7.0000   1.3515   2.1581   3.9176   0.00    0.0
2014/09/19 19:43:00.000   63.755972642  -68.510484533    92.0391   5   9   3.4617   1.8148   7.0046   1.3351   2.1300   3.9280   0.00    0.0
2014/09/19 19:43:30.000   63.755977498  -68.510484967    91.9245   5   9   3.4708   1.8080   7.0090   1.3183   2.1013   3.9382   0.00    0.0
2014/09/19 19:44:00.000   63.755975499  -68.510480120    91.9231   5   9   3.4798   1.8015   7.0131   1.3009   2.0719   3.9482   0.00    0.0
2014/09/19 19:44:30.000   63.755975597  -68.510480610    92.0100   5   9   3.4887   1.7950   7.0170   1.2829   2.0417   3.9580   0.00    0.0
2014/09/19 19:45:00.000   63.755973885  -68.510483333    92.1810   5   9   3.4975   1.7887   7.0206   1.2643   2.0108   3.9676   0.00    0.0
2014/09/19 19:45:30.000   63.755975554  -68.510479790    91.8525   5   9   3.5062   1.7825   7.0239   1.2452   1.9792   3.9770   0.00    0.0
2014/09/19 19:46:00.000   63.755974110  -68.510480695    92.3856   5   9   3.5148   1.7765   7.0270   1.2254   1.9468   3.9861   0.00    0.0
2014/09/19 19:46:30.000   63.755973432  -68.510481216    92.0682   5   9   3.5233   1.7707   7.0298   1.2049   1.9135   3.9950   0.00    0.0
2014/09/19 19:47:00.000   63.755972126  -68.510481905    92.4473   5   9   3.5317   1.7650   7.0324   1.1837   1.8794   4.0037   0.00    0.0
2014/09/19 19:47:30.000   63.755972952  -68.510484405    91.7848   5   9   3.5400   1.7595   7.0347   1.1618   1.8444   4.0122   0.00    0.0
2014/09/19 19:48:00.000   63.755969877  -68.510477704    90.8262   5   9   3.5481   1.7541   7.0367   1.1392   1.8084   4.0204   0.00    0.0
2014/09/19 19:48:30.000   63.755971484  -68.510477180    92.0594   5   9   3.5561   1.7490   7.0384   1.1158   1.7715   4.0284   0.00    0.0
2014/09/19 19:49:00.000   63.755970155  -68.510478899    91.7484   5   9   3.5640   1.7440   7.0399   1.0915   1.7336   4.0361   0.00    0.0
2014/09/19 19:49:30.000   63.755966629  -68.510479286    91.7732   5   9   3.5718   1.7393   7.0411   1.0663   1.6946   4.0436   0.00    0.0
2014/09/19 19:50:00.000   63.755971139  -68.510472174    91.8209   5   9   3.5795   1.7347   7.0420   1.0402   1.6544   4.0509   0.00    0.0
2014/09/19 19:50:30.000   63.755968687  -68.510479515    91.4284   5   9   3.5870   1.7304   7.0427   1.0131   1.6130   4.0580   0.00    0.0
2014/09/19 19:51:00.000   63.755969909  -68.510485531    91.9652   5   9   3.5944   1.7262   7.0431   0.9849   1.5703   4.0647   0.00    0.0
2014/09/19 19:51:30.000   63.755968858  -68.510483798    90.8972   5   9   3.6017   1.7223   7.0432   0.9556   1.5262   4.0713   0.00    0.0
2014/09/19 19:52:00.000   63.755966514  -68.510478267    91.9356   5   9   3.6088   1.7186   7.0431   0.9249   1.4806   4.0776   0.00    0.0
2014/09/19 19:52:30.000   63.755969689  -68.510475752    91.4526   5   9   3.6158   1.7151   7.0426   0.8929   1.4333   4.0836   0.00    0.0
2014/09/19 19:53:00.000   63.755971224  -68.510483000    91.7574   5   9   3.6226   1.7119   7.0419   0.8593   1.3843   4.0894   0.00    0.0
2014/09/19 19:53:30.000   63.755973194  -68.510480115    91.4212   5   9   3.6293   1.7089   7.0410   0.8241   1.3333   4.0950   0.00    0.0
2014/09/19 19:54:00.000   63.755969029  -68.510479845    91.5518   5   9   3.6359   1.7061   7.0398   0.7869   1.2801   4.1003   0.00    0.0
2014/09/19 19:54:30.000   63.755968526  -68.510472279    91.3906   5   9   3.6423   1.7036   7.0383   0.7475   1.2245   4.1053   0.00    0.0
2014/09/19 19:55:00.000   63.755974699  -68.510470802    92.8419   5  10   2.4609   1.6580   4.8801  -0.7279  -0.7579   1.7995   0.00    0.0
2014/09/19 19:55:30.000   63.755976821  -68.510479597    92.3515   5  10   2.4644   1.6593   4.8902  -0.7434  -0.7959   1.8121   0.00    0.0
2014/09/19 19:56:00.000   63.755979719  -68.510477897    92.2631   5  10   2.4680   1.6608   4.9005  -0.7587  -0.8325   1.8249   0.00    0.0
2014/09/19 19:56:30.000   63.755973438  -68.510473401    92.4268   5  10   2.4716   1.6623   4.9110  -0.7739  -0.8679   1.8380   0.00    0.0
2014/09/19 19:57:00.000   63.755977346  -68.510480079    91.9993   5  10   2.4754   1.6640   4.9217  -0.7890  -0.9022   1.8513   0.00    0.0
2014/09/19 19:57:30.000   63.755974178  -68.510477319    93.4548   5  10   2.4792   1.6658   4.9326  -0.8040  -0.9355   1.8648   0.00    0.0
2014/09/19 19:58:00.000   63.755976245  -68.510474701    93.6607   5  10   2.4832   1.6678   4.9437  -0.8188  -0.9679   1.8785   0.00    0.0
2014/09/19 19:58:30.000   63.755980270  -68.510477842    92.4973   5  10   2.4872   1.6698   4.9549  -0.8337  -0.9996   1.8924   0.00    0.0
2014/09/19 19:59:00.000   63.755980029  -68.510477983    93.0747   5  10   2.4913   1.6720   4.9663  -0.8484  -1.0306   1.9066   0.00    0.0
2014/09/19 19:59:30.000   63.755977945  -68.510476157    92.9081   5  10   2.4955   1.6743   4.9779  -0.8630  -1.0609   1.9209   0.00    0.0
2014/09/19 20:00:00.000   63.755975644  -68.510475925    93.2451   5  10   2.4998   1.6768   4.9897  -0.8777  -1.0907   1.9354   0.00    0.0
2014/09/19 20:00:30.000   63.755977650  -68.510473551    93.1372   5  10   2.5042   1.6793   5.0016  -0.8922  -1.1200   1.9501   0.00    0.0
2014/09/19 20:01:00.000   63.755976064  -68.510479916    92.5660   5  10   2.5087   1.6820   5.0137  -0.9067  -1.1488   1.9650   0.00    0.0
2014/09/19 20:01:30.000   63.755977840  -68.510470473    93.3088   5  10   2.5132   1.6849   5.0260  -0.9212  -1.1772   1.9801   0.00    0.0
2014/09/19 20:02:00.000   63.755977984  -68.510474869    93.6238   5  10   2.5179   1.6878   5.0384  -0.9356  -1.2052   1.9954   0.00    0.0
2014/09/19 20:02:30.000   63.755976528  -68.510479607    92.5100   5  10   2.5227   1.6909   5.0509  -0.9500  -1.2328   2.0108   0.00    0.0
2014/09/19 20:03:00.000   63.755973063  -68.510477540    92.6302   5  10   2.5275   1.6941   5.0636  -0.9644  -1.2601   2.0264   0.00    0.0
2014/09/19 20:03:30.000   63.755976318  -68.510476095    93.2047   5  10   2.5324   1.6975   5.0765  -0.9788  -1.2871   2.0422   0.00    0.0
2014/09/19 20:04:00.000   63.755976614  -68.510476996    93.0010   5  10   2.5375   1.7009   5.0895  -0.9931  -1.3137   2.0581   0.00    0.0
2014/09/19 20:04:30.000   63.755976167  -68.510473784    92.5944   5  10   2.5426   1.7045   5.1026  -1.0074  -1.3401   2.0742   0.00    0.0
2014/09/19 20:05:00.000   63.755976749  -68.510475855    92.5339   5  10   2.5478   1.7083   5.1159  -1.0218  -1.3663   2.0904   0.00    0.0
2014/09/19 20:05:30.000   63.755971289  -68.510473813    93.2023   5  10   2.5531   1.7122   5.1293  -1.0361  -1.3922   2.1067   0.00    0.0
2014/09/19 20:06:00.000   63.755978687  -68.510478729    92.8959   5  10   2.5585   1.7162   5.1428  -1.0504  -1.4179   2.1233   0.00    0.0
2014/09/19 20:06:30.000   63.755978412  -68.510480608    93.1032   5  10   2.5640   1.7204   5.1564  -1.0647  -1.4434   2.1399   0.00    0.0
2014/09/19 20:07:00.000   63.755975029  -68.510477356    92.4151   5  10   2.5696   1.7246   5.1702  -1.0790  -1.4687   2.1567   0.00    0.0
2014/09/19 20:07:30.000   63.755971348  -68.510481560    92.7611   5   9   3.3780   1.8472   5.4652  -1.6175  -1.0520   0.9704   0.00    0.0
2014/09/19 20:08:00.000   63.755973521  -68.510474969    92.8593   5   9   3.3818   1.8536   5.4749  -1.6312  -1.0857   1.0209   0.00    0.0
2014/09/19 20:08:30.000   63.755972240  -68.510477476    92.1033   5   9   3.3858   1.8602   5.4846  -1.6448  -1.1188   1.0698   0.00    0.0
2014/09/19 20:09:00.000   63.755969540  -68.510474612    92.2124   5   9   3.3898   1.8669   5.4944  -1.6585  -1.1514   1.1174   0.00    0.0
2014/09/19 20:09:30.000   63.755969980  -68.510474929    92.4979   5   9   3.3939   1.8737   5.5043  -1.6723  -1.1836   1.1637   0.00    0.0
2014/09/19 20:10:00.000   63.755976094  -68.510474860    92.8805   5   9   3.3980   1.8807   5.5141  -1.6861  -1.2153   1.2089   0.00    0.0
2014/09/19 20:10:30.000   63.755975444  -68.510476470    92.6073   5  10   2.8273   1.6920   5.2629  -1.1422  -1.7204   2.1787   0.00    0.0
2014/09/19 20:11:00.000   63.755969930  -68.510476172    92.3893   5  10   2.8275   1.6961   5.2838  -1.1535  -1.7388   2.1925   0.00    0.0
2014/09/19 20:11:30.000   63.755972651  -68.510475744    93.0370   5  10   2.8278   1.7004   5.3046  -1.1647  -1.7570   2.2061   0.00    0.0
2014/09/19 20:12:00.000   63.755971208  -68.510477432    92.8775   5  10   2.8280   1.7047   5.3255  -1.1757  -1.7751   2.2196   0.00    0.0
2014/09/19 20:12:30.000   63.755973151  -68.510477632    92.1679   5  10   2.8283   1.7090   5.3462  -1.1867  -1.7930   2.2329   0.00    0.0
2014/09/19 20:13:00.000   63.755973604  -68.510477565    92.6029   5  10   2.8286   1.7134   5.3670  -1.1975  -1.8108   2.2462   0.00    0.0
2014/09/19 20:13:30.000   63.755974125  -68.510479775    92.6849   5  10   2.8288   1.7178   5.3876  -1.2082  -1.8284   2.2593   0.00    0.0
2014/09/19 20:14:00.000   63.755973448  -68.510471291    92.9365   5  10   2.8291   1.7223   5.4081  -1.2188  -1.8458   2.2722   0.00    0.0
2014/09/19 20:14:30.000   63.755968032  -68.510470339    91.7371   5  10   2.8294   1.7268   5.4286  -1.2292  -1.8631   2.2850   0.00    0.0
2014/09/19 20:15:00.000   63.755971764  -68.510469712    91.7856   5  10   2.8297   1.7314   5.4488  -1.2396  -1.8801   2.2976   0.00    0.0
2014/09/19 20:15:30.000   63.755966999  -68.510472023    92.4948   5  10   2.8300   1.7360   5.4690  -1.2498  -1.8970   2.3100   0.00    0.0
2014/09/19 20:16:00.000   63.755971625  -68.510475487    92.8137   5  10   2.8303   1.7406   5.4889  -1.2599  -1.9137   2.3222   0.00    0.0
2014/09/19 20:16:30.000   63.755971197  -68.510471771    92.1041   5  10   2.8306   1.7453   5.5087  -1.2698  -1.9302   2.3342   0.00    0.0
2014/09/19 20:17:00.000   63.755968716  -68.510466788    91.8458   5  10   2.8308   1.7499   5.5282  -1.2796  -1.9464   2.3461   0.00    0.0
2014/09/19 20:17:30.000   63.755973697  -68.510478557    92.5512   5  10   2.8311   1.7546   5.5475  -1.2893  -1.9624   2.3577   0.00    0.0
2014/09/19 20:18:00.000   63.755972105  -68.510470517    92.4920   5  10   2.8313   1.7593   5.5666  -1.2988  -1.9782   2.3691   0.00    0.0
2014/09/19 20:18:30.000   63.755974841  -68.510476690    92.2858   5  10   2.8315   1.7640   5.5854  -1.3082  -1.9938   2.3802   0.00    0.0
2014/09/19 20:19:00.000   63.755969930  -68.510477325    92.2530   5  10   2.8317   1.7688   5.6039  -1.3175  -2.0091   2.3911   0.00    0.0
2014/09/19 20:19:30.000   63.755970052  -68.510475162    92.5224   5  10   2.8318   1.7735   5.6220  -1.3266  -2.0241   2.4018   0.00    0.0
2014/09/19 20:20:00.000   63.755974210  -68.510476376    92.6692   5  10   2.8319   1.7782   5.6399  -1.3355  -2.0389   2.4121   0.00    0.0
2014/09/19 20:20:30.000   63.755970920  -68.510476244    92.4195   5  10   2.8320   1.7829   5.6574  -1.3443  -2.0534   2.4223   0.00    0.0
2014/09/19 20:21:00.000   63.755973088  -68.510473857    92.6281   5  10   2.8320   1.7876   5.6745  -1.3529  -2.0676   2.4321   0.00    0.0
2014/09/19 20:21:30.000   63.755970168  -68.510475105    93.0633   5  10   2.8320   1.7923   5.6912  -1.3614  -2.0816   2.4416   0.00    0.0
2014/09/19 20:22:00.000   63.755969929  -68.510471829    92.4306   5  10   2.8320   1.7969   5.7075  -1.3697  -2.0952   2.4508   0.00    0.0
2014/09/19 20:22:30.000   63.755967899  -68.510471572    92.4088   5  10   2.8319   1.8016   5.7234  -1.3778  -2.1085   2.4598   0.00    0.0
2014/09/19 20:23:00.000   63.755968657  -68.510472603    92.3049   5  10   2.8317   1.8062   5.7388  -1.3858  -2.1214   2.4684   0.00    0.0
2014/09/19 20:23:30.000   63.755968780  -68.510470696    92.4799   5  10   2.8315   1.8108   5.7538  -1.3936  -2.1341   2.4766   0.00    0.0
2014/09/19 20:24:00.000   63.755968756  -68.510472821    92.8703   5  10   2.8313   1.8153   5.7682  -1.4012  -2.1464   2.4846   0.00    0.0
2014/09/19 20:24:30.000   63.755972466  -68.510471363    91.8712   5  10   2.8309   1.8198   5.7822  -1.4086  -2.1583   2.4921   0.00    0.0
2014/09/19 20:25:00.000   63.755965846  -68.510473318    92.5212   5  10   2.8305   1.8242   5.7956  -1.4158  -2.1699   2.4994   0.00    0.0
2014/09/19 20:25:30.000   63.755966732  -68.510473747    91.8133   5  10   2.8301   1.8286   5.8084  -1.4229  -2.1811   2.5062   0.00    0.0
2014/09/19 20:26:00.000   63.755966012  -68.510470383    92.4387   5  10   2.8296   1.8329   5.8207  -1.4298  -2.1919   2.5127   0.00    0.0
2014/09/19 20:26:30.000   63.755966924  -68.510469871    92.5971   5  10   2.8290   1.8372   5.8325  -1.4364  -2.2024   2.5188   0.00    0.0
2014/09/19 20:27:00.000   63.755963852  -68.510473320    92.5856   5  10   2.8283   1.8414   5.8436  -1.4429  -2.2124   2.5246   0.00    0.0
2014/09/19 20:27:30.000   63.755972656  -68.510471904    92.8688   5  10   2.8276   1.8455   5.8541  -1.4492  -2.2220   2.5299   0.00    0.0
2014/09/19 20:28:00.000   63.755964799  -68.510471017    92.8210   5  10   2.8268   1.8496   5.8640  -1.4553  -2.2313   2.5349   0.00    0.0
2014/09/19 20:28:30.000   63.755967336  -68.510476752    91.9414   5  10   2.8259   1.8536   5.8733  -1.4611  -2.2401   2.5394   0.00    0.0
2014/09/19 20:29:00.000   63.755965616  -68.510472400    92.0284   5  10   2.8249   1.8575   5.8819  -1.4668  -2.2484   2.5435   0.00    0.0
2014/09/19 20:29:30.000   63.755967254  -68.510475751    92.1968   5  10   2.8238   1.8613   5.8898  -1.4723  -2.2564   2.5473   0.00    0.0
2014/09/19 20:30:00.000   63.755967757  -68.510470135    92.6625   5  10   2.8227   1.8650   5.8971  -1.4775  -2.2639   2.5506   0.00    0.0
2014/09/19 20:30:30.000   63.755967596  -68.510477907    92.6048   5  10   2.8215   1.8687   5.9037  -1.4826  -2.2709   2.5535   0.00    0.0
2014/09/19 20:31:00.000   63.755964901  -68.510471826    93.1610   5  10   2.8202   1.8722   5.9096  -1.4874  -2.2775   2.5560   0.00    0.0
2014/09/19 20:31:30.000   63.755967481  -68.510473441    92.8179   5  10   2.8188   1.8757   5.9148  -1.4921  -2.2837   2.5580   0.00    0.0
2014/09/19 20:32:00.000   63.755960705  -68.510471084    92.5422   5  10   2.8173   1.8790   5.9192  -1.4965  -2.2894   2.5597   0.00    0.0
2014/09/19 20:32:30.000   63.755973893  -68.510474629    92.9293   5  10   2.8157   1.8823   5.9230  -1.5007  -2.2946   2.5609   0.00    0.0
2014/09/19 20:33:00.000   63.755963191  -68.510471059    92.0317   5  10   2.8141   1.8854   5.9261  -1.5047  -2.2994   2.5616   0.00    0.0
2014/09/19 20:33:30.000   63.755970571  -68.510473151    93.1682   5  10   2.8123   1.8885   5.9284  -1.5085  -2.3037   2.5620   0.00    0.0
2014/09/19 20:34:00.000   63.755966357  -68.510468692    93.1462   5  10   2.8105   1.8914   5.9301  -1.5121  -2.3075   2.5619   0.00    0.0
2014/09/19 20:34:30.000   63.755961597  -68.510475067    92.7302   5  10   2.8086   1.8942   5.9310  -1.5154  -2.3109   2.5615   0.00    0.0
2014/09/19 20:35:00.000   63.755966598  -68.510474764    92.8856   5  10   2.8066   1.8969   5.9311  -1.5186  -2.3137   2.5606   0.00    0.0
2014/09/19 20:35:30.000   63.755961529  -68.510473757    92.6988   5  10   2.8045   1.8995   5.9306  -1.5216  -2.3161   2.5592   0.00    0.0
2014/09/19 20:36:00.000   63.755969524  -68.510472786    92.2732   5  10   2.8023   1.9020   5.9294  -1.5243  -2.3181   2.5575   0.00    0.0
2014/09/19 20:36:30.000   63.755959855  -68.510474994    91.8924   5  10   2.8001   1.9044   5.9274  -1.5269  -2.3195   2.5554   0.00    0.0
2014/09/19 20:37:00.000   63.755968971  -68.510473642    92.2816   5  10   2.7977   1.9066   5.9247  -1.5292  -2.3205   2.5529   0.00    0.0
2014/09/19 20:37:30.000   63.755970065  -68.510474501    93.0369   5  10   2.7953   1.9088   5.9214  -1.5313  -2.3211   2.5499   0.00    0.0
2014/09/19 20:38:00.000   63.755964435  -68.510473753    92.8782   5  10   2.7928   1.9108   5.9173  -1.5333  -2.3211   2.5466   0.00    0.0
2014/09/19 20:38:30.000   63.755959858  -68.510474590    91.5796   5  10   2.7903   1.9127   5.9126  -1.5350  -2.3207   2.5429   0.00    0.0
2014/09/19 20:39:00.000   63.755967181  -68.510475929    93.6283   5  10   2.7876   1.9145   5.9071  -1.5366  -2.3199   2.5388   0.00    0.0
2014/09/19 20:39:30.000   63.755967870  -68.510474669    92.7164   5  10   2.7849   1.9162   5.9011  -1.5379  -2.3185   2.5344   0.00    0.0
2014/09/19 20:40:00.000   63.755962736  -68.510473516    92.3281   5  10   2.7821   1.9178   5.8943  -1.5391  -2.3168   2.5296   0.00    0.0
2014/09/19 20:40:30.000   63.755962776  -68.510477905    91.8893   5  10   2.7793   1.9192   5.8870  -1.5401  -2.3146   2.5245   0.00    0.0
2014/09/19 20:41:00.000   63.755963156  -68.510473997    92.1463   5  10   2.7764   1.9206   5.8790  -1.5409  -2.3119   2.5190   0.00    0.0
2014/09/19 20:41:30.000   63.755956650  -68.510470788    90.8891   5   9   3.3333   1.9234   7.4470  -1.5878  -2.3852   3.8456   0.00    0.0
2014/09/19 20:42:00.000   63.755958416  -68.510470917    90.5052   5   9   3.3343   1.9248   7.4586  -1.5915  -2.3874   3.8527   0.00    0.0
2014/09/19 20:42:30.000   63.755961226  -68.510474796    90.5836   5   9   3.3349   1.9261   7.4688  -1.5948  -2.3889   3.8589   0.00    0.0
2014/09/19 20:43:00.000   63.755957399  -68.510467002    90.4982   5   9   3.3352   1.9272   7.4775  -1.5977  -2.3897   3.8642   0.00    0.0
2014/09/19 20:43:30.000   63.755957351  -68.510476753    91.4577   5   9   3.3352   1.9283   7.4848  -1.6003  -2.3898   3.8686   0.00    0.0
2014/09/19 20:44:00.000   63.755958434  -68.510470680    90.7014   5   9   3.3348   1.9292   7.4905  -1.6026  -2.3892   3.8720   0.00    0.0
2014/09/19 20:44:30.000   63.755957744  -68.510472411    90.5253   5   9   3.3341   1.9301   7.4948  -1.6044  -2.3879   3.8745   0.00    0.0
2014/09/19 20:45:00.000   63.755957959  -68.510473980    91.0964   5   9   3.3330   1.9308   7.4975  -1.6060  -2.3859   3.8760   0.00    0.0
2014/09/19 20:45:30.000   63.755959629  -68.510471169    91.0425   5   9   3.3315   1.9314   7.4987  -1.6071  -2.3832   3.8766   0.00    0.0
2014/09/19 20:46:00.000   63.755959428  -68.510469128    90.5345   5   9   3.3297   1.9320   7.4985  -1.6079  -2.3797   3.8763   0.00    0.0
2014/09/19 20:46:30.000   63.755956348  -68.510472674    90.5137   5   9   3.3276   1.9324   7.4967  -1.6084  -2.3756   3.8750   0.00    0.0
2014/09/19 20:47:00.000   63.755957601  -68.510470329    91.4467   5   9   3.3251   1.9328   7.4934  -1.6085  -2.3707   3.8728   0.00    0.0
2014/09/19 20:47:30.000   63.755954674  -68.510467124    89.8613   5   9   3.3223   1.9330   7.4887  -1.6082  -2.3652   3.8697   0.00    0.0
2014/09/19 20:48:00.000   63.755957368  -68.510471279    90.9742   5   9   3.3191   1.9331   7.4825  -1.6076  -2.3589   3.8657   0.00    0.0
2014/09/19 20:48:30.000   63.755959246  -68.510474221    91.1246   5   9   3.3156   1.9332   7.4748  -1.6067  -2.3520   3.8608   0.00    0.0
2014/09/19 20:49:00.000   63.755958375  -68.510475150    90.7254   5   9   3.3118   1.9332   7.4657  -1.6055  -2.3444   3.8550   0.00    0.0
2014/09/19 20:49:30.000   63.755962068  -68.510472359    90.5969   5   9   3.3076   1.9331   7.4552  -1.6040  -2.3361   3.8483   0.00    0.0
2014/09/19 20:50:00.000   63.755956940  -68.510470869    91.3004   5   9   3.3032   1.9329   7.4433  -1.6021  -2.3272   3.8408   0.00    0.0
2014/09/19 20:50:30.000   63.755956356  -68.510474225    91.4896   5   9   3.2984   1.9326   7.4300  -1.5999  -2.3177   3.8324   0.00    0.0
2014/09/19 20:51:00.000   63.755961103  -68.510473727    90.6443   5   9   3.2933   1.9323   7.4154  -1.5975  -2.3075   3.8233   0.00    0.0
2014/09/19 20:51:30.000   63.755954865  -68.510471825    90.5043   5   9   3.2880   1.9319   7.3996  -1.5948  -2.2967   3.8133   0.00    0.0
2014/09/19 20:52:00.000   63.755959679  -68.510471371    90.9002   5   9   3.2823   1.9314   7.3824  -1.5918  -2.2852   3.8026   0.00    0.0
2014/09/19 20:52:30.000   63.755959056  -68.510476206    90.8214   5   9   3.2764   1.9309   7.3641  -1.5885  -2.2732   3.7911   0.00    0.0
2014/09/19 20:53:00.000   63.755961494  -68.510472123    91.0379   5   9   3.2703   1.9303   7.3445  -1.5850  -2.2607   3.7789   0.00    0.0
2014/09/19 20:53:30.000   63.755961610  -68.510476651    90.7431   5   9   3.2638   1.9296   7.3239  -1.5812  -2.2475   3.7660   0.00    0.0
2014/09/19 20:54:00.000   63.755961838  -68.510472759    90.8171   5   9   3.2572   1.9290   7.3021  -1.5772  -2.2339   3.7524   0.00    0.0
2014/09/19 20:54:30.000   63.755958963  -68.510471096    90.8831   5   9   3.2503   1.9283   7.2792  -1.5730  -2.2197   3.7382   0.00    0.0
2014/09/19 20:55:00.000   63.755957982  -68.510476106    92.1287   5   9   3.2432   1.9275   7.2554  -1.5686  -2.2050   3.7234   0.00    0.0
2014/09/19 20:55:30.000   63.755962585  -68.510476787    91.2932   5   9   3.2360   1.9267   7.2305  -1.5639  -2.1898   3.7079   0.00    0.0
2014/09/19 20:56:00.000   63.755959708  -68.510472484    91.1206   5   9   3.2285   1.9259   7.2048  -1.5591  -2.1742   3.6919   0.00    0.0
2014/09/19 20:56:30.000   63.755958677  -68.510478189    91.5887   5   9   3.2208   1.9251   7.1781  -1.5541  -2.1581   3.6754   0.00    0.0
2014/09/19 20:57:00.000   63.755961870  -68.510472760    91.2238   5   9   3.2130   1.9242   7.1507  -1.5490  -2.1415   3.6584   0.00    0.0
2014/09/19 20:57:30.000   63.755959910  -68.510475607    90.3203   5   9   3.2051   1.9234   7.1224  -1.5436  -2.1246   3.6409   0.00    0.0
2014/09/19 20:58:00.000   63.755958209  -68.510478035    91.5294   5   9   3.1969   1.9225   7.0934  -1.5382  -2.1073   3.6229   0.00    0.0
2014/09/19 20:58:30.000   63.755958380  -68.510482808    91.5780   5   9   3.1887   1.9217   7.0637  -1.5326  -2.0895   3.6045   0.00    0.0
2014/09/19 20:59:00.000   63.755958631  -68.510478308    91.6027   5   9   3.1803   1.9208   7.0333  -1.5268  -2.0714   3.5857   0.00    0.0
2014/09/19 20:59:30.000   63.755961598  -68.510480789    91.8228   5   9   3.1719   1.9200   7.0024  -1.5210  -2.0530   3.5666   0.00    0.0
2014/09/19 21:00:00.000   63.755963764  -68.510484187    91.7390   5   9   3.1633   1.9191   6.9708  -1.5150  -2.0342   3.5471   0.00    0.0
2014/09/19 21:00:30.000   63.755959720  -68.510477612    90.7074   5   9   3.1547   1.9183   6.9388  -1.5090  -2.0152   3.5273   0.00    0.0
2014/09/19 21:01:00.000   63.755963262  -68.510477798    91.8196   5   9   3.1460   1.9175   6.9062  -1.5028  -1.9958   3.5072   0.00    0.0
2014/09/19 21:01:30.000   63.755961365  -68.510484573    92.3755   5   9   3.1372   1.9167   6.8733  -1.4966  -1.9761   3.4869   0.00    0.0
2014/09/19 21:02:00.000   63.755961035  -68.510480916    91.6855   5   9   3.1283   1.9159   6.8399  -1.4903  -1.9562   3.4663   0.00    0.0
2014/09/19 21:02:30.000   63.755961596  -68.510479020    90.8606   5   9   3.1195   1.9152   6.8062  -1.4840  -1.9360   3.4455   0.00    0.0
2014/09/19 21:03:00.000   63.755964840  -68.510479018    91.4479   5   9   3.1105   1.9145   6.7722  -1.4776  -1.9156   3.4245   0.00    0.0
2014/09/19 21:03:30.000   63.755966236  -68.510480018    91.3571   5   9   3.1016   1.9138   6.7379  -1.4711  -1.8949   3.4034   0.00    0.0
2014/09/19 21:04:00.000   63.755959876  -68.510474570    90.6379   5   9   3.0926   1.9132   6.7033  -1.4646  -1.8741   3.3821   0.00    0.0
2014/09/19 21:04:30.000   63.755963850  -68.510477889    92.0021   5   9   3.0837   1.9126   6.6685  -1.4581  -1.8530   3.3607   0.00    0.0
2014/09/19 21:05:00.000   63.755962495  -68.510484440    91.4405   5   9   3.0747   1.9120   6.6336  -1.4516  -1.8317   3.3392   0.00    0.0
2014/09/19 21:05:30.000   63.755964421  -68.510480456    92.0271   5   9   3.0658   1.9115   6.5985  -1.4450  -1.8103   3.3176   0.00    0.0
2014/09/19 21:06:00.000   63.755964535  -68.510484229    91.1967   5   9   3.0568   1.9111   6.5634  -1.4384  -1.7887   3.2959   0.00    0.0
2014/09/19 21:06:30.000   63.755961588  -68.510482067    90.6755   5   9   3.0479   1.9107   6.5281  -1.4318  -1.7669   3.2743   0.00    0.0
2014/09/19 21:07:00.000   63.755960186  -68.510480009    91.3171   5   9   3.0390   1.9103   6.4928  -1.4253  -1.7450   3.2526   0.00    0.0
2014/09/19 21:07:30.000   63.755964490  -68.510482526    91.0439   5   9   3.0302   1.9100   6.4575  -1.4187  -1.7229   3.2309   0.00    0.0
2014/09/19 21:08:00.000   63.755967398  -68.510478582    91.8443   5   9   3.0214   1.9098   6.4222  -1.4121  -1.7007   3.2092   0.00    0.0
2014/09/19 21:08:30.000   63.755964855  -68.510480441    91.3935   5   9   3.0126   1.9096   6.3870  -1.4055  -1.6783   3.1875   0.00    0.0
2014/09/19 21:09:00.000   63.755962013  -68.510478822    91.6992   5   9   3.0039   1.9095   6.3518  -1.3990  -1.6558   3.1659   0.00    0.0
2014/09/19 21:09:30.000   63.755964355  -68.510479048    92.0982   5   9   2.9953   1.9094   6.3167  -1.3925  -1.6332   3.1443   0.00    0.0
2014/09/19 21:10:00.000   63.755963668  -68.510475756    90.7449   5   9   2.9867   1.9094   6.2817  -1.3860  -1.6105   3.1228   0.00    0.0
2014/09/19 21:10:30.000   63.755970128  -68.510478969    91.9134   5   9   2.9782   1.9095   6.2468  -1.3795  -1.5877   3.1014   0.00    0.0
2014/09/19 21:11:00.000   63.755971154  -68.510478552    92.1873   5   9   2.9698   1.9096   6.2121  -1.3731  -1.5647   3.0801   0.00    0.0
2014/09/19 21:11:30.000   63.755966241  -68.510478811    92.0703   5   9   2.9614   1.9098   6.1775  -1.3667  -1.5417   3.0589   0.00    0.0
2014/09/19 21:12:00.000   63.755960664  -68.510481207    90.9972   5   9   2.9531   1.9100   6.1431  -1.3604  -1.5185   3.0379   0.00    0.0
2014/09/19 21:12:30.000   63.755965125  -68.510481222    91.1946   5   9   2.9449   1.9103   6.1090  -1.3540  -1.4952   3.0169   0.00    0.0
2014/09/19 21:13:00.000   63.755971634  -68.510484925    92.7769   5   9   2.9368   1.9107   6.0750  -1.3478  -1.4718   2.9961   0.00    0.0
2014/09/19 21:13:30.000   63.755966350  -68.510481269    92.2156   5   9   2.9288   1.9112   6.0413  -1.3415  -1.4483   2.9755   0.00    0.0
2014/09/19 21:14:00.000   63.755972337  -68.510483675    93.3463   5   9   2.9209   1.9117   6.0078  -1.3353  -1.4247   2.9550   0.00    0.0
2014/09/19 21:14:30.000   63.755969274  -68.510478729    92.9345   5   9   2.9130   1.9123   5.9746  -1.3292  -1.4010   2.9347   0.00    0.0
2014/09/19 21:15:00.000   63.755968661  -68.510475510    92.6007   5   9   2.9053   1.9130   5.9417  -1.3231  -1.3771   2.9145   0.00    0.0
2014/09/19 21:15:30.000   63.755972922  -68.510474789    93.6297   5   9   2.8977   1.9137   5.9091  -1.3170  -1.3531   2.8946   0.00    0.0
2014/09/19 21:16:00.000   63.755972206  -68.510484675    92.0131   5   9   2.8901   1.9145   5.8767  -1.3110  -1.3290   2.8748   0.00    0.0
2014/09/19 21:16:30.000   63.755968296  -68.510478372    90.9750   5   9   2.8827   1.9154   5.8447  -1.3051  -1.3047   2.8552   0.00    0.0
2014/09/19 21:17:00.000   63.755968051  -68.510478629    91.1679   5   9   2.8754   1.9163   5.8130  -1.2992  -1.2803   2.8359   0.00    0.0
2014/09/19 21:17:30.000   63.755965836  -68.510475861    90.6279   5   9   2.8681   1.9173   5.7816  -1.2933  -1.2557   2.8167   0.00    0.0
2014/09/19 21:18:00.000   63.755969866  -68.510477934    91.8268   5   8   3.0520   1.9268   6.1675  -1.2111  -1.3841   2.3364   0.00    0.0
2014/09/19 21:18:30.000   63.755968608  -68.510481242    91.4025   5   8   3.0452   1.9274   6.1355  -1.2075  -1.3568   2.3165   0.00    0.0
2014/09/19 21:19:00.000   63.755967169  -68.510481793    91.4301   5   8   3.0384   1.9282   6.1037  -1.2040  -1.3292   2.2968   0.00    0.0
2014/09/19 21:19:30.000   63.755969405  -68.510476895    91.9247   5   8   3.0317   1.9290   6.0723  -1.2005  -1.3015   2.2775   0.00    0.0
2014/09/19 21:20:00.000   63.755965666  -68.510474880    91.5597   5   8   3.0251   1.9299   6.0412  -1.1970  -1.2734   2.2585   0.00    0.0
2014/09/19 21:20:30.000   63.755968489  -68.510479271    92.0229   5   8   3.0186   1.9309   6.0104  -1.1937  -1.2451   2.2398   0.00    0.0
2014/09/19 21:21:00.000   63.755966412  -68.510467559    91.6494   5   8   3.0122   1.9320   5.9800  -1.1904  -1.2165   2.2214   0.00    0.0
2014/09/19 21:21:30.000   63.755961095  -68.510494408    88.1620   5   7   3.3181   2.5623   9.4026   0.9768   3.2915   3.8840   0.00    0.0
2014/09/19 21:22:00.000   63.755959561  -68.510495377    88.2313   5   7   3.3138   2.5755   9.3960   0.9967   3.3264   3.8800   0.00    0.0
2014/09/19 21:22:30.000   63.755962902  -68.510494086    88.9832   5   7   3.3096   2.5888   9.3889   1.0162   3.3606   3.8760   0.00    0.0
2014/09/19 21:23:00.000   63.755961195  -68.510499852    87.3203   5   7   3.3054   2.6023   9.3813   1.0352   3.3941   3.8719   0.00    0.0
2014/09/19 21:23:30.000   63.755961375  -68.510500344    88.3101   5   7   3.3012   2.6158   9.3732   1.0537   3.4270   3.8677   0.00    0.0
2014/09/19 21:24:00.000   63.755961745  -68.510500100    88.1694   5   7   3.2971   2.6295   9.3645   1.0718   3.4592   3.8635   0.00    0.0
2014/09/19 21:24:30.000   63.755961436  -68.510504445    88.5169   5   7   3.2929   2.6433   9.3554   1.0894   3.4907   3.8593   0.00    0.0
2014/09/19 21:25:00.000   63.755961336  -68.510504463    87.1197   5   7   3.2888   2.6571   9.3458   1.1066   3.5216   3.8550   0.00    0.0
2014/09/19 21:25:30.000   63.755962338  -68.510509326    87.7376   5   7   3.2848   2.6711   9.3358   1.1234   3.5518   3.8507   0.00    0.0
2014/09/19 21:26:00.000   63.755957159  -68.510504502    86.7711   5   7   3.2807   2.6851   9.3252   1.1399   3.5815   3.8463   0.00    0.0
2014/09/19 21:26:30.000   63.755964842  -68.510506264    88.5738   5   7   3.2767   2.6992   9.3141   1.1559   3.6104   3.8419   0.00    0.0
2014/09/19 21:27:00.000   63.755964563  -68.510503057    87.9319   5   7   3.2727   2.7133   9.3026   1.1716   3.6388   3.8375   0.00    0.0
2014/09/19 21:27:30.000   63.755956856  -68.510507235    86.0632   5   7   3.2688   2.7275   9.2907   1.1870   3.6665   3.8330   0.00    0.0
2014/09/19 21:28:00.000   63.755969907  -68.510504944    89.7465   5   7   3.2649   2.7417   9.2782   1.2020   3.6935   3.8285   0.00    0.0
2014/09/19 21:28:30.000   63.755956922  -68.510503323    84.5628   5   7   3.2610   2.7559   9.2653   1.2167   3.7200   3.8239   0.00    0.0
2014/09/19 21:29:00.000   63.755965221  -68.510505629    89.8030   5   7   3.2572   2.7702   9.2519   1.2310   3.7458   3.8193   0.00    0.0
2014/09/19 21:29:30.000   63.755957166  -68.510505617    87.0745   5   7   3.2533   2.7844   9.2381   1.2451   3.7710   3.8147   0.00    0.0
2014/09/19 21:30:00.000   63.755960540  -68.510505953    88.7515   5   7   3.2496   2.7987   9.2239   1.2588   3.7955   3.8101   0.00    0.0
2014/09/19 21:30:30.000   63.755958732  -68.510498730    86.9107   5   7   3.2458   2.8129   9.2092   1.2722   3.8195   3.8054   0.00    0.0
2014/09/19 21:31:00.000   63.755961026  -68.510499792    87.2465   5   7   3.2421   2.8272   9.1940   1.2853   3.8428   3.8007   0.00    0.0
2014/09/19 21:31:30.000   63.755960631  -68.510501725    88.5391   5   7   3.2385   2.8413   9.1785   1.2982   3.8656   3.7959   0.00    0.0
2014/09/19 21:32:00.000   63.755957134  -68.510504369    87.2940   5   7   3.2348   2.8555   9.1625   1.3107   3.8877   3.7911   0.00    0.0
2014/09/19 21:32:30.000   63.755960979  -68.510502315    87.5779   5   7   3.2312   2.8696   9.1461   1.3230   3.9092   3.7863   0.00    0.0
2014/09/19 21:33:00.000   63.755952006  -68.510505405    84.8989   5   7   3.2277   2.8837   9.1292   1.3350   3.9301   3.7814   0.00    0.0
2014/09/19 21:33:30.000   63.755968666  -68.510499001    88.8847   5   7   3.2242   2.8976   9.1120   1.3467   3.9504   3.7766   0.00    0.0
2014/09/19 21:34:00.000   63.755962304  -68.510505124    88.6806   5   7   3.2207   2.9116   9.0943   1.3581   3.9700   3.7716   0.00    0.0
2014/09/19 21:34:30.000   63.755957141  -68.510508889    86.4475   5   7   3.2172   2.9254   9.0762   1.3693   3.9891   3.7667   0.00    0.0
2014/09/19 21:35:00.000   63.755958862  -68.510507367    85.9718   5   7   3.2138   2.9391   9.0578   1.3802   4.0076   3.7617   0.00    0.0
2014/09/19 21:35:30.000   63.755961364  -68.510505878    86.8011   5   7   3.2105   2.9528   9.0389   1.3908   4.0255   3.7566   0.00    0.0
2014/09/19 21:36:00.000   63.755963786  -68.510510311    89.4801   5   7   3.2071   2.9663   9.0197   1.4012   4.0428   3.7516   0.00    0.0
2014/09/19 21:36:30.000   63.755958736  -68.510507696    87.6447   5   7   3.2039   2.9797   9.0001   1.4114   4.0595   3.7465   0.00    0.0
2014/09/19 21:37:00.000   63.755953628  -68.510511135    86.1280   5   7   3.2006   2.9931   8.9801   1.4212   4.0756   3.7413   0.00    0.0
2014/09/19 21:37:30.000   63.755960414  -68.510510987    88.3333   5   7   3.1974   3.0062   8.9597   1.4308   4.0912   3.7361   0.00    0.0
2014/09/19 21:38:00.000   63.755958957  -68.510511891    87.9850   5   7   3.1942   3.0193   8.9390   1.4402   4.1061   3.7309   0.00    0.0
2014/09/19 21:38:30.000   63.755957786  -68.510512527    87.4189   5   7   3.1911   3.0322   8.9179   1.4493   4.1205   3.7257   0.00    0.0
2014/09/19 21:39:00.000   63.755959996  -68.510510800    87.7106   5   7   3.1880   3.0450   8.8965   1.4582   4.1343   3.7204   0.00    0.0
2014/09/19 21:39:30.000   63.755962558  -68.510503986    88.7911   5   7   3.1850   3.0576   8.8747   1.4668   4.1475   3.7150   0.00    0.0
2014/09/19 21:40:00.000   63.755950624  -68.510510848    85.9174   5   7   3.1820   3.0700   8.8526   1.4752   4.1601   3.7097   0.00    0.0
2014/09/19 21:40:30.000   63.755959767  -68.510503525    88.3877   5   7   3.1790   3.0823   8.8302   1.4833   4.1722   3.7043   0.00    0.0
2014/09/19 21:41:00.000   63.755966382  -68.510502331    90.8030   5   7   3.1761   3.0944   8.8074   1.4912   4.1837   3.6988   0.00    0.0
2014/09/19 21:41:30.000   63.755962910  -68.510503057    89.3997   5   7   3.1732   3.1064   8.7843   1.4988   4.1947   3.6934   0.00    0.0
2014/09/19 21:42:00.000   63.755962475  -68.510511517    90.1268   5   7   3.1704   3.1181   8.7610   1.5062   4.2050   3.6878   0.00    0.0
2014/09/19 21:42:30.000   63.755956459  -68.510510970    88.0996   5   7   3.1676   3.1297   8.7373   1.5134   4.2149   3.6823   0.00    0.0
2014/09/19 21:43:00.000   63.755967183  -68.510503501    89.9198   5   7   3.1649   3.1411   8.7133   1.5203   4.2242   3.6767   0.00    0.0
2014/09/19 21:43:30.000   63.755959203  -68.510509171    89.5664   5   7   3.1622   3.1523   8.6891   1.5270   4.2329   3.6711   0.00    0.0
2014/09/19 21:44:00.000   63.755967407  -68.510500980    90.9509   5   7   3.1595   3.1632   8.6646   1.5335   4.2411   3.6654   0.00    0.0
2014/09/19 21:44:30.000   63.755955262  -68.510506015    87.5723   5   7   3.1569   3.1740   8.6398   1.5397   4.2488   3.6598   0.00    0.0
2014/09/19 21:45:00.000   63.755960515  -68.510505976    88.0516   5   7   3.1544   3.1846   8.6148   1.5457   4.2559   3.6541   0.00    0.0
2014/09/19 21:45:30.000   63.755948660  -68.510514068    85.8246   5   7   3.1519   3.1949   8.5895   1.5514   4.2625   3.6483   0.00    0.0
2014/09/19 21:46:00.000   63.755941596  -68.510517680    83.6258   5   7   3.1494   3.2050   8.5640   1.5569   4.2686   3.6426   0.00    0.0
2014/09/19 21:46:30.000   63.755958659  -68.510503742    86.0205   5   8   3.1466   3.2149   8.1033   1.5618   4.2816   3.6564   0.00    0.0
2014/09/19 21:47:00.000   63.755958501  -68.510505733    87.2463   5   8   3.1439   3.2244   8.1017   1.5664   4.2912   3.6564   0.00    0.0
2014/09/19 21:47:30.000   63.755927124  -68.510529958    77.9459   5   7   6.4016   3.5631  15.5777   3.2886   6.1972   9.3590   0.00    0.0
2014/09/19 21:48:00.000   63.755912102  -68.510537478    75.5146   5   7   6.4486   3.5906  15.7205   3.3416   6.2723   9.4486   0.00    0.0
2014/09/19 21:48:30.000   63.755917930  -68.510532670    76.5574   5   7   6.4936   3.6176  15.8573   3.3927   6.3451   9.5344   0.00    0.0
2014/09/19 21:49:00.000   63.755930297  -68.510523387    79.2633   5   7   6.5364   3.6441  15.9875   3.4419   6.4153   9.6159   0.00    0.0
2014/09/19 21:49:30.000   63.755918263  -68.510528378    76.8259   5   7   6.5767   3.6699  16.1102   3.4889   6.4826   9.6927   0.00    0.0
2014/09/19 21:50:00.000   63.755935421  -68.510524879    79.8875   5   7   6.6141   3.6950  16.2247   3.5335   6.5466   9.7644   0.00    0.0
2014/09/19 21:50:30.000   63.755933690  -68.510522559    80.1532   5   7   6.6486   3.7193  16.3305   3.5754   6.6071   9.8305   0.00    0.0
2014/09/19 21:51:00.000   63.755931726  -68.510524685    79.8749   5   7   6.6798   3.7425  16.4267   3.6146   6.6637   9.8906   0.00    0.0
2014/09/19 21:51:30.000   63.755921873  -68.510533554    77.4596   5   7   6.7075   3.7646  16.5127   3.6509   6.7161   9.9443   0.00    0.0
2014/09/19 21:52:00.000   63.755941347  -68.510519741    83.8727   5   8   5.2285   3.6131  12.2748   2.9635   5.7577   7.2472   0.00    0.0
2014/09/19 21:52:30.000   63.755961290  -68.510511534    86.3697   5   8   5.2661   3.6337  12.3931   3.0033   5.8120   7.3236   0.00    0.0
2014/09/19 21:53:00.000   63.755945131  -68.510516301    84.9551   5   8   5.3029   3.6536  12.5082   3.0418   5.8647   7.3980   0.00    0.0
2014/09/19 21:53:30.000   63.755954468  -68.510513641    84.5321   5   8   5.3386   3.6729  12.6199   3.0788   5.9156   7.4701   0.00    0.0
2014/09/19 21:54:00.000   63.755945176  -68.510517196    84.6950   5   8   5.3731   3.6915  12.7275   3.1142   5.9644   7.5396   0.00    0.0
2014/09/19 21:54:30.000   63.755951845  -68.510516038    85.2919   5   8   5.4063   3.7093  12.8307   3.1479   6.0108   7.6063   0.00    0.0
2014/09/19 21:55:00.000   63.755947487  -68.510518322    84.1947   5   8   5.4379   3.7261  12.9290   3.1797   6.0548   7.6699   0.00    0.0
2014/09/19 21:55:30.000   63.755952193  -68.510516420    85.5353   5   8   5.4678   3.7419  13.0218   3.2094   6.0960   7.7299   0.00    0.0
2014/09/19 21:56:00.000   63.755948768  -68.510516521    84.8119   5   8   5.4958   3.7567  13.1087   3.2370   6.1343   7.7862   0.00    0.0
2014/09/19 21:56:30.000   63.755956348  -68.510513704    85.0379   5   8   5.5217   3.7702  13.1893   3.2623   6.1694   7.8384   0.00    0.0
2014/09/19 21:57:00.000   63.755943367  -68.510520365    84.6049   5   8   5.5455   3.7826  13.2631   3.2851   6.2012   7.8864   0.00    0.0
2014/09/19 21:57:30.000   63.755940809  -68.510518277    83.8777   5   8   5.5668   3.7936  13.3297   3.3054   6.2293   7.9297   0.00    0.0
2014/09/19 21:58:00.000   63.755938948  -68.510522693    82.8340   5   8   5.5856   3.8032  13.3887   3.3231   6.2538   7.9682   0.00    0.0
2014/09/19 21:58:30.000   63.755947226  -68.510522263    84.3708   5   8   5.6017   3.8114  13.4398   3.3379   6.2744   8.0017   0.00    0.0
2014/09/19 21:59:00.000   63.755941690  -68.510517703    84.6751   5   8   5.6150   3.8182  13.4825   3.3498   6.2909   8.0299   0.00    0.0
2014/09/19 21:59:30.000   63.755955214  -68.510511290    86.8411   5   8   5.6255   3.8233  13.5168   3.3589   6.3033   8.0526   0.00    0.0
2014/09/19 22:00:00.000   63.755948948  -68.510518615    84.7417   5   8   5.6329   3.8270  13.5422   3.3649   6.3114   8.0698   0.00    0.0
2014/09/19 22:00:30.000   63.755954703  -68.510511857    86.0418   5   8   5.6373   3.8290  13.5588   3.3678   6.3152   8.0813   0.00    0.0
2014/09/19 22:01:00.000   63.755946162  -68.510510452    85.6228   5   8   5.6387   3.8295  13.5662   3.3676   6.3147   8.0871   0.00    0.0
2014/09/19 22:01:30.000   63.755955259  -68.510509567    86.6141   5   8   5.6368   3.8283  13.5646   3.3644   6.3098   8.0871   0.00    0.0
2014/09/19 22:02:00.000   63.755951747  -68.510502942    86.8704   5   8   5.6319   3.8256  13.5539   3.3580   6.3005   8.0813   0.00    0.0
2014/09/19 22:02:30.000   63.755952554  -68.510505848    86.4693   5   8   5.6238   3.8214  13.5341   3.3485   6.2869   8.0697   0.00    0.0
2014/09/19 22:03:00.000   63.755959785  -68.510499183    88.5531   5   8   5.6127   3.8156  13.5055   3.3360   6.2691   8.0524   0.00    0.0
2014/09/19 22:03:30.000   63.755953611  -68.510501668    88.6649   5   8   5.5986   3.8084  13.4681   3.3206   6.2471   8.0296   0.00    0.0
2014/09/19 22:04:00.000   63.755962862  -68.510498590    88.6824   5   8   5.5815   3.7998  13.4221   3.3022   6.2211   8.0014   0.00    0.0
2014/09/19 22:04:30.000   63.755957983  -68.510501548    88.3074   5   8   5.5615   3.7898  13.3680   3.2810   6.1912   7.9678   0.00    0.0
2014/09/19 22:05:00.000   63.755974403  -68.510479345    94.0290   5   9   2.3721   2.9029   5.7898  -1.2242   2.9894   1.7058   0.00    0.0
2014/09/19 22:05:30.000   63.755980708  -68.510485898    93.2915   5   9   2.3704   2.9060   5.8022  -1.2205   2.9929   1.7216   0.00    0.0
2014/09/19 22:06:00.000   63.755979198  -68.510482253    94.0201   5   9   2.3688   2.9091   5.8144  -1.2168   2.9963   1.7373   0.00    0.0
2014/09/19 22:06:30.000   63.755979173  -68.510483437    93.1456   5   9   2.3674   2.9121   5.8265  -1.2132   2.9994   1.7531   0.00    0.0
2014/09/19 22:07:00.000   63.755978796  -68.510483017    93.2244   5   9   2.3660   2.9150   5.8385  -1.2096   3.0024   1.7688   0.00    0.0
2014/09/19 22:07:30.000   63.755975033  -68.510477720    93.1504   5   9   2.3648   2.9180   5.8503  -1.2060   3.0052   1.7845   0.00    0.0
2014/09/19 22:08:00.000   63.755972988  -68.510472698    93.9896   5   9   2.3636   2.9208   5.8619  -1.2024   3.0078   1.8001   0.00    0.0
2014/09/19 22:08:30.000   63.755978295  -68.510470794    94.6595   5   9   2.3626   2.9236   5.8734  -1.1989   3.0102   1.8156   0.00    0.0
2014/09/19 22:09:00.000   63.755975016  -68.510475548    93.4365   5   9   2.3617   2.9263   5.8846  -1.1954   3.0125   1.8311   0.00    0.0
2014/09/19 22:09:30.000   63.755978821  -68.510481162    93.0956   5   9   2.3609   2.9290   5.8957  -1.1920   3.0145   1.8465   0.00    0.0
2014/09/19 22:10:00.000   63.755974097  -68.510486002    92.7696   5   9   2.3602   2.9317   5.9066  -1.1886   3.0163   1.8618   0.00    0.0
2014/09/19 22:10:30.000   63.755980092  -68.510480399    93.7051   5   9   2.3595   2.9342   5.9172  -1.1853   3.0179   1.8771   0.00    0.0
2014/09/19 22:11:00.000   63.755979240  -68.510484614    94.0630   5   9   2.3590   2.9368   5.9276  -1.1820   3.0193   1.8922   0.00    0.0
2014/09/19 22:11:30.000   63.755978127  -68.510479241    93.4801   5   9   2.3586   2.9392   5.9378  -1.1788   3.0205   1.9071   0.00    0.0
2014/09/19 22:12:00.000   63.755972511  -68.510484607    93.0878   5   9   2.3583   2.9416   5.9477  -1.1757   3.0215   1.9220   0.00    0.0
2014/09/19 22:12:30.000   63.755977102  -68.510481256    93.9205   5   9   2.3580   2.9440   5.9573  -1.1727   3.0223   1.9367   0.00    0.0
2014/09/19 22:13:00.000   63.755975571  -68.510487618    92.8281   5   9   2.3579   2.9463   5.9667  -1.1698   3.0228   1.9513   0.00    0.0
2014/09/19 22:13:30.000   63.755975892  -68.510476319    93.9149   5   9   2.3578   2.9485   5.9759  -1.1670   3.0232   1.9657   0.00    0.0
2014/09/19 22:14:00.000   63.755977314  -68.510486340    92.9898   5   9   2.3579   2.9507   5.9847  -1.1642   3.0233   1.9799   0.00    0.0
2014/09/19 22:14:30.000   63.755979298  -68.510485225    92.5427   5   9   2.3580   2.9529   5.9933  -1.1616   3.0231   1.9940   0.00    0.0
2014/09/19 22:15:00.000   63.755974484  -68.510485334    93.6977   5   9   2.3581   2.9549   6.0015  -1.1591   3.0228   2.0079   0.00    0.0
2014/09/19 22:15:30.000   63.755976448  -68.510486559    93.0570   5   9   2.3584   2.9570   6.0095  -1.1567   3.0222   2.0216   0.00    0.0
2014/09/19 22:16:00.000   63.755972690  -68.510476101    93.5377   5  10   2.1755   2.5483   5.6607   0.1953   2.4617   2.4498   0.00    0.0
2014/09/19 22:16:30.000   63.755971840  -68.510470181    93.0748   5  10   2.1758   2.5486   5.6729   0.2154   2.4629   2.4587   0.00    0.0
2014/09/19 22:17:00.000   63.755975021  -68.510465748    93.6477   5   9   2.2386   2.5490   5.7514   0.2010   2.4686   2.3728   0.00    0.0
2014/09/19 22:17:30.000   63.755973878  -68.510482469    93.0564   5   9   2.2375   2.5493   5.7665   0.2147   2.4703   2.3803   0.00    0.0
2014/09/19 22:18:00.000   63.755970348  -68.510478971    92.6122   5   9   2.2363   2.5495   5.7815   0.2274   2.4719   2.3878   0.00    0.0
2014/09/19 22:18:30.000   63.755970879  -68.510473330    93.9319   5   9   2.2352   2.5497   5.7962   0.2392   2.4733   2.3951   0.00    0.0
2014/09/19 22:19:00.000   63.755968695  -68.510469874    93.1429   5   9   2.2341   2.5499   5.8106   0.2501   2.4745   2.4024   0.00    0.0
2014/09/19 22:19:30.000   63.755972758  -68.510475094    93.6470   5   9   2.2331   2.5500   5.8248   0.2604   2.4756   2.4096   0.00    0.0
2014/09/19 22:20:00.000   63.755969460  -68.510470778    93.5312   5   9   2.2321   2.5501   5.8387   0.2700   2.4765   2.4166   0.00    0.0
2014/09/19 22:20:30.000   63.755969767  -68.510473318    93.7191   5   9   2.2311   2.5502   5.8524   0.2791   2.4773   2.4235   0.00    0.0
2014/09/19 22:21:00.000   63.755975600  -68.510472625    93.5675   5   9   2.2301   2.5502   5.8657   0.2876   2.4778   2.4303   0.00    0.0
2014/09/19 22:21:30.000   63.755968061  -68.510473635    93.4720   5   8   2.3065   2.5526   5.9902   0.3915   2.4522   2.2930   0.00    0.0
2014/09/19 22:22:00.000   63.755971222  -68.510484979    93.3623   5   8   2.3036   2.5523   6.0090   0.3921   2.4530   2.2978   0.00    0.0
2014/09/19 22:22:30.000   63.755974059  -68.510484300    92.7421   5   8   2.3006   2.5519   6.0276   0.3926   2.4536   2.3026   0.00    0.0
2014/09/19 22:23:00.000   63.755969898  -68.510478599    93.8238   5   8   2.2977   2.5516   6.0460   0.3931   2.4540   2.3074   0.00    0.0
2014/09/19 22:23:30.000   63.755971486  -68.510485828    93.1754   5   8   2.2949   2.5512   6.0643   0.3936   2.4543   2.3121   0.00    0.0
2014/09/19 22:24:00.000   63.755972859  -68.510485585    92.9187   5   8   2.2921   2.5507   6.0823   0.3940   2.4545   2.3168   0.00    0.0
2014/09/19 22:24:30.000   63.755973809  -68.510474669    93.8072   5   8   2.2893   2.5503   6.1001   0.3943   2.4545   2.3215   0.00    0.0
2014/09/19 22:25:00.000   63.755970830  -68.510470666    93.5012   5   8   2.2865   2.5498   6.1176   0.3946   2.4543   2.3260   0.00    0.0
2014/09/19 22:25:30.000   63.755976727  -68.510486308    92.8356   5   8   2.2838   2.5492   6.1349   0.3948   2.4539   2.3305   0.00    0.0
2014/09/19 22:26:00.000   63.755970255  -68.510480507    92.5822   5   8   2.2811   2.5487   6.1520   0.3949   2.4534   2.3350   0.00    0.0
2014/09/19 22:26:30.000   63.755975694  -68.510488069    92.2301   5   8   2.2785   2.5481   6.1687   0.3950   2.4526   2.3394   0.00    0.0
2014/09/19 22:27:00.000   63.755965781  -68.510484611    92.0820   5   8   2.2759   2.5474   6.1852   0.3949   2.4517   2.3436   0.00    0.0
2014/09/19 22:27:30.000   63.755969380  -68.510471349    93.4302   5   8   2.2733   2.5468   6.2013   0.3948   2.4505   2.3478   0.00    0.0
2014/09/19 22:28:00.000   63.755970998  -68.510477043    93.1278   5   8   2.2707   2.5461   6.2171   0.3946   2.4492   2.3520   0.00    0.0
2014/09/19 22:28:30.000   63.755970380  -68.510483518    92.6716   5   8   2.2681   2.5453   6.2326   0.3943   2.4477   2.3560   0.00    0.0
2014/09/19 22:29:00.000   63.755966274  -68.510475519    92.8326   5   8   2.2656   2.5445   6.2477   0.3939   2.4459   2.3599   0.00    0.0
2014/09/19 22:29:30.000   63.755970051  -68.510479327    92.6153   5   8   2.2631   2.5437   6.2625   0.3934   2.4439   2.3637   0.00    0.0
2014/09/19 22:30:00.000   63.755971978  -68.510480962    92.7132   5   8   2.2606   2.5428   6.2768   0.3928   2.4417   2.3674   0.00    0.0
2014/09/19 22:30:30.000   63.755970582  -68.510465989    93.9658   5   9   2.2580   1.9287   5.5286   0.4397   0.9900   2.3861   0.00    0.0
2014/09/19 22:31:00.000   63.755972207  -68.510463658    95.0597   5   9   2.2556   1.9281   5.5492   0.4424   0.9925   2.3906   0.00    0.0
2014/09/19 22:31:30.000   63.755971171  -68.510462091    94.7679   5   9   2.2531   1.9275   5.5698   0.4451   0.9952   2.3951   0.00    0.0
2014/09/19 22:32:00.000   63.755973113  -68.510464272    94.3468   5   9   2.2507   1.9269   5.5902   0.4479   0.9981   2.3995   0.00    0.0
2014/09/19 22:32:30.000   63.755971160  -68.510463053    94.0856   5   9   2.2483   1.9264   5.6104   0.4507   1.0012   2.4037   0.00    0.0
2014/09/19 22:33:00.000   63.755970995  -68.510459826    94.0182   5   9   2.2459   1.9259   5.6305   0.4534   1.0044   2.4079   0.00    0.0
2014/09/19 22:33:30.000   63.755969636  -68.510465155    94.4561   5   9   2.2435   1.9254   5.6504   0.4563   1.0078   2.4119   0.00    0.0
2014/09/19 22:34:00.000   63.755967941  -68.510468255    93.1435   5  10   2.2077   1.8252   5.3446   0.6682   1.4767   2.2597   0.00    0.0
2014/09/19 22:34:30.000   63.755971210  -68.510463114    93.3126   5  10   2.2061   1.8243   5.3670   0.6685   1.4792   2.2661   0.00    0.0
2014/09/19 22:35:00.000   63.755968836  -68.510459767    93.3115   5  10   2.2045   1.8234   5.3894   0.6688   1.4816   2.2724   0.00    0.0
2014/09/19 22:35:30.000   63.755968451  -68.510470514    92.5500   5  10   2.2029   1.8225   5.4116   0.6691   1.4841   2.2786   0.00    0.0
2014/09/19 22:36:00.000   63.755966863  -68.510470687    93.4965   5  10   2.2013   1.8216   5.4337   0.6694   1.4865   2.2847   0.00    0.0
2014/09/19 22:36:30.000   63.755966415  -68.510460950    93.5725   5  10   2.1997   1.8208   5.4557   0.6696   1.4889   2.2907   0.00    0.0
2014/09/19 22:37:00.000   63.755967734  -68.510461562    93.2372   5  10   2.1982   1.8200   5.4775   0.6698   1.4913   2.2966   0.00    0.0
2014/09/19 22:37:30.000   63.755966492  -68.510465795    93.7490   5  10   2.1966   1.8192   5.4991   0.6699   1.4937   2.3024   0.00    0.0
2014/09/19 22:38:00.000   63.755965054  -68.510476656    93.6067   5  10   2.1950   1.8185   5.5205   0.6700   1.4960   2.3080   0.00    0.0
2014/09/19 22:38:30.000   63.755969561  -68.510469295    93.6443   5  10   2.1935   1.8177   5.5417   0.6700   1.4983   2.3136   0.00    0.0
2014/09/19 22:39:00.000   63.755970032  -68.510471411    92.6411   5  10   2.1920   1.8170   5.5627   0.6701   1.5005   2.3190   0.00    0.0
2014/09/19 22:39:30.000   63.755969453  -68.510467749    93.7507   5  10   2.1904   1.8164   5.5834   0.6700   1.5027   2.3242   0.00    0.0
2014/09/19 22:40:00.000   63.755969565  -68.510472104    92.9921   5  10   2.1889   1.8157   5.6038   0.6699   1.5048   2.3293   0.00    0.0
2014/09/19 22:40:30.000   63.755969297  -68.510472200    93.9575   5  10   2.1873   1.8151   5.6240   0.6698   1.5069   2.3343   0.00    0.0
2014/09/19 22:41:00.000   63.755968159  -68.510468121    94.0360   5  10   2.1858   1.8145   5.6438   0.6696   1.5089   2.3390   0.00    0.0
2014/09/19 22:41:30.000   63.755968704  -68.510476303    92.8768   5  10   2.1842   1.8139   5.6633   0.6694   1.5108   2.3436   0.00    0.0
2014/09/19 22:42:00.000   63.755969167  -68.510471900    93.2959   5  10   2.1827   1.8133   5.6825   0.6691   1.5127   2.3481   0.00    0.0
2014/09/19 22:42:30.000   63.755969129  -68.510474917    92.6118   5  10   2.1811   1.8127   5.7013   0.6688   1.5144   2.3523   0.00    0.0
2014/09/19 22:43:00.000   63.755971233  -68.510471959    93.5184   5  10   2.1795   1.8122   5.7197   0.6684   1.5161   2.3563   0.00    0.0
2014/09/19 22:43:30.000   63.755968278  -68.510471699    93.2125   5  10   2.1780   1.8117   5.7377   0.6679   1.5177   2.3602   0.00    0.0
2014/09/19 22:44:00.000   63.755969767  -68.510463722    93.4598   5  10   2.1764   1.8112   5.7553   0.6674   1.5191   2.3638   0.00    0.0
2014/09/19 22:44:30.000   63.755968097  -68.510474796    93.0492   5  10   2.1748   1.8107   5.7725   0.6668   1.5205   2.3673   0.00    0.0
2014/09/19 22:45:00.000   63.755968899  -68.510476621    93.2949   5  10   2.1732   1.8103   5.7892   0.6661   1.5217   2.3705   0.00    0.0
2014/09/19 22:45:30.000   63.755970112  -68.510482875    93.6477   5  10   2.1715   1.8098   5.8055   0.6654   1.5228   2.3735   0.00    0.0
2014/09/19 22:46:00.000   63.755971267  -68.510476244    93.9526   5  10   2.1699   1.8094   5.8212   0.6646   1.5238   2.3762   0.00    0.0
2014/09/19 22:46:30.000   63.755969256  -68.510471484    93.4904   5  10   2.1682   1.8090   5.8365   0.6638   1.5247   2.3788   0.00    0.0
2014/09/19 22:47:00.000   63.755969007  -68.510470415    93.0291   5  10   2.1666   1.8086   5.8512   0.6628   1.5254   2.3810   0.00    0.0
2014/09/19 22:47:30.000   63.755968915  -68.510468779    93.2007   5  10   2.1649   1.8082   5.8654   0.6618   1.5260   2.3831   0.00    0.0
2014/09/19 22:48:00.000   63.755970290  -68.510479313    93.3833   5  10   2.1632   1.8078   5.8790   0.6607   1.5265   2.3849   0.00    0.0
2014/09/19 22:48:30.000   63.755967327  -68.510481400    93.3223   5  10   2.1614   1.8075   5.8921   0.6596   1.5268   2.3864   0.00    0.0
2014/09/19 22:49:00.000   63.755966180  -68.510474136    92.4655   5  10   2.1597   1.8071   5.9046   0.6583   1.5269   2.3877   0.00    0.0
2014/09/19 22:49:30.000   63.755970537  -68.510482721    93.5996   5  10   2.1579   1.8068   5.9164   0.6570   1.5269   2.3887   0.00    0.0
2014/09/19 22:50:00.000   63.755969039  -68.510473304    94.4135   5  10   2.1561   1.8065   5.9277   0.6556   1.5267   2.3894   0.00    0.0
2014/09/19 22:50:30.000   63.755967852  -68.510484817    92.6039   5  10   2.1543   1.8062   5.9384   0.6541   1.5264   2.3899   0.00    0.0
2014/09/19 22:51:00.000   63.755970633  -68.510476794    93.6633   5  10   2.1525   1.8059   5.9484   0.6526   1.5258   2.3901   0.00    0.0
2014/09/19 22:51:30.000   63.755973124  -68.510484271    93.4172   5  10   2.1507   1.8056   5.9578   0.6509   1.5251   2.3900   0.00    0.0
2014/09/19 22:52:00.000   63.755970170  -68.510474045    93.0689   5  10   2.1488   1.8053   5.9665   0.6492   1.5242   2.3896   0.00    0.0
2014/09/19 22:52:30.000   63.755966950  -68.510482216    93.2541   5  10   2.1469   1.8051   5.9746   0.6473   1.5232   2.3890   0.00    0.0
2014/09/19 22:53:00.000   63.755964552  -68.510476518    93.5969   5  10   2.1450   1.8048   5.9820   0.6454   1.5219   2.3881   0.00    0.0
2014/09/19 22:53:30.000   63.755966535  -68.510478226    92.7737   5  10   2.1431   1.8046   5.9887   0.6434   1.5204   2.3869   0.00    0.0
2014/09/19 22:54:00.000   63.755968482  -68.510477306    93.6355   5  10   2.1412   1.8044   5.9947   0.6413   1.5188   2.3854   0.00    0.0
2014/09/19 22:54:30.000   63.755971514  -68.510475444    93.5682   5  10   2.1393   1.8041   6.0000   0.6391   1.5169   2.3836   0.00    0.0
2014/09/19 22:55:00.000   63.755970231  -68.510480602    93.3865   5  10   2.1373   1.8039   6.0047   0.6368   1.5149   2.3815   0.00    0.0
2014/09/19 22:55:30.000   63.755971531  -68.510474192    93.6141   5  10   2.1353   1.8037   6.0086   0.6344   1.5126   2.3792   0.00    0.0
2014/09/19 22:56:00.000   63.755969405  -68.510480902    93.9693   5  10   2.1333   1.8036   6.0119   0.6319   1.5102   2.3766   0.00    0.0
2014/09/19 22:56:30.000   63.755969958  -68.510479714    93.1717   5  10   2.1313   1.8034   6.0145   0.6294   1.5075   2.3737   0.00    0.0
2014/09/19 22:57:00.000   63.755969735  -68.510478479    92.5998   5  10   2.1293   1.8032   6.0163   0.6267   1.5046   2.3706   0.00    0.0
2014/09/19 22:57:30.000   63.755967149  -68.510473388    92.3486   5  10   2.1273   1.8031   6.0175   0.6239   1.5015   2.3671   0.00    0.0
2014/09/19 22:58:00.000   63.755970442  -68.510477597    93.3900   5  10   2.1252   1.8029   6.0179   0.6211   1.4982   2.3634   0.00    0.0
2014/09/19 22:58:30.000   63.755974402  -68.510476775    93.8719   5  11   1.8391   1.7481   5.3358  -0.2925   1.0039   1.6171   0.00    0.0
2014/09/19 22:59:00.000   63.755973536  -68.510485129    93.8128   5  11   1.8383   1.7483   5.3448  -0.2942   1.0046   1.6196   0.00    0.0
2014/09/19 22:59:30.000   63.755970677  -68.510479182    93.1835   5  10   1.8388   1.8307   5.5571  -0.3524   0.4499   1.6527   0.00    0.0
2014/09/19 23:00:00.000   63.755968287  -68.510483403    95.0922   5  10   1.7660   1.8224   5.3941  -0.4665  -0.2447   1.4258   0.00    0.0
2014/09/19 23:00:30.000   63.755966642  -68.510481505    93.7626   5  10   1.7650   1.8227   5.4102  -0.4701  -0.2717   1.4309   0.00    0.0
2014/09/19 23:01:00.000   63.755966228  -68.510482389    93.4802   5  10   1.7642   1.8230   5.4261  -0.4736  -0.2962   1.4361   0.00    0.0
2014/09/19 23:01:30.000   63.755965422  -68.510482445    93.7701   5  10   1.7634   1.8234   5.4416  -0.4771  -0.3189   1.4414   0.00    0.0
2014/09/19 23:02:00.000   63.755967750  -68.510480792    94.6329   5  10   1.7627   1.8238   5.4569  -0.4806  -0.3401   1.4468   0.00    0.0
2014/09/19 23:02:30.000   63.755970535  -68.510476385    93.6829   5  10   1.7620   1.8242   5.4718  -0.4841  -0.3601   1.4522   0.00    0.0
2014/09/19 23:03:00.000   63.755966103  -68.510479010    94.1116   5  10   1.7614   1.8247   5.4864  -0.4875  -0.3790   1.4578   0.00    0.0
2014/09/19 23:03:30.000   63.755965193  -68.510479786    92.4122   5  10   1.7608   1.8252   5.5007  -0.4910  -0.3971   1.4633   0.00    0.0
2014/09/19 23:04:00.000   63.755965365  -68.510477947    93.4463   5  10   1.7603   1.8256   5.5146  -0.4945  -0.4144   1.4690   0.00    0.0
2014/09/19 23:04:30.000   63.755970206  -68.510476474    92.8249   5  10   1.7599   1.8262   5.5281  -0.4980  -0.4310   1.4747   0.00    0.0
2014/09/19 23:05:00.000   63.755964982  -68.510480367    93.0034   5  10   1.7595   1.8267   5.5412  -0.5014  -0.4471   1.4804   0.00    0.0
2014/09/19 23:05:30.000   63.755968068  -68.510475778    93.1229   5  10   1.7592   1.8273   5.5540  -0.5049  -0.4626   1.4862   0.00    0.0
2014/09/19 23:06:00.000   63.755967789  -68.510474464    93.0342   5  10   1.7589   1.8279   5.5663  -0.5084  -0.4777   1.4921   0.00    0.0
2014/09/19 23:06:30.000   63.755968281  -68.510477416    92.7887   5  10   1.7587   1.8285   5.5782  -0.5119  -0.4923   1.4980   0.00    0.0
2014/09/19 23:07:00.000   63.755964893  -68.510481130    93.3422   5  10   1.7586   1.8291   5.5898  -0.5154  -0.5065   1.5039   0.00    0.0
2014/09/19 23:07:30.000   63.755965992  -68.510475257    92.8874   5  10   1.7585   1.8298   5.6008  -0.5189  -0.5204   1.5099   0.00    0.0
2014/09/19 23:08:00.000   63.755963796  -68.510477383    92.7235   5  10   1.7584   1.8305   5.6115  -0.5224  -0.5339   1.5159   0.00    0.0
2014/09/19 23:08:30.000   63.755967381  -68.510478524    92.5614   5  10   1.7585   1.8312   5.6217  -0.5259  -0.5472   1.5220   0.00    0.0
2014/09/19 23:09:00.000   63.755967098  -68.510482982    93.0494   5   9   2.0692   1.9853   6.7538  -1.0558  -1.7795   2.5300   0.00    0.0
2014/09/19 23:09:30.000   63.755966601  -68.510479876    93.3930   5   9   2.0745   1.9882   6.8014  -1.0640  -1.8048   2.5564   0.00    0.0
2014/09/19 23:10:00.000   63.755965491  -68.510478606    93.3588   5   9   2.0800   1.9911   6.8490  -1.0723  -1.8300   2.5830   0.00    0.0
2014/09/19 23:10:30.000   63.755967060  -68.510475173    92.8411   5   9   2.0856   1.9941   6.8967  -1.0807  -1.8552   2.6096   0.00    0.0
2014/09/19 23:11:00.000   63.755963982  -68.510481952    93.5161   5   9   2.0914   1.9972   6.9443  -1.0892  -1.8804   2.6364   0.00    0.0
2014/09/19 23:11:30.000   63.755965821  -68.510482482    93.3179   5   9   2.0973   2.0003   6.9918  -1.0978  -1.9054   2.6633   0.00    0.0
2014/09/19 23:12:00.000   63.755966027  -68.510469073    92.6489   5   9   2.1034   2.0034   7.0392  -1.1064  -1.9304   2.6902   0.00    0.0
2014/09/19 23:12:30.000   63.755964794  -68.510475862    92.8400   5   9   2.1096   2.0067   7.0864  -1.1151  -1.9552   2.7172   0.00    0.0
2014/09/19 23:13:00.000   63.755959439  -68.510474417    91.3182   5   9   2.1159   2.0099   7.1334  -1.1239  -1.9800   2.7442   0.00    0.0
2014/09/19 23:13:30.000   63.755962311  -68.510475934    92.2766   5   9   2.1224   2.0133   7.1800  -1.1328  -2.0045   2.7712   0.00    0.0
2014/09/19 23:14:00.000   63.755961152  -68.510470522    91.7179   5   9   2.1290   2.0166   7.2264  -1.1416  -2.0290   2.7982   0.00    0.0
2014/09/19 23:14:30.000   63.755962583  -68.510474004    90.7224   5   9   2.1357   2.0200   7.2723  -1.1506  -2.0532   2.8251   0.00    0.0
2014/09/19 23:15:00.000   63.755959023  -68.510472013    90.9550   5   9   2.1425   2.0235   7.3177  -1.1595  -2.0772   2.8519   0.00    0.0
2014/09/19 23:15:30.000   63.755962475  -68.510469512    91.6323   5   9   2.1495   2.0270   7.3625  -1.1685  -2.1011   2.8786   0.00    0.0
2014/09/19 23:16:00.000   63.755961004  -68.510469725    91.9309   5   9   2.1565   2.0305   7.4068  -1.1775  -2.1246   2.9052   0.00    0.0
2014/09/19 23:16:30.000   63.755962700  -68.510472878    91.2502   5   9   2.1636   2.0341   7.4503  -1.1866  -2.1479   2.9316   0.00    0.0
2014/09/19 23:17:00.000   63.755963289  -68.510467258    91.7989   5   9   2.1708   2.0376   7.4931  -1.1956  -2.1709   2.9577   0.00    0.0
2014/09/19 23:17:30.000   63.755961511  -68.510474203    91.9166   5   9   2.1781   2.0413   7.5350  -1.2046  -2.1936   2.9837   0.00    0.0
2014/09/19 23:18:00.000   63.755964566  -68.510474777    91.6296   5   9   2.1855   2.0449   7.5761  -1.2136  -2.2160   3.0094   0.00    0.0
2014/09/19 23:18:30.000   63.755962369  -68.510478429    90.8200   5   9   2.1929   2.0485   7.6162  -1.2226  -2.2379   3.0347   0.00    0.0
2014/09/19 23:19:00.000   63.755959834  -68.510476631    91.2794   5   9   2.2003   2.0522   7.6552  -1.2315  -2.2595   3.0597   0.00    0.0
2014/09/19 23:19:30.000   63.755963608  -68.510475659    90.8436   5   9   2.2078   2.0558   7.6931  -1.2403  -2.2807   3.0844   0.00    0.0
2014/09/19 23:20:00.000   63.755964890  -68.510476897    91.2984   5   9   2.2153   2.0595   7.7297  -1.2492  -2.3014   3.1086   0.00    0.0
2014/09/19 23:20:30.000   63.755965181  -68.510486332    91.8819   5   9   2.2228   2.0631   7.7651  -1.2579  -2.3216   3.1324   0.00    0.0
2014/09/19 23:21:00.000   63.755965240  -68.510475440    91.1519   5   9   2.2303   2.0668   7.7991  -1.2665  -2.3413   3.1557   0.00    0.0
2014/09/19 23:21:30.000   63.755959223  -68.510481513    90.6298   5   9   2.2378   2.0704   7.8317  -1.2751  -2.3605   3.1785   0.00    0.0
2014/09/19 23:22:00.000   63.755964753  -68.510479351    91.1089   5   9   2.2453   2.0740   7.8627  -1.2835  -2.3792   3.2007   0.00    0.0
2014/09/19 23:22:30.000   63.755961710  -68.510484461    91.8526   5   9   2.2527   2.0775   7.8922  -1.2918  -2.3972   3.2223   0.00    0.0
2014/09/19 23:23:00.000   63.755962047  -68.510482582    91.2773   5   9   2.2601   2.0811   7.9200  -1.2999  -2.4146   3.2433   0.00    0.0
2014/09/19 23:23:30.000   63.755958686  -68.510476641    89.9645   5   9   2.2674   2.0846   7.9461  -1.3079  -2.4314   3.2636   0.00    0.0
2014/09/19 23:24:00.000   63.755960234  -68.510482467    89.8854   5   9   2.2746   2.0880   7.9704  -1.3158  -2.4475   3.2832   0.00    0.0
2014/09/19 23:24:30.000   63.755955918  -68.510477892    90.0603   5   9   2.2818   2.0914   7.9928  -1.3234  -2.4630   3.3021   0.00    0.0
2014/09/19 23:25:00.000   63.755956929  -68.510479000    89.2756   5   9   2.2888   2.0947   8.0134  -1.3309  -2.4777   3.3202   0.00    0.0
2014/09/19 23:25:30.000   63.755959618  -68.510479623    90.1167   5   9   2.2957   2.0980   8.0319  -1.3382  -2.4917   3.3376   0.00    0.0
2014/09/19 23:26:00.000   63.755957696  -68.510479953    89.3302   5   9   2.3025   2.1012   8.0485  -1.3453  -2.5049   3.3541   0.00    0.0
2014/09/19 23:26:30.000   63.755961644  -68.510474652    89.9445   5   9   2.3091   2.1044   8.0630  -1.3521  -2.5173   3.3698   0.00    0.0
2014/09/19 23:27:00.000   63.755962071  -68.510479415    89.9603   5   9   2.3156   2.1074   8.0754  -1.3587  -2.5290   3.3846   0.00    0.0
2014/09/19 23:27:30.000   63.755960562  -68.510480094    89.8556   5   9   2.3219   2.1104   8.0856  -1.3651  -2.5398   3.3985   0.00    0.0
2014/09/19 23:28:00.000   63.755962453  -68.510481022    91.2296   5   9   2.3281   2.1133   8.0937  -1.3713  -2.5498   3.4114   0.00    0.0
2014/09/19 23:28:30.000   63.755961123  -68.510483728    91.4088   5   9   2.3340   2.1160   8.0996  -1.3771  -2.5590   3.4235   0.00    0.0
2014/09/19 23:29:00.000   63.755957501  -68.510483137    90.1742   5   9   2.3398   2.1187   8.1033  -1.3827  -2.5673   3.4346   0.00    0.0
2014/09/19 23:29:30.000   63.755959680  -68.510479337    90.3389   5   9   2.3453   2.1213   8.1048  -1.3881  -2.5748   3.4447   0.00    0.0
2014/09/19 23:30:00.000   63.755962619  -68.510479649    89.8536   5   9   2.3507   2.1238   8.1040  -1.3931  -2.5814   3.4539   0.00    0.0
2014/09/19 23:30:30.000   63.755961048  -68.510481842    90.7921   5   9   2.3558   2.1262   8.1010  -1.3979  -2.5872   3.4621   0.00    0.0
2014/09/19 23:31:00.000   63.755959969  -68.510483605    90.7045   5   9   2.3607   2.1285   8.0958  -1.4024  -2.5920   3.4693   0.00    0.0
2014/09/19 23:31:30.000   63.755957374  -68.510483438    90.2503   5   9   2.3654   2.1307   8.0884  -1.4065  -2.5960   3.4755   0.00    0.0
2014/09/19 23:32:00.000   63.755960227  -68.510477456    89.7282   5   9   2.3698   2.1327   8.0788  -1.4104  -2.5992   3.4807   0.00    0.0
2014/09/19 23:32:30.000   63.755956225  -68.510481711    89.6465   5   9   2.3740   2.1347   8.0670  -1.4140  -2.6014   3.4849   0.00    0.0
2014/09/19 23:33:00.000   63.755960764  -68.510481634    90.2896   5   9   2.3780   2.1365   8.0531  -1.4173  -2.6029   3.4882   0.00    0.0
2014/09/19 23:33:30.000   63.755957021  -68.510481291    90.5265   5   9   2.3817   2.1382   8.0371  -1.4203  -2.6034   3.4904   0.00    0.0
2014/09/19 23:34:00.000   63.755958069  -68.510482577    89.6622   5   9   2.3852   2.1398   8.0190  -1.4230  -2.6032   3.4918   0.00    0.0
2014/09/19 23:34:30.000   63.755958597  -68.510481171    90.2712   5   9   2.3885   2.1413   7.9990  -1.4254  -2.6021   3.4921   0.00    0.0
2014/09/19 23:35:00.000   63.755958004  -68.510477788    89.9036   5   9   2.3915   2.1427   7.9769  -1.4276  -2.6002   3.4916   0.00    0.0
2014/09/19 23:35:30.000   63.755957354  -68.510474599    89.7029   5   9   2.3942   2.1440   7.9530  -1.4294  -2.5975   3.4901   0.00    0.0
2014/09/19 23:36:00.000   63.755957488  -68.510474362    89.9472   5   9   2.3968   2.1452   7.9272  -1.4309  -2.5940   3.4878   0.00    0.0
2014/09/19 23:36:30.000   63.755956000  -68.510472784    90.1121   5   9   2.3991   2.1463   7.8997  -1.4322  -2.5898   3.4845   0.00    0.0
2014/09/19 23:37:00.000   63.755956827  -68.510479215    89.2792   5   9   2.4011   2.1472   7.8704  -1.4332  -2.5849   3.4805   0.00    0.0
2014/09/19 23:37:30.000   63.755955479  -68.510473427    89.8273   5   9   2.4030   2.1481   7.8395  -1.4339  -2.5792   3.4756   0.00    0.0
2014/09/19 23:38:00.000   63.755956989  -68.510475861    90.2287   5   9   2.4046   2.1489   7.8070  -1.4344  -2.5729   3.4699   0.00    0.0
2014/09/19 23:38:30.000   63.755957182  -68.510475900    89.8657   5   9   2.4061   2.1496   7.7730  -1.4346  -2.5659   3.4634   0.00    0.0
2014/09/19 23:39:00.000   63.755955609  -68.510473515    89.7360   5   9   2.4073   2.1502   7.7376  -1.4345  -2.5582   3.4562   0.00    0.0
2014/09/19 23:39:30.000   63.755956853  -68.510477663    89.6029   5   9   2.4083   2.1507   7.7008  -1.4343  -2.5500   3.4483   0.00    0.0
2014/09/19 23:40:00.000   63.755957785  -68.510473431    90.8989   5   9   2.4092   2.1511   7.6627  -1.4337  -2.5411   3.4397   0.00    0.0
2014/09/19 23:40:30.000   63.755954841  -68.510472506    89.6240   5   8   2.5086   2.3465   7.7783  -1.6450  -2.2279   3.2699   0.00    0.0
2014/09/19 23:41:00.000   63.755956934  -68.510472345    89.6404   5   8   2.5082   2.3478   7.7385  -1.6439  -2.2158   3.2604   0.00    0.0
2014/09/19 23:41:30.000   63.755957689  -68.510475628    89.8870   5   8   2.5077   2.3491   7.6977  -1.6426  -2.2033   3.2503   0.00    0.0
2014/09/19 23:42:00.000   63.755955405  -68.510475135    90.4275   5   8   2.5070   2.3504   7.6558  -1.6411  -2.1902   3.2396   0.00    0.0
2014/09/19 23:42:30.000   63.755959310  -68.510478191    89.4747   5   8   2.5062   2.3516   7.6131  -1.6395  -2.1766   3.2284   0.00    0.0
2014/09/19 23:43:00.000   63.755956770  -68.510472568    89.4794   5   8   2.5054   2.3527   7.5694  -1.6378  -2.1626   3.2167   0.00    0.0
2014/09/19 23:43:30.000   63.755953612  -68.510477916    90.1048   5   9   2.4920   2.1986   6.9380  -1.6987  -2.6578   3.0894   0.00    0.0
2014/09/19 23:44:00.000   63.755959268  -68.510469097    90.4382   5   9   2.4919   2.1954   6.9130  -1.6951  -2.6429   3.0832   0.00    0.0
2014/09/19 23:44:30.000   63.755955543  -68.510476511    89.9644   5   9   2.4917   2.1920   6.8871  -1.6914  -2.6274   3.0766   0.00    0.0
2014/09/19 23:45:00.000   63.755955639  -68.510474829    89.7757   5   9   2.4913   2.1886   6.8602  -1.6874  -2.6115   3.0694   0.00    0.0
2014/09/19 23:45:30.000   63.755954100  -68.510474555    89.8952   5   9   2.4909   2.1851   6.8325  -1.6833  -2.5950   3.0617   0.00    0.0
2014/09/19 23:46:00.000   63.755957223  -68.510473353    88.4748   5   9   2.4903   2.1815   6.8039  -1.6789  -2.5780   3.0535   0.00    0.0
2014/09/19 23:46:30.000   63.755954914  -68.510470393    89.5099   5   9   2.4897   2.1778   6.7746  -1.6745  -2.5605   3.0449   0.00    0.0
2014/09/19 23:47:00.000   63.755956561  -68.510476370    89.1837   5   9   2.4889   2.1742   6.7445  -1.6698  -2.5426   3.0359   0.00    0.0
2014/09/19 23:47:30.000   63.755957520  -68.510475493    89.1169   5   9   2.4881   2.1704   6.7138  -1.6650  -2.5243   3.0265   0.00    0.0
2014/09/19 23:48:00.000   63.755953135  -68.510469171    89.0618   5   9   2.4872   2.1667   6.6824  -1.6601  -2.5056   3.0167   0.00    0.0
2014/09/19 23:48:30.000   63.755958053  -68.510476593    89.6495   5   9   2.4862   2.1629   6.6504  -1.6551  -2.4865   3.0066   0.00    0.0
2014/09/19 23:49:00.000   63.755958692  -68.510473639    89.5326   5   9   2.4852   2.1591   6.6179  -1.6499  -2.4671   2.9961   0.00    0.0
2014/09/19 23:49:30.000   63.755960615  -68.510479801    89.9747   5   9   2.4841   2.1553   6.5849  -1.6446  -2.4473   2.9853   0.00    0.0
2014/09/19 23:50:00.000   63.755961832  -68.510471954    89.1455   5   9   2.4829   2.1515   6.5515  -1.6392  -2.4273   2.9742   0.00    0.0
2014/09/19 23:50:30.000   63.755960868  -68.510478770    89.2332   5   9   2.4817   2.1477   6.5177  -1.6337  -2.4069   2.9629   0.00    0.0
2014/09/19 23:51:00.000   63.755957944  -68.510478028    89.6388   5   9   2.4805   2.1438   6.4835  -1.6281  -2.3863   2.9513   0.00    0.0
2014/09/19 23:51:30.000   63.755959569  -68.510479544    88.4963   5   9   2.4792   2.1401   6.4490  -1.6224  -2.3654   2.9395   0.00    0.0
2014/09/19 23:52:00.000   63.755962426  -68.510476004    88.5326   5   9   2.4779   2.1363   6.4142  -1.6167  -2.3443   2.9275   0.00    0.0
2014/09/19 23:52:30.000   63.755960800  -68.510473083    89.2304   5   9   2.4766   2.1325   6.3792  -1.6109  -2.3230   2.9153   0.00    0.0
2014/09/19 23:53:00.000   63.755959030  -68.510469990    87.8607   5   8   2.6487   2.1291   6.5772  -1.5953  -2.3140   2.6059   0.00    0.0
2014/09/19 23:53:30.000   63.755960916  -68.510477316    88.1237   5   8   2.6476   2.1253   6.5420  -1.5906  -2.2908   2.5925   0.00    0.0
2014/09/19 23:54:00.000   63.755961153  -68.510476829    88.8862   5   8   2.6465   2.1216   6.5067  -1.5860  -2.2673   2.5791   0.00    0.0
2014/09/19 23:54:30.000   63.755958606  -68.510470903    88.4004   5   8   2.6454   2.1180   6.4713  -1.5813  -2.2437   2.5655   0.00    0.0
2014/09/19 23:55:00.000   63.755963476  -68.510469792    89.4888   5   8   2.6443   2.1144   6.4357  -1.5766  -2.2200   2.5518   0.00    0.0
2014/09/19 23:55:30.000   63.755959526  -68.510475343    89.1638   5   8   2.6432   2.1109   6.4001  -1.5719  -2.1960   2.5381   0.00    0.0
2014/09/19 23:56:00.000   63.755955507  -68.510472337    88.8527   5   8   2.6422   2.1075   6.3645  -1.5671  -2.1720   2.5243   0.00    0.0
2014/09/19 23:56:30.000   63.755958481  -68.510472990    89.1414   5   8   2.6412   2.1041   6.3289  -1.5624  -2.1478   2.5105   0.00    0.0
2014/09/19 23:57:00.000   63.755957144  -68.510478451    89.3954   5   8   2.6402   2.1008   6.2933  -1.5577  -2.1236   2.4967   0.00    0.0
2014/09/19 23:57:30.000   63.755964284  -68.510477947    88.3377   5   8   2.6393   2.0975   6.2578  -1.5530  -2.0992   2.4828   0.00    0.0
2014/09/19 23:58:00.000   63.755967485  -68.510477352    89.7988   5   8   2.6384   2.0944   6.2223  -1.5483  -2.0747   2.4690   0.00    0.0
2014/09/19 23:58:30.000   63.755953544  -68.510477221    87.7198   5   8   2.6375   2.0913   6.1870  -1.5437  -2.0502   2.4551   0.00    0.0
2014/09/19 23:59:00.000   63.755954707  -68.510477839    88.6805   5   8   2.6367   2.0884   6.1518  -1.5390  -2.0256   2.4414   0.00    0.0
2014/09/19 23:59:30.000   63.755960912  -68.510475161    89.4646   5   8   2.6360   2.0855   6.1168  -1.5344  -2.0010   2.4276   0.00    0.0
