% program   : RTKPOST ver.demo5 b34b
% inp file  : D:\My Documents\Spoljar\Privat\Boston 2022\iqal1640.14o
% inp file  : D:\My Documents\Spoljar\Privat\Boston 2022\brdc1640.14n
% obs start : 2014/06/13 00:00:00.0 GPST (week1796 432000.0s)
% obs end   : 2014/06/13 23:59:30.0 GPST (week1796 518370.0s)
% pos mode  : Single
% elev mask : 15.0 deg
% ionos opt : Broadcast
% tropo opt : Saastamoinen
% ephemeris : Broadcast
% navi sys  : GPS
%
% (lat/lon/height=WGS84/ellipsoidal,Q=1:fix,2:float,3:sbas,4:dgps,5:single,6:ppp,ns=# of satellites)
%  GPST                  latitude(deg) longitude(deg)  height(m)   Q  ns   sdn(m)   sde(m)   sdu(m)  sdne(m)  sdeu(m)  sdun(m) age(s)  ratio
2014/06/13 00:00:30.000   63.641141875  -68.683537684  -721.0241   5   9   2.2666   2.0731   7.2938  -0.9879  -2.7276   1.9132   0.00    0.0
2014/06/13 00:01:00.000   63.641481633  -68.684458123  -151.6241   5   9   2.2686   2.0664   7.2892  -0.9918  -2.7109   1.9236   0.00    0.0
2014/06/13 00:01:30.000   63.641833663  -68.685329121   408.3441   5   9   2.2708   2.0598   7.2835  -0.9956  -2.6937   1.9337   0.00    0.0
2014/06/13 00:02:00.000   63.642191101  -68.686144798   973.9608   5   9   2.2730   2.0531   7.2767  -0.9992  -2.6759   1.9434   0.00    0.0
2014/06/13 00:02:30.000   63.642553905  -68.686912879  1536.2253   5   9   2.2753   2.0465   7.2689  -1.0026  -2.6576   1.9527   0.00    0.0
2014/06/13 00:03:00.000   63.642917903  -68.687632385  2095.6114   5   9   2.2777   2.0399   7.2600  -1.0059  -2.6389   1.9616   0.00    0.0
2014/06/13 00:03:30.000   63.643288624  -68.688294249  2650.0361   5   9   2.2802   2.0333   7.2500  -1.0090  -2.6197   1.9702   0.00    0.0
2014/06/13 00:04:00.000   63.643665994  -68.688902771  3199.6157   5   9   2.2827   2.0268   7.2391  -1.0119  -2.6000   1.9784   0.00    0.0
2014/06/13 00:04:30.000   63.644042065  -68.689450857  3744.2752   5   9   2.2853   2.0203   7.2271  -1.0148  -2.5798   1.9863   0.00    0.0
2014/06/13 00:05:00.000   63.644425422  -68.689948975  4283.2789   5   9   2.2880   2.0138   7.2142  -1.0174  -2.5593   1.9938   0.00    0.0
2014/06/13 00:05:30.000   63.644813610  -68.690392309  4816.4570   5   9   2.2908   2.0075   7.2004  -1.0199  -2.5383   2.0010   0.00    0.0
2014/06/13 00:06:00.000   63.645197287  -68.690770479  5341.8032   5   9   2.2936   2.0011   7.1856  -1.0223  -2.5169   2.0079   0.00    0.0
2014/06/13 00:06:30.000   63.645587764  -68.691098028  5860.7622   5   9   2.2965   1.9949   7.1699  -1.0246  -2.4951   2.0145   0.00    0.0
2014/06/13 00:07:00.000   63.645979590  -68.691362637  6371.1142   5   9   2.2995   1.9887   7.1533  -1.0268  -2.4730   2.0207   0.00    0.0
2014/06/13 00:07:30.000   63.646373943  -68.691568660  6874.6663   5   9   2.3026   1.9826   7.1359  -1.0288  -2.4505   2.0267   0.00    0.0
2014/06/13 00:08:00.000   63.646767318  -68.691715854  7368.3893   5   9   2.3057   1.9766   7.1176  -1.0308  -2.4277   2.0323   0.00    0.0
2014/06/13 00:08:30.000   63.647160717  -68.691812431  7853.4612   5   9   2.3089   1.9707   7.0986  -1.0326  -2.4046   2.0377   0.00    0.0
2014/06/13 00:09:00.000   63.647554834  -68.691842502  8329.5433   5   9   2.3122   1.9649   7.0788  -1.0344  -2.3811   2.0428   0.00    0.0
2014/06/13 00:09:30.000   63.647984030  -68.691760328  8792.9173   5   9   2.3156   1.9593   7.0583  -1.0360  -2.3575   2.0476   0.00    0.0
2014/06/13 00:10:00.000   63.648438210  -68.691564032  9244.0250   5   9   2.3191   1.9537   7.0371  -1.0374  -2.3335   2.0521   0.00    0.0
2014/06/13 00:10:30.000   63.648892035  -68.691321926  9684.9338   5   9   2.3226   1.9483   7.0152  -1.0388  -2.3094   2.0563   0.00    0.0
2014/06/13 00:11:00.000   63.649336309  -68.691026800 10116.7991   5   9   2.3263   1.9430   6.9927  -1.0401  -2.2850   2.0603   0.00    0.0
2014/06/13 00:11:30.000   63.649778968  -68.690678529 10534.7586   5   9   2.3300   1.9378   6.9696  -1.0414  -2.2604   2.0641   0.00    0.0
2014/06/13 00:12:00.000   63.650218111  -68.690278917 10943.5227   5   9   2.3338   1.9328   6.9460  -1.0426  -2.2355   2.0677   0.00    0.0
2014/06/13 00:12:30.000   63.650645481  -68.689822680 11339.8464   5   9   2.3377   1.9279   6.9218  -1.0437  -2.2106   2.0711   0.00    0.0
2014/06/13 00:13:00.000   63.651073872  -68.689321701 11726.8629   5   9   2.3416   1.9231   6.8970  -1.0448  -2.1854   2.0743   0.00    0.0
2014/06/13 00:13:30.000   63.651495897  -68.688766568 12100.4840   5   9   2.3456   1.9184   6.8719  -1.0459  -2.1601   2.0773   0.00    0.0
2014/06/13 00:14:00.000   63.651915420  -68.688168956 12464.9351   5   9   2.3497   1.9139   6.8462  -1.0469  -2.1346   2.0801   0.00    0.0
2014/06/13 00:14:30.000   63.652327441  -68.687518891 12815.3522   5   9   2.3539   1.9095   6.8202  -1.0479  -2.1091   2.0828   0.00    0.0
2014/06/13 00:15:00.000   63.652705401  -68.686854156 13155.1970   5   9   2.3582   1.9053   6.7938  -1.0488  -2.0834   2.0853   0.00    0.0
2014/06/13 00:15:30.000   63.653082445  -68.686168846 13485.9759   5   9   2.3626   1.9013   6.7670  -1.0496  -2.0576   2.0877   0.00    0.0
2014/06/13 00:16:00.000   63.653441819  -68.685419978 13802.7230   5   9   2.3670   1.8974   6.7399  -1.0505  -2.0317   2.0899   0.00    0.0
2014/06/13 00:16:30.000   63.653805343  -68.684639693 14110.8842   5   9   2.3716   1.8936   6.7125  -1.0513  -2.0058   2.0921   0.00    0.0
2014/06/13 00:17:00.000   63.654162525  -68.683819721 14406.8947   5   9   2.3762   1.8900   6.6849  -1.0521  -1.9798   2.0941   0.00    0.0
2014/06/13 00:17:30.000   63.654512613  -68.682960445 14693.4418   5   9   2.3810   1.8865   6.6570  -1.0529  -1.9537   2.0960   0.00    0.0
2014/06/13 00:18:00.000   63.654856222  -68.682042256 14966.9208   5   9   2.3858   1.8832   6.6289  -1.0537  -1.9276   2.0979   0.00    0.0
2014/06/13 00:18:30.000   63.655200170  -68.681099173 15231.1532   5   9   2.3906   1.8800   6.6007  -1.0545  -1.9015   2.0996   0.00    0.0
2014/06/13 00:19:00.000   63.655536049  -68.680123335 15484.5007   5   9   2.3956   1.8770   6.5723  -1.0553  -1.8754   2.1014   0.00    0.0
2014/06/13 00:19:30.000   63.655860409  -68.679098917 15726.6698   5   9   2.4006   1.8741   6.5437  -1.0561  -1.8493   2.1030   0.00    0.0
2014/06/13 00:20:00.000   63.656187001  -68.678050787 15958.8354   5   9   2.4058   1.8714   6.5151  -1.0570  -1.8231   2.1046   0.00    0.0
2014/06/13 00:20:30.000   63.656502739  -68.676963477 16180.7940   5   9   2.4110   1.8688   6.4864  -1.0579  -1.7970   2.1062   0.00    0.0
2014/06/13 00:21:00.000   63.656822578  -68.675850871 16393.6431   5   9   2.4163   1.8663   6.4577  -1.0588  -1.7708   2.1078   0.00    0.0
2014/06/13 00:21:30.000   63.657130092  -68.674704100 16595.9737   5   9   2.4217   1.8640   6.4289  -1.0597  -1.7447   2.1093   0.00    0.0
2014/06/13 00:22:00.000   63.657429745  -68.673522859 16787.8355   5   9   2.4272   1.8619   6.4001  -1.0606  -1.7186   2.1108   0.00    0.0
2014/06/13 00:22:30.000   63.657730322  -68.672313054 16970.5196   5   9   2.4328   1.8599   6.3713  -1.0616  -1.6926   2.1124   0.00    0.0
2014/06/13 00:23:00.000   63.658023533  -68.671084783 17143.5558   5   9   2.4384   1.8580   6.3426  -1.0626  -1.6665   2.1140   0.00    0.0
2014/06/13 00:24:00.000   63.537795629  -68.565152827 -13093.8215   5   8   3.6326   1.9612   9.0135  -1.9358  -3.0062   4.8336   0.00    0.0
2014/06/13 00:24:30.000   63.539432830  -68.566013775 -12419.1487   5   8   3.6456   1.9549   8.9824  -1.9322  -2.9801   4.8375   0.00    0.0
2014/06/13 00:25:00.000   63.541116594  -68.566850736 -11742.2175   5   8   3.6579   1.9486   8.9491  -1.9282  -2.9532   4.8399   0.00    0.0
2014/06/13 00:25:30.000   63.542846277  -68.567656882 -11063.4128   5   8   3.6697   1.9423   8.9137  -1.9238  -2.9257   4.8409   0.00    0.0
2014/06/13 00:26:00.000   63.544613201  -68.568438707 -10385.1575   5   8   3.6808   1.9361   8.8764  -1.9190  -2.8976   4.8404   0.00    0.0
2014/06/13 00:26:30.000   63.546414618  -68.569198394 -9707.0227   5   8   3.6913   1.9299   8.8372  -1.9138  -2.8689   4.8385   0.00    0.0
2014/06/13 00:27:00.000   63.548253409  -68.569918577 -9030.9173   5   8   3.7012   1.9238   8.7961  -1.9082  -2.8397   4.8353   0.00    0.0
2014/06/13 00:27:30.000   63.550125526  -68.570624701 -8356.2271   5   8   3.7105   1.9177   8.7534  -1.9023  -2.8099   4.8307   0.00    0.0
2014/06/13 00:28:00.000   63.552024539  -68.571282533 -7686.8645   5   8   3.7192   1.9118   8.7090  -1.8960  -2.7797   4.8249   0.00    0.0
2014/06/13 00:28:30.000   63.532573499  -68.591666434 -6394.7931   5   7   3.8567   1.9485   8.6662  -1.7821  -2.7672   4.7942   0.00    0.0
2014/06/13 00:29:00.000   63.555868960  -68.572480892 -6368.4290   5   8   3.7350   1.9002   8.6158  -1.8826  -2.7179   4.8096   0.00    0.0
2014/06/13 00:29:30.000   63.557827291  -68.573034340 -5716.7951   5   8   3.7420   1.8945   8.5671  -1.8754  -2.6865   4.8002   0.00    0.0
2014/06/13 00:30:00.000   63.559800585  -68.573548373 -5073.0829   5   8   3.7485   1.8890   8.5171  -1.8680  -2.6548   4.7898   0.00    0.0
2014/06/13 00:30:30.000   63.561779578  -68.574003257 -4441.0463   5   8   3.7546   1.8836   8.4660  -1.8604  -2.6227   4.7782   0.00    0.0
2014/06/13 00:31:00.000   63.563771652  -68.574443668 -3814.7045   5   8   3.7601   1.8783   8.4138  -1.8526  -2.5904   4.7657   0.00    0.0
2014/06/13 00:31:30.000   63.565770256  -68.574825191 -3200.0542   5   8   3.7651   1.8732   8.3606  -1.8446  -2.5578   4.7522   0.00    0.0
2014/06/13 00:32:00.000   63.567762296  -68.575161921 -2598.2578   5   8   3.7696   1.8682   8.3065  -1.8364  -2.5251   4.7379   0.00    0.0
2014/06/13 00:32:30.000   63.569766912  -68.575471040 -2005.4760   5   8   3.7737   1.8634   8.2517  -1.8281  -2.4922   4.7227   0.00    0.0
2014/06/13 00:33:00.000   63.571759859  -68.575719559 -1425.5034   5   8   3.7774   1.8587   8.1961  -1.8196  -2.4592   4.7067   0.00    0.0
2014/06/13 00:36:00.000   63.578056258  -68.582384175  -591.2761   5   8   4.1492   2.0369   8.6371  -1.9820  -2.5529   5.0755   0.00    0.0
2014/06/13 00:36:30.000   63.580132948  -68.582608336   -58.1138   5   8   4.1508   2.0329   8.5827  -1.9718  -2.5180   5.0575   0.00    0.0
2014/06/13 00:37:00.000   63.582222415  -68.582818583   479.4427   5   8   4.1520   2.0290   8.5279  -1.9615  -2.4828   5.0388   0.00    0.0
2014/06/13 00:37:30.000   63.584281953  -68.582955644   998.2176   5   8   4.1529   2.0253   8.4727  -1.9510  -2.4476   5.0196   0.00    0.0
2014/06/13 00:38:00.000   63.586342129  -68.583062929  1508.5827   5   8   4.1534   2.0217   8.4171  -1.9405  -2.4122   4.9998   0.00    0.0
2014/06/13 00:38:30.000   63.588373925  -68.583117771  2003.4051   5   8   4.1536   2.0184   8.3614  -1.9299  -2.3768   4.9795   0.00    0.0
2014/06/13 00:39:00.000   63.590408220  -68.583154998  2489.5792   5   8   4.1535   2.0152   8.3054  -1.9192  -2.3413   4.9587   0.00    0.0
2014/06/13 00:39:30.000   63.592414395  -68.583130086  2959.3369   5   8   4.1531   2.0121   8.2493  -1.9085  -2.3058   4.9375   0.00    0.0
2014/06/13 00:40:00.000   63.594401265  -68.583068531  3416.9346   5   8   4.1524   2.0093   8.1932  -1.8978  -2.2702   4.9160   0.00    0.0
2014/06/13 00:41:00.000   63.549223304  -68.650005568 -19247.0305   5   7   4.0946   2.0526   9.7858  -1.1567   1.6224   5.4078   0.00    0.0
2014/06/13 00:41:30.000   63.550193797  -68.650124245 -18920.9861   5   7   4.1074   2.0582   9.7867  -1.1183   1.7075   5.4204   0.00    0.0
2014/06/13 00:42:00.000   63.551202807  -68.650203066 -18586.8756   5   7   4.1201   2.0642   9.7875  -1.0783   1.7886   5.4329   0.00    0.0
2014/06/13 00:42:30.000   63.552229491  -68.650225669 -18250.1905   5   7   4.1329   2.0707   9.7880  -1.0363   1.8661   5.4452   0.00    0.0
2014/06/13 00:43:00.000   63.553309384  -68.650223633 -17902.3894   5   7   4.1455   2.0775   9.7884  -0.9921   1.9403   5.4574   0.00    0.0
2014/06/13 00:43:30.000   63.554415009  -68.650159175 -17551.7774   5   7   4.1582   2.0847   9.7885  -0.9456   2.0118   5.4695   0.00    0.0
2014/06/13 00:44:00.000   63.555561123  -68.650044338 -17193.5859   5   7   4.1708   2.0923   9.7885  -0.8962   2.0806   5.4814   0.00    0.0
2014/06/13 00:44:30.000   63.556733633  -68.649883671 -16830.2271   5   7   4.1834   2.1003   9.7883  -0.8436   2.1471   5.4932   0.00    0.0
2014/06/13 00:45:30.000   63.673001240  -68.587984529 19059.4210   5   8   3.4013   2.1400   6.3906  -1.8313  -1.3499   3.2102   0.00    0.0
2014/06/13 00:46:00.000   63.673868875  -68.586157866 19193.1359   5   8   3.4050   2.1388   6.3789  -1.8262  -1.3151   3.2092   0.00    0.0
2014/06/13 00:46:30.000   63.674737858  -68.584316512 19323.4389   5   8   3.4087   2.1376   6.3675  -1.8211  -1.2797   3.2082   0.00    0.0
2014/06/13 00:47:00.000   63.698234812  -68.656845201 30908.8482   5   7   3.5728   2.6474   7.9921  -2.2286  -3.0177   3.9313   0.00    0.0
2014/06/13 00:47:30.000   63.699277343  -68.654614400 31051.1189   5   7   3.5784   2.6405   7.9833  -2.2242  -2.9943   3.9348   0.00    0.0
2014/06/13 00:48:00.000   63.700316539  -68.652356656 31186.9589   5   7   3.5840   2.6337   7.9746  -2.2197  -2.9706   3.9383   0.00    0.0
2014/06/13 00:48:30.000   63.701344922  -68.650061501 31317.2419   5   7   3.5897   2.6270   7.9659  -2.2150  -2.9467   3.9419   0.00    0.0
2014/06/13 00:49:00.000   63.702379740  -68.647763665 31442.3884   5   7   3.5955   2.6203   7.9571  -2.2103  -2.9226   3.9454   0.00    0.0
2014/06/13 00:49:30.000   63.703399411  -68.645437587 31562.9573   5   7   3.6012   2.6138   7.9484  -2.2055  -2.8983   3.9490   0.00    0.0
2014/06/13 00:50:00.000   63.704410840  -68.643086934 31674.8799   5   7   3.6070   2.6072   7.9398  -2.2005  -2.8737   3.9526   0.00    0.0
2014/06/13 00:50:30.000   63.705435197  -68.640717949 31786.3148   5   7   3.6129   2.6008   7.9311  -2.1955  -2.8488   3.9563   0.00    0.0
2014/06/13 00:51:00.000   63.706445462  -68.638331606 31891.1806   5   7   3.6188   2.5944   7.9225  -2.1904  -2.8238   3.9599   0.00    0.0
2014/06/13 00:51:30.000   63.707453444  -68.635934071 31990.0246   5   7   3.6247   2.5881   7.9139  -2.1852  -2.7985   3.9636   0.00    0.0
2014/06/13 00:52:00.000   63.708459288  -68.633512752 32085.6382   5   7   3.6306   2.5819   7.9053  -2.1798  -2.7729   3.9673   0.00    0.0
2014/06/13 00:52:30.000   63.709459516  -68.631080752 32174.7837   5   7   3.6366   2.5758   7.8968  -2.1744  -2.7471   3.9711   0.00    0.0
2014/06/13 00:53:00.000   63.710460338  -68.628635816 32262.2158   5   7   3.6427   2.5698   7.8883  -2.1689  -2.7211   3.9749   0.00    0.0
2014/06/13 00:53:30.000   63.711451338  -68.626165244 32340.0812   5   7   3.6488   2.5638   7.8798  -2.1633  -2.6948   3.9787   0.00    0.0
2014/06/13 00:54:00.000   63.712451404  -68.623690156 32418.7138   5   7   3.6549   2.5580   7.8714  -2.1575  -2.6682   3.9825   0.00    0.0
2014/06/13 00:54:30.000   63.713434541  -68.621207440 32489.5270   5   7   3.6610   2.5522   7.8630  -2.1517  -2.6413   3.9864   0.00    0.0
2014/06/13 00:55:00.000   63.714425601  -68.618712694 32559.3903   5   7   3.6672   2.5466   7.8547  -2.1458  -2.6142   3.9903   0.00    0.0
2014/06/13 00:55:30.000   63.715413688  -68.616209241 32623.6121   5   7   3.6734   2.5410   7.8463  -2.1397  -2.5869   3.9942   0.00    0.0
2014/06/13 00:56:00.000   63.716393476  -68.613688810 32683.7138   5   7   3.6797   2.5355   7.8381  -2.1336  -2.5592   3.9981   0.00    0.0
2014/06/13 00:56:30.000   63.717373979  -68.611166127 32739.6283   5   7   3.6860   2.5302   7.8298  -2.1273  -2.5312   4.0021   0.00    0.0
2014/06/13 00:57:00.000   63.718352394  -68.608636814 32790.6129   5   7   3.6923   2.5249   7.8217  -2.1210  -2.5030   4.0061   0.00    0.0
2014/06/13 00:57:30.000   63.719327218  -68.606092646 32838.9877   5   7   3.6986   2.5198   7.8135  -2.1145  -2.4745   4.0101   0.00    0.0
2014/06/13 00:58:00.000   63.720297173  -68.603553286 32882.9752   5   7   3.7050   2.5147   7.8054  -2.1079  -2.4456   4.0141   0.00    0.0
2014/06/13 00:58:30.000   63.721265575  -68.600996903 32922.7551   5   7   3.7115   2.5098   7.7974  -2.1012  -2.4164   4.0182   0.00    0.0
2014/06/13 00:59:00.000   63.722233297  -68.598446740 32959.1045   5   7   3.7179   2.5050   7.7893  -2.0944  -2.3869   4.0223   0.00    0.0
2014/06/13 00:59:30.000   63.723197612  -68.595885292 32991.9447   5   7   3.7244   2.5003   7.7814  -2.0875  -2.3571   4.0264   0.00    0.0
2014/06/13 01:00:00.000   63.911665021  -67.149338467 -323879.0816   5   7   3.3524   2.2079   6.6951  -1.8651  -2.1032   3.7435   0.00    0.0
2014/06/13 01:00:30.000   63.897906650  -67.172708196 -326031.1021   5   7   3.3575   2.2029   6.6946  -1.8552  -2.0749   3.7492   0.00    0.0
2014/06/13 01:01:00.000   63.884184082  -67.196420381 -328153.9447   5   7   3.3626   2.1981   6.6940  -1.8451  -2.0460   3.7547   0.00    0.0
2014/06/13 01:01:30.000   63.870498905  -67.220464210 -330248.2637   5   7   3.3676   2.1934   6.6933  -1.8348  -2.0166   3.7601   0.00    0.0
2014/06/13 01:02:00.000   63.856851043  -67.244839183 -332310.7740   5   7   3.3725   2.1889   6.6924  -1.8243  -1.9866   3.7654   0.00    0.0
2014/06/13 01:02:30.000   63.843237992  -67.269520814 -334345.3009   5   7   3.3775   2.1844   6.6914  -1.8136  -1.9560   3.7705   0.00    0.0
2014/06/13 01:03:00.000   63.829666197  -67.294538838 -336350.3311   5   7   3.3823   2.1801   6.6902  -1.8026  -1.9248   3.7754   0.00    0.0
2014/06/13 01:03:30.000   63.816143554  -67.319863567 -338325.2197   5   7   3.3871   2.1759   6.6890  -1.7914  -1.8930   3.7802   0.00    0.0
2014/06/13 01:07:00.000   64.670911576  -67.964782735 -314265.7646   5   7   3.3535   1.8203   5.5107  -0.7662   1.3887   1.9245   0.00    0.0
2014/06/13 01:07:30.000   64.653673349  -67.991332768 -317747.3982   5   7   3.3596   1.8222   5.5354  -0.7651   1.4112   1.9453   0.00    0.0
2014/06/13 01:08:00.001   64.636224783  -68.018029070 -321249.8745   5   7   3.3657   1.8242   5.5602  -0.7639   1.4337   1.9662   0.00    0.0
2014/06/13 01:10:30.000   64.065895338  -67.804205639 -288391.1154   5   8   2.8344   1.7302   5.3351   0.7742   1.0950   2.8432   0.00    0.0
2014/06/13 01:11:00.000   64.083837440  -67.820157186 -285459.0217   5   9   2.0424   1.7184   4.1216   0.4619   0.7417   1.1858   0.00    0.0
2014/06/13 01:11:30.000   64.075216878  -67.842521353 -287435.8516   5   9   2.0424   1.7181   4.1374   0.4650   0.7594   1.1941   0.00    0.0
2014/06/13 01:12:00.000   64.066590957  -67.864957264 -289410.4127   5   9   2.0424   1.7179   4.1534   0.4682   0.7769   1.2026   0.00    0.0
2014/06/13 01:12:30.000   64.057956306  -67.887442879 -291384.0895   5   9   2.0425   1.7177   4.1696   0.4713   0.7943   1.2113   0.00    0.0
2014/06/13 01:13:00.000   64.049308853  -67.909979919 -293356.3525   5   9   2.0427   1.7175   4.1860   0.4745   0.8116   1.2202   0.00    0.0
2014/06/13 01:13:30.000   64.040641801  -67.932590230 -295326.5247   5   9   2.0430   1.7174   4.2026   0.4777   0.8287   1.2293   0.00    0.0
2014/06/13 01:14:00.000   64.031970307  -67.955258837 -297293.0714   5   9   2.0434   1.7174   4.2194   0.4809   0.8457   1.2386   0.00    0.0
2014/06/13 01:14:30.000   64.023282692  -67.977988223 -299255.1310   5   9   2.0439   1.7175   4.2364   0.4842   0.8627   1.2481   0.00    0.0
2014/06/13 01:15:00.000   64.014575585  -68.000774154 -301213.6463   5   9   2.0444   1.7175   4.2536   0.4875   0.8795   1.2577   0.00    0.0
2014/06/13 01:15:30.000   64.005862562  -68.023599810 -303166.4639   5   9   2.0451   1.7177   4.2710   0.4908   0.8963   1.2676   0.00    0.0
2014/06/13 01:16:00.000   63.997130534  -68.046474272 -305113.5480   5   9   2.0458   1.7179   4.2885   0.4941   0.9130   1.2776   0.00    0.0
2014/06/13 01:16:30.000   63.988390644  -68.069388728 -307052.4013   5   9   2.0466   1.7181   4.3062   0.4976   0.9296   1.2877   0.00    0.0
2014/06/13 01:17:00.000   63.979627636  -68.092355459 -308984.5661   5   9   2.0475   1.7184   4.3241   0.5010   0.9462   1.2981   0.00    0.0
2014/06/13 01:17:30.000   63.970861693  -68.115366191 -310906.7561   5   9   2.0485   1.7188   4.3421   0.5045   0.9627   1.3086   0.00    0.0
2014/06/13 01:18:00.000   63.962076879  -68.138402568 -312818.5510   5   9   2.0496   1.7192   4.3603   0.5080   0.9791   1.3193   0.00    0.0
2014/06/13 01:18:30.000   63.953281959  -68.161472951 -314719.0319   5   9   2.0507   1.7196   4.3786   0.5116   0.9956   1.3301   0.00    0.0
2014/06/13 01:19:00.000   63.944473551  -68.184569272 -316608.5563   5   9   2.0519   1.7201   4.3970   0.5152   1.0119   1.3411   0.00    0.0
2014/06/13 01:19:30.000   63.935660156  -68.207699198 -318483.5877   5   9   2.0532   1.7207   4.4156   0.5189   1.0283   1.3523   0.00    0.0
2014/06/13 01:20:00.000   63.926830555  -68.230854451 -320344.5823   5   9   2.0546   1.7213   4.4343   0.5226   1.0446   1.3636   0.00    0.0
2014/06/13 01:20:30.000   63.917999590  -68.254009782 -322188.9464   5   9   2.0561   1.7220   4.4531   0.5263   1.0609   1.3750   0.00    0.0
2014/06/13 01:21:00.000   63.909155180  -68.277176448 -324016.8290   5   9   2.0576   1.7227   4.4721   0.5301   1.0771   1.3866   0.00    0.0
2014/06/13 01:21:30.000   63.900308766  -68.300367602 -325825.6585   5   9   2.0592   1.7235   4.4911   0.5340   1.0933   1.3983   0.00    0.0
2014/06/13 01:22:00.000   63.891459141  -68.323545731 -327614.6929   5   9   2.0609   1.7243   4.5102   0.5379   1.1095   1.4101   0.00    0.0
2014/06/13 01:22:30.000   63.882605341  -68.346725516 -329382.3904   5   9   2.0627   1.7252   4.5294   0.5418   1.1257   1.4221   0.00    0.0
2014/06/13 01:23:00.001   63.873756713  -68.369889816 -331126.7160   5   9   2.0645   1.7261   4.5487   0.5458   1.1418   1.4342   0.00    0.0
2014/06/13 01:23:30.001   63.864906468  -68.393036578 -332845.7424   5   9   2.0664   1.7271   4.5681   0.5499   1.1579   1.4464   0.00    0.0
2014/06/13 01:24:00.001   63.856058235  -68.416162367 -334539.8716   5   9   2.0684   1.7282   4.5875   0.5540   1.1740   1.4587   0.00    0.0
2014/06/13 01:24:30.001   63.847222049  -68.439254153 -336205.6157   5   9   2.0704   1.7293   4.6069   0.5582   1.1900   1.4711   0.00    0.0
2014/06/13 01:25:00.001   63.838390285  -68.462316869 -337841.5736   5   9   2.0726   1.7304   4.6265   0.5624   1.2061   1.4836   0.00    0.0
2014/06/13 01:25:30.001   63.829569525  -68.485326815 -339446.8600   5   9   2.0747   1.7316   4.6460   0.5666   1.2220   1.4962   0.00    0.0
2014/06/13 01:26:00.001   63.820770931  -68.508287153 -341017.5298   5   9   2.0770   1.7328   4.6656   0.5709   1.2380   1.5090   0.00    0.0
2014/06/13 01:26:30.001   63.811988049  -68.531181742 -342554.3277   5   9   2.0793   1.7341   4.6851   0.5753   1.2539   1.5218   0.00    0.0
2014/06/13 01:27:00.001   63.803222120  -68.554007536 -344054.3421   5   9   2.0817   1.7355   4.7047   0.5797   1.2698   1.5346   0.00    0.0
2014/06/13 01:27:30.001   63.794484141  -68.576767313 -345514.5934   5   9   2.0842   1.7368   4.7243   0.5841   1.2856   1.5476   0.00    0.0
2014/06/13 01:28:00.001   63.785776273  -68.599418723 -346933.2961   5   9   2.0867   1.7383   4.7439   0.5886   1.3014   1.5606   0.00    0.0
2014/06/13 01:28:30.001   63.777096446  -68.621984949 -348310.1200   5   9   2.0893   1.7398   4.7634   0.5931   1.3172   1.5737   0.00    0.0
2014/06/13 01:29:00.001   63.768452682  -68.644447210 -349641.6791   5   9   2.0919   1.7413   4.7829   0.5977   1.3329   1.5868   0.00    0.0
2014/06/13 01:29:30.001   63.759847690  -68.666791640 -350926.0482   5   9   2.0947   1.7429   4.8023   0.6023   1.3485   1.6000   0.00    0.0
2014/06/13 01:30:00.001   63.751289502  -68.689007217 -352160.5870   5   9   2.0974   1.7445   4.8216   0.6070   1.3641   1.6132   0.00    0.0
2014/06/13 01:30:30.001   63.742782602  -68.711088437 -353341.7897   5   9   2.1003   1.7462   4.8409   0.6117   1.3796   1.6265   0.00    0.0
2014/06/13 01:31:00.001   63.734326561  -68.733021148 -354469.7596   5   9   2.1032   1.7479   4.8601   0.6164   1.3951   1.6398   0.00    0.0
2014/06/13 01:31:30.001   63.725932343  -68.754791543 -355541.5310   5   9   2.1061   1.7496   4.8792   0.6212   1.4105   1.6531   0.00    0.0
2014/06/13 01:32:00.001   63.717598494  -68.776400809 -356554.0818   5   9   2.1091   1.7514   4.8981   0.6260   1.4258   1.6664   0.00    0.0
2014/06/13 01:32:30.001   63.709329660  -68.797812110 -357506.8209   5   9   2.1122   1.7532   4.9170   0.6308   1.4410   1.6798   0.00    0.0
2014/06/13 01:33:00.001   63.701136579  -68.819033139 -358395.3820   5   9   2.1153   1.7551   4.9356   0.6357   1.4562   1.6931   0.00    0.0
2014/06/13 01:33:30.001   63.693019669  -68.840050901 -359218.0905   5   9   2.1185   1.7570   4.9541   0.6405   1.4712   1.7064   0.00    0.0
2014/06/13 01:34:00.001   63.684991172  -68.860853453 -359971.9216   5   9   2.1217   1.7590   4.9725   0.6454   1.4862   1.7197   0.00    0.0
2014/06/13 01:34:30.001   63.677046160  -68.881430003 -360655.4370   5   9   2.1250   1.7609   4.9906   0.6503   1.5010   1.7329   0.00    0.0
2014/06/13 01:35:00.001   63.669202511  -68.901745132 -361266.3438   5   9   2.1283   1.7630   5.0086   0.6553   1.5158   1.7462   0.00    0.0
2014/06/13 01:35:30.001   63.661459961  -68.921811470 -361800.9004   5   9   2.1316   1.7650   5.0263   0.6602   1.5304   1.7593   0.00    0.0
2014/06/13 01:36:00.001   63.653822690  -68.941605634 -362257.4600   5   9   2.1350   1.7671   5.0437   0.6651   1.5449   1.7725   0.00    0.0
2014/06/13 01:36:30.001   63.646301786  -68.961110134 -362633.1265   5   9   2.1385   1.7692   5.0610   0.6701   1.5592   1.7855   0.00    0.0
2014/06/13 01:37:00.001   63.638897592  -68.980315766 -362927.3882   5   9   2.1420   1.7713   5.0779   0.6750   1.5734   1.7985   0.00    0.0
2014/06/13 01:37:30.001   63.631619398  -68.999219333 -363135.1015   5   9   2.1455   1.7735   5.0946   0.6799   1.5875   1.8114   0.00    0.0
2014/06/13 01:38:00.001   63.624469933  -69.017799513 -363256.1736   5   9   2.1491   1.7756   5.1109   0.6848   1.6014   1.8241   0.00    0.0
2014/06/13 01:38:30.001   63.617460055  -69.036020844 -363287.6744   5   9   2.1526   1.7778   5.1269   0.6897   1.6152   1.8368   0.00    0.0
2014/06/13 01:39:00.001   63.610597937  -69.053887986 -363227.5142   5   9   2.1563   1.7800   5.1426   0.6946   1.6287   1.8494   0.00    0.0
2014/06/13 01:39:30.001   63.603884772  -69.071401306 -363072.7483   5   9   2.1599   1.7823   5.1580   0.6994   1.6421   1.8618   0.00    0.0
2014/06/13 01:40:00.001   63.597324201  -69.088530077 -362821.9923   5   9   2.1636   1.7845   5.1730   0.7043   1.6553   1.8741   0.00    0.0
2014/06/13 01:40:30.001   63.590930308  -69.105259658 -362472.5057   5   9   2.1673   1.7868   5.1876   0.7090   1.6683   1.8863   0.00    0.0
2014/06/13 01:41:00.001   63.584708066  -69.121586554 -362022.9604   5   9   2.1710   1.7890   5.2017   0.7138   1.6811   1.8983   0.00    0.0
2014/06/13 01:41:30.001   63.578656823  -69.137491696 -361471.0566   5   9   2.1747   1.7913   5.2155   0.7185   1.6937   1.9101   0.00    0.0
2014/06/13 01:42:00.001   63.572787276  -69.152950555 -360815.8942   5   9   2.1785   1.7936   5.2288   0.7231   1.7061   1.9218   0.00    0.0
2014/06/13 01:42:30.001   63.567106932  -69.167974124 -360055.5701   5   9   2.1822   1.7958   5.2417   0.7277   1.7182   1.9332   0.00    0.0
2014/06/13 01:43:00.001   63.561620516  -69.182527618 -359187.9662   5   9   2.1860   1.7981   5.2541   0.7322   1.7301   1.9445   0.00    0.0
2014/06/13 01:43:30.001   63.556327003  -69.196617666 -358211.3315   5   9   2.1897   1.8004   5.2661   0.7367   1.7417   1.9555   0.00    0.0
2014/06/13 01:44:00.001   63.551241296  -69.210220644 -357124.6814   5   9   2.1935   1.8026   5.2775   0.7411   1.7531   1.9664   0.00    0.0
2014/06/13 01:44:30.001   63.546362188  -69.223326214 -355928.2681   5   9   2.1973   1.8049   5.2885   0.7454   1.7642   1.9770   0.00    0.0
2014/06/13 01:45:00.001   63.541696606  -69.235923734 -354619.6531   5   9   2.2011   1.8071   5.2989   0.7496   1.7751   1.9873   0.00    0.0
2014/06/13 01:45:30.001   63.537254723  -69.247996240 -353197.8860   5   9   2.2048   1.8093   5.3087   0.7537   1.7856   1.9975   0.00    0.0
2014/06/13 01:46:00.001   63.533034598  -69.259539835 -351663.4303   5   9   2.2086   1.8115   5.3180   0.7577   1.7959   2.0073   0.00    0.0
2014/06/13 01:46:30.001   63.529037852  -69.270552174 -350015.6252   5   9   2.2123   1.8137   5.3268   0.7616   1.8059   2.0169   0.00    0.0
2014/06/13 01:47:00.001   63.525277283  -69.281016361 -348252.1930   5   9   2.2161   1.8158   5.3350   0.7655   1.8155   2.0262   0.00    0.0
2014/06/13 01:47:30.001   63.521753089  -69.290914305 -346374.8825   5   9   2.2198   1.8180   5.3425   0.7692   1.8249   2.0352   0.00    0.0
2014/06/13 01:48:00.001   63.518463033  -69.300274567 -344383.2690   5   9   2.2235   1.8201   5.3495   0.7727   1.8339   2.0440   0.00    0.0
2014/06/13 01:48:30.001   63.515412949  -69.309043972 -342277.6237   5   9   2.2271   1.8221   5.3559   0.7762   1.8426   2.0524   0.00    0.0
2014/06/13 01:49:00.001   63.512611102  -69.317235331 -340058.6312   5   9   2.2308   1.8241   5.3616   0.7795   1.8510   2.0605   0.00    0.0
2014/06/13 01:49:30.001   63.510052942  -69.324848900 -337725.2830   5   9   2.2344   1.8261   5.3668   0.7827   1.8590   2.0683   0.00    0.0
2014/06/13 01:50:00.001   63.507740407  -69.331882225 -335280.3325   5   9   2.2380   1.8281   5.3713   0.7857   1.8667   2.0758   0.00    0.0
2014/06/13 01:50:30.001   63.505679110  -69.338324918 -332723.0167   5   9   2.2415   1.8300   5.3751   0.7886   1.8741   2.0829   0.00    0.0
2014/06/13 01:51:00.001   63.503863870  -69.344169660 -330055.7439   5   9   2.2450   1.8318   5.3783   0.7914   1.8810   2.0897   0.00    0.0
2014/06/13 01:51:30.001   63.502302744  -69.349423999 -327279.9663   5   9   2.2485   1.8336   5.3809   0.7940   1.8877   2.0962   0.00    0.0
2014/06/13 01:52:00.001   63.500991696  -69.354072273 -324396.1645   5   9   2.2520   1.8354   5.3827   0.7964   1.8939   2.1023   0.00    0.0
2014/06/13 01:52:30.001   63.499927692  -69.358133672 -321406.5615   5   9   2.2554   1.8371   5.3840   0.7987   1.8998   2.1081   0.00    0.0
2014/06/13 01:53:00.001   63.499114523  -69.361595633 -318313.8083   5   9   2.2587   1.8387   5.3845   0.8008   1.9053   2.1135   0.00    0.0
2014/06/13 01:53:30.001   63.498547494  -69.364458757 -315117.7251   5   9   2.2620   1.8403   5.3844   0.8027   1.9104   2.1186   0.00    0.0
2014/06/13 01:54:00.001   63.498219833  -69.366745344 -311823.8337   5   9   2.2653   1.8419   5.3836   0.8045   1.9152   2.1233   0.00    0.0
2014/06/13 01:54:30.001   63.498146271  -69.368421904 -308433.1096   5   9   2.2685   1.8433   5.3822   0.8060   1.9196   2.1276   0.00    0.0
2014/06/13 01:55:00.001   63.498305241  -69.369528319 -304947.6897   5   9   2.2717   1.8447   5.3801   0.8074   1.9236   2.1316   0.00    0.0
2014/06/13 01:56:00.000   63.550006247  -69.444183263 -275979.4976   5  10   2.2267   1.8217   5.0233   0.8924   2.0757   1.9131   0.00    0.0
2014/06/13 01:56:30.000   63.548937390  -69.441632744 -273144.7886   5  10   2.2304   1.8226   5.0260   0.8935   2.0781   1.9199   0.00    0.0
2014/06/13 01:57:00.000   63.548089625  -69.438517758 -270220.1172   5  10   2.2340   1.8233   5.0280   0.8943   2.0802   1.9263   0.00    0.0
2014/06/13 01:57:30.000   63.547466785  -69.434828237 -267207.8483   5  10   2.2376   1.8240   5.0295   0.8951   2.0818   1.9325   0.00    0.0
2014/06/13 01:59:00.000   63.452823561  -69.377992643 -243813.2873   5  11   2.0414   1.8142   4.8521   0.9955   2.0204   2.2491   0.00    0.0
2014/06/13 01:59:30.000   63.454692366  -69.372358108 -240786.2036   5  11   2.0441   1.8142   4.8526   0.9969   2.0200   2.2529   0.00    0.0
2014/06/13 02:00:00.000   63.755955033  -68.510497440    94.1914   5  10   2.5549   1.9858   5.3953   0.9170   2.2131   2.2001   0.00    0.0
2014/06/13 02:00:30.000   63.755959243  -68.510492606    94.0239   5  11   2.3230   1.9772   5.2459   1.0178   2.1593   2.4979   0.00    0.0
2014/06/13 02:01:00.000   63.755962546  -68.510496097    93.8500   5  11   2.3276   1.9765   5.2474   1.0195   2.1569   2.5051   0.00    0.0
2014/06/13 02:01:30.000   63.755961345  -68.510495308    94.2541   5  11   2.3322   1.9758   5.2485   1.0210   2.1542   2.5120   0.00    0.0
2014/06/13 02:02:00.000   63.755961485  -68.510500981    94.7254   5  11   2.3368   1.9750   5.2492   1.0223   2.1512   2.5188   0.00    0.0
2014/06/13 02:02:30.000   63.755964160  -68.510493450    95.7924   5  11   2.3414   1.9742   5.2495   1.0235   2.1479   2.5254   0.00    0.0
2014/06/13 02:03:00.000   63.755962042  -68.510496631    94.9267   5  11   2.3459   1.9733   5.2494   1.0245   2.1443   2.5317   0.00    0.0
2014/06/13 02:03:30.000   63.755958845  -68.510494510    95.3136   5  11   2.3505   1.9723   5.2489   1.0253   2.1404   2.5379   0.00    0.0
2014/06/13 02:04:00.000   63.755959515  -68.510492801    94.9108   5  11   2.3550   1.9712   5.2480   1.0259   2.1361   2.5438   0.00    0.0
2014/06/13 02:04:30.000   63.755959564  -68.510490564    94.7576   5  11   2.3596   1.9701   5.2467   1.0264   2.1316   2.5495   0.00    0.0
2014/06/13 02:05:00.000   63.755960820  -68.510494977    94.4448   5  11   2.3641   1.9688   5.2450   1.0266   2.1267   2.5550   0.00    0.0
2014/06/13 02:05:30.000   63.755962344  -68.510488319    94.8008   5  11   2.3685   1.9676   5.2429   1.0267   2.1216   2.5603   0.00    0.0
2014/06/13 02:06:00.000   63.755965592  -68.510497915    95.7088   5  11   2.3730   1.9662   5.2405   1.0266   2.1161   2.5654   0.00    0.0
2014/06/13 02:06:30.000   63.755964331  -68.510493249    95.2869   5  11   2.3774   1.9648   5.2376   1.0263   2.1103   2.5702   0.00    0.0
2014/06/13 02:07:00.000   63.755960053  -68.510493102    94.9370   5  11   2.3819   1.9634   5.2344   1.0259   2.1043   2.5748   0.00    0.0
2014/06/13 02:07:30.000   63.755962920  -68.510496836    95.3117   5  11   2.3863   1.9618   5.2308   1.0252   2.0979   2.5792   0.00    0.0
2014/06/13 02:08:00.000   63.755962003  -68.510492026    94.7951   5  11   2.3907   1.9602   5.2268   1.0244   2.0913   2.5836   0.00    0.0
2014/06/13 02:08:30.000   63.755963472  -68.510491064    95.2332   5  11   2.3952   1.9586   5.2225   1.0235   2.0843   2.5876   0.00    0.0
2014/06/13 02:09:00.000   63.755961093  -68.510488456    95.3742   5  11   2.3996   1.9569   5.2179   1.0223   2.0771   2.5915   0.00    0.0
2014/06/13 02:09:30.000   63.755964117  -68.510490104    94.1368   5  11   2.4040   1.9551   5.2129   1.0210   2.0695   2.5951   0.00    0.0
2014/06/13 02:10:00.000   63.755958870  -68.510484121    95.1710   5  11   2.4084   1.9533   5.2075   1.0194   2.0617   2.5985   0.00    0.0
2014/06/13 02:10:30.000   63.755961368  -68.510492373    95.5854   5  11   2.4127   1.9514   5.2018   1.0177   2.0536   2.6017   0.00    0.0
2014/06/13 02:11:00.000   63.755961868  -68.510487760    95.0876   5  11   2.4169   1.9495   5.1957   1.0158   2.0452   2.6047   0.00    0.0
2014/06/13 02:11:30.000   63.755962529  -68.510486883    95.1374   5  11   2.4212   1.9475   5.1893   1.0137   2.0365   2.6074   0.00    0.0
2014/06/13 02:12:00.000   63.755963392  -68.510489025    95.4927   5  11   2.4254   1.9455   5.1826   1.0114   2.0275   2.6100   0.00    0.0
2014/06/13 02:12:30.000   63.755962102  -68.510485876    94.8567   5  11   2.4295   1.9434   5.1756   1.0090   2.0183   2.6123   0.00    0.0
2014/06/13 02:13:00.000   63.755961505  -68.510490547    95.3941   5  11   2.4336   1.9413   5.1682   1.0063   2.0087   2.6144   0.00    0.0
2014/06/13 02:13:30.000   63.755964547  -68.510488863    95.6221   5  11   2.4377   1.9392   5.1606   1.0035   1.9989   2.6163   0.00    0.0
2014/06/13 02:14:00.000   63.755962946  -68.510488680    94.9089   5  11   2.4418   1.9370   5.1527   1.0004   1.9888   2.6179   0.00    0.0
2014/06/13 02:14:30.000   63.755964289  -68.510489329    95.3934   5  11   2.4457   1.9348   5.1444   0.9972   1.9785   2.6194   0.00    0.0
2014/06/13 02:15:00.000   63.755965605  -68.510489522    95.2875   5  11   2.4497   1.9325   5.1360   0.9938   1.9679   2.6207   0.00    0.0
2014/06/13 02:15:30.000   63.755966481  -68.510492907    95.1850   5  11   2.4536   1.9303   5.1272   0.9902   1.9570   2.6218   0.00    0.0
2014/06/13 02:16:00.000   63.755967893  -68.510491985    95.0824   5  11   2.4575   1.9280   5.1182   0.9865   1.9459   2.6227   0.00    0.0
2014/06/13 02:16:30.000   63.755968034  -68.510486276    95.3276   5  10   2.5335   2.0174   5.2022   1.1518   1.7756   2.5087   0.00    0.0
2014/06/13 02:17:00.000   63.755963690  -68.510488677    94.0800   5  10   2.5356   2.0139   5.1976   1.1454   1.7599   2.5076   0.00    0.0
2014/06/13 02:17:30.000   63.755967376  -68.510489638    94.2630   5  10   2.5377   2.0104   5.1929   1.1389   1.7440   2.5065   0.00    0.0
2014/06/13 02:18:00.000   63.755967364  -68.510488916    94.1408   5  10   2.5398   2.0069   5.1880   1.1323   1.7278   2.5052   0.00    0.0
2014/06/13 02:18:30.000   63.755964738  -68.510487750    94.3430   5  10   2.5418   2.0034   5.1830   1.1255   1.7114   2.5039   0.00    0.0
2014/06/13 02:19:00.000   63.755966761  -68.510488253    93.6969   5  10   2.5439   2.0000   5.1778   1.1187   1.6947   2.5026   0.00    0.0
2014/06/13 02:19:30.000   63.755966068  -68.510488288    94.2856   5  10   2.5459   1.9966   5.1726   1.1117   1.6778   2.5011   0.00    0.0
2014/06/13 02:20:00.000   63.755965134  -68.510488393    94.2507   5  10   2.5479   1.9932   5.1671   1.1046   1.6606   2.4996   0.00    0.0
2014/06/13 02:20:30.000   63.755968837  -68.510486411    93.6677   5  10   2.5499   1.9898   5.1616   1.0974   1.6432   2.4980   0.00    0.0
2014/06/13 02:21:00.000   63.755966717  -68.510484908    94.7183   5  10   2.5520   1.9865   5.1560   1.0901   1.6255   2.4964   0.00    0.0
2014/06/13 02:21:30.000   63.755967741  -68.510491408    93.6016   5  10   2.5540   1.9832   5.1502   1.0827   1.6076   2.4947   0.00    0.0
2014/06/13 02:22:00.000   63.755967784  -68.510489493    93.4368   5  10   2.5560   1.9799   5.1444   1.0751   1.5894   2.4929   0.00    0.0
2014/06/13 02:22:30.000   63.755968550  -68.510490785    94.7023   5  10   2.5580   1.9767   5.1384   1.0674   1.5709   2.4911   0.00    0.0
2014/06/13 02:23:00.000   63.755968099  -68.510489365    94.2777   5  10   2.5599   1.9735   5.1324   1.0596   1.5522   2.4893   0.00    0.0
2014/06/13 02:23:30.000   63.755967474  -68.510491565    93.9075   5  10   2.5619   1.9703   5.1263   1.0517   1.5332   2.4874   0.00    0.0
2014/06/13 02:24:00.000   63.755968792  -68.510491514    93.9489   5  10   2.5639   1.9672   5.1201   1.0437   1.5139   2.4855   0.00    0.0
2014/06/13 02:24:30.000   63.755964059  -68.510485998    94.4160   5  10   2.5659   1.9641   5.1139   1.0355   1.4943   2.4835   0.00    0.0
2014/06/13 02:25:00.000   63.755965544  -68.510489369    93.8508   5  10   2.5679   1.9610   5.1076   1.0272   1.4745   2.4815   0.00    0.0
2014/06/13 02:25:30.000   63.755969029  -68.510488390    94.3012   5  10   2.5699   1.9580   5.1012   1.0188   1.4543   2.4795   0.00    0.0
2014/06/13 02:26:00.000   63.755964312  -68.510485772    94.1009   5  10   2.5719   1.9550   5.0948   1.0103   1.4339   2.4775   0.00    0.0
2014/06/13 02:26:30.000   63.755962941  -68.510486737    93.5288   5  10   2.5739   1.9521   5.0883   1.0017   1.4131   2.4754   0.00    0.0
2014/06/13 02:27:00.000   63.755964128  -68.510484982    94.0773   5  10   2.5759   1.9492   5.0818   0.9929   1.3921   2.4733   0.00    0.0
2014/06/13 02:27:30.000   63.755965580  -68.510488714    93.9933   5  10   2.5779   1.9464   5.0753   0.9840   1.3707   2.4713   0.00    0.0
2014/06/13 02:28:00.000   63.755966448  -68.510491670    93.7303   5  10   2.5799   1.9436   5.0688   0.9750   1.3489   2.4692   0.00    0.0
2014/06/13 02:28:30.000   63.755961915  -68.510489269    93.8139   5  10   2.5819   1.9409   5.0622   0.9658   1.3268   2.4671   0.00    0.0
2014/06/13 02:29:00.000   63.755963607  -68.510489109    94.3741   5   9   3.4876   1.9571   7.0242   0.5272   0.6127   4.1832   0.00    0.0
2014/06/13 02:29:30.000   63.755964066  -68.510491097    94.8077   5   9   3.5046   1.9557   7.0547   0.4846   0.5130   4.2096   0.00    0.0
2014/06/13 02:30:00.000   63.755965902  -68.510492842    93.6641   5   9   3.5215   1.9543   7.0852   0.4368   0.3862   4.2358   0.00    0.0
2014/06/13 02:30:30.000   63.755960955  -68.510487596    93.0990   5   9   3.5384   1.9531   7.1155   0.3817   0.1823   4.2620   0.00    0.0
2014/06/13 02:31:00.000   63.755957826  -68.510489756    93.7768   5   9   3.5553   1.9520   7.1456   0.3156  -0.2907   4.2880   0.00    0.0
2014/06/13 02:31:30.000   63.755963508  -68.510490559    93.8287   5   9   3.5721   1.9510   7.1755   0.2291  -0.4517   4.3139   0.00    0.0
2014/06/13 02:32:00.000   63.755958469  -68.510486709    93.3229   5   9   3.5889   1.9502   7.2053   0.0666  -0.5704   4.3396   0.00    0.0
2014/06/13 02:32:30.000   63.755958986  -68.510493191    94.1411   5   9   3.6056   1.9495   7.2347  -0.2112  -0.6696   4.3651   0.00    0.0
2014/06/13 02:33:00.000   63.755954931  -68.510496186    93.7829   5   9   3.6222   1.9489   7.2639  -0.3076  -0.7571   4.3903   0.00    0.0
2014/06/13 02:33:30.000   63.755962250  -68.510490305    93.2258   5   9   3.6387   1.9485   7.2928  -0.3815  -0.8364   4.4153   0.00    0.0
2014/06/13 02:34:00.000   63.755962361  -68.510494364    92.8602   5   9   3.6551   1.9482   7.3213  -0.4443  -0.9098   4.4401   0.00    0.0
2014/06/13 02:34:30.000   63.755953271  -68.510488854    92.8545   5   9   3.6714   1.9481   7.3495  -0.5002  -0.9784   4.4646   0.00    0.0
2014/06/13 02:35:00.000   63.755956837  -68.510496562    93.3612   5   9   3.6875   1.9482   7.3773  -0.5512  -1.0433   4.4887   0.00    0.0
2014/06/13 02:35:30.000   63.755957585  -68.510491498    93.2107   5   9   3.7035   1.9484   7.4046  -0.5986  -1.1050   4.5125   0.00    0.0
2014/06/13 02:36:00.000   63.755958769  -68.510492323    92.7721   5   9   3.7193   1.9487   7.4315  -0.6431  -1.1640   4.5360   0.00    0.0
2014/06/13 02:36:30.000   63.755963404  -68.510495137    93.8211   5   9   3.7349   1.9492   7.4579  -0.6853  -1.2208   4.5591   0.00    0.0
2014/06/13 02:37:00.000   63.755959600  -68.510488535    92.8045   5   9   3.7503   1.9499   7.4837  -0.7256  -1.2755   4.5817   0.00    0.0
2014/06/13 02:37:30.000   63.755957739  -68.510491973    93.0399   5   9   3.7655   1.9508   7.5090  -0.7643  -1.3283   4.6039   0.00    0.0
2014/06/13 02:38:00.000   63.755957099  -68.510493189    92.1950   5   9   3.7805   1.9517   7.5337  -0.8015  -1.3796   4.6257   0.00    0.0
2014/06/13 02:38:30.000   63.755956431  -68.510491277    92.1021   5   9   3.7951   1.9529   7.5577  -0.8374  -1.4293   4.6469   0.00    0.0
2014/06/13 02:39:00.000   63.755960253  -68.510491731    92.4807   5   9   3.8095   1.9542   7.5811  -0.8722  -1.4776   4.6676   0.00    0.0
2014/06/13 02:39:30.000   63.755954150  -68.510493270    92.2231   5   9   3.8236   1.9557   7.6037  -0.9059  -1.5247   4.6878   0.00    0.0
2014/06/13 02:40:00.000   63.755953339  -68.510491620    92.8699   5   9   3.8374   1.9573   7.6256  -0.9387  -1.5705   4.7074   0.00    0.0
2014/06/13 02:40:30.000   63.755964081  -68.510493398    93.2116   5   9   3.8509   1.9591   7.6468  -0.9706  -1.6152   4.7264   0.00    0.0
2014/06/13 02:41:00.000   63.755956264  -68.510496277    92.6457   5   9   3.8640   1.9610   7.6671  -1.0016  -1.6589   4.7448   0.00    0.0
2014/06/13 02:41:30.000   63.755956122  -68.510494509    92.8301   5   9   3.8768   1.9631   7.6866  -1.0319  -1.7015   4.7626   0.00    0.0
2014/06/13 02:42:00.000   63.755960122  -68.510494211    92.8176   5   9   3.8892   1.9654   7.7052  -1.0614  -1.7430   4.7796   0.00    0.0
2014/06/13 02:42:30.000   63.755954134  -68.510488354    92.7623   5   9   3.9012   1.9678   7.7229  -1.0902  -1.7837   4.7960   0.00    0.0
2014/06/13 02:43:00.000   63.755965558  -68.510487255    93.8386   5  10   2.4816   1.9686   4.9227  -1.0013  -1.6837   2.2550   0.00    0.0
2014/06/13 02:43:30.000   63.755960283  -68.510491544    93.4390   5  10   2.4850   1.9707   4.9361  -1.0125  -1.7032   2.2650   0.00    0.0
2014/06/13 02:44:00.000   63.755959782  -68.510490563    94.5173   5  10   2.4884   1.9729   4.9496  -1.0237  -1.7226   2.2751   0.00    0.0
2014/06/13 02:44:30.000   63.755964434  -68.510493886    94.5995   5  10   2.4920   1.9751   4.9633  -1.0349  -1.7418   2.2855   0.00    0.0
2014/06/13 02:45:00.000   63.755963315  -68.510488040    93.9660   5  10   2.4956   1.9774   4.9773  -1.0460  -1.7609   2.2961   0.00    0.0
2014/06/13 02:45:30.000   63.755962388  -68.510491569    94.2462   5  10   2.4993   1.9798   4.9914  -1.0570  -1.7799   2.3068   0.00    0.0
2014/06/13 02:46:00.000   63.755968054  -68.510496955    93.9956   5  10   2.5030   1.9822   5.0057  -1.0680  -1.7988   2.3178   0.00    0.0
2014/06/13 02:46:30.000   63.755963803  -68.510484979    93.8625   5  10   2.5069   1.9846   5.0203  -1.0790  -1.8176   2.3289   0.00    0.0
2014/06/13 02:47:00.000   63.755963790  -68.510491563    94.8598   5  10   2.5108   1.9872   5.0349  -1.0900  -1.8362   2.3402   0.00    0.0
2014/06/13 02:47:30.000   63.755964722  -68.510488244    93.8392   5  10   2.5149   1.9898   5.0498  -1.1009  -1.8547   2.3517   0.00    0.0
2014/06/13 02:48:00.000   63.755967618  -68.510494870    93.9094   5  10   2.5190   1.9924   5.0648  -1.1117  -1.8731   2.3634   0.00    0.0
2014/06/13 02:48:30.000   63.755966398  -68.510488236    94.1295   5  10   2.5231   1.9951   5.0799  -1.1225  -1.8914   2.3752   0.00    0.0
2014/06/13 02:49:00.000   63.755967506  -68.510492422    93.9179   5  10   2.5274   1.9979   5.0952  -1.1333  -1.9096   2.3872   0.00    0.0
2014/06/13 02:49:30.000   63.755963270  -68.510488237    93.7907   5  10   2.5318   2.0007   5.1107  -1.1441  -1.9276   2.3993   0.00    0.0
2014/06/13 02:50:00.000   63.755961303  -68.510487644    93.8597   5  10   2.5362   2.0035   5.1262  -1.1548  -1.9456   2.4115   0.00    0.0
2014/06/13 02:50:30.000   63.755963844  -68.510491498    93.7988   5  10   2.5407   2.0064   5.1419  -1.1655  -1.9634   2.4239   0.00    0.0
2014/06/13 02:51:00.000   63.755959538  -68.510486751    93.9208   5  10   2.5453   2.0094   5.1576  -1.1762  -1.9811   2.4365   0.00    0.0
2014/06/13 02:51:30.000   63.755969013  -68.510491447    94.3144   5  10   2.5499   2.0124   5.1735  -1.1868  -1.9987   2.4491   0.00    0.0
2014/06/13 02:52:00.000   63.755965081  -68.510493735    94.4932   5  10   2.5546   2.0154   5.1895  -1.1974  -2.0162   2.4619   0.00    0.0
2014/06/13 02:52:30.000   63.755964671  -68.510497242    94.5662   5  10   2.5594   2.0185   5.2055  -1.2079  -2.0336   2.4747   0.00    0.0
2014/06/13 02:53:00.000   63.755961151  -68.510488193    94.4549   5  10   2.5643   2.0216   5.2216  -1.2184  -2.0508   2.4877   0.00    0.0
2014/06/13 02:53:30.000   63.755969760  -68.510492180    94.3535   5  10   2.5692   2.0248   5.2377  -1.2289  -2.0680   2.5007   0.00    0.0
2014/06/13 02:54:00.000   63.755966654  -68.510495187    94.6277   5  10   2.5742   2.0280   5.2539  -1.2393  -2.0850   2.5139   0.00    0.0
2014/06/13 02:54:30.000   63.755965054  -68.510489794    94.0972   5  10   2.5792   2.0312   5.2701  -1.2497  -2.1019   2.5271   0.00    0.0
2014/06/13 02:55:00.000   63.755961612  -68.510491143    94.0359   5  10   2.5843   2.0345   5.2864  -1.2601  -2.1186   2.5403   0.00    0.0
2014/06/13 02:55:30.000   63.755960906  -68.510493374    94.6103   5  10   2.5895   2.0378   5.3026  -1.2704  -2.1352   2.5537   0.00    0.0
2014/06/13 02:56:00.000   63.755958303  -68.510494682    93.1752   5  11   2.4965   1.9684   5.2653  -1.1216  -2.2442   2.6687   0.00    0.0
2014/06/13 02:56:30.000   63.755958564  -68.510498216    94.0758   5  10   2.7838   1.9729   5.3493  -1.1826  -2.2390   2.4838   0.00    0.0
2014/06/13 02:57:00.000   63.755959113  -68.510500360    94.3922   5  10   2.7842   1.9749   5.3702  -1.1903  -2.2516   2.4942   0.00    0.0
2014/06/13 02:57:30.000   63.755959172  -68.510494377    93.6185   5  10   2.7845   1.9769   5.3911  -1.1980  -2.2640   2.5045   0.00    0.0
2014/06/13 02:58:00.000   63.755958456  -68.510497931    92.8825   5  10   2.7848   1.9789   5.4117  -1.2054  -2.2761   2.5145   0.00    0.0
2014/06/13 02:58:30.000   63.755958286  -68.510488326    93.6951   5  10   2.7851   1.9808   5.4322  -1.2126  -2.2880   2.5244   0.00    0.0
2014/06/13 02:59:00.000   63.755962636  -68.510492350    92.6026   5  10   2.7854   1.9826   5.4526  -1.2197  -2.2997   2.5341   0.00    0.0
2014/06/13 02:59:30.000   63.755961407  -68.510496757    93.7979   5  10   2.7857   1.9844   5.4727  -1.2265  -2.3111   2.5436   0.00    0.0
2014/06/13 03:00:00.000   63.755958086  -68.510498984    93.9050   5  10   2.7836   1.8742   5.3629  -1.2026  -2.1478   2.5265   0.00    0.0
2014/06/13 03:00:30.000   63.755956908  -68.510502715    93.9215   5  10   2.7839   1.8766   5.3836  -1.2103  -2.1605   2.5366   0.00    0.0
2014/06/13 03:01:00.000   63.755958618  -68.510497956    93.1342   5  10   2.7842   1.8789   5.4041  -1.2178  -2.1729   2.5465   0.00    0.0
2014/06/13 03:01:30.000   63.755960371  -68.510495921    93.1867   5  10   2.7845   1.8812   5.4244  -1.2251  -2.1851   2.5561   0.00    0.0
2014/06/13 03:02:00.000   63.755961173  -68.510499004    93.5748   5  10   2.7847   1.8835   5.4443  -1.2322  -2.1970   2.5656   0.00    0.0
2014/06/13 03:02:30.000   63.755957815  -68.510498777    93.0286   5  10   2.7848   1.8857   5.4640  -1.2392  -2.2086   2.5747   0.00    0.0
2014/06/13 03:03:00.000   63.755960411  -68.510502387    93.0505   5  10   2.7849   1.8879   5.4834  -1.2459  -2.2199   2.5836   0.00    0.0
2014/06/13 03:03:30.000   63.755956944  -68.510491812    92.6409   5  10   2.7850   1.8900   5.5024  -1.2523  -2.2310   2.5922   0.00    0.0
2014/06/13 03:04:00.000   63.755959523  -68.510500842    93.5436   5  10   2.7849   1.8920   5.5211  -1.2586  -2.2417   2.6006   0.00    0.0
2014/06/13 03:04:30.000   63.755957678  -68.510493531    92.2452   5  10   2.7849   1.8940   5.5393  -1.2647  -2.2521   2.6086   0.00    0.0
2014/06/13 03:05:00.000   63.755955776  -68.510498864    93.3653   5  10   2.7847   1.8959   5.5572  -1.2705  -2.2621   2.6163   0.00    0.0
2014/06/13 03:05:30.000   63.755962385  -68.510500501    93.6457   5  10   2.7845   1.8977   5.5746  -1.2761  -2.2718   2.6237   0.00    0.0
2014/06/13 03:06:00.000   63.755959676  -68.510495961    93.5884   5  10   2.7841   1.8995   5.5916  -1.2814  -2.2812   2.6307   0.00    0.0
2014/06/13 03:06:30.000   63.755956368  -68.510494287    92.2442   5  10   2.7837   1.9012   5.6081  -1.2866  -2.2902   2.6374   0.00    0.0
2014/06/13 03:07:00.000   63.755960378  -68.510495591    92.5401   5  10   2.7832   1.9028   5.6240  -1.2915  -2.2988   2.6437   0.00    0.0
2014/06/13 03:07:30.000   63.755957061  -68.510497894    92.5570   5  10   2.7827   1.9043   5.6395  -1.2961  -2.3070   2.6497   0.00    0.0
2014/06/13 03:08:00.000   63.755955557  -68.510499337    92.9971   5  10   2.7820   1.9057   5.6544  -1.3005  -2.3149   2.6552   0.00    0.0
2014/06/13 03:08:30.000   63.755956046  -68.510490111    91.8559   5  10   2.7812   1.9071   5.6687  -1.3047  -2.3223   2.6604   0.00    0.0
2014/06/13 03:09:00.000   63.755959401  -68.510494829    92.4796   5  10   2.7804   1.9083   5.6825  -1.3086  -2.3294   2.6651   0.00    0.0
2014/06/13 03:09:30.000   63.755954507  -68.510489191    91.7216   5  10   2.7794   1.9094   5.6956  -1.3122  -2.3360   2.6694   0.00    0.0
2014/06/13 03:10:00.000   63.755959515  -68.510492514    92.6236   5  10   2.7784   1.9105   5.7083  -1.3156  -2.3421   2.6735   0.00    0.0
2014/06/13 03:10:30.000   63.755954883  -68.510494020    92.3656   5  10   2.7774   1.9114   5.7203  -1.3186  -2.3478   2.6773   0.00    0.0
2014/06/13 03:11:00.000   63.755962085  -68.510501052    92.9215   5  10   2.7762   1.9122   5.7317  -1.3214  -2.3530   2.6805   0.00    0.0
2014/06/13 03:11:30.000   63.755956743  -68.510490146    92.7452   5  10   2.7749   1.9129   5.7425  -1.3240  -2.3577   2.6834   0.00    0.0
2014/06/13 03:12:00.000   63.755954885  -68.510496010    92.7693   5  10   2.7736   1.9135   5.7526  -1.3263  -2.3621   2.6858   0.00    0.0
2014/06/13 03:12:30.000   63.755960572  -68.510487654    92.9765   5  10   2.7721   1.9140   5.7620  -1.3283  -2.3659   2.6877   0.00    0.0
2014/06/13 03:13:00.000   63.755959174  -68.510494383    92.3412   5  10   2.7705   1.9143   5.7706  -1.3300  -2.3693   2.6892   0.00    0.0
2014/06/13 03:13:30.000   63.755956995  -68.510490120    92.5184   5  10   2.7688   1.9145   5.7786  -1.3315  -2.3722   2.6903   0.00    0.0
2014/06/13 03:14:00.000   63.755959098  -68.510504310    93.3502   5  10   2.7670   1.9146   5.7858  -1.3328  -2.3746   2.6908   0.00    0.0
2014/06/13 03:14:30.000   63.755954902  -68.510495906    92.7186   5  10   2.7651   1.9146   5.7922  -1.3337  -2.3766   2.6910   0.00    0.0
2014/06/13 03:15:00.000   63.755958211  -68.510491066    92.2428   5  10   2.7630   1.9145   5.7980  -1.3344  -2.3780   2.6906   0.00    0.0
2014/06/13 03:15:30.000   63.755957889  -68.510495566    92.5921   5  10   2.7609   1.9142   5.8029  -1.3348  -2.3790   2.6898   0.00    0.0
2014/06/13 03:16:00.000   63.755956594  -68.510495223    92.4488   5  10   2.7586   1.9138   5.8071  -1.3350  -2.3795   2.6885   0.00    0.0
2014/06/13 03:16:30.000   63.755958144  -68.510493821    92.9245   5  10   2.7563   1.9133   5.8105  -1.3349  -2.3794   2.6867   0.00    0.0
2014/06/13 03:17:00.000   63.755961275  -68.510498212    92.0241   5  10   2.7538   1.9126   5.8132  -1.3346  -2.3789   2.6844   0.00    0.0
2014/06/13 03:17:30.000   63.755954507  -68.510492143    93.1135   5  10   2.7513   1.9119   5.8151  -1.3340  -2.3779   2.6817   0.00    0.0
2014/06/13 03:18:00.000   63.755958741  -68.510495367    92.6194   5  10   2.7486   1.9110   5.8162  -1.3331  -2.3764   2.6785   0.00    0.0
2014/06/13 03:18:30.000   63.755958178  -68.510493608    92.4993   5  10   2.7458   1.9100   5.8165  -1.3320  -2.3744   2.6749   0.00    0.0
2014/06/13 03:19:00.000   63.755961753  -68.510496839    92.1798   5  10   2.7429   1.9088   5.8160  -1.3306  -2.3720   2.6708   0.00    0.0
2014/06/13 03:19:30.000   63.755957412  -68.510497712    91.8916   5  10   2.7400   1.9076   5.8148  -1.3290  -2.3690   2.6662   0.00    0.0
2014/06/13 03:20:00.000   63.755955080  -68.510499331    91.8274   5  10   2.7369   1.9062   5.8128  -1.3271  -2.3656   2.6612   0.00    0.0
2014/06/13 03:20:30.000   63.755954760  -68.510490284    91.7845   5  10   2.7337   1.9047   5.8100  -1.3250  -2.3617   2.6557   0.00    0.0
2014/06/13 03:21:00.000   63.755959014  -68.510497371    92.8815   5  10   2.7305   1.9031   5.8065  -1.3227  -2.3573   2.6498   0.00    0.0
2014/06/13 03:21:30.000   63.755958879  -68.510491277    91.6244   5  10   2.7272   1.9014   5.8023  -1.3201  -2.3524   2.6435   0.00    0.0
2014/06/13 03:22:00.000   63.755954214  -68.510493629    91.8512   5  10   2.7238   1.8996   5.7973  -1.3173  -2.3471   2.6367   0.00    0.0
2014/06/13 03:22:30.000   63.755954582  -68.510494982    91.0764   5  10   2.7203   1.8977   5.7916  -1.3143  -2.3413   2.6295   0.00    0.0
2014/06/13 03:23:00.000   63.755953687  -68.510489189    90.5402   5  10   2.7167   1.8957   5.7851  -1.3111  -2.3350   2.6219   0.00    0.0
2014/06/13 03:23:30.000   63.755958406  -68.510491105    91.5910   5  10   2.7131   1.8935   5.7780  -1.3076  -2.3284   2.6140   0.00    0.0
2014/06/13 03:24:00.000   63.755955097  -68.510492296    91.7145   5  10   2.7094   1.8913   5.7702  -1.3040  -2.3213   2.6056   0.00    0.0
2014/06/13 03:24:30.000   63.755955474  -68.510495338    91.6514   5  10   2.7056   1.8890   5.7617  -1.3002  -2.3137   2.5968   0.00    0.0
2014/06/13 03:25:00.000   63.755962460  -68.510491577    91.7788   5  10   2.7018   1.8867   5.7525  -1.2961  -2.3057   2.5877   0.00    0.0
2014/06/13 03:25:30.000   63.755960428  -68.510487214    91.3226   5  10   2.6979   1.8842   5.7427  -1.2919  -2.2974   2.5782   0.00    0.0
2014/06/13 03:26:00.000   63.755955791  -68.510493646    90.6503   5  10   2.6940   1.8816   5.7323  -1.2875  -2.2886   2.5684   0.00    0.0
2014/06/13 03:26:30.000   63.755958325  -68.510490473    91.1749   5  10   2.6900   1.8790   5.7213  -1.2829  -2.2794   2.5583   0.00    0.0
2014/06/13 03:27:00.000   63.755957732  -68.510491326    91.7109   5  10   2.6860   1.8763   5.7096  -1.2782  -2.2699   2.5478   0.00    0.0
2014/06/13 03:27:30.000   63.755959394  -68.510493072    91.8033   5  10   2.6820   1.8736   5.6975  -1.2733  -2.2599   2.5370   0.00    0.0
2014/06/13 03:28:00.000   63.755960718  -68.510491577    91.1245   5  10   2.6779   1.8708   5.6847  -1.2682  -2.2497   2.5260   0.00    0.0
2014/06/13 03:28:30.000   63.755960579  -68.510495515    91.8072   5  10   2.6738   1.8679   5.6715  -1.2630  -2.2390   2.5146   0.00    0.0
2014/06/13 03:29:00.000   63.755960986  -68.510493573    91.8605   5  10   2.6697   1.8650   5.6577  -1.2576  -2.2280   2.5030   0.00    0.0
2014/06/13 03:29:30.000   63.755958535  -68.510499257    91.7691   5  10   2.6655   1.8620   5.6434  -1.2522  -2.2167   2.4912   0.00    0.0
2014/06/13 03:30:00.000   63.755956056  -68.510496141    91.3644   5  10   2.6614   1.8590   5.6287  -1.2465  -2.2051   2.4791   0.00    0.0
2014/06/13 03:30:30.000   63.755963237  -68.510499599    93.0327   5  10   2.6573   1.8560   5.6135  -1.2408  -2.1931   2.4668   0.00    0.0
2014/06/13 03:31:00.000   63.755960379  -68.510494962    92.0933   5  10   2.6532   1.8529   5.5979  -1.2349  -2.1809   2.4543   0.00    0.0
2014/06/13 03:31:30.000   63.755960490  -68.510495230    91.7375   5  10   2.6491   1.8498   5.5820  -1.2289  -2.1683   2.4416   0.00    0.0
2014/06/13 03:32:00.000   63.755957073  -68.510501126    91.4374   5   9   3.1103   1.8535   6.8565  -1.1118  -2.0030   3.5287   0.00    0.0
2014/06/13 03:32:30.000   63.755956342  -68.510503482    92.1700   5   9   3.1063   1.8504   6.8463  -1.1039  -1.9872   3.5205   0.00    0.0
2014/06/13 03:33:00.000   63.755956536  -68.510505238    92.6275   5   9   3.1021   1.8474   6.8350  -1.0958  -1.9708   3.5117   0.00    0.0
2014/06/13 03:33:30.000   63.755956951  -68.510507381    92.3010   5   9   3.0977   1.8445   6.8226  -1.0875  -1.9541   3.5022   0.00    0.0
2014/06/13 03:34:00.000   63.755957591  -68.510498718    91.4044   5   9   3.0930   1.8415   6.8091  -1.0789  -1.9368   3.4920   0.00    0.0
2014/06/13 03:34:30.000   63.755960026  -68.510505204    91.9593   5   9   3.0881   1.8385   6.7946  -1.0700  -1.9191   3.4811   0.00    0.0
2014/06/13 03:35:00.000   63.755957343  -68.510500543    92.1833   5   9   3.0831   1.8356   6.7790  -1.0610  -1.9009   3.4697   0.00    0.0
2014/06/13 03:35:30.000   63.755960873  -68.510501909    92.2613   5   9   3.0778   1.8327   6.7625  -1.0517  -1.8823   3.4576   0.00    0.0
2014/06/13 03:36:00.000   63.755960628  -68.510504185    92.4854   5   9   3.0724   1.8298   6.7450  -1.0422  -1.8632   3.4449   0.00    0.0
2014/06/13 03:36:30.000   63.755960499  -68.510510812    92.7246   5   9   3.0667   1.8270   6.7266  -1.0325  -1.8438   3.4317   0.00    0.0
2014/06/13 03:37:00.000   63.755960207  -68.510502559    91.8630   5   9   3.0610   1.8242   6.7073  -1.0227  -1.8240   3.4179   0.00    0.0
2014/06/13 03:37:30.000   63.755964499  -68.510499727    91.0343   5   9   3.0550   1.8215   6.6871  -1.0126  -1.8037   3.4036   0.00    0.0
2014/06/13 03:38:00.000   63.755964259  -68.510496940    92.0647   5   9   3.0489   1.8188   6.6661  -1.0024  -1.7832   3.3887   0.00    0.0
2014/06/13 03:38:30.000   63.755959316  -68.510500532    92.5793   5   9   3.0427   1.8161   6.6443  -0.9921  -1.7622   3.3734   0.00    0.0
2014/06/13 03:39:00.000   63.755961670  -68.510500740    92.2814   5   9   3.0364   1.8135   6.6218  -0.9816  -1.7410   3.3577   0.00    0.0
2014/06/13 03:39:30.000   63.755963660  -68.510504814    92.7182   5   9   3.0299   1.8110   6.5985  -0.9710  -1.7194   3.3415   0.00    0.0
2014/06/13 03:40:00.000   63.755960497  -68.510499740    92.4349   5   9   3.0233   1.8085   6.5745  -0.9602  -1.6974   3.3248   0.00    0.0
2014/06/13 03:40:30.000   63.755962900  -68.510503942    92.5842   5   9   3.0167   1.8061   6.5499  -0.9493  -1.6752   3.3078   0.00    0.0
2014/06/13 03:41:00.000   63.755962487  -68.510501442    92.5953   5   9   3.0099   1.8037   6.5247  -0.9383  -1.6527   3.2904   0.00    0.0
2014/06/13 03:41:30.000   63.755960192  -68.510499587    91.5980   5   9   3.0031   1.8015   6.4989  -0.9272  -1.6299   3.2727   0.00    0.0
2014/06/13 03:42:00.000   63.755961615  -68.510500536    92.8200   5   9   2.9962   1.7992   6.4726  -0.9160  -1.6068   3.2546   0.00    0.0
2014/06/13 03:42:30.000   63.755962401  -68.510507444    92.8384   5   9   2.9892   1.7971   6.4457  -0.9048  -1.5835   3.2362   0.00    0.0
2014/06/13 03:43:00.000   63.755965378  -68.510506910    93.3253   5   9   2.9822   1.7950   6.4184  -0.8934  -1.5599   3.2175   0.00    0.0
2014/06/13 03:43:30.000   63.755963596  -68.510503279    92.8792   5   9   2.9752   1.7930   6.3907  -0.8820  -1.5361   3.1986   0.00    0.0
2014/06/13 03:44:00.000   63.755965128  -68.510501049    91.5530   5   9   2.9681   1.7911   6.3625  -0.8706  -1.5120   3.1794   0.00    0.0
2014/06/13 03:44:30.000   63.755966051  -68.510498766    92.3246   5   9   2.9610   1.7892   6.3340  -0.8590  -1.4877   3.1600   0.00    0.0
2014/06/13 03:45:00.000   63.755963149  -68.510501441    92.0360   5   9   2.9539   1.7875   6.3051  -0.8475  -1.4632   3.1404   0.00    0.0
2014/06/13 03:45:30.000   63.755963450  -68.510498662    91.9801   5   9   2.9467   1.7858   6.2759  -0.8358  -1.4384   3.1206   0.00    0.0
2014/06/13 03:46:00.000   63.755961687  -68.510501423    92.3681   5   9   2.9396   1.7842   6.2464  -0.8242  -1.4135   3.1006   0.00    0.0
2014/06/13 03:46:30.000   63.755956082  -68.510504645    92.1700   5   9   2.9325   1.7827   6.2167  -0.8125  -1.3883   3.0804   0.00    0.0
2014/06/13 03:47:00.000   63.755961202  -68.510503084    91.9673   5   9   2.9254   1.7812   6.1868  -0.8008  -1.3629   3.0602   0.00    0.0
2014/06/13 03:47:30.000   63.755961458  -68.510506956    92.1724   5   9   2.9183   1.7798   6.1566  -0.7891  -1.3373   3.0398   0.00    0.0
2014/06/13 03:48:00.000   63.755955510  -68.510499842    92.0454   5   9   2.9113   1.7786   6.1263  -0.7774  -1.3115   3.0193   0.00    0.0
2014/06/13 03:48:30.000   63.755959912  -68.510499208    92.2982   5   9   2.9042   1.7774   6.0959  -0.7657  -1.2855   2.9987   0.00    0.0
2014/06/13 03:49:00.000   63.755959664  -68.510501797    92.3248   5   9   2.8972   1.7762   6.0654  -0.7539  -1.2593   2.9781   0.00    0.0
2014/06/13 03:49:30.000   63.755962712  -68.510500237    92.2858   5   9   2.8903   1.7752   6.0347  -0.7422  -1.2328   2.9574   0.00    0.0
2014/06/13 03:50:00.000   63.755962469  -68.510502689    91.5859   5   9   2.8834   1.7743   6.0040  -0.7305  -1.2061   2.9366   0.00    0.0
2014/06/13 03:50:30.000   63.755965036  -68.510500073    91.6233   5   9   2.8766   1.7734   5.9733  -0.7188  -1.1792   2.9159   0.00    0.0
2014/06/13 03:51:00.000   63.755959684  -68.510501064    91.4996   5   9   2.8698   1.7726   5.9425  -0.7071  -1.1520   2.8951   0.00    0.0
2014/06/13 03:51:30.000   63.755959365  -68.510503659    92.3865   5   9   2.8631   1.7719   5.9118  -0.6954  -1.1246   2.8743   0.00    0.0
2014/06/13 03:52:00.000   63.755962639  -68.510501870    91.9333   5   9   2.8565   1.7713   5.8810  -0.6837  -1.0969   2.8535   0.00    0.0
2014/06/13 03:52:30.000   63.755963572  -68.510506582    92.3515   5   9   2.8499   1.7707   5.8503  -0.6720  -1.0689   2.8328   0.00    0.0
2014/06/13 03:53:00.000   63.755963333  -68.510496590    92.4213   5   9   2.8434   1.7703   5.8197  -0.6604  -1.0406   2.8120   0.00    0.0
2014/06/13 03:53:30.000   63.755958854  -68.510497633    91.9513   5   9   2.8370   1.7699   5.7891  -0.6487  -1.0120   2.7914   0.00    0.0
2014/06/13 03:54:00.000   63.755961734  -68.510494769    92.0566   5   9   2.8307   1.7696   5.7587  -0.6371  -0.9830   2.7707   0.00    0.0
2014/06/13 03:54:30.000   63.755958079  -68.510497463    91.6113   5   9   2.8245   1.7694   5.7283  -0.6255  -0.9536   2.7502   0.00    0.0
2014/06/13 03:55:00.000   63.755956338  -68.510500358    92.2011   5   9   2.8183   1.7693   5.6981  -0.6140  -0.9237   2.7297   0.00    0.0
2014/06/13 03:55:30.000   63.755965770  -68.510496297    91.3087   5   8   3.2298   1.8123   6.1165   0.5112  -1.3045   1.9204   0.00    0.0
2014/06/13 03:56:00.000   63.755963104  -68.510491886    90.4174   5   8   3.2252   1.8110   6.0867   0.5150  -1.2769   1.8933   0.00    0.0
2014/06/13 03:56:30.000   63.755963725  -68.510494208    90.7140   5   8   3.2207   1.8097   6.0570   0.5186  -1.2491   1.8661   0.00    0.0
2014/06/13 03:57:00.000   63.755968645  -68.510495661    91.4033   5   8   3.2162   1.8085   6.0273   0.5219  -1.2211   1.8391   0.00    0.0
2014/06/13 03:57:30.000   63.755965247  -68.510495716    91.1196   5   8   3.2118   1.8075   5.9978   0.5248  -1.1928   1.8122   0.00    0.0
2014/06/13 03:58:00.000   63.755970559  -68.510496049    91.5440   5   8   3.2074   1.8065   5.9685   0.5275  -1.1642   1.7853   0.00    0.0
2014/06/13 03:58:30.000   63.755969267  -68.510497253    91.1069   5   8   3.2031   1.8057   5.9393   0.5299  -1.1353   1.7586   0.00    0.0
2014/06/13 03:59:00.000   63.755967474  -68.510497509    91.7373   5   8   3.1988   1.8049   5.9102   0.5320  -1.1062   1.7320   0.00    0.0
2014/06/13 03:59:30.000   63.755963600  -68.510486872    92.8545   5   8   3.1946   1.8042   5.8813   0.5339  -1.0766   1.7055   0.00    0.0
2014/06/13 04:00:00.000   63.755971056  -68.510491070    92.1595   5   8   3.4685   1.8572   5.8751   0.9431  -1.1504   1.4558   0.00    0.0
2014/06/13 04:00:30.000   63.755968183  -68.510493673    90.5394   5   8   3.4666   1.8561   5.8466   0.9429  -1.1219   1.4251   0.00    0.0
2014/06/13 04:01:00.000   63.755969981  -68.510491469    90.4972   5   8   3.4648   1.8550   5.8183   0.9425  -1.0932   1.3944   0.00    0.0
2014/06/13 04:01:30.000   63.755967160  -68.510490164    90.1648   5   8   3.4630   1.8541   5.7902   0.9420  -1.0642   1.3636   0.00    0.0
2014/06/13 04:02:00.000   63.755963946  -68.510497125    89.7127   5   8   3.4613   1.8532   5.7623   0.9413  -1.0348   1.3326   0.00    0.0
2014/06/13 04:02:30.000   63.755969220  -68.510490112    91.8719   5   8   3.4595   1.8525   5.7347   0.9405  -1.0050   1.3016   0.00    0.0
2014/06/13 04:03:00.000   63.755969317  -68.510492064    92.7653   5   8   3.4578   1.8518   5.7073   0.9395  -0.9748   1.2706   0.00    0.0
2014/06/13 04:03:30.000   63.755970942  -68.510489687    92.4911   5   8   3.4561   1.8512   5.6801   0.9384  -0.9441   1.2394   0.00    0.0
2014/06/13 04:04:00.000   63.755969788  -68.510496744    91.9358   5   8   3.4544   1.8508   5.6532   0.9371  -0.9128   1.2081   0.00    0.0
2014/06/13 04:04:30.000   63.755966955  -68.510487990    91.9789   5   8   3.4527   1.8504   5.6265   0.9357  -0.8810   1.1767   0.00    0.0
2014/06/13 04:05:00.000   63.755965970  -68.510492976    91.2938   5   8   3.4510   1.8501   5.6001   0.9342  -0.8484   1.1451   0.00    0.0
2014/06/13 04:05:30.000   63.755967914  -68.510490849    92.1831   5   8   3.4494   1.8500   5.5739   0.9325  -0.8151   1.1134   0.00    0.0
2014/06/13 04:06:00.000   63.755964440  -68.510490578    92.4114   5   8   3.4478   1.8499   5.5480   0.9307  -0.7809   1.0816   0.00    0.0
2014/06/13 04:06:30.000   63.755964155  -68.510493331    92.4482   5   8   3.4462   1.8499   5.5223   0.9288  -0.7456   1.0496   0.00    0.0
2014/06/13 04:07:00.000   63.755969037  -68.510495278    92.5958   5   8   3.4446   1.8500   5.4969   0.9268  -0.7091   1.0173   0.00    0.0
2014/06/13 04:07:30.000   63.755965655  -68.510492500    92.1817   5   8   3.4430   1.8502   5.4718   0.9246  -0.6712   0.9849   0.00    0.0
2014/06/13 04:08:00.000   63.755965599  -68.510496797    91.7048   5   8   3.4414   1.8505   5.4470   0.9224  -0.6317   0.9521   0.00    0.0
2014/06/13 04:08:30.000   63.755966771  -68.510498988    92.6491   5   8   3.4398   1.8508   5.4224   0.9200  -0.5901   0.9191   0.00    0.0
2014/06/13 04:09:00.000   63.755969316  -68.510488195    91.6088   5   8   3.4383   1.8513   5.3981   0.9174  -0.5459   0.8858   0.00    0.0
2014/06/13 04:09:30.000   63.755969884  -68.510501805    92.3468   5   8   3.4367   1.8519   5.3741   0.9148  -0.4986   0.8521   0.00    0.0
2014/06/13 04:10:00.000   63.755972745  -68.510496652    93.0575   5   8   3.4352   1.8525   5.3504   0.9121  -0.4469   0.8179   0.00    0.0
2014/06/13 04:10:30.000   63.755968649  -68.510490039    92.5484   5   8   3.4337   1.8533   5.3269   0.9093  -0.3893   0.7832   0.00    0.0
2014/06/13 04:11:00.000   63.755968770  -68.510491303    93.0831   5   8   3.4322   1.8541   5.3038   0.9063  -0.3225   0.7480   0.00    0.0
2014/06/13 04:11:30.000   63.755964124  -68.510514869    89.4710   5   7   3.5567   2.6338   7.5451   1.6032   3.1651   2.3588   0.00    0.0
2014/06/13 04:12:00.000   63.755965541  -68.510515885    90.0084   5   7   3.5553   2.6442   7.5337   1.6058   3.1859   2.3497   0.00    0.0
2014/06/13 04:12:30.000   63.755965047  -68.510516953    89.9227   5   7   3.5540   2.6546   7.5221   1.6081   3.2061   2.3407   0.00    0.0
2014/06/13 04:13:00.000   63.755963819  -68.510512777    90.0232   5   7   3.5526   2.6651   7.5103   1.6103   3.2259   2.3317   0.00    0.0
2014/06/13 04:13:30.000   63.755957031  -68.510515712    87.8696   5   7   3.5512   2.6756   7.4984   1.6124   3.2453   2.3227   0.00    0.0
2014/06/13 04:14:00.000   63.755965357  -68.510521750    91.4212   5   7   3.5498   2.6860   7.4862   1.6143   3.2641   2.3137   0.00    0.0
2014/06/13 04:14:30.000   63.755961423  -68.510513152    89.7466   5   7   3.5483   2.6965   7.4739   1.6161   3.2826   2.3048   0.00    0.0
2014/06/13 04:15:00.000   63.755963005  -68.510514263    90.3702   5   7   3.5469   2.7069   7.4614   1.6178   3.3006   2.2959   0.00    0.0
2014/06/13 04:15:30.000   63.755955869  -68.510515753    88.5355   5   7   3.5453   2.7173   7.4487   1.6193   3.3181   2.2870   0.00    0.0
2014/06/13 04:16:00.000   63.755960034  -68.510514544    88.5839   5   7   3.5438   2.7277   7.4358   1.6206   3.3352   2.2781   0.00    0.0
2014/06/13 04:16:30.000   63.755962427  -68.510520442    90.0110   5   7   3.5423   2.7381   7.4228   1.6219   3.3519   2.2693   0.00    0.0
2014/06/13 04:17:00.000   63.755966121  -68.510511344    91.1581   5   7   3.5407   2.7485   7.4096   1.6229   3.3681   2.2605   0.00    0.0
2014/06/13 04:17:30.000   63.755965223  -68.510513596    91.2584   5   7   3.5391   2.7588   7.3962   1.6239   3.3840   2.2517   0.00    0.0
2014/06/13 04:18:00.000   63.755965852  -68.510514018    90.1103   5   7   3.5375   2.7690   7.3826   1.6247   3.3994   2.2430   0.00    0.0
2014/06/13 04:18:30.000   63.755964783  -68.510514121    91.4152   5   7   3.5358   2.7792   7.3689   1.6253   3.4143   2.2342   0.00    0.0
2014/06/13 04:19:00.000   63.755960868  -68.510516050    90.0257   5   7   3.5341   2.7894   7.3550   1.6258   3.4289   2.2255   0.00    0.0
2014/06/13 04:19:30.000   63.755962622  -68.510518806    90.1067   5   7   3.5324   2.7995   7.3409   1.6262   3.4431   2.2169   0.00    0.0
2014/06/13 04:20:00.000   63.755958008  -68.510514668    89.2340   5   7   3.5307   2.8095   7.3267   1.6264   3.4568   2.2082   0.00    0.0
2014/06/13 04:20:30.000   63.755963821  -68.510515673    90.9491   5   7   3.5290   2.8194   7.3123   1.6265   3.4702   2.1996   0.00    0.0
2014/06/13 04:21:00.000   63.755957683  -68.510515400    89.2878   5   7   3.5272   2.8293   7.2978   1.6265   3.4831   2.1911   0.00    0.0
2014/06/13 04:21:30.000   63.755955674  -68.510516474    88.3687   5   7   3.5255   2.8391   7.2831   1.6263   3.4956   2.1825   0.00    0.0
2014/06/13 04:22:00.000   63.755957361  -68.510516667    89.4885   5   7   3.5237   2.8489   7.2683   1.6260   3.5078   2.1740   0.00    0.0
2014/06/13 04:22:30.000   63.755966963  -68.510508884    92.5708   5   7   3.5219   2.8585   7.2533   1.6255   3.5195   2.1655   0.00    0.0
2014/06/13 04:23:00.000   63.755960729  -68.510515042    90.0984   5   7   3.5200   2.8680   7.2381   1.6249   3.5309   2.1571   0.00    0.0
2014/06/13 04:23:30.000   63.755963830  -68.510510772    91.5193   5   7   3.5182   2.8775   7.2228   1.6242   3.5419   2.1486   0.00    0.0
2014/06/13 04:24:00.000   63.755963941  -68.510514781    90.9606   5   7   3.5163   2.8868   7.2074   1.6233   3.5525   2.1402   0.00    0.0
2014/06/13 04:24:30.000   63.755957466  -68.510518842    89.8866   5   7   3.5144   2.8961   7.1919   1.6223   3.5627   2.1319   0.00    0.0
2014/06/13 04:25:00.000   63.755958632  -68.510517844    90.1965   5   7   3.5125   2.9052   7.1762   1.6212   3.5726   2.1235   0.00    0.0
2014/06/13 04:25:30.000   63.755964082  -68.510516979    90.2095   5   7   3.5106   2.9143   7.1604   1.6199   3.5820   2.1152   0.00    0.0
2014/06/13 04:26:00.000   63.755962834  -68.510515181    90.1462   5   7   3.5087   2.9232   7.1445   1.6184   3.5911   2.1070   0.00    0.0
2014/06/13 04:26:30.000   63.755962624  -68.510511002    92.0102   5   7   3.5067   2.9320   7.1284   1.6169   3.5999   2.0988   0.00    0.0
2014/06/13 04:27:00.000   63.755967656  -68.510509080    92.2444   5   7   3.5048   2.9407   7.1122   1.6152   3.6083   2.0906   0.00    0.0
2014/06/13 04:27:30.000   63.755962857  -68.510508881    91.8168   5   7   3.5028   2.9493   7.0960   1.6134   3.6163   2.0824   0.00    0.0
2014/06/13 04:28:00.000   63.755962572  -68.510512013    91.8277   5   7   3.5009   2.9577   7.0796   1.6114   3.6239   2.0743   0.00    0.0
2014/06/13 04:28:30.000   63.755958941  -68.510513947    88.8749   5   6   3.8399   2.9960   8.9729   1.8050   3.9400   3.6089   0.00    0.0
2014/06/13 04:29:00.000   63.755954984  -68.510515548    89.1340   5   6   3.8373   3.0055   8.9458   1.8072   3.9523   3.5979   0.00    0.0
2014/06/13 04:29:30.000   63.755956375  -68.510515696    89.7114   5   6   3.8347   3.0149   8.9183   1.8091   3.9638   3.5867   0.00    0.0
2014/06/13 04:30:00.000   63.755954761  -68.510514203    89.9167   5   6   3.8320   3.0241   8.8905   1.8108   3.9748   3.5753   0.00    0.0
2014/06/13 04:30:30.000   63.755954932  -68.510519612    90.3989   5   6   3.8293   3.0332   8.8624   1.8121   3.9851   3.5638   0.00    0.0
2014/06/13 04:31:00.000   63.755955064  -68.510515129    89.4203   5   6   3.8266   3.0421   8.8340   1.8131   3.9948   3.5521   0.00    0.0
2014/06/13 04:31:30.000   63.755957187  -68.510516983    90.5561   5   6   3.8237   3.0508   8.8053   1.8139   4.0038   3.5403   0.00    0.0
2014/06/13 04:32:00.000   63.755957734  -68.510511135    90.8583   5   6   3.8209   3.0593   8.7763   1.8144   4.0123   3.5283   0.00    0.0
2014/06/13 04:32:30.000   63.755962218  -68.510510239    90.8831   5   6   3.8180   3.0677   8.7470   1.8146   4.0201   3.5162   0.00    0.0
2014/06/13 04:33:00.000   63.755962274  -68.510509187    92.0517   5   6   3.8150   3.0759   8.7175   1.8145   4.0274   3.5039   0.00    0.0
2014/06/13 04:33:30.000   63.755947380  -68.510512543    89.5407   5   6   3.8120   3.0839   8.6877   1.8142   4.0341   3.4915   0.00    0.0
2014/06/13 04:34:00.000   63.755965545  -68.510511105    92.2069   5   6   3.8090   3.0917   8.6577   1.8135   4.0402   3.4789   0.00    0.0
2014/06/13 04:34:30.000   63.755957054  -68.510513637    90.3632   5   6   3.8059   3.0993   8.6274   1.8126   4.0458   3.4662   0.00    0.0
2014/06/13 04:35:00.000   63.755961854  -68.510507307    92.2507   5   6   3.8028   3.1067   8.5969   1.8115   4.0508   3.4534   0.00    0.0
2014/06/13 04:35:30.000   63.755949316  -68.510516578    88.6541   5   6   3.7997   3.1139   8.5663   1.8100   4.0552   3.4405   0.00    0.0
2014/06/13 04:36:00.000   63.755950327  -68.510512705    91.2238   5   6   3.7965   3.1210   8.5354   1.8083   4.0591   3.4274   0.00    0.0
2014/06/13 04:36:30.000   63.755965204  -68.510511929    91.4541   5   6   3.7933   3.1278   8.5044   1.8063   4.0625   3.4142   0.00    0.0
2014/06/13 04:37:00.000   63.755956885  -68.510521067    91.6982   5   6   3.7901   3.1344   8.4732   1.8040   4.0654   3.4009   0.00    0.0
2014/06/13 04:37:30.000   63.755956316  -68.510519344    90.1133   5   6   3.7868   3.1408   8.4418   1.8015   4.0678   3.3875   0.00    0.0
2014/06/13 04:38:00.000   63.755951283  -68.510518546    90.9462   5   6   3.7836   3.1470   8.4103   1.7986   4.0696   3.3741   0.00    0.0
2014/06/13 04:38:30.000   63.755955037  -68.510521080    90.1115   5   6   3.7803   3.1530   8.3787   1.7956   4.0710   3.3605   0.00    0.0
2014/06/13 04:39:00.000   63.755957849  -68.510513302    90.0115   5   7   3.7569   3.1522   7.7677   1.7699   4.1478   3.5198   0.00    0.0
2014/06/13 04:39:30.000   63.755950138  -68.510522561    89.8698   5   7   3.7513   3.1568   7.7634   1.7634   4.1516   3.5115   0.00    0.0
2014/06/13 04:40:00.000   63.755965467  -68.510515392    91.2540   5   7   3.7456   3.1612   7.7582   1.7563   4.1547   3.5028   0.00    0.0
2014/06/13 04:40:30.000   63.755951836  -68.510521314    90.1800   5   7   3.7397   3.1653   7.7522   1.7488   4.1571   3.4935   0.00    0.0
2014/06/13 04:41:00.000   63.755961506  -68.510526795    90.0154   5   7   3.7338   3.1690   7.7453   1.7408   4.1589   3.4837   0.00    0.0
2014/06/13 04:41:30.000   63.755961632  -68.510515281    92.2820   5   7   3.7277   3.1725   7.7375   1.7324   4.1600   3.4734   0.00    0.0
2014/06/13 04:42:00.000   63.755962308  -68.510518093    91.6441   5   7   3.7215   3.1758   7.7289   1.7235   4.1605   3.4626   0.00    0.0
2014/06/13 04:42:30.000   63.755958273  -68.510522833    91.0862   5   7   3.7152   3.1787   7.7194   1.7141   4.1603   3.4513   0.00    0.0
2014/06/13 04:43:00.000   63.755959755  -68.510522732    91.6633   5   7   3.7089   3.1814   7.7091   1.7043   4.1595   3.4396   0.00    0.0
2014/06/13 04:43:30.000   63.755958088  -68.510520244    91.8661   5   6   6.0618   3.4830  12.8424   3.1063   5.6399   7.8157   0.00    0.0
2014/06/13 04:44:00.000   63.755955442  -68.510528320    89.0655   5   6   6.0701   3.4921  12.8834   3.1175   5.6620   7.8388   0.00    0.0
2014/06/13 04:44:30.000   63.755951136  -68.510523683    89.6600   5   6   6.0762   3.5004  12.9189   3.1268   5.6815   7.8580   0.00    0.0
2014/06/13 04:45:00.000   63.755952309  -68.510528149    88.8822   5   6   6.0801   3.5078  12.9487   3.1340   5.6982   7.8732   0.00    0.0
2014/06/13 04:45:30.000   63.755956091  -68.510519792    91.0118   5   6   6.0817   3.5144  12.9725   3.1391   5.7123   7.8843   0.00    0.0
2014/06/13 04:46:00.000   63.755953364  -68.510525791    89.3300   5   6   6.0812   3.5200  12.9904   3.1421   5.7235   7.8912   0.00    0.0
2014/06/13 04:46:30.000   63.755947797  -68.510522489    89.3099   5   6   6.0783   3.5247  13.0021   3.1429   5.7318   7.8939   0.00    0.0
2014/06/13 04:47:00.000   63.755953959  -68.510527553    90.2779   5   6   6.0731   3.5285  13.0077   3.1416   5.7373   7.8924   0.00    0.0
2014/06/13 04:47:30.000   63.755953360  -68.510526408    89.3940   5   6   6.0656   3.5314  13.0071   3.1381   5.7399   7.8866   0.00    0.0
2014/06/13 04:48:00.000   63.755954915  -68.510527878    89.5130   5   6   6.0558   3.5333  13.0002   3.1323   5.7396   7.8765   0.00    0.0
2014/06/13 04:48:30.000   63.755966971  -68.510513738    93.2194   5   7   2.8374   2.8109   5.9321  -1.2927   2.8554   0.4043   0.00    0.0
2014/06/13 04:49:00.000   63.755965751  -68.510517329    93.3151   5   7   2.8345   2.8152   5.9506  -1.2935   2.8661   0.4560   0.00    0.0
2014/06/13 04:49:30.000   63.755968221  -68.510509582    93.6279   5   7   2.8317   2.8195   5.9691  -1.2942   2.8767   0.5036   0.00    0.0
2014/06/13 04:50:00.000   63.755974192  -68.510509914    93.2027   5   7   2.8290   2.8238   5.9876  -1.2948   2.8871   0.5481   0.00    0.0
2014/06/13 04:50:30.000   63.755966872  -68.510513791    93.4405   5   7   2.8263   2.8280   6.0061  -1.2953   2.8975   0.5902   0.00    0.0
2014/06/13 04:51:00.000   63.755964962  -68.510515381    93.4147   5   7   2.8238   2.8323   6.0247  -1.2958   2.9078   0.6304   0.00    0.0
2014/06/13 04:51:30.000   63.755969101  -68.510517546    93.1478   5   7   2.8214   2.8366   6.0432  -1.2961   2.9180   0.6689   0.00    0.0
2014/06/13 04:52:00.000   63.755965826  -68.510520287    93.0804   5   7   2.8190   2.8408   6.0617  -1.2964   2.9280   0.7062   0.00    0.0
2014/06/13 04:52:30.000   63.755964042  -68.510518255    93.0261   5   7   2.8168   2.8451   6.0802  -1.2966   2.9380   0.7422   0.00    0.0
2014/06/13 04:53:00.000   63.755969358  -68.510506335    93.8965   5   7   2.8146   2.8493   6.0986  -1.2967   2.9478   0.7773   0.00    0.0
2014/06/13 04:53:30.000   63.755970082  -68.510513712    93.7558   5   7   2.8126   2.8535   6.1170  -1.2968   2.9575   0.8114   0.00    0.0
2014/06/13 04:54:00.000   63.755966906  -68.510519996    93.4398   5   7   2.8106   2.8577   6.1353  -1.2968   2.9670   0.8447   0.00    0.0
2014/06/13 04:54:30.000   63.755971695  -68.510518210    92.6395   5   7   2.8088   2.8618   6.1535  -1.2967   2.9765   0.8772   0.00    0.0
2014/06/13 04:55:00.000   63.755970523  -68.510516635    92.7474   5   7   2.8070   2.8660   6.1717  -1.2966   2.9857   0.9091   0.00    0.0
2014/06/13 04:55:30.000   63.755964635  -68.510516361    93.2931   5   7   2.8054   2.8701   6.1897  -1.2965   2.9949   0.9404   0.00    0.0
2014/06/13 04:56:00.000   63.755964540  -68.510511038    93.6637   5   7   2.8038   2.8741   6.2076  -1.2963   3.0038   0.9711   0.00    0.0
2014/06/13 04:56:30.000   63.755963083  -68.510509644    92.8111   5   7   2.8024   2.8782   6.2254  -1.2960   3.0126   1.0012   0.00    0.0
2014/06/13 04:57:00.000   63.755964901  -68.510516133    93.2705   5   7   2.8010   2.8822   6.2430  -1.2957   3.0212   1.0308   0.00    0.0
2014/06/13 04:57:30.000   63.755970686  -68.510507701    94.5457   5   7   2.7998   2.8862   6.2605  -1.2954   3.0297   1.0600   0.00    0.0
2014/06/13 04:58:00.000   63.755965093  -68.510512153    92.8527   5   7   2.7986   2.8901   6.2778  -1.2950   3.0379   1.0886   0.00    0.0
2014/06/13 04:58:30.000   63.755970555  -68.510508791    94.0864   5   7   2.7976   2.8940   6.2949  -1.2946   3.0460   1.1169   0.00    0.0
2014/06/13 04:59:00.000   63.755963616  -68.510517780    92.9892   5   7   2.7966   2.8979   6.3118  -1.2942   3.0539   1.1447   0.00    0.0
2014/06/13 04:59:30.000   63.755965564  -68.510519259    92.1724   5   7   2.7958   2.9017   6.3285  -1.2938   3.0615   1.1720   0.00    0.0
2014/06/13 05:00:00.000   63.755966180  -68.510514060    93.2241   5   7   2.6633   2.9936   6.2771  -1.1043   3.1161   1.6606   0.00    0.0
2014/06/13 05:00:30.000   63.755963918  -68.510510788    93.2757   5   7   2.6642   2.9960   6.2898  -1.1028   3.1197   1.6797   0.00    0.0
2014/06/13 05:01:00.000   63.755958992  -68.510522387    92.2433   5   7   2.6652   2.9984   6.3022  -1.1013   3.1230   1.6986   0.00    0.0
2014/06/13 05:01:30.000   63.755961062  -68.510515142    92.8958   5   7   2.6663   3.0007   6.3143  -1.1000   3.1262   1.7172   0.00    0.0
2014/06/13 05:02:00.000   63.755965634  -68.510515000    93.2428   5   7   2.6675   3.0030   6.3262  -1.0987   3.1290   1.7356   0.00    0.0
2014/06/13 05:02:30.000   63.755961799  -68.510519616    92.6682   5   7   2.6688   3.0052   6.3379  -1.0976   3.1317   1.7538   0.00    0.0
2014/06/13 05:03:00.000   63.755966113  -68.510517604    92.3307   5   7   2.6702   3.0073   6.3492  -1.0966   3.1341   1.7717   0.00    0.0
2014/06/13 05:03:30.000   63.755968655  -68.510519822    93.3398   5   6   3.5394   3.1330   7.2982  -1.7955   3.5993  -2.2599   0.00    0.0
2014/06/13 05:04:00.000   63.755958234  -68.510511990    93.1518   5   7   2.5066   2.6754   5.9892   0.9182   2.4754   2.3274   0.00    0.0
2014/06/13 05:04:30.000   63.755957681  -68.510509444    94.2995   5   7   2.5048   2.6743   6.0102   0.9185   2.4782   2.3348   0.00    0.0
2014/06/13 05:05:00.000   63.755957764  -68.510507665    94.0643   5   7   2.5030   2.6733   6.0310   0.9187   2.4808   2.3423   0.00    0.0
2014/06/13 05:05:30.000   63.755958681  -68.510514642    94.1065   5   7   2.5013   2.6721   6.0518   0.9188   2.4832   2.3497   0.00    0.0
2014/06/13 05:06:00.000   63.755958518  -68.510506282    95.0221   5   7   2.4996   2.6710   6.0724   0.9189   2.4855   2.3570   0.00    0.0
2014/06/13 05:06:30.000   63.755959931  -68.510507810    95.0663   5   7   2.4979   2.6698   6.0928   0.9190   2.4876   2.3644   0.00    0.0
2014/06/13 05:07:00.000   63.755958621  -68.510510352    93.8146   5   7   2.4963   2.6686   6.1131   0.9191   2.4896   2.3716   0.00    0.0
2014/06/13 05:07:30.000   63.755956441  -68.510508157    93.6621   5   7   2.4947   2.6674   6.1331   0.9190   2.4914   2.3788   0.00    0.0
2014/06/13 05:08:00.000   63.755964095  -68.510505158    95.0437   5   7   2.4932   2.6661   6.1530   0.9190   2.4930   2.3859   0.00    0.0
2014/06/13 05:08:30.000   63.755958805  -68.510512730    94.0217   5   7   2.4917   2.6648   6.1727   0.9189   2.4944   2.3930   0.00    0.0
2014/06/13 05:09:00.000   63.755965846  -68.510504749    95.1700   5   7   2.4902   2.6635   6.1921   0.9187   2.4957   2.3999   0.00    0.0
2014/06/13 05:09:30.000   63.755962916  -68.510498254    94.6858   5   7   2.4887   2.6621   6.2112   0.9184   2.4967   2.4068   0.00    0.0
2014/06/13 05:10:00.000   63.755960294  -68.510501216    95.3460   5   7   2.4873   2.6607   6.2301   0.9181   2.4975   2.4136   0.00    0.0
2014/06/13 05:10:30.000   63.755960144  -68.510497503    94.6199   5   7   2.4859   2.6593   6.2488   0.9178   2.4981   2.4202   0.00    0.0
2014/06/13 05:11:00.000   63.755966115  -68.510510878    93.9813   5   7   2.4846   2.6578   6.2671   0.9173   2.4985   2.4268   0.00    0.0
2014/06/13 05:11:30.000   63.755965295  -68.510500306    94.6118   5   8   2.4832   2.0553   5.4821   0.9240   1.0350   2.4381   0.00    0.0
2014/06/13 05:12:00.000   63.755960328  -68.510496561    95.0477   5   8   2.4819   2.0538   5.5052   0.9249   1.0400   2.4455   0.00    0.0
2014/06/13 05:12:30.000   63.755963595  -68.510503172    94.9264   5   8   2.4806   2.0524   5.5282   0.9260   1.0451   2.4528   0.00    0.0
2014/06/13 05:13:00.000   63.755965034  -68.510497928    94.6923   5   8   2.4793   2.0510   5.5512   0.9270   1.0504   2.4601   0.00    0.0
2014/06/13 05:13:30.000   63.755962006  -68.510498407    95.1756   5   9   2.4765   1.9037   5.3075   0.9623   1.5519   2.4376   0.00    0.0
2014/06/13 05:14:00.000   63.755963903  -68.510502106    94.2784   5   9   2.4754   1.9020   5.3328   0.9616   1.5550   2.4463   0.00    0.0
2014/06/13 05:14:30.000   63.755963810  -68.510499554    94.1393   5   9   2.4743   1.9004   5.3580   0.9609   1.5581   2.4549   0.00    0.0
2014/06/13 05:15:00.000   63.755955984  -68.510497267    94.3534   5   9   2.4732   1.8988   5.3832   0.9602   1.5611   2.4634   0.00    0.0
2014/06/13 05:15:30.000   63.755967632  -68.510490236    95.6137   5   9   2.4721   1.8972   5.4084   0.9595   1.5642   2.4719   0.00    0.0
2014/06/13 05:16:00.000   63.755962768  -68.510499341    94.9032   5   9   2.4710   1.8957   5.4335   0.9587   1.5672   2.4802   0.00    0.0
2014/06/13 05:16:30.000   63.755960222  -68.510493504    95.4964   5   9   2.4699   1.8942   5.4586   0.9579   1.5702   2.4884   0.00    0.0
2014/06/13 05:17:00.000   63.755963086  -68.510500270    95.5590   5   9   2.4688   1.8927   5.4835   0.9570   1.5732   2.4964   0.00    0.0
2014/06/13 05:17:30.000   63.755966532  -68.510489085    95.6089   5   9   2.4676   1.8913   5.5084   0.9561   1.5761   2.5043   0.00    0.0
2014/06/13 05:18:00.000   63.755961191  -68.510496432    95.1439   5   9   2.4665   1.8898   5.5331   0.9552   1.5790   2.5121   0.00    0.0
2014/06/13 05:18:30.000   63.755962565  -68.510511683    94.7078   5   9   2.4654   1.8885   5.5577   0.9542   1.5818   2.5197   0.00    0.0
2014/06/13 05:19:00.000   63.755960384  -68.510503843    94.5722   5  10   2.4553   1.8189   5.3789   1.0069   1.8058   2.4646   0.00    0.0
2014/06/13 05:19:30.000   63.755959058  -68.510507287    94.2439   5  10   2.4544   1.8172   5.4047   1.0051   1.8083   2.4733   0.00    0.0
2014/06/13 05:20:00.000   63.755963325  -68.510502222    94.6416   5  10   2.4535   1.8156   5.4304   1.0033   1.8107   2.4817   0.00    0.0
2014/06/13 05:20:30.000   63.755961343  -68.510495640    95.1192   5  10   2.4525   1.8139   5.4559   1.0014   1.8130   2.4900   0.00    0.0
2014/06/13 05:21:00.000   63.755961347  -68.510498257    94.2984   5  10   2.4516   1.8122   5.4813   0.9994   1.8152   2.4981   0.00    0.0
2014/06/13 05:21:30.000   63.755965827  -68.510497090    94.9100   5  10   2.4506   1.8106   5.5065   0.9974   1.8172   2.5060   0.00    0.0
2014/06/13 05:22:00.000   63.755961381  -68.510490748    94.5395   5  10   2.4496   1.8090   5.5314   0.9952   1.8191   2.5137   0.00    0.0
2014/06/13 05:22:30.000   63.755960786  -68.510495428    94.3122   5  10   2.4485   1.8074   5.5561   0.9930   1.8209   2.5212   0.00    0.0
2014/06/13 05:23:00.000   63.755963272  -68.510498556    94.1774   5  10   2.4474   1.8058   5.5806   0.9907   1.8225   2.5285   0.00    0.0
2014/06/13 05:23:30.000   63.755957307  -68.510498034    93.8984   5  10   2.4463   1.8042   5.6048   0.9883   1.8239   2.5356   0.00    0.0
2014/06/13 05:24:00.000   63.755960516  -68.510498535    93.8644   5  10   2.4452   1.8027   5.6287   0.9858   1.8252   2.5424   0.00    0.0
2014/06/13 05:24:30.000   63.755960705  -68.510496076    94.3669   5  10   2.4439   1.8011   5.6522   0.9832   1.8264   2.5489   0.00    0.0
2014/06/13 05:25:00.000   63.755963759  -68.510501041    93.6361   5  10   2.4427   1.7996   5.6755   0.9805   1.8273   2.5552   0.00    0.0
2014/06/13 05:25:30.000   63.755961457  -68.510498378    94.2193   5  10   2.4414   1.7980   5.6983   0.9777   1.8281   2.5612   0.00    0.0
2014/06/13 05:26:00.000   63.755958283  -68.510506902    93.2018   5  10   2.4400   1.7965   5.7207   0.9747   1.8287   2.5669   0.00    0.0
2014/06/13 05:26:30.000   63.755959298  -68.510495942    94.1761   5  10   2.4386   1.7950   5.7427   0.9717   1.8291   2.5724   0.00    0.0
2014/06/13 05:27:00.000   63.755963085  -68.510493661    93.6561   5  10   2.4372   1.7935   5.7643   0.9686   1.8293   2.5775   0.00    0.0
2014/06/13 05:27:30.000   63.755959519  -68.510495663    94.7666   5  10   2.4357   1.7920   5.7854   0.9653   1.8293   2.5823   0.00    0.0
2014/06/13 05:28:00.000   63.755959555  -68.510502048    94.3513   5  10   2.4341   1.7905   5.8060   0.9619   1.8290   2.5868   0.00    0.0
2014/06/13 05:28:30.000   63.755963573  -68.510502931    93.9273   5  10   2.4324   1.7890   5.8261   0.9585   1.8286   2.5909   0.00    0.0
2014/06/13 05:29:00.000   63.755961067  -68.510508705    94.5074   5  10   2.4307   1.7875   5.8456   0.9548   1.8279   2.5947   0.00    0.0
2014/06/13 05:29:30.000   63.755959114  -68.510496570    93.9291   5  10   2.4290   1.7860   5.8646   0.9511   1.8270   2.5981   0.00    0.0
2014/06/13 05:30:00.000   63.755964414  -68.510493170    95.2028   5  10   2.4271   1.7845   5.8830   0.9472   1.8259   2.6012   0.00    0.0
2014/06/13 05:30:30.000   63.755965093  -68.510490630    94.9124   5  10   2.4252   1.7831   5.9008   0.9432   1.8245   2.6039   0.00    0.0
2014/06/13 05:31:00.000   63.755961958  -68.510503657    94.2630   5  10   2.4232   1.7816   5.9180   0.9391   1.8228   2.6062   0.00    0.0
2014/06/13 05:31:30.000   63.755960175  -68.510500969    94.8067   5  10   2.4212   1.7801   5.9345   0.9348   1.8209   2.6081   0.00    0.0
2014/06/13 05:32:00.000   63.755964225  -68.510498449    94.2430   5  10   2.4191   1.7787   5.9504   0.9304   1.8188   2.6096   0.00    0.0
2014/06/13 05:32:30.000   63.755964193  -68.510498316    94.6656   5  10   2.4169   1.7772   5.9656   0.9259   1.8164   2.6107   0.00    0.0
2014/06/13 05:33:00.000   63.755961698  -68.510498826    93.7553   5  10   2.4146   1.7758   5.9800   0.9212   1.8137   2.6114   0.00    0.0
2014/06/13 05:33:30.000   63.755961788  -68.510502427    94.8417   5  10   2.4123   1.7744   5.9938   0.9164   1.8108   2.6117   0.00    0.0
2014/06/13 05:34:00.000   63.755965762  -68.510498930    94.4612   5  10   2.4099   1.7729   6.0068   0.9115   1.8076   2.6116   0.00    0.0
2014/06/13 05:34:30.000   63.755961390  -68.510497655    93.9224   5  10   2.4074   1.7715   6.0190   0.9064   1.8041   2.6110   0.00    0.0
2014/06/13 05:35:00.000   63.755961137  -68.510499383    94.7106   5  10   2.4048   1.7701   6.0305   0.9011   1.8003   2.6100   0.00    0.0
2014/06/13 05:35:30.000   63.755964061  -68.510500185    94.5695   5  10   2.4022   1.7687   6.0412   0.8957   1.7963   2.6086   0.00    0.0
2014/06/13 05:36:00.000   63.755961122  -68.510498369    94.2551   5  10   2.3995   1.7673   6.0511   0.8902   1.7919   2.6067   0.00    0.0
2014/06/13 05:36:30.000   63.755959782  -68.510499981    93.7397   5  10   2.3967   1.7659   6.0602   0.8845   1.7873   2.6044   0.00    0.0
2014/06/13 05:37:00.000   63.755963101  -68.510494635    93.8085   5  10   2.3938   1.7645   6.0685   0.8787   1.7825   2.6017   0.00    0.0
2014/06/13 05:37:30.000   63.755961733  -68.510501173    94.5683   5  10   2.3909   1.7631   6.0760   0.8727   1.7773   2.5985   0.00    0.0
2014/06/13 05:38:00.000   63.755961465  -68.510498246    94.4667   5  10   2.3879   1.7618   6.0826   0.8666   1.7718   2.5949   0.00    0.0
2014/06/13 05:38:30.000   63.755959444  -68.510501697    94.2794   5  11   1.9381   1.6648   5.1172  -0.2349   1.1095   1.4585   0.00    0.0
2014/06/13 05:39:00.000   63.755962641  -68.510500714    94.5629   5  11   1.9365   1.6644   5.1316  -0.2451   1.1080   1.4604   0.00    0.0
2014/06/13 05:39:30.000   63.755959537  -68.510497854    94.3577   5  11   1.9350   1.6641   5.1458  -0.2548   1.1065   1.4622   0.00    0.0
2014/06/13 05:40:00.000   63.755959446  -68.510502266    95.2952   5  11   1.9335   1.6638   5.1596  -0.2642   1.1049   1.4639   0.00    0.0
2014/06/13 05:40:30.000   63.755958589  -68.510506635    95.2585   5  11   1.9320   1.6636   5.1730  -0.2732   1.1032   1.4656   0.00    0.0
2014/06/13 05:41:00.000   63.755956304  -68.510497790    93.7375   5  11   1.9306   1.6633   5.1861  -0.2819   1.1016   1.4672   0.00    0.0
2014/06/13 05:41:30.000   63.755958690  -68.510501344    93.7967   5  11   1.9292   1.6631   5.1989  -0.2904   1.0998   1.4688   0.00    0.0
2014/06/13 05:42:00.000   63.755961482  -68.510501087    94.4311   5  11   1.9278   1.6630   5.2112  -0.2986   1.0980   1.4703   0.00    0.0
2014/06/13 05:42:30.000   63.755960234  -68.510502348    94.9562   5  11   1.9265   1.6629   5.2231  -0.3066   1.0961   1.4717   0.00    0.0
2014/06/13 05:43:00.000   63.755961609  -68.510500940    94.8703   5  11   1.9253   1.6628   5.2347  -0.3144   1.0942   1.4730   0.00    0.0
2014/06/13 05:43:30.000   63.755958820  -68.510496605    94.7384   5  11   1.9240   1.6627   5.2458  -0.3221   1.0921   1.4743   0.00    0.0
2014/06/13 05:44:00.000   63.755963050  -68.510497654    94.2780   5  11   1.9228   1.6627   5.2564  -0.3295   1.0901   1.4755   0.00    0.0
2014/06/13 05:44:30.000   63.755957467  -68.510483653    94.4018   5  11   1.9217   1.6627   5.2667  -0.3368   1.0879   1.4766   0.00    0.0
2014/06/13 05:45:00.000   63.755958036  -68.510495040    94.1222   5  11   1.9206   1.6627   5.2764  -0.3440   1.0856   1.4776   0.00    0.0
2014/06/13 05:45:30.000   63.755959843  -68.510499241    94.6740   5  11   1.9195   1.6628   5.2858  -0.3510   1.0833   1.4785   0.00    0.0
2014/06/13 05:46:00.000   63.755958432  -68.510498128    94.4635   5  11   1.9184   1.6628   5.2946  -0.3579   1.0808   1.4793   0.00    0.0
2014/06/13 05:46:30.000   63.755956543  -68.510494504    94.6020   5  11   1.9174   1.6630   5.3029  -0.3647   1.0783   1.4801   0.00    0.0
2014/06/13 05:47:00.000   63.755960607  -68.510504447    94.9377   5  11   1.9165   1.6631   5.3108  -0.3714   1.0757   1.4807   0.00    0.0
2014/06/13 05:47:30.000   63.755960819  -68.510501838    95.0678   5  11   1.9155   1.6633   5.3182  -0.3779   1.0730   1.4813   0.00    0.0
2014/06/13 05:48:00.000   63.755957540  -68.510496552    94.8017   5  11   1.9147   1.6635   5.3251  -0.3844   1.0702   1.4818   0.00    0.0
2014/06/13 05:48:30.000   63.755960309  -68.510487610    93.7983   5  10   1.9138   1.7239   5.5328  -0.3855   0.6864   1.4776   0.00    0.0
2014/06/13 05:49:00.000   63.755958860  -68.510497022    94.4503   5  10   1.9130   1.7241   5.5468  -0.3945   0.6715   1.4801   0.00    0.0
2014/06/13 05:49:30.000   63.755961255  -68.510500786    94.1998   5  10   1.9122   1.7244   5.5605  -0.4033   0.6562   1.4826   0.00    0.0
2014/06/13 05:50:00.000   63.755960374  -68.510494122    94.6302   5  10   1.9114   1.7247   5.5736  -0.4120   0.6404   1.4851   0.00    0.0
2014/06/13 05:50:30.000   63.755958124  -68.510488721    93.9221   5  10   1.9107   1.7250   5.5864  -0.4205   0.6241   1.4875   0.00    0.0
2014/06/13 05:51:00.000   63.755960933  -68.510495352    94.1592   5  10   1.9101   1.7253   5.5987  -0.4288   0.6073   1.4900   0.00    0.0
2014/06/13 05:51:30.000   63.755958569  -68.510502859    94.0439   5  10   1.9095   1.7257   5.6105  -0.4370   0.5899   1.4925   0.00    0.0
2014/06/13 05:52:00.000   63.755959985  -68.510494896    94.2232   5  10   1.9089   1.7262   5.6218  -0.4451   0.5718   1.4949   0.00    0.0
2014/06/13 05:52:30.000   63.755955244  -68.510500446    93.8390   5  10   1.9084   1.7267   5.6327  -0.4530   0.5530   1.4973   0.00    0.0
2014/06/13 05:53:00.000   63.755957295  -68.510489116    93.9717   5  10   1.9079   1.7272   5.6431  -0.4608   0.5335   1.4998   0.00    0.0
2014/06/13 05:53:30.000   63.755961184  -68.510489588    93.4461   5  10   1.9075   1.7277   5.6530  -0.4686   0.5131   1.5022   0.00    0.0
2014/06/13 05:54:00.000   63.755960423  -68.510491368    94.4013   5  10   1.9072   1.7283   5.6624  -0.4762   0.4918   1.5046   0.00    0.0
2014/06/13 05:54:30.000   63.755960121  -68.510495803    93.3868   5  10   1.9068   1.7289   5.6713  -0.4837   0.4694   1.5069   0.00    0.0
2014/06/13 05:55:00.000   63.755962583  -68.510491724    93.7599   5  10   1.9066   1.7296   5.6796  -0.4911   0.4457   1.5093   0.00    0.0
2014/06/13 05:55:30.000   63.755961880  -68.510495926    94.3511   5  10   1.9063   1.7303   5.6875  -0.4985   0.4207   1.5117   0.00    0.0
2014/06/13 05:56:00.000   63.755960962  -68.510490951    94.0379   5  10   1.9062   1.7311   5.6948  -0.5058   0.3939   1.5140   0.00    0.0
2014/06/13 05:56:30.000   63.755957681  -68.510490426    93.6196   5   9   2.2352   1.8279   6.8690  -0.9726  -1.4515   2.6023   0.00    0.0
2014/06/13 05:57:00.000   63.755956112  -68.510486915    92.9411   5   9   2.2406   1.8307   6.9150  -0.9832  -1.4817   2.6278   0.00    0.0
2014/06/13 05:57:30.000   63.755958253  -68.510484586    93.1907   5   9   2.2462   1.8335   6.9608  -0.9938  -1.5116   2.6532   0.00    0.0
2014/06/13 05:58:00.000   63.755955821  -68.510493788    92.8179   5   9   2.2519   1.8364   7.0065  -1.0046  -1.5413   2.6788   0.00    0.0
2014/06/13 05:58:30.000   63.755957235  -68.510488753    92.9482   5   9   2.2577   1.8394   7.0519  -1.0153  -1.5709   2.7043   0.00    0.0
2014/06/13 05:59:00.000   63.755955443  -68.510494711    92.8288   5   9   2.2636   1.8425   7.0971  -1.0261  -1.6002   2.7297   0.00    0.0
2014/06/13 05:59:30.000   63.755956901  -68.510485506    93.3895   5   9   2.2696   1.8457   7.1420  -1.0370  -1.6294   2.7552   0.00    0.0
2014/06/13 06:00:00.000   63.755954943  -68.510483481    92.5826   5   9   2.2756   1.8490   7.1865  -1.0479  -1.6583   2.7806   0.00    0.0
2014/06/13 06:00:30.000   63.755957460  -68.510485060    93.4870   5   9   2.2818   1.8523   7.2306  -1.0588  -1.6870   2.8058   0.00    0.0
2014/06/13 06:01:00.000   63.755955273  -68.510480649    93.2152   5   9   2.2881   1.8558   7.2742  -1.0697  -1.7154   2.8310   0.00    0.0
2014/06/13 06:01:30.000   63.755956549  -68.510483859    92.5560   5   9   2.2944   1.8593   7.3172  -1.0807  -1.7436   2.8560   0.00    0.0
2014/06/13 06:02:00.000   63.755953331  -68.510482188    93.2520   5   9   2.3008   1.8629   7.3597  -1.0916  -1.7715   2.8809   0.00    0.0
2014/06/13 06:02:30.000   63.755953019  -68.510480087    92.1601   5   9   2.3072   1.8666   7.4014  -1.1026  -1.7992   2.9055   0.00    0.0
2014/06/13 06:03:00.000   63.755953366  -68.510480670    92.0558   5   9   2.3138   1.8703   7.4424  -1.1135  -1.8265   2.9299   0.00    0.0
2014/06/13 06:03:30.000   63.755953649  -68.510493193    93.3405   5   9   2.3203   1.8741   7.4826  -1.1245  -1.8535   2.9541   0.00    0.0
2014/06/13 06:04:00.000   63.755954233  -68.510488163    92.6183   5   9   2.3269   1.8780   7.5219  -1.1354  -1.8801   2.9779   0.00    0.0
2014/06/13 06:04:30.000   63.755956814  -68.510485893    93.5045   5   9   2.3335   1.8820   7.5603  -1.1463  -1.9064   3.0015   0.00    0.0
2014/06/13 06:05:00.000   63.755952235  -68.510485311    92.3444   5   9   2.3401   1.8860   7.5977  -1.1572  -1.9323   3.0246   0.00    0.0
2014/06/13 06:05:30.000   63.755956480  -68.510483653    92.3947   5   9   2.3468   1.8900   7.6339  -1.1680  -1.9578   3.0474   0.00    0.0
2014/06/13 06:06:00.000   63.755955881  -68.510491764    93.1954   5   9   2.3534   1.8941   7.6690  -1.1787  -1.9828   3.0698   0.00    0.0
2014/06/13 06:06:30.000   63.755953481  -68.510481023    92.4286   5   9   2.3600   1.8983   7.7029  -1.1894  -2.0074   3.0916   0.00    0.0
2014/06/13 06:07:00.000   63.755953164  -68.510483912    92.3682   5   9   2.3666   1.9025   7.7354  -1.2000  -2.0315   3.1130   0.00    0.0
2014/06/13 06:07:30.000   63.755955092  -68.510486890    92.8322   5   9   2.3732   1.9067   7.7667  -1.2105  -2.0551   3.1339   0.00    0.0
2014/06/13 06:08:00.000   63.755954467  -68.510481159    91.7912   5   9   2.3797   1.9110   7.7964  -1.2209  -2.0782   3.1542   0.00    0.0
2014/06/13 06:08:30.000   63.755955193  -68.510484472    92.6465   5   9   2.3862   1.9153   7.8247  -1.2312  -2.1007   3.1740   0.00    0.0
2014/06/13 06:09:00.000   63.755955122  -68.510488875    93.7936   5   9   2.3926   1.9196   7.8514  -1.2413  -2.1226   3.1931   0.00    0.0
2014/06/13 06:09:30.000   63.755957940  -68.510492764    94.0687   5   9   2.3989   1.9239   7.8765  -1.2514  -2.1440   3.2115   0.00    0.0
2014/06/13 06:10:00.000   63.755955067  -68.510483719    92.8438   5   9   2.4051   1.9283   7.8999  -1.2613  -2.1647   3.2293   0.00    0.0
2014/06/13 06:10:30.000   63.755955622  -68.510476017    91.8645   5   9   2.4113   1.9326   7.9215  -1.2710  -2.1847   3.2464   0.00    0.0
2014/06/13 06:11:00.000   63.755956264  -68.510485720    94.0227   5   9   2.4173   1.9370   7.9414  -1.2806  -2.2041   3.2627   0.00    0.0
2014/06/13 06:11:30.000   63.755955338  -68.510483699    93.2006   5   9   2.4232   1.9413   7.9594  -1.2900  -2.2228   3.2783   0.00    0.0
2014/06/13 06:12:00.000   63.755955073  -68.510479967    92.6964   5   9   2.4289   1.9457   7.9755  -1.2992  -2.2408   3.2930   0.00    0.0
2014/06/13 06:12:30.000   63.755952499  -68.510483575    92.5428   5   9   2.4346   1.9500   7.9897  -1.3082  -2.2581   3.3070   0.00    0.0
2014/06/13 06:13:00.000   63.755956844  -68.510479450    92.0619   5   9   2.4400   1.9543   8.0019  -1.3170  -2.2746   3.3201   0.00    0.0
2014/06/13 06:13:30.000   63.755956960  -68.510486406    92.7434   5   9   2.4453   1.9585   8.0121  -1.3256  -2.2903   3.3324   0.00    0.0
2014/06/13 06:14:00.000   63.755953511  -68.510485247    93.2758   5   9   2.4505   1.9627   8.0203  -1.3340  -2.3053   3.3437   0.00    0.0
2014/06/13 06:14:30.000   63.755954688  -68.510481170    92.6548   5   9   2.4554   1.9669   8.0264  -1.3422  -2.3195   3.3542   0.00    0.0
2014/06/13 06:15:00.000   63.755957089  -68.510480421    93.2098   5   9   2.4602   1.9711   8.0305  -1.3501  -2.3328   3.3638   0.00    0.0
2014/06/13 06:15:30.000   63.755953506  -68.510485937    93.4415   5   9   2.4648   1.9751   8.0325  -1.3578  -2.3454   3.3725   0.00    0.0
2014/06/13 06:16:00.000   63.755951855  -68.510480371    92.2114   5   9   2.4692   1.9792   8.0324  -1.3652  -2.3571   3.3802   0.00    0.0
2014/06/13 06:16:30.000   63.755953817  -68.510486033    92.9315   5   9   2.4733   1.9831   8.0303  -1.3724  -2.3680   3.3870   0.00    0.0
2014/06/13 06:17:00.000   63.755955754  -68.510480477    92.1767   5   9   2.4773   1.9870   8.0260  -1.3793  -2.3780   3.3929   0.00    0.0
2014/06/13 06:17:30.000   63.755953430  -68.510482833    92.7549   5   9   2.4811   1.9909   8.0197  -1.3859  -2.3872   3.3979   0.00    0.0
2014/06/13 06:18:00.000   63.755955082  -68.510479753    92.3391   5   9   2.4846   1.9946   8.0113  -1.3923  -2.3956   3.4019   0.00    0.0
2014/06/13 06:18:30.000   63.755954941  -68.510482125    92.8158   5   9   2.4879   1.9983   8.0009  -1.3984  -2.4031   3.4049   0.00    0.0
2014/06/13 06:19:00.000   63.755955634  -68.510481093    93.0770   5   9   2.4910   2.0019   7.9885  -1.4042  -2.4097   3.4071   0.00    0.0
2014/06/13 06:19:30.000   63.755955059  -68.510484771    92.8935   5   9   2.4939   2.0055   7.9742  -1.4098  -2.4156   3.4083   0.00    0.0
2014/06/13 06:20:00.000   63.755954256  -68.510485519    93.7873   5   9   2.4966   2.0089   7.9579  -1.4151  -2.4206   3.4086   0.00    0.0
2014/06/13 06:20:30.000   63.755955430  -68.510478326    93.1800   5   9   2.4990   2.0123   7.9397  -1.4201  -2.4248   3.4081   0.00    0.0
2014/06/13 06:21:00.000   63.755954514  -68.510480645    92.7135   5   9   2.5012   2.0156   7.9196  -1.4248  -2.4282   3.4066   0.00    0.0
2014/06/13 06:21:30.000   63.755956581  -68.510483593    92.5770   5   9   2.5032   2.0187   7.8978  -1.4293  -2.4308   3.4043   0.00    0.0
2014/06/13 06:22:00.000   63.755957510  -68.510483891    92.9431   5   9   2.5050   2.0218   7.8742  -1.4335  -2.4326   3.4011   0.00    0.0
2014/06/13 06:22:30.000   63.755954256  -68.510485747    94.0750   5   9   2.5066   2.0249   7.8489  -1.4375  -2.4336   3.3971   0.00    0.0
2014/06/13 06:23:00.000   63.755956405  -68.510484970    93.2615   5   9   2.5080   2.0278   7.8220  -1.4412  -2.4338   3.3923   0.00    0.0
2014/06/13 06:23:30.000   63.755954014  -68.510483771    92.6951   5   9   2.5092   2.0306   7.7935  -1.4446  -2.4334   3.3868   0.00    0.0
2014/06/13 06:24:00.000   63.755954504  -68.510480455    92.7937   5   9   2.5101   2.0334   7.7635  -1.4478  -2.4322   3.3804   0.00    0.0
2014/06/13 06:24:30.000   63.755955111  -68.510479815    92.3661   5   9   2.5109   2.0361   7.7320  -1.4508  -2.4303   3.3734   0.00    0.0
2014/06/13 06:25:00.000   63.755952955  -68.510480238    91.8266   5   9   2.5115   2.0387   7.6992  -1.4535  -2.4277   3.3656   0.00    0.0
2014/06/13 06:25:30.000   63.755953507  -68.510479140    93.7388   5  10   2.4704   1.9973   7.1766  -1.5203  -2.6480   3.1696   0.00    0.0
2014/06/13 06:26:00.000   63.755953340  -68.510473685    92.3467   5  10   2.4725   1.9981   7.1594  -1.5222  -2.6438   3.1681   0.00    0.0
2014/06/13 06:26:30.000   63.755954330  -68.510474595    92.5211   5  10   2.4745   1.9988   7.1409  -1.5238  -2.6390   3.1659   0.00    0.0
2014/06/13 06:27:00.000   63.755951458  -68.510468309    93.2263   5   9   2.7053   2.1563   7.2178  -1.7905  -2.4463   2.9532   0.00    0.0
2014/06/13 06:27:30.000   63.755952572  -68.510475478    94.3238   5   9   2.7043   2.1570   7.1993  -1.7903  -2.4371   2.9480   0.00    0.0
2014/06/13 06:28:00.000   63.755953910  -68.510474301    94.1082   5   9   2.7031   2.1576   7.1795  -1.7898  -2.4272   2.9421   0.00    0.0
2014/06/13 06:28:30.000   63.755952537  -68.510473573    93.0244   5   9   2.7017   2.1581   7.1586  -1.7892  -2.4166   2.9356   0.00    0.0
2014/06/13 06:29:00.000   63.755953143  -68.510477873    93.7228   5   9   2.7003   2.1585   7.1366  -1.7884  -2.4053   2.9285   0.00    0.0
2014/06/13 06:29:30.000   63.755953402  -68.510473209    93.2333   5   9   2.6987   2.1588   7.1134  -1.7874  -2.3935   2.9208   0.00    0.0
2014/06/13 06:30:00.000   63.755954762  -68.510473523    93.3197   5   9   2.6970   2.1590   7.0893  -1.7862  -2.3810   2.9126   0.00    0.0
2014/06/13 06:30:30.000   63.755953710  -68.510483632    94.2429   5   9   2.6952   2.1591   7.0641  -1.7849  -2.3679   2.9038   0.00    0.0
2014/06/13 06:31:00.000   63.755954265  -68.510482570    93.3214   5   9   2.6933   2.1592   7.0379  -1.7833  -2.3543   2.8946   0.00    0.0
2014/06/13 06:31:30.000   63.755952502  -68.510485980    93.3834   5   9   2.6913   2.1592   7.0109  -1.7817  -2.3401   2.8848   0.00    0.0
2014/06/13 06:32:00.000   63.755952983  -68.510479481    93.1062   5   9   2.6892   2.1591   6.9830  -1.7799  -2.3254   2.8746   0.00    0.0
2014/06/13 06:32:30.000   63.755952257  -68.510483199    92.7556   5   9   2.6870   2.1590   6.9543  -1.7779  -2.3102   2.8640   0.00    0.0
2014/06/13 06:33:00.000   63.755957285  -68.510480343    93.1045   5   9   2.6847   2.1589   6.9249  -1.7758  -2.2945   2.8529   0.00    0.0
2014/06/13 06:33:30.000   63.755955256  -68.510472351    93.8155   5   9   2.6824   2.1586   6.8948  -1.7736  -2.2783   2.8415   0.00    0.0
2014/06/13 06:34:00.000   63.755949612  -68.510478639    92.3848   5   9   2.6799   2.1584   6.8640  -1.7713  -2.2617   2.8297   0.00    0.0
2014/06/13 06:34:30.000   63.755953893  -68.510477941    93.2363   5   9   2.6774   2.1581   6.8326  -1.7689  -2.2447   2.8175   0.00    0.0
2014/06/13 06:35:00.000   63.755951459  -68.510478453    92.1510   5   9   2.6749   2.1578   6.8006  -1.7663  -2.2273   2.8051   0.00    0.0
2014/06/13 06:35:30.000   63.755955327  -68.510477964    93.5655   5   9   2.6723   2.1575   6.7682  -1.7637  -2.2094   2.7923   0.00    0.0
2014/06/13 06:36:00.000   63.755952969  -68.510477862    92.0826   5   9   2.6696   2.1571   6.7353  -1.7609  -2.1913   2.7793   0.00    0.0
2014/06/13 06:36:30.000   63.755953797  -68.510477862    93.8692   5   9   2.6669   2.1567   6.7019  -1.7581  -2.1728   2.7660   0.00    0.0
2014/06/13 06:37:00.000   63.755949569  -68.510477857    92.8951   5   9   2.6642   2.1564   6.6683  -1.7552  -2.1539   2.7525   0.00    0.0
2014/06/13 06:37:30.000   63.755952712  -68.510472769    94.0453   5   9   2.6614   2.1560   6.6342  -1.7523  -2.1348   2.7389   0.00    0.0
2014/06/13 06:38:00.000   63.755949263  -68.510474045    93.1505   5   9   2.6586   2.1556   6.5999  -1.7493  -2.1154   2.7250   0.00    0.0
2014/06/13 06:38:30.000   63.755951580  -68.510480173    93.5457   5   9   2.6557   2.1553   6.5654  -1.7462  -2.0957   2.7110   0.00    0.0
2014/06/13 06:39:00.000   63.755950780  -68.510474511    93.3306   5   9   2.6529   2.1549   6.5306  -1.7430  -2.0757   2.6968   0.00    0.0
2014/06/13 06:39:30.000   63.755952003  -68.510483450    93.2765   5   9   2.6500   2.1546   6.4957  -1.7399  -2.0555   2.6826   0.00    0.0
2014/06/13 06:40:00.000   63.755950074  -68.510478022    93.2032   5   9   2.6472   2.1542   6.4606  -1.7366  -2.0351   2.6682   0.00    0.0
2014/06/13 06:40:30.000   63.755951428  -68.510481599    92.1019   5   9   2.6443   2.1539   6.4255  -1.7334  -2.0145   2.6538   0.00    0.0
2014/06/13 06:41:00.000   63.755950308  -68.510481162    93.1011   5   9   2.6414   2.1536   6.3903  -1.7301  -1.9937   2.6393   0.00    0.0
2014/06/13 06:41:30.000   63.755954052  -68.510483248    93.7014   5   9   2.6386   2.1534   6.3550  -1.7267  -1.9727   2.6247   0.00    0.0
2014/06/13 06:42:00.000   63.755950213  -68.510478970    92.6834   5   9   2.6357   2.1532   6.3198  -1.7234  -1.9515   2.6102   0.00    0.0
2014/06/13 06:42:30.000   63.755952723  -68.510484253    93.6291   5   9   2.6329   2.1530   6.2846  -1.7200  -1.9302   2.5956   0.00    0.0
2014/06/13 06:43:00.000   63.755950915  -68.510477936    93.4887   5   9   2.6301   2.1528   6.2495  -1.7166  -1.9087   2.5811   0.00    0.0
2014/06/13 06:43:30.000   63.755949144  -68.510479176    93.0353   5   9   2.6273   2.1527   6.2144  -1.7132  -1.8871   2.5665   0.00    0.0
2014/06/13 06:44:00.000   63.755954046  -68.510482546    93.4897   5   9   2.6245   2.1527   6.1795  -1.7098  -1.8654   2.5520   0.00    0.0
2014/06/13 06:44:30.000   63.755954854  -68.510486257    94.6991   5   9   2.6217   2.1526   6.1447  -1.7064  -1.8435   2.5376   0.00    0.0
2014/06/13 06:45:00.000   63.755948438  -68.510486337    92.4886   5   9   2.6190   2.1526   6.1101  -1.7029  -1.8215   2.5232   0.00    0.0
2014/06/13 06:45:30.000   63.755950164  -68.510490872    93.1659   5   9   2.6163   2.1527   6.0757  -1.6995  -1.7995   2.5089   0.00    0.0
2014/06/13 06:46:00.000   63.755952598  -68.510491342    93.9427   5  10   2.3569   2.0074   5.9484  -1.4135  -1.9951   2.7234   0.00    0.0
2014/06/13 06:46:30.000   63.755951665  -68.510489199    92.7618   5  10   2.3522   2.0049   5.9174  -1.4056  -1.9731   2.7070   0.00    0.0
2014/06/13 06:47:00.000   63.755950170  -68.510492251    92.4649   5  10   2.3475   2.0025   5.8867  -1.3976  -1.9509   2.6907   0.00    0.0
2014/06/13 06:47:30.000   63.755949638  -68.510494596    93.0799   5  10   2.3430   2.0001   5.8561  -1.3897  -1.9288   2.6745   0.00    0.0
2014/06/13 06:48:00.000   63.755951799  -68.510494289    92.8088   5  10   2.3385   1.9978   5.8256  -1.3819  -1.9065   2.6585   0.00    0.0
2014/06/13 06:48:30.000   63.755952549  -68.510492440    91.4583   5  10   2.3342   1.9955   5.7954  -1.3740  -1.8842   2.6426   0.00    0.0
2014/06/13 06:49:00.000   63.755953541  -68.510491204    92.2689   5  10   2.3299   1.9934   5.7654  -1.3662  -1.8619   2.6269   0.00    0.0
2014/06/13 06:49:30.000   63.755953933  -68.510492712    93.0169   5  10   2.3258   1.9913   5.7356  -1.3584  -1.8395   2.6114   0.00    0.0
2014/06/13 06:50:00.000   63.755952767  -68.510487595    93.3743   5  10   2.3218   1.9892   5.7060  -1.3506  -1.8170   2.5961   0.00    0.0
2014/06/13 06:50:30.000   63.755954132  -68.510491631    93.9513   5  10   2.3179   1.9873   5.6768  -1.3429  -1.7945   2.5809   0.00    0.0
2014/06/13 06:51:00.000   63.755952836  -68.510491744    93.3440   5  10   2.3141   1.9854   5.6478  -1.3352  -1.7720   2.5660   0.00    0.0
2014/06/13 06:51:30.000   63.755961094  -68.510492928    95.4415   5   9   3.5250   1.9867   8.7085  -1.2105  -1.5224   4.9215   0.00    0.0
2014/06/13 06:52:00.000   63.755958223  -68.510487309    95.5561   5   9   3.5314   1.9855   8.7061  -1.1909  -1.4742   4.9274   0.00    0.0
2014/06/13 06:52:30.000   63.755958088  -68.510484557    94.3879   5   9   3.5375   1.9845   8.7028  -1.1708  -1.4241   4.9328   0.00    0.0
2014/06/13 06:53:00.000   63.755960929  -68.510491550    94.5972   5   9   3.5434   1.9836   8.6988  -1.1502  -1.3719   4.9377   0.00    0.0
2014/06/13 06:53:30.000   63.755960206  -68.510481388    95.1740   5   9   3.5491   1.9828   8.6940  -1.1289  -1.3174   4.9421   0.00    0.0
2014/06/13 06:54:00.000   63.755956307  -68.510489295    94.4340   5   9   3.5546   1.9822   8.6884  -1.1071  -1.2604   4.9460   0.00    0.0
2014/06/13 06:54:30.000   63.755956092  -68.510491028    94.2910   5   9   3.5599   1.9817   8.6820  -1.0846  -1.2006   4.9494   0.00    0.0
2014/06/13 06:55:00.000   63.755959102  -68.510491588    94.5028   5   9   3.5650   1.9814   8.6748  -1.0615  -1.1375   4.9524   0.00    0.0
2014/06/13 06:55:30.000   63.755958371  -68.510489761    94.6220   5   9   3.5699   1.9812   8.6669  -1.0377  -1.0707   4.9549   0.00    0.0
2014/06/13 06:56:00.000   63.755956580  -68.510495138    94.5286   5   9   3.5745   1.9812   8.6583  -1.0132  -0.9994   4.9570   0.00    0.0
2014/06/13 06:56:30.000   63.755953553  -68.510500208    94.1393   5   9   3.5790   1.9813   8.6490  -0.9879  -0.9227   4.9586   0.00    0.0
2014/06/13 06:57:00.000   63.755954975  -68.510492055    94.2196   5   9   3.5832   1.9816   8.6389  -0.9619  -0.8391   4.9597   0.00    0.0
2014/06/13 06:57:30.000   63.755955792  -68.510487411    93.6499   5   9   3.5873   1.9821   8.6282  -0.9351  -0.7465   4.9605   0.00    0.0
2014/06/13 06:58:00.000   63.755957560  -68.510490780    94.6542   5   9   3.5912   1.9826   8.6168  -0.9074  -0.6409   4.9608   0.00    0.0
2014/06/13 06:58:30.000   63.755958291  -68.510498160    94.6463   5   9   3.5949   1.9834   8.6048  -0.8788  -0.5145   4.9606   0.00    0.0
2014/06/13 06:59:00.000   63.755959010  -68.510488023    95.1060   5   9   3.5983   1.9843   8.5921  -0.8491  -0.3455   4.9601   0.00    0.0
2014/06/13 06:59:30.000   63.755959371  -68.510497828    95.1218   5   9   3.6016   1.9853   8.5788  -0.8184   0.1591   4.9592   0.00    0.0
2014/06/13 07:00:00.000   63.755949931  -68.510510410    92.4582   5   9   3.4894   1.8861   8.2108  -1.0874  -1.1622   4.7303   0.00    0.0
2014/06/13 07:00:30.000   63.755950275  -68.510504269    91.8968   5   9   3.4926   1.8856   8.1992  -1.0658  -1.1018   4.7298   0.00    0.0
2014/06/13 07:01:00.000   63.755952804  -68.510499926    92.1553   5   8   3.5170   1.8932   8.4467  -1.0111  -1.1987   4.6431   0.00    0.0
2014/06/13 07:01:30.000   63.755954205  -68.510502465    92.3454   5   8   3.5191   1.8926   8.4390  -0.9893  -1.1374   4.6429   0.00    0.0
2014/06/13 07:02:00.000   63.755954444  -68.510504037    93.0523   5   8   3.5211   1.8922   8.4309  -0.9670  -1.0726   4.6424   0.00    0.0
2014/06/13 07:02:30.000   63.755955011  -68.510513480    92.6980   5   8   3.5230   1.8919   8.4222  -0.9440  -1.0038   4.6417   0.00    0.0
2014/06/13 07:03:00.000   63.755956229  -68.510507072    93.2831   5   8   3.5247   1.8918   8.4132  -0.9205  -0.9301   4.6406   0.00    0.0
2014/06/13 07:03:30.000   63.755955471  -68.510502013    92.0135   5   8   3.5264   1.8919   8.4037  -0.8963  -0.8503   4.6394   0.00    0.0
2014/06/13 07:04:00.000   63.755957311  -68.510502658    92.7760   5   8   3.5279   1.8921   8.3937  -0.8715  -0.7623   4.6379   0.00    0.0
2014/06/13 07:04:30.000   63.755956008  -68.510504864    92.6053   5   8   3.5294   1.8925   8.3834  -0.8459  -0.6632   4.6361   0.00    0.0
2014/06/13 07:05:00.000   63.755955483  -68.510504377    93.0893   5   8   3.5307   1.8930   8.3727  -0.8195  -0.5469   4.6341   0.00    0.0
2014/06/13 07:05:30.000   63.755950655  -68.510501477    92.7747   5   8   3.5319   1.8937   8.3615  -0.7923  -0.3988   4.6319   0.00    0.0
2014/06/13 07:06:00.000   63.755956629  -68.510509579    93.1570   5   8   3.5331   1.8946   8.3500  -0.7641  -0.1402   4.6294   0.00    0.0
2014/06/13 07:06:30.000   63.755952037  -68.510500275    92.6146   5   8   3.5341   1.8956   8.3380  -0.7349   0.3449   4.6268   0.00    0.0
2014/06/13 07:07:00.000   63.755950304  -68.510498395    92.3855   5   8   3.5351   1.8968   8.3257  -0.7046   0.5067   4.6239   0.00    0.0
2014/06/13 07:07:30.000   63.755959861  -68.510504094    93.2401   5   8   3.5359   1.8981   8.3131  -0.6731   0.6275   4.6208   0.00    0.0
2014/06/13 07:08:00.000   63.755959382  -68.510501375    94.2910   5   8   3.5367   1.8996   8.3000  -0.6400   0.7278   4.6174   0.00    0.0
2014/06/13 07:08:30.000   63.755958393  -68.510504362    93.3962   5   8   3.5374   1.9013   8.2866  -0.6054   0.8153   4.6139   0.00    0.0
2014/06/13 07:09:00.000   63.755958841  -68.510497490    93.6158   5   8   3.5380   1.9031   8.2729  -0.5687   0.8937   4.6102   0.00    0.0
2014/06/13 07:09:30.000   63.755952885  -68.510503661    93.4147   5   8   3.5385   1.9050   8.2589  -0.5297   0.9652   4.6063   0.00    0.0
2014/06/13 07:10:00.000   63.755959814  -68.510503129    94.1599   5   8   3.5389   1.9071   8.2445  -0.4879   1.0311   4.6022   0.00    0.0
2014/06/13 07:10:30.000   63.755956484  -68.510499307    93.5270   5   8   3.5393   1.9094   8.2297  -0.4424   1.0926   4.5979   0.00    0.0
2014/06/13 07:11:00.000   63.755957983  -68.510503339    94.3920   5   8   3.5395   1.9117   8.2147  -0.3920   1.1502   4.5934   0.00    0.0
2014/06/13 07:11:30.000   63.755953953  -68.510505951    93.6431   5   8   3.5397   1.9142   8.1993  -0.3344   1.2045   4.5888   0.00    0.0
2014/06/13 07:12:00.000   63.755955966  -68.510508393    94.0371   5   8   3.5398   1.9169   8.1837  -0.2652   1.2560   4.5840   0.00    0.0
2014/06/13 07:12:30.000   63.755956734  -68.510510167    94.4282   5   8   3.5399   1.9197   8.1677  -0.1707   1.3048   4.5789   0.00    0.0
2014/06/13 07:13:00.000   63.755956060  -68.510500649    93.7124   5   8   3.5398   1.9225   8.1515   0.1084   1.3514   4.5738   0.00    0.0
2014/06/13 07:13:30.000   63.755955389  -68.510510713    93.3364   5   8   3.5397   1.9256   8.1349   0.2286   1.3959   4.5684   0.00    0.0
2014/06/13 07:14:00.000   63.755960082  -68.510513935    94.3542   5   8   3.5395   1.9287   8.1181   0.3040   1.4385   4.5629   0.00    0.0
2014/06/13 07:14:30.000   63.755955620  -68.510510688    93.7689   5   8   3.5392   1.9319   8.1010   0.3636   1.4793   4.5572   0.00    0.0
2014/06/13 07:15:00.000   63.755960525  -68.510511472    94.9840   5   8   3.5389   1.9353   8.0836   0.4142   1.5185   4.5514   0.00    0.0
2014/06/13 07:15:30.000   63.755959802  -68.510507594    94.2125   5   8   3.5384   1.9387   8.0660   0.4589   1.5562   4.5454   0.00    0.0
2014/06/13 07:16:00.000   63.755962032  -68.510507116    95.3688   5   8   3.5380   1.9423   8.0481   0.4991   1.5925   4.5393   0.00    0.0
2014/06/13 07:16:30.000   63.755955578  -68.510513044    94.5329   5   8   3.5374   1.9459   8.0299   0.5359   1.6274   4.5330   0.00    0.0
2014/06/13 07:17:00.000   63.755955844  -68.510508004    94.2838   5   8   3.5368   1.9497   8.0115   0.5700   1.6610   4.5265   0.00    0.0
2014/06/13 07:17:30.000   63.755956947  -68.510511107    94.2567   5   8   3.5361   1.9535   7.9929   0.6017   1.6935   4.5199   0.00    0.0
2014/06/13 07:18:00.000   63.755957189  -68.510505469    94.3596   5   8   3.5353   1.9574   7.9740   0.6315   1.7248   4.5132   0.00    0.0
2014/06/13 07:18:30.000   63.755952989  -68.510521071    94.3446   5   8   3.5345   1.9614   7.9548   0.6595   1.7551   4.5063   0.00    0.0
2014/06/13 07:19:00.000   63.755954294  -68.510512666    93.9394   5   8   3.5336   1.9655   7.9354   0.6860   1.7842   4.4992   0.00    0.0
2014/06/13 07:19:30.000   63.755952994  -68.510510052    93.7987   5   8   3.5327   1.9696   7.9158   0.7112   1.8124   4.4921   0.00    0.0
2014/06/13 07:20:00.000   63.755958392  -68.510512797    94.3692   5   8   3.5317   1.9738   7.8960   0.7352   1.8397   4.4848   0.00    0.0
2014/06/13 07:20:30.000   63.755961342  -68.510509616    95.0640   5   8   3.5306   1.9781   7.8759   0.7580   1.8660   4.4773   0.00    0.0
2014/06/13 07:21:00.000   63.755959179  -68.510520467    94.0463   5   8   3.5294   1.9824   7.8556   0.7798   1.8914   4.4697   0.00    0.0
2014/06/13 07:21:30.000   63.755963968  -68.510519000    95.9143   5   8   3.5282   1.9868   7.8351   0.8006   1.9159   4.4620   0.00    0.0
2014/06/13 07:22:00.000   63.755952429  -68.510514917    93.1366   5   8   3.5270   1.9912   7.8144   0.8206   1.9396   4.4542   0.00    0.0
2014/06/13 07:22:30.000   63.755958751  -68.510519516    94.2050   5   8   3.5257   1.9956   7.7934   0.8397   1.9625   4.4462   0.00    0.0
2014/06/13 07:23:00.000   63.755957631  -68.510508997    94.0908   5   8   3.5243   2.0001   7.7723   0.8581   1.9846   4.4381   0.00    0.0
2014/06/13 07:23:30.000   63.755957050  -68.510512316    93.8054   5   8   3.5228   2.0046   7.7510   0.8757   2.0060   4.4298   0.00    0.0
2014/06/13 07:24:00.000   63.755956267  -68.510514483    94.2989   5   8   3.5213   2.0092   7.7294   0.8926   2.0266   4.4215   0.00    0.0
2014/06/13 07:24:30.000   63.755956423  -68.510516690    94.3125   5   8   3.5198   2.0137   7.7077   0.9088   2.0464   4.4130   0.00    0.0
2014/06/13 07:25:00.000   63.755958535  -68.510518849    94.6442   5   8   3.5182   2.0183   7.6858   0.9244   2.0655   4.4044   0.00    0.0
2014/06/13 07:25:30.000   63.755955326  -68.510518705    93.6825   5   8   3.5165   2.0229   7.6637   0.9394   2.0840   4.3957   0.00    0.0
2014/06/13 07:26:00.000   63.755948502  -68.510519758    92.0748   5   8   3.5148   2.0275   7.6414   0.9538   2.1017   4.3868   0.00    0.0
2014/06/13 07:26:30.000   63.755960170  -68.510519647    94.7395   5   8   3.5130   2.0322   7.6189   0.9676   2.1188   4.3779   0.00    0.0
2014/06/13 07:27:00.000   63.755957020  -68.510516357    93.6050   5   8   3.5112   2.0368   7.5963   0.9809   2.1353   4.3688   0.00    0.0
2014/06/13 07:27:30.000   63.755951088  -68.510518753    92.5219   5   8   3.5093   2.0414   7.5734   0.9937   2.1510   4.3596   0.00    0.0
2014/06/13 07:28:00.000   63.755957672  -68.510519803    93.7414   5   8   3.5073   2.0460   7.5504   1.0059   2.1662   4.3503   0.00    0.0
2014/06/13 07:28:30.000   63.755958969  -68.510518822    93.9940   5   8   3.5054   2.0506   7.5273   1.0176   2.1807   4.3409   0.00    0.0
2014/06/13 07:29:00.000   63.755955939  -68.510519900    93.5847   5   8   3.5033   2.0551   7.5040   1.0289   2.1947   4.3314   0.00    0.0
2014/06/13 07:29:30.000   63.755953809  -68.510515967    93.0787   5   9   3.4615   1.9878   7.2846   1.1681   1.9895   4.4240   0.00    0.0
2014/06/13 07:30:00.000   63.755958486  -68.510517713    94.2789   5   9   3.4586   1.9914   7.2647   1.1794   2.0044   4.4144   0.00    0.0
2014/06/13 07:30:30.000   63.755959295  -68.510521335    94.9788   5   9   3.4556   1.9949   7.2446   1.1903   2.0186   4.4046   0.00    0.0
2014/06/13 07:31:00.000   63.755964865  -68.510512176    95.7915   5   9   3.4525   1.9985   7.2242   1.2008   2.0323   4.3948   0.00    0.0
2014/06/13 07:31:30.000   63.755960419  -68.510511457    94.6827   5   9   3.4494   2.0020   7.2037   1.2109   2.0453   4.3848   0.00    0.0
2014/06/13 07:32:00.000   63.755956289  -68.510513463    93.3022   5   9   3.4463   2.0054   7.1830   1.2206   2.0577   4.3747   0.00    0.0
2014/06/13 07:32:30.000   63.755965874  -68.510526310    96.2922   5   9   3.4431   2.0089   7.1620   1.2298   2.0696   4.3645   0.00    0.0
2014/06/13 07:33:00.000   63.755956906  -68.510517251    94.5604   5   9   3.4399   2.0123   7.1410   1.2387   2.0809   4.3542   0.00    0.0
2014/06/13 07:33:30.000   63.755956273  -68.510517771    94.4543   5   9   3.4366   2.0156   7.1197   1.2472   2.0916   4.3438   0.00    0.0
2014/06/13 07:34:00.000   63.755953666  -68.510518934    93.1330   5   9   3.4333   2.0189   7.0983   1.2554   2.1017   4.3333   0.00    0.0
2014/06/13 07:34:30.000   63.755954729  -68.510517851    93.5529   5   9   3.4300   2.0222   7.0767   1.2631   2.1113   4.3227   0.00    0.0
2014/06/13 07:35:00.000   63.755950418  -68.510514199    93.0681   5   9   3.4266   2.0254   7.0549   1.2705   2.1203   4.3120   0.00    0.0
2014/06/13 07:35:30.000   63.755964283  -68.510512621    94.9502   5   9   3.4233   2.0286   7.0330   1.2776   2.1288   4.3012   0.00    0.0
2014/06/13 07:36:00.000   63.755966450  -68.510513104    95.5650   5   9   3.4198   2.0317   7.0110   1.2843   2.1368   4.2903   0.00    0.0
2014/06/13 07:36:30.000   63.755966399  -68.510514782    94.9258   5   9   3.4164   2.0347   6.9888   1.2906   2.1443   4.2793   0.00    0.0
2014/06/13 07:37:00.000   63.755960674  -68.510508319    94.3581   5   9   3.4129   2.0377   6.9665   1.2966   2.1512   4.2683   0.00    0.0
2014/06/13 07:37:30.000   63.755957323  -68.510512412    93.7855   5   9   3.4094   2.0407   6.9440   1.3023   2.1577   4.2571   0.00    0.0
2014/06/13 07:38:00.000   63.755959315  -68.510515594    94.3395   5   9   3.4059   2.0435   6.9215   1.3076   2.1636   4.2459   0.00    0.0
2014/06/13 07:38:30.000   63.755956148  -68.510517586    94.6526   5   9   3.4023   2.0463   6.8989   1.3126   2.1690   4.2347   0.00    0.0
2014/06/13 07:39:00.000   63.755953576  -68.510517809    93.5840   5   9   3.3988   2.0490   6.8761   1.3173   2.1740   4.2234   0.00    0.0
2014/06/13 07:39:30.000   63.755960111  -68.510514964    95.3135   5   9   3.3952   2.0517   6.8533   1.3217   2.1785   4.2120   0.00    0.0
2014/06/13 07:40:00.000   63.755966199  -68.510513850    95.8053   5   9   3.3916   2.0543   6.8303   1.3257   2.1825   4.2005   0.00    0.0
2014/06/13 07:40:30.000   63.755963700  -68.510507284    95.8562   5   9   3.3880   2.0567   6.8073   1.3294   2.1860   4.1891   0.00    0.0
2014/06/13 07:41:00.000   63.755963306  -68.510504667    95.5272   5   9   3.3844   2.0592   6.7843   1.3328   2.1891   4.1775   0.00    0.0
2014/06/13 07:41:30.000   63.755964148  -68.510514004    95.4037   5   9   3.3808   2.0615   6.7612   1.3360   2.1917   4.1660   0.00    0.0
2014/06/13 07:42:00.000   63.755956829  -68.510514640    93.9132   5   9   3.3772   2.0638   6.7380   1.3388   2.1939   4.1544   0.00    0.0
2014/06/13 07:42:30.000   63.755951828  -68.510509766    92.8012   5   9   3.3736   2.0660   6.7148   1.3413   2.1956   4.1428   0.00    0.0
2014/06/13 07:43:00.000   63.755954502  -68.510508178    93.6249   5   9   3.3700   2.0681   6.6916   1.3435   2.1969   4.1311   0.00    0.0
2014/06/13 07:43:30.000   63.755957599  -68.510509379    94.0398   5   9   3.3664   2.0701   6.6683   1.3454   2.1978   4.1195   0.00    0.0
2014/06/13 07:44:00.000   63.755963137  -68.510513036    95.2717   5   9   3.3628   2.0720   6.6450   1.3470   2.1982   4.1078   0.00    0.0
2014/06/13 07:44:30.000   63.755985455  -68.510517925    99.7417   5   8  15.7385   3.0591  30.7432  -5.7235  -7.9171  21.8720   0.00    0.0
2014/06/13 07:45:00.000   63.755978661  -68.510518483    98.1725   5   8  15.5987   3.0337  30.4174  -5.6466  -7.8017  21.6567   0.00    0.0
2014/06/13 07:45:30.000   63.755967330  -68.510505313    95.5727   5   8  15.4371   3.0072  30.0496  -5.5627  -7.6767  21.4109   0.00    0.0
2014/06/13 07:46:00.000   63.755973110  -68.510512782    96.6623   5   8  15.2560   2.9799  29.6446  -5.4728  -7.5434  21.1378   0.00    0.0
2014/06/13 07:46:30.000   63.755988874  -68.510517288   100.0813   5   8  15.0576   2.9520  29.2073  -5.3779  -7.4032  20.8411   0.00    0.0
2014/06/13 07:47:00.000   63.755992065  -68.510524940   100.5202   5   8  14.8446   2.9237  28.7427  -5.2790  -7.2573  20.5241   0.00    0.0
2014/06/13 07:47:30.000   63.756006148  -68.510525886   103.9480   5   8  14.6193   2.8955  28.2556  -5.1768  -7.1072  20.1903   0.00    0.0
2014/06/13 07:48:00.000   63.756002491  -68.510528160   102.9554   5   8  14.3841   2.8674  27.7507  -5.0724  -6.9540  19.8431   0.00    0.0
2014/06/13 07:48:30.000   63.755996232  -68.510523010   101.3523   5   8  14.1412   2.8396  27.2324  -4.9664  -6.7989  19.4854   0.00    0.0
2014/06/13 07:49:00.000   63.755986310  -68.510519290    99.7772   5   8  13.8926   2.8124  26.7046  -4.8597  -6.6429  19.1202   0.00    0.0
2014/06/13 07:49:30.000   63.755993386  -68.510521953   100.6311   5   8  13.6401   2.7859  26.1710  -4.7529  -6.4869  18.7502   0.00    0.0
2014/06/13 07:50:00.000   63.755976898  -68.510508136    97.1375   5   8  13.3855   2.7601  25.6349  -4.6466  -6.3318  18.3776   0.00    0.0
2014/06/13 07:50:30.000   63.755976153  -68.510507384    96.6401   5   8  13.1302   2.7352  25.0993  -4.5412  -6.1781  18.0046   0.00    0.0
2014/06/13 07:51:00.000   63.755988994  -68.510518372    99.7164   5   8  12.8756   2.7113  24.5665  -4.4372  -6.0267  17.6329   0.00    0.0
2014/06/13 07:51:30.000   63.755988441  -68.510521022    99.8037   5   8  12.6227   2.6883  24.0387  -4.3349  -5.8778  17.2642   0.00    0.0
2014/06/13 07:52:00.000   63.755986096  -68.510519269    99.2919   5   8  12.3726   2.6663  23.5178  -4.2348  -5.7320  16.8996   0.00    0.0
2014/06/13 07:52:30.000   63.755981403  -68.510515498    99.0253   5   9  12.0614   2.6092  22.9979  -4.0706  -5.5670  16.5186   0.00    0.0
2014/06/13 07:53:00.000   63.755992199  -68.510525412   100.8495   5  10   6.2907   2.4940  11.5403  -2.9800  -4.0173   8.2551   0.00    0.0
2014/06/13 07:53:30.000   63.755996152  -68.510523568   102.0550   5  10   6.2877   2.4854  11.5341  -2.9648  -3.9970   8.2506   0.00    0.0
2014/06/13 07:54:00.000   63.755990872  -68.510520546   100.8696   5  10   6.2831   2.4767  11.5250  -2.9489  -3.9756   8.2439   0.00    0.0
2014/06/13 07:54:30.000   63.755984439  -68.510516130   100.0602   5   9   6.3157   2.6499  11.8861  -3.0450  -4.2987   8.3594   0.00    0.0
2014/06/13 07:55:00.000   63.755953838  -68.510498793    93.7697   5  10   2.4617   2.1192   5.0285  -0.1644  -1.1660   2.6889   0.00    0.0
2014/06/13 07:55:30.000   63.755949158  -68.510493462    92.6725   5  10   2.4650   2.1168   5.0424  -0.1403  -1.1625   2.6974   0.00    0.0
2014/06/13 07:56:00.000   63.755953469  -68.510497859    93.8719   5  10   2.4684   2.1145   5.0563  -0.1116  -1.1591   2.7059   0.00    0.0
2014/06/13 07:56:30.000   63.755951549  -68.510490282    93.1498   5  10   2.4719   2.1122   5.0704  -0.0728  -1.1556   2.7146   0.00    0.0
2014/06/13 07:57:00.000   63.755946884  -68.510488686    92.4545   5  10   2.4755   2.1098   5.0847   0.0418  -1.1523   2.7234   0.00    0.0
2014/06/13 07:57:30.000   63.755944290  -68.510492286    92.2282   5  10   2.4792   2.1075   5.0990   0.0933  -1.1490   2.7323   0.00    0.0
2014/06/13 07:58:00.000   63.755947855  -68.510485820    91.7845   5  10   2.4830   2.1052   5.1134   0.1248  -1.1457   2.7413   0.00    0.0
2014/06/13 07:58:30.000   63.755948680  -68.510489033    92.1434   5   9   2.5685   2.3858   5.3276   0.8638  -1.7128   2.5762   0.00    0.0
2014/06/13 07:59:00.000   63.755949072  -68.510494872    92.7464   5   9   2.5712   2.3813   5.3469   0.8630  -1.7148   2.5849   0.00    0.0
2014/06/13 07:59:30.000   63.755946319  -68.510492715    92.2589   5   9   2.5741   2.3769   5.3662   0.8622  -1.7168   2.5937   0.00    0.0
2014/06/13 08:00:00.000   63.755951031  -68.510493433    92.0027   5   9   2.5770   2.3724   5.3858   0.8612  -1.7188   2.6026   0.00    0.0
2014/06/13 08:00:30.000   63.755951528  -68.510486413    91.7203   5   9   2.5800   2.3680   5.4054   0.8602  -1.7209   2.6117   0.00    0.0
2014/06/13 08:01:00.000   63.755953027  -68.510498002    92.5926   5   9   2.5830   2.3636   5.4252   0.8591  -1.7230   2.6209   0.00    0.0
2014/06/13 08:01:30.000   63.755951871  -68.510489069    91.4923   5   9   2.5861   2.3592   5.4451   0.8579  -1.7251   2.6303   0.00    0.0
2014/06/13 08:02:00.000   63.755951630  -68.510488832    92.0242   5   9   2.5892   2.3547   5.4650   0.8566  -1.7272   2.6397   0.00    0.0
2014/06/13 08:02:30.000   63.755955097  -68.510491931    93.1959   5  10   2.5790   1.9174   5.0997   0.6109  -0.4950   2.7479   0.00    0.0
2014/06/13 08:03:00.000   63.755949554  -68.510500713    92.9146   5  10   2.5819   1.9149   5.1211   0.6056  -0.5099   2.7586   0.00    0.0
2014/06/13 08:03:30.000   63.755951009  -68.510501625    92.3477   5  10   2.5849   1.9125   5.1427   0.6002  -0.5248   2.7694   0.00    0.0
2014/06/13 08:04:00.000   63.755949720  -68.510491818    92.0653   5  10   2.5879   1.9101   5.1645   0.5946  -0.5397   2.7803   0.00    0.0
2014/06/13 08:04:30.000   63.755950197  -68.510504829    92.6425   5  10   2.5909   1.9077   5.1863   0.5889  -0.5544   2.7913   0.00    0.0
2014/06/13 08:05:00.000   63.755943713  -68.510494197    91.5756   5  10   2.5940   1.9053   5.2083   0.5830  -0.5691   2.8023   0.00    0.0
2014/06/13 08:05:30.000   63.755947887  -68.510496623    91.3589   5  10   2.5972   1.9029   5.2303   0.5769  -0.5838   2.8134   0.00    0.0
2014/06/13 08:06:00.000   63.755952607  -68.510498113    92.7098   5  10   2.6003   1.9006   5.2525   0.5706  -0.5984   2.8246   0.00    0.0
2014/06/13 08:06:30.000   63.755947770  -68.510497577    91.7322   5  10   2.6035   1.8983   5.2747   0.5642  -0.6129   2.8358   0.00    0.0
2014/06/13 08:07:00.000   63.755947735  -68.510497777    91.4605   5  10   2.6068   1.8961   5.2970   0.5575  -0.6274   2.8470   0.00    0.0
2014/06/13 08:07:30.000   63.755944946  -68.510495639    92.4498   5  10   2.6101   1.8938   5.3194   0.5507  -0.6419   2.8584   0.00    0.0
2014/06/13 08:08:00.000   63.755951308  -68.510494442    92.5591   5  10   2.6134   1.8916   5.3418   0.5437  -0.6564   2.8697   0.00    0.0
2014/06/13 08:08:30.000   63.755949741  -68.510491158    92.1431   5  10   2.6167   1.8894   5.3642   0.5364  -0.6708   2.8811   0.00    0.0
2014/06/13 08:09:00.000   63.755948364  -68.510495543    92.1853   5  10   2.6201   1.8873   5.3867   0.5290  -0.6852   2.8925   0.00    0.0
2014/06/13 08:09:30.000   63.755954607  -68.510490716    92.7203   5  10   2.6235   1.8852   5.4092   0.5213  -0.6996   2.9039   0.00    0.0
2014/06/13 08:10:00.000   63.755946988  -68.510492291    91.7366   5  10   2.6269   1.8831   5.4317   0.5134  -0.7139   2.9154   0.00    0.0
2014/06/13 08:10:30.000   63.755949803  -68.510490762    91.7166   5  10   2.6303   1.8810   5.4541   0.5052  -0.7282   2.9268   0.00    0.0
2014/06/13 08:11:00.000   63.755953012  -68.510496025    92.3117   5  10   2.6338   1.8789   5.4766   0.4967  -0.7426   2.9383   0.00    0.0
2014/06/13 08:11:30.000   63.755947398  -68.510492431    91.4767   5  10   2.6372   1.8769   5.4990   0.4880  -0.7568   2.9497   0.00    0.0
2014/06/13 08:12:00.000   63.755953702  -68.510497890    93.0399   5  10   2.6407   1.8749   5.5213   0.4790  -0.7711   2.9611   0.00    0.0
2014/06/13 08:12:30.000   63.755954176  -68.510493321    92.4649   5  10   2.6442   1.8730   5.5436   0.4697  -0.7854   2.9725   0.00    0.0
2014/06/13 08:13:00.000   63.755944617  -68.510483195    91.0625   5  10   2.6477   1.8710   5.5658   0.4601  -0.7996   2.9838   0.00    0.0
2014/06/13 08:13:30.000   63.755949205  -68.510497536    92.1619   5  10   2.6512   1.8691   5.5879   0.4501  -0.8138   2.9951   0.00    0.0
2014/06/13 08:14:00.000   63.755950356  -68.510491071    92.1825   5  10   2.6547   1.8672   5.6099   0.4398  -0.8280   3.0063   0.00    0.0
2014/06/13 08:14:30.000   63.755953991  -68.510494180    92.7002   5  10   2.6582   1.8654   5.6317   0.4291  -0.8421   3.0175   0.00    0.0
2014/06/13 08:15:00.000   63.755953587  -68.510487394    91.8139   5  10   2.6617   1.8636   5.6534   0.4179  -0.8563   3.0286   0.00    0.0
2014/06/13 08:15:30.000   63.755948104  -68.510489693    91.5770   5  10   2.6651   1.8618   5.6750   0.4064  -0.8704   3.0397   0.00    0.0
2014/06/13 08:16:00.000   63.755950554  -68.510491370    92.2951   5  10   2.6686   1.8600   5.6963   0.3943  -0.8844   3.0506   0.00    0.0
2014/06/13 08:16:30.000   63.755952838  -68.510489531    92.1607   5  10   2.6720   1.8583   5.7175   0.3817  -0.8985   3.0614   0.00    0.0
2014/06/13 08:17:00.000   63.755950668  -68.510494925    92.4557   5  10   2.6755   1.8566   5.7385   0.3686  -0.9125   3.0722   0.00    0.0
2014/06/13 08:17:30.000   63.755948056  -68.510487130    91.6236   5  10   2.6789   1.8549   5.7592   0.3548  -0.9264   3.0828   0.00    0.0
2014/06/13 08:18:00.000   63.755953733  -68.510491786    92.7015   5  10   2.6822   1.8533   5.7797   0.3403  -0.9403   3.0933   0.00    0.0
2014/06/13 08:18:30.000   63.755953241  -68.510493689    92.5189   5  10   2.6856   1.8517   5.7999   0.3251  -0.9542   3.1036   0.00    0.0
2014/06/13 08:19:00.000   63.755948066  -68.510491951    91.9149   5  10   2.6889   1.8501   5.8198   0.3089  -0.9680   3.1138   0.00    0.0
2014/06/13 08:19:30.000   63.755951161  -68.510489076    92.4349   5  10   2.6921   1.8485   5.8395   0.2917  -0.9818   3.1238   0.00    0.0
2014/06/13 08:20:00.000   63.755952364  -68.510496667    92.7593   5  10   2.6954   1.8470   5.8588   0.2732  -0.9955   3.1337   0.00    0.0
2014/06/13 08:20:30.000   63.755950513  -68.510487587    91.4825   5  10   2.6986   1.8455   5.8778   0.2533  -1.0091   3.1434   0.00    0.0
2014/06/13 08:21:00.000   63.755953052  -68.510498916    92.9592   5  10   2.7017   1.8440   5.8964   0.2315  -1.0227   3.1529   0.00    0.0
2014/06/13 08:21:30.000   63.755951530  -68.510483927    91.5642   5  10   2.7048   1.8426   5.9146   0.2072  -1.0362   3.1622   0.00    0.0
2014/06/13 08:22:00.000   63.755950452  -68.510497781    92.2695   5  10   2.7078   1.8412   5.9325   0.1795  -1.0497   3.1713   0.00    0.0
2014/06/13 08:22:30.000   63.755954139  -68.510487135    92.3057   5  10   2.7107   1.8398   5.9500   0.1465  -1.0630   3.1802   0.00    0.0
2014/06/13 08:23:00.000   63.755951907  -68.510494319    92.5771   5  10   2.7136   1.8385   5.9670   0.1031  -1.0763   3.1889   0.00    0.0
2014/06/13 08:23:30.000   63.755952762  -68.510497207    92.5439   5  10   2.7165   1.8372   5.9836  -0.0157  -1.0895   3.1973   0.00    0.0
2014/06/13 08:24:00.000   63.755951629  -68.510487207    91.8787   5  10   2.7192   1.8359   5.9997  -0.1057  -1.1026   3.2055   0.00    0.0
2014/06/13 08:24:30.000   63.755954424  -68.510499816    92.5511   5  10   2.7219   1.8346   6.0153  -0.1487  -1.1156   3.2134   0.00    0.0
2014/06/13 08:25:00.000   63.755952109  -68.510491137    91.9449   5  10   2.7245   1.8334   6.0305  -0.1820  -1.1285   3.2210   0.00    0.0
2014/06/13 08:25:30.000   63.755950814  -68.510488314    92.0920   5  10   2.7270   1.8322   6.0451  -0.2100  -1.1412   3.2284   0.00    0.0
2014/06/13 08:26:00.000   63.755949218  -68.510494528    91.8691   5  10   2.7294   1.8310   6.0592  -0.2348  -1.1539   3.2355   0.00    0.0
2014/06/13 08:26:30.000   63.755951851  -68.510485077    91.2830   5  10   2.7318   1.8299   6.0727  -0.2573  -1.1664   3.2423   0.00    0.0
2014/06/13 08:27:00.000   63.755950618  -68.510491504    92.2470   5  10   2.7340   1.8288   6.0857  -0.2779  -1.1789   3.2488   0.00    0.0
2014/06/13 08:27:30.000   63.755951112  -68.510486129    91.8746   5  10   2.7362   1.8277   6.0981  -0.2971  -1.1912   3.2549   0.00    0.0
2014/06/13 08:28:00.000   63.755953584  -68.510488174    92.7954   5  10   2.7382   1.8267   6.1099  -0.3151  -1.2033   3.2608   0.00    0.0
2014/06/13 08:28:30.000   63.755949867  -68.510486716    91.9238   5  10   2.7402   1.8257   6.1211  -0.3322  -1.2153   3.2663   0.00    0.0
2014/06/13 08:29:00.000   63.755954927  -68.510485554    93.0316   5  10   2.7420   1.8247   6.1317  -0.3483  -1.2272   3.2715   0.00    0.0
2014/06/13 08:29:30.000   63.755956586  -68.510474270    91.9366   5  10   2.7438   1.8238   6.1417  -0.3637  -1.2389   3.2764   0.00    0.0
2014/06/13 08:30:00.000   63.755952621  -68.510490751    92.9417   5  10   2.7454   1.8228   6.1510  -0.3784  -1.2505   3.2809   0.00    0.0
2014/06/13 08:30:30.000   63.755954245  -68.510489917    92.6068   5  10   2.7469   1.8220   6.1596  -0.3926  -1.2619   3.2850   0.00    0.0
2014/06/13 08:31:00.000   63.755952361  -68.510483508    91.5954   5  10   2.7483   1.8211   6.1676  -0.4061  -1.2731   3.2888   0.00    0.0
2014/06/13 08:31:30.000   63.755953365  -68.510483133    91.7907   5  10   2.7496   1.8203   6.1749  -0.4192  -1.2842   3.2923   0.00    0.0
2014/06/13 08:32:00.000   63.755953971  -68.510486872    92.3872   5  10   2.7507   1.8195   6.1815  -0.4318  -1.2951   3.2953   0.00    0.0
2014/06/13 08:32:30.000   63.755953415  -68.510488094    92.3990   5  10   2.7518   1.8187   6.1874  -0.4439  -1.3058   3.2980   0.00    0.0
2014/06/13 08:33:00.000   63.755955880  -68.510486830    92.6125   5  10   2.7527   1.8179   6.1927  -0.4556  -1.3163   3.3003   0.00    0.0
2014/06/13 08:33:30.000   63.755950206  -68.510496581    92.2598   5  10   2.7535   1.8172   6.1972  -0.4670  -1.3267   3.3022   0.00    0.0
2014/06/13 08:34:00.000   63.755951867  -68.510487604    91.5911   5  10   2.7542   1.8165   6.2010  -0.4779  -1.3368   3.3037   0.00    0.0
2014/06/13 08:34:30.000   63.755957049  -68.510485396    92.0919   5  10   2.7550   1.8159   6.2045  -0.4890  -1.3470   3.3053   0.00    0.0
2014/06/13 08:35:00.000   63.755954003  -68.510491171    92.4446   5  10   2.7555   1.8152   6.2068  -0.4993  -1.3568   3.3061   0.00    0.0
2014/06/13 08:35:30.000   63.755952056  -68.510491021    92.1976   5  10   2.7557   1.8146   6.2084  -0.5092  -1.3663   3.3064   0.00    0.0
2014/06/13 08:36:00.000   63.755952551  -68.510490414    92.3301   5  10   2.7559   1.8140   6.2094  -0.5188  -1.3757   3.3064   0.00    0.0
2014/06/13 08:36:30.000   63.755956181  -68.510487147    92.6252   5  10   2.7559   1.8135   6.2095  -0.5282  -1.3848   3.3059   0.00    0.0
2014/06/13 08:37:00.000   63.755953496  -68.510487063    91.5592   5  10   2.7558   1.8129   6.2090  -0.5373  -1.3937   3.3051   0.00    0.0
2014/06/13 08:37:30.000   63.755953948  -68.510482815    91.2577   5  10   2.7556   1.8124   6.2077  -0.5460  -1.4025   3.3039   0.00    0.0
2014/06/13 08:38:00.000   63.755950349  -68.510490872    91.8259   5  10   2.7553   1.8119   6.2057  -0.5545  -1.4110   3.3023   0.00    0.0
2014/06/13 08:38:30.000   63.755954872  -68.510485966    92.1689   5  10   2.7548   1.8115   6.2030  -0.5628  -1.4192   3.3003   0.00    0.0
2014/06/13 08:39:00.000   63.755954684  -68.510486306    91.9192   5  10   2.7542   1.8110   6.1996  -0.5708  -1.4273   3.2979   0.00    0.0
2014/06/13 08:39:30.000   63.755955118  -68.510484406    92.0909   5  10   2.7535   1.8106   6.1955  -0.5785  -1.4351   3.2951   0.00    0.0
2014/06/13 08:40:00.000   63.755951134  -68.510493349    91.8349   5  10   2.7527   1.8102   6.1906  -0.5860  -1.4428   3.2919   0.00    0.0
2014/06/13 08:40:30.000   63.755955048  -68.510487153    92.3139   5  10   2.7517   1.8099   6.1851  -0.5933  -1.4502   3.2884   0.00    0.0
2014/06/13 08:41:00.000   63.755954710  -68.510487938    91.9252   5  10   2.7506   1.8095   6.1789  -0.6003  -1.4574   3.2845   0.00    0.0
2014/06/13 08:41:30.000   63.755958071  -68.510489764    92.5450   5  10   2.7495   1.8092   6.1720  -0.6072  -1.4643   3.2802   0.00    0.0
2014/06/13 08:42:00.000   63.755956320  -68.510489181    92.5461   5  10   2.7482   1.8089   6.1644  -0.6137  -1.4710   3.2755   0.00    0.0
2014/06/13 08:42:30.000   63.755952014  -68.510493299    92.1922   5  10   2.7468   1.8086   6.1562  -0.6201  -1.4776   3.2705   0.00    0.0
2014/06/13 08:43:00.000   63.755957034  -68.510494655    93.0047   5  10   2.7452   1.8084   6.1474  -0.6263  -1.4839   3.2652   0.00    0.0
2014/06/13 08:43:30.000   63.755958026  -68.510487734    92.3731   5  10   2.7436   1.8082   6.1379  -0.6322  -1.4899   3.2595   0.00    0.0
2014/06/13 08:44:00.000   63.755955481  -68.510492571    92.6862   5  10   2.7419   1.8080   6.1278  -0.6380  -1.4958   3.2535   0.00    0.0
2014/06/13 08:44:30.000   63.755958293  -68.510492666    92.3300   5  10   2.7401   1.8078   6.1171  -0.6436  -1.5014   3.2471   0.00    0.0
2014/06/13 08:45:00.000   63.755954768  -68.510491681    92.8209   5  10   2.7382   1.8076   6.1057  -0.6489  -1.5069   3.2404   0.00    0.0
2014/06/13 08:45:30.000   63.755955195  -68.510496566    93.2280   5  10   2.7362   1.8074   6.0939  -0.6541  -1.5121   3.2334   0.00    0.0
2014/06/13 08:46:00.000   63.755956113  -68.510493211    93.0059   5  10   2.7341   1.8073   6.0814  -0.6591  -1.5171   3.2261   0.00    0.0
2014/06/13 08:46:30.000   63.755953254  -68.510497139    92.9473   5  10   2.7319   1.8072   6.0684  -0.6639  -1.5218   3.2185   0.00    0.0
2014/06/13 08:47:00.000   63.755952164  -68.510491593    92.9037   5  10   2.7296   1.8071   6.0549  -0.6685  -1.5264   3.2106   0.00    0.0
2014/06/13 08:47:30.000   63.755953254  -68.510491196    92.8316   5  10   2.7273   1.8071   6.0408  -0.6730  -1.5308   3.2024   0.00    0.0
2014/06/13 08:48:00.000   63.755954846  -68.510487009    92.6600   5  10   2.7249   1.8070   6.0263  -0.6773  -1.5350   3.1939   0.00    0.0
2014/06/13 08:48:30.000   63.755957271  -68.510489303    92.5525   5  10   2.7224   1.8070   6.0113  -0.6814  -1.5390   3.1852   0.00    0.0
2014/06/13 08:49:00.000   63.755957051  -68.510481955    92.8144   5  10   2.7199   1.8070   5.9958  -0.6854  -1.5428   3.1763   0.00    0.0
2014/06/13 08:49:30.000   63.755957127  -68.510484989    92.4272   5  10   2.7173   1.8070   5.9799  -0.6892  -1.5463   3.1671   0.00    0.0
2014/06/13 08:50:00.000   63.755951829  -68.510492067    92.0936   5  10   2.7146   1.8071   5.9636  -0.6929  -1.5498   3.1576   0.00    0.0
2014/06/13 08:50:30.000   63.755955560  -68.510493927    93.5858   5  10   2.7119   1.8071   5.9468  -0.6964  -1.5530   3.1480   0.00    0.0
2014/06/13 08:51:00.000   63.755951754  -68.510499399    93.1629   5  10   2.7092   1.8072   5.9296  -0.6998  -1.5560   3.1381   0.00    0.0
2014/06/13 08:51:30.000   63.755952305  -68.510490172    92.7926   5  10   2.7064   1.8073   5.9121  -0.7030  -1.5589   3.1280   0.00    0.0
2014/06/13 08:52:00.000   63.755954889  -68.510481163    92.4547   5   9   2.7258   1.8869   6.0288  -0.8289  -1.3237   3.0462   0.00    0.0
2014/06/13 08:52:30.000   63.755955276  -68.510484833    92.6471   5   9   2.7227   1.8874   6.0109  -0.8310  -1.3262   3.0359   0.00    0.0
2014/06/13 08:53:00.000   63.755957277  -68.510489790    92.8119   5   9   2.7195   1.8878   5.9927  -0.8330  -1.3285   3.0254   0.00    0.0
2014/06/13 08:53:30.000   63.755958372  -68.510491716    93.2637   5   9   2.7164   1.8883   5.9742  -0.8349  -1.3307   3.0148   0.00    0.0
2014/06/13 08:54:00.000   63.755957229  -68.510492168    93.0234   5   9   2.7132   1.8888   5.9554  -0.8367  -1.3328   3.0040   0.00    0.0
2014/06/13 08:54:30.000   63.755957310  -68.510489820    93.3033   5   9   2.7100   1.8894   5.9362  -0.8384  -1.3347   2.9930   0.00    0.0
2014/06/13 08:55:00.000   63.755953963  -68.510496061    93.2051   5   9   2.7067   1.8899   5.9168  -0.8401  -1.3364   2.9819   0.00    0.0
2014/06/13 08:55:30.000   63.755952065  -68.510493804    93.1137   5   9   2.7035   1.8905   5.8971  -0.8416  -1.3380   2.9706   0.00    0.0
2014/06/13 08:56:00.000   63.755956284  -68.510489249    93.1437   5   9   2.7003   1.8911   5.8772  -0.8431  -1.3396   2.9593   0.00    0.0
2014/06/13 08:56:30.000   63.755958404  -68.510484869    92.9973   5   9   2.6970   1.8917   5.8570  -0.8445  -1.3409   2.9478   0.00    0.0
2014/06/13 08:57:00.000   63.755957860  -68.510488246    93.7169   5   9   2.6938   1.8924   5.8367  -0.8458  -1.3422   2.9362   0.00    0.0
2014/06/13 08:57:30.000   63.755959793  -68.510487290    93.2642   5   9   2.6905   1.8930   5.8161  -0.8470  -1.3433   2.9245   0.00    0.0
2014/06/13 08:58:00.000   63.755958635  -68.510491414    93.0307   5   9   2.6873   1.8937   5.7954  -0.8482  -1.3444   2.9127   0.00    0.0
2014/06/13 08:58:30.000   63.755960204  -68.510487973    93.4474   5   9   2.6840   1.8944   5.7745  -0.8493  -1.3453   2.9009   0.00    0.0
2014/06/13 08:59:00.000   63.755956954  -68.510487007    92.7103   5   9   2.6808   1.8951   5.7535  -0.8503  -1.3462   2.8889   0.00    0.0
2014/06/13 08:59:30.000   63.755954798  -68.510498073    93.5593   5   9   2.6776   1.8959   5.7324  -0.8512  -1.3469   2.8769   0.00    0.0
2014/06/13 09:00:00.000   63.755959125  -68.510490532    95.0814   5   8   2.6594   2.0349   6.2182  -0.5865   1.0404   2.9042   0.00    0.0
2014/06/13 09:00:30.000   63.755959766  -68.510493625    94.6421   5   8   2.6560   2.0358   6.1952  -0.5846   1.0432   2.8916   0.00    0.0
2014/06/13 09:01:00.000   63.755959583  -68.510489108    95.2361   5   8   2.6525   2.0366   6.1719  -0.5827   1.0457   2.8789   0.00    0.0
2014/06/13 09:01:30.000   63.755955224  -68.510493804    94.7646   5   8   2.6491   2.0375   6.1484  -0.5809   1.0479   2.8662   0.00    0.0
2014/06/13 09:02:00.000   63.755959395  -68.510489543    95.2618   5   8   2.6458   2.0384   6.1247  -0.5791   1.0499   2.8533   0.00    0.0
2014/06/13 09:02:30.000   63.755958123  -68.510488387    94.7119   5   8   2.6424   2.0393   6.1008  -0.5774   1.0516   2.8404   0.00    0.0
2014/06/13 09:03:00.000   63.755957289  -68.510493439    95.2698   5   8   2.6400   2.0403   6.0778  -0.5749   1.0540   2.8289   0.00    0.0
2014/06/13 09:03:30.000   63.755956385  -68.510483041    93.9052   5   8   2.6368   2.0412   6.0536  -0.5732   1.0553   2.8161   0.00    0.0
2014/06/13 09:04:00.000   63.755958194  -68.510488639    94.3424   5   8   2.6337   2.0422   6.0292  -0.5715   1.0564   2.8033   0.00    0.0
2014/06/13 09:04:30.000   63.755956854  -68.510495438    95.6408   5   8   2.6306   2.0431   6.0048  -0.5699   1.0573   2.7904   0.00    0.0
2014/06/13 09:05:00.000   63.755956981  -68.510486501    94.8261   5   8   2.6276   2.0441   5.9802  -0.5683   1.0580   2.7775   0.00    0.0
2014/06/13 09:05:30.000   63.755960345  -68.510484298    94.5796   5   8   2.6246   2.0451   5.9556  -0.5667   1.0584   2.7647   0.00    0.0
2014/06/13 09:06:00.000   63.755960585  -68.510491933    95.2646   5   8   2.6217   2.0461   5.9309  -0.5652   1.0586   2.7519   0.00    0.0
2014/06/13 09:06:30.000   63.755957865  -68.510494253    95.2816   5   8   2.6188   2.0471   5.9061  -0.5637   1.0587   2.7390   0.00    0.0
2014/06/13 09:07:00.000   63.755959303  -68.510492055    95.0139   5   8   2.6160   2.0481   5.8813  -0.5623   1.0584   2.7263   0.00    0.0
2014/06/13 09:07:30.000   63.755961985  -68.510492153    95.4129   5   8   2.6133   2.0492   5.8565  -0.5608   1.0580   2.7135   0.00    0.0
2014/06/13 09:08:00.000   63.755957838  -68.510500054    95.2964   5   8   2.6106   2.0502   5.8316  -0.5594   1.0574   2.7008   0.00    0.0
2014/06/13 09:08:30.000   63.755954952  -68.510483275    93.0255   5   7   2.6203   2.4037   6.6551  -0.7937  -1.7197   2.8378   0.00    0.0
2014/06/13 09:09:00.000   63.755956245  -68.510481285    93.7700   5   7   2.6177   2.4035   6.6328  -0.7919  -1.7178   2.8254   0.00    0.0
2014/06/13 09:09:30.000   63.755957136  -68.510483455    94.0476   5   7   2.6152   2.4032   6.6103  -0.7900  -1.7156   2.8130   0.00    0.0
2014/06/13 09:10:00.000   63.755957638  -68.510476910    92.8222   5   7   2.6127   2.4029   6.5874  -0.7880  -1.7132   2.8006   0.00    0.0
2014/06/13 09:10:30.000   63.755954828  -68.510478483    93.8020   5   7   2.6102   2.4026   6.5643  -0.7859  -1.7105   2.7882   0.00    0.0
2014/06/13 09:11:00.000   63.755954079  -68.510475864    93.2699   5   7   2.6079   2.4023   6.5408  -0.7837  -1.7077   2.7758   0.00    0.0
2014/06/13 09:11:30.000   63.755952582  -68.510488408    92.2411   5   7   2.6056   2.4020   6.5171  -0.7815  -1.7047   2.7634   0.00    0.0
2014/06/13 09:12:00.000   63.755957728  -68.510476797    93.2724   5   7   2.6033   2.4017   6.4932  -0.7791  -1.7014   2.7509   0.00    0.0
2014/06/13 09:12:30.000   63.755956485  -68.510475444    92.4575   5   7   2.6011   2.4013   6.4691  -0.7767  -1.6980   2.7385   0.00    0.0
2014/06/13 09:13:00.000   63.755954963  -68.510483683    92.6419   5   8   2.3921   2.3197   5.5631  -1.1085  -2.2105   2.0310   0.00    0.0
2014/06/13 09:13:30.000   63.755956168  -68.510476901    93.2117   5   8   2.3932   2.3173   5.5601  -1.1079  -2.2069   2.0316   0.00    0.0
2014/06/13 09:14:00.000   63.755958078  -68.510481621    92.4879   5   8   2.3943   2.3149   5.5569  -1.1073  -2.2030   2.0323   0.00    0.0
2014/06/13 09:14:30.000   63.755949140  -68.510485012    92.8569   5   8   2.3955   2.3124   5.5533  -1.1066  -2.1989   2.0329   0.00    0.0
2014/06/13 09:15:00.000   63.755951403  -68.510481307    92.5358   5   8   2.3968   2.3099   5.5495  -1.1058  -2.1945   2.0335   0.00    0.0
2014/06/13 09:15:30.000   63.755952884  -68.510481067    92.6443   5   8   2.3981   2.3073   5.5453  -1.1049  -2.1899   2.0342   0.00    0.0
2014/06/13 09:16:00.000   63.755955994  -68.510477702    93.4152   5   8   2.3994   2.3047   5.5409  -1.1040  -2.1850   2.0348   0.00    0.0
2014/06/13 09:16:30.000   63.755956096  -68.510472488    92.4647   5   8   2.4008   2.3021   5.5361  -1.1030  -2.1798   2.0354   0.00    0.0
2014/06/13 09:17:00.000   63.755953912  -68.510482780    93.1046   5   8   2.4023   2.2994   5.5311  -1.1019  -2.1744   2.0361   0.00    0.0
2014/06/13 09:17:30.000   63.755953043  -68.510480598    93.5731   5   8   2.4038   2.2967   5.5258  -1.1008  -2.1687   2.0367   0.00    0.0
2014/06/13 09:18:00.000   63.755952611  -68.510480673    93.1555   5   8   2.4053   2.2940   5.5202  -1.0995  -2.1628   2.0374   0.00    0.0
2014/06/13 09:18:30.000   63.755956575  -68.510477439    93.4087   5   8   2.4069   2.2912   5.5143  -1.0983  -2.1567   2.0381   0.00    0.0
2014/06/13 09:19:00.000   63.755950078  -68.510486949    92.9870   5   8   2.4086   2.2884   5.5082  -1.0969  -2.1503   2.0388   0.00    0.0
2014/06/13 09:19:30.000   63.755957605  -68.510477858    92.4233   5   8   2.4103   2.2856   5.5017  -1.0955  -2.1437   2.0394   0.00    0.0
2014/06/13 09:20:00.000   63.755956092  -68.510482274    93.5285   5   8   2.4120   2.2827   5.4951  -1.0941  -2.1369   2.0401   0.00    0.0
2014/06/13 09:20:30.000   63.755953900  -68.510479320    93.6393   5   8   2.4138   2.2798   5.4881  -1.0925  -2.1298   2.0409   0.00    0.0
2014/06/13 09:21:00.000   63.755955483  -68.510472301    92.4398   5   8   2.4156   2.2769   5.4810  -1.0909  -2.1226   2.0416   0.00    0.0
2014/06/13 09:21:30.000   63.755950302  -68.510481653    92.7754   5   8   2.4175   2.2740   5.4736  -1.0893  -2.1151   2.0423   0.00    0.0
2014/06/13 09:22:00.000   63.755954466  -68.510480581    93.5746   5   8   2.4195   2.2711   5.4659  -1.0875  -2.1074   2.0431   0.00    0.0
2014/06/13 09:22:30.000   63.755958887  -68.510475769    93.4862   5   8   2.4215   2.2681   5.4580  -1.0858  -2.0995   2.0439   0.00    0.0
2014/06/13 09:23:00.000   63.755953858  -68.510474947    93.3013   5   8   2.4235   2.2651   5.4500  -1.0839  -2.0915   2.0447   0.00    0.0
2014/06/13 09:23:30.000   63.755957374  -68.510474299    94.2896   5   8   2.4256   2.2622   5.4417  -1.0820  -2.0832   2.0455   0.00    0.0
2014/06/13 09:24:00.000   63.755955423  -68.510478455    93.6210   5   8   2.4278   2.2592   5.4332  -1.0801  -2.0747   2.0464   0.00    0.0
2014/06/13 09:24:30.000   63.755952621  -68.510476568    93.1958   5   8   2.4300   2.2562   5.4245  -1.0781  -2.0661   2.0473   0.00    0.0
2014/06/13 09:25:00.000   63.755961265  -68.510475392    92.8818   5   8   2.4323   2.2532   5.4156  -1.0760  -2.0572   2.0482   0.00    0.0
2014/06/13 09:25:30.000   63.755959134  -68.510479253    93.8267   5   8   2.4346   2.2502   5.4065  -1.0739  -2.0482   2.0491   0.00    0.0
2014/06/13 09:26:00.000   63.755960788  -68.510481527    93.9572   5   8   2.4370   2.2472   5.3973  -1.0717  -2.0391   2.0501   0.00    0.0
2014/06/13 09:26:30.000   63.755959444  -68.510474171    93.2277   5   8   2.4394   2.2442   5.3879  -1.0694  -2.0297   2.0511   0.00    0.0
2014/06/13 09:27:00.000   63.755954061  -68.510477091    93.2014   5   8   2.4419   2.2412   5.3783  -1.0671  -2.0202   2.0522   0.00    0.0
2014/06/13 09:27:30.000   63.755956604  -68.510474813    94.6348   5   8   2.4445   2.2382   5.3686  -1.0648  -2.0106   2.0533   0.00    0.0
2014/06/13 09:28:00.000   63.755957007  -68.510475447    93.0085   5   8   2.4471   2.2353   5.3588  -1.0624  -2.0008   2.0544   0.00    0.0
2014/06/13 09:28:30.000   63.755956170  -68.510477807    93.5469   5   8   2.4498   2.2323   5.3488  -1.0600  -1.9908   2.0556   0.00    0.0
2014/06/13 09:29:00.000   63.755957272  -68.510478316    93.8480   5   8   2.4525   2.2293   5.3387  -1.0575  -1.9807   2.0569   0.00    0.0
2014/06/13 09:29:30.000   63.755962599  -68.510484332    93.3930   5   8   2.4553   2.2264   5.3285  -1.0549  -1.9705   2.0582   0.00    0.0
2014/06/13 09:30:00.000   63.755958498  -68.510484926    93.0514   5   8   2.4582   2.2235   5.3182  -1.0523  -1.9602   2.0595   0.00    0.0
2014/06/13 09:30:30.000   63.755954212  -68.510477988    93.3722   5   8   2.4611   2.2206   5.3078  -1.0497  -1.9497   2.0610   0.00    0.0
2014/06/13 09:31:00.000   63.755956696  -68.510475165    93.8574   5   8   2.4641   2.2177   5.2974  -1.0469  -1.9390   2.0625   0.00    0.0
2014/06/13 09:31:30.000   63.755954230  -68.510476608    93.5123   5   8   2.4672   2.2148   5.2868  -1.0442  -1.9283   2.0640   0.00    0.0
2014/06/13 09:32:00.000   63.755955921  -68.510481669    93.6371   5   8   2.4703   2.2119   5.2762  -1.0414  -1.9174   2.0656   0.00    0.0
2014/06/13 09:32:30.000   63.755950112  -68.510471518    92.6347   5   8   2.4735   2.2091   5.2656  -1.0385  -1.9065   2.0673   0.00    0.0
2014/06/13 09:33:00.000   63.755955427  -68.510475390    94.3328   5   8   2.4768   2.2063   5.2548  -1.0357  -1.8954   2.0691   0.00    0.0
2014/06/13 09:33:30.000   63.755953144  -68.510476846    93.2336   5   8   2.4801   2.2035   5.2441  -1.0327  -1.8842   2.0710   0.00    0.0
2014/06/13 09:34:00.000   63.755954206  -68.510474667    93.8729   5   8   2.4835   2.2008   5.2333  -1.0297  -1.8729   2.0729   0.00    0.0
2014/06/13 09:34:30.000   63.755956176  -68.510474573    93.4205   5   8   2.4870   2.1981   5.2225  -1.0267  -1.8615   2.0750   0.00    0.0
2014/06/13 09:35:00.000   63.755957655  -68.510480367    93.9346   5   8   2.4906   2.1954   5.2117  -1.0236  -1.8500   2.0771   0.00    0.0
2014/06/13 09:35:30.000   63.755953165  -68.510474536    93.3421   5   8   2.4942   2.1928   5.2009  -1.0205  -1.8384   2.0793   0.00    0.0
2014/06/13 09:36:00.000   63.755955644  -68.510474085    93.5938   5   8   2.4980   2.1902   5.1901  -1.0173  -1.8268   2.0816   0.00    0.0
2014/06/13 09:36:30.000   63.755956045  -68.510470976    93.2273   5   8   2.5018   2.1876   5.1794  -1.0140  -1.8150   2.0840   0.00    0.0
2014/06/13 09:37:00.000   63.755955320  -68.510474470    93.3168   5   8   2.5056   2.1850   5.1686  -1.0108  -1.8031   2.0865   0.00    0.0
2014/06/13 09:37:30.000   63.755955532  -68.510478068    94.2001   5   8   2.5096   2.1825   5.1579  -1.0074  -1.7912   2.0892   0.00    0.0
2014/06/13 09:38:00.000   63.755947944  -68.510474980    92.5477   5   8   2.5136   2.1801   5.1472  -1.0041  -1.7792   2.0919   0.00    0.0
2014/06/13 09:38:30.000   63.755949220  -68.510483026    92.6540   5   7   4.0805   2.2301   7.8110  -1.5953  -2.4395   4.8254   0.00    0.0
2014/06/13 09:39:00.000   63.755956684  -68.510468939    93.8704   5   7   4.0985   2.2270   7.8294  -1.5925  -2.4298   4.8497   0.00    0.0
2014/06/13 09:39:30.000   63.755952106  -68.510483349    92.9879   5   7   4.1162   2.2239   7.8472  -1.5893  -2.4194   4.8736   0.00    0.0
2014/06/13 09:40:00.000   63.755965310  -68.510469690    94.5077   5   7   4.1338   2.2208   7.8642  -1.5856  -2.4085   4.8969   0.00    0.0
2014/06/13 09:40:30.000   63.755946497  -68.510478901    93.2155   5   7   4.1511   2.2177   7.8804  -1.5815  -2.3971   4.9196   0.00    0.0
2014/06/13 09:41:00.000   63.755960565  -68.510470476    93.4315   5   7   4.1682   2.2146   7.8958  -1.5770  -2.3850   4.9418   0.00    0.0
2014/06/13 09:41:30.000   63.755955398  -68.510479965    93.3756   5   7   4.1850   2.2115   7.9104  -1.5720  -2.3724   4.9633   0.00    0.0
2014/06/13 09:42:00.000   63.755952569  -68.510476118    92.7225   5   7   4.2015   2.2084   7.9241  -1.5665  -2.3591   4.9842   0.00    0.0
2014/06/13 09:42:30.000   63.755950119  -68.510476545    93.7841   5   7   4.2177   2.2053   7.9370  -1.5606  -2.3453   5.0044   0.00    0.0
2014/06/13 09:43:00.000   63.755948488  -68.510478507    92.9916   5   7   4.2336   2.2022   7.9490  -1.5542  -2.3308   5.0239   0.00    0.0
2014/06/13 09:43:30.000   63.755944840  -68.510477869    93.4338   5   7   4.2492   2.1991   7.9601  -1.5473  -2.3157   5.0428   0.00    0.0
2014/06/13 09:44:00.000   63.755958150  -68.510468284    92.8971   5   7   4.2645   2.1960   7.9703  -1.5400  -2.3000   5.0609   0.00    0.0
2014/06/13 09:44:30.000   63.755938530  -68.510474812    92.8983   5   7   4.2793   2.1929   7.9794  -1.5321  -2.2837   5.0783   0.00    0.0
2014/06/13 09:45:00.000   63.755949885  -68.510471382    93.5362   5   6   4.3088   2.4479   8.4449  -1.6475  -1.4626   4.9974   0.00    0.0
2014/06/13 09:45:30.000   63.755956831  -68.510475731    93.5062   5   6   4.3201   2.4459   8.4720  -1.6280  -1.4098   5.0209   0.00    0.0
2014/06/13 09:46:00.000   63.755950180  -68.510471120    94.0556   5   6   4.3313   2.4440   8.4988  -1.6077  -1.3535   5.0440   0.00    0.0
2014/06/13 09:46:30.000   63.755958710  -68.510473523    94.4689   5   6   4.3423   2.4423   8.5251  -1.5866  -1.2933   5.0667   0.00    0.0
2014/06/13 09:47:00.000   63.755951084  -68.510477018    92.7434   5   6   4.3532   2.4407   8.5509  -1.5647  -1.2288   5.0890   0.00    0.0
2014/06/13 09:47:30.000   63.755945866  -68.510472228    94.1855   5   6   4.3639   2.4394   8.5762  -1.5419  -1.1591   5.1109   0.00    0.0
2014/06/13 09:48:00.000   63.755957052  -68.510477528    93.9390   5   6   4.3745   2.4381   8.6010  -1.5183  -1.0833   5.1323   0.00    0.0
2014/06/13 09:48:30.000   63.755951610  -68.510471335    93.6588   5   6   4.3848   2.4371   8.6253  -1.4937  -1.0001   5.1533   0.00    0.0
2014/06/13 09:49:00.000   63.755950770  -68.510473270    93.7604   5   6   4.3949   2.4363   8.6490  -1.4682  -0.9074   5.1738   0.00    0.0
2014/06/13 09:49:30.000   63.755960231  -68.510474565    94.7863   5   6   4.4048   2.4356   8.6722  -1.4416  -0.8019   5.1938   0.00    0.0
2014/06/13 09:50:00.000   63.755949527  -68.510476508    93.6227   5   6   4.4145   2.4352   8.6947  -1.4140  -0.6778   5.2134   0.00    0.0
2014/06/13 09:50:30.000   63.755951608  -68.510469437    94.7803   5   6   4.4240   2.4350   8.7167  -1.3853  -0.5222   5.2324   0.00    0.0
2014/06/13 09:51:00.000   63.755954457  -68.510470291    94.0868   5   6   4.4333   2.4350   8.7380  -1.3555  -0.2875   5.2509   0.00    0.0
2014/06/13 09:51:30.000   63.755955728  -68.510479527    93.9347   5   6   4.4422   2.4353   8.7586  -1.3244   0.3324   5.2688   0.00    0.0
2014/06/13 09:52:00.000   63.755952317  -68.510474377    93.7324   5   6   4.4510   2.4358   8.7786  -1.2921   0.5537   5.2862   0.00    0.0
2014/06/13 09:52:30.000   63.755953589  -68.510470914    93.8153   5   6   4.4594   2.4365   8.7979  -1.2584   0.7111   5.3030   0.00    0.0
2014/06/13 09:53:00.000   63.755961018  -68.510471211    94.6662   5   6   4.4676   2.4376   8.8165  -1.2232   0.8411   5.3192   0.00    0.0
2014/06/13 09:53:30.000   63.755955685  -68.510476939    93.6970   5   6   4.4755   2.4388   8.8344  -1.1864   0.9550   5.3348   0.00    0.0
2014/06/13 09:54:00.000   63.755952127  -68.510472746    93.5580   5   6   4.4831   2.4403   8.8515  -1.1480   1.0579   5.3498   0.00    0.0
2014/06/13 09:54:30.000   63.755951049  -68.510472896    93.3510   5   6   4.4904   2.4422   8.8678  -1.1076   1.1528   5.3642   0.00    0.0
2014/06/13 09:55:00.000   63.755948409  -68.510474035    94.9617   5   6   4.4974   2.4442   8.8834  -1.0653   1.2413   5.3779   0.00    0.0
2014/06/13 09:55:30.000   63.755964651  -68.510471498    95.1882   5   6   4.8127   2.3291   8.8422   1.1469   0.9869   5.5897   0.00    0.0
2014/06/13 09:56:00.000   63.755955690  -68.510477780    93.8479   5   6   4.8159   2.3303   8.8568   1.1894   1.0898   5.5982   0.00    0.0
2014/06/13 09:56:30.000   63.755958527  -68.510480020    94.6816   5   6   4.8186   2.3318   8.8704   1.2306   1.1842   5.6059   0.00    0.0
2014/06/13 09:57:00.000   63.755959733  -68.510477212    94.7370   5   6   4.8209   2.3336   8.8832   1.2706   1.2720   5.6128   0.00    0.0
2014/06/13 09:57:30.000   63.755958558  -68.510478879    94.4595   5   6   4.8227   2.3357   8.8949   1.3095   1.3544   5.6190   0.00    0.0
2014/06/13 09:58:00.000   63.755958443  -68.510470562    94.3277   5   6   4.8242   2.3381   8.9058   1.3473   1.4323   5.6244   0.00    0.0
2014/06/13 09:58:30.000   63.755959070  -68.510475447    94.7331   5   6   4.8252   2.3408   8.9156   1.3842   1.5063   5.6290   0.00    0.0
2014/06/13 09:59:00.000   63.755961107  -68.510477337    95.0338   5   6   4.8258   2.3437   8.9245   1.4201   1.5769   5.6329   0.00    0.0
2014/06/13 09:59:30.000   63.755956012  -68.510478807    94.4578   5   6   4.8260   2.3470   8.9324   1.4551   1.6445   5.6359   0.00    0.0
2014/06/13 10:00:00.000   63.755960013  -68.510474490    94.5637   5   6   5.5951   2.4382  10.8760   0.6453  -0.8397   6.7769   0.00    0.0
2014/06/13 10:00:30.000   63.755958476  -68.510478178    94.5763   5   6   5.5804   2.4373  10.8592   0.7615  -0.5814   6.7564   0.00    0.0
2014/06/13 10:01:00.000   63.755955996  -68.510472499    94.6522   5   6   5.5650   2.4369  10.8408   0.8610   0.1615   6.7347   0.00    0.0
2014/06/13 10:01:30.000   63.755957957  -68.510472924    94.1446   5   6   5.5491   2.4370  10.8208   0.9490   0.6220   6.7118   0.00    0.0
2014/06/13 10:02:00.000   63.755960856  -68.510474910    94.4136   5   6   5.5325   2.4376  10.7994   1.0284   0.8626   6.6877   0.00    0.0
2014/06/13 10:02:30.000   63.755954147  -68.510480202    94.5727   5   6   5.5154   2.4387  10.7765   1.1011   1.0475   6.6626   0.00    0.0
2014/06/13 10:03:00.000   63.755955635  -68.510477929    94.0216   5   6   5.4978   2.4403  10.7523   1.1681   1.2026   6.6363   0.00    0.0
2014/06/13 10:03:30.000   63.755955476  -68.510484523    95.2252   5   6   5.4796   2.4424  10.7266   1.2304   1.3381   6.6090   0.00    0.0
2014/06/13 10:04:00.000   63.755957069  -68.510476341    94.7017   5   6   5.4609   2.4450  10.6997   1.2886   1.4595   6.5806   0.00    0.0
2014/06/13 10:04:30.000   63.755959352  -68.510488711    95.0922   5   6   5.4418   2.4480  10.6715   1.3433   1.5699   6.5513   0.00    0.0
2014/06/13 10:05:00.000   63.755955482  -68.510481049    94.6476   5   6   5.4222   2.4515  10.6421   1.3947   1.6715   6.5211   0.00    0.0
2014/06/13 10:05:30.000   63.755954308  -68.510481379    94.9946   5   6   5.4021   2.4554  10.6115   1.4433   1.7657   6.4899   0.00    0.0
2014/06/13 10:06:00.000   63.755956359  -68.510478772    95.1675   5   6   5.3817   2.4597  10.5797   1.4892   1.8536   6.4578   0.00    0.0
2014/06/13 10:06:30.000   63.755953180  -68.510475041    94.1607   5   6   5.3609   2.4643  10.5469   1.5327   1.9360   6.4249   0.00    0.0
2014/06/13 10:07:00.000   63.755949786  -68.510478657    94.0231   5   6   5.3398   2.4694  10.5131   1.5739   2.0135   6.3912   0.00    0.0
2014/06/13 10:07:30.000   63.755954924  -68.510471506    94.4423   5   6   5.3183   2.4748  10.4782   1.6130   2.0866   6.3567   0.00    0.0
2014/06/13 10:08:00.000   63.755959930  -68.510482554    95.1645   5   6   5.2965   2.4806  10.4425   1.6502   2.1558   6.3215   0.00    0.0
2014/06/13 10:08:30.000   63.755957226  -68.510479263    94.7509   5   6   5.2745   2.4867  10.4058   1.6856   2.2214   6.2856   0.00    0.0
2014/06/13 10:09:00.000   63.755954704  -68.510482474    94.6917   5   6   5.2522   2.4931  10.3683   1.7193   2.2836   6.2490   0.00    0.0
2014/06/13 10:09:30.000   63.755957121  -68.510481778    94.4310   5   6   5.2296   2.4998  10.3300   1.7513   2.3428   6.2118   0.00    0.0
2014/06/13 10:10:00.000   63.755959344  -68.510477347    95.0712   5   6   5.2069   2.5068  10.2909   1.7817   2.3992   6.1739   0.00    0.0
2014/06/13 10:10:30.000   63.755957212  -68.510482700    95.7907   5   6   5.1840   2.5140  10.2511   1.8107   2.4528   6.1355   0.00    0.0
2014/06/13 10:11:00.000   63.755954840  -68.510477259    94.4169   5   6   5.1608   2.5215  10.2106   1.8382   2.5040   6.0966   0.00    0.0
2014/06/13 10:11:30.000   63.755957600  -68.510481168    95.6651   5   6   5.1376   2.5292  10.1694   1.8644   2.5528   6.0571   0.00    0.0
2014/06/13 10:12:00.000   63.755958444  -68.510480095    95.3271   5   6   5.1142   2.5371  10.1277   1.8894   2.5993   6.0172   0.00    0.0
2014/06/13 10:12:30.000   63.755957703  -68.510471772    94.3591   5   6   5.0907   2.5452  10.0854   1.9130   2.6437   5.9768   0.00    0.0
2014/06/13 10:13:00.000   63.755956565  -68.510482302    95.7228   5   6   5.0671   2.5534  10.0426   1.9355   2.6861   5.9359   0.00    0.0
2014/06/13 10:13:30.000   63.755961206  -68.510474962    95.5997   5   6   5.0435   2.5618   9.9993   1.9569   2.7266   5.8947   0.00    0.0
2014/06/13 10:14:00.000   63.755960050  -68.510478129    94.9532   5   6   5.0198   2.5704   9.9556   1.9772   2.7652   5.8531   0.00    0.0
2014/06/13 10:14:30.000   63.755956247  -68.510475362    94.5240   5   6   4.9961   2.5791   9.9114   1.9964   2.8021   5.8112   0.00    0.0
2014/06/13 10:15:00.000   63.755957741  -68.510479387    96.4706   5   6   4.9723   2.5879   9.8669   2.0146   2.8373   5.7689   0.00    0.0
2014/06/13 10:15:30.000   63.755958473  -68.510478964    94.3233   5   6   4.9485   2.5968   9.8220   2.0318   2.8709   5.7263   0.00    0.0
2014/06/13 10:16:00.000   63.755955040  -68.510481993    95.4652   5   6   4.9248   2.6058   9.7768   2.0481   2.9029   5.6835   0.00    0.0
2014/06/13 10:16:30.000   63.755962975  -68.510478083    95.9878   5   6   4.9011   2.6148   9.7314   2.0635   2.9335   5.6404   0.00    0.0
2014/06/13 10:17:00.000   63.755961653  -68.510481595    96.6499   5   6   4.8774   2.6240   9.6857   2.0780   2.9626   5.5971   0.00    0.0
2014/06/13 10:17:30.000   63.755958470  -68.510472403    94.3702   5   6   4.8538   2.6332   9.6397   2.0916   2.9903   5.5535   0.00    0.0
2014/06/13 10:18:00.000   63.755958666  -68.510474580    94.9135   5   6   4.8302   2.6424   9.5936   2.1044   3.0167   5.5098   0.00    0.0
2014/06/13 10:18:30.000   63.755959090  -68.510481933    96.5915   5   6   4.8068   2.6516   9.5473   2.1164   3.0419   5.4659   0.00    0.0
2014/06/13 10:19:00.000   63.755966895  -68.510474727    95.4923   5   6   4.7834   2.6609   9.5008   2.1277   3.0658   5.4219   0.00    0.0
2014/06/13 10:19:30.000   63.755965102  -68.510475034    95.8131   5   6   4.7601   2.6701   9.4543   2.1382   3.0885   5.3777   0.00    0.0
2014/06/13 10:20:00.000   63.755964704  -68.510482516    95.9158   5   6   4.7370   2.6794   9.4076   2.1480   3.1100   5.3334   0.00    0.0
2014/06/13 10:20:30.000   63.755961341  -68.510474580    94.5505   5   6   4.7139   2.6886   9.3609   2.1571   3.1304   5.2890   0.00    0.0
2014/06/13 10:21:00.000   63.755967294  -68.510482359    95.9010   5   6   4.6911   2.6979   9.3142   2.1656   3.1498   5.2445   0.00    0.0
2014/06/13 10:21:30.000   63.755965473  -68.510482668    96.7260   5   6   4.6683   2.7071   9.2674   2.1734   3.1681   5.1999   0.00    0.0
2014/06/13 10:22:00.000   63.755966665  -68.510479214    95.9991   5   6   4.6457   2.7162   9.2206   2.1805   3.1854   5.1553   0.00    0.0
2014/06/13 10:22:30.000   63.755960208  -68.510478565    95.0495   5   6   4.6233   2.7253   9.1738   2.1871   3.2017   5.1106   0.00    0.0
2014/06/13 10:23:00.000   63.755962483  -68.510479087    95.6844   5   6   4.6010   2.7344   9.1270   2.1931   3.2171   5.0659   0.00    0.0
2014/06/13 10:23:30.000   63.755958650  -68.510477903    95.7851   5   6   4.5790   2.7434   9.0803   2.1985   3.2316   5.0211   0.00    0.0
2014/06/13 10:24:00.000   63.755963273  -68.510485122    97.0913   5   6   4.5571   2.7524   9.0337   2.2033   3.2451   4.9764   0.00    0.0
2014/06/13 10:24:30.000   63.755966039  -68.510473260    94.9247   5   6   4.5354   2.7612   8.9871   2.2076   3.2578   4.9317   0.00    0.0
2014/06/13 10:25:00.000   63.755964731  -68.510481537    95.8421   5   7   3.8349   2.7689   7.0818   2.1675   3.2016   3.2997   0.00    0.0
2014/06/13 10:25:30.000   63.755964917  -68.510479661    96.4824   5   7   3.8356   2.7779   7.0976   2.1765   3.2215   3.3028   0.00    0.0
2014/06/13 10:26:00.000   63.755966488  -68.510485273    96.4160   5   7   3.8362   2.7867   7.1129   2.1851   3.2409   3.3055   0.00    0.0
2014/06/13 10:26:30.000   63.755961684  -68.510485792    96.6512   5   7   3.8368   2.7955   7.1277   2.1934   3.2596   3.3078   0.00    0.0
2014/06/13 10:27:00.000   63.755965246  -68.510472611    96.1118   5   7   3.8372   2.8041   7.1419   2.2014   3.2779   3.3096   0.00    0.0
2014/06/13 10:27:30.000   63.755969464  -68.510472898    96.4535   5   7   3.8375   2.8127   7.1555   2.2090   3.2955   3.3110   0.00    0.0
2014/06/13 10:28:00.000   63.755967398  -68.510473095    95.3913   5   7   3.8377   2.8210   7.1684   2.2164   3.3125   3.3118   0.00    0.0
2014/06/13 10:28:30.000   63.755963226  -68.510483562    96.7585   5   7   3.8378   2.8293   7.1806   2.2234   3.3289   3.3121   0.00    0.0
2014/06/13 10:29:00.000   63.755960293  -68.510482162    96.1128   5   7   3.8377   2.8373   7.1922   2.2300   3.3446   3.3118   0.00    0.0
2014/06/13 10:29:30.000   63.755966482  -68.510478113    97.0588   5   7   3.8375   2.8452   7.2030   2.2363   3.3597   3.3110   0.00    0.0
2014/06/13 10:30:00.000   63.755966141  -68.510466283    94.5108   5   6   4.0209   3.2419   7.5381   2.6226   2.8305   2.8847   0.00    0.0
2014/06/13 10:30:30.000   63.755965570  -68.510465147    95.3142   5   6   4.0167   3.2401   7.5608   2.6196   2.8411   2.8775   0.00    0.0
2014/06/13 10:31:00.000   63.755963258  -68.510462924    95.0182   5   6   4.0123   3.2382   7.5829   2.6163   2.8510   2.8697   0.00    0.0
2014/06/13 10:31:30.000   63.755965854  -68.510464082    95.4757   5   6   4.0078   3.2361   7.6047   2.6127   2.8604   2.8613   0.00    0.0
2014/06/13 10:32:00.000   63.755970903  -68.510463105    94.6323   5   6   4.0031   3.2339   7.6259   2.6089   2.8691   2.8523   0.00    0.0
2014/06/13 10:32:30.000   63.755969374  -68.510462166    95.4341   5   6   3.9984   3.2316   7.6465   2.6047   2.8772   2.8426   0.00    0.0
2014/06/13 10:33:00.000   63.755963932  -68.510459250    95.1920   5   6   3.9935   3.2291   7.6666   2.6003   2.8848   2.8324   0.00    0.0
2014/06/13 10:33:30.000   63.755966711  -68.510466448    94.4359   5   6   3.9885   3.2265   7.6861   2.5956   2.8916   2.8215   0.00    0.0
2014/06/13 10:34:00.000   63.755965916  -68.510467788    95.3139   5   6   3.9835   3.2238   7.7049   2.5906   2.8979   2.8100   0.00    0.0
2014/06/13 10:34:30.000   63.755968454  -68.510465353    94.8572   5   6   3.9784   3.2209   7.7231   2.5854   2.9035   2.7978   0.00    0.0
2014/06/13 10:35:00.000   63.755970939  -68.510466948    95.5468   5   6   3.9732   3.2179   7.7406   2.5799   2.9085   2.7850   0.00    0.0
2014/06/13 10:35:30.000   63.755968018  -68.510468430    94.1648   5   7   3.3873   3.2145   7.2291   2.5591   2.9307   3.6737   0.00    0.0
2014/06/13 10:36:00.000   63.755970163  -68.510464497    94.1577   5   7   3.3826   3.2113   7.2395   2.5570   2.9297   3.6669   0.00    0.0
2014/06/13 10:36:30.000   63.755970680  -68.510467712    95.0150   5   7   3.3778   3.2079   7.2492   2.5546   2.9280   3.6595   0.00    0.0
2014/06/13 10:37:00.000   63.755966345  -68.510463439    95.1678   5   7   3.3728   3.2044   7.2581   2.5519   2.9256   3.6516   0.00    0.0
2014/06/13 10:37:30.000   63.755971153  -68.510463339    95.1570   5   7   3.3677   3.2006   7.2663   2.5489   2.9224   3.6430   0.00    0.0
2014/06/13 10:38:00.000   63.755965035  -68.510468280    93.7542   5   7   3.3625   3.1967   7.2737   2.5457   2.9186   3.6339   0.00    0.0
2014/06/13 10:38:30.000   63.755967569  -68.510471672    94.9471   5   7   3.3571   3.1927   7.2804   2.5421   2.9140   3.6242   0.00    0.0
2014/06/13 10:39:00.000   63.755967858  -68.510466825    94.5578   5   7   3.3516   3.1884   7.2863   2.5384   2.9087   3.6139   0.00    0.0
2014/06/13 10:39:30.000   63.755970034  -68.510469984    94.4378   5   7   3.3459   3.1840   7.2915   2.5343   2.9027   3.6030   0.00    0.0
2014/06/13 10:40:00.000   63.755970917  -68.510464783    94.1190   5   7   3.3402   3.1794   7.2958   2.5300   2.8959   3.5915   0.00    0.0
2014/06/13 10:40:30.000   63.755969738  -68.510466199    94.4814   5   7   3.3343   3.1746   7.2993   2.5254   2.8884   3.5794   0.00    0.0
2014/06/13 10:41:00.000   63.755971673  -68.510466995    94.6246   5   7   3.3283   3.1697   7.3021   2.5206   2.8802   3.5668   0.00    0.0
2014/06/13 10:41:30.000   63.755969689  -68.510468278    94.5392   5   7   3.3222   3.1646   7.3040   2.5156   2.8713   3.5535   0.00    0.0
2014/06/13 10:42:00.000   63.755969811  -68.510467861    94.0676   5   7   3.3159   3.1594   7.3051   2.5103   2.8616   3.5396   0.00    0.0
2014/06/13 10:42:30.000   63.755969998  -68.510470977    94.5670   5   7   3.3096   3.1540   7.3054   2.5048   2.8513   3.5252   0.00    0.0
2014/06/13 10:43:00.000   63.755966939  -68.510468657    93.1254   5   7   3.3032   3.1485   7.3049   2.4990   2.8402   3.5101   0.00    0.0
2014/06/13 10:43:30.000   63.755970038  -68.510471491    94.3288   5   7   3.2967   3.1428   7.3036   2.4931   2.8284   3.4945   0.00    0.0
2014/06/13 10:44:00.000   63.755967847  -68.510475842    94.5775   5   7   3.2902   3.1370   7.3014   2.4869   2.8160   3.4783   0.00    0.0
2014/06/13 10:44:30.000   63.755966262  -68.510469515    94.3885   5   7   3.2835   3.1311   7.2985   2.4805   2.8028   3.4616   0.00    0.0
2014/06/13 10:45:00.000   63.755965562  -68.510459460    93.3289   5   7   3.2768   3.1250   7.2947   2.4740   2.7889   3.4443   0.00    0.0
2014/06/13 10:45:30.000   63.755965867  -68.510467646    94.0483   5   7   3.2701   3.1188   7.2902   2.4672   2.7744   3.4264   0.00    0.0
2014/06/13 10:46:00.000   63.755971772  -68.510465584    93.7914   5   7   3.2633   3.1125   7.2849   2.4603   2.7592   3.4080   0.00    0.0
2014/06/13 10:46:30.000   63.755964329  -68.510472797    93.4192   5   7   3.2564   3.1060   7.2788   2.4532   2.7434   3.3891   0.00    0.0
2014/06/13 10:47:00.000   63.755964241  -68.510474777    92.9997   5   7   3.2495   3.0995   7.2719   2.4460   2.7268   3.3696   0.00    0.0
2014/06/13 10:47:30.000   63.755963648  -68.510470167    92.6455   5   7   3.2426   3.0928   7.2643   2.4386   2.7097   3.3497   0.00    0.0
2014/06/13 10:48:00.000   63.755963468  -68.510469632    93.0169   5   7   3.2357   3.0861   7.2559   2.4311   2.6919   3.3292   0.00    0.0
2014/06/13 10:48:30.000   63.755963800  -68.510466638    92.2437   5   7   3.2288   3.0793   7.2468   2.4234   2.6735   3.3083   0.00    0.0
2014/06/13 10:49:00.000   63.755969105  -68.510463713    92.7862   5   7   3.2219   3.0724   7.2370   2.4156   2.6545   3.2869   0.00    0.0
2014/06/13 10:49:30.000   63.755967177  -68.510462408    92.7917   5   7   3.2150   3.0654   7.2264   2.4077   2.6349   3.2650   0.00    0.0
2014/06/13 10:50:00.000   63.755962733  -68.510468284    91.9799   5   7   3.2081   3.0583   7.2152   2.3997   2.6147   3.2427   0.00    0.0
2014/06/13 10:50:30.000   63.755967257  -68.510469849    93.3065   5   7   3.2013   3.0513   7.2035   2.3915   2.5936   3.2200   0.00    0.0
2014/06/13 10:51:00.000   63.755965331  -68.510463417    93.2776   5   7   3.1945   3.0444   7.1912   2.3833   2.5719   3.1969   0.00    0.0
2014/06/13 10:51:30.000   63.755965631  -68.510463255    92.5334   5   7   3.1877   3.0373   7.1782   2.3749   2.5496   3.1734   0.00    0.0
2014/06/13 10:52:00.000   63.755963365  -68.510469679    92.2114   5   7   3.1810   3.0303   7.1646   2.3665   2.5268   3.1496   0.00    0.0
2014/06/13 10:52:30.000   63.755962633  -68.510475455    92.3608   5   7   3.1743   3.0232   7.1504   2.3581   2.5035   3.1253   0.00    0.0
2014/06/13 10:53:00.000   63.755963614  -68.510479719    91.7717   5   7   3.1678   3.0160   7.1356   2.3496   2.4797   3.1006   0.00    0.0
2014/06/13 10:53:30.000   63.755965937  -68.510469253    91.3029   5   7   3.1612   3.0089   7.1202   2.3410   2.4554   3.0757   0.00    0.0
2014/06/13 10:54:00.000   63.755966182  -68.510469713    92.6335   5   7   3.1548   3.0017   7.1042   2.3325   2.4306   3.0503   0.00    0.0
2014/06/13 10:54:30.000   63.755966688  -68.510467836    92.3473   5   7   3.1485   2.9945   7.0877   2.3239   2.4054   3.0247   0.00    0.0
2014/06/13 10:55:00.000   63.755965752  -68.510473882    92.5616   5   7   3.1422   2.9873   7.0707   2.3153   2.3797   2.9988   0.00    0.0
2014/06/13 10:55:30.000   63.755965178  -68.510475726    91.4194   5   7   3.1361   2.9801   7.0531   2.3067   2.3536   2.9725   0.00    0.0
2014/06/13 10:56:00.000   63.755967124  -68.510469940    92.3005   5   7   3.1300   2.9729   7.0352   2.2981   2.3271   2.9460   0.00    0.0
2014/06/13 10:56:30.000   63.755966363  -68.510468966    92.0681   5   7   3.1241   2.9657   7.0167   2.2895   2.3002   2.9193   0.00    0.0
2014/06/13 10:57:00.000   63.755969333  -68.510473315    91.8154   5   7   3.1183   2.9585   6.9979   2.2809   2.2729   2.8923   0.00    0.0
2014/06/13 10:57:30.000   63.755968229  -68.510473689    91.7164   5   7   3.1126   2.9513   6.9786   2.2723   2.2451   2.8651   0.00    0.0
2014/06/13 10:58:00.000   63.755968697  -68.510467676    92.4878   5   8   3.1065   2.7616   6.3083   2.2505   1.3846   2.8071   0.00    0.0
2014/06/13 10:58:30.000   63.755965480  -68.510466833    92.6869   5   8   3.1014   2.7568   6.3028   2.2454   1.3603   2.7873   0.00    0.0
2014/06/13 10:59:00.000   63.755965706  -68.510471053    92.5494   5   8   3.0963   2.7520   6.2969   2.2403   1.3354   2.7673   0.00    0.0
2014/06/13 10:59:30.000   63.755962863  -68.510474793    91.3866   5   8   3.0913   2.7472   6.2907   2.2351   1.3100   2.7470   0.00    0.0
2014/06/13 11:00:00.000   63.755967665  -68.510467216    92.3507   5   8   2.9836   2.6283   6.0125   2.1145   1.5460   2.9599   0.00    0.0
2014/06/13 11:00:30.000   63.755964603  -68.510469798    91.7131   5   8   2.9751   2.6222   6.0086   2.1060   1.5204   2.9418   0.00    0.0
2014/06/13 11:01:00.000   63.755957678  -68.510476107    91.1922   5   8   2.9667   2.6160   6.0044   2.0974   1.4943   2.9233   0.00    0.0
2014/06/13 11:01:30.000   63.755964159  -68.510473807    91.4384   5   8   2.9582   2.6099   5.9999   2.0889   1.4676   2.9046   0.00    0.0
2014/06/13 11:02:00.000   63.755962410  -68.510477947    91.3836   5   8   2.9498   2.6038   5.9951   2.0804   1.4405   2.8856   0.00    0.0
2014/06/13 11:02:30.000   63.755963219  -68.510467092    91.4967   5   8   2.9414   2.5978   5.9900   2.0718   1.4128   2.8664   0.00    0.0
2014/06/13 11:03:00.000   63.755964741  -68.510479719    91.6329   5   8   2.9331   2.5918   5.9846   2.0633   1.3845   2.8469   0.00    0.0
2014/06/13 11:03:30.000   63.755961995  -68.510471381    90.9750   5   8   2.9248   2.5858   5.9790   2.0548   1.3556   2.8272   0.00    0.0
2014/06/13 11:04:00.000   63.755963973  -68.510482308    91.7160   5   8   2.9166   2.5798   5.9731   2.0463   1.3262   2.8073   0.00    0.0
2014/06/13 11:04:30.000   63.755962694  -68.510483315    91.0529   5   8   2.9085   2.5739   5.9670   2.0379   1.2961   2.7872   0.00    0.0
2014/06/13 11:05:00.000   63.755961710  -68.510477468    91.1683   5   8   2.9004   2.5680   5.9606   2.0295   1.2654   2.7668   0.00    0.0
2014/06/13 11:05:30.000   63.755962441  -68.510478163    91.1436   5   8   2.8924   2.5622   5.9540   2.0211   1.2340   2.7462   0.00    0.0
2014/06/13 11:06:00.000   63.755964490  -68.510477384    91.4828   5   8   2.8845   2.5564   5.9471   2.0127   1.2018   2.7255   0.00    0.0
2014/06/13 11:06:30.000   63.755966949  -68.510477548    91.7320   5   8   2.8766   2.5507   5.9400   2.0044   1.1689   2.7045   0.00    0.0
2014/06/13 11:07:00.000   63.755956938  -68.510484566    90.3516   5   9   2.4813   2.2122   5.8896   1.4740   1.4788   2.8685   0.00    0.0
2014/06/13 11:07:30.000   63.755959056  -68.510483291    91.8470   5   9   2.4740   2.2091   5.8799   1.4669   1.4581   2.8525   0.00    0.0
2014/06/13 11:08:00.000   63.755960031  -68.510493956    89.7206   5   9   2.4668   2.2061   5.8700   1.4599   1.4373   2.8364   0.00    0.0
2014/06/13 11:08:30.000   63.755962963  -68.510479009    92.0330   5   9   2.4597   2.2030   5.8599   1.4528   1.4161   2.8202   0.00    0.0
2014/06/13 11:09:00.000   63.755958553  -68.510490202    91.0984   5   9   2.4526   2.2001   5.8495   1.4458   1.3947   2.8039   0.00    0.0
2014/06/13 11:09:30.000   63.755958931  -68.510493495    91.2871   5   9   2.4457   2.1971   5.8389   1.4389   1.3731   2.7875   0.00    0.0
2014/06/13 11:10:00.000   63.755961843  -68.510477946    91.3530   5   9   2.4388   2.1942   5.8281   1.4320   1.3512   2.7710   0.00    0.0
2014/06/13 11:10:30.000   63.755960922  -68.510491529    92.2349   5   9   2.4320   2.1914   5.8171   1.4251   1.3290   2.7545   0.00    0.0
2014/06/13 11:11:00.000   63.755958343  -68.510482975    90.5480   5   9   2.4253   2.1886   5.8058   1.4182   1.3066   2.7379   0.00    0.0
2014/06/13 11:11:30.000   63.755963747  -68.510480022    92.0378   5   9   2.4187   2.1858   5.7944   1.4115   1.2838   2.7212   0.00    0.0
2014/06/13 11:12:00.000   63.755961282  -68.510478451    91.6605   5  10   2.1115   2.1806   5.0033   1.4471   1.3749   1.9830   0.00    0.0
2014/06/13 11:12:30.000   63.755961655  -68.510488987    91.2752   5  10   2.1085   2.1775   5.0037   1.4434   1.3608   1.9730   0.00    0.0
2014/06/13 11:13:00.000   63.755962689  -68.510490061    92.1777   5  10   2.1057   2.1745   5.0040   1.4398   1.3465   1.9631   0.00    0.0
2014/06/13 11:13:30.000   63.755964486  -68.510490004    91.6529   5  10   2.1029   2.1715   5.0042   1.4361   1.3320   1.9531   0.00    0.0
2014/06/13 11:14:00.000   63.755960767  -68.510488088    92.0361   5  10   2.1002   2.1684   5.0043   1.4325   1.3173   1.9432   0.00    0.0
2014/06/13 11:14:30.000   63.755962083  -68.510488282    91.8480   5  10   2.0976   2.1654   5.0043   1.4289   1.3024   1.9333   0.00    0.0
2014/06/13 11:15:00.000   63.755962156  -68.510488642    91.2744   5  10   2.0950   2.1625   5.0042   1.4253   1.2872   1.9235   0.00    0.0
2014/06/13 11:15:30.000   63.755964271  -68.510480582    92.2150   5  10   2.0926   2.1595   5.0040   1.4217   1.2718   1.9136   0.00    0.0
2014/06/13 11:16:00.000   63.755965905  -68.510475954    92.1503   5  10   2.0902   2.1566   5.0037   1.4181   1.2562   1.9038   0.00    0.0
2014/06/13 11:16:30.000   63.755963971  -68.510481632    92.6103   5  10   2.0879   2.1536   5.0033   1.4145   1.2403   1.8940   0.00    0.0
2014/06/13 11:17:00.000   63.755961120  -68.510482829    91.6152   5  10   2.0857   2.1507   5.0028   1.4110   1.2242   1.8842   0.00    0.0
2014/06/13 11:17:30.000   63.755962137  -68.510484907    91.3665   5  10   2.0836   2.1479   5.0022   1.4074   1.2078   1.8745   0.00    0.0
2014/06/13 11:18:00.000   63.755962994  -68.510481438    92.1009   5  10   2.0815   2.1450   5.0015   1.4039   1.1912   1.8648   0.00    0.0
2014/06/13 11:18:30.000   63.755966826  -68.510482631    91.6095   5  10   2.0796   2.1422   5.0007   1.4004   1.1743   1.8552   0.00    0.0
2014/06/13 11:19:00.000   63.755962878  -68.510489821    91.1927   5  10   2.0777   2.1394   4.9998   1.3969   1.1571   1.8456   0.00    0.0
2014/06/13 11:19:30.000   63.755968241  -68.510484906    91.5304   5  10   2.0759   2.1366   4.9988   1.3935   1.1396   1.8360   0.00    0.0
2014/06/13 11:20:00.000   63.755962706  -68.510488128    92.0550   5  10   2.0742   2.1338   4.9976   1.3900   1.1219   1.8265   0.00    0.0
2014/06/13 11:20:30.000   63.755960688  -68.510487932    92.0937   5  10   2.0726   2.1311   4.9964   1.3866   1.1039   1.8170   0.00    0.0
2014/06/13 11:21:00.000   63.755962567  -68.510482155    91.8549   5  10   2.0710   2.1283   4.9951   1.3832   1.0855   1.8076   0.00    0.0
2014/06/13 11:21:30.000   63.755960407  -68.510483268    91.7241   5  10   2.0696   2.1256   4.9937   1.3798   1.0669   1.7983   0.00    0.0
2014/06/13 11:22:00.000   63.755960864  -68.510484596    91.6101   5  10   2.0682   2.1230   4.9921   1.3764   1.0479   1.7890   0.00    0.0
2014/06/13 11:22:30.000   63.755964234  -68.510475797    91.1253   5  10   2.0669   2.1203   4.9905   1.3730   1.0286   1.7798   0.00    0.0
2014/06/13 11:23:00.000   63.755963476  -68.510480935    91.1768   5  10   2.0657   2.1177   4.9888   1.3697   1.0089   1.7706   0.00    0.0
2014/06/13 11:23:30.000   63.755960367  -68.510490326    91.4901   5  10   2.0646   2.1151   4.9869   1.3663   0.9888   1.7616   0.00    0.0
2014/06/13 11:24:00.000   63.755963023  -68.510498787    91.9993   5  10   2.0635   2.1125   4.9850   1.3630   0.9684   1.7526   0.00    0.0
2014/06/13 11:24:30.000   63.755962836  -68.510494548    92.0339   5  10   2.0626   2.1100   4.9830   1.3597   0.9475   1.7437   0.00    0.0
2014/06/13 11:25:00.000   63.755960448  -68.510488602    91.5164   5  10   2.0617   2.1075   4.9808   1.3564   0.9262   1.7348   0.00    0.0
2014/06/13 11:25:30.000   63.755966217  -68.510483084    91.3932   5  10   2.0609   2.1050   4.9786   1.3531   0.9045   1.7261   0.00    0.0
2014/06/13 11:26:00.000   63.755967254  -68.510478222    91.2801   5  10   2.0602   2.1025   4.9763   1.3499   0.8822   1.7175   0.00    0.0
2014/06/13 11:26:30.000   63.755961168  -68.510489619    91.5921   5  10   2.0595   2.1000   4.9739   1.3466   0.8595   1.7089   0.00    0.0
2014/06/13 11:27:00.000   63.755965564  -68.510482978    92.5543   5  10   2.0590   2.0976   4.9714   1.3434   0.8362   1.7005   0.00    0.0
2014/06/13 11:27:30.000   63.755968474  -68.510479396    92.2285   5  10   2.0585   2.0952   4.9688   1.3402   0.8123   1.6922   0.00    0.0
2014/06/13 11:28:00.000   63.755967499  -68.510485062    92.3891   5   9   2.4386   2.0953   5.7989   1.3853   0.9599   2.5984   0.00    0.0
2014/06/13 11:28:30.000   63.755968760  -68.510480429    93.0984   5   9   2.4364   2.0928   5.8023   1.3801   0.9332   2.5939   0.00    0.0
2014/06/13 11:29:00.000   63.755968946  -68.510481253    93.7097   5   9   2.4342   2.0903   5.8054   1.3749   0.9055   2.5892   0.00    0.0
2014/06/13 11:29:30.000   63.755968826  -68.510485333    93.8328   5   9   2.4320   2.0878   5.8082   1.3697   0.8769   2.5844   0.00    0.0
2014/06/13 11:30:00.000   63.755972889  -68.510482894    94.1759   5   9   2.4298   2.0854   5.8106   1.3644   0.8473   2.5795   0.00    0.0
2014/06/13 11:30:30.000   63.755971042  -68.510481669    93.8925   5   9   2.4277   2.0830   5.8126   1.3592   0.8164   2.5745   0.00    0.0
2014/06/13 11:31:00.000   63.755970123  -68.510478866    92.8261   5   9   2.4256   2.0806   5.8143   1.3539   0.7844   2.5693   0.00    0.0
2014/06/13 11:31:30.000   63.755968764  -68.510483383    92.4374   5   9   2.4235   2.0783   5.8155   1.3486   0.7509   2.5640   0.00    0.0
2014/06/13 11:32:00.000   63.755972185  -68.510483391    93.9523   5   9   2.4214   2.0760   5.8164   1.3433   0.7158   2.5585   0.00    0.0
2014/06/13 11:32:30.000   63.755972084  -68.510484665    93.6839   5   9   2.4193   2.0738   5.8169   1.3380   0.6788   2.5529   0.00    0.0
2014/06/13 11:33:00.000   63.755969666  -68.510481677    93.4076   5   9   2.4173   2.0716   5.8171   1.3327   0.6398   2.5472   0.00    0.0
2014/06/13 11:33:30.000   63.755968846  -68.510480271    93.1648   5   9   2.4152   2.0694   5.8168   1.3274   0.5983   2.5413   0.00    0.0
2014/06/13 11:34:00.000   63.755969770  -68.510478531    93.4095   5   9   2.4132   2.0673   5.8161   1.3220   0.5537   2.5354   0.00    0.0
2014/06/13 11:34:30.000   63.755971966  -68.510484026    93.7354   5   9   2.4112   2.0652   5.8150   1.3167   0.5052   2.5292   0.00    0.0
2014/06/13 11:35:00.000   63.755970072  -68.510488035    93.1900   5   9   2.4093   2.0631   5.8136   1.3114   0.4517   2.5230   0.00    0.0
2014/06/13 11:35:30.000   63.755965017  -68.510486961    92.5050   5   8   2.4750   2.3515   6.5245   1.5351   1.8734   2.8350   0.00    0.0
2014/06/13 11:36:00.000   63.755969160  -68.510483633    93.4775   5   8   2.4738   2.3484   6.5278   1.5311   1.8610   2.8320   0.00    0.0
2014/06/13 11:36:30.000   63.755971295  -68.510487471    93.2244   5   8   2.4726   2.3452   6.5305   1.5270   1.8483   2.8287   0.00    0.0
2014/06/13 11:37:00.000   63.755967816  -68.510482866    92.4894   5   8   2.4714   2.3420   6.5326   1.5228   1.8353   2.8251   0.00    0.0
2014/06/13 11:37:30.000   63.755969164  -68.510482262    93.1451   5   8   2.4702   2.3388   6.5341   1.5186   1.8219   2.8213   0.00    0.0
2014/06/13 11:38:00.000   63.755972792  -68.510487763    93.7116   5   8   2.4691   2.3356   6.5349   1.5145   1.8083   2.8175   0.00    0.0
2014/06/13 11:38:30.000   63.755966184  -68.510480127    92.5819   5   8   2.4681   2.3325   6.5352   1.5102   1.7943   2.8133   0.00    0.0
2014/06/13 11:39:00.000   63.755969737  -68.510479983    92.9652   5   8   2.4670   2.3293   6.5348   1.5060   1.7801   2.8090   0.00    0.0
2014/06/13 11:39:30.000   63.755968023  -68.510485742    92.9296   5   8   2.4660   2.3261   6.5337   1.5016   1.7655   2.8044   0.00    0.0
2014/06/13 11:40:00.000   63.755972477  -68.510479432    94.3365   5   8   2.4650   2.3228   6.5320   1.4972   1.7506   2.7996   0.00    0.0
2014/06/13 11:40:30.000   63.755965131  -68.510483029    92.7958   5   9   1.9861   2.0507   5.3553   0.8046  -1.0193   1.5366   0.00    0.0
2014/06/13 11:41:00.000   63.755966817  -68.510493481    92.0564   5   9   1.9865   2.0485   5.3653   0.8003  -1.0301   1.5391   0.00    0.0
2014/06/13 11:41:30.000   63.755967875  -68.510490734    92.9046   5   9   1.9870   2.0463   5.3751   0.7960  -1.0405   1.5418   0.00    0.0
2014/06/13 11:42:00.000   63.755963928  -68.510490835    92.3493   5   9   1.9875   2.0442   5.3846   0.7918  -1.0506   1.5446   0.00    0.0
2014/06/13 11:42:30.000   63.755967619  -68.510487369    93.0688   5   9   1.9882   2.0421   5.3939   0.7875  -1.0604   1.5475   0.00    0.0
2014/06/13 11:43:00.000   63.755966403  -68.510482648    92.8174   5   9   1.9889   2.0399   5.4030   0.7832  -1.0699   1.5505   0.00    0.0
2014/06/13 11:43:30.000   63.755967513  -68.510486354    92.5712   5   9   1.9897   2.0378   5.4117   0.7789  -1.0791   1.5536   0.00    0.0
2014/06/13 11:44:00.000   63.755968433  -68.510483995    92.5871   5   9   1.9906   2.0357   5.4202   0.7746  -1.0880   1.5569   0.00    0.0
2014/06/13 11:44:30.000   63.755966995  -68.510495686    91.7295   5   9   1.9915   2.0336   5.4285   0.7702  -1.0966   1.5603   0.00    0.0
2014/06/13 11:45:00.000   63.755969150  -68.510483427    91.9136   5   9   1.9925   2.0316   5.4364   0.7659  -1.1050   1.5638   0.00    0.0
2014/06/13 11:45:30.000   63.755970493  -68.510487502    91.7367   5   9   1.9936   2.0295   5.4440   0.7616  -1.1130   1.5674   0.00    0.0
2014/06/13 11:46:00.000   63.755969653  -68.510483991    92.1640   5   9   1.9948   2.0274   5.4513   0.7572  -1.1209   1.5711   0.00    0.0
2014/06/13 11:46:30.000   63.755967463  -68.510488227    92.7096   5   9   1.9960   2.0254   5.4583   0.7529  -1.1284   1.5748   0.00    0.0
2014/06/13 11:47:00.000   63.755961995  -68.510487709    93.2375   5   9   1.9974   2.0233   5.4650   0.7485  -1.1357   1.5787   0.00    0.0
2014/06/13 11:47:30.000   63.755964091  -68.510489091    93.0318   5   9   1.9988   2.0213   5.4713   0.7441  -1.1427   1.5827   0.00    0.0
2014/06/13 11:48:00.000   63.755970850  -68.510486744    92.4486   5   9   2.0002   2.0193   5.4773   0.7397  -1.1495   1.5868   0.00    0.0
2014/06/13 11:48:30.000   63.755967945  -68.510483790    91.9454   5   9   2.0018   2.0172   5.4829   0.7353  -1.1560   1.5909   0.00    0.0
2014/06/13 11:49:00.000   63.755967875  -68.510487612    92.2936   5   9   2.0034   2.0152   5.4882   0.7309  -1.1622   1.5951   0.00    0.0
2014/06/13 11:49:30.000   63.755967091  -68.510488385    92.9198   5   9   2.0051   2.0132   5.4931   0.7265  -1.1682   1.5994   0.00    0.0
2014/06/13 11:50:00.000   63.755964372  -68.510489651    92.0741   5   9   2.0069   2.0113   5.4977   0.7221  -1.1740   1.6038   0.00    0.0
2014/06/13 11:50:30.000   63.755965722  -68.510495136    92.4310   5   9   2.0087   2.0093   5.5019   0.7176  -1.1795   1.6082   0.00    0.0
2014/06/13 11:51:00.000   63.755968493  -68.510483724    92.3114   5   9   2.0107   2.0073   5.5057   0.7131  -1.1848   1.6127   0.00    0.0
2014/06/13 11:51:30.000   63.755968450  -68.510486996    91.4529   5   9   2.0127   2.0053   5.5092   0.7087  -1.1898   1.6173   0.00    0.0
2014/06/13 11:52:00.000   63.755969506  -68.510492160    92.2972   5   9   2.0147   2.0034   5.5123   0.7042  -1.1946   1.6219   0.00    0.0
2014/06/13 11:52:30.000   63.755967064  -68.510491721    92.5549   5   9   2.0169   2.0014   5.5150   0.6997  -1.1992   1.6265   0.00    0.0
2014/06/13 11:53:00.000   63.755965240  -68.510495000    93.0763   5   9   2.0191   1.9995   5.5173   0.6951  -1.2036   1.6312   0.00    0.0
2014/06/13 11:53:30.000   63.755964617  -68.510495529    93.3909   5   9   2.0214   1.9976   5.5192   0.6906  -1.2077   1.6360   0.00    0.0
2014/06/13 11:54:00.000   63.755968445  -68.510493294    93.0671   5   9   2.0238   1.9956   5.5207   0.6860  -1.2116   1.6408   0.00    0.0
2014/06/13 11:54:30.000   63.755970553  -68.510490554    93.1977   5   9   2.0262   1.9937   5.5218   0.6814  -1.2153   1.6456   0.00    0.0
2014/06/13 11:55:00.000   63.755968592  -68.510493065    93.0160   5   9   2.0288   1.9918   5.5226   0.6768  -1.2187   1.6505   0.00    0.0
2014/06/13 11:55:30.000   63.755964055  -68.510494991    93.0264   5   9   2.0314   1.9899   5.5230   0.6722  -1.2220   1.6554   0.00    0.0
2014/06/13 11:56:00.000   63.755965187  -68.510490362    92.7148   5   9   2.0340   1.9881   5.5229   0.6676  -1.2250   1.6604   0.00    0.0
2014/06/13 11:56:30.000   63.755967877  -68.510497566    92.9712   5   9   2.0368   1.9862   5.5225   0.6630  -1.2279   1.6654   0.00    0.0
2014/06/13 11:57:00.000   63.755965943  -68.510490596    93.6641   5   9   2.0397   1.9844   5.5217   0.6581  -1.2306   1.6705   0.00    0.0
2014/06/13 11:57:30.000   63.755968171  -68.510495058    92.9929   5   9   2.0426   1.9826   5.5206   0.6532  -1.2332   1.6756   0.00    0.0
2014/06/13 11:58:00.000   63.755970196  -68.510478048    92.5464   5   9   2.0457   1.9808   5.5191   0.6483  -1.2356   1.6808   0.00    0.0
2014/06/13 11:58:30.000   63.755970280  -68.510491190    92.8597   5   9   2.0488   1.9790   5.5171   0.6433  -1.2378   1.6860   0.00    0.0
2014/06/13 11:59:00.000   63.755967183  -68.510492518    93.3431   5   9   2.0520   1.9773   5.5149   0.6383  -1.2398   1.6912   0.00    0.0
2014/06/13 11:59:30.000   63.755967837  -68.510496323    92.1835   5   9   2.0553   1.9755   5.5122   0.6333  -1.2416   1.6964   0.00    0.0
2014/06/13 12:00:00.000   63.755966554  -68.510490893    92.7510   5   9   2.0587   1.9738   5.5091   0.6283  -1.2432   1.7016   0.00    0.0
2014/06/13 12:00:30.000   63.755969476  -68.510493739    92.4680   5   8   2.4499   2.0088   6.0655   0.9457  -1.5883  -0.6735   0.00    0.0
2014/06/13 12:01:00.000   63.755974256  -68.510491156    92.1848   5   8   2.4535   2.0060   6.0617   0.9382  -1.5841  -0.6617   0.00    0.0
2014/06/13 12:01:30.000   63.755970846  -68.510487247    91.1336   5   8   2.4573   2.0031   6.0573   0.9307  -1.5798  -0.6492   0.00    0.0
2014/06/13 12:02:00.000   63.755967300  -68.510495323    92.6170   5   8   2.4611   2.0003   6.0524   0.9231  -1.5752  -0.6360   0.00    0.0
2014/06/13 12:02:30.000   63.755969342  -68.510491130    91.7692   5   8   2.4650   1.9975   6.0471   0.9154  -1.5704  -0.6221   0.00    0.0
2014/06/13 12:03:00.000   63.755969657  -68.510486182    91.3483   5   8   2.4690   1.9948   6.0412   0.9077  -1.5655  -0.6076   0.00    0.0
2014/06/13 12:03:30.000   63.755970061  -68.510495525    92.9116   5   8   2.4731   1.9921   6.0349   0.8999  -1.5603  -0.5922   0.00    0.0
2014/06/13 12:04:00.000   63.755973675  -68.510480543    91.7628   5   8   2.4773   1.9894   6.0281   0.8921  -1.5550  -0.5760   0.00    0.0
2014/06/13 12:04:30.000   63.755969423  -68.510495944    93.5689   5   8   2.4816   1.9867   6.0209   0.8841  -1.5495  -0.5589   0.00    0.0
2014/06/13 12:05:00.000   63.755970592  -68.510486332    92.0157   5   8   2.4860   1.9841   6.0132   0.8761  -1.5438  -0.5408   0.00    0.0
2014/06/13 12:05:30.000   63.755971021  -68.510487021    92.1880   5   8   2.4904   1.9815   6.0051   0.8680  -1.5380  -0.5217   0.00    0.0
2014/06/13 12:06:00.000   63.755968559  -68.510490112    92.9211   5   8   2.4950   1.9789   5.9965   0.8599  -1.5320  -0.5014   0.00    0.0
2014/06/13 12:06:30.000   63.755972590  -68.510485229    91.5946   5   8   2.4996   1.9763   5.9876   0.8516  -1.5259  -0.4797   0.00    0.0
2014/06/13 12:07:00.000   63.755971421  -68.510492374    92.9376   5   8   2.5044   1.9738   5.9783   0.8433  -1.5196  -0.4566   0.00    0.0
2014/06/13 12:07:30.000   63.755969716  -68.510491683    92.3016   5   8   2.5092   1.9714   5.9686   0.8349  -1.5132  -0.4318   0.00    0.0
2014/06/13 12:08:00.000   63.755966078  -68.510492591    92.6492   5   8   2.5141   1.9689   5.9585   0.8264  -1.5067  -0.4049   0.00    0.0
2014/06/13 12:08:30.000   63.755969486  -68.510487487    92.9592   5   8   2.5192   1.9665   5.9481   0.8178  -1.5001  -0.3756   0.00    0.0
2014/06/13 12:09:00.000   63.755971452  -68.510486394    91.7236   5   8   2.5243   1.9642   5.9373   0.8091  -1.4933  -0.3433   0.00    0.0
2014/06/13 12:09:30.000   63.755969817  -68.510491418    92.4408   5   8   2.5295   1.9619   5.9263   0.8003  -1.4864  -0.3069   0.00    0.0
2014/06/13 12:10:00.000   63.755969804  -68.510487793    92.2590   5   8   2.5348   1.9596   5.9149   0.7914  -1.4795  -0.2650   0.00    0.0
2014/06/13 12:10:30.000   63.755970010  -68.510489235    92.4744   5   8   2.5402   1.9573   5.9032   0.7824  -1.4725  -0.2141   0.00    0.0
2014/06/13 12:11:00.000   63.755972629  -68.510496015    92.4717   5   8   2.5457   1.9551   5.8913   0.7733  -1.4653  -0.1452   0.00    0.0
2014/06/13 12:11:30.000   63.755970504  -68.510488048    92.0131   5   8   2.5514   1.9530   5.8790   0.7641  -1.4581   0.0632   0.00    0.0
2014/06/13 12:12:00.000   63.755969289  -68.510489242    92.8592   5   8   2.5571   1.9508   5.8666   0.7547  -1.4509   0.1715   0.00    0.0
2014/06/13 12:12:30.000   63.755971250  -68.510489002    92.8421   5   8   2.5629   1.9488   5.8539   0.7452  -1.4436   0.2349   0.00    0.0
2014/06/13 12:13:00.000   63.755967688  -68.510488690    92.8721   5   8   2.5688   1.9467   5.8409   0.7356  -1.4362   0.2851   0.00    0.0
2014/06/13 12:13:30.000   63.755963737  -68.510487887    93.3467   5   8   2.5748   1.9448   5.8278   0.7259  -1.4288   0.3282   0.00    0.0
2014/06/13 12:14:00.000   63.755969319  -68.510485553    92.5450   5   8   2.5809   1.9428   5.8145   0.7160  -1.4213   0.3667   0.00    0.0
2014/06/13 12:14:30.000   63.755972067  -68.510489195    93.2495   5   8   2.5872   1.9409   5.8010   0.7060  -1.4139   0.4019   0.00    0.0
2014/06/13 12:15:00.000   63.755969819  -68.510488449    93.7259   5   8   2.5935   1.9391   5.7874   0.6958  -1.4064   0.4346   0.00    0.0
2014/06/13 12:15:30.000   63.755964942  -68.510491322    93.4298   5   8   2.5999   1.9373   5.7736   0.6854  -1.3988   0.4653   0.00    0.0
2014/06/13 12:16:00.000   63.755964997  -68.510489508    93.2395   5   8   2.6064   1.9355   5.7597   0.6748  -1.3913   0.4944   0.00    0.0
2014/06/13 12:16:30.000   63.755966196  -68.510497953    92.8115   5   7   2.9871   2.4966   7.5818   1.6511  -3.1186  -2.6241   0.00    0.0
2014/06/13 12:17:00.000   63.755968370  -68.510495285    92.7535   5   7   2.9904   2.4906   7.5715   1.6409  -3.1094  -2.6134   0.00    0.0
2014/06/13 12:17:30.000   63.755969393  -68.510497335    94.1137   5   7   2.9936   2.4845   7.5604   1.6304  -3.0997  -2.6020   0.00    0.0
2014/06/13 12:18:00.000   63.755966653  -68.510499067    93.0279   5   7   2.9969   2.4784   7.5483   1.6196  -3.0896  -2.5899   0.00    0.0
2014/06/13 12:18:30.000   63.755968614  -68.510496201    93.7060   5   7   3.0002   2.4722   7.5355   1.6086  -3.0790  -2.5771   0.00    0.0
2014/06/13 12:19:00.000   63.755970181  -68.510496285    93.1624   5   7   3.0034   2.4660   7.5219   1.5973  -3.0680  -2.5637   0.00    0.0
2014/06/13 12:19:30.000   63.755964489  -68.510500010    94.4236   5   8   2.4719   2.4137   6.3191   1.3054  -2.7245   0.6619   0.00    0.0
2014/06/13 12:20:00.000   63.755966516  -68.510494252    93.7110   5   8   2.4747   2.4097   6.3236   1.2991  -2.7237   0.6784   0.00    0.0
2014/06/13 12:20:30.000   63.755967023  -68.510497987    93.6110   5   8   2.4775   2.4056   6.3278   1.2927  -2.7226   0.6950   0.00    0.0
2014/06/13 12:21:00.000   63.755964653  -68.510500105    93.7890   5   8   2.4804   2.4015   6.3316   1.2863  -2.7212   0.7117   0.00    0.0
2014/06/13 12:21:30.000   63.755966725  -68.510498114    94.0006   5   8   2.4833   2.3974   6.3350   1.2798  -2.7195   0.7284   0.00    0.0
2014/06/13 12:22:00.000   63.755965671  -68.510497899    94.1120   5   8   2.4864   2.3932   6.3381   1.2733  -2.7176   0.7451   0.00    0.0
2014/06/13 12:22:30.000   63.755965664  -68.510493406    93.6917   5   8   2.4896   2.3889   6.3409   1.2667  -2.7154   0.7620   0.00    0.0
2014/06/13 12:23:00.000   63.755964977  -68.510501651    94.9347   5   8   2.4928   2.3846   6.3433   1.2601  -2.7130   0.7788   0.00    0.0
2014/06/13 12:23:30.000   63.755963627  -68.510496587    94.4247   5   8   2.4961   2.3803   6.3454   1.2534  -2.7103   0.7958   0.00    0.0
2014/06/13 12:24:00.000   63.755964896  -68.510495312    94.4055   5   8   2.4995   2.3759   6.3471   1.2467  -2.7074   0.8128   0.00    0.0
2014/06/13 12:24:30.000   63.755966009  -68.510496525    94.0528   5   8   2.5030   2.3715   6.3485   1.2399  -2.7042   0.8300   0.00    0.0
2014/06/13 12:25:00.000   63.755967036  -68.510496190    94.4552   5   8   2.5066   2.3670   6.3497   1.2331  -2.7008   0.8471   0.00    0.0
2014/06/13 12:25:30.000   63.755967785  -68.510495647    94.6836   5   8   2.5103   2.3625   6.3505   1.2262  -2.6971   0.8644   0.00    0.0
2014/06/13 12:26:00.000   63.755963314  -68.510494913    93.7250   5   8   2.5141   2.3580   6.3510   1.2192  -2.6932   0.8818   0.00    0.0
2014/06/13 12:26:30.000   63.755964344  -68.510498101    94.7053   5   8   2.5179   2.3534   6.3512   1.2122  -2.6891   0.8992   0.00    0.0
2014/06/13 12:27:00.000   63.755960516  -68.510493880    93.7484   5   8   2.5219   2.3489   6.3512   1.2051  -2.6848   0.9167   0.00    0.0
2014/06/13 12:27:30.000   63.755963536  -68.510498007    93.6747   5   8   2.5259   2.3442   6.3509   1.1979  -2.6802   0.9343   0.00    0.0
2014/06/13 12:28:00.000   63.755966368  -68.510498338    94.8918   5   8   2.5300   2.3396   6.3503   1.1907  -2.6754   0.9519   0.00    0.0
2014/06/13 12:28:30.000   63.755964275  -68.510499498    93.9545   5   8   2.5342   2.3349   6.3494   1.1834  -2.6705   0.9697   0.00    0.0
2014/06/13 12:29:00.000   63.755967422  -68.510500339    94.6801   5   8   2.5385   2.3302   6.3483   1.1760  -2.6653   0.9875   0.00    0.0
2014/06/13 12:29:30.000   63.755965099  -68.510494219    93.2017   5   8   2.5429   2.3254   6.3470   1.1686  -2.6599   1.0055   0.00    0.0
2014/06/13 12:30:00.000   63.755963396  -68.510496402    93.7686   5   8   2.5474   2.3207   6.3455   1.1610  -2.6544   1.0235   0.00    0.0
2014/06/13 12:30:30.000   63.755964968  -68.510498475    94.8056   5   8   2.5519   2.3159   6.3437   1.1534  -2.6486   1.0416   0.00    0.0
2014/06/13 12:31:00.000   63.755964496  -68.510493875    94.1052   5   8   2.5566   2.3111   6.3417   1.1457  -2.6427   1.0597   0.00    0.0
2014/06/13 12:31:30.000   63.755964734  -68.510494207    94.1240   5   8   2.5614   2.3063   6.3396   1.1379  -2.6366   1.0780   0.00    0.0
2014/06/13 12:32:00.000   63.755966461  -68.510496821    94.2961   5   8   2.5662   2.3015   6.3372   1.1301  -2.6304   1.0963   0.00    0.0
2014/06/13 12:32:30.000   63.755964994  -68.510498034    93.9370   5   8   2.5711   2.2967   6.3347   1.1221  -2.6240   1.1148   0.00    0.0
2014/06/13 12:33:00.000   63.755964934  -68.510499069    93.7075   5   8   2.5762   2.2918   6.3320   1.1141  -2.6174   1.1333   0.00    0.0
2014/06/13 12:33:30.000   63.755964944  -68.510497712    93.6856   5   8   2.5813   2.2870   6.3292   1.1059  -2.6107   1.1519   0.00    0.0
2014/06/13 12:34:00.000   63.755965633  -68.510497762    95.3015   5   8   2.5865   2.2822   6.3262   1.0977  -2.6038   1.1706   0.00    0.0
2014/06/13 12:34:30.000   63.755969344  -68.510499945    95.2464   5   8   2.5919   2.2773   6.3231   1.0894  -2.5969   1.1893   0.00    0.0
2014/06/13 12:35:00.000   63.755967994  -68.510495760    94.7893   5   8   2.5973   2.2725   6.3199   1.0809  -2.5898   1.2082   0.00    0.0
2014/06/13 12:35:30.000   63.755961024  -68.510489532    93.0921   5   8   2.6028   2.2676   6.3166   1.0724  -2.5825   1.2271   0.00    0.0
2014/06/13 12:36:00.000   63.755958217  -68.510490676    91.8252   5   7   4.1461   2.4925  10.5991  -1.4956  -3.9408   5.3843   0.00    0.0
2014/06/13 12:36:30.000   63.755957391  -68.510489750    92.6070   5   7   4.1804   2.4945  10.6891  -1.5318  -3.9677   5.4542   0.00    0.0
2014/06/13 12:37:00.000   63.755961605  -68.510493961    92.7640   5   7   4.2149   2.4966  10.7781  -1.5672  -3.9942   5.5236   0.00    0.0
2014/06/13 12:37:30.000   63.755960965  -68.510496987    93.2921   5   7   4.2495   2.4985  10.8660  -1.6018  -4.0202   5.5923   0.00    0.0
2014/06/13 12:38:00.000   63.755962190  -68.510494832    92.7972   5   7   4.2841   2.5003  10.9525  -1.6354  -4.0455   5.6603   0.00    0.0
2014/06/13 12:38:30.000   63.755959967  -68.510484556    91.3350   5   7   4.3186   2.5021  11.0374  -1.6682  -4.0702   5.7274   0.00    0.0
2014/06/13 12:39:00.000   63.755959389  -68.510492438    92.4423   5   7   4.3530   2.5036  11.1205  -1.7000  -4.0941   5.7934   0.00    0.0
2014/06/13 12:39:30.000   63.755958888  -68.510493109    92.8060   5   7   4.3872   2.5051  11.2016  -1.7309  -4.1172   5.8583   0.00    0.0
2014/06/13 12:40:00.000   63.755965261  -68.510492929    93.9063   5   7   4.4210   2.5063  11.2804  -1.7608  -4.1394   5.9218   0.00    0.0
2014/06/13 12:40:30.000   63.755959304  -68.510490247    92.3088   5   7   4.4545   2.5074  11.3568  -1.7897  -4.1606   5.9839   0.00    0.0
2014/06/13 12:41:00.000   63.755963584  -68.510493481    93.7015   5   7   4.4876   2.5083  11.4304  -1.8176  -4.1806   6.0443   0.00    0.0
2014/06/13 12:41:30.000   63.755962728  -68.510494867    92.7275   5   7   4.5200   2.5089  11.5009  -1.8443  -4.1995   6.1029   0.00    0.0
2014/06/13 12:42:00.000   63.755959685  -68.510497246    93.1488   5   7   4.5519   2.5093  11.5683  -1.8699  -4.2172   6.1596   0.00    0.0
2014/06/13 12:42:30.000   63.755962337  -68.510493129    92.7971   5   7   4.5829   2.5094  11.6321  -1.8943  -4.2335   6.2141   0.00    0.0
2014/06/13 12:43:00.000   63.755959527  -68.510492604    90.2808   5   7   4.6132   2.5092  11.6923  -1.9175  -4.2483   6.2664   0.00    0.0
2014/06/13 12:43:30.000   63.755958338  -68.510496610    92.8478   5   7   4.6424   2.5087  11.7484  -1.9394  -4.2617   6.3162   0.00    0.0
2014/06/13 12:44:00.000   63.755963516  -68.510497464    93.8008   5   7   4.6707   2.5079  11.8004  -1.9600  -4.2734   6.3634   0.00    0.0
2014/06/13 12:44:30.000   63.755959729  -68.510492048    92.5907   5   7   4.6979   2.5067  11.8480  -1.9793  -4.2835   6.4079   0.00    0.0
2014/06/13 12:45:00.000   63.755963628  -68.510491918    92.5346   5   7   4.7238   2.5052  11.8910  -1.9972  -4.2919   6.4495   0.00    0.0
2014/06/13 12:45:30.000   63.755956835  -68.510490327    92.7016   5   7   4.7484   2.5033  11.9291  -2.0137  -4.2985   6.4881   0.00    0.0
2014/06/13 12:46:00.000   63.755961959  -68.510492132    94.1042   5   7   4.7717   2.5010  11.9623  -2.0288  -4.3032   6.5235   0.00    0.0
2014/06/13 12:46:30.000   63.755962577  -68.510493522    93.7384   5   7   4.7935   2.4983  11.9904  -2.0424  -4.3061   6.5557   0.00    0.0
2014/06/13 12:47:00.000   63.755959748  -68.510498055    93.0068   5   7   4.8138   2.4953  12.0131  -2.0545  -4.3070   6.5846   0.00    0.0
2014/06/13 12:47:30.000   63.755963263  -68.510496661    94.6182   5   7   4.8325   2.4918  12.0305  -2.0651  -4.3059   6.6099   0.00    0.0
2014/06/13 12:48:00.000   63.755962803  -68.510498470    94.4601   5   7   4.8495   2.4879  12.0424  -2.0742  -4.3029   6.6318   0.00    0.0
2014/06/13 12:48:30.000   63.755957648  -68.510491883    92.4804   5   7   4.8648   2.4836  12.0488  -2.0818  -4.2978   6.6500   0.00    0.0
2014/06/13 12:49:00.000   63.755963933  -68.510495990    93.6222   5   7   4.8784   2.4788  12.0496  -2.0878  -4.2907   6.6647   0.00    0.0
2014/06/13 12:49:30.000   63.755965735  -68.510492187    93.7963   5   7   4.8902   2.4737  12.0448  -2.0923  -4.2815   6.6756   0.00    0.0
2014/06/13 12:50:00.000   63.755962737  -68.510494209    93.6590   5   7   4.9002   2.4682  12.0344  -2.0953  -4.2704   6.6829   0.00    0.0
2014/06/13 12:50:30.000   63.755966059  -68.510498662    95.5355   5   7   4.9084   2.4623  12.0185  -2.0968  -4.2573   6.6865   0.00    0.0
2014/06/13 12:51:00.000   63.755967092  -68.510499904    94.5792   5   7   4.9147   2.4560  11.9970  -2.0968  -4.2422   6.6864   0.00    0.0
2014/06/13 12:51:30.000   63.755966870  -68.510503939    96.4307   5   7   4.9192   2.4493  11.9702  -2.0954  -4.2252   6.6827   0.00    0.0
2014/06/13 12:52:00.000   63.755965088  -68.510497085    94.1283   5   7   4.9219   2.4423  11.9381  -2.0926  -4.2063   6.6754   0.00    0.0
2014/06/13 12:52:30.000   63.755966950  -68.510498444    94.3302   5   7   4.9228   2.4349  11.9009  -2.0883  -4.1856   6.6646   0.00    0.0
2014/06/13 12:53:00.000   63.755961023  -68.510491201    92.9984   5   7   4.9220   2.4273  11.8586  -2.0828  -4.1631   6.6504   0.00    0.0
2014/06/13 12:53:30.000   63.755964774  -68.510501746    93.7441   5   7   4.9194   2.4193  11.8116  -2.0759  -4.1390   6.6328   0.00    0.0
2014/06/13 12:54:00.000   63.755965926  -68.510497135    93.5066   5   7   4.9151   2.4111  11.7599  -2.0678  -4.1132   6.6120   0.00    0.0
2014/06/13 12:54:30.000   63.755956061  -68.510493245    90.2709   5   6   8.8750   2.5609  28.7400  -3.2849  -6.3212  15.4103   0.00    0.0
2014/06/13 12:55:00.000   63.755965430  -68.510495765    94.2320   5   6   9.0869   2.5583  29.4635  -3.3314  -6.3936  15.8158   0.00    0.0
2014/06/13 12:55:30.000   63.755964936  -68.510501327    94.2161   5   6   9.2950   2.5544  30.1724  -3.3729  -6.4575  16.2128   0.00    0.0
2014/06/13 12:56:00.000   63.755964097  -68.510493893    94.1951   5   6   9.4966   2.5490  30.8577  -3.4083  -6.5110  16.5965   0.00    0.0
2014/06/13 12:56:30.000   63.755958930  -68.510494446    91.3494   5   6   9.6887   2.5420  31.5090  -3.4366  -6.5522  16.9611   0.00    0.0
2014/06/13 12:57:00.000   63.755968743  -68.510500110    95.8976   5   6   9.8680   2.5331  32.1154  -3.4565  -6.5788  17.3006   0.00    0.0
2014/06/13 12:57:30.000   63.755968422  -68.510495376    94.5538   5   6  10.0311   2.5223  32.6655  -3.4670  -6.5889  17.6087   0.00    0.0
2014/06/13 12:58:00.000   63.755965365  -68.510499568    94.2940   5   6  10.1746   2.5096  33.1477  -3.4671  -6.5806  17.8789   0.00    0.0
2014/06/13 12:58:30.000   63.755979081  -68.510495753    98.3080   5   6  10.2951   2.4949  33.5509  -3.4557  -6.5523  18.1053   0.00    0.0
2014/06/13 12:59:00.000   63.755970365  -68.510502918    96.1268   5   6  10.3897   2.4782  33.8652  -3.4323  -6.5027  18.2823   0.00    0.0
2014/06/13 12:59:30.000   63.755963098  -68.510500103    93.6014   5   6  10.4560   2.4598  34.0825  -3.3963  -6.4310  18.4054   0.00    0.0
2014/06/13 13:00:00.000   63.755971548  -68.510501557    97.1308   5   6  10.6461   2.4511  35.8388  -3.2839  -6.1352  18.9879   0.00    0.0
2014/06/13 13:00:30.000   63.755979343  -68.510501368   100.2178   5   6  10.6465   2.4321  35.8157  -3.2170  -5.9989  18.9824   0.00    0.0
2014/06/13 13:01:00.000   63.755974712  -68.510500939    97.7461   5   6  10.6135   2.4126  35.6739  -3.1381  -5.8403  18.9120   0.00    0.0
2014/06/13 13:01:30.000   63.755974748  -68.510503301    97.8863   5   6  10.5479   2.3930  35.4176  -3.0484  -5.6612  18.7788   0.00    0.0
2014/06/13 13:02:00.000   63.755977911  -68.510501375    98.8401   5   6  10.4520   2.3736  35.0542  -2.9492  -5.4639  18.5869   0.00    0.0
2014/06/13 13:02:30.000   63.755969214  -68.510501644    96.8995   5   6  10.3284   2.3548  34.5937  -2.8420  -5.2511  18.3415   0.00    0.0
2014/06/13 13:03:00.000   63.755969769  -68.510504150    95.1926   5   6  10.1807   2.3370  34.0479  -2.7284  -5.0255  18.0490   0.00    0.0
2014/06/13 13:03:30.000   63.755977911  -68.510502866   100.3508   5   6  10.0123   2.3203  33.4300  -2.6100  -4.7899  17.7165   0.00    0.0
2014/06/13 13:04:00.000   63.755980164  -68.510497850   100.3105   5   6   9.8273   2.3049  32.7532  -2.4883  -4.5471  17.3512   0.00    0.0
2014/06/13 13:04:30.000   63.755979935  -68.510497587    97.7926   5   6   9.6293   2.2911  32.0308  -2.3648  -4.2993  16.9602   0.00    0.0
2014/06/13 13:05:00.000   63.755982022  -68.510496044   100.7457   5   6   9.4218   2.2787  31.2752  -2.2408  -4.0486  16.5504   0.00    0.0
2014/06/13 13:05:30.000   63.755972348  -68.510499151    97.4801   5   6   9.2082   2.2679  30.4977  -2.1174  -3.7968  16.1277   0.00    0.0
2014/06/13 13:06:00.000   63.755974259  -68.510499780    99.2289   5   6   8.9912   2.2585  29.7083  -1.9954  -3.5450  15.6977   0.00    0.0
2014/06/13 13:06:30.000   63.755974456  -68.510500949    98.0404   5   6   8.7733   2.2506  28.9155  -1.8756  -3.2942  15.2650   0.00    0.0
2014/06/13 13:07:00.000   63.755971714  -68.510504110    98.6667   5   6   8.5565   2.2439  28.1264  -1.7586  -3.0446  14.8335   0.00    0.0
2014/06/13 13:07:30.000   63.755973127  -68.510504455    97.1303   5   6   8.3426   2.2385  27.3470  -1.6447  -2.7964  14.4065   0.00    0.0
2014/06/13 13:08:00.000   63.755974347  -68.510499840    98.1556   5   6   8.1329   2.2341  26.5818  -1.5342  -2.5488  13.9864   0.00    0.0
2014/06/13 13:08:30.000   63.755975595  -68.510496365    97.8655   5   6   7.9283   2.2308  25.8344  -1.4274  -2.3008  13.5753   0.00    0.0
2014/06/13 13:09:00.000   63.755973158  -68.510497738    97.3344   5   6   7.7296   2.2283  25.1075  -1.3242  -2.0503  13.1747   0.00    0.0
2014/06/13 13:09:30.000   63.755970550  -68.510503136    97.8503   5   6   7.5373   2.2265  24.4029  -1.2247  -1.7941  12.7855   0.00    0.0
2014/06/13 13:10:00.000   63.755969363  -68.510500328    97.6673   5   6   7.3519   2.2255  23.7218  -1.1288  -1.5266  12.4086   0.00    0.0
2014/06/13 13:10:30.000   63.755965345  -68.510501224    95.2271   5   6   7.1735   2.2250  23.0650  -1.0364  -1.2373  12.0443   0.00    0.0
2014/06/13 13:11:00.000   63.755972505  -68.510505269    98.1770   5   6   7.0021   2.2251  22.4328  -0.9472  -0.9010  11.6928   0.00    0.0
2014/06/13 13:11:30.000   63.755970297  -68.510504495    95.9197   5   6   6.8378   2.2256  21.8251  -0.8611  -0.4077  11.3542   0.00    0.0
2014/06/13 13:12:00.000   63.755970078  -68.510496431    96.0122   5   6   6.6804   2.2264  21.2416  -0.7778   0.6427  11.0283   0.00    0.0
2014/06/13 13:12:30.000   63.755968962  -68.510500166    94.4831   5   6   6.5299   2.2276  20.6818  -0.6970   0.9656  10.7149   0.00    0.0
2014/06/13 13:13:00.000   63.755968150  -68.510499045    96.0494   5   6   6.3860   2.2291  20.1452  -0.6183   1.1823  10.4137   0.00    0.0
2014/06/13 13:13:30.000   63.755969199  -68.510498877    96.3475   5   6   6.2485   2.2308  19.6309  -0.5411   1.3470  10.1243   0.00    0.0
2014/06/13 13:14:00.000   63.755963040  -68.510495532    95.3503   5   6   6.1173   2.2327  19.1381  -0.4646   1.4790   9.8463   0.00    0.0
2014/06/13 13:14:30.000   63.755969267  -68.510497569    96.4943   5   6   5.9919   2.2348  18.6662  -0.3877   1.5878   9.5793   0.00    0.0
2014/06/13 13:15:00.000   63.755968019  -68.510501037    96.8854   5   6   5.8723   2.2370  18.2141  -0.3080   1.6791   9.3228   0.00    0.0
2014/06/13 13:15:30.000   63.755967575  -68.510499255    96.4563   5   6   5.7580   2.2394  17.7810  -0.2206   1.7567   9.0764   0.00    0.0
2014/06/13 13:16:00.000   63.755964414  -68.510492962    94.4216   5   6   5.6490   2.2419  17.3660  -0.1029   1.8232   8.8396   0.00    0.0
2014/06/13 13:16:30.000   63.755970870  -68.510499932    95.3771   5   6   5.5449   2.2444  16.9684   0.1418   1.8806   8.6120   0.00    0.0
2014/06/13 13:17:00.000   63.755968397  -68.510495270    96.6917   5   6   5.4455   2.2470  16.5873   0.2102   1.9303   8.3932   0.00    0.0
2014/06/13 13:17:30.000   63.755965325  -68.510498316    95.3096   5   6   5.3505   2.2497  16.2219   0.2497   1.9736   8.1828   0.00    0.0
2014/06/13 13:18:00.000   63.755966056  -68.510491955    97.1619   5   6   5.2598   2.2524  15.8714   0.2743   2.0113   7.9803   0.00    0.0
2014/06/13 13:18:30.000   63.755966234  -68.510500242    96.3475   5   6   5.1732   2.2552  15.5351   0.2887   2.0442   7.7853   0.00    0.0
2014/06/13 13:19:00.000   63.755963607  -68.510495438    95.7116   5   6   5.0903   2.2580  15.2123   0.2952   2.0730   7.5976   0.00    0.0
2014/06/13 13:19:30.000   63.755968119  -68.510497636    96.7564   5   6   5.0111   2.2608  14.9023   0.2951   2.0982   7.4167   0.00    0.0
2014/06/13 13:20:00.000   63.755961708  -68.510495370    95.7078   5   6   4.9354   2.2636  14.6045   0.2892   2.1202   7.2423   0.00    0.0
2014/06/13 13:20:30.000   63.755964355  -68.510495741    95.8221   5   6   4.8629   2.2665  14.3182   0.2776   2.1393   7.0741   0.00    0.0
2014/06/13 13:21:00.000   63.755969193  -68.510497406    96.3012   5   6   4.7935   2.2694  14.0430   0.2601   2.1560   6.9118   0.00    0.0
2014/06/13 13:21:30.000   63.755964883  -68.510499179    96.6928   5   6   4.7270   2.2723  13.7783   0.2362   2.1705   6.7551   0.00    0.0
2014/06/13 13:22:00.000   63.755964988  -68.510500992    96.3152   5   6   4.6634   2.2752  13.5235   0.2042   2.1831   6.6037   0.00    0.0
2014/06/13 13:22:30.000   63.755967237  -68.510495990    95.4435   5   6   4.6024   2.2781  13.2782   0.1599   2.1939   6.4574   0.00    0.0
2014/06/13 13:23:00.000   63.755967861  -68.510501713    95.8301   5   6   4.5439   2.2810  13.0419   0.0874   2.2031   6.3160   0.00    0.0
2014/06/13 13:23:30.000   63.755966040  -68.510499112    95.4612   5   6   4.4878   2.2839  12.8141  -0.1092   2.2110   6.1791   0.00    0.0
2014/06/13 13:24:00.000   63.755962830  -68.510501889    95.9584   5   6   4.4340   2.2868  12.5946  -0.1815   2.2176   6.0466   0.00    0.0
2014/06/13 13:24:30.000   63.755964342  -68.510499595    95.6519   5   6   4.3824   2.2897  12.3828  -0.2351   2.2230   5.9183   0.00    0.0
2014/06/13 13:25:00.000   63.755965402  -68.510500315    95.4819   5   6   4.3329   2.2926  12.1784  -0.2806   2.2275   5.7939   0.00    0.0
2014/06/13 13:25:30.000   63.755965656  -68.510498214    95.1557   5   6   4.2853   2.2955  11.9811  -0.3214   2.2310   5.6734   0.00    0.0
2014/06/13 13:26:00.000   63.755964223  -68.510497215    95.3656   5   6   4.2395   2.2984  11.7905  -0.3589   2.2337   5.5565   0.00    0.0
2014/06/13 13:26:30.000   63.755969015  -68.510494283    95.9795   5   6   4.1956   2.3012  11.6064  -0.3938   2.2357   5.4430   0.00    0.0
2014/06/13 13:27:00.000   63.755964897  -68.510501077    96.8757   5   6   4.1534   2.3041  11.4284  -0.4268   2.2369   5.3329   0.00    0.0
2014/06/13 13:27:30.000   63.755965212  -68.510498912    95.8370   5   6   4.1127   2.3070  11.2563  -0.4582   2.2376   5.2259   0.00    0.0
2014/06/13 13:28:00.000   63.755964204  -68.510494072    94.8648   5   6   4.0737   2.3099  11.0898  -0.4881   2.2377   5.1220   0.00    0.0
2014/06/13 13:28:30.000   63.755969055  -68.510500626    95.0855   5   6   4.0361   2.3128  10.9286  -0.5168   2.2373   5.0209   0.00    0.0
2014/06/13 13:29:00.000   63.755961229  -68.510494559    95.4126   5   6   3.9999   2.3156  10.7726  -0.5444   2.2364   4.9226   0.00    0.0
2014/06/13 13:29:30.000   63.755965101  -68.510496451    94.5530   5   6   3.9650   2.3185  10.6214  -0.5710   2.2351   4.8269   0.00    0.0
2014/06/13 13:30:00.000   63.755968024  -68.510495016    96.0993   5   6   3.9315   2.3213  10.4750  -0.5968   2.2334   4.7338   0.00    0.0
2014/06/13 13:30:30.000   63.755967402  -68.510496637    94.8712   5   6   3.8991   2.3242  10.3330  -0.6217   2.2314   4.6431   0.00    0.0
2014/06/13 13:31:00.000   63.755969864  -68.510499591    95.3154   5   6   3.8680   2.3271  10.1954  -0.6459   2.2290   4.5548   0.00    0.0
2014/06/13 13:31:30.000   63.755963766  -68.510495617    95.2193   5   6   3.8379   2.3299  10.0619  -0.6694   2.2264   4.4686   0.00    0.0
2014/06/13 13:32:00.000   63.755965784  -68.510501792    95.2786   5   6   3.8090   2.3327   9.9324  -0.6922   2.2234   4.3846   0.00    0.0
2014/06/13 13:32:30.000   63.755963666  -68.510498093    96.0512   5   6   3.7811   2.3356   9.8066  -0.7144   2.2203   4.3027   0.00    0.0
2014/06/13 13:33:00.000   63.755967567  -68.510502548    95.5540   5   6   3.7542   2.3384   9.6845  -0.7361   2.2169   4.2228   0.00    0.0
2014/06/13 13:33:30.000   63.755963491  -68.510495467    94.0027   5   6   3.7282   2.3413   9.5659  -0.7572   2.2133   4.1447   0.00    0.0
2014/06/13 13:34:00.000   63.755966833  -68.510492970    94.4864   5   6   3.7031   2.3441   9.4507  -0.7778   2.2095   4.0685   0.00    0.0
2014/06/13 13:34:30.000   63.755963659  -68.510497936    94.9683   5   6   3.6790   2.3469   9.3387  -0.7979   2.2055   3.9940   0.00    0.0
2014/06/13 13:35:00.000   63.755966804  -68.510497443    95.0837   5   6   3.6556   2.3498   9.2299  -0.8175   2.2014   3.9212   0.00    0.0
2014/06/13 13:35:30.000   63.755968751  -68.510496929    95.5174   5   6   3.6331   2.3526   9.1240  -0.8367   2.1971   3.8500   0.00    0.0
2014/06/13 13:36:00.000   63.755965644  -68.510503103    95.3310   5   6   3.6114   2.3554   9.0210  -0.8555   2.1927   3.7803   0.00    0.0
2014/06/13 13:36:30.000   63.755963522  -68.510496666    95.0764   5   6   3.5904   2.3582   8.9208  -0.8739   2.1882   3.7122   0.00    0.0
2014/06/13 13:37:00.000   63.755961567  -68.510496294    94.7528   5   6   3.5701   2.3610   8.8232  -0.8919   2.1835   3.6455   0.00    0.0
2014/06/13 13:37:30.000   63.755963516  -68.510497911    94.7877   5   6   3.5505   2.3639   8.7282  -0.9095   2.1787   3.5802   0.00    0.0
2014/06/13 13:38:00.000   63.755965342  -68.510499319    94.6976   5   6   3.5316   2.3667   8.6357  -0.9268   2.1739   3.5163   0.00    0.0
2014/06/13 13:38:30.000   63.755967115  -68.510500954    94.0567   5   6   3.5133   2.3695   8.5456  -0.9437   2.1689   3.4536   0.00    0.0
2014/06/13 13:39:00.000   63.755966504  -68.510498373    94.0024   5   6   3.4957   2.3723   8.4578  -0.9604   2.1639   3.3922   0.00    0.0
2014/06/13 13:39:30.000   63.755969633  -68.510498507    95.0499   5   6   3.4786   2.3751   8.3723  -0.9767   2.1587   3.3319   0.00    0.0
2014/06/13 13:40:00.000   63.755964563  -68.510500669    96.1327   5   6   3.4621   2.3780   8.2889  -0.9927   2.1535   3.2729   0.00    0.0
2014/06/13 13:40:30.000   63.755964858  -68.510496410    95.5752   5   6   3.4462   2.3808   8.2075  -1.0084   2.1483   3.2149   0.00    0.0
2014/06/13 13:41:00.000   63.755961058  -68.510503472    95.7489   5   6   3.4308   2.3836   8.1282  -1.0239   2.1429   3.1580   0.00    0.0
2014/06/13 13:41:30.000   63.755962017  -68.510498676    96.2285   5   6   3.4160   2.3864   8.0508  -1.0391   2.1375   3.1022   0.00    0.0
2014/06/13 13:42:00.000   63.755965471  -68.510494499    94.1215   5   6   3.4017   2.3892   7.9753  -1.0540   2.1321   3.0473   0.00    0.0
2014/06/13 13:42:30.000   63.755965906  -68.510502305    95.5620   5   6   3.3878   2.3920   7.9016  -1.0687   2.1265   2.9934   0.00    0.0
2014/06/13 13:43:00.000   63.755962038  -68.510498947    96.1763   5   6   3.3744   2.3949   7.8297  -1.0832   2.1210   2.9404   0.00    0.0
2014/06/13 13:43:30.000   63.755958866  -68.510499258    95.5385   5   6   3.3615   2.3977   7.7594  -1.0974   2.1154   2.8884   0.00    0.0
2014/06/13 13:44:00.000   63.755966824  -68.510499852    95.5781   5   6   3.3490   2.4005   7.6908  -1.1114   2.1097   2.8372   0.00    0.0
2014/06/13 13:44:30.000   63.755967274  -68.510497104    94.6079   5   6   3.3380   2.4036   7.6245  -1.1263   2.1032   2.7883   0.00    0.0
2014/06/13 13:45:00.000   63.755958876  -68.510504786    95.7373   5   6   3.3273   2.4066   7.5597  -1.1410   2.0967   2.7402   0.00    0.0
2014/06/13 13:45:30.000   63.755965679  -68.510499287    94.8866   5   6   3.3170   2.4096   7.4963  -1.1555   2.0902   2.6929   0.00    0.0
2014/06/13 13:46:00.000   63.755966343  -68.510497243    95.5200   5   6   3.3072   2.4127   7.4345  -1.1698   2.0836   2.6463   0.00    0.0
2014/06/13 13:46:30.000   63.755962357  -68.510500680    95.7070   5   6   3.2978   2.4158   7.3740  -1.1839   2.0769   2.6006   0.00    0.0
2014/06/13 13:47:00.000   63.755967171  -68.510497276    96.1412   5   6   3.2887   2.4189   7.3148  -1.1979   2.0702   2.5556   0.00    0.0
2014/06/13 13:47:30.000   63.755967391  -68.510500709    95.6452   5   7   3.0330   2.3279   6.2828  -0.7958   2.5857   1.3307   0.00    0.0
2014/06/13 13:48:00.000   63.755962433  -68.510510255    95.4788   5   8   2.8939   1.8419   5.2524   0.7860   1.3381   2.1856   0.00    0.0
2014/06/13 13:48:30.000   63.755967961  -68.510501829    96.4854   5   8   2.8873   1.8407   5.2518   0.7798   1.3399   2.1744   0.00    0.0
2014/06/13 13:49:00.000   63.755962431  -68.510494406    95.5048   5   8   2.8808   1.8395   5.2512   0.7734   1.3416   2.1631   0.00    0.0
2014/06/13 13:49:30.000   63.755966989  -68.510503061    95.0031   5   8   2.8744   1.8384   5.2506   0.7668   1.3430   2.1517   0.00    0.0
2014/06/13 13:50:00.000   63.755962235  -68.510505294    96.2944   5   8   2.8681   1.8373   5.2503   0.7599   1.3441   2.1405   0.00    0.0
2014/06/13 13:50:30.000   63.755964508  -68.510499871    95.7663   5   8   2.8623   1.8364   5.2508   0.7521   1.3441   2.1301   0.00    0.0
2014/06/13 13:51:00.000   63.755965989  -68.510495838    96.6188   5   8   2.8565   1.8355   5.2513   0.7441   1.3439   2.1195   0.00    0.0
2014/06/13 13:51:30.000   63.755964356  -68.510490613    96.1355   5   8   2.8508   1.8346   5.2517   0.7359   1.3435   2.1088   0.00    0.0
2014/06/13 13:52:00.000   63.755961358  -68.510497146    95.4401   5   8   2.8453   1.8338   5.2520   0.7276   1.3430   2.0980   0.00    0.0
2014/06/13 13:52:30.000   63.755960694  -68.510495066    95.3568   5   8   2.8398   1.8330   5.2522   0.7190   1.3423   2.0870   0.00    0.0
2014/06/13 13:53:00.000   63.755960359  -68.510500201    96.4453   5   8   2.8344   1.8322   5.2523   0.7102   1.3416   2.0759   0.00    0.0
2014/06/13 13:53:30.000   63.755966045  -68.510493832    95.3049   5   8   2.8291   1.8315   5.2523   0.7012   1.3406   2.0646   0.00    0.0
2014/06/13 13:54:00.000   63.755963121  -68.510499369    96.6751   5   8   2.8238   1.8307   5.2522   0.6920   1.3395   2.0531   0.00    0.0
2014/06/13 13:54:30.000   63.755961372  -68.510493202    94.7013   5   8   2.8187   1.8300   5.2520   0.6825   1.3383   2.0415   0.00    0.0
2014/06/13 13:55:00.000   63.755966681  -68.510503742    95.8314   5   8   2.8137   1.8293   5.2517   0.6728   1.3369   2.0298   0.00    0.0
2014/06/13 13:55:30.000   63.755964825  -68.510497389    93.9531   5   8   2.8088   1.8287   5.2513   0.6629   1.3354   2.0179   0.00    0.0
2014/06/13 13:56:00.000   63.755963446  -68.510502516    96.0485   5   8   2.8041   1.8280   5.2507   0.6527   1.3337   2.0058   0.00    0.0
2014/06/13 13:56:30.000   63.755959895  -68.510492278    96.1705   5   8   2.7994   1.8274   5.2500   0.6423   1.3319   1.9936   0.00    0.0
2014/06/13 13:57:00.000   63.755962342  -68.510494893    95.3546   5   8   2.7948   1.8268   5.2492   0.6316   1.3299   1.9812   0.00    0.0
2014/06/13 13:57:30.000   63.755960210  -68.510494117    95.2863   5   8   2.7903   1.8263   5.2483   0.6206   1.3277   1.9687   0.00    0.0
2014/06/13 13:58:00.000   63.755960748  -68.510507861    96.1065   5   8   2.7860   1.8257   5.2473   0.6093   1.3255   1.9560   0.00    0.0
2014/06/13 13:58:30.000   63.755958458  -68.510503837    95.3602   5   8   2.7818   1.8252   5.2462   0.5977   1.3230   1.9432   0.00    0.0
2014/06/13 13:59:00.000   63.755961296  -68.510497352    96.4578   5   8   2.7777   1.8247   5.2449   0.5857   1.3205   1.9302   0.00    0.0
2014/06/13 13:59:30.000   63.755963971  -68.510504887    96.8315   5   8   2.7737   1.8242   5.2435   0.5734   1.3177   1.9170   0.00    0.0
2014/06/13 14:00:00.000   63.755959642  -68.510504621    94.8550   5   8   2.7698   1.8238   5.2420   0.5608   1.3149   1.9037   0.00    0.0
2014/06/13 14:00:30.000   63.755959952  -68.510494752    95.8949   5   7   3.3512   1.9335   5.5597   1.2317   0.7254   0.2447   0.00    0.0
2014/06/13 14:01:00.000   63.755966749  -68.510493295    95.5412   5   7   3.3418   1.9306   5.5702   1.2168   0.7136  -0.1958   0.00    0.0
2014/06/13 14:01:30.000   63.755958778  -68.510493093    96.1873   5   7   3.3327   1.9277   5.5808   1.2019   0.7018  -0.3690   0.00    0.0
2014/06/13 14:02:00.000   63.755960274  -68.510502971    96.1296   5   7   3.3238   1.9250   5.5914   1.1869   0.6899  -0.4833   0.00    0.0
2014/06/13 14:02:30.000   63.755960728  -68.510491644    95.5505   5   7   3.3153   1.9223   5.6021   1.1720   0.6778  -0.5750   0.00    0.0
2014/06/13 14:03:00.000   63.755968435  -68.510490083    95.0312   5   8   2.5381   1.9073   5.2639   0.9371   0.9307   1.9242   0.00    0.0
2014/06/13 14:03:30.000   63.755969341  -68.510497350    94.6020   5   8   2.5322   1.9057   5.2675   0.9284   0.9157   1.9079   0.00    0.0
2014/06/13 14:04:00.000   63.755971623  -68.510498145    95.5644   5   8   2.5265   1.9040   5.2712   0.9197   0.9004   1.8916   0.00    0.0
2014/06/13 14:04:30.000   63.755969342  -68.510495415    94.9133   5   8   2.5209   1.9025   5.2748   0.9110   0.8847   1.8753   0.00    0.0
2014/06/13 14:05:00.000   63.755965115  -68.510493594    95.1883   5   8   2.5154   1.9009   5.2784   0.9022   0.8688   1.8589   0.00    0.0
2014/06/13 14:05:30.000   63.755969168  -68.510494963    95.1494   5   8   2.5101   1.8994   5.2819   0.8934   0.8524   1.8426   0.00    0.0
2014/06/13 14:06:00.000   63.755963994  -68.510488905    94.4865   5   8   2.5050   1.8980   5.2855   0.8846   0.8357   1.8262   0.00    0.0
2014/06/13 14:06:30.000   63.755966992  -68.510495628    95.5289   5   8   2.5000   1.8965   5.2889   0.8757   0.8185   1.8099   0.00    0.0
2014/06/13 14:07:00.000   63.755964735  -68.510492679    95.1277   5   8   2.4951   1.8952   5.2924   0.8668   0.8009   1.7935   0.00    0.0
2014/06/13 14:07:30.000   63.755966247  -68.510490967    95.3379   5   8   2.4905   1.8938   5.2958   0.8579   0.7829   1.7772   0.00    0.0
2014/06/13 14:08:00.000   63.755963520  -68.510491420    95.2198   5   8   2.4859   1.8925   5.2992   0.8489   0.7643   1.7609   0.00    0.0
2014/06/13 14:08:30.000   63.755959506  -68.510500089    95.6307   5   8   2.4815   1.8913   5.3025   0.8399   0.7453   1.7445   0.00    0.0
2014/06/13 14:09:00.000   63.755964179  -68.510492175    95.2940   5   8   2.4773   1.8901   5.3058   0.8309   0.7256   1.7282   0.00    0.0
2014/06/13 14:09:30.000   63.755966195  -68.510500735    95.5359   5   8   2.4732   1.8889   5.3090   0.8218   0.7053   1.7119   0.00    0.0
2014/06/13 14:10:00.000   63.755968156  -68.510492850    95.3325   5   8   2.4693   1.8878   5.3122   0.8126   0.6844   1.6957   0.00    0.0
2014/06/13 14:10:30.000   63.755969798  -68.510491858    94.4822   5   8   2.4655   1.8867   5.3153   0.8034   0.6627   1.6794   0.00    0.0
2014/06/13 14:11:00.000   63.755969936  -68.510489751    94.7747   5   8   2.4619   1.8856   5.3184   0.7942   0.6402   1.6632   0.00    0.0
2014/06/13 14:11:30.000   63.755966959  -68.510495187    94.8796   5   8   2.4584   1.8846   5.3214   0.7849   0.6168   1.6470   0.00    0.0
2014/06/13 14:12:00.000   63.755970826  -68.510493574    95.0341   5   8   2.4551   1.8837   5.3243   0.7755   0.5924   1.6309   0.00    0.0
2014/06/13 14:12:30.000   63.755967817  -68.510491162    94.9019   5   8   2.4519   1.8827   5.3271   0.7660   0.5669   1.6148   0.00    0.0
2014/06/13 14:13:00.000   63.755966587  -68.510492485    94.3013   5   8   2.4489   1.8819   5.3299   0.7565   0.5401   1.5987   0.00    0.0
2014/06/13 14:13:30.000   63.755964592  -68.510491438    93.9620   5   8   2.4460   1.8810   5.3326   0.7470   0.5118   1.5827   0.00    0.0
2014/06/13 14:14:00.000   63.755967104  -68.510486474    94.2777   5   8   2.4433   1.8802   5.3353   0.7373   0.4818   1.5667   0.00    0.0
2014/06/13 14:14:30.000   63.755966310  -68.510490294    95.0254   5   8   2.4409   1.8796   5.3379   0.7280   0.4501   1.5510   0.00    0.0
2014/06/13 14:15:00.000   63.755968655  -68.510490030    94.7900   5   8   2.4388   1.8791   5.3404   0.7189   0.4164   1.5355   0.00    0.0
2014/06/13 14:15:30.000   63.755969154  -68.510494884    95.2259   5   8   2.4369   1.8786   5.3429   0.7098   0.3795   1.5201   0.00    0.0
2014/06/13 14:16:00.000   63.755968622  -68.510495915    94.4008   5   8   2.4351   1.8781   5.3453   0.7006   0.3386   1.5048   0.00    0.0
2014/06/13 14:16:30.000   63.755962026  -68.510492946    94.7844   5   8   2.4335   1.8777   5.3476   0.6913   0.2920   1.4897   0.00    0.0
2014/06/13 14:17:00.000   63.755968624  -68.510492712    94.7625   5   8   2.4320   1.8774   5.3498   0.6819   0.2362   1.4746   0.00    0.0
2014/06/13 14:17:30.000   63.755972057  -68.510493482    94.4127   5   8   2.4307   1.8771   5.3520   0.6725   0.1622   1.4597   0.00    0.0
2014/06/13 14:18:00.000   63.755967331  -68.510497036    94.9264   5   8   2.4295   1.8768   5.3541   0.6629  -0.0567   1.4449   0.00    0.0
2014/06/13 14:18:30.000   63.755967600  -68.510497582    95.1719   5   8   2.4285   1.8766   5.3561   0.6533  -0.1810   1.4302   0.00    0.0
2014/06/13 14:19:00.000   63.755966366  -68.510497148    95.2330   5   8   2.4277   1.8764   5.3580   0.6436  -0.2497   1.4157   0.00    0.0
2014/06/13 14:19:30.000   63.755969215  -68.510490699    93.9882   5   8   2.4270   1.8763   5.3598   0.6337  -0.3032   1.4013   0.00    0.0
2014/06/13 14:20:00.000   63.755968500  -68.510504616    94.6657   5   8   2.4264   1.8762   5.3615   0.6238  -0.3487   1.3872   0.00    0.0
2014/06/13 14:20:30.000   63.755963740  -68.510497386    93.9338   5   8   2.4260   1.8762   5.3631   0.6137  -0.3889   1.3732   0.00    0.0
2014/06/13 14:21:00.000   63.755965671  -68.510493155    93.9722   5   8   2.4258   1.8762   5.3647   0.6034  -0.4253   1.3594   0.00    0.0
2014/06/13 14:21:30.000   63.755965764  -68.510494033    93.5719   5   8   2.4257   1.8762   5.3662   0.5930  -0.4588   1.3458   0.00    0.0
2014/06/13 14:22:00.000   63.755970081  -68.510493466    94.7259   5   8   2.4257   1.8763   5.3675   0.5825  -0.4901   1.3324   0.00    0.0
2014/06/13 14:22:30.000   63.755966633  -68.510496051    94.1859   5   8   2.4259   1.8765   5.3688   0.5718  -0.5195   1.3192   0.00    0.0
2014/06/13 14:23:00.000   63.755967234  -68.510501234    94.0514   5   8   2.4263   1.8766   5.3700   0.5609  -0.5473   1.3062   0.00    0.0
2014/06/13 14:23:30.000   63.755970208  -68.510503286    94.0500   5   7   2.9494   2.0005   6.3649  -0.9266  -1.6414   2.7199   0.00    0.0
2014/06/13 14:24:00.000   63.755966041  -68.510496182    94.2433   5   7   2.9475   2.0015   6.3720  -0.9334  -1.6548   2.7149   0.00    0.0
2014/06/13 14:24:30.000   63.755962250  -68.510497872    94.1332   5   7   2.9457   2.0024   6.3786  -0.9401  -1.6681   2.7097   0.00    0.0
2014/06/13 14:25:00.000   63.755969192  -68.510499611    93.8093   5   7   2.9439   2.0034   6.3849  -0.9466  -1.6810   2.7045   0.00    0.0
2014/06/13 14:25:30.000   63.755975251  -68.510496455    94.1733   5   7   2.9423   2.0044   6.3907  -0.9530  -1.6936   2.6993   0.00    0.0
2014/06/13 14:26:00.000   63.755966552  -68.510502682    94.5826   5   7   2.9407   2.0055   6.3961  -0.9593  -1.7060   2.6939   0.00    0.0
2014/06/13 14:26:30.000   63.755970280  -68.510495495    94.1229   5   7   2.9393   2.0065   6.4011  -0.9655  -1.7180   2.6885   0.00    0.0
2014/06/13 14:27:00.000   63.755965794  -68.510491695    93.9589   5   7   2.9379   2.0076   6.4057  -0.9716  -1.7298   2.6830   0.00    0.0
2014/06/13 14:27:30.000   63.755968936  -68.510491261    93.5108   5   7   2.9367   2.0087   6.4098  -0.9775  -1.7413   2.6775   0.00    0.0
2014/06/13 14:28:00.000   63.755971216  -68.510501381    94.0461   5   7   2.9355   2.0098   6.4135  -0.9833  -1.7524   2.6719   0.00    0.0
2014/06/13 14:28:30.000   63.755964698  -68.510491429    93.4912   5   7   2.9345   2.0109   6.4168  -0.9890  -1.7633   2.6662   0.00    0.0
2014/06/13 14:29:00.000   63.755969100  -68.510496283    93.6882   5   7   2.9336   2.0120   6.4196  -0.9946  -1.7739   2.6605   0.00    0.0
2014/06/13 14:29:30.000   63.755972030  -68.510499900    95.0555   5   7   2.9327   2.0132   6.4219  -1.0001  -1.7842   2.6547   0.00    0.0
2014/06/13 14:30:00.000   63.755965086  -68.510498535    94.1336   5   7   2.9320   2.0143   6.4238  -1.0055  -1.7942   2.6489   0.00    0.0
2014/06/13 14:30:30.000   63.755966643  -68.510504505    93.8423   5   7   2.9314   2.0154   6.4253  -1.0108  -1.8038   2.6430   0.00    0.0
2014/06/13 14:31:00.000   63.755966196  -68.510493097    94.3973   5   7   2.9308   2.0166   6.4263  -1.0160  -1.8132   2.6371   0.00    0.0
2014/06/13 14:31:30.000   63.755965222  -68.510492948    93.8818   5   7   2.9304   2.0178   6.4268  -1.0210  -1.8223   2.6311   0.00    0.0
2014/06/13 14:32:00.000   63.755968048  -68.510500576    93.3577   5   7   2.9301   2.0189   6.4268  -1.0260  -1.8311   2.6251   0.00    0.0
2014/06/13 14:32:30.000   63.755969169  -68.510497666    94.6564   5   7   2.9299   2.0201   6.4264  -1.0309  -1.8395   2.6190   0.00    0.0
2014/06/13 14:33:00.000   63.755964719  -68.510505079    94.1382   5   7   2.9298   2.0213   6.4256  -1.0357  -1.8477   2.6129   0.00    0.0
2014/06/13 14:33:30.000   63.755968142  -68.510494162    93.6369   5   7   2.9298   2.0224   6.4243  -1.0405  -1.8556   2.6067   0.00    0.0
2014/06/13 14:34:00.000   63.755970881  -68.510496381    94.3350   5   7   2.9300   2.0236   6.4225  -1.0451  -1.8631   2.6006   0.00    0.0
2014/06/13 14:34:30.000   63.755970380  -68.510495847    94.4863   5   7   2.9302   2.0248   6.4203  -1.0496  -1.8704   2.5944   0.00    0.0
2014/06/13 14:35:00.000   63.755966607  -68.510503365    93.9639   5   7   2.9306   2.0259   6.4176  -1.0541  -1.8774   2.5882   0.00    0.0
2014/06/13 14:35:30.000   63.755972707  -68.510501686    93.5916   5   7   2.9311   2.0271   6.4145  -1.0585  -1.8841   2.5819   0.00    0.0
2014/06/13 14:36:00.000   63.755966524  -68.510498857    93.4858   5   7   2.9317   2.0282   6.4109  -1.0628  -1.8904   2.5757   0.00    0.0
2014/06/13 14:36:30.000   63.755966073  -68.510500478    94.8989   5   6   3.7301   2.0545   6.9085  -1.3697  -1.6643   0.8025   0.00    0.0
2014/06/13 14:37:00.000   63.755968853  -68.510501444    94.3631   5   6   3.7334   2.0567   6.9057  -1.3794  -1.6651   0.7699   0.00    0.0
2014/06/13 14:37:30.000   63.755963471  -68.510499365    94.0332   5   6   3.7369   2.0590   6.9023  -1.3890  -1.6655   0.7363   0.00    0.0
2014/06/13 14:38:00.000   63.755961549  -68.510502532    94.0918   5   6   3.7407   2.0612   6.8983  -1.3987  -1.6657   0.7017   0.00    0.0
2014/06/13 14:38:30.000   63.755966210  -68.510495409    94.6669   5   6   3.7446   2.0636   6.8938  -1.4083  -1.6655   0.6659   0.00    0.0
2014/06/13 14:39:00.000   63.755961617  -68.510499709    94.1873   5   6   3.7487   2.0659   6.8887  -1.4180  -1.6650   0.6286   0.00    0.0
2014/06/13 14:39:30.000   63.755969023  -68.510498838    95.1803   5   6   3.7530   2.0683   6.8831  -1.4276  -1.6641   0.5897   0.00    0.0
2014/06/13 14:40:00.000   63.755962990  -68.510499850    94.8084   5   7   3.2131   2.0658   6.3774  -1.3378  -1.5495  -2.1705   0.00    0.0
2014/06/13 14:40:30.000   63.755961686  -68.510502573    95.1462   5   7   3.2133   2.0682   6.3832  -1.3472  -1.5489  -2.1717   0.00    0.0
2014/06/13 14:41:00.000   63.755964725  -68.510503034    94.2794   5   7   3.2135   2.0706   6.3884  -1.3567  -1.5480  -2.1723   0.00    0.0
2014/06/13 14:41:30.000   63.755963556  -68.510499734    94.3784   5   7   3.2139   2.0730   6.3932  -1.3661  -1.5469  -2.1724   0.00    0.0
2014/06/13 14:42:00.000   63.755964844  -68.510499963    93.9971   5   7   3.2144   2.0755   6.3975  -1.3757  -1.5455  -2.1720   0.00    0.0
2014/06/13 14:42:30.000   63.755965922  -68.510502794    94.2427   5   7   3.2150   2.0780   6.4013  -1.3852  -1.5439  -2.1711   0.00    0.0
2014/06/13 14:43:00.000   63.755967753  -68.510505579    95.2693   5   7   3.2157   2.0805   6.4046  -1.3948  -1.5420  -2.1697   0.00    0.0
2014/06/13 14:43:30.000   63.755965218  -68.510494383    94.1773   5   7   3.2164   2.0831   6.4074  -1.4044  -1.5399  -2.1678   0.00    0.0
2014/06/13 14:44:00.000   63.755960962  -68.510501629    94.4922   5   7   3.2173   2.0857   6.4097  -1.4141  -1.5375  -2.1653   0.00    0.0
2014/06/13 14:44:30.000   63.755961199  -68.510500519    95.1849   5   7   3.2182   2.0883   6.4115  -1.4237  -1.5348  -2.1624   0.00    0.0
2014/06/13 14:45:00.000   63.755959796  -68.510501518    95.2773   5   7   3.2193   2.0909   6.4128  -1.4334  -1.5319  -2.1589   0.00    0.0
2014/06/13 14:45:30.000   63.755963780  -68.510500964    94.7419   5   7   3.2204   2.0936   6.4136  -1.4432  -1.5287  -2.1550   0.00    0.0
2014/06/13 14:46:00.000   63.755965210  -68.510505326    95.1419   5   7   3.2217   2.0963   6.4139  -1.4529  -1.5253  -2.1505   0.00    0.0
2014/06/13 14:46:30.000   63.755970857  -68.510507012    94.5561   5   7   3.2230   2.0990   6.4137  -1.4627  -1.5217  -2.1455   0.00    0.0
2014/06/13 14:47:00.000   63.755965059  -68.510502388    95.0797   5   7   3.2245   2.1018   6.4131  -1.4726  -1.5178  -2.1401   0.00    0.0
2014/06/13 14:47:30.000   63.755962911  -68.510500628    94.8055   5   7   3.2260   2.1046   6.4119  -1.4824  -1.5136  -2.1341   0.00    0.0
2014/06/13 14:48:00.000   63.755962057  -68.510503747    94.1046   5   7   3.2276   2.1074   6.4102  -1.4923  -1.5092  -2.1276   0.00    0.0
2014/06/13 14:48:30.000   63.755965475  -68.510504259    94.6378   5   7   3.2294   2.1103   6.4081  -1.5022  -1.5045  -2.1206   0.00    0.0
2014/06/13 14:49:00.000   63.755971241  -68.510499485    95.0071   5   7   3.2312   2.1132   6.4055  -1.5121  -1.4996  -2.1131   0.00    0.0
2014/06/13 14:49:30.000   63.755962861  -68.510504277    95.0426   5   7   3.2332   2.1161   6.4024  -1.5221  -1.4945  -2.1051   0.00    0.0
2014/06/13 14:50:00.000   63.755961492  -68.510505599    94.6811   5   7   3.2353   2.1191   6.3988  -1.5321  -1.4891  -2.0967   0.00    0.0
2014/06/13 14:50:30.000   63.755965204  -68.510506929    96.1470   5   7   3.2374   2.1221   6.3948  -1.5421  -1.4835  -2.0877   0.00    0.0
2014/06/13 14:51:00.000   63.755968001  -68.510501090    95.2611   5   7   3.2397   2.1251   6.3904  -1.5521  -1.4777  -2.0783   0.00    0.0
2014/06/13 14:51:30.000   63.755966042  -68.510501585    95.1190   5   7   3.2421   2.1282   6.3855  -1.5621  -1.4717  -2.0683   0.00    0.0
2014/06/13 14:52:00.000   63.755966327  -68.510502287    94.2242   5   7   3.2446   2.1313   6.3802  -1.5722  -1.4654  -2.0579   0.00    0.0
2014/06/13 14:52:30.000   63.755972956  -68.510501795    95.0228   5   7   3.2472   2.1344   6.3744  -1.5823  -1.4589  -2.0470   0.00    0.0
2014/06/13 14:53:00.000   63.755973501  -68.510497202    94.4042   5   7   3.2499   2.1376   6.3683  -1.5924  -1.4522  -2.0357   0.00    0.0
2014/06/13 14:53:30.000   63.755967946  -68.510501542    94.8818   5   7   3.2528   2.1408   6.3617  -1.6025  -1.4452  -2.0238   0.00    0.0
2014/06/13 14:54:00.000   63.755967849  -68.510500414    94.9442   5   7   3.2558   2.1440   6.3548  -1.6126  -1.4381  -2.0115   0.00    0.0
2014/06/13 14:54:30.000   63.755965680  -68.510498652    94.8945   5   7   3.2589   2.1473   6.3475  -1.6228  -1.4308  -1.9987   0.00    0.0
2014/06/13 14:55:00.000   63.755965436  -68.510502650    95.1263   5   7   3.2621   2.1506   6.3398  -1.6330  -1.4232  -1.9854   0.00    0.0
2014/06/13 14:55:30.000   63.755964436  -68.510498307    95.5816   5   6   3.5526   2.1566   6.8784  -1.5978  -1.3121  -0.3569   0.00    0.0
2014/06/13 14:56:00.000   63.755966822  -68.510507159    97.2577   5   6   3.5546   2.1597   6.8836  -1.6109  -1.3082  -0.1855   0.00    0.0
2014/06/13 14:56:30.000   63.755966340  -68.510504575    96.1527   5   6   3.5567   2.1629   6.8884  -1.6238  -1.3042   0.2443   0.00    0.0
2014/06/13 14:57:00.000   63.755965349  -68.510507020    96.7354   5   6   3.5592   2.1661   6.8928  -1.6367  -1.3000   0.3935   0.00    0.0
2014/06/13 14:57:30.000   63.755970611  -68.510506549    96.1554   5   6   3.5618   2.1694   6.8968  -1.6495  -1.2958   0.5010   0.00    0.0
2014/06/13 14:58:00.000   63.755967617  -68.510500893    95.3041   5   7   3.0747   1.9689   6.4043  -1.0512  -2.0073   2.2321   0.00    0.0
2014/06/13 14:58:30.000   63.755963827  -68.510502693    96.8261   5   7   3.0736   1.9677   6.4197  -1.0588  -2.0043   2.2465   0.00    0.0
2014/06/13 14:59:00.000   63.755967476  -68.510497978    96.5185   5   7   3.0727   1.9666   6.4348  -1.0661  -2.0009   2.2607   0.00    0.0
2014/06/13 14:59:30.000   63.755970310  -68.510505077    96.1671   5   7   3.0720   1.9654   6.4495  -1.0731  -1.9972   2.2747   0.00    0.0
2014/06/13 15:00:00.000   63.755965644  -68.510495513    95.9711   5   7   3.0449   1.9266   6.4263  -1.1490  -2.0588   2.2265   0.00    0.0
2014/06/13 15:00:30.000   63.755964126  -68.510497055    96.2849   5   7   3.0438   1.9262   6.4373  -1.1553  -2.0565   2.2372   0.00    0.0
2014/06/13 15:01:00.000   63.755964592  -68.510498327    96.9801   5   7   3.0429   1.9258   6.4477  -1.1614  -2.0538   2.2477   0.00    0.0
2014/06/13 15:01:30.000   63.755964102  -68.510494002    96.6592   5   7   3.0420   1.9253   6.4577  -1.1674  -2.0508   2.2579   0.00    0.0
2014/06/13 15:02:00.000   63.755963801  -68.510494422    95.9298   5   7   3.0413   1.9249   6.4670  -1.1731  -2.0473   2.2678   0.00    0.0
2014/06/13 15:02:30.000   63.755967729  -68.510498971    96.9229   5   7   3.0406   1.9244   6.4759  -1.1787  -2.0435   2.2774   0.00    0.0
2014/06/13 15:03:00.000   63.755966837  -68.510493569    95.6815   5   7   3.0401   1.9239   6.4841  -1.1841  -2.0393   2.2867   0.00    0.0
2014/06/13 15:03:30.000   63.755966697  -68.510491640    96.1912   5   7   3.0396   1.9234   6.4918  -1.1893  -2.0347   2.2958   0.00    0.0
2014/06/13 15:04:00.000   63.755960823  -68.510501326    96.6144   5   7   3.0393   1.9228   6.4990  -1.1943  -2.0298   2.3045   0.00    0.0
2014/06/13 15:04:30.000   63.755968609  -68.510492068    95.6241   5   7   3.0390   1.9223   6.5055  -1.1992  -2.0244   2.3128   0.00    0.0
2014/06/13 15:05:00.000   63.755965256  -68.510493786    96.1683   5   7   3.0389   1.9217   6.5114  -1.2039  -2.0187   2.3209   0.00    0.0
2014/06/13 15:05:30.000   63.755966918  -68.510496231    97.2055   5   7   3.0388   1.9211   6.5167  -1.2084  -2.0125   2.3287   0.00    0.0
2014/06/13 15:06:00.000   63.755967339  -68.510497856    96.4535   5   7   3.0387   1.9205   6.5215  -1.2128  -2.0060   2.3361   0.00    0.0
2014/06/13 15:06:30.000   63.755965768  -68.510498812    96.8853   5   7   3.0388   1.9199   6.5256  -1.2170  -1.9990   2.3431   0.00    0.0
2014/06/13 15:07:00.000   63.755963584  -68.510494175    96.7518   5   7   3.0389   1.9193   6.5291  -1.2210  -1.9917   2.3499   0.00    0.0
2014/06/13 15:07:30.000   63.755968088  -68.510497629    96.9504   5   7   3.0391   1.9187   6.5320  -1.2248  -1.9840   2.3562   0.00    0.0
2014/06/13 15:08:00.000   63.755970086  -68.510501552    96.8966   5   7   3.0394   1.9181   6.5343  -1.2285  -1.9759   2.3623   0.00    0.0
2014/06/13 15:08:30.000   63.755966336  -68.510495024    96.3030   5   7   3.0397   1.9174   6.5360  -1.2320  -1.9673   2.3680   0.00    0.0
2014/06/13 15:09:00.000   63.755965735  -68.510493625    96.2726   5   7   3.0401   1.9168   6.5370  -1.2354  -1.9584   2.3733   0.00    0.0
2014/06/13 15:09:30.000   63.755966945  -68.510496908    97.1254   5   7   3.0405   1.9162   6.5375  -1.2386  -1.9491   2.3783   0.00    0.0
2014/06/13 15:10:00.000   63.755968429  -68.510494852    96.6730   5   7   3.0410   1.9156   6.5373  -1.2416  -1.9394   2.3829   0.00    0.0
2014/06/13 15:10:30.000   63.755967744  -68.510493822    97.0700   5   7   3.0416   1.9149   6.5366  -1.2445  -1.9293   2.3871   0.00    0.0
2014/06/13 15:11:00.000   63.755966867  -68.510487081    96.0778   5   7   3.0422   1.9143   6.5352  -1.2473  -1.9188   2.3910   0.00    0.0
2014/06/13 15:11:30.000   63.755966053  -68.510498109    96.9836   5   7   3.0428   1.9137   6.5333  -1.2499  -1.9079   2.3945   0.00    0.0
2014/06/13 15:12:00.000   63.755972039  -68.510495498    97.5148   5   7   3.0435   1.9131   6.5308  -1.2523  -1.8966   2.3977   0.00    0.0
2014/06/13 15:12:30.000   63.755964672  -68.510486424    96.0855   5   7   3.0442   1.9125   6.5277  -1.2546  -1.8850   2.4005   0.00    0.0
2014/06/13 15:13:00.000   63.755964984  -68.510495428    97.8989   5   7   3.0450   1.9120   6.5240  -1.2568  -1.8729   2.4030   0.00    0.0
2014/06/13 15:13:30.000   63.755968633  -68.510495120    96.5249   5   7   3.0458   1.9114   6.5198  -1.2588  -1.8605   2.4050   0.00    0.0
2014/06/13 15:14:00.000   63.755968510  -68.510495656    96.4331   5   7   3.0466   1.9109   6.5150  -1.2607  -1.8477   2.4068   0.00    0.0
2014/06/13 15:14:30.000   63.755968287  -68.510500424    97.0855   5   7   3.0475   1.9104   6.5097  -1.2624  -1.8346   2.4081   0.00    0.0
2014/06/13 15:15:00.000   63.755961843  -68.510499800    96.7849   5   7   3.0484   1.9099   6.5039  -1.2641  -1.8210   2.4092   0.00    0.0
2014/06/13 15:15:30.000   63.755969144  -68.510500755    96.2951   5   6   3.1597   2.4422   8.6608  -0.5837  -3.4619   1.0321   0.00    0.0
2014/06/13 15:16:00.000   63.755967056  -68.510498331    97.5172   5   6   3.1585   2.4384   8.6736  -0.6011  -3.4558   1.0449   0.00    0.0
2014/06/13 15:16:30.000   63.755974021  -68.510501650    96.7480   5   6   3.1574   2.4344   8.6847  -0.6176  -3.4487   1.0573   0.00    0.0
2014/06/13 15:17:00.000   63.755965041  -68.510498979    98.0179   5   6   3.1563   2.4301   8.6942  -0.6335  -3.4406   1.0692   0.00    0.0
2014/06/13 15:17:30.000   63.755964645  -68.510497792    97.7136   5   6   3.1554   2.4257   8.7019  -0.6486  -3.4316   1.0806   0.00    0.0
2014/06/13 15:18:00.000   63.755964547  -68.510500968    97.2363   5   6   3.1546   2.4210   8.7078  -0.6632  -3.4215   1.0915   0.00    0.0
2014/06/13 15:18:30.000   63.755964512  -68.510499315    96.7401   5   6   3.1538   2.4162   8.7121  -0.6771  -3.4105   1.1019   0.00    0.0
2014/06/13 15:19:00.000   63.755965310  -68.510500618    98.1529   5   6   3.1532   2.4111   8.7147  -0.6905  -3.3984   1.1119   0.00    0.0
2014/06/13 15:19:30.000   63.755965051  -68.510501105    96.1639   5   6   3.1526   2.4059   8.7155  -0.7034  -3.3854   1.1214   0.00    0.0
2014/06/13 15:20:00.000   63.755963553  -68.510502116    98.4040   5   6   3.1521   2.4004   8.7147  -0.7157  -3.3715   1.1304   0.00    0.0
2014/06/13 15:20:30.000   63.755969179  -68.510502999    97.7055   5   6   3.1517   2.3948   8.7122  -0.7276  -3.3565   1.1389   0.00    0.0
2014/06/13 15:21:00.000   63.755967409  -68.510499648    98.0671   5   6   3.1516   2.3891   8.7100  -0.7389  -3.3405   1.1498   0.00    0.0
2014/06/13 15:21:30.000   63.755961712  -68.510495526    96.9308   5   6   3.1516   2.3832   8.7067  -0.7498  -3.3235   1.1610   0.00    0.0
2014/06/13 15:22:00.000   63.755968422  -68.510501129    97.9461   5   6   3.1517   2.3771   8.7020  -0.7603  -3.3056   1.1719   0.00    0.0
2014/06/13 15:22:30.000   63.755970077  -68.510497577    98.3081   5   6   3.1519   2.3710   8.6960  -0.7704  -3.2868   1.1825   0.00    0.0
2014/06/13 15:23:00.000   63.755968454  -68.510500378    98.4833   5   6   3.1522   2.3647   8.6887  -0.7802  -3.2671   1.1928   0.00    0.0
2014/06/13 15:23:30.000   63.755967173  -68.510498862    97.5723   5   6   3.1525   2.3583   8.6801  -0.7896  -3.2465   1.2029   0.00    0.0
2014/06/13 15:24:00.000   63.755966296  -68.510502444    97.3659   5   6   3.1530   2.3518   8.6702  -0.7987  -3.2252   1.2127   0.00    0.0
2014/06/13 15:24:30.000   63.755967049  -68.510501219    98.1146   5   6   3.1535   2.3452   8.6592  -0.8075  -3.2029   1.2223   0.00    0.0
2014/06/13 15:25:00.000   63.755971426  -68.510503503    98.3939   5   6   3.1540   2.3386   8.6471  -0.8160  -3.1799   1.2316   0.00    0.0
2014/06/13 15:25:30.000   63.755964637  -68.510499243    97.8423   5   6   3.1547   2.3319   8.6339  -0.8242  -3.1561   1.2408   0.00    0.0
2014/06/13 15:26:00.000   63.755963917  -68.510503673    98.2773   5   6   3.1554   2.3251   8.6197  -0.8321  -3.1315   1.2497   0.00    0.0
2014/06/13 15:26:30.000   63.755965341  -68.510496614    96.8159   5   6   3.1563   2.3184   8.6044  -0.8398  -3.1061   1.2585   0.00    0.0
2014/06/13 15:27:00.000   63.755967477  -68.510501204    98.6458   5   6   3.1571   2.3116   8.5883  -0.8472  -3.0800   1.2671   0.00    0.0
2014/06/13 15:27:30.000   63.755967277  -68.510501649    98.2613   5   6   3.1581   2.3048   8.5713  -0.8544  -3.0532   1.2755   0.00    0.0
2014/06/13 15:28:00.000   63.755965965  -68.510502405    98.3140   5   5   3.5428   2.3041  12.7384  -0.6871  -2.7512   4.0956   0.00    0.0
2014/06/13 15:28:30.000   63.755968215  -68.510499253    98.2861   5   5   3.5575   2.2976  12.8877  -0.6879  -2.7079   4.1738   0.00    0.0
2014/06/13 15:29:00.000   63.755965726  -68.510496562    96.0304   5   5   3.5728   2.2912  13.0404  -0.6869  -2.6610   4.2535   0.00    0.0
2014/06/13 15:29:30.000   63.755966963  -68.510502576    98.0348   5   5   3.5886   2.2850  13.1965  -0.6840  -2.6101   4.3345   0.00    0.0
2014/06/13 15:30:00.000   63.755966825  -68.510495583    98.0824   5   5   3.6050   2.2789  13.3563  -0.6790  -2.5550   4.4169   0.00    0.0
2014/06/13 15:30:30.000   63.755965663  -68.510497146    96.8576   5   5   3.6221   2.2730  13.5197  -0.6718  -2.4950   4.5009   0.00    0.0
2014/06/13 15:31:00.000   63.755966714  -68.510498337    96.2911   5   5   3.6398   2.2673  13.6869  -0.6621  -2.4296   4.5864   0.00    0.0
2014/06/13 15:31:30.000   63.755964000  -68.510495261    97.5930   5   5   3.6581   2.2619  13.8581  -0.6496  -2.3582   4.6736   0.00    0.0
2014/06/13 15:32:00.000   63.755965347  -68.510499844    96.9306   5   5   3.6772   2.2567  14.0334  -0.6342  -2.2798   4.7624   0.00    0.0
2014/06/13 15:32:30.000   63.755969323  -68.510500651    96.6364   5   5   3.6969   2.2519  14.2129  -0.6153  -2.1936   4.8529   0.00    0.0
2014/06/13 15:33:00.000   63.755965353  -68.510497416    97.5078   5   5   3.7174   2.2474  14.3967  -0.5924  -2.0983   4.9453   0.00    0.0
2014/06/13 15:33:30.000   63.755968789  -68.510499040    98.7108   5   5   3.7387   2.2432  14.5850  -0.5649  -1.9920   5.0395   0.00    0.0
2014/06/13 15:34:00.000   63.755966949  -68.510497151    97.1711   5   5   3.7608   2.2395  14.7780  -0.5316  -1.8727   5.1356   0.00    0.0
2014/06/13 15:34:30.000   63.755967336  -68.510500405    97.1085   5   5   3.7836   2.2363  14.9757  -0.4914  -1.7372   5.2337   0.00    0.0
2014/06/13 15:35:00.000   63.755966589  -68.510494641    96.6517   5   5   3.8074   2.2336  15.1784  -0.4417  -1.5807   5.3338   0.00    0.0
2014/06/13 15:35:30.000   63.755971398  -68.510499469    98.8201   5   5   3.8320   2.2315  15.3862  -0.3786  -1.3956   5.4361   0.00    0.0
2014/06/13 15:36:00.000   63.755967001  -68.510500292    97.2894   5   5   3.8575   2.2300  15.5993  -0.2929  -1.1676   5.5406   0.00    0.0
2014/06/13 15:36:30.000   63.755968251  -68.510495508    97.9486   5   5   3.8840   2.2293  15.8178  -0.1487  -0.8622   5.6474   0.00    0.0
2014/06/13 15:37:00.000   63.755969282  -68.510497414    98.9103   5   5   3.9115   2.2292  16.0420   0.2193  -0.2928   5.7565   0.00    0.0
2014/06/13 15:37:30.000   63.755967592  -68.510500218    97.7683   5   5   3.9399   2.2300  16.2719   0.3539   0.7823   5.8680   0.00    0.0
2014/06/13 15:38:00.000   63.755967541  -68.510497487   102.7646   5   6   3.9695   2.2182  12.0108   0.4564  -1.1968   5.9761   0.00    0.0
2014/06/13 15:38:30.000   63.755969131  -68.510499528   100.8057   5   6   3.9997   2.2168  12.1289   0.5353  -1.0522   6.0453   0.00    0.0
2014/06/13 15:39:00.000   63.755968111  -68.510497780   101.6191   5   6   4.0304   2.2157  12.2480   0.6074  -0.8760   6.1152   0.00    0.0
2014/06/13 15:39:30.000   63.755968100  -68.510491818   100.0349   5   6   4.0616   2.2150  12.3681   0.6751  -0.6426   6.1856   0.00    0.0
2014/06/13 15:40:00.000   63.755966574  -68.510500621   100.3481   5   6   4.0933   2.2147  12.4891   0.7396  -0.2079   6.2566   0.00    0.0
2014/06/13 15:40:30.000   63.755970103  -68.510494200   103.3370   5   6   4.1253   2.2149  12.6109   0.8018   0.5848   6.3282   0.00    0.0
2014/06/13 15:41:00.000   63.755969911  -68.510496997   103.2036   5   6   4.1578   2.2155  12.7334   0.8623   0.8620   6.4002   0.00    0.0
2014/06/13 15:41:30.000   63.755966261  -68.510494232   100.5300   5   6   4.1908   2.2166  12.8566   0.9214   1.0772   6.4727   0.00    0.0
2014/06/13 15:42:00.000   63.755968611  -68.510495128   102.6893   5   6   4.2241   2.2182  12.9803   0.9795   1.2626   6.5456   0.00    0.0
2014/06/13 15:42:30.000   63.755972896  -68.510487906   102.2388   5   6   4.2577   2.2203  13.1045   1.0367   1.4299   6.6189   0.00    0.0
2014/06/13 15:43:00.000   63.755969722  -68.510490607   102.8705   5   6   4.2918   2.2231  13.2290   1.0933   1.5850   6.6924   0.00    0.0
2014/06/13 15:43:30.000   63.755967590  -68.510493518   100.8859   5   6   4.3261   2.2264  13.3537   1.1494   1.7312   6.7662   0.00    0.0
2014/06/13 15:44:00.000   63.755968569  -68.510495746   103.4107   5   6   4.3607   2.2303  13.4785   1.2051   1.8706   6.8401   0.00    0.0
2014/06/13 15:44:30.000   63.755968755  -68.510493563   102.0768   5   6   4.3955   2.2349  13.6032   1.2605   2.0048   6.9141   0.00    0.0
2014/06/13 15:45:00.000   63.755971975  -68.510494144   102.7672   5   6   4.4306   2.2402  13.7277   1.3156   2.1346   6.9881   0.00    0.0
2014/06/13 15:45:30.000   63.755968945  -68.510488877   101.7585   5   6   4.4658   2.2461  13.8518   1.3704   2.2608   7.0619   0.00    0.0
2014/06/13 15:46:00.000   63.755967067  -68.510489195   101.0173   5   6   4.5012   2.2528  13.9753   1.4251   2.3841   7.1356   0.00    0.0
2014/06/13 15:46:30.000   63.755970281  -68.510485854   102.6920   5   6   4.5366   2.2603  14.0981   1.4796   2.5048   7.2091   0.00    0.0
2014/06/13 15:47:00.000   63.755968663  -68.510490431   101.3800   5   6   4.5721   2.2685  14.2199   1.5339   2.6232   7.2821   0.00    0.0
2014/06/13 15:47:30.000   63.755972860  -68.510489793   103.6717   5   6   4.6075   2.2775  14.3405   1.5881   2.7395   7.3546   0.00    0.0
2014/06/13 15:48:00.000   63.755972355  -68.510485280   102.5757   5   6   4.6428   2.2872  14.4597   1.6421   2.8540   7.4264   0.00    0.0
2014/06/13 15:48:30.000   63.755974151  -68.510485120   103.6181   5   6   4.6780   2.2978  14.5772   1.6959   2.9668   7.4975   0.00    0.0
2014/06/13 15:49:00.000   63.755972946  -68.510489128   103.4218   5   6   4.7130   2.3092  14.6929   1.7495   3.0779   7.5678   0.00    0.0
2014/06/13 15:49:30.000   63.755975634  -68.510483985   104.0991   5   6   4.7477   2.3214  14.8064   1.8029   3.1875   7.6369   0.00    0.0
2014/06/13 15:50:00.000   63.755975827  -68.510485797   104.9594   5   6   4.7820   2.3344  14.9175   1.8560   3.2955   7.7049   0.00    0.0
2014/06/13 15:50:30.000   63.755968225  -68.510493152   102.1850   5   6   4.8159   2.3483  15.0259   1.9088   3.4020   7.7716   0.00    0.0
2014/06/13 15:51:00.000   63.755972643  -68.510483828   103.5865   5   6   4.8492   2.3629  15.1313   1.9612   3.5069   7.8368   0.00    0.0
2014/06/13 15:51:30.000   63.755969146  -68.510488148   101.7590   5   6   4.8820   2.3784  15.2334   2.0132   3.6102   7.9003   0.00    0.0
2014/06/13 15:52:00.000   63.755979784  -68.510477699   105.7417   5   6   4.9141   2.3946  15.3319   2.0647   3.7119   7.9619   0.00    0.0
2014/06/13 15:52:30.000   63.755975052  -68.510482101   104.9558   5   6   4.9454   2.4115  15.4266   2.1157   3.8119   8.0216   0.00    0.0
2014/06/13 15:53:00.000   63.755973869  -68.510477097   105.2522   5   6   4.9759   2.4292  15.5170   2.1662   3.9101   8.0792   0.00    0.0
2014/06/13 15:53:30.000   63.755976436  -68.510477257   104.3176   5   6   5.0054   2.4476  15.6030   2.2159   4.0065   8.1344   0.00    0.0
2014/06/13 15:54:00.000   63.755980273  -68.510475673   104.8386   5   6   5.0339   2.4666  15.6841   2.2650   4.1009   8.1871   0.00    0.0
2014/06/13 15:54:30.000   63.755971692  -68.510485809   101.9659   5   6   5.0613   2.4862  15.7601   2.3132   4.1932   8.2371   0.00    0.0
2014/06/13 15:55:00.000   63.755973094  -68.510481556   103.6835   5   6   5.0874   2.5064  15.8307   2.3606   4.2834   8.2843   0.00    0.0
2014/06/13 15:55:30.000   63.755973541  -68.510483433   104.5075   5   6   5.1123   2.5270  15.8956   2.4070   4.3712   8.3284   0.00    0.0
2014/06/13 15:56:00.000   63.755976937  -68.510483395   105.0251   5   6   5.1357   2.5482  15.9546   2.4524   4.4567   8.3694   0.00    0.0
2014/06/13 15:56:30.000   63.755969621  -68.510483600   101.6373   5   6   5.1577   2.5697  16.0072   2.4967   4.5396   8.4071   0.00    0.0
2014/06/13 15:57:00.000   63.755968904  -68.510479468   101.2091   5   6   5.1781   2.5915  16.0534   2.5397   4.6199   8.4413   0.00    0.0
2014/06/13 15:57:30.000   63.755967866  -68.510480012   102.1386   5   6   5.1969   2.6136  16.0928   2.5815   4.6974   8.4719   0.00    0.0
2014/06/13 15:58:00.000   63.755974677  -68.510480277   104.2201   5   6   5.2140   2.6359  16.1253   2.6220   4.7720   8.4987   0.00    0.0
2014/06/13 15:58:30.000   63.755973961  -68.510469560   103.4583   5   6   5.2293   2.6583  16.1507   2.6611   4.8437   8.5217   0.00    0.0
2014/06/13 15:59:00.000   63.755974063  -68.510478478   104.1481   5   6   5.2429   2.6808  16.1688   2.6987   4.9122   8.5407   0.00    0.0
2014/06/13 15:59:30.000   63.755976157  -68.510472256   104.5402   5   6   5.2545   2.7032  16.1794   2.7347   4.9776   8.5558   0.00    0.0
2014/06/13 16:00:00.000   63.755980422  -68.510472808   105.1111   5   6   5.2642   2.7255  16.1825   2.7691   5.0396   8.5666   0.00    0.0
2014/06/13 16:00:30.000   63.755970814  -68.510482290   102.5029   5   6   5.2720   2.7476  16.1781   2.8019   5.0983   8.5734   0.00    0.0
2014/06/13 16:01:00.000   63.755976021  -68.510469589   104.8006   5   6   5.2778   2.7695  16.1659   2.8329   5.1535   8.5759   0.00    0.0
2014/06/13 16:01:30.000   63.755965560  -68.510490294   101.5986   5   6   5.2816   2.7911  16.1461   2.8622   5.2052   8.5742   0.00    0.0
2014/06/13 16:02:00.000   63.755972670  -68.510479989   103.0394   5   6   5.2834   2.8123  16.1186   2.8896   5.2534   8.5683   0.00    0.0
2014/06/13 16:02:30.000   63.755971402  -68.510478930   102.4578   5   6   5.2832   2.8331  16.0835   2.9152   5.2979   8.5581   0.00    0.0
2014/06/13 16:03:00.000   63.755971370  -68.510478732   103.1236   5   6   5.2810   2.8534  16.0410   2.9390   5.3388   8.5438   0.00    0.0
2014/06/13 16:03:30.000   63.755978764  -68.510464066   105.7962   5   6   5.2768   2.8731  15.9910   2.9609   5.3760   8.5254   0.00    0.0
2014/06/13 16:04:00.000   63.755965456  -68.510484863   101.9532   5   6   5.2706   2.8922  15.9338   2.9809   5.4096   8.5028   0.00    0.0
2014/06/13 16:04:30.000   63.755971345  -68.510473852   102.4182   5   6   5.2626   2.9106  15.8695   2.9990   5.4396   8.4763   0.00    0.0
2014/06/13 16:05:00.000   63.755967879  -68.510482255   101.1731   5   6   5.2526   2.9283  15.7984   3.0152   5.4659   8.4459   0.00    0.0
2014/06/13 16:05:30.000   63.755974225  -68.510473164   103.2601   5   6   5.2408   2.9453  15.7206   3.0295   5.4887   8.4118   0.00    0.0
2014/06/13 16:06:00.000   63.755972937  -68.510477440   103.1973   5   6   5.2273   2.9615  15.6364   3.0420   5.5080   8.3740   0.00    0.0
2014/06/13 16:06:30.000   63.755975144  -68.510470707   104.5406   5   6   5.2121   2.9769  15.5461   3.0526   5.5237   8.3326   0.00    0.0
2014/06/13 16:07:00.000   63.755972579  -68.510473443   102.8589   5   6   5.1952   2.9915  15.4499   3.0614   5.5361   8.2879   0.00    0.0
2014/06/13 16:07:30.000   63.755959068  -68.510482459    99.6019   5   6   5.1768   3.0053  15.3483   3.0685   5.5452   8.2400   0.00    0.0
2014/06/13 16:08:00.000   63.755972734  -68.510470690   103.4057   5   6   5.1568   3.0182  15.2414   3.0738   5.5510   8.1890   0.00    0.0
2014/06/13 16:08:30.000   63.755976013  -68.510460829   104.8951   5   6   5.1355   3.0302  15.1296   3.0774   5.5537   8.1352   0.00    0.0
2014/06/13 16:09:00.000   63.755967628  -68.510476856   101.6127   5   6   5.1129   3.0414  15.0132   3.0794   5.5534   8.0786   0.00    0.0
2014/06/13 16:09:30.000   63.755975409  -68.510471561   103.8605   5   6   5.0890   3.0517  14.8927   3.0797   5.5501   8.0196   0.00    0.0
2014/06/13 16:10:00.000   63.755966559  -68.510477132   101.0795   5   6   5.0640   3.0612  14.7682   3.0786   5.5441   7.9581   0.00    0.0
2014/06/13 16:10:30.000   63.755968127  -68.510470585   102.5703   5   6   5.0379   3.0698  14.6402   3.0759   5.5353   7.8945   0.00    0.0
2014/06/13 16:11:00.000   63.755977236  -68.510471079   103.3136   5   6   5.0109   3.0776  14.5089   3.0719   5.5240   7.8289   0.00    0.0
2014/06/13 16:11:30.000   63.755968947  -68.510482693   101.6998   5   6   4.9830   3.0845  14.3748   3.0665   5.5102   7.7615   0.00    0.0
2014/06/13 16:12:00.000   63.755969233  -68.510467953   102.0618   5   6   4.9543   3.0906  14.2381   3.0598   5.4942   7.6924   0.00    0.0
2014/06/13 16:12:30.000   63.755961438  -68.510477507    99.9677   5   6   4.9249   3.0960  14.0991   3.0518   5.4759   7.6218   0.00    0.0
2014/06/13 16:13:00.000   63.755964962  -68.510478771   101.0786   5   6   4.8948   3.1006  13.9582   3.0427   5.4556   7.5500   0.00    0.0
2014/06/13 16:13:30.000   63.755968552  -68.510471668   101.3463   5   6   4.8642   3.1044  13.8157   3.0325   5.4333   7.4770   0.00    0.0
2014/06/13 16:14:00.000   63.755968112  -68.510473549   101.1415   5   6   4.8332   3.1075  13.6717   3.0213   5.4092   7.4030   0.00    0.0
2014/06/13 16:14:30.000   63.755970448  -68.510470505   101.4772   5   6   4.8017   3.1099  13.5267   3.0091   5.3834   7.3281   0.00    0.0
2014/06/13 16:15:00.000   63.755967208  -68.510470305   101.6130   5   6   4.7699   3.1117  13.3808   2.9959   5.3560   7.2526   0.00    0.0
2014/06/13 16:15:30.000   63.755961480  -68.510473067    99.8445   5   6   4.7379   3.1128  13.2343   2.9819   5.3272   7.1764   0.00    0.0
2014/06/13 16:16:00.000   63.755952862  -68.510482412    97.6072   5   6   4.7057   3.1133  13.0875   2.9671   5.2970   7.0999   0.00    0.0
2014/06/13 16:16:30.000   63.755960757  -68.510476480    99.0890   5   6   4.6733   3.1132  12.9405   2.9516   5.2655   7.0230   0.00    0.0
2014/06/13 16:17:00.000   63.755957393  -68.510485145    98.0877   5   6   4.6409   3.1126  12.7936   2.9353   5.2329   6.9460   0.00    0.0
2014/06/13 16:17:30.000   63.755963526  -68.510488511    99.4457   5   6   4.6084   3.1114  12.6469   2.9184   5.1992   6.8688   0.00    0.0
2014/06/13 16:18:00.000   63.755962767  -68.510482393    99.3862   5   6   4.5760   3.1098  12.5007   2.9010   5.1646   6.7917   0.00    0.0
2014/06/13 16:18:30.000   63.755957082  -68.510483907    98.1559   5   6   4.5436   3.1076  12.3551   2.8830   5.1291   6.7146   0.00    0.0
2014/06/13 16:19:00.000   63.755957947  -68.510479561    98.4846   5   6   4.5114   3.1051  12.2101   2.8645   5.0929   6.6378   0.00    0.0
2014/06/13 16:19:30.000   63.755960573  -68.510487115    99.0197   5   6   4.4793   3.1020  12.0661   2.8455   5.0559   6.5612   0.00    0.0
2014/06/13 16:20:00.000   63.755957888  -68.510485357    98.2157   5   6   4.4475   3.0986  11.9231   2.8262   5.0183   6.4850   0.00    0.0
2014/06/13 16:20:30.000   63.755962837  -68.510479349    98.6809   5   6   4.4158   3.0949  11.7812   2.8064   4.9802   6.4091   0.00    0.0
2014/06/13 16:21:00.000   63.755959793  -68.510489289    97.5356   5   6   4.3844   3.0907  11.6406   2.7864   4.9416   6.3338   0.00    0.0
2014/06/13 16:21:30.000   63.755944001  -68.510504019    94.8030   5   6   4.3533   3.0863  11.5013   2.7660   4.9026   6.2590   0.00    0.0
2014/06/13 16:22:00.000   63.755952398  -68.510487109    96.2898   5   6   4.3226   3.0815  11.3634   2.7454   4.8633   6.1848   0.00    0.0
2014/06/13 16:22:30.000   63.755958149  -68.510485942    97.3357   5   6   4.2921   3.0765  11.2270   2.7245   4.8236   6.1112   0.00    0.0
2014/06/13 16:23:00.000   63.755954611  -68.510487799    96.5205   5   6   4.2620   3.0712  11.0921   2.7035   4.7837   6.0383   0.00    0.0
2014/06/13 16:23:30.000   63.755944826  -68.510502375    93.5735   5   7   2.5413   2.6516   6.7312   1.4098   3.0327   2.5151   0.00    0.0
2014/06/13 16:24:00.000   63.755951517  -68.510495501    95.6506   5   7   2.5389   2.6563   6.7137   1.4116   3.0364   2.5088   0.00    0.0
2014/06/13 16:24:30.000   63.755943398  -68.510491155    94.8532   5   7   2.5366   2.6608   6.6962   1.4133   3.0397   2.5028   0.00    0.0
2014/06/13 16:25:00.000   63.755949398  -68.510497674    95.4743   5   7   2.5344   2.6651   6.6788   1.4150   3.0428   2.4970   0.00    0.0
2014/06/13 16:25:30.000   63.755952618  -68.510488586    96.1130   5   7   2.5323   2.6694   6.6613   1.4166   3.0454   2.4913   0.00    0.0
2014/06/13 16:26:00.000   63.755946882  -68.510493107    94.9987   5   7   2.5303   2.6735   6.6438   1.4182   3.0478   2.4859   0.00    0.0
2014/06/13 16:26:30.000   63.755948687  -68.510495492    94.8507   5   7   2.5283   2.6775   6.6262   1.4197   3.0498   2.4806   0.00    0.0
2014/06/13 16:27:00.000   63.755954524  -68.510483307    96.3183   5   7   2.5265   2.6814   6.6086   1.4212   3.0514   2.4755   0.00    0.0
2014/06/13 16:27:30.000   63.755951498  -68.510489184    95.4709   5   7   2.5247   2.6851   6.5910   1.4227   3.0527   2.4706   0.00    0.0
2014/06/13 16:28:00.000   63.755948607  -68.510500745    95.4097   5   7   2.5231   2.6887   6.5733   1.4241   3.0537   2.4658   0.00    0.0
2014/06/13 16:28:30.000   63.755952441  -68.510484174    95.9690   5   7   2.5215   2.6922   6.5556   1.4254   3.0543   2.4612   0.00    0.0
2014/06/13 16:29:00.000   63.755949087  -68.510495185    94.9328   5   7   2.5200   2.6955   6.5378   1.4267   3.0546   2.4568   0.00    0.0
2014/06/13 16:29:30.000   63.755943596  -68.510496486    94.3631   5   7   2.5186   2.6987   6.5199   1.4280   3.0545   2.4525   0.00    0.0
2014/06/13 16:30:00.000   63.755948126  -68.510493350    95.0158   5   7   2.5173   2.7017   6.5019   1.4292   3.0540   2.4483   0.00    0.0
2014/06/13 16:30:30.000   63.755950623  -68.510492540    95.2710   5   7   2.5161   2.7046   6.4839   1.4303   3.0532   2.4442   0.00    0.0
2014/06/13 16:31:00.000   63.755944004  -68.510499393    94.3211   5   7   2.5150   2.7073   6.4657   1.4313   3.0520   2.4403   0.00    0.0
2014/06/13 16:31:30.000   63.755944020  -68.510501609    94.6621   5   7   2.5139   2.7099   6.4475   1.4323   3.0505   2.4365   0.00    0.0
2014/06/13 16:32:00.000   63.755949215  -68.510496828    94.9677   5   7   2.5130   2.7123   6.4292   1.4333   3.0486   2.4328   0.00    0.0
2014/06/13 16:32:30.000   63.755949649  -68.510491905    95.3479   5   7   2.5121   2.7146   6.4107   1.4341   3.0463   2.4292   0.00    0.0
2014/06/13 16:33:00.000   63.755950769  -68.510479158    95.1671   5   7   2.5113   2.7170   6.3922   1.4347   3.0435   2.4258   0.00    0.0
2014/06/13 16:33:30.000   63.755947528  -68.510505778    95.2474   5   7   2.5107   2.7194   6.3737   1.4349   3.0402   2.4225   0.00    0.0
2014/06/13 16:34:00.000   63.755948650  -68.510490020    95.4026   5   7   2.5102   2.7217   6.3551   1.4351   3.0365   2.4194   0.00    0.0
2014/06/13 16:34:30.000   63.755943146  -68.510495722    94.5672   5   7   2.5097   2.7239   6.3364   1.4352   3.0323   2.4164   0.00    0.0
2014/06/13 16:35:00.000   63.755948514  -68.510499331    95.4749   5   7   2.5094   2.7258   6.3176   1.4352   3.0278   2.4134   0.00    0.0
2014/06/13 16:35:30.000   63.755942827  -68.510498393    94.6236   5   7   2.5091   2.7277   6.2986   1.4351   3.0229   2.4106   0.00    0.0
2014/06/13 16:36:00.000   63.755952798  -68.510489189    95.2682   5   7   2.5089   2.7293   6.2796   1.4349   3.0176   2.4078   0.00    0.0
2014/06/13 16:36:30.000   63.755945204  -68.510505810    94.8711   5   7   2.5088   2.7308   6.2605   1.4346   3.0119   2.4051   0.00    0.0
2014/06/13 16:37:00.000   63.755946031  -68.510493125    94.9972   5   7   2.5088   2.7322   6.2413   1.4342   3.0058   2.4024   0.00    0.0
2014/06/13 16:37:30.000   63.755944164  -68.510500836    94.5975   5   7   2.5088   2.7334   6.2220   1.4337   2.9993   2.3998   0.00    0.0
2014/06/13 16:38:00.000   63.755946144  -68.510499703    95.7444   5   7   2.5089   2.7344   6.2026   1.4331   2.9924   2.3973   0.00    0.0
2014/06/13 16:38:30.000   63.755946673  -68.510483055    95.4594   5   7   2.5091   2.7352   6.1831   1.4323   2.9851   2.3948   0.00    0.0
2014/06/13 16:39:00.000   63.755948424  -68.510492374    95.2966   5   7   2.5094   2.7359   6.1635   1.4315   2.9774   2.3924   0.00    0.0
2014/06/13 16:39:30.000   63.755947831  -68.510496242    95.8795   5   7   2.5098   2.7365   6.1438   1.4305   2.9694   2.3901   0.00    0.0
2014/06/13 16:40:00.000   63.755946498  -68.510493559    95.3714   5   7   2.5102   2.7369   6.1240   1.4294   2.9609   2.3877   0.00    0.0
2014/06/13 16:40:30.000   63.755950942  -68.510488959    96.1320   5   7   2.5108   2.7371   6.1041   1.4281   2.9520   2.3854   0.00    0.0
2014/06/13 16:41:00.000   63.755947471  -68.510480027    95.2231   5   7   2.5114   2.7372   6.0842   1.4268   2.9427   2.3832   0.00    0.0
2014/06/13 16:41:30.000   63.755948624  -68.510489367    96.1360   5   7   2.5120   2.7371   6.0642   1.4253   2.9331   2.3810   0.00    0.0
2014/06/13 16:42:00.000   63.755951809  -68.510487193    96.3615   5   7   2.5128   2.7369   6.0441   1.4237   2.9230   2.3788   0.00    0.0
2014/06/13 16:42:30.000   63.755948678  -68.510481197    96.0046   5   7   2.5136   2.7365   6.0240   1.4219   2.9125   2.3767   0.00    0.0
2014/06/13 16:43:00.000   63.755949438  -68.510481991    96.3026   5   7   2.5145   2.7360   6.0038   1.4200   2.9017   2.3745   0.00    0.0
2014/06/13 16:43:30.000   63.755951965  -68.510486731    96.5822   5   7   2.5155   2.7354   5.9835   1.4179   2.8905   2.3724   0.00    0.0
2014/06/13 16:44:00.000   63.755953031  -68.510474277    96.6951   5   7   2.5166   2.7346   5.9632   1.4157   2.8788   2.3704   0.00    0.0
2014/06/13 16:44:30.000   63.755950939  -68.510487007    95.9923   5   7   2.5177   2.7336   5.9429   1.4134   2.8668   2.3683   0.00    0.0
2014/06/13 16:45:00.000   63.755952865  -68.510480977    96.1204   5   7   2.5189   2.7325   5.9225   1.4109   2.8544   2.3663   0.00    0.0
2014/06/13 16:45:30.000   63.755949371  -68.510499026    95.4223   5   8   2.5150   2.2575   5.0309   1.3170   1.8248   2.2563   0.00    0.0
2014/06/13 16:46:00.000   63.755945977  -68.510491095    94.8656   5   8   2.5169   2.2598   5.0308   1.3193   1.8256   2.2614   0.00    0.0
2014/06/13 16:46:30.000   63.755952928  -68.510496943    95.8151   5   8   2.5189   2.2621   5.0307   1.3216   1.8261   2.2665   0.00    0.0
2014/06/13 16:47:00.000   63.755946976  -68.510493966    94.7749   5   8   2.5209   2.2644   5.0307   1.3237   1.8264   2.2716   0.00    0.0
2014/06/13 16:47:30.000   63.755944820  -68.510492045    94.9257   5   8   2.5230   2.2666   5.0306   1.3257   1.8263   2.2766   0.00    0.0
2014/06/13 16:48:00.000   63.755947262  -68.510495056    95.3351   5   9   2.5049   1.9834   4.9900   1.1881   2.0089   2.3257   0.00    0.0
2014/06/13 16:48:30.000   63.755948036  -68.510495118    95.5415   5   9   2.5061   1.9821   4.9919   1.1855   2.0049   2.3305   0.00    0.0
2014/06/13 16:49:00.000   63.755952662  -68.510495940    95.1106   5   9   2.5073   1.9808   4.9938   1.1828   2.0006   2.3353   0.00    0.0
2014/06/13 16:49:30.000   63.755947566  -68.510502799    94.9610   5   9   2.5086   1.9794   4.9955   1.1799   1.9961   2.3399   0.00    0.0
2014/06/13 16:50:00.000   63.755949977  -68.510497512    95.2396   5   9   2.5099   1.9780   4.9971   1.1768   1.9913   2.3445   0.00    0.0
2014/06/13 16:50:30.000   63.755949659  -68.510476690    94.5192   5   8   2.6853   2.0697   5.3279   0.8908   1.6772   2.6967   0.00    0.0
2014/06/13 16:51:00.000   63.755950383  -68.510495418    95.7291   5   8   2.6895   2.0665   5.3401   0.8867   1.6685   2.7089   0.00    0.0
2014/06/13 16:51:30.000   63.755945429  -68.510504542    94.9221   5   8   2.6937   2.0634   5.3522   0.8823   1.6594   2.7209   0.00    0.0
2014/06/13 16:52:00.000   63.755946891  -68.510494403    95.0790   5   8   2.6979   2.0602   5.3643   0.8777   1.6499   2.7330   0.00    0.0
2014/06/13 16:52:30.000   63.755947919  -68.510487837    94.5932   5   8   2.7022   2.0571   5.3764   0.8728   1.6402   2.7449   0.00    0.0
2014/06/13 16:53:00.000   63.755944733  -68.510489184    94.8123   5   8   2.7065   2.0541   5.3884   0.8676   1.6301   2.7567   0.00    0.0
2014/06/13 16:53:30.000   63.755948807  -68.510497866    95.1993   5   8   2.7109   2.0510   5.4004   0.8621   1.6196   2.7685   0.00    0.0
2014/06/13 16:54:00.000   63.755950979  -68.510487485    95.0654   5   8   2.7153   2.0480   5.4123   0.8563   1.6088   2.7801   0.00    0.0
2014/06/13 16:54:30.000   63.755954926  -68.510490457    95.2949   5   9   2.3095   2.0313   4.7977   0.6195   1.3982   2.0394   0.00    0.0
2014/06/13 16:55:00.000   63.755954365  -68.510482969    96.2904   5   9   2.3111   2.0287   4.8073   0.6141   1.3879   2.0490   0.00    0.0
2014/06/13 16:55:30.000   63.755954551  -68.510487763    95.6736   5   9   2.3129   2.0262   4.8170   0.6085   1.3773   2.0587   0.00    0.0
2014/06/13 16:56:00.000   63.755950351  -68.510494362    95.3543   5   9   2.3147   2.0238   4.8268   0.6027   1.3664   2.0683   0.00    0.0
2014/06/13 16:56:30.000   63.755954447  -68.510494439    95.9870   5   9   2.3166   2.0213   4.8366   0.5966   1.3552   2.0780   0.00    0.0
2014/06/13 16:57:00.000   63.755955075  -68.510487038    95.6707   5   9   2.3186   2.0189   4.8464   0.5902   1.3437   2.0877   0.00    0.0
2014/06/13 16:57:30.000   63.755950161  -68.510495286    96.5087   5   8   2.7194   2.2696   4.9012   1.3479   1.0412   1.8602   0.00    0.0
2014/06/13 16:58:00.000   63.755948989  -68.510504912    96.9910   5   8   2.7161   2.2631   4.9152   1.3360   1.0135   1.8615   0.00    0.0
2014/06/13 16:58:30.000   63.755942678  -68.510504016    95.8710   5   8   2.7130   2.2568   4.9293   1.3241   0.9849   1.8630   0.00    0.0
2014/06/13 16:59:00.000   63.755947605  -68.510495218    96.8761   5   8   2.7098   2.2505   4.9437   1.3121   0.9551   1.8645   0.00    0.0
2014/06/13 16:59:30.000   63.755949108  -68.510487189    96.1279   5   8   2.7068   2.2444   4.9583   1.3000   0.9242   1.8663   0.00    0.0
2014/06/13 17:00:00.000   63.755943927  -68.510500644    96.5665   5   8   2.7038   2.2385   4.9731   1.2877   0.8920   1.8681   0.00    0.0
2014/06/13 17:00:30.000   63.755944281  -68.510502504    96.6165   5   8   2.7009   2.2327   4.9882   1.2754   0.8582   1.8701   0.00    0.0
2014/06/13 17:01:00.000   63.755947087  -68.510494325    95.5885   5   8   2.6980   2.2270   5.0034   1.2630   0.8229   1.8722   0.00    0.0
2014/06/13 17:01:30.000   63.755945321  -68.510487613    96.4207   5   8   2.6952   2.2214   5.0188   1.2505   0.7856   1.8744   0.00    0.0
2014/06/13 17:02:00.000   63.755947039  -68.510484439    95.4443   5   8   2.6924   2.2160   5.0344   1.2379   0.7461   1.8767   0.00    0.0
2014/06/13 17:02:30.000   63.755945212  -68.510491555    96.5230   5   8   2.6898   2.2107   5.0502   1.2251   0.7041   1.8791   0.00    0.0
2014/06/13 17:03:00.000   63.755945077  -68.510500289    96.4200   5   8   2.6871   2.2055   5.0661   1.2123   0.6590   1.8816   0.00    0.0
2014/06/13 17:03:30.000   63.755949313  -68.510498369    96.8045   5   8   2.6846   2.2005   5.0822   1.1993   0.6102   1.8843   0.00    0.0
2014/06/13 17:04:00.000   63.755944057  -68.510504548    97.1069   5   8   2.6821   2.1956   5.0985   1.1861   0.5566   1.8870   0.00    0.0
2014/06/13 17:04:30.000   63.755945244  -68.510496677    96.4277   5   8   2.6797   2.1909   5.1150   1.1729   0.4967   1.8898   0.00    0.0
2014/06/13 17:05:00.000   63.755949799  -68.510489100    96.3880   5   8   2.6773   2.1863   5.1316   1.1595   0.4278   1.8928   0.00    0.0
2014/06/13 17:05:30.000   63.755948791  -68.510503026    96.2849   5   8   2.6750   2.1818   5.1483   1.1459   0.3446   1.8958   0.00    0.0
2014/06/13 17:06:00.000   63.755945232  -68.510513224    97.4435   5   8   2.6727   2.1775   5.1652   1.1322   0.2323   1.8989   0.00    0.0
2014/06/13 17:06:30.000   63.755946975  -68.510498027    97.5723   5   8   2.6706   2.1733   5.1822   1.1183  -0.1070   1.9021   0.00    0.0
2014/06/13 17:07:00.000   63.755942803  -68.510504622    96.8906   5   8   2.6684   2.1692   5.1993   1.1042  -0.2783   1.9053   0.00    0.0
2014/06/13 17:07:30.000   63.755954855  -68.510488491    96.1799   5   8   2.6664   2.1653   5.2166   1.0900  -0.3796   1.9087   0.00    0.0
2014/06/13 17:08:00.000   63.755952113  -68.510488196    96.4359   5   8   2.6644   2.1616   5.2339   1.0756  -0.4597   1.9121   0.00    0.0
2014/06/13 17:08:30.000   63.755952511  -68.510491457    95.7977   5   8   2.6625   2.1579   5.2514   1.0610  -0.5284   1.9156   0.00    0.0
2014/06/13 17:09:00.000   63.755950507  -68.510490870    96.3061   5   8   2.6606   2.1545   5.2689   1.0462  -0.5896   1.9191   0.00    0.0
2014/06/13 17:09:30.000   63.755949473  -68.510492953    97.2223   5   8   2.6588   2.1511   5.2865   1.0311  -0.6455   1.9227   0.00    0.0
2014/06/13 17:10:00.000   63.755952017  -68.510490859    97.2510   5   8   2.6570   2.1480   5.3042   1.0159  -0.6974   1.9263   0.00    0.0
2014/06/13 17:10:30.000   63.755953822  -68.510485922    96.8025   5   8   2.6553   2.1449   5.3220   1.0004  -0.7462   1.9300   0.00    0.0
2014/06/13 17:11:00.000   63.755947555  -68.510497843    96.3012   5   8   2.6537   2.1421   5.3398   0.9846  -0.7923   1.9337   0.00    0.0
2014/06/13 17:11:30.000   63.755947795  -68.510498129    97.2491   5   8   2.6524   2.1394   5.3577   0.9689  -0.8361   1.9376   0.00    0.0
2014/06/13 17:12:00.000   63.755952784  -68.510498022    96.5726   5   8   2.6512   2.1369   5.3756   0.9530  -0.8780   1.9417   0.00    0.0
2014/06/13 17:12:30.000   63.755949677  -68.510492507    97.3628   5   8   2.6501   2.1345   5.3935   0.9368  -0.9182   1.9458   0.00    0.0
2014/06/13 17:13:00.000   63.755952842  -68.510489482    96.9443   5   8   2.6490   2.1323   5.4115   0.9204  -0.9571   1.9499   0.00    0.0
2014/06/13 17:13:30.000   63.755950398  -68.510492518    96.7957   5   8   2.6480   2.1303   5.4295   0.9037  -0.9947   1.9541   0.00    0.0
2014/06/13 17:14:00.000   63.755954743  -68.510494974    96.7182   5   8   2.6471   2.1284   5.4475   0.8866  -1.0313   1.9583   0.00    0.0
2014/06/13 17:14:30.000   63.755948957  -68.510490661    97.0452   5   8   2.6463   2.1266   5.4655   0.8692  -1.0668   1.9626   0.00    0.0
2014/06/13 17:15:00.000   63.755952111  -68.510480848    96.4765   5   8   2.6456   2.1250   5.4834   0.8514  -1.1014   1.9669   0.00    0.0
2014/06/13 17:15:30.000   63.755952783  -68.510488841    97.5763   5   8   2.6449   2.1236   5.5014   0.8333  -1.1352   1.9713   0.00    0.0
2014/06/13 17:16:00.000   63.755949334  -68.510492170    97.0858   5   8   2.6443   2.1223   5.5192   0.8147  -1.1683   1.9756   0.00    0.0
2014/06/13 17:16:30.000   63.755954870  -68.510487528    97.1085   5   8   2.6437   2.1211   5.5371   0.7957  -1.2006   1.9800   0.00    0.0
2014/06/13 17:17:00.000   63.755950504  -68.510492730    97.6417   5   8   2.6433   2.1201   5.5548   0.7762  -1.2322   1.9844   0.00    0.0
2014/06/13 17:17:30.000   63.755952191  -68.510488049    96.9172   5   8   2.6429   2.1193   5.5725   0.7562  -1.2633   1.9888   0.00    0.0
2014/06/13 17:18:00.000   63.755951979  -68.510491726    97.2713   5   8   2.6426   2.1186   5.5901   0.7356  -1.2937   1.9932   0.00    0.0
2014/06/13 17:18:30.000   63.755951244  -68.510485315    96.5727   5   8   2.6423   2.1180   5.6076   0.7145  -1.3236   1.9977   0.00    0.0
2014/06/13 17:19:00.000   63.755957411  -68.510508827    95.2314   5   7   2.8853   2.2565   6.2111  -0.6510   0.4717   0.9773   0.00    0.0
2014/06/13 17:19:30.000   63.755965707  -68.510506529    93.9180   5   8   2.3020   2.2513   5.7757  -0.4276  -0.4448   2.2470   0.00    0.0
2014/06/13 17:20:00.000   63.755959634  -68.510508807    95.3957   5   8   2.3019   2.2511   5.7967  -0.4478  -0.5212   2.2533   0.00    0.0
2014/06/13 17:20:30.000   63.755962268  -68.510511816    94.4739   5   8   2.3020   2.2510   5.8177  -0.4671  -0.5882   2.2597   0.00    0.0
2014/06/13 17:21:00.000   63.755961422  -68.510509229    95.4935   5   8   2.3021   2.2510   5.8386  -0.4857  -0.6488   2.2661   0.00    0.0
2014/06/13 17:21:30.000   63.755962482  -68.510508854    95.2863   5   8   2.3022   2.2511   5.8593  -0.5036  -0.7045   2.2724   0.00    0.0
2014/06/13 17:22:00.000   63.755959449  -68.510499903    95.1259   5   8   2.3024   2.2512   5.8800  -0.5210  -0.7566   2.2786   0.00    0.0
2014/06/13 17:22:30.000   63.755961076  -68.510513669    95.1740   5   8   2.3026   2.2515   5.9005  -0.5378  -0.8056   2.2849   0.00    0.0
2014/06/13 17:23:00.000   63.755962696  -68.510512499    94.7212   5   8   2.3029   2.2518   5.9209  -0.5541  -0.8520   2.2911   0.00    0.0
2014/06/13 17:23:30.000   63.755960252  -68.510505418    94.8800   5   8   2.3032   2.2522   5.9411  -0.5700  -0.8964   2.2972   0.00    0.0
2014/06/13 17:24:00.000   63.755961332  -68.510509119    94.8777   5   8   2.3036   2.2527   5.9611  -0.5854  -0.9388   2.3033   0.00    0.0
2014/06/13 17:24:30.000   63.755960001  -68.510508331    94.5985   5   8   2.3040   2.2533   5.9809  -0.6005  -0.9797   2.3094   0.00    0.0
2014/06/13 17:25:00.000   63.755962807  -68.510509563    94.9256   5   8   2.3045   2.2540   6.0005  -0.6152  -1.0190   2.3154   0.00    0.0
2014/06/13 17:25:30.000   63.755962886  -68.510517397    95.9884   5   8   2.3050   2.2547   6.0199  -0.6296  -1.0571   2.3213   0.00    0.0
2014/06/13 17:26:00.000   63.755961483  -68.510505394    95.0399   5   8   2.3055   2.2556   6.0391  -0.6436  -1.0940   2.3271   0.00    0.0
2014/06/13 17:26:30.000   63.755960038  -68.510510866    94.9786   5   8   2.3061   2.2565   6.0580  -0.6574  -1.1298   2.3329   0.00    0.0
2014/06/13 17:27:00.000   63.755959689  -68.510506529    94.1413   5   9   2.0339   2.2506   5.2724  -0.5090  -0.9091   1.4768   0.00    0.0
2014/06/13 17:27:30.000   63.755962569  -68.510503597    94.8251   5   9   2.0324   2.2511   5.2870  -0.5182  -0.9398   1.4772   0.00    0.0
2014/06/13 17:28:00.000   63.755958906  -68.510503636    94.2914   5   9   2.0310   2.2517   5.3015  -0.5272  -0.9696   1.4777   0.00    0.0
2014/06/13 17:28:30.000   63.755959069  -68.510517249    94.9634   5   9   2.0297   2.2523   5.3161  -0.5360  -0.9986   1.4784   0.00    0.0
2014/06/13 17:29:00.000   63.755960685  -68.510512537    94.9726   5   9   2.0285   2.2530   5.3306  -0.5447  -1.0269   1.4792   0.00    0.0
2014/06/13 17:29:30.000   63.755964771  -68.510510242    94.1991   5   9   2.0273   2.2538   5.3451  -0.5532  -1.0545   1.4801   0.00    0.0
2014/06/13 17:30:00.000   63.755960440  -68.510504881    93.9603   5   9   2.0262   2.2546   5.3596  -0.5615  -1.0814   1.4811   0.00    0.0
2014/06/13 17:30:30.000   63.755962691  -68.510504157    94.8224   5   9   2.0252   2.2554   5.3740  -0.5697  -1.1078   1.4823   0.00    0.0
2014/06/13 17:31:00.000   63.755957439  -68.510510022    94.7192   5   9   2.0242   2.2563   5.3883  -0.5778  -1.1336   1.4836   0.00    0.0
2014/06/13 17:31:30.000   63.755958345  -68.510509210    94.4202   5   9   2.0233   2.2572   5.4026  -0.5858  -1.1588   1.4850   0.00    0.0
2014/06/13 17:32:00.000   63.755962515  -68.510507864    94.1249   5   9   2.0225   2.2582   5.4168  -0.5936  -1.1836   1.4866   0.00    0.0
2014/06/13 17:32:30.000   63.755959494  -68.510507042    93.7184   5   9   2.0217   2.2593   5.4310  -0.6013  -1.2079   1.4883   0.00    0.0
2014/06/13 17:33:00.000   63.755959337  -68.510501092    94.4583   5   9   2.0210   2.2604   5.4450  -0.6089  -1.2317   1.4901   0.00    0.0
2014/06/13 17:33:30.000   63.755961541  -68.510512793    93.6845   5   9   2.0204   2.2615   5.4590  -0.6164  -1.2551   1.4921   0.00    0.0
2014/06/13 17:34:00.000   63.755960380  -68.510515542    94.9342   5   9   2.0199   2.2627   5.4729  -0.6238  -1.2781   1.4942   0.00    0.0
2014/06/13 17:34:30.000   63.755959365  -68.510506671    94.3896   5   9   2.0194   2.2640   5.4866  -0.6311  -1.3006   1.4965   0.00    0.0
2014/06/13 17:35:00.000   63.755961781  -68.510504322    93.9973   5   9   2.0190   2.2653   5.5002  -0.6383  -1.3228   1.4989   0.00    0.0
2014/06/13 17:35:30.000   63.755961192  -68.510511515    94.7345   5   9   2.0187   2.2666   5.5137  -0.6455  -1.3446   1.5014   0.00    0.0
2014/06/13 17:36:00.000   63.755961033  -68.510503309    94.5353   5   9   2.0184   2.2680   5.5271  -0.6526  -1.3660   1.5041   0.00    0.0
2014/06/13 17:36:30.000   63.755960901  -68.510513454    94.8594   5   9   2.0182   2.2694   5.5403  -0.6595  -1.3871   1.5069   0.00    0.0
2014/06/13 17:37:00.000   63.755957913  -68.510498062    95.1181   5  10   1.9793   2.1578   5.3747  -0.4069  -1.7236   1.6822   0.00    0.0
2014/06/13 17:37:30.000   63.755958112  -68.510494185    95.6762   5  10   1.9787   2.1590   5.3918  -0.4150  -1.7377   1.6846   0.00    0.0
2014/06/13 17:38:00.000   63.755960883  -68.510496280    94.8216   5  10   1.9781   2.1602   5.4088  -0.4228  -1.7516   1.6870   0.00    0.0
2014/06/13 17:38:30.000   63.755957893  -68.510499403    95.8920   5  10   1.9776   2.1615   5.4256  -0.4305  -1.7653   1.6895   0.00    0.0
2014/06/13 17:39:00.000   63.755957367  -68.510501234    95.2299   5  10   1.9771   2.1628   5.4422  -0.4380  -1.7788   1.6921   0.00    0.0
2014/06/13 17:39:30.000   63.755959052  -68.510503032    95.4813   5  10   1.9767   2.1641   5.4587  -0.4454  -1.7921   1.6947   0.00    0.0
2014/06/13 17:40:00.000   63.755959434  -68.510492253    95.4007   5  10   1.9764   2.1654   5.4749  -0.4526  -1.8052   1.6973   0.00    0.0
2014/06/13 17:40:30.000   63.755957785  -68.510493719    94.5930   5  10   1.9762   2.1667   5.4910  -0.4597  -1.8180   1.7001   0.00    0.0
2014/06/13 17:41:00.000   63.755959980  -68.510502833    95.1412   5  10   1.9761   2.1680   5.5068  -0.4667  -1.8306   1.7029   0.00    0.0
2014/06/13 17:41:30.000   63.755959178  -68.510502638    95.3500   5  10   1.9760   2.1693   5.5224  -0.4735  -1.8430   1.7057   0.00    0.0
2014/06/13 17:42:00.000   63.755958870  -68.510504760    94.6307   5  10   1.9760   2.1706   5.5378  -0.4803  -1.8551   1.7087   0.00    0.0
2014/06/13 17:42:30.000   63.755958080  -68.510498882    94.5967   5  10   1.9760   2.1719   5.5530  -0.4869  -1.8670   1.7116   0.00    0.0
2014/06/13 17:43:00.000   63.755958089  -68.510497762    94.3921   5  10   1.9761   2.1731   5.5678  -0.4934  -1.8787   1.7147   0.00    0.0
2014/06/13 17:43:30.000   63.755958171  -68.510496654    94.5966   5  10   1.9763   2.1744   5.5825  -0.4998  -1.8902   1.7178   0.00    0.0
2014/06/13 17:44:00.000   63.755958185  -68.510498536    94.6973   5  10   1.9766   2.1757   5.5968  -0.5061  -1.9013   1.7209   0.00    0.0
2014/06/13 17:44:30.000   63.755956942  -68.510498931    94.4401   5  10   1.9770   2.1770   5.6108  -0.5123  -1.9123   1.7241   0.00    0.0
2014/06/13 17:45:00.000   63.755958969  -68.510496297    95.2028   5  10   1.9774   2.1783   5.6246  -0.5184  -1.9229   1.7274   0.00    0.0
2014/06/13 17:45:30.000   63.755961668  -68.510496474    94.5990   5  10   1.9779   2.1795   5.6380  -0.5244  -1.9334   1.7307   0.00    0.0
2014/06/13 17:46:00.000   63.755961292  -68.510497008    95.0063   5  10   1.9784   2.1807   5.6511  -0.5303  -1.9435   1.7341   0.00    0.0
2014/06/13 17:46:30.000   63.755961208  -68.510497816    95.5366   5  10   1.9791   2.1820   5.6639  -0.5362  -1.9534   1.7376   0.00    0.0
2014/06/13 17:47:00.000   63.755957016  -68.510501004    94.4076   5  10   1.9798   2.1832   5.6763  -0.5419  -1.9631   1.7411   0.00    0.0
2014/06/13 17:47:30.000   63.755956648  -68.510498328    95.5191   5  10   1.9806   2.1843   5.6883  -0.5476  -1.9724   1.7446   0.00    0.0
2014/06/13 17:48:00.000   63.755959405  -68.510493550    94.9554   5  10   1.9815   2.1855   5.7001  -0.5533  -1.9815   1.7482   0.00    0.0
2014/06/13 17:48:30.000   63.755956417  -68.510500239    94.4870   5  10   1.9824   2.1866   5.7114  -0.5588  -1.9903   1.7518   0.00    0.0
2014/06/13 17:49:00.000   63.755956769  -68.510501740    95.2927   5  10   1.9834   2.1877   5.7224  -0.5643  -1.9989   1.7555   0.00    0.0
2014/06/13 17:49:30.000   63.755957384  -68.510496260    95.1662   5  10   1.9845   2.1888   5.7329  -0.5697  -2.0071   1.7593   0.00    0.0
2014/06/13 17:50:00.000   63.755959125  -68.510489492    95.2560   5  10   1.9857   2.1899   5.7431  -0.5750  -2.0151   1.7631   0.00    0.0
2014/06/13 17:50:30.000   63.755957009  -68.510482525    93.8780   5  10   1.9870   2.1909   5.7529  -0.5803  -2.0228   1.7669   0.00    0.0
2014/06/13 17:51:00.000   63.755960057  -68.510489578    95.2042   5  11   1.9562   2.1203   5.6007  -0.3810  -2.2078   1.9020   0.00    0.0
2014/06/13 17:51:30.000   63.755959250  -68.510489667    94.5485   5  11   1.9571   2.1204   5.6136  -0.3849  -2.2134   1.9054   0.00    0.0
2014/06/13 17:52:00.000   63.755958520  -68.510497933    94.5109   5  11   1.9580   2.1204   5.6261  -0.3887  -2.2188   1.9087   0.00    0.0
2014/06/13 17:52:30.000   63.755963303  -68.510488240    94.6304   5  11   1.9590   2.1204   5.6381  -0.3923  -2.2238   1.9120   0.00    0.0
2014/06/13 17:53:00.000   63.755960687  -68.510496832    94.8768   5  11   1.9601   2.1203   5.6498  -0.3958  -2.2285   1.9153   0.00    0.0
2014/06/13 17:53:30.000   63.755962715  -68.510494047    94.9602   5  11   1.9612   2.1201   5.6610  -0.3992  -2.2329   1.9186   0.00    0.0
2014/06/13 17:54:00.000   63.755958235  -68.510494884    93.6717   5  11   1.9624   2.1199   5.6718  -0.4024  -2.2369   1.9218   0.00    0.0
2014/06/13 17:54:30.000   63.755961510  -68.510496624    94.6768   5  11   1.9637   2.1196   5.6822  -0.4055  -2.2406   1.9251   0.00    0.0
2014/06/13 17:55:00.000   63.755958668  -68.510493250    94.2319   5  11   1.9650   2.1193   5.6921  -0.4085  -2.2440   1.9283   0.00    0.0
2014/06/13 17:55:30.000   63.755962233  -68.510496044    94.8533   5  11   1.9664   2.1189   5.7016  -0.4113  -2.2470   1.9314   0.00    0.0
2014/06/13 17:56:00.000   63.755958383  -68.510494331    94.5369   5  11   1.9679   2.1184   5.7106  -0.4140  -2.2497   1.9345   0.00    0.0
2014/06/13 17:56:30.000   63.755962202  -68.510496556    93.8526   5  11   1.9694   2.1178   5.7191  -0.4166  -2.2521   1.9376   0.00    0.0
2014/06/13 17:57:00.000   63.755962013  -68.510494650    94.0289   5  11   1.9710   2.1172   5.7271  -0.4191  -2.2541   1.9407   0.00    0.0
2014/06/13 17:57:30.000   63.755961793  -68.510491996    94.3595   5  11   1.9726   2.1165   5.7347  -0.4214  -2.2558   1.9437   0.00    0.0
2014/06/13 17:58:00.000   63.755960758  -68.510492374    93.8752   5  11   1.9744   2.1157   5.7417  -0.4236  -2.2572   1.9467   0.00    0.0
2014/06/13 17:58:30.000   63.755960970  -68.510491975    93.7200   5  11   1.9762   2.1149   5.7483  -0.4257  -2.2582   1.9497   0.00    0.0
2014/06/13 17:59:00.000   63.755959334  -68.510495637    94.7546   5  11   1.9780   2.1140   5.7544  -0.4277  -2.2588   1.9526   0.00    0.0
2014/06/13 17:59:30.000   63.755960052  -68.510487232    93.8732   5  11   1.9799   2.1130   5.7600  -0.4296  -2.2591   1.9555   0.00    0.0
2014/06/13 17:59:59.999   67.587924713  -60.632914175 230151.7894   5  11   2.0848   2.2091   7.2993  -0.8478  -2.6510   2.5395   0.00    0.0
2014/06/13 18:00:29.999   67.599761590  -60.915807283 272228.7519   5  11   2.0810   2.2054   7.3049  -0.8404  -2.6463   2.5298   0.00    0.0
2014/06/13 18:00:59.999   67.608411732  -61.192296232 312913.0038   5  11   2.0773   2.2016   7.3088  -0.8330  -2.6411   2.5200   0.00    0.0
2014/06/13 18:01:29.999   67.613890313  -61.462237207 352127.8009   5  11   2.0738   2.1979   7.3111  -0.8258  -2.6354   2.5100   0.00    0.0
2014/06/13 18:01:59.999   67.616232803  -61.725508083 389798.6037   5  11   2.0705   2.1942   7.3117  -0.8186  -2.6292   2.5000   0.00    0.0
2014/06/13 18:02:29.999   67.615465233  -61.981979572 425856.9003   5  11   2.0674   2.1905   7.3106  -0.8115  -2.6224   2.4899   0.00    0.0
2014/06/13 18:02:59.999   67.611629025  -62.231592219 460239.5176   5  11   2.0644   2.1868   7.3078  -0.8045  -2.6152   2.4798   0.00    0.0
2014/06/13 18:03:29.999   67.604764274  -62.474290038 492892.3756   5  11   2.0616   2.1832   7.3034  -0.7977  -2.6075   2.4697   0.00    0.0
2014/06/13 18:03:59.999   67.594917184  -62.710027966 523763.8833   5  11   2.0590   2.1796   7.2973  -0.7911  -2.5994   2.4595   0.00    0.0
2014/06/13 18:04:29.999   67.582131593  -62.938796084 552811.0953   5  11   2.0565   2.1760   7.2896  -0.7846  -2.5909   2.4494   0.00    0.0
2014/06/13 18:04:59.999   67.566460361  -63.160609173 579997.5261   5  11   2.0542   2.1725   7.2804  -0.7782  -2.5819   2.4392   0.00    0.0
2014/06/13 18:05:29.998   67.547953152  -63.375483433 605293.5316   5  11   2.0521   2.1691   7.2695  -0.7721  -2.5726   2.4291   0.00    0.0
2014/06/13 18:05:59.998   67.526667303  -63.583482842 628676.2211   5  11   2.0501   2.1658   7.2571  -0.7661  -2.5628   2.4191   0.00    0.0
2014/06/13 18:06:29.998   67.502652991  -63.784648310 650127.9517   5  11   2.0483   2.1625   7.2433  -0.7603  -2.5528   2.4091   0.00    0.0
2014/06/13 18:06:59.998   67.475973019  -63.979086208 669639.4716   5  11   2.0467   2.1593   7.2279  -0.7548  -2.5424   2.3992   0.00    0.0
2014/06/13 18:07:29.998   67.446670168  -64.166891791 687206.1944   5  11   2.0452   2.1561   7.2111  -0.7494  -2.5317   2.3893   0.00    0.0
2014/06/13 18:07:59.998   67.414814390  -64.348172718 702833.7429   5  11   2.0439   2.1531   7.1929  -0.7443  -2.5207   2.3795   0.00    0.0
2014/06/13 18:08:29.998   67.380457611  -64.523023926 716525.8705   5  11   2.0428   2.1501   7.1734  -0.7394  -2.5095   2.3698   0.00    0.0
2014/06/13 18:08:59.998   67.343648969  -64.691627766 728300.0278   5  11   2.0418   2.1472   7.1525  -0.7347  -2.4979   2.3602   0.00    0.0
2014/06/13 18:09:29.998   67.140649867  -64.900009701 802027.7417   5  10   2.2346   2.1465   7.6683  -0.6593  -2.5525   1.7476   0.00    0.0
2014/06/13 18:09:59.998   67.090635378  -65.056082760 814155.0474   5  10   2.2325   2.1433   7.6517  -0.6605  -2.5370   1.7356   0.00    0.0
2014/06/13 18:10:29.998   67.038998664  -65.205838795 824202.9805   5  10   2.2305   2.1403   7.6337  -0.6619  -2.5212   1.7237   0.00    0.0
2014/06/13 18:10:59.998   66.985787301  -65.349494760 832191.8703   5  10   2.2287   2.1374   7.6143  -0.6634  -2.5052   1.7121   0.00    0.0
2014/06/13 18:11:29.998   66.931052939  -65.487223838 838143.0962   5  10   2.2270   2.1347   7.5936  -0.6651  -2.4889   1.7007   0.00    0.0
2014/06/13 18:11:59.998   66.874845311  -65.619272031 842088.8014   5  10   2.2254   2.1320   7.5716  -0.6670  -2.4724   1.6895   0.00    0.0
2014/06/13 18:12:29.998   66.817195115  -65.745823179 844061.3372   5  10   2.2240   2.1295   7.5483  -0.6691  -2.4557   1.6785   0.00    0.0
2014/06/13 18:12:59.998   66.758163067  -65.867098098 844100.3409   5  10   2.2228   2.1272   7.5237  -0.6713  -2.4387   1.6676   0.00    0.0
2014/06/13 18:13:29.998   66.697786461  -65.983294737 842248.1909   5  10   2.2216   2.1249   7.4980  -0.6737  -2.4216   1.6569   0.00    0.0
2014/06/13 18:13:59.998   66.636089510  -66.094674615 838554.8029   5  10   2.2207   2.1228   7.4711  -0.6763  -2.4043   1.6464   0.00    0.0
2014/06/13 18:14:29.998   66.573118472  -66.201420465 833069.1244   5  10   2.2198   2.1208   7.4431  -0.6791  -2.3869   1.6360   0.00    0.0
2014/06/13 18:14:59.998   66.508914050  -66.303770667 825848.9928   5  10   2.2191   2.1190   7.4141  -0.6820  -2.3692   1.6257   0.00    0.0
2014/06/13 18:15:29.998   66.443491432  -66.401950073 816950.2022   5  10   2.2185   2.1172   7.3841  -0.6850  -2.3515   1.6155   0.00    0.0
2014/06/13 18:15:59.998   66.376898858  -66.496156017 806435.2336   5  10   2.2181   2.1156   7.3531  -0.6882  -2.3335   1.6055   0.00    0.0
2014/06/13 18:16:29.998   66.309162016  -66.586608738 794362.2935   5  10   2.2178   2.1142   7.3211  -0.6916  -2.3155   1.5954   0.00    0.0
2014/06/13 18:16:59.998   66.240300438  -66.673545044 780801.7220   5  10   2.2176   2.1128   7.2883  -0.6950  -2.2973   1.5855   0.00    0.0
2014/06/13 18:17:29.998   66.170345092  -66.757150094 765816.9379   5  10   2.2175   2.1116   7.2547  -0.6987  -2.2790   1.5756   0.00    0.0
2014/06/13 18:17:59.998   66.099326308  -66.837645997 749475.6326   5  10   2.2176   2.1104   7.2203  -0.7024  -2.2606   1.5657   0.00    0.0
2014/06/13 18:18:29.998   66.027266595  -66.915230331 731846.4399   5  10   2.2177   2.1094   7.1851  -0.7063  -2.2421   1.5558   0.00    0.0
2014/06/13 18:18:59.998   65.954186359  -66.990101709 712998.1723   5  10   2.2180   2.1086   7.1492  -0.7103  -2.2234   1.5459   0.00    0.0
2014/06/13 18:19:29.998   65.880112829  -67.062455416 693000.0789   5  10   2.2184   2.1078   7.1127  -0.7144  -2.2047   1.5360   0.00    0.0
2014/06/13 18:19:59.998   65.805060788  -67.132496390 671923.3654   5  10   2.2188   2.1071   7.0755  -0.7187  -2.1859   1.5260   0.00    0.0
2014/06/13 18:20:29.999   65.729068741  -67.200367971 649833.5650   5  10   2.2194   2.1065   7.0378  -0.7230  -2.1670   1.5160   0.00    0.0
2014/06/13 18:20:59.999   65.652134918  -67.266294843 626802.4870   5  10   2.2201   2.1061   6.9995  -0.7275  -2.1480   1.5059   0.00    0.0
2014/06/13 18:21:29.999   65.574302027  -67.330422380 602897.1237   5  10   2.2209   2.1057   6.9607  -0.7320  -2.1290   1.4957   0.00    0.0
2014/06/13 18:21:59.999   65.495579598  -67.392929775 578185.3891   5  10   2.2217   2.1055   6.9214  -0.7366  -2.1099   1.4855   0.00    0.0
2014/06/13 18:22:29.999   65.415992435  -67.453970778 552731.2210   5  10   2.2227   2.1053   6.8818  -0.7414  -2.0907   1.4751   0.00    0.0
2014/06/13 18:22:59.999   65.335556314  -67.513709609 526601.1911   5  10   2.2237   2.1053   6.8417  -0.7462  -2.0714   1.4646   0.00    0.0
2014/06/13 18:23:29.999   65.254297314  -67.572281634 499854.5030   5  10   2.2248   2.1053   6.8013  -0.7511  -2.0521   1.4540   0.00    0.0
2014/06/13 18:23:59.999   65.172226869  -67.629845604 472558.4056   5  10   2.2260   2.1054   6.7606  -0.7561  -2.0327   1.4432   0.00    0.0
2014/06/13 18:24:29.999   65.089374906  -67.686527980 444768.9537   5  10   2.2273   2.1057   6.7197  -0.7611  -2.0133   1.4323   0.00    0.0
2014/06/13 18:24:59.999   65.005759412  -67.742453835 416544.8335   5  10   2.2286   2.1060   6.6784  -0.7662  -1.9938   1.4212   0.00    0.0
2014/06/13 18:25:29.999   64.920661676  -67.798235384 387683.8427   5  10   2.2310   2.1065   6.6399  -0.7708  -1.9734   1.4145   0.00    0.0
2014/06/13 18:25:59.999   64.834416844  -67.853756268 358351.1042   5  10   2.2342   2.1071   6.6037  -0.7747  -1.9522   1.4116   0.00    0.0
2014/06/13 18:26:29.999   64.747690511  -67.908723080 328830.4155   5  10   2.2375   2.1078   6.5675  -0.7787  -1.9309   1.4088   0.00    0.0
2014/06/13 18:26:59.999   64.660506761  -67.963260347 299171.0238   5  10   2.2410   2.1086   6.5314  -0.7828  -1.9095   1.4060   0.00    0.0
2014/06/13 18:27:29.999   64.572878484  -68.017454883 269412.2551   5  10   2.2445   2.1095   6.4954  -0.7868  -1.8880   1.4033   0.00    0.0
2014/06/13 18:27:59.999   64.484806715  -68.071426089 239597.9520   5  10   2.2482   2.1105   6.4594  -0.7909  -1.8664   1.4007   0.00    0.0
2014/06/13 18:28:30.000   64.396309486  -68.125246690 209765.9754   5  10   2.2519   2.1115   6.4236  -0.7950  -1.8446   1.3981   0.00    0.0
2014/06/13 18:29:00.000   64.307396032  -68.179021865 179953.8453   5  10   2.2558   2.1126   6.3879  -0.7991  -1.8228   1.3956   0.00    0.0
2014/06/13 18:29:30.000   64.218081131  -68.232814946 150193.1502   5  10   2.2598   2.1138   6.3523  -0.8032  -1.8008   1.3931   0.00    0.0
2014/06/13 18:30:00.000   64.128372960  -68.286710364 120518.9761   5  10   2.2638   2.1151   6.3169  -0.8073  -1.7787   1.3906   0.00    0.0
2014/06/13 18:30:30.000   64.038286983  -68.340764497 90957.8138   5  10   2.2680   2.1165   6.2817  -0.8114  -1.7565   1.3882   0.00    0.0
2014/06/13 18:31:00.000   63.947832088  -68.395047649 61540.8360   5  10   2.2722   2.1179   6.2467  -0.8155  -1.7342   1.3858   0.00    0.0
2014/06/13 18:31:30.000   63.857021957  -68.449606018 32290.0785   5  10   2.2766   2.1194   6.2120  -0.8196  -1.7118   1.3835   0.00    0.0
2014/06/13 18:32:00.000   63.765858840  -68.504516588  3231.3019   5  10   2.2810   2.1210   6.1774  -0.8238  -1.6892   1.3812   0.00    0.0
2014/06/13 18:32:30.000   63.671744119  -68.560523174 -26493.6327   5  10   2.0733   1.9813   5.6251  -0.8692  -1.5550   1.0981   0.00    0.0
2014/06/13 18:33:00.000   63.576908675  -68.617117911 -56102.3719   5  10   2.0752   1.9834   5.5857  -0.8756  -1.5361   1.0834   0.00    0.0
2014/06/13 18:33:30.000   63.481693975  -68.674236883 -85455.4720   5  10   2.0772   1.9856   5.5466  -0.8819  -1.5172   1.0683   0.00    0.0
2014/06/13 18:34:00.000   63.386110387  -68.731913878 -114536.3301   5  10   2.0791   1.9878   5.5077  -0.8884  -1.4982   1.0531   0.00    0.0
2014/06/13 18:34:30.000   63.290180756  -68.790188213 -143319.8170   5  10   2.0811   1.9901   5.4690  -0.8948  -1.4793   1.0376   0.00    0.0
2014/06/13 18:35:00.000   63.193927594  -68.849057546 -171794.6151   5  10   2.0831   1.9925   5.4307  -0.9012  -1.4602   1.0218   0.00    0.0
2014/06/13 18:35:30.000   63.097366139  -68.908549859 -199943.6264   5  10   2.0850   1.9949   5.3926  -0.9077  -1.4412   1.0058   0.00    0.0
2014/06/13 18:36:00.001   63.000508867  -68.968673570 -227752.2147   5  10   2.0870   1.9974   5.3548  -0.9142  -1.4221   0.9895   0.00    0.0
2014/06/13 18:36:30.001   62.903383505  -69.029435023 -255209.9508   5  10   2.0890   1.9999   5.3174  -0.9207  -1.4030   0.9730   0.00    0.0
2014/06/13 18:37:00.001   62.805998524  -69.090839054 -282307.2670   5  10   2.0910   2.0025   5.2802  -0.9272  -1.3839   0.9561   0.00    0.0
2014/06/13 18:37:30.001   62.708373538  -69.152906494 -309030.3619   5  10   2.0930   2.0051   5.2434  -0.9337  -1.3647   0.9390   0.00    0.0
2014/06/13 18:38:00.001   62.610516866  -69.215602228 -335377.8587   5  10   2.0950   2.0078   5.2070  -0.9403  -1.3455   0.9216   0.00    0.0
2014/06/13 18:38:30.001   62.512458941  -69.278938983 -361337.1412   5  10   2.0970   2.0106   5.1709  -0.9468  -1.3263   0.9038   0.00    0.0
2014/06/13 18:39:00.001   62.414192614  -69.342924444 -386906.8194   5  10   2.0990   2.0134   5.1351  -0.9534  -1.3071   0.8858   0.00    0.0
2014/06/13 18:39:30.001   62.315744800  -69.407536310 -412079.8064   5  10   2.1010   2.0163   5.0997  -0.9600  -1.2878   0.8674   0.00    0.0
2014/06/13 18:40:00.001   62.217134286  -69.472760017 -436852.9720   5  10   2.1030   2.0192   5.0647  -0.9665  -1.2684   0.8486   0.00    0.0
2014/06/13 18:40:30.001   62.118358827  -69.538595411 -461224.9790   5  10   2.1050   2.0222   5.0301  -0.9731  -1.2491   0.8294   0.00    0.0
2014/06/13 18:41:00.001   62.019444652  -69.605018256 -485192.2832   5  10   2.1070   2.0253   4.9959  -0.9797  -1.2296   0.8099   0.00    0.0
2014/06/13 18:41:30.001   61.920399300  -69.672008022 -508755.1547   5  10   2.1090   2.0284   4.9620  -0.9863  -1.2102   0.7899   0.00    0.0
2014/06/13 18:42:00.001   61.821235876  -69.739554212 -531912.4681   5  10   2.1110   2.0315   4.9285  -0.9929  -1.1907   0.7695   0.00    0.0
2014/06/13 18:42:30.001   61.721963987  -69.807632022 -554664.8938   5  10   2.1130   2.0347   4.8955  -0.9996  -1.1711   0.7486   0.00    0.0
2014/06/13 18:43:00.001   61.622589824  -69.876226172 -577012.7816   5  10   2.1151   2.0380   4.8628  -1.0062  -1.1515   0.7272   0.00    0.0
2014/06/13 18:43:30.001   61.523135805  -69.945316698 -598958.8448   5  10   2.1171   2.0413   4.8305  -1.0128  -1.1318   0.7052   0.00    0.0
2014/06/13 18:44:00.002   61.423601201  -70.014868877 -620504.9764   5  10   2.1191   2.0446   4.7987  -1.0195  -1.1120   0.6826   0.00    0.0
2014/06/13 18:44:30.002   61.324002384  -70.084878967 -641651.5706   5  10   2.1211   2.0481   4.7672  -1.0261  -1.0922   0.6593   0.00    0.0
2014/06/13 18:45:00.002   61.224347496  -70.155299154 -662402.5849   5  10   2.1232   2.0515   4.7362  -1.0327  -1.0723   0.6352   0.00    0.0
2014/06/13 18:45:30.002   61.124642649  -70.226111314 -682763.0763   5  10   2.1252   2.0550   4.7055  -1.0394  -1.0523   0.6103   0.00    0.0
2014/06/13 18:46:00.002   61.024901379  -70.297297525 -702734.5062   5  10   2.1272   2.0586   4.6753  -1.0460  -1.0321   0.5845   0.00    0.0
2014/06/13 18:46:30.002   60.925135540  -70.368833044 -722319.9975   5  10   2.1293   2.0622   4.6454  -1.0527  -1.0119   0.5576   0.00    0.0
2014/06/13 18:47:00.002   60.825344303  -70.440677430 -741526.9056   5  10   2.1313   2.0659   4.6160  -1.0593  -0.9915   0.5295   0.00    0.0
2014/06/13 18:47:30.002   60.725544105  -70.512807737 -760357.5395   5  10   2.1334   2.0696   4.5870  -1.0660  -0.9711   0.4999   0.00    0.0
2014/06/13 18:48:00.002   60.625736408  -70.585206486 -778816.9739   5  10   2.1354   2.0733   4.5584  -1.0726  -0.9504   0.4686   0.00    0.0
2014/06/13 18:48:30.002   60.525938253  -70.657838209 -796909.6408   5  10   2.1375   2.0771   4.5302  -1.0793  -0.9296   0.4353   0.00    0.0
2014/06/13 18:49:00.002   60.426153000  -70.730668970 -814641.9381   5  10   2.1396   2.0810   4.5024  -1.0859  -0.9087   0.3993   0.00    0.0
2014/06/13 18:49:30.002   60.326386470  -70.803678764 -832017.4588   5  10   2.1417   2.0848   4.4750  -1.0926  -0.8875   0.3599   0.00    0.0
2014/06/13 18:50:00.002   60.226650212  -70.876842292 -849042.0494   5  10   2.1438   2.0888   4.4480  -1.0992  -0.8661   0.3159   0.00    0.0
2014/06/13 18:50:30.002   60.126951957  -70.950122508 -865721.2607   5  10   2.1459   2.0928   4.4214  -1.1059  -0.8445   0.2649   0.00    0.0
2014/06/13 18:51:00.002   60.027293834  -71.023499657 -882059.7297   5  10   2.1480   2.0968   4.3953  -1.1125  -0.8227   0.2017   0.00    0.0
2014/06/13 18:51:30.002   59.927686359  -71.096951577 -898064.5070   5  10   2.1501   2.1008   4.3695  -1.1192  -0.8005   0.1064   0.00    0.0
2014/06/13 18:52:00.002   59.828135701  -71.170440186 -913740.5463   5  10   2.1523   2.1049   4.3441  -1.1258  -0.7780  -0.1339   0.00    0.0
2014/06/13 18:52:30.002   59.728652819  -71.243938564 -929092.9809   5  10   2.1544   2.1091   4.3191  -1.1325  -0.7552  -0.2169   0.00    0.0
2014/06/13 18:53:00.002   59.629242698  -71.317425574 -944127.7598   5  10   2.1566   2.1133   4.2945  -1.1391  -0.7320  -0.2758   0.00    0.0
2014/06/13 18:53:30.002   59.529908681  -71.390869351 -958852.3697   5  10   2.1588   2.1175   4.2703  -1.1457  -0.7084  -0.3240   0.00    0.0
2014/06/13 18:54:00.002   59.430660083  -71.464251389 -973269.8996   5  10   2.1610   2.1218   4.2465  -1.1524  -0.6843  -0.3658   0.00    0.0
2014/06/13 18:54:30.003   59.331507559  -71.537548184 -987386.3219   5  10   2.1633   2.1261   4.2230  -1.1590  -0.6596  -0.4031   0.00    0.0
2014/06/13 18:55:00.003   59.232457897  -71.610725034 -1001209.5254   5  10   2.1655   2.1304   4.2000  -1.1656  -0.6344  -0.4372   0.00    0.0
2014/06/13 18:55:30.003   59.133518559  -71.683758548 -1014742.9275   5  10   2.1678   2.1348   4.1773  -1.1722  -0.6084  -0.4687   0.00    0.0
2014/06/13 18:56:00.003   59.034688389  -71.756628945 -1027993.4094   5  10   2.1701   2.1392   4.1550  -1.1789  -0.5816  -0.4982   0.00    0.0
2014/06/13 18:56:30.003   58.935974574  -71.829316704 -1040966.6701   5  10   2.1725   2.1436   4.1331  -1.1855  -0.5539  -0.5259   0.00    0.0
2014/06/13 18:57:00.003   58.837382367  -71.901796756 -1053668.0900   5  10   2.1749   2.1481   4.1116  -1.1921  -0.5251  -0.5523   0.00    0.0
2014/06/13 18:57:30.003   58.738937083  -71.974036842 -1066103.3601   5  10   2.1773   2.1526   4.0904  -1.1987  -0.4950  -0.5773   0.00    0.0
2014/06/13 18:58:00.003   58.640634587  -72.046023605 -1078277.4196   5  10   2.1797   2.1572   4.0697  -1.2053  -0.4634  -0.6014   0.00    0.0
2014/06/13 18:58:30.003   58.542481087  -72.117730582 -1090196.4085   5  10   2.1822   2.1617   4.0493  -1.2120  -0.4299  -0.6244   0.00    0.0
2014/06/13 18:59:00.003   58.444475533  -72.189139566 -1101866.4586   5  10   2.1847   2.1663   4.0292  -1.2186  -0.3940  -0.6467   0.00    0.0
2014/06/13 18:59:30.000   63.755960927  -68.510492064    93.4866   5   8   6.1609   2.9982  13.7346   3.2239   5.1220   8.5484   0.00    0.0
2014/06/13 19:00:00.000   63.755969223  -68.510491255    95.9730   5   8   5.4067   2.6598  11.4161   2.7248   4.2783   7.1054   0.00    0.0
2014/06/13 19:00:30.000   63.755962370  -68.510494028    94.6969   5   8   5.4127   2.6679  11.3741   2.7327   4.2866   7.0942   0.00    0.0
2014/06/13 19:01:00.000   63.755967217  -68.510494280    95.2542   5   9   5.4166   2.5028  10.4062   2.7231   3.7673   7.0511   0.00    0.0
2014/06/13 19:01:30.000   63.755964524  -68.510493376    94.2010   5   9   5.4205   2.5096  10.3866   2.7343   3.7807   7.0465   0.00    0.0
2014/06/13 19:02:00.000   63.755956459  -68.510494509    93.7086   5   9   5.4231   2.5160  10.3644   2.7445   3.7926   7.0397   0.00    0.0
2014/06/13 19:02:30.000   63.755958437  -68.510496916    93.8071   5   9   5.4242   2.5222  10.3397   2.7536   3.8031   7.0309   0.00    0.0
2014/06/13 19:03:00.000   63.755965456  -68.510494925    95.1879   5   9   5.4240   2.5279  10.3123   2.7618   3.8120   7.0201   0.00    0.0
2014/06/13 19:03:30.000   63.755960925  -68.510491089    93.7856   5   9   5.4224   2.5334  10.2825   2.7689   3.8196   7.0073   0.00    0.0
2014/06/13 19:04:00.000   63.755963408  -68.510497457    94.0298   5   9   5.4194   2.5384  10.2502   2.7750   3.8256   6.9925   0.00    0.0
2014/06/13 19:04:30.000   63.755959879  -68.510492444    94.2706   5   9   5.4151   2.5431  10.2155   2.7801   3.8303   6.9757   0.00    0.0
2014/06/13 19:05:00.000   63.755962746  -68.510490992    94.5290   5   9   5.4094   2.5475  10.1785   2.7841   3.8335   6.9570   0.00    0.0
2014/06/13 19:05:30.000   63.755973591  -68.510488657    95.4789   5   9   5.4025   2.5514  10.1392   2.7872   3.8354   6.9365   0.00    0.0
2014/06/13 19:06:00.000   63.755969926  -68.510495007    94.7487   5   9   5.3943   2.5550  10.0978   2.7893   3.8359   6.9142   0.00    0.0
2014/06/13 19:06:30.000   63.755968568  -68.510492055    95.6439   5   9   5.3849   2.5582  10.0543   2.7904   3.8350   6.8901   0.00    0.0
2014/06/13 19:07:00.000   63.755962427  -68.510496378    93.8145   5   9   5.3743   2.5610  10.0087   2.7905   3.8328   6.8644   0.00    0.0
2014/06/13 19:07:30.000   63.755966329  -68.510498143    94.5787   5   9   5.3625   2.5634   9.9612   2.7897   3.8294   6.8370   0.00    0.0
2014/06/13 19:08:00.000   63.755971559  -68.510488990    96.4393   5   9   5.3496   2.5655   9.9119   2.7879   3.8247   6.8080   0.00    0.0
2014/06/13 19:08:30.000   63.755971265  -68.510489006    96.6360   5   9   5.3356   2.5672   9.8609   2.7852   3.8188   6.7775   0.00    0.0
2014/06/13 19:09:00.000   63.755968160  -68.510495355    95.5721   5   9   5.3206   2.5685   9.8082   2.7817   3.8117   6.7455   0.00    0.0
2014/06/13 19:09:30.000   63.755968193  -68.510494565    95.4602   5   9   5.3045   2.5694   9.7540   2.7772   3.8034   6.7122   0.00    0.0
2014/06/13 19:10:00.000   63.755967966  -68.510492008    95.4257   5   9   5.2876   2.5700   9.6983   2.7720   3.7941   6.6776   0.00    0.0
2014/06/13 19:10:30.000   63.755967748  -68.510492721    95.5487   5   9   5.2697   2.5702   9.6412   2.7659   3.7837   6.6417   0.00    0.0
2014/06/13 19:11:00.000   63.755968121  -68.510491541    95.5271   5   9   5.2509   2.5701   9.5829   2.7590   3.7723   6.6046   0.00    0.0
2014/06/13 19:11:30.000   63.755962812  -68.510489142    94.8959   5   9   5.2314   2.5697   9.5235   2.7514   3.7599   6.5664   0.00    0.0
2014/06/13 19:12:00.000   63.755967020  -68.510494300    95.5419   5   9   5.2111   2.5689   9.4630   2.7430   3.7466   6.5272   0.00    0.0
2014/06/13 19:12:30.000   63.755966921  -68.510491991    95.8611   5   9   5.1900   2.5678   9.4015   2.7339   3.7324   6.4871   0.00    0.0
2014/06/13 19:13:00.000   63.755964917  -68.510495093    95.1992   5   9   5.1683   2.5664   9.3391   2.7241   3.7174   6.4460   0.00    0.0
2014/06/13 19:13:30.000   63.755964488  -68.510493839    95.5927   5   9   5.1459   2.5647   9.2760   2.7136   3.7015   6.4041   0.00    0.0
2014/06/13 19:14:00.000   63.755960812  -68.510498324    94.4827   5   9   5.1230   2.5627   9.2122   2.7025   3.6849   6.3614   0.00    0.0
2014/06/13 19:14:30.000   63.755968021  -68.510495871    95.5810   5   9   5.0995   2.5604   9.1478   2.6908   3.6675   6.3180   0.00    0.0
2014/06/13 19:15:00.000   63.755956788  -68.510490941    93.9944   5   9   5.0756   2.5579   9.0829   2.6786   3.6495   6.2740   0.00    0.0
2014/06/13 19:15:30.000   63.755966175  -68.510487694    95.3987   5   9   5.0511   2.5551   9.0176   2.6658   3.6308   6.2295   0.00    0.0
2014/06/13 19:16:00.000   63.755967956  -68.510491209    94.9056   5   9   5.0263   2.5521   8.9519   2.6524   3.6116   6.1844   0.00    0.0
2014/06/13 19:16:30.000   63.755970337  -68.510496440    96.0718   5   9   5.0011   2.5488   8.8860   2.6386   3.5917   6.1388   0.00    0.0
2014/06/13 19:17:00.000   63.755963961  -68.510498272    95.3964   5   9   4.9756   2.5453   8.8199   2.6243   3.5714   6.0929   0.00    0.0
2014/06/13 19:17:30.000   63.755962479  -68.510495765    94.2211   5   9   4.9498   2.5416   8.7537   2.6095   3.5505   6.0466   0.00    0.0
2014/06/13 19:18:00.000   63.755962775  -68.510500176    95.1747   5   9   4.9237   2.5377   8.6874   2.5943   3.5292   6.0000   0.00    0.0
2014/06/13 19:18:30.000   63.755959553  -68.510498306    94.6904   5   9   4.8974   2.5336   8.6211   2.5788   3.5075   5.9532   0.00    0.0
2014/06/13 19:19:00.000   63.755966005  -68.510497872    95.8843   5   9   4.8709   2.5293   8.5549   2.5628   3.4855   5.9062   0.00    0.0
2014/06/13 19:19:30.000   63.755958968  -68.510494450    94.1103   5  10   2.8891   1.9863   4.2407   1.2981  -0.7744   1.4120   0.00    0.0
2014/06/13 19:20:00.000   63.755959910  -68.510493433    93.7943   5  10   2.8858   1.9831   4.2412   1.2941  -0.7642   1.4021   0.00    0.0
2014/06/13 19:20:30.000   63.755960090  -68.510494372    94.3731   5  10   2.8824   1.9798   4.2419   1.2901  -0.7537   1.3925   0.00    0.0
2014/06/13 19:21:00.000   63.755957612  -68.510504009    94.4846   5  10   2.8791   1.9766   4.2430   1.2860  -0.7431   1.3831   0.00    0.0
2014/06/13 19:21:30.000   63.755958045  -68.510488212    94.0323   5  10   2.8757   1.9734   4.2442   1.2819  -0.7321   1.3739   0.00    0.0
2014/06/13 19:22:00.000   63.755959974  -68.510500594    95.7006   5  10   2.8724   1.9703   4.2457   1.2777  -0.7210   1.3649   0.00    0.0
2014/06/13 19:22:30.000   63.755959077  -68.510496929    93.6193   5  10   2.8691   1.9671   4.2475   1.2735  -0.7096   1.3562   0.00    0.0
2014/06/13 19:23:00.000   63.755959880  -68.510487451    94.0267   5  10   2.8658   1.9640   4.2495   1.2693  -0.6979   1.3477   0.00    0.0
2014/06/13 19:23:30.000   63.755958647  -68.510499557    94.6415   5  10   2.8625   1.9610   4.2518   1.2650  -0.6860   1.3394   0.00    0.0
2014/06/13 19:24:00.000   63.755958479  -68.510489416    93.7951   5  10   2.8592   1.9580   4.2543   1.2607  -0.6738   1.3314   0.00    0.0
2014/06/13 19:24:30.000   63.755960615  -68.510492853    93.7765   5  10   2.8559   1.9549   4.2570   1.2564  -0.6612   1.3237   0.00    0.0
2014/06/13 19:25:00.000   63.755956202  -68.510500815    94.0764   5  10   2.8526   1.9520   4.2600   1.2520  -0.6483   1.3162   0.00    0.0
2014/06/13 19:25:30.000   63.755961151  -68.510501645    94.4756   5  10   2.8493   1.9490   4.2632   1.2475  -0.6351   1.3089   0.00    0.0
2014/06/13 19:26:00.000   63.755959929  -68.510493162    93.7501   5  10   2.8461   1.9461   4.2667   1.2431  -0.6215   1.3020   0.00    0.0
2014/06/13 19:26:30.000   63.755962068  -68.510487723    93.8721   5  10   2.8428   1.9432   4.2704   1.2386  -0.6075   1.2953   0.00    0.0
2014/06/13 19:27:00.000   63.755962138  -68.510499783    94.7468   5  10   2.8396   1.9404   4.2743   1.2340  -0.5931   1.2888   0.00    0.0
2014/06/13 19:27:30.000   63.755962730  -68.510493599    94.4008   5  10   2.8364   1.9376   4.2785   1.2294  -0.5783   1.2826   0.00    0.0
2014/06/13 19:28:00.000   63.755958551  -68.510495676    94.1951   5  10   2.8332   1.9348   4.2829   1.2248  -0.5629   1.2767   0.00    0.0
2014/06/13 19:28:30.000   63.755960580  -68.510497277    94.3503   5  10   2.8300   1.9320   4.2876   1.2202  -0.5470   1.2711   0.00    0.0
2014/06/13 19:29:00.000   63.755959022  -68.510496526    94.0134   5  10   2.8268   1.9293   4.2924   1.2155  -0.5305   1.2658   0.00    0.0
2014/06/13 19:29:30.000   63.755961118  -68.510501843    95.0857   5  10   2.8236   1.9266   4.2975   1.2107  -0.5134   1.2608   0.00    0.0
2014/06/13 19:30:00.000   63.755965004  -68.510492253    94.1795   5  10   2.8205   1.9239   4.3029   1.2060  -0.4956   1.2560   0.00    0.0
2014/06/13 19:30:30.000   63.755963229  -68.510495236    94.3168   5  10   2.8173   1.9213   4.3084   1.2012  -0.4770   1.2515   0.00    0.0
2014/06/13 19:31:00.000   63.755961511  -68.510490605    93.7128   5  10   2.8142   1.9187   4.3142   1.1963  -0.4575   1.2474   0.00    0.0
2014/06/13 19:31:30.000   63.755960450  -68.510494980    93.1656   5  10   2.8111   1.9161   4.3202   1.1915  -0.4371   1.2435   0.00    0.0
2014/06/13 19:32:00.000   63.755964187  -68.510490230    94.0998   5  10   2.8080   1.9136   4.3265   1.1866  -0.4155   1.2399   0.00    0.0
2014/06/13 19:32:30.000   63.755963698  -68.510491051    94.5290   5  10   2.8050   1.9111   4.3330   1.1816  -0.3926   1.2366   0.00    0.0
2014/06/13 19:33:00.000   63.755958543  -68.510495105    93.0260   5  10   2.8019   1.9086   4.3397   1.1766  -0.3681   1.2337   0.00    0.0
2014/06/13 19:33:30.000   63.755963603  -68.510495427    94.0821   5  10   2.7989   1.9062   4.3466   1.1716  -0.3417   1.2310   0.00    0.0
2014/06/13 19:34:00.000   63.755962249  -68.510498229    94.5936   5  10   2.7959   1.9038   4.3537   1.1666  -0.3130   1.2286   0.00    0.0
2014/06/13 19:34:30.000   63.755965057  -68.510490922    94.2712   5  10   2.7929   1.9014   4.3611   1.1615  -0.2811   1.2266   0.00    0.0
2014/06/13 19:35:00.000   63.755959837  -68.510493541    94.2597   5  10   2.7899   1.8991   4.3687   1.1564  -0.2450   1.2248   0.00    0.0
2014/06/13 19:35:30.000   63.755959790  -68.510497007    93.7843   5  10   2.7870   1.8968   4.3765   1.1512  -0.2023   1.2234   0.00    0.0
2014/06/13 19:36:00.000   63.755962232  -68.510505803    94.6986   5  10   2.7840   1.8945   4.3846   1.1460  -0.1474   1.2223   0.00    0.0
2014/06/13 19:36:30.000   63.755962002  -68.510493748    92.9628   5  10   2.7811   1.8923   4.3929   1.1408  -0.0494   1.2215   0.00    0.0
2014/06/13 19:37:00.000   63.755959133  -68.510489978    93.4745   5  10   2.7783   1.8901   4.4014   1.1356   0.1301   1.2209   0.00    0.0
2014/06/13 19:37:30.000   63.755965786  -68.510490403    94.0369   5  10   2.7754   1.8879   4.4101   1.1303   0.1907   1.2207   0.00    0.0
2014/06/13 19:38:00.000   63.755958886  -68.510494006    93.6419   5  10   2.7726   1.8858   4.4191   1.1250   0.2364   1.2209   0.00    0.0
2014/06/13 19:38:30.000   63.755962484  -68.510500283    94.5678   5  10   2.7698   1.8837   4.4283   1.1196   0.2748   1.2213   0.00    0.0
2014/06/13 19:39:00.000   63.755961432  -68.510501654    94.5367   5  10   2.7670   1.8816   4.4377   1.1142   0.3085   1.2220   0.00    0.0
2014/06/13 19:39:30.000   63.755959408  -68.510484576    92.0054   5   9   2.7680   2.3255   5.6464   1.0164  -2.1562   1.4124   0.00    0.0
2014/06/13 19:40:00.000   63.755964160  -68.510488040    92.9463   5   9   2.7657   2.3179   5.6696   1.0055  -2.1513   1.4253   0.00    0.0
2014/06/13 19:40:30.000   63.755959186  -68.510487974    91.8963   5   9   2.7635   2.3104   5.6932   0.9945  -2.1463   1.4385   0.00    0.0
2014/06/13 19:41:00.000   63.755959048  -68.510490254    92.9402   5   9   2.7614   2.3029   5.7173   0.9834  -2.1413   1.4522   0.00    0.0
2014/06/13 19:41:30.000   63.755959679  -68.510492688    93.6855   5   9   2.7593   2.2954   5.7418   0.9722  -2.1363   1.4664   0.00    0.0
2014/06/13 19:42:00.000   63.755961605  -68.510488765    93.3609   5   9   2.7573   2.2880   5.7667   0.9608  -2.1312   1.4809   0.00    0.0
2014/06/13 19:42:30.000   63.755960930  -68.510489798    93.6999   5   9   2.7554   2.2807   5.7921   0.9494  -2.1261   1.4958   0.00    0.0
2014/06/13 19:43:00.000   63.755961365  -68.510488877    92.9906   5   9   2.7535   2.2733   5.8179   0.9379  -2.1209   1.5111   0.00    0.0
2014/06/13 19:43:30.000   63.755963261  -68.510492102    92.7795   5   9   2.7517   2.2661   5.8441   0.9262  -2.1156   1.5268   0.00    0.0
2014/06/13 19:44:00.000   63.755959998  -68.510486589    91.7686   5   9   2.7500   2.2588   5.8708   0.9145  -2.1103   1.5429   0.00    0.0
2014/06/13 19:44:30.000   63.755961597  -68.510487717    93.1206   5   9   2.7484   2.2516   5.8980   0.9026  -2.1049   1.5594   0.00    0.0
2014/06/13 19:45:00.000   63.755958731  -68.510486840    92.4939   5   9   2.7468   2.2445   5.9256   0.8906  -2.0995   1.5763   0.00    0.0
2014/06/13 19:45:30.000   63.755960435  -68.510491468    93.0146   5   9   2.7453   2.2374   5.9536   0.8785  -2.0940   1.5935   0.00    0.0
2014/06/13 19:46:00.000   63.755961687  -68.510474875    91.3642   5  10   2.5398   1.9507   5.1689  -0.6104  -1.0513   2.3923   0.00    0.0
2014/06/13 19:46:30.000   63.755958128  -68.510486292    91.3587   5  10   2.5396   1.9487   5.1963  -0.6158  -1.0504   2.4046   0.00    0.0
2014/06/13 19:47:00.000   63.755957653  -68.510485326    92.5675   5  10   2.5396   1.9467   5.2242  -0.6210  -1.0494   2.4172   0.00    0.0
2014/06/13 19:47:30.000   63.755964511  -68.510478463    91.9240   5  10   2.5397   1.9447   5.2525  -0.6261  -1.0484   2.4301   0.00    0.0
2014/06/13 19:48:00.000   63.755966029  -68.510478263    92.5049   5  10   2.5400   1.9427   5.2813  -0.6311  -1.0472   2.4433   0.00    0.0
2014/06/13 19:48:30.000   63.755961976  -68.510478808    91.2999   5  10   2.5403   1.9408   5.3105  -0.6360  -1.0460   2.4568   0.00    0.0
2014/06/13 19:49:00.000   63.755964926  -68.510482349    91.6948   5  10   2.5407   1.9388   5.3402  -0.6408  -1.0446   2.4706   0.00    0.0
2014/06/13 19:49:30.000   63.755963868  -68.510476630    91.2901   5  10   2.5413   1.9369   5.3703  -0.6455  -1.0432   2.4846   0.00    0.0
2014/06/13 19:50:00.000   63.755961889  -68.510474229    90.5831   5  10   2.5420   1.9350   5.4008  -0.6501  -1.0417   2.4989   0.00    0.0
2014/06/13 19:50:30.000   63.755965573  -68.510476151    90.2266   5  10   2.5427   1.9331   5.4318  -0.6546  -1.0400   2.5135   0.00    0.0
2014/06/13 19:51:00.000   63.755965061  -68.510482333    91.9716   5  10   2.5436   1.9312   5.4632  -0.6591  -1.0383   2.5284   0.00    0.0
2014/06/13 19:51:30.000   63.755960600  -68.510485020    92.6677   5  10   2.5447   1.9294   5.4950  -0.6634  -1.0364   2.5435   0.00    0.0
2014/06/13 19:52:00.000   63.755967074  -68.510487007    93.1616   5  10   2.5458   1.9275   5.5273  -0.6676  -1.0344   2.5590   0.00    0.0
2014/06/13 19:52:30.000   63.755965867  -68.510484856    91.6761   5  10   2.5471   1.9257   5.5600  -0.6718  -1.0324   2.5746   0.00    0.0
2014/06/13 19:53:00.000   63.755964186  -68.510482992    91.2039   5  10   2.5484   1.9238   5.5931  -0.6758  -1.0301   2.5906   0.00    0.0
2014/06/13 19:53:30.000   63.755963062  -68.510491818    91.5070   5  10   2.5499   1.9220   5.6266  -0.6798  -1.0278   2.6068   0.00    0.0
2014/06/13 19:54:00.000   63.755961721  -68.510483838    91.5793   5  10   2.5515   1.9202   5.6606  -0.6837  -1.0253   2.6233   0.00    0.0
2014/06/13 19:54:30.000   63.755962676  -68.510483742    91.1063   5  10   2.5532   1.9184   5.6949  -0.6875  -1.0227   2.6400   0.00    0.0
2014/06/13 19:55:00.000   63.755963595  -68.510483021    91.0358   5  10   2.5551   1.9167   5.7297  -0.6912  -1.0199   2.6570   0.00    0.0
2014/06/13 19:55:30.000   63.755960430  -68.510482999    90.8032   5  10   2.5570   1.9149   5.7649  -0.6948  -1.0170   2.6742   0.00    0.0
2014/06/13 19:56:00.000   63.755962313  -68.510482590    90.9711   5  10   2.5591   1.9131   5.8004  -0.6983  -1.0140   2.6916   0.00    0.0
2014/06/13 19:56:30.000   63.755963397  -68.510477231    90.4088   5  10   2.5613   1.9114   5.8364  -0.7017  -1.0107   2.7093   0.00    0.0
2014/06/13 19:57:00.000   63.755964314  -68.510486556    90.5157   5  10   2.5636   1.9097   5.8727  -0.7050  -1.0073   2.7272   0.00    0.0
2014/06/13 19:57:30.000   63.755965398  -68.510484046    91.4350   5  10   2.5660   1.9080   5.9094  -0.7083  -1.0038   2.7453   0.00    0.0
2014/06/13 19:58:00.000   63.755965930  -68.510487628    92.4637   5  10   2.5685   1.9063   5.9464  -0.7114  -1.0000   2.7636   0.00    0.0
2014/06/13 19:58:30.000   63.755967878  -68.510485087    91.5521   5  10   2.5712   1.9046   5.9837  -0.7145  -0.9961   2.7822   0.00    0.0
2014/06/13 19:59:00.000   63.755968457  -68.510487916    92.0945   5  10   2.5739   1.9029   6.0214  -0.7175  -0.9919   2.8009   0.00    0.0
2014/06/13 20:00:00.002   68.218890748  -60.881359376 -429641.8739   5  13   1.9424   1.6185   5.0469  -0.5857   0.7914   2.3536   0.00    0.0
2014/06/13 20:00:30.002   68.225650393  -60.958990683 -433795.5384   5  13   1.9449   1.6183   5.0842  -0.5870   0.7855   2.3695   0.00    0.0
2014/06/13 20:01:00.002   68.232183474  -61.036825687 -438013.4253   5  13   1.9474   1.6181   5.1219  -0.5882   0.7795   2.3856   0.00    0.0
2014/06/13 20:01:30.002   68.238481239  -61.114843526 -442296.1548   5  13   1.9500   1.6179   5.1600  -0.5895   0.7733   2.4018   0.00    0.0
2014/06/13 20:02:00.002   68.244542025  -61.193029498 -446644.0595   5  13   1.9526   1.6177   5.1985  -0.5907   0.7671   2.4182   0.00    0.0
2014/06/13 20:02:30.002   68.250366958  -61.271381978 -451054.7673   5  13   1.9553   1.6175   5.2373  -0.5920   0.7607   2.4347   0.00    0.0
2014/06/13 20:03:00.002   68.255957579  -61.349889278 -455530.4146   5  13   1.9580   1.6173   5.2766  -0.5932   0.7541   2.4513   0.00    0.0
2014/06/13 20:03:30.002   68.261307031  -61.428551937 -460070.4959   5  13   1.9608   1.6171   5.3162  -0.5945   0.7474   2.4680   0.00    0.0
2014/06/13 20:04:00.002   68.266412268  -61.507337990 -464675.5215   5  13   1.9636   1.6169   5.3561  -0.5958   0.7405   2.4849   0.00    0.0
2014/06/13 20:04:30.002   68.271280808  -61.586256929 -469342.0944   5  13   1.9665   1.6167   5.3964  -0.5970   0.7334   2.5018   0.00    0.0
2014/06/13 20:05:00.002   68.275909215  -61.665278566 -474072.6124   5  13   1.9694   1.6165   5.4369  -0.5983   0.7262   2.5189   0.00    0.0
2014/06/13 20:05:30.002   68.280301554  -61.744428148 -478863.7320   5  13   1.9724   1.6163   5.4778  -0.5995   0.7188   2.5360   0.00    0.0
2014/06/13 20:06:00.002   68.284452126  -61.823655603 -483717.4576   5  13   1.9754   1.6161   5.5189  -0.6008   0.7112   2.5532   0.00    0.0
2014/06/13 20:06:30.002   68.288365747  -61.902986919 -488630.0643   5  13   1.9784   1.6159   5.5603  -0.6020   0.7034   2.5705   0.00    0.0
2014/06/13 20:07:00.002   68.292038219  -61.982371862 -493603.9744   5  13   1.9814   1.6157   5.6020  -0.6033   0.6955   2.5879   0.00    0.0
2014/06/13 20:07:30.002   68.295486607  -62.061845754 -498632.1583   5  13   1.9845   1.6154   5.6438  -0.6046   0.6873   2.6053   0.00    0.0
2014/06/13 20:08:00.002   68.298705421  -62.141362075 -503718.7022   5  13   1.9876   1.6152   5.6858  -0.6058   0.6788   2.6227   0.00    0.0
2014/06/13 20:08:30.002   68.301684223  -62.220915929 -508857.7573   5  13   1.9907   1.6150   5.7280  -0.6071   0.6702   2.6401   0.00    0.0
2014/06/13 20:09:00.002   68.304442870  -62.300516929 -514049.0043   5  13   1.9939   1.6148   5.7704  -0.6084   0.6613   2.6576   0.00    0.0
2014/06/13 20:09:30.002   68.306979764  -62.380132237 -519291.6895   5  13   1.9970   1.6146   5.8128  -0.6097   0.6521   2.6750   0.00    0.0
2014/06/13 20:10:00.002   68.309300508  -62.459758296 -524579.5959   5  13   2.0002   1.6144   5.8553  -0.6110   0.6427   2.6925   0.00    0.0
2014/06/13 20:10:30.002   68.311406133  -62.539386136 -529914.3914   5  13   2.0033   1.6141   5.8978  -0.6123   0.6331   2.7098   0.00    0.0
2014/06/13 20:11:00.002   68.313301898  -62.619001884 -535290.9510   5  13   2.0065   1.6139   5.9404  -0.6135   0.6231   2.7272   0.00    0.0
2014/06/13 20:11:30.002   68.315005499  -62.698594510 -540704.2776   5  13   2.0096   1.6137   5.9829  -0.6148   0.6128   2.7444   0.00    0.0
2014/06/13 20:12:00.002   68.316515272  -62.778161977 -546152.1842   5  13   2.0128   1.6134   6.0253  -0.6161   0.6022   2.7616   0.00    0.0
2014/06/13 20:12:30.002   68.317837584  -62.857680484 -551632.0266   5  13   2.0158   1.6132   6.0676  -0.6174   0.5913   2.7786   0.00    0.0
2014/06/13 20:13:00.002   68.318982564  -62.937142671 -557137.7550   5  13   2.0189   1.6130   6.1097  -0.6187   0.5800   2.7955   0.00    0.0
2014/06/13 20:13:30.002   68.319953825  -63.016536112 -562667.5107   5  13   2.0219   1.6127   6.1517  -0.6200   0.5684   2.8123   0.00    0.0
2014/06/13 20:14:00.002   68.320771424  -63.095870712 -568213.2082   5  13   2.0249   1.6125   6.1934  -0.6214   0.5564   2.8289   0.00    0.0
2014/06/13 20:14:30.002   68.321440018  -63.175107777 -573770.5140   5  13   2.0278   1.6122   6.2348  -0.6227   0.5440   2.8452   0.00    0.0
2014/06/13 20:15:00.002   68.321972461  -63.254249759 -579334.8530   5  13   2.0307   1.6119   6.2758  -0.6240   0.5311   2.8614   0.00    0.0
2014/06/13 20:15:30.002   68.322373603  -63.333286608 -584900.2176   5  13   2.0335   1.6117   6.3165  -0.6253   0.5178   2.8773   0.00    0.0
2014/06/13 20:16:00.002   68.322662704  -63.412193799 -590460.9943   5  13   2.0362   1.6114   6.3567  -0.6266   0.5039   2.8929   0.00    0.0
2014/06/13 20:16:30.002   68.322857096  -63.490980190 -596009.2171   5  13   2.0388   1.6111   6.3963  -0.6279   0.4896   2.9082   0.00    0.0
2014/06/13 20:17:00.002   68.322958948  -63.569621014 -601539.6233   5  13   2.0413   1.6108   6.4354  -0.6292   0.4746   2.9231   0.00    0.0
2014/06/13 20:17:30.002   68.322991775  -63.648121844 -607044.3029   5  13   2.0437   1.6105   6.4739  -0.6305   0.4591   2.9377   0.00    0.0
2014/06/13 20:18:00.002   68.322963849  -63.726465754 -612515.3573   5  13   2.0460   1.6102   6.5117  -0.6318   0.4428   2.9520   0.00    0.0
2014/06/13 20:18:30.002   68.322891418  -63.804629044 -617946.7712   5  13   2.0481   1.6099   6.5487  -0.6330   0.4258   2.9658   0.00    0.0
2014/06/13 20:19:00.002   68.322798250  -63.882619490 -623327.1541   5  13   2.0501   1.6096   6.5850  -0.6343   0.4080   2.9791   0.00    0.0
2014/06/13 20:19:30.002   68.322685773  -63.960422563 -628653.9458   5  13   2.0520   1.6093   6.6204  -0.6355   0.3893   2.9920   0.00    0.0
2014/06/13 20:20:00.002   68.322587800  -64.038033553 -633913.5395   5  13   2.0536   1.6089   6.6548  -0.6368   0.3695   3.0043   0.00    0.0
2014/06/13 20:20:30.002   68.322512946  -64.115439433 -639099.5805   5  13   2.0552   1.6086   6.6882  -0.6380   0.3485   3.0162   0.00    0.0
2014/06/13 20:21:00.002   68.322474259  -64.192616295 -644202.8187   5  13   2.0565   1.6082   6.7206  -0.6392   0.3260   3.0274   0.00    0.0
2014/06/13 20:21:30.002   68.322496242  -64.269581365 -649216.3849   5  13   2.0576   1.6079   6.7519  -0.6404   0.3019   3.0381   0.00    0.0
2014/06/13 20:22:00.002   68.229716356  -64.337884865 -683997.2211   5  14   1.4824   1.6066   4.8978  -0.5438   0.6766   1.6144   0.00    0.0
2014/06/13 20:22:30.002   68.227179382  -64.413685992 -689706.1048   5  14   1.4825   1.6062   4.9253  -0.5420   0.6744   1.6252   0.00    0.0
2014/06/13 20:23:00.002   68.224458603  -64.489203634 -695387.7693   5  14   1.4827   1.6057   4.9528  -0.5401   0.6720   1.6363   0.00    0.0
2014/06/13 20:23:30.002   68.221567189  -64.564395074 -701036.4365   5  14   1.4830   1.6052   4.9804  -0.5383   0.6696   1.6474   0.00    0.0
2014/06/13 20:24:00.002   68.218510518  -64.639260843 -706643.1144   5  14   1.4833   1.6047   5.0079  -0.5364   0.6670   1.6586   0.00    0.0
2014/06/13 20:24:30.002   68.215292462  -64.713781145 -712204.7844   5  14   1.4837   1.6042   5.0353  -0.5346   0.6644   1.6700   0.00    0.0
2014/06/13 20:25:00.002   68.211926325  -64.787959070 -717714.7379   5  14   1.4842   1.6036   5.0627  -0.5327   0.6615   1.6814   0.00    0.0
2014/06/13 20:25:30.002   68.208405505  -64.861763497 -723167.2042   5  14   1.4848   1.6031   5.0899  -0.5309   0.6586   1.6929   0.00    0.0
2014/06/13 20:26:00.002   68.204750569  -64.935186500 -728554.2378   5  14   1.4854   1.6026   5.1170  -0.5291   0.6555   1.7045   0.00    0.0
2014/06/13 20:26:30.002   68.200972125  -65.008219671 -733868.5612   5  14   1.4860   1.6020   5.1440  -0.5273   0.6522   1.7161   0.00    0.0
2014/06/13 20:27:00.002   68.197065645  -65.080842485 -739104.0500   5  14   1.4868   1.6014   5.1707  -0.5255   0.6488   1.7278   0.00    0.0
2014/06/13 20:27:30.002   68.193048471  -65.153038996 -744251.6513   5  14   1.4875   1.6008   5.1972  -0.5237   0.6451   1.7394   0.00    0.0
2014/06/13 20:28:00.002   68.188931450  -65.224822336 -749306.0462   5  14   1.4884   1.6002   5.2234  -0.5220   0.6413   1.7511   0.00    0.0
2014/06/13 20:28:30.002   68.184718118  -65.296159457 -754257.3000   5  14   1.4893   1.5996   5.2494  -0.5203   0.6373   1.7628   0.00    0.0
2014/06/13 20:29:00.002   68.180431367  -65.367040763 -759098.9558   5  14   1.4902   1.5990   5.2750  -0.5186   0.6330   1.7744   0.00    0.0
2014/06/13 20:29:30.002   68.176068813  -65.437462253 -763823.3607   5  14   1.4912   1.5984   5.3002  -0.5169   0.6286   1.7860   0.00    0.0
2014/06/13 20:30:00.002   68.171647614  -65.507393364 -768420.5111   5  14   1.4922   1.5977   5.3250  -0.5152   0.6239   1.7975   0.00    0.0
2014/06/13 20:30:30.002   68.167181794  -65.576849830 -772884.1082   5  14   1.4933   1.5971   5.3494  -0.5136   0.6189   1.8090   0.00    0.0
2014/06/13 20:31:00.002   68.162676105  -65.645798675 -777205.6461   5  14   1.4944   1.5964   5.3733  -0.5120   0.6137   1.8203   0.00    0.0
2014/06/13 20:31:30.002   68.158148378  -65.714241944 -781375.2972   5  14   1.4955   1.5957   5.3968  -0.5104   0.6083   1.8316   0.00    0.0
2014/06/13 20:32:00.002   68.153609850  -65.782164196 -785385.5701   5  14   1.4967   1.5950   5.4196  -0.5089   0.6025   1.8427   0.00    0.0
2014/06/13 20:32:30.002   68.149075026  -65.849559955 -789226.0259   5  14   1.4978   1.5943   5.4419  -0.5074   0.5964   1.8537   0.00    0.0
2014/06/13 20:33:00.002   68.144555451  -65.916409729 -792891.6122   5  14   1.4990   1.5936   5.4636  -0.5059   0.5901   1.8646   0.00    0.0
2014/06/13 20:33:30.002   68.140065977  -65.982723031 -796372.7408   5  14   1.5003   1.5929   5.4846  -0.5045   0.5834   1.8752   0.00    0.0
2014/06/13 20:34:00.002   68.135610910  -66.048467408 -799661.7703   5  14   1.5015   1.5922   5.5049  -0.5031   0.5763   1.8857   0.00    0.0
2014/06/13 20:34:30.002   68.131218320  -66.113649392 -802749.9850   5  14   1.5028   1.5914   5.5245  -0.5018   0.5689   1.8959   0.00    0.0
2014/06/13 20:35:00.002   68.126886417  -66.178271282 -805631.1277   5  14   1.5040   1.5907   5.5434  -0.5005   0.5612   1.9060   0.00    0.0
2014/06/13 20:35:30.002   68.122641951  -66.242316881 -808293.6976   5  14   1.5053   1.5899   5.5614  -0.4992   0.5530   1.9157   0.00    0.0
2014/06/13 20:36:00.002   68.118488580  -66.305764477 -810737.8503   5  14   1.5065   1.5891   5.5787  -0.4981   0.5444   1.9252   0.00    0.0
2014/06/13 20:36:30.002   68.114438592  -66.368637440 -812951.0748   5  14   1.5078   1.5883   5.5950  -0.4969   0.5354   1.9345   0.00    0.0
2014/06/13 20:37:00.002   68.110509160  -66.430895256 -814928.1083   5  14   1.5090   1.5875   5.6105  -0.4958   0.5259   1.9434   0.00    0.0
2014/06/13 20:37:30.002   68.106704336  -66.492567607 -816664.4681   5  14   1.5102   1.5867   5.6251  -0.4948   0.5160   1.9521   0.00    0.0
2014/06/13 20:38:00.002   68.103048141  -66.553626147 -818152.7497   5  14   1.5114   1.5859   5.6387  -0.4938   0.5056   1.9604   0.00    0.0
2014/06/13 20:38:30.002   68.099535064  -66.614073254 -819390.7659   5  14   1.5126   1.5851   5.6513  -0.4928   0.4946   1.9683   0.00    0.0
2014/06/13 20:39:00.002   68.096187779  -66.673925455 -820370.0404   5  14   1.5137   1.5842   5.6629  -0.4919   0.4831   1.9759   0.00    0.0
2014/06/13 20:39:30.002   68.093011634  -66.733147334 -821091.4856   5  14   1.5148   1.5834   5.6735  -0.4911   0.4710   1.9832   0.00    0.0
2014/06/13 20:40:00.002   68.090013021  -66.791763285 -821548.8720   5  14   1.5159   1.5825   5.6831  -0.4903   0.4582   1.9901   0.00    0.0
2014/06/13 20:40:30.002   68.087206543  -66.849745627 -821740.7074   5  14   1.5169   1.5817   5.6915  -0.4895   0.4448   1.9965   0.00    0.0
2014/06/13 20:41:00.002   68.084589780  -66.907131505 -821663.8838   5  14   1.5179   1.5808   5.6989  -0.4889   0.4306   2.0026   0.00    0.0
2014/06/13 20:41:30.002   68.082169786  -66.963888910 -821318.9085   5  14   1.5189   1.5799   5.7052  -0.4882   0.4156   2.0083   0.00    0.0
2014/06/13 20:42:00.002   68.079960642  -67.020019858 -820703.6662   5  14   1.5198   1.5790   5.7104  -0.4876   0.3998   2.0135   0.00    0.0
2014/06/13 20:42:30.002   68.077956473  -67.075532634 -819818.5640   5  14   1.5206   1.5782   5.7145  -0.4871   0.3829   2.0184   0.00    0.0
2014/06/13 20:43:00.002   68.076166040  -67.130418334 -818665.9982   5  14   1.5214   1.5773   5.7174  -0.4866   0.3650   2.0228   0.00    0.0
2014/06/13 20:43:30.002   68.074592902  -67.184702546 -817245.8848   5  14   1.5222   1.5764   5.7192  -0.4862   0.3458   2.0267   0.00    0.0
2014/06/13 20:44:00.002   68.073226171  -67.238362196 -815561.9503   5  14   1.5228   1.5755   5.7199  -0.4858   0.3252   2.0303   0.00    0.0
2014/06/13 20:44:30.002   68.072075855  -67.291408870 -813616.2359   5  14   1.5235   1.5746   5.7194  -0.4854   0.3029   2.0333   0.00    0.0
2014/06/13 20:45:00.002   68.071143481  -67.343824708 -811412.4400   5  14   1.5240   1.5737   5.7177  -0.4851   0.2784   2.0360   0.00    0.0
2014/06/13 20:45:30.002   68.070415761  -67.395638320 -808955.8192   5  14   1.5245   1.5728   5.7150  -0.4848   0.2513   2.0382   0.00    0.0
2014/06/13 20:46:00.002   68.069902390  -67.446842661 -806249.8304   5  14   1.5250   1.5719   5.7111  -0.4846   0.2204   2.0399   0.00    0.0
2014/06/13 20:46:30.002   68.069588602  -67.497428889 -803301.3709   5  14   1.5253   1.5711   5.7061  -0.4844   0.1841   2.0412   0.00    0.0
2014/06/13 20:47:00.002   68.069473799  -67.547406603 -800118.4585   5  14   1.5256   1.5702   5.7000  -0.4842   0.1382   2.0421   0.00    0.0
2014/06/13 20:47:30.002   68.069550152  -67.596795215 -796704.3585   5  14   1.5259   1.5693   5.6928  -0.4841   0.0646   2.0425   0.00    0.0
2014/06/13 20:48:00.002   68.069809186  -67.645578528 -793068.4793   5  14   1.5261   1.5684   5.6845  -0.4840  -0.1042   2.0425   0.00    0.0
2014/06/13 20:48:30.002   68.070247315  -67.693747906 -789218.7904   5  14   1.5262   1.5676   5.6752  -0.4840  -0.1611   2.0421   0.00    0.0
2014/06/13 20:49:00.002   68.070850938  -67.741333166 -785163.2558   5  14   1.5263   1.5667   5.6649  -0.4839  -0.2029   2.0413   0.00    0.0
2014/06/13 20:49:30.002   68.071614304  -67.788310481 -780910.0466   5  14   1.5263   1.5659   5.6535  -0.4839  -0.2375   2.0400   0.00    0.0
2014/06/13 20:50:00.002   68.072524678  -67.834708726 -776468.8931   5  14   1.5262   1.5650   5.6412  -0.4839  -0.2677   2.0384   0.00    0.0
2014/06/13 20:50:30.002   68.073566074  -67.880503930 -771849.5979   5  14   1.5261   1.5642   5.6279  -0.4840  -0.2950   2.0364   0.00    0.0
2014/06/13 20:51:00.002   68.074740091  -67.925704902 -767061.7274   5  14   1.5260   1.5634   5.6136  -0.4840  -0.3199   2.0340   0.00    0.0
2014/06/13 20:51:30.002   68.076029527  -67.970332176 -762112.7482   5  14   1.5258   1.5626   5.5985  -0.4841  -0.3431   2.0312   0.00    0.0
2014/06/13 20:52:00.002   68.077415685  -68.014358433 -757016.0967   5  14   1.5255   1.5618   5.5825  -0.4842  -0.3647   2.0281   0.00    0.0
2014/06/13 20:52:30.002   68.078894493  -68.057795203 -751780.1243   5  14   1.5252   1.5610   5.5657  -0.4843  -0.3852   2.0246   0.00    0.0
2014/06/13 20:53:00.002   68.080445417  -68.100661900 -746414.5118   5  14   1.5249   1.5602   5.5481  -0.4845  -0.4046   2.0208   0.00    0.0
2014/06/13 20:53:30.002   68.082064847  -68.142917180 -740931.3970   5  14   1.5245   1.5595   5.5297  -0.4846  -0.4231   2.0167   0.00    0.0
2014/06/13 20:54:00.002   68.083733731  -68.184615213 -735338.9293   5  14   1.5241   1.5587   5.5105  -0.4848  -0.4407   2.0123   0.00    0.0
2014/06/13 20:54:30.002   68.085440297  -68.225716828 -729647.5629   5  14   1.5237   1.5580   5.4907  -0.4849  -0.4576   2.0076   0.00    0.0
2014/06/13 20:55:00.002   68.087173348  -68.266239843 -723867.4484   5  14   1.5232   1.5573   5.4702  -0.4851  -0.4739   2.0026   0.00    0.0
2014/06/13 20:55:30.002   68.088916876  -68.306164615 -718008.8379   5  14   1.5227   1.5567   5.4491  -0.4853  -0.4896   1.9974   0.00    0.0
2014/06/13 20:56:00.002   68.090660047  -68.345503095 -712083.8951   5  14   1.5221   1.5560   5.4274  -0.4855  -0.5047   1.9919   0.00    0.0
2014/06/13 20:56:30.002   68.092390903  -68.384258448 -706098.3462   5  14   1.5216   1.5554   5.4051  -0.4857  -0.5193   1.9862   0.00    0.0
2014/06/13 20:57:00.002   68.094091431  -68.422426298 -700063.0966   5  14   1.5210   1.5548   5.3823  -0.4859  -0.5334   1.9803   0.00    0.0
2014/06/13 20:57:30.002   68.095756958  -68.460005252 -693987.8415   5  14   1.5205   1.5542   5.3590  -0.4861  -0.5471   1.9742   0.00    0.0
2014/06/13 20:58:00.002   68.097371481  -68.496989129 -687880.4508   5  14   1.5199   1.5536   5.3353  -0.4864  -0.5604   1.9679   0.00    0.0
2014/06/13 20:58:30.002   68.098922199  -68.533373513 -681749.8717   5  14   1.5193   1.5531   5.3112  -0.4866  -0.5734   1.9614   0.00    0.0
2014/06/13 20:59:00.002   68.100402165  -68.569161979 -675605.2864   5  14   1.5187   1.5526   5.2867  -0.4868  -0.5859   1.9547   0.00    0.0
2014/06/13 20:59:30.002   68.101793198  -68.604358632 -669452.7432   5  14   1.5181   1.5521   5.2618  -0.4871  -0.5982   1.9480   0.00    0.0
2014/06/13 21:00:00.000   63.186692835  -69.752488882 67050.2979   5  12   2.0583   1.7661   5.7527  -0.6422  -0.8621   2.3435   0.00    0.0
2014/06/13 21:00:30.000   63.176280969  -69.749656954 63179.4571   5  12   2.0576   1.7666   5.7337  -0.6511  -0.8817   2.3361   0.00    0.0
2014/06/13 21:01:00.000   63.165890891  -69.746588682 59318.8093   5  12   2.0569   1.7672   5.7141  -0.6598  -0.9006   2.3285   0.00    0.0
2014/06/13 21:01:30.000   63.155535795  -69.743295750 55473.6098   5  12   2.0562   1.7678   5.6939  -0.6684  -0.9187   2.3206   0.00    0.0
2014/06/13 21:02:00.000   63.145225335  -69.739780702 51648.8892   5  12   2.0554   1.7684   5.6732  -0.6768  -0.9362   2.3125   0.00    0.0
2014/06/13 21:02:30.000   63.134954962  -69.736041566 47845.6790   5  12   2.0547   1.7691   5.6521  -0.6850  -0.9531   2.3042   0.00    0.0
2014/06/13 21:03:00.000   63.124733421  -69.732084640 44068.9358   5  12   2.0539   1.7698   5.6304  -0.6931  -0.9694   2.2957   0.00    0.0
2014/06/13 21:03:30.000   63.114570670  -69.727923761 40322.7691   5  12   2.0532   1.7705   5.6083  -0.7010  -0.9851   2.2870   0.00    0.0
2014/06/13 21:04:00.000   63.104473970  -69.723545678 36607.9062   5  12   2.0524   1.7713   5.5858  -0.7087  -1.0002   2.2781   0.00    0.0
2014/06/13 21:04:30.000   63.094834606  -69.718271016 32908.1149   5  12   2.0517   1.7722   5.5629  -0.7161  -1.0150   2.2689   0.00    0.0
2014/06/13 21:05:00.000   63.085323556  -69.712733835 29249.6602   5  12   2.0510   1.7732   5.5396  -0.7234  -1.0292   2.2595   0.00    0.0
2014/06/13 21:05:30.000   63.075907284  -69.707001451 25634.7611   5  12   2.0504   1.7741   5.5159  -0.7305  -1.0428   2.2500   0.00    0.0
2014/06/13 21:06:00.000   63.066593446  -69.701076267 22068.5845   5  12   2.0497   1.7751   5.4920  -0.7375  -1.0560   2.2404   0.00    0.0
2014/06/13 21:06:30.000   63.057377121  -69.694964713 18551.4044   5  12   2.0491   1.7762   5.4677  -0.7444  -1.0687   2.2305   0.00    0.0
2014/06/13 21:07:00.000   63.048275191  -69.688677756 15085.8890   5  12   2.0484   1.7773   5.4431  -0.7511  -1.0810   2.2206   0.00    0.0
2014/06/13 21:07:30.000   63.039281167  -69.682222130 11674.0296   5  12   2.0478   1.7784   5.4183  -0.7577  -1.0927   2.2105   0.00    0.0
2014/06/13 21:08:00.000   63.030400246  -69.675596990  8313.7391   5  12   2.0472   1.7796   5.3932  -0.7641  -1.1041   2.2003   0.00    0.0
2014/06/13 21:08:30.000   63.021635849  -69.668814884  5011.2938   5  12   2.0466   1.7808   5.3680  -0.7705  -1.1150   2.1900   0.00    0.0
2014/06/13 21:09:00.000   63.012997616  -69.661881370  1767.2305   5  12   2.0461   1.7820   5.3425  -0.7767  -1.1255   2.1796   0.00    0.0
2014/06/13 21:13:00.000   63.046802521  -69.354075310 27226.9154   5  13   2.0012   1.7349   4.8097  -0.9269  -1.5021   1.9081   0.00    0.0
2014/06/13 21:13:30.000   63.038358428  -69.341178233 23913.8879   5  13   2.0027   1.7355   4.7962  -0.9307  -1.5047   1.9042   0.00    0.0
2014/06/13 21:14:00.000   63.029966405  -69.328216633 20624.7218   5  13   2.0041   1.7360   4.7825  -0.9343  -1.5070   1.9001   0.00    0.0
2014/06/13 21:14:30.000   63.021627851  -69.315198776 17358.5728   5  13   2.0056   1.7365   4.7686  -0.9379  -1.5090   1.8959   0.00    0.0
2014/06/13 21:15:00.000   63.013345703  -69.302128083 14118.3753   5  13   2.0071   1.7370   4.7544  -0.9413  -1.5108   1.8916   0.00    0.0
2014/06/13 21:15:30.000   63.005124423  -69.289022234 10906.0004   5  13   2.0086   1.7375   4.7400  -0.9447  -1.5124   1.8872   0.00    0.0
2014/06/13 21:16:00.000   62.996969413  -69.275904868  7720.2502   5  13   2.0101   1.7380   4.7254  -0.9480  -1.5137   1.8826   0.00    0.0
2014/06/13 21:16:30.000   62.988887106  -69.262753621  4569.0227   5  13   2.0117   1.7386   4.7107  -0.9512  -1.5147   1.8780   0.00    0.0
2014/06/13 21:18:30.000   62.720509373  -69.207781701 -91105.1138   5  11   2.1127   1.7473   5.0105  -1.1523  -1.4805   2.2617   0.00    0.0
2014/06/13 21:19:00.000   62.709380063  -69.194240577 -94934.0596   5  11   2.1114   1.7469   4.9955  -1.1526  -1.4774   2.2545   0.00    0.0
2014/06/13 21:19:30.000   62.698517326  -69.180929191 -98666.9072   5  11   2.1099   1.7464   4.9799  -1.1527  -1.4739   2.2467   0.00    0.0
2014/06/13 21:20:00.000   62.687937121  -69.167842074 -102299.6481   5  11   2.1084   1.7459   4.9636  -1.1528  -1.4701   2.2385   0.00    0.0
2014/06/13 21:20:30.000   62.677640962  -69.154998411 -105833.0604   5  11   2.1067   1.7454   4.9468  -1.1526  -1.4659   2.2299   0.00    0.0
2014/06/13 21:21:00.000   62.667635333  -69.142415407 -109263.5955   5  11   2.1049   1.7449   4.9293  -1.1524  -1.4614   2.2209   0.00    0.0
2014/06/13 21:21:30.000   62.657935519  -69.130080043 -112587.3365   5  11   2.1030   1.7443   4.9113  -1.1520  -1.4566   2.2114   0.00    0.0
2014/06/13 21:22:00.000   62.648538381  -69.118017220 -115804.1364   5  11   2.1010   1.7438   4.8928  -1.1516  -1.4515   2.2015   0.00    0.0
2014/06/13 21:22:30.000   62.639453261  -69.106224639 -118910.3863   5  11   2.0989   1.7432   4.8738  -1.1510  -1.4461   2.1913   0.00    0.0
2014/06/13 21:23:00.000   62.630688097  -69.094694057 -121908.0991   5  11   2.0966   1.7426   4.8543  -1.1503  -1.4404   2.1806   0.00    0.0
2014/06/13 21:24:00.000   62.637394397  -69.111594996 -129067.2895   5  10   2.5771   2.1020   4.8983  -1.7583  -0.9879   1.8144   0.00    0.0
2014/06/13 21:24:30.000   62.629899614  -69.101554745 -131755.8901   5  10   2.5735   2.1025   4.8785  -1.7575  -0.9754   1.7996   0.00    0.0
2014/06/13 21:25:00.000   62.622802233  -69.091889130 -134338.3293   5  10   2.5698   2.1031   4.8584  -1.7567  -0.9624   1.7843   0.00    0.0
2014/06/13 21:25:30.000   62.616077291  -69.082596339 -136810.1819   5  10   2.5660   2.1036   4.8379  -1.7558  -0.9489   1.7686   0.00    0.0
2014/06/13 21:26:00.000   62.609729019  -69.073671269 -139174.0990   5  10   2.5621   2.1041   4.8171  -1.7549  -0.9349   1.7524   0.00    0.0
2014/06/13 21:26:30.000   62.603763751  -69.065132140 -141430.0405   5  10   2.5582   2.1046   4.7960  -1.7538  -0.9204   1.7358   0.00    0.0
2014/06/13 21:27:00.000   62.598174357  -69.056943409 -143579.2818   5  10   2.5543   2.1051   4.7746  -1.7528  -0.9054   1.7189   0.00    0.0
2014/06/13 21:27:30.000   62.592964252  -69.049140550 -145622.5214   5  10   2.5502   2.1056   4.7530  -1.7516  -0.8899   1.7015   0.00    0.0
2014/06/13 21:28:00.000   62.588113769  -69.041678565 -147559.4611   5  10   2.5462   2.1061   4.7312  -1.7505  -0.8739   1.6838   0.00    0.0
2014/06/13 21:28:30.000   62.583634634  -69.034580320 -149394.9983   5  10   2.5421   2.1066   4.7092  -1.7492  -0.8575   1.6657   0.00    0.0
2014/06/13 21:29:00.000   62.579519609  -69.027835729 -151125.7348   5  10   2.5379   2.1071   4.6870  -1.7480  -0.8406   1.6473   0.00    0.0
2014/06/13 21:29:30.000   62.575759696  -69.021423192 -152757.6789   5  10   2.5338   2.1076   4.6646  -1.7467  -0.8232   1.6285   0.00    0.0
2014/06/13 21:30:00.000   62.572346427  -69.015366462 -154290.1378   5  10   2.5296   2.1081   4.6420  -1.7454  -0.8054   1.6095   0.00    0.0
2014/06/13 21:30:30.000   62.569281731  -69.009633325 -155725.1214   5  10   2.5254   2.1087   4.6194  -1.7440  -0.7870   1.5901   0.00    0.0
2014/06/13 21:31:00.000   62.566551079  -69.004208897 -157064.8063   5  10   2.5211   2.1092   4.5966  -1.7426  -0.7682   1.5704   0.00    0.0
2014/06/13 21:31:30.000   62.564156383  -68.999109660 -158312.3862   5  10   2.5169   2.1097   4.5738  -1.7412  -0.7489   1.5505   0.00    0.0
2014/06/13 21:32:00.000   62.562087645  -68.994324552 -159468.2567   5  10   2.5127   2.1103   4.5509  -1.7398  -0.7291   1.5303   0.00    0.0
2014/06/13 21:32:30.000   62.560337832  -68.989832619 -160535.8502   5  10   2.5085   2.1109   4.5279  -1.7384  -0.7087   1.5099   0.00    0.0
2014/06/13 21:33:00.000   62.558888040  -68.985631841 -161516.8277   5  10   2.5043   2.1115   4.5049  -1.7370  -0.6878   1.4893   0.00    0.0
2014/06/13 21:33:30.000   62.557755154  -68.981696665 -162414.4247   5  10   2.5001   2.1121   4.4819  -1.7356  -0.6663   1.4684   0.00    0.0
2014/06/13 21:34:00.000   62.556907730  -68.978060706 -163229.0210   5  10   2.4959   2.1127   4.4589  -1.7341  -0.6442   1.4472   0.00    0.0
2014/06/13 21:35:00.000   62.485867221  -68.648266719 -195347.5811   5   9   2.5409   2.3366   4.8069  -1.8655  -1.5156   1.7029   0.00    0.0
2014/06/13 21:35:30.000   62.485362472  -68.641905331 -196138.2163   5   9   2.5364   2.3364   4.7816  -1.8632  -1.5015   1.6820   0.00    0.0
2014/06/13 21:36:00.000   62.485204165  -68.636010359 -196832.3651   5   9   2.5319   2.3361   4.7563  -1.8609  -1.4872   1.6607   0.00    0.0
2014/06/13 21:36:30.000   62.485358496  -68.630589245 -197426.4640   5   9   2.5275   2.3359   4.7309  -1.8585  -1.4727   1.6393   0.00    0.0
2014/06/13 21:37:00.000   62.485830398  -68.625609729 -197928.0379   5   9   2.5230   2.3356   4.7054  -1.8561  -1.4580   1.6176   0.00    0.0
2014/06/13 21:37:30.000   62.486608548  -68.621066759 -198339.0642   5   9   2.5185   2.3353   4.6800  -1.8537  -1.4431   1.5957   0.00    0.0
2014/06/13 21:38:00.000   62.487681677  -68.616956763 -198662.0831   5   9   2.5141   2.3350   4.6545  -1.8513  -1.4280   1.5737   0.00    0.0
2014/06/13 21:38:30.000   62.489031399  -68.613241323 -198900.7827   5   9   2.5097   2.3347   4.6291  -1.8488  -1.4129   1.5515   0.00    0.0
2014/06/13 21:39:00.000   62.490663126  -68.609934424 -199058.6454   5   9   2.5054   2.3344   4.6037  -1.8464  -1.3975   1.5291   0.00    0.0
2014/06/13 21:39:30.000   62.492556022  -68.607009444 -199137.2116   5   9   2.5010   2.3341   4.5783  -1.8439  -1.3821   1.5065   0.00    0.0
2014/06/13 21:40:00.000   62.494706743  -68.604445842 -199141.7273   5   9   2.4968   2.3338   4.5530  -1.8414  -1.3665   1.4838   0.00    0.0
2014/06/13 21:40:30.000   62.497097299  -68.602248696 -199072.9035   5   9   2.4925   2.3335   4.5278  -1.8390  -1.3508   1.4609   0.00    0.0
2014/06/13 21:41:00.000   62.499729370  -68.600393457 -198935.7801   5   9   2.4883   2.3333   4.5027  -1.8365  -1.3351   1.4379   0.00    0.0
2014/06/13 21:41:30.000   62.502580266  -68.598865796 -198731.5769   5   9   2.4842   2.3330   4.4777  -1.8340  -1.3192   1.4148   0.00    0.0
2014/06/13 21:42:00.000   62.505653142  -68.597647375 -198464.5718   5   9   2.4801   2.3328   4.4528  -1.8316  -1.3032   1.3916   0.00    0.0
2014/06/13 21:42:30.000   62.508936522  -68.596735929 -198136.9082   5   9   2.4761   2.3325   4.4280  -1.8292  -1.2872   1.3682   0.00    0.0
2014/06/13 21:43:00.000   62.512411465  -68.596120245 -197750.9512   5   9   2.4721   2.3323   4.4034  -1.8267  -1.2711   1.3447   0.00    0.0
2014/06/13 21:43:30.000   62.516077643  -68.595767355 -197310.4453   5   9   2.4682   2.3321   4.3789  -1.8243  -1.2550   1.3212   0.00    0.0
2014/06/13 21:44:00.000   62.519930406  -68.595696160 -196816.8609   5   9   2.4644   2.3319   4.3545  -1.8219  -1.2388   1.2975   0.00    0.0
2014/06/13 21:44:30.000   62.523962468  -68.595880738 -196273.9629   5   9   2.4606   2.3317   4.3304  -1.8196  -1.2225   1.2737   0.00    0.0
2014/06/13 21:45:00.000   62.528141115  -68.596289708 -195682.5717   5   9   2.4569   2.3316   4.3064  -1.8172  -1.2063   1.2498   0.00    0.0
2014/06/13 21:45:30.000   62.532493527  -68.596924345 -195047.1531   5   9   2.4532   2.3315   4.2826  -1.8149  -1.1899   1.2257   0.00    0.0
2014/06/13 21:46:00.000   62.536988623  -68.597784698 -194368.3865   5   9   2.4497   2.3314   4.2590  -1.8126  -1.1736   1.2016   0.00    0.0
2014/06/13 21:46:30.000   62.541627637  -68.598855652 -193648.4599   5   9   2.4462   2.3313   4.2355  -1.8104  -1.1572   1.1774   0.00    0.0
2014/06/13 21:47:00.000   62.546406646  -68.600122165 -192891.8588   5   9   2.4428   2.3313   4.2123  -1.8081  -1.1408   1.1530   0.00    0.0
2014/06/13 21:47:30.000   62.551313425  -68.601570071 -192098.3978   5   9   2.4394   2.3312   4.1893  -1.8059  -1.1244   1.1285   0.00    0.0
2014/06/13 21:48:00.000   62.556337851  -68.603178131 -191271.0676   5   9   2.4362   2.3312   4.1665  -1.8038  -1.1080   1.1039   0.00    0.0
2014/06/13 21:48:30.000   62.561484463  -68.604974270 -190411.0800   5   9   2.4330   2.3313   4.1439  -1.8016  -1.0916   1.0792   0.00    0.0
2014/06/13 21:49:00.000   62.566733126  -68.606920153 -189521.3178   5   9   2.4299   2.3314   4.1216  -1.7995  -1.0751   1.0543   0.00    0.0
2014/06/13 21:49:30.000   62.572086969  -68.608989695 -188603.2979   5   9   2.4269   2.3315   4.0994  -1.7975  -1.0587   1.0293   0.00    0.0
2014/06/13 21:50:00.000   62.577535622  -68.611201512 -187660.2003   5   9   2.4240   2.3316   4.0775  -1.7954  -1.0422   1.0041   0.00    0.0
2014/06/13 21:52:00.000   62.790885428  -69.284289999 -146393.7404   5  10   2.2735   1.9915   3.7408  -1.4983   0.8982  -0.5267   0.00    0.0
2014/06/13 21:52:30.000   62.793272252  -69.279818277 -146481.5317   5  10   2.2731   1.9921   3.7292  -1.4988   0.8956  -0.5414   0.00    0.0
2014/06/13 21:53:00.000   62.795746877  -69.275338829 -146532.2819   5  10   2.2727   1.9928   3.7176  -1.4993   0.8930  -0.5555   0.00    0.0
2014/06/13 21:53:30.000   62.798293854  -69.270824233 -146548.2744   5  10   2.2725   1.9936   3.7060  -1.4998   0.8903  -0.5692   0.00    0.0
2014/06/13 21:54:00.000   62.800913621  -69.266294380 -146529.3056   5  10   2.2722   1.9944   3.6945  -1.5004   0.8876  -0.5823   0.00    0.0
2014/06/13 21:54:30.000   62.803618086  -69.261736260 -146476.6741   5  10   2.2720   1.9952   3.6829  -1.5010   0.8848  -0.5950   0.00    0.0
2014/06/13 21:55:00.000   62.806382219  -69.257148164 -146391.8488   5  10   2.2719   1.9961   3.6713  -1.5016   0.8820  -0.6074   0.00    0.0
2014/06/13 21:55:30.000   62.809216437  -69.252530390 -146273.1746   5  10   2.2719   1.9970   3.6598  -1.5022   0.8792  -0.6193   0.00    0.0
2014/06/13 21:56:00.000   62.009653957  -68.694929910 -79740.4370   5   9   4.1179   2.2617   4.4881  -2.4455   1.9049  -3.0608   0.00    0.0
2014/06/13 21:56:30.000   62.014355545  -68.687947168 -79738.1033   5   9   4.1315   2.2683   4.4855  -2.4579   1.9150  -3.0767   0.00    0.0
2014/06/13 21:57:00.000   62.019222691  -68.681072986 -79715.8415   5   9   4.1453   2.2750   4.4830  -2.4704   1.9250  -3.0925   0.00    0.0
2014/06/13 21:57:30.000   62.024252048  -68.674303536 -79674.9232   5   9   4.1591   2.2818   4.4805  -2.4830   1.9351  -3.1083   0.00    0.0
2014/06/13 21:58:00.000   62.029424995  -68.667641051 -79613.8168   5   9   4.1732   2.2887   4.4781  -2.4956   1.9452  -3.1241   0.00    0.0
2014/06/13 21:58:30.000   62.034778181  -68.661072962 -79536.7752   5   9   4.1873   2.2957   4.4758  -2.5083   1.9553  -3.1398   0.00    0.0
2014/06/13 21:59:00.000   62.040265611  -68.654617034 -79441.8525   5   9   4.2016   2.3027   4.4735  -2.5210   1.9655  -3.1555   0.00    0.0
2014/06/13 21:59:30.000   62.045910740  -68.648269390 -79330.5978   5   9   4.2161   2.3099   4.4713  -2.5338   1.9756  -3.1712   0.00    0.0
2014/06/13 22:00:00.000   63.755950131  -68.510509059    94.1320   5   7   5.8505   2.5131   4.9382  -2.8258   1.9891  -2.7387   0.00    0.0
2014/06/13 22:00:30.000   63.755940299  -68.510502913    94.2013   5   7   5.8780   2.5206   4.9389  -2.8430   1.9986  -2.7457   0.00    0.0
2014/06/13 22:01:00.000   63.755962405  -68.510505966    93.7031   5   7   5.9055   2.5282   4.9397  -2.8602   2.0081  -2.7525   0.00    0.0
2014/06/13 22:01:30.000   63.755935685  -68.510499596    93.8431   5   7   5.9331   2.5359   4.9407  -2.8775   2.0176  -2.7592   0.00    0.0
2014/06/13 22:02:00.000   63.755948601  -68.510500638    95.0068   5   7   5.9608   2.5437   4.9418  -2.8948   2.0271  -2.7658   0.00    0.0
2014/06/13 22:02:30.000   63.755937509  -68.510504731    95.1729   5   7   5.9885   2.5516   4.9431  -2.9122   2.0366  -2.7723   0.00    0.0
2014/06/13 22:03:00.000   63.755953735  -68.510508463    94.2589   5   7   6.0163   2.5596   4.9446  -2.9295   2.0462  -2.7787   0.00    0.0
2014/06/13 22:03:30.000   63.755945771  -68.510502676    93.6824   5   7   6.0440   2.5677   4.9462  -2.9469   2.0557  -2.7850   0.00    0.0
2014/06/13 22:04:00.000   63.755948185  -68.510508895    94.5487   5   7   6.0718   2.5759   4.9480  -2.9643   2.0653  -2.7911   0.00    0.0
2014/06/13 22:04:30.000   63.755938321  -68.510504656    94.1837   5   7   6.0996   2.5841   4.9500  -2.9816   2.0749  -2.7971   0.00    0.0
2014/06/13 22:05:00.000   63.755958791  -68.510511315    94.5836   5   7   6.1273   2.5925   4.9522  -2.9990   2.0845  -2.8030   0.00    0.0
2014/06/13 22:05:30.000   63.755947144  -68.510501963    93.9140   5   7   6.1550   2.6009   4.9545  -3.0164   2.0941  -2.8087   0.00    0.0
2014/06/13 22:06:00.000   63.755941197  -68.510503232    94.2627   5   7   6.1827   2.6095   4.9571  -3.0338   2.1038  -2.8142   0.00    0.0
2014/06/13 22:06:30.000   63.755957636  -68.510507388    94.6886   5   6  10.4804   2.6282   6.0909  -3.3551   1.9108   4.6795   0.00    0.0
2014/06/13 22:07:00.000   63.755958226  -68.510504706    93.8564   5   6  10.5867   2.6381   6.1235  -3.3917   1.9058   4.7651   0.00    0.0
2014/06/13 22:07:30.000   63.755968751  -68.510520023    95.0142   5   6   4.5919   2.3449   6.6941   1.6610   1.3985   4.4047   0.00    0.0
2014/06/13 22:08:00.000   63.755969260  -68.510518179    95.0457   5   6   4.6117   2.3428   6.7504   1.6637   1.4121   4.4469   0.00    0.0
2014/06/13 22:08:30.000   63.755973732  -68.510511315    94.9859   5   6   4.6319   2.3407   6.8078   1.6665   1.4260   4.4897   0.00    0.0
2014/06/13 22:09:00.000   63.755969103  -68.510510456    94.1951   5   6   4.6524   2.3387   6.8663   1.6695   1.4402   4.5332   0.00    0.0
2014/06/13 22:09:30.000   63.755970400  -68.510517735    94.5191   5   6   4.6733   2.3366   6.9259   1.6726   1.4546   4.5774   0.00    0.0
2014/06/13 22:10:00.000   63.755969246  -68.510516206    93.8199   5   6   4.6946   2.3347   6.9868   1.6759   1.4693   4.6222   0.00    0.0
2014/06/13 22:10:30.000   63.755974594  -68.510514233    94.9242   5   6   4.7163   2.3328   7.0488   1.6793   1.4843   4.6676   0.00    0.0
2014/06/13 22:11:00.000   63.755968217  -68.510510508    93.5540   5   6   4.7384   2.3309   7.1120   1.6828   1.4996   4.7138   0.00    0.0
2014/06/13 22:11:30.000   63.755970044  -68.510515429    94.7201   5   6   4.7608   2.3291   7.1764   1.6865   1.5151   4.7606   0.00    0.0
2014/06/13 22:12:00.000   63.755973540  -68.510513875    95.3774   5   6   4.7836   2.3273   7.2421   1.6904   1.5309   4.8082   0.00    0.0
2014/06/13 22:12:30.000   63.755962866  -68.510510237    93.3939   5   6   4.8069   2.3256   7.3090   1.6943   1.5470   4.8564   0.00    0.0
2014/06/13 22:13:00.000   63.755965812  -68.510509783    92.3661   5   6   4.8305   2.3239   7.3772   1.6985   1.5634   4.9053   0.00    0.0
2014/06/13 22:13:30.000   63.755962657  -68.510510174    93.1663   5   6   4.8545   2.3222   7.4467   1.7028   1.5802   4.9549   0.00    0.0
2014/06/13 22:14:00.000   63.755970444  -68.510515475    94.6617   5   6   4.8788   2.3206   7.5175   1.7072   1.5972   5.0053   0.00    0.0
2014/06/13 22:14:30.000   63.755962898  -68.510513959    93.9726   5   6   4.9036   2.3191   7.5896   1.7118   1.6145   5.0564   0.00    0.0
2014/06/13 22:15:00.000   63.755966140  -68.510517443    93.6869   5   6   4.9288   2.3175   7.6630   1.7166   1.6321   5.1081   0.00    0.0
2014/06/13 22:15:30.000   63.755961600  -68.510515872    93.3299   5   6   4.9543   2.3161   7.7378   1.7215   1.6501   5.1607   0.00    0.0
2014/06/13 22:16:00.000   63.755965978  -68.510513273    93.7126   5   6   4.9802   2.3146   7.8140   1.7266   1.6684   5.2139   0.00    0.0
2014/06/13 22:16:30.000   63.755965913  -68.510516149    93.0960   5   6   5.0065   2.3133   7.8915   1.7319   1.6870   5.2679   0.00    0.0
2014/06/13 22:17:00.000   63.755971604  -68.510519569    94.7115   5   6   5.0332   2.3119   7.9704   1.7373   1.7059   5.3226   0.00    0.0
2014/06/13 22:17:30.000   63.755965696  -68.510517401    93.5645   5   6   5.0602   2.3106   8.0507   1.7429   1.7251   5.3780   0.00    0.0
2014/06/13 22:18:00.000   63.755966843  -68.510516115    93.4936   5   6   5.0876   2.3094   8.1324   1.7486   1.7447   5.4341   0.00    0.0
2014/06/13 22:18:30.000   63.755963670  -68.510517197    92.9239   5   6   5.1154   2.3082   8.2156   1.7546   1.7646   5.4910   0.00    0.0
2014/06/13 22:19:00.000   63.755967690  -68.510515716    93.6316   5   6   5.1435   2.3071   8.3001   1.7607   1.7849   5.5485   0.00    0.0
2014/06/13 22:19:30.000   63.755971248  -68.510513168    94.1142   5   6   5.1720   2.3059   8.3860   1.7670   1.8054   5.6068   0.00    0.0
2014/06/13 22:20:00.000   63.755962220  -68.510512333    92.7520   5   6   5.2008   2.3049   8.4733   1.7734   1.8264   5.6657   0.00    0.0
2014/06/13 22:20:30.000   63.755961565  -68.510512000    93.0903   5   6   5.2299   2.3039   8.5621   1.7800   1.8476   5.7253   0.00    0.0
2014/06/13 22:21:00.000   63.755967871  -68.510514059    94.0377   5   6   5.2593   2.3029   8.6522   1.7868   1.8692   5.7856   0.00    0.0
2014/06/13 22:21:30.000   63.755974802  -68.510518272    94.5896   5   6   5.2891   2.3020   8.7437   1.7938   1.8911   5.8466   0.00    0.0
2014/06/13 22:22:00.000   63.755975105  -68.510515909    94.9043   5   6   5.3191   2.3011   8.8366   1.8009   1.9133   5.9081   0.00    0.0
2014/06/13 22:22:30.000   63.755969904  -68.510511106    93.1040   5   6   5.3494   2.3003   8.9308   1.8082   1.9358   5.9703   0.00    0.0
2014/06/13 22:23:00.000   63.755976499  -68.510513664    94.7162   5   6   5.3799   2.2996   9.0264   1.8157   1.9587   6.0330   0.00    0.0
2014/06/13 22:23:30.000   63.755975530  -68.510514406    95.7449   5   6   5.4106   2.2988   9.1232   1.8233   1.9819   6.0962   0.00    0.0
2014/06/13 22:24:00.000   63.755969173  -68.510510225    94.0311   5   6   5.4415   2.2982   9.2213   1.8311   2.0054   6.1600   0.00    0.0
2014/06/13 22:24:30.000   63.755973762  -68.510511651    93.9256   5   6   5.4726   2.2975   9.3207   1.8390   2.0292   6.2243   0.00    0.0
2014/06/13 22:25:00.000   63.755966664  -68.510514526    92.5192   5   6   5.5039   2.2970   9.4213   1.8471   2.0533   6.2890   0.00    0.0
2014/06/13 22:25:30.000   63.755962125  -68.510506084    92.0749   5   6   5.5352   2.2964   9.5229   1.8553   2.0777   6.3540   0.00    0.0
2014/06/13 22:26:00.000   63.755972657  -68.510511454    94.7539   5   6   5.5667   2.2960   9.6257   1.8637   2.1023   6.4194   0.00    0.0
2014/06/13 22:26:30.000   63.755979195  -68.510514226    95.4743   5   6   5.5981   2.2955   9.7295   1.8721   2.1272   6.4851   0.00    0.0
2014/06/13 22:27:00.000   63.755974835  -68.510513981    94.2680   5   6   5.6296   2.2952   9.8343   1.8807   2.1524   6.5511   0.00    0.0
2014/06/13 22:27:30.000   63.755972838  -68.510508353    95.1788   5   6   5.6610   2.2948   9.9399   1.8894   2.1778   6.6171   0.00    0.0
2014/06/13 22:28:00.000   63.755970892  -68.510509861    94.9593   5   7   3.4026   2.2840   5.6717   1.6123   1.7410   2.6126   0.00    0.0
2014/06/13 22:28:30.000   63.755966347  -68.510507922    93.5297   5   7   3.3999   2.2832   5.6983   1.6114   1.7522   2.6196   0.00    0.0
2014/06/13 22:29:00.000   63.755968192  -68.510505154    94.2266   5   7   3.3972   2.2824   5.7253   1.6104   1.7634   2.6268   0.00    0.0
2014/06/13 22:29:30.000   63.755973040  -68.510504129    94.8335   5   7   3.3945   2.2816   5.7527   1.6094   1.7748   2.6342   0.00    0.0
2014/06/13 22:30:00.000   63.755973037  -68.510507771    94.5234   5   7   3.3919   2.2809   5.7806   1.6085   1.7863   2.6418   0.00    0.0
2014/06/13 22:30:30.000   63.755971225  -68.510505563    94.5918   5   7   3.3893   2.2802   5.8088   1.6075   1.7979   2.6496   0.00    0.0
2014/06/13 22:31:00.000   63.755967925  -68.510508415    93.6493   5   7   3.3868   2.2795   5.8374   1.6065   1.8096   2.6576   0.00    0.0
2014/06/13 22:31:30.000   63.755967388  -68.510505300    94.5260   5   7   3.3843   2.2788   5.8664   1.6055   1.8214   2.6658   0.00    0.0
2014/06/13 22:32:00.000   63.755972835  -68.510510328    94.8494   5   7   3.3819   2.2782   5.8958   1.6045   1.8333   2.6742   0.00    0.0
2014/06/13 22:32:30.000   63.755972509  -68.510507248    94.8469   5   7   3.3795   2.2776   5.9256   1.6035   1.8453   2.6828   0.00    0.0
2014/06/13 22:33:00.000   63.755972356  -68.510505775    94.4613   5   7   3.3771   2.2770   5.9557   1.6025   1.8574   2.6915   0.00    0.0
2014/06/13 22:33:30.000   63.755973035  -68.510508665    95.9796   5   7   3.3748   2.2765   5.9863   1.6015   1.8697   2.7005   0.00    0.0
2014/06/13 22:34:00.000   63.755969339  -68.510507071    93.8711   5   7   3.3726   2.2760   6.0173   1.6004   1.8820   2.7097   0.00    0.0
2014/06/13 22:34:30.000   63.755970356  -68.510508267    94.7955   5   7   3.3703   2.2755   6.0486   1.5994   1.8944   2.7190   0.00    0.0
2014/06/13 22:35:00.000   63.755968932  -68.510501650    94.4392   5   7   3.3681   2.2751   6.0803   1.5984   1.9069   2.7285   0.00    0.0
2014/06/13 22:35:30.000   63.755971568  -68.510501655    94.2473   5   7   3.3660   2.2747   6.1123   1.5973   1.9195   2.7382   0.00    0.0
2014/06/13 22:36:00.000   63.755970930  -68.510502248    94.1875   5   7   3.3639   2.2743   6.1448   1.5962   1.9322   2.7481   0.00    0.0
2014/06/13 22:36:30.000   63.755975114  -68.510500254    94.8893   5   7   3.3619   2.2739   6.1776   1.5952   1.9450   2.7581   0.00    0.0
2014/06/13 22:37:00.000   63.755977690  -68.510502988    96.3847   5   7   3.3598   2.2736   6.2107   1.5941   1.9578   2.7683   0.00    0.0
2014/06/13 22:37:30.000   63.755971935  -68.510503048    95.4459   5   7   3.3579   2.2733   6.2442   1.5930   1.9708   2.7787   0.00    0.0
2014/06/13 22:38:00.000   63.755970648  -68.510501787    95.3315   5   7   3.3559   2.2730   6.2780   1.5919   1.9838   2.7892   0.00    0.0
2014/06/13 22:38:30.000   63.755973962  -68.510501875    95.4325   5   7   3.3540   2.2727   6.3122   1.5908   1.9969   2.7999   0.00    0.0
2014/06/13 22:39:00.000   63.755975659  -68.510504961    95.5960   5   7   3.3522   2.2725   6.3467   1.5897   2.0100   2.8107   0.00    0.0
2014/06/13 22:39:30.000   63.755974458  -68.510499359    94.8129   5   7   3.3504   2.2723   6.3814   1.5886   2.0233   2.8217   0.00    0.0
2014/06/13 22:40:00.000   63.755973641  -68.510500376    94.7701   5   7   3.3486   2.2721   6.4165   1.5874   2.0366   2.8328   0.00    0.0
2014/06/13 22:40:30.000   63.755978471  -68.510495594    95.9323   5   7   3.3468   2.2719   6.4519   1.5863   2.0499   2.8441   0.00    0.0
2014/06/13 22:41:00.000   63.755975635  -68.510499520    95.3336   5   7   3.3451   2.2718   6.4876   1.5851   2.0633   2.8554   0.00    0.0
2014/06/13 22:41:30.000   63.755973233  -68.510495943    95.8152   5   7   3.3434   2.2717   6.5235   1.5839   2.0768   2.8669   0.00    0.0
2014/06/13 22:42:00.000   63.755973371  -68.510497212    94.8757   5   7   3.3418   2.2716   6.5596   1.5827   2.0903   2.8785   0.00    0.0
2014/06/13 22:42:30.000   63.755978758  -68.510501965    94.9644   5   7   3.3402   2.2715   6.5960   1.5815   2.1038   2.8902   0.00    0.0
2014/06/13 22:43:00.000   63.755972802  -68.510496429    94.8753   5   7   3.3386   2.2715   6.6327   1.5802   2.1173   2.9020   0.00    0.0
2014/06/13 22:43:30.000   63.755973092  -68.510501395    95.1754   5   7   3.3370   2.2715   6.6695   1.5789   2.1309   2.9139   0.00    0.0
2014/06/13 22:44:00.000   63.755973781  -68.510496131    95.2022   5   7   3.3355   2.2715   6.7065   1.5776   2.1445   2.9259   0.00    0.0
2014/06/13 22:44:30.000   63.755971878  -68.510498128    95.7211   5   7   3.3340   2.2715   6.7437   1.5763   2.1581   2.9379   0.00    0.0
2014/06/13 22:45:00.000   63.755972922  -68.510498620    95.2284   5   7   3.3325   2.2715   6.7810   1.5750   2.1717   2.9499   0.00    0.0
2014/06/13 22:45:30.000   63.755977496  -68.510500857    95.2656   5   7   3.3310   2.2715   6.8184   1.5736   2.1853   2.9620   0.00    0.0
2014/06/13 22:46:00.000   63.755977092  -68.510495733    96.1086   5   7   3.3295   2.2716   6.8559   1.5722   2.1988   2.9742   0.00    0.0
2014/06/13 22:46:30.000   63.755974548  -68.510498731    95.2788   5   7   3.3281   2.2717   6.8935   1.5707   2.2123   2.9863   0.00    0.0
2014/06/13 22:47:00.000   63.755977248  -68.510492627    96.5006   5   7   3.3267   2.2718   6.9312   1.5692   2.2258   2.9985   0.00    0.0
2014/06/13 22:47:30.000   63.755975610  -68.510495637    95.6364   5   7   3.3253   2.2719   6.9689   1.5677   2.2393   3.0107   0.00    0.0
2014/06/13 22:48:00.000   63.755979578  -68.510494063    95.7263   5   7   3.3239   2.2720   7.0066   1.5661   2.2527   3.0228   0.00    0.0
2014/06/13 22:48:30.000   63.755975655  -68.510491507    95.3915   5   7   3.3225   2.2721   7.0443   1.5644   2.2660   3.0349   0.00    0.0
2014/06/13 22:49:00.000   63.755975663  -68.510495253    94.8010   5   7   3.3211   2.2722   7.0819   1.5628   2.2792   3.0469   0.00    0.0
2014/06/13 22:49:30.000   63.755976840  -68.510489217    96.4671   5   7   3.3197   2.2723   7.1194   1.5610   2.2923   3.0589   0.00    0.0
2014/06/13 22:50:00.000   63.755978506  -68.510491150    95.9968   5   7   3.3183   2.2725   7.1568   1.5592   2.3054   3.0708   0.00    0.0
2014/06/13 22:50:30.000   63.755978079  -68.510492655    96.1854   5   7   3.3169   2.2726   7.1940   1.5573   2.3183   3.0826   0.00    0.0
2014/06/13 22:51:00.000   63.755979336  -68.510498769    96.2138   5   7   3.3155   2.2728   7.2311   1.5554   2.3310   3.0943   0.00    0.0
2014/06/13 22:51:30.000   63.755980709  -68.510490781    97.6869   5   7   3.3141   2.2729   7.2679   1.5534   2.3437   3.1059   0.00    0.0
2014/06/13 22:52:00.000   63.755979174  -68.510498222    96.3817   5   7   3.3127   2.2730   7.3044   1.5513   2.3562   3.1173   0.00    0.0
2014/06/13 22:52:30.000   63.755977239  -68.510490926    95.9226   5   7   3.3112   2.2731   7.3407   1.5492   2.3685   3.1285   0.00    0.0
2014/06/13 22:53:00.000   63.755978321  -68.510491496    96.8523   5   7   3.3098   2.2733   7.3766   1.5469   2.3806   3.1396   0.00    0.0
2014/06/13 22:53:30.000   63.755978695  -68.510496172    96.5671   5   7   3.3083   2.2734   7.4122   1.5446   2.3925   3.1505   0.00    0.0
2014/06/13 22:54:00.000   63.755982621  -68.510490729    96.7510   5   7   3.3068   2.2735   7.4473   1.5421   2.4042   3.1611   0.00    0.0
2014/06/13 22:54:30.000   63.755982969  -68.510498361    96.6253   5   7   3.3052   2.2735   7.4820   1.5396   2.4157   3.1715   0.00    0.0
2014/06/13 22:55:00.000   63.755981707  -68.510493365    96.2921   5   7   3.3036   2.2736   7.5162   1.5369   2.4269   3.1816   0.00    0.0
2014/06/13 22:55:30.000   63.755979765  -68.510499717    95.4251   5   7   3.3020   2.2737   7.5498   1.5342   2.4378   3.1915   0.00    0.0
2014/06/13 22:56:00.000   63.755984044  -68.510497333    96.9744   5   7   3.3003   2.2737   7.5829   1.5313   2.4485   3.2010   0.00    0.0
2014/06/13 22:56:30.000   63.755980563  -68.510490847    97.0950   5   7   3.2986   2.2737   7.6153   1.5283   2.4589   3.2102   0.00    0.0
2014/06/13 22:57:00.000   63.755980093  -68.510492767    96.2675   5   7   3.2968   2.2736   7.6470   1.5251   2.4689   3.2191   0.00    0.0
2014/06/13 22:57:30.000   63.755979043  -68.510491814    96.0418   5   7   3.2950   2.2736   7.6780   1.5219   2.4787   3.2276   0.00    0.0
2014/06/13 22:58:00.000   63.755980988  -68.510493997    96.4693   5   7   3.2931   2.2735   7.7083   1.5184   2.4881   3.2358   0.00    0.0
2014/06/13 22:58:30.000   63.755984483  -68.510488452    97.1398   5   7   3.2912   2.2734   7.7377   1.5149   2.4971   3.2435   0.00    0.0
2014/06/13 22:59:00.000   63.755979435  -68.510497875    96.1541   5   7   3.2892   2.2732   7.7663   1.5111   2.5058   3.2508   0.00    0.0
2014/06/13 22:59:30.000   63.755981019  -68.510501585    96.6002   5   7   3.2871   2.2730   7.7940   1.5073   2.5140   3.2577   0.00    0.0
2014/06/13 23:00:00.000   63.755979104  -68.510494234    95.9774   5   7   3.2849   2.2728   7.8207   1.5032   2.5219   3.2641   0.00    0.0
2014/06/13 23:00:30.000   63.755981933  -68.510487058    97.3498   5   7   3.2827   2.2725   7.8465   1.4990   2.5293   3.2700   0.00    0.0
2014/06/13 23:01:00.000   63.755983819  -68.510494532    96.9793   5   7   3.2804   2.2722   7.8712   1.4946   2.5363   3.2755   0.00    0.0
2014/06/13 23:01:30.000   63.755979876  -68.510497799    97.7215   5   7   3.2780   2.2718   7.8948   1.4900   2.5429   3.2804   0.00    0.0
2014/06/13 23:02:00.000   63.755978139  -68.510506768    96.8452   5   7   3.2755   2.2714   7.9173   1.4852   2.5490   3.2848   0.00    0.0
2014/06/13 23:02:30.000   63.755979712  -68.510496617    96.6146   5   7   3.2729   2.2710   7.9387   1.4802   2.5546   3.2886   0.00    0.0
2014/06/13 23:03:00.000   63.755979574  -68.510495889    96.7295   5   7   3.2703   2.2704   7.9588   1.4751   2.5597   3.2918   0.00    0.0
2014/06/13 23:03:30.000   63.755981127  -68.510497706    97.4659   5   7   3.2675   2.2699   7.9778   1.4697   2.5643   3.2945   0.00    0.0
2014/06/13 23:04:00.000   63.755980281  -68.510497648    96.6799   5   7   3.2647   2.2692   7.9955   1.4641   2.5684   3.2966   0.00    0.0
2014/06/13 23:04:30.000   63.755982946  -68.510495034    97.1121   5   7   3.2617   2.2685   8.0118   1.4583   2.5719   3.2980   0.00    0.0
2014/06/13 23:05:00.000   63.755978094  -68.510499362    97.1711   5   7   3.2590   2.2678   8.0274   1.4522   2.5749   3.2995   0.00    0.0
2014/06/13 23:05:30.000   63.755979237  -68.510498211    96.6754   5   7   3.2564   2.2670   8.0422   1.4459   2.5774   3.3010   0.00    0.0
2014/06/13 23:06:00.000   63.755977914  -68.510499476    97.4190   5   8   3.0328   2.2652   7.5357   1.4657   2.5433   3.7758   0.00    0.0
2014/06/13 23:06:30.000   63.755979196  -68.510500620    97.6977   5   8   3.0303   2.2641   7.5463   1.4616   2.5409   3.7763   0.00    0.0
2014/06/13 23:07:00.000   63.755978297  -68.510499884    96.6949   5   8   3.0274   2.2629   7.5555   1.4573   2.5380   3.7761   0.00    0.0
2014/06/13 23:07:30.000   63.755977483  -68.510499982    97.5039   5   8   3.0244   2.2616   7.5635   1.4527   2.5346   3.7752   0.00    0.0
2014/06/13 23:08:00.000   63.755979668  -68.510495969    97.7886   5   8   3.0212   2.2603   7.5701   1.4478   2.5305   3.7735   0.00    0.0
2014/06/13 23:08:30.000   63.755976156  -68.510491515    97.1834   5   8   3.0177   2.2589   7.5754   1.4427   2.5260   3.7712   0.00    0.0
2014/06/13 23:09:00.000   63.755978842  -68.510495504    97.2694   5   8   3.0140   2.2574   7.5794   1.4373   2.5209   3.7681   0.00    0.0
2014/06/13 23:09:30.000   63.755977994  -68.510497130    98.0063   5   8   3.0101   2.2558   7.5820   1.4317   2.5152   3.7643   0.00    0.0
2014/06/13 23:10:00.000   63.755981013  -68.510484904    98.7515   5   8   3.0060   2.2542   7.5832   1.4257   2.5090   3.7598   0.00    0.0
2014/06/13 23:10:30.000   63.755981825  -68.510492300    98.9227   5   8   3.0016   2.2525   7.5831   1.4196   2.5022   3.7546   0.00    0.0
2014/06/13 23:11:00.000   63.755979382  -68.510493793    99.1785   5   8   2.9971   2.2507   7.5817   1.4131   2.4949   3.7487   0.00    0.0
2014/06/13 23:11:30.000   63.755980962  -68.510488428    97.6355   5   8   2.9924   2.2489   7.5789   1.4065   2.4870   3.7421   0.00    0.0
2014/06/13 23:12:00.000   63.755980235  -68.510488290    98.6479   5   8   2.9874   2.2470   7.5748   1.3995   2.4786   3.7348   0.00    0.0
2014/06/13 23:12:30.000   63.755977075  -68.510489694    98.4854   5   8   2.9823   2.2451   7.5694   1.3924   2.4697   3.7268   0.00    0.0
2014/06/13 23:13:00.000   63.755977067  -68.510488769    97.9656   5   8   2.9769   2.2431   7.5627   1.3849   2.4602   3.7181   0.00    0.0
2014/06/13 23:13:30.000   63.755981714  -68.510491489    97.3566   5   8   2.9714   2.2410   7.5547   1.3773   2.4503   3.7087   0.00    0.0
2014/06/13 23:14:00.000   63.755977539  -68.510489225    97.8992   5   8   2.9657   2.2389   7.5454   1.3694   2.4398   3.6988   0.00    0.0
2014/06/13 23:14:30.000   63.755977210  -68.510492330    97.1893   5   8   2.9598   2.2367   7.5349   1.3612   2.4288   3.6881   0.00    0.0
2014/06/13 23:15:00.000   63.755977202  -68.510489050    97.9961   5   8   2.9538   2.2345   7.5232   1.3529   2.4174   3.6769   0.00    0.0
2014/06/13 23:15:30.000   63.755976919  -68.510493413    97.8111   5   8   2.9476   2.2323   7.5102   1.3443   2.4054   3.6650   0.00    0.0
2014/06/13 23:16:00.000   63.755976258  -68.510497084    97.6531   5   8   2.9412   2.2300   7.4961   1.3355   2.3930   3.6525   0.00    0.0
2014/06/13 23:16:30.000   63.755974268  -68.510492859    96.8601   5   8   2.9348   2.2277   7.4808   1.3265   2.3801   3.6395   0.00    0.0
2014/06/13 23:17:00.000   63.755976671  -68.510492324    96.5981   5   8   2.9281   2.2253   7.4644   1.3173   2.3668   3.6259   0.00    0.0
2014/06/13 23:17:30.000   63.755975822  -68.510489249    96.9291   5   8   2.9214   2.2229   7.4469   1.3079   2.3531   3.6118   0.00    0.0
2014/06/13 23:18:00.000   63.755973105  -68.510497914    96.0908   5   8   2.9145   2.2205   7.4284   1.2984   2.3390   3.5971   0.00    0.0
2014/06/13 23:18:30.000   63.755975808  -68.510488607    96.5076   5   8   2.9075   2.2181   7.4088   1.2886   2.3244   3.5819   0.00    0.0
2014/06/13 23:19:00.000   63.755979536  -68.510492295    96.3528   5   8   2.9005   2.2156   7.3882   1.2787   2.3094   3.5663   0.00    0.0
2014/06/13 23:19:30.000   63.755975797  -68.510489605    97.3050   5   8   2.8933   2.2131   7.3667   1.2686   2.2941   3.5502   0.00    0.0
2014/06/13 23:20:00.000   63.755977964  -68.510484750    97.9940   5   8   2.8860   2.2107   7.3443   1.2583   2.2784   3.5336   0.00    0.0
2014/06/13 23:20:30.000   63.755974988  -68.510480161    97.2190   5   8   2.8787   2.2082   7.3210   1.2479   2.2624   3.5167   0.00    0.0
2014/06/13 23:21:00.000   63.755973875  -68.510483750    95.8613   5   8   2.8713   2.2057   7.2968   1.2373   2.2460   3.4993   0.00    0.0
2014/06/13 23:21:30.000   63.755977869  -68.510493653    95.7739   5   8   2.8638   2.2031   7.2719   1.2266   2.2293   3.4815   0.00    0.0
2014/06/13 23:22:00.000   63.755973786  -68.510482519    96.6728   5   8   2.8563   2.2006   7.2461   1.2158   2.2123   3.4634   0.00    0.0
2014/06/13 23:22:30.000   63.755968837  -68.510491038    94.6976   5   9   2.2382   1.9190   5.4416  -0.6615  -0.5182   1.8725   0.00    0.0
2014/06/13 23:23:00.000   63.755970257  -68.510495285    95.8664   5   9   2.2362   1.9179   5.4425  -0.6694  -0.5334   1.8702   0.00    0.0
2014/06/13 23:23:30.000   63.755970844  -68.510494265    95.1464   5   9   2.2342   1.9169   5.4433  -0.6771  -0.5477   1.8680   0.00    0.0
2014/06/13 23:24:00.000   63.755967944  -68.510492986    94.0611   5   9   2.2323   1.9159   5.4440  -0.6846  -0.5611   1.8660   0.00    0.0
2014/06/13 23:24:30.000   63.755970764  -68.510495420    95.7434   5   9   2.2306   1.9149   5.4445  -0.6919  -0.5739   1.8641   0.00    0.0
2014/06/13 23:25:00.000   63.755975360  -68.510490100    95.5900   5   9   2.2291   1.9140   5.4449  -0.6991  -0.5859   1.8624   0.00    0.0
2014/06/13 23:25:30.000   63.755970871  -68.510495028    95.1819   5   9   2.2276   1.9130   5.4451  -0.7060  -0.5973   1.8608   0.00    0.0
2014/06/13 23:26:00.000   63.755968158  -68.510499474    96.1595   5   9   2.2262   1.9121   5.4452  -0.7128  -0.6080   1.8593   0.00    0.0
2014/06/13 23:26:30.000   63.755971826  -68.510490975    96.3813   5   9   2.2249   1.9112   5.4451  -0.7195  -0.6182   1.8579   0.00    0.0
2014/06/13 23:27:00.000   63.755965820  -68.510498670    94.7216   5   9   2.2237   1.9104   5.4449  -0.7260  -0.6279   1.8567   0.00    0.0
2014/06/13 23:27:30.000   63.755968875  -68.510495856    95.5254   5   9   2.2225   1.9096   5.4444  -0.7324  -0.6371   1.8556   0.00    0.0
2014/06/13 23:28:00.000   63.755972153  -68.510491170    95.6948   5   9   2.2214   1.9087   5.4438  -0.7386  -0.6457   1.8547   0.00    0.0
2014/06/13 23:28:30.000   63.755966164  -68.510500475    96.1167   5   9   2.2204   1.9080   5.4431  -0.7447  -0.6540   1.8538   0.00    0.0
2014/06/13 23:29:00.000   63.755970685  -68.510489399    96.1322   5   9   2.2195   1.9072   5.4421  -0.7507  -0.6618   1.8531   0.00    0.0
2014/06/13 23:29:30.000   63.755969216  -68.510495306    95.7336   5   9   2.2186   1.9065   5.4410  -0.7565  -0.6691   1.8524   0.00    0.0
2014/06/13 23:30:00.000   63.755972997  -68.510492421    95.7795   5   9   2.2178   1.9057   5.4397  -0.7623  -0.6761   1.8519   0.00    0.0
2014/06/13 23:30:30.000   63.755970930  -68.510495950    95.0505   5   9   2.2171   1.9050   5.4382  -0.7679  -0.6827   1.8515   0.00    0.0
2014/06/13 23:31:00.000   63.755969830  -68.510503510    95.6997   5   9   2.2165   1.9044   5.4365  -0.7734  -0.6890   1.8512   0.00    0.0
2014/06/13 23:31:30.000   63.755967479  -68.510499106    95.3430   5   9   2.2159   1.9037   5.4347  -0.7788  -0.6949   1.8510   0.00    0.0
2014/06/13 23:32:00.000   63.755966693  -68.510498396    95.5489   5  10   2.0726   1.8379   4.9680  -1.0007  -1.2555   1.3060   0.00    0.0
2014/06/13 23:32:30.000   63.755962218  -68.510497916    95.0687   5  10   2.0725   1.8370   4.9721  -1.0050  -1.2565   1.3112   0.00    0.0
2014/06/13 23:33:00.000   63.755966085  -68.510498328    96.0177   5  10   2.0725   1.8361   4.9760  -1.0092  -1.2573   1.3166   0.00    0.0
2014/06/13 23:33:30.000   63.755965891  -68.510498625    95.9499   5  10   2.0725   1.8352   4.9799  -1.0134  -1.2579   1.3222   0.00    0.0
2014/06/13 23:34:00.000   63.755967332  -68.510501259    96.2228   5  10   2.0726   1.8344   4.9836  -1.0175  -1.2582   1.3280   0.00    0.0
2014/06/13 23:34:30.000   63.755963806  -68.510495037    95.3364   5  10   2.0728   1.8335   4.9872  -1.0215  -1.2584   1.3340   0.00    0.0
2014/06/13 23:35:00.000   63.755965667  -68.510500588    95.7126   5  10   2.0731   1.8327   4.9906  -1.0256  -1.2584   1.3402   0.00    0.0
2014/06/13 23:35:30.000   63.755968823  -68.510494339    95.6482   5  10   2.0734   1.8319   4.9940  -1.0295  -1.2582   1.3465   0.00    0.0
2014/06/13 23:36:00.000   63.755964539  -68.510503521    95.0431   5  10   2.0739   1.8311   4.9971  -1.0334  -1.2579   1.3530   0.00    0.0
2014/06/13 23:36:30.000   63.755964567  -68.510499175    95.3714   5  10   2.0744   1.8303   5.0002  -1.0373  -1.2573   1.3597   0.00    0.0
2014/06/13 23:37:00.000   63.755965607  -68.510504232    96.0911   5  10   2.0749   1.8296   5.0031  -1.0411  -1.2566   1.3666   0.00    0.0
2014/06/13 23:37:30.000   63.755965311  -68.510497400    95.2259   5  10   2.0756   1.8288   5.0058  -1.0449  -1.2558   1.3736   0.00    0.0
2014/06/13 23:38:00.000   63.755966095  -68.510504853    96.2972   5  10   2.0763   1.8281   5.0084  -1.0487  -1.2547   1.3807   0.00    0.0
2014/06/13 23:38:30.000   63.755963594  -68.510502314    95.6118   5  10   2.0771   1.8274   5.0108  -1.0523  -1.2535   1.3880   0.00    0.0
2014/06/13 23:39:00.000   63.755962361  -68.510493094    95.6735   5  10   2.0780   1.8267   5.0131  -1.0560  -1.2521   1.3954   0.00    0.0
2014/06/13 23:39:30.000   63.755962122  -68.510492792    94.9652   5  10   2.0790   1.8261   5.0152  -1.0596  -1.2506   1.4029   0.00    0.0
2014/06/13 23:40:00.000   63.755966379  -68.510500076    96.2615   5  10   2.0800   1.8255   5.0171  -1.0632  -1.2490   1.4106   0.00    0.0
2014/06/13 23:40:30.000   63.755965596  -68.510504709    95.4491   5  10   2.0811   1.8249   5.0188  -1.0667  -1.2471   1.4184   0.00    0.0
2014/06/13 23:41:00.000   63.755968034  -68.510510593    95.8411   5  10   2.0823   1.8243   5.0204  -1.0702  -1.2452   1.4263   0.00    0.0
2014/06/13 23:41:30.000   63.755966276  -68.510501222    95.3734   5  10   2.0836   1.8237   5.0218  -1.0737  -1.2431   1.4343   0.00    0.0
2014/06/13 23:42:00.000   63.755968083  -68.510498643    95.1117   5  10   2.0849   1.8232   5.0231  -1.0771  -1.2409   1.4424   0.00    0.0
2014/06/13 23:42:30.000   63.755969044  -68.510497979    94.3581   5  10   2.0863   1.8227   5.0241  -1.0805  -1.2385   1.4506   0.00    0.0
2014/06/13 23:43:00.000   63.755967418  -68.510500703    95.5006   5  10   2.0878   1.8222   5.0250  -1.0838  -1.2361   1.4589   0.00    0.0
2014/06/13 23:43:30.000   63.755965097  -68.510503722    96.5953   5  10   2.0894   1.8217   5.0257  -1.0871  -1.2335   1.4673   0.00    0.0
2014/06/13 23:44:00.000   63.755964808  -68.510502409    96.6719   5   9   2.0959   2.0652   5.7198  -1.1523  -2.0427   1.6023   0.00    0.0
2014/06/13 23:44:30.000   63.755962206  -68.510498191    96.2418   5   9   2.0981   2.0648   5.7286  -1.1582  -2.0452   1.6167   0.00    0.0
2014/06/13 23:45:00.000   63.755967156  -68.510501250    96.0760   5   9   2.1004   2.0643   5.7371  -1.1641  -2.0474   1.6312   0.00    0.0
2014/06/13 23:45:30.000   63.755968191  -68.510498203    95.5840   5   9   2.1028   2.0639   5.7451  -1.1699  -2.0494   1.6458   0.00    0.0
2014/06/13 23:46:00.000   63.755969856  -68.510499670    95.3445   5   9   2.1053   2.0634   5.7528  -1.1757  -2.0511   1.6604   0.00    0.0
2014/06/13 23:46:30.000   63.755971786  -68.510503280    95.6290   5   9   2.1079   2.0629   5.7601  -1.1815  -2.0526   1.6751   0.00    0.0
2014/06/13 23:47:00.000   63.755968889  -68.510505159    95.2487   5   9   2.1106   2.0624   5.7670  -1.1872  -2.0538   1.6898   0.00    0.0
2014/06/13 23:47:30.000   63.755967276  -68.510500615    95.5807   5   9   2.1134   2.0619   5.7734  -1.1928  -2.0548   1.7045   0.00    0.0
2014/06/13 23:48:00.000   63.755965311  -68.510500672    95.3018   5   9   2.1163   2.0614   5.7795  -1.1985  -2.0555   1.7193   0.00    0.0
2014/06/13 23:48:30.000   63.755966865  -68.510498445    96.1848   5   9   2.1193   2.0608   5.7851  -1.2040  -2.0560   1.7340   0.00    0.0
2014/06/13 23:49:00.000   63.755966840  -68.510493526    95.6307   5   9   2.1224   2.0602   5.7904  -1.2096  -2.0562   1.7488   0.00    0.0
2014/06/13 23:49:30.000   63.755969063  -68.510497638    95.2671   5   9   2.1256   2.0596   5.7952  -1.2151  -2.0562   1.7636   0.00    0.0
2014/06/13 23:50:00.000   63.755967846  -68.510497625    93.9920   5   9   2.1289   2.0590   5.7996  -1.2206  -2.0560   1.7784   0.00    0.0
2014/06/13 23:50:30.000   63.755965932  -68.510496805    94.4071   5   9   2.1324   2.0584   5.8035  -1.2260  -2.0555   1.7932   0.00    0.0
2014/06/13 23:51:00.000   63.755965525  -68.510498668    94.5250   5   9   2.1359   2.0578   5.8071  -1.2314  -2.0548   1.8079   0.00    0.0
2014/06/13 23:51:30.000   63.755970730  -68.510505312    94.5302   5   9   2.1395   2.0572   5.8102  -1.2367  -2.0539   1.8227   0.00    0.0
2014/06/13 23:52:00.000   63.755967963  -68.510501781    94.8821   5   9   2.1433   2.0565   5.8128  -1.2420  -2.0527   1.8374   0.00    0.0
2014/06/13 23:52:30.000   63.755967263  -68.510497654    95.4013   5   9   2.1471   2.0559   5.8151  -1.2472  -2.0513   1.8521   0.00    0.0
2014/06/13 23:53:00.000   63.755963988  -68.510502065    94.7323   5   9   2.1511   2.0552   5.8169  -1.2525  -2.0497   1.8667   0.00    0.0
2014/06/13 23:53:30.000   63.755966651  -68.510498100    94.4526   5   9   2.1551   2.0545   5.8183  -1.2576  -2.0479   1.8813   0.00    0.0
2014/06/13 23:54:00.000   63.755966612  -68.510498571    94.6086   5   9   2.1593   2.0538   5.8193  -1.2628  -2.0459   1.8959   0.00    0.0
2014/06/13 23:54:30.000   63.755965447  -68.510496112    95.1943   5  10   2.0064   1.9522   5.7382  -1.0452  -2.1896   2.1061   0.00    0.0
2014/06/13 23:55:00.000   63.755966495  -68.510501017    95.6650   5  10   2.0090   1.9493   5.7433  -1.0472  -2.1844   2.1147   0.00    0.0
2014/06/13 23:55:30.000   63.755967569  -68.510499498    95.3073   5  10   2.0117   1.9464   5.7479  -1.0491  -2.1789   2.1231   0.00    0.0
2014/06/13 23:56:00.000   63.755967101  -68.510499672    95.3646   5  10   2.0144   1.9434   5.7520  -1.0509  -2.1731   2.1315   0.00    0.0
2014/06/13 23:56:30.000   63.755963231  -68.510492432    94.4635   5  10   2.0172   1.9405   5.7555  -1.0526  -2.1669   2.1397   0.00    0.0
2014/06/13 23:57:00.000   63.755963298  -68.510497907    95.1520   5  10   2.0201   1.9375   5.7585  -1.0542  -2.1604   2.1478   0.00    0.0
2014/06/13 23:57:30.000   63.755967072  -68.510493593    95.0455   5   9   2.2203   1.9352   5.9790  -1.0317  -2.1739   1.7844   0.00    0.0
2014/06/13 23:58:00.000   63.755966800  -68.510491003    94.8754   5   9   2.2225   1.9321   5.9799  -1.0357  -2.1647   1.7954   0.00    0.0
2014/06/13 23:58:30.000   63.755967775  -68.510500135    95.3500   5   9   2.2248   1.9289   5.9803  -1.0395  -2.1552   1.8061   0.00    0.0
2014/06/13 23:59:00.000   63.755968590  -68.510499070    95.4644   5   9   2.2271   1.9257   5.9802  -1.0433  -2.1454   1.8167   0.00    0.0
2014/06/13 23:59:30.000   63.755971538  -68.510503611    95.6008   5   9   2.2296   1.9225   5.9796  -1.0469  -2.1353   1.8271   0.00    0.0
